case_id,activity,timestamp,resource,equipo_id,tipo_equipo,planta,antiguedad_anios,tipo_falla,criticidad,reparaciones_previas_12m,costo_total,reincidencia_30d
OT00002,Falla reportada,2026-01-05 06:05:37,Operador_01,EQ020,Compresor,Planta_A,3,Eléctrica,Media,1,3275.56,No
OT00002,Diagnóstico,2026-01-05 07:11:15,Tec_02,EQ020,Compresor,Planta_A,3,Eléctrica,Media,1,3275.56,No
OT00002,Asignación de técnico,2026-01-05 08:50:00,Jefe_Mantenimiento,EQ020,Compresor,Planta_A,3,Eléctrica,Media,1,3275.56,No
OT00002,Solicitud de repuesto,2026-01-05 09:20:01,Tec_03,EQ020,Compresor,Planta_A,3,Eléctrica,Media,1,3275.56,No
OT00001,Falla reportada,2026-01-05 11:26:11,Operador_09,EQ350,Torno CNC,Planta_B,16,Mecánica,Alta,1,2800.0,No
OT00005,Falla reportada,2026-01-05 17:39:15,Operador_11,EQ104,Torno CNC,Planta_A,14,Eléctrica,Baja,1,679.37,No
OT00004,Falla reportada,2026-01-05 17:47:11,Operador_04,EQ645,Compresor,Planta_B,18,Mecánica,Media,2,2800.0,Sí
OT00003,Falla reportada,2026-01-05 22:54:15,Operador_09,EQ678,Compresor,Planta_B,14,Eléctrica,Media,2,2288.59,Sí
OT00008,Falla reportada,2026-01-06 00:40:34,Operador_10,EQ193,Torno CNC,Planta_A,12,Software,Media,4,362.9,Sí
OT00006,Falla reportada,2026-01-06 02:52:54,Operador_10,EQ468,Compresor,Planta_B,3,Hidráulica,Alta,0,1725.12,No
OT00007,Falla reportada,2026-01-06 05:27:08,Operador_09,EQ457,Torno CNC,Planta_B,17,Eléctrica,Alta,0,894.17,No
OT00005,Diagnóstico,2026-01-06 07:00:00,Tec_05,EQ104,Torno CNC,Planta_A,14,Eléctrica,Baja,1,679.37,No
OT00001,Diagnóstico,2026-01-06 07:00:00,Tec_B01,EQ350,Torno CNC,Planta_B,16,Mecánica,Alta,1,2800.0,No
OT00004,Diagnóstico,2026-01-06 07:04:00,Tec_B01,EQ645,Compresor,Planta_B,18,Mecánica,Media,2,2800.0,Sí
OT00008,Diagnóstico,2026-01-06 07:05:00,Tec_05,EQ193,Torno CNC,Planta_A,12,Software,Media,4,362.9,Sí
OT00003,Diagnóstico,2026-01-06 07:22:00,Tec_B01,EQ678,Compresor,Planta_B,14,Eléctrica,Media,2,2288.59,Sí
OT00009,Falla reportada,2026-01-06 07:24:19,Operador_02,EQ435,Compresor,Planta_B,13,Mecánica,Media,2,910.25,No
OT00006,Diagnóstico,2026-01-06 07:29:00,Tec_B01,EQ468,Compresor,Planta_B,3,Hidráulica,Alta,0,1725.12,No
OT00008,Asignación de técnico,2026-01-06 07:39:49,Jefe_Mantenimiento,EQ193,Torno CNC,Planta_A,12,Software,Media,4,362.9,Sí
OT00008,Asignación de técnico,2026-01-06 07:39:49,Jefe_Mantenimiento,EQ193,Torno CNC,Planta_A,12,Software,Media,4,362.9,Sí
OT00004,Asignación de técnico,2026-01-06 08:04:11,Jefe_Mantenimiento,EQ645,Compresor,Planta_B,18,Mecánica,Media,2,2800.0,Sí
OT00007,Diagnóstico,2026-01-06 08:09:33,Tec_B01,EQ457,Torno CNC,Planta_B,17,Eléctrica,Alta,0,894.17,No
OT00006,Asignación de técnico,2026-01-06 08:30:39,Jefe_Mantenimiento,EQ468,Compresor,Planta_B,3,Hidráulica,Alta,0,1725.12,No
OT00005,Asignación de técnico,2026-01-06 08:32:07,Jefe_Mantenimiento,EQ104,Torno CNC,Planta_A,14,Eléctrica,Baja,1,679.37,No
OT00003,Asignación de técnico,2026-01-06 08:55:30,Jefe_Mantenimiento,EQ678,Compresor,Planta_B,14,Eléctrica,Media,2,2288.59,Sí
OT00006,Solicitud de repuesto,2026-01-06 09:00:40,Tec_06,EQ468,Compresor,Planta_B,3,Hidráulica,Alta,0,1725.12,No
OT00007,Asignación de técnico,2026-01-06 09:03:20,Jefe_Mantenimiento,EQ457,Torno CNC,Planta_B,17,Eléctrica,Alta,0,894.17,No
OT00001,Asignación de técnico,2026-01-06 09:11:13,Jefe_Mantenimiento,EQ350,Torno CNC,Planta_B,16,Mecánica,Alta,1,2800.0,No
OT00005,Reparación,2026-01-06 09:19:27,Tec_02,EQ104,Torno CNC,Planta_A,14,Eléctrica,Baja,1,679.37,No
OT00008,Reparación,2026-01-06 09:53:30,Tec_01,EQ193,Torno CNC,Planta_A,12,Software,Media,4,362.9,Sí
OT00005,Prueba,2026-01-06 10:19:45,Tec_02,EQ104,Torno CNC,Planta_A,14,Eléctrica,Baja,1,679.37,No
OT00004,Reparación,2026-01-06 10:19:53,Tec_06,EQ645,Compresor,Planta_B,18,Mecánica,Media,2,2800.0,Sí
OT00008,Prueba,2026-01-06 10:24:17,Tec_01,EQ193,Torno CNC,Planta_A,12,Software,Media,4,362.9,Sí
OT00003,Reparación,2026-01-06 10:48:27,Tec_06,EQ678,Compresor,Planta_B,14,Eléctrica,Media,2,2288.59,Sí
OT00008,Puesta en operación,2026-01-06 11:02:41,Tec_01,EQ193,Torno CNC,Planta_A,12,Software,Media,4,362.9,Sí
OT00007,Reparación,2026-01-06 12:13:04,Tec_07,EQ457,Torno CNC,Planta_B,17,Eléctrica,Alta,0,894.17,No
OT00001,Reparación,2026-01-06 12:29:04,Tec_06,EQ350,Torno CNC,Planta_B,16,Mecánica,Alta,1,2800.0,No
OT00003,Prueba fallida,2026-01-06 12:36:56,Tec_06,EQ678,Compresor,Planta_B,14,Eléctrica,Media,2,2288.59,Sí
OT00005,Puesta en operación,2026-01-06 13:03:53,Tec_02,EQ104,Torno CNC,Planta_A,14,Eléctrica,Baja,1,679.37,No
OT00009,Diagnóstico,2026-01-06 13:31:37,Tec_B01,EQ435,Compresor,Planta_B,13,Mecánica,Media,2,910.25,No
OT00002,Recepción de repuesto,2026-01-06 14:45:20,Bodega,EQ020,Compresor,Planta_A,3,Eléctrica,Media,1,3275.56,No
OT00009,Asignación de técnico,2026-01-06 15:25:36,Jefe_Mantenimiento,EQ435,Compresor,Planta_B,13,Mecánica,Media,2,910.25,No
OT00003,Nueva reparación,2026-01-06 15:45:08,Tec_06,EQ678,Compresor,Planta_B,14,Eléctrica,Media,2,2288.59,Sí
OT00004,Prueba fallida,2026-01-06 15:51:12,Tec_06,EQ645,Compresor,Planta_B,18,Mecánica,Media,2,2800.0,Sí
OT00001,Prueba fallida,2026-01-06 16:18:49,Tec_06,EQ350,Torno CNC,Planta_B,16,Mecánica,Alta,1,2800.0,No
OT00007,Prueba,2026-01-06 16:54:58,Tec_07,EQ457,Torno CNC,Planta_B,17,Eléctrica,Alta,0,894.17,No
OT00012,Falla reportada,2026-01-07 03:58:28,Operador_04,EQ222,Compresor,Planta_A,9,Eléctrica,Media,1,356.41,No
OT00001,Nueva reparación ,2026-01-07 07:00:00,Tec_06,EQ350,Torno CNC,Planta_B,16,Mecánica,Alta,1,2800.0,No
OT00002,Reparación,2026-01-07 07:00:00,Tec_03,EQ020,Compresor,Planta_A,3,Eléctrica,Media,1,3275.56,No
OT00007,Puesta en operación,2026-01-07 07:00:00,Tec_07,EQ457,Torno CNC,Planta_B,17,Eléctrica,Alta,0,894.17,No
OT00009,Reparación,2026-01-07 07:00:00,Tec_06,EQ435,Compresor,Planta_B,13,Mecánica,Media,2,910.25,No
OT00003,Prueba,2026-01-07 07:00:00,Tec_06,EQ678,Compresor,Planta_B,14,Eléctrica,Media,2,2288.59,Sí
OT00004,Nueva reparación,2026-01-07 07:00:00,Tec_06,EQ645,Compresor,Planta_B,18,Mecánica,Media,2,2800.0,Sí
OT00012,Diagnóstico,2026-01-07 07:07:00,Tec_01,EQ222,Compresor,Planta_A,9,Eléctrica,Media,1,356.41,No
OT00006,Recepción de repuesto,2026-01-07 07:12:00,Bodega,EQ468,Compresor,Planta_B,3,Hidráulica,Alta,0,1725.12,No
OT00003,Puesta en operación,2026-01-07 07:35:54,Tec_06,EQ678,Compresor,Planta_B,14,Eléctrica,Media,2,2288.59,Sí
OT00012,Asignación de técnico,2026-01-07 07:39:25,Jefe_Mantenimiento,EQ222,Compresor,Planta_A,9,Eléctrica,Media,1,356.41,No
OT00009,Prueba,2026-01-07 08:00:09,Tec_06,EQ435,Compresor,Planta_B,13,Mecánica,Media,2,910.25,No
OT00011,Falla reportada,2026-01-07 08:25:28,Operador_10,EQ628,Bomba,Planta_B,13,Eléctrica,Media,1,2571.64,Sí
OT00001,Prueba,2026-01-07 08:35:28,Tec_06,EQ350,Torno CNC,Planta_B,16,Mecánica,Alta,1,2800.0,No
OT00006,Reparación,2026-01-07 08:49:56,Tec_06,EQ468,Compresor,Planta_B,3,Hidráulica,Alta,0,1725.12,No
OT00002,Prueba,2026-01-07 09:10:31,Tec_03,EQ020,Compresor,Planta_A,3,Eléctrica,Media,1,3275.56,No
OT00009,Puesta en operación,2026-01-07 09:24:45,Tec_06,EQ435,Compresor,Planta_B,13,Mecánica,Media,2,910.25,No
OT00001,Puesta en operación,2026-01-07 09:41:51,Tec_06,EQ350,Torno CNC,Planta_B,16,Mecánica,Alta,1,2800.0,No
OT00004,Prueba,2026-01-07 10:22:50,Tec_06,EQ645,Compresor,Planta_B,18,Mecánica,Media,2,2800.0,Sí
OT00012,Reparación,2026-01-07 10:31:35,Tec_03,EQ222,Compresor,Planta_A,9,Eléctrica,Media,1,356.41,No
OT00002,Puesta en operación,2026-01-07 10:50:26,Tec_03,EQ020,Compresor,Planta_A,3,Eléctrica,Media,1,3275.56,No
OT00006,Prueba,2026-01-07 10:50:28,Tec_06,EQ468,Compresor,Planta_B,3,Hidráulica,Alta,0,1725.12,No
OT00004,Puesta en operación,2026-01-07 11:18:35,Tec_06,EQ645,Compresor,Planta_B,18,Mecánica,Media,2,2800.0,Sí
OT00012,Prueba,2026-01-07 11:52:21,Tec_03,EQ222,Compresor,Planta_A,9,Eléctrica,Media,1,356.41,No
OT00006,Puesta en operación,2026-01-07 12:00:20,Tec_06,EQ468,Compresor,Planta_B,3,Hidráulica,Alta,0,1725.12,No
OT00012,Puesta en operación,2026-01-07 14:09:28,Tec_03,EQ222,Compresor,Planta_A,9,Eléctrica,Media,1,356.41,No
OT00010,Falla reportada,2026-01-07 22:46:45,Operador_07,EQ701,Montacargas,Planta_A,7,Mecánica,Baja,0,3889.5,Sí
OT00014,Falla reportada,2026-01-08 05:24:32,Operador_09,EQ128,Compresor,Planta_A,18,Software,Media,1,376.19,No
OT00011,Diagnóstico,2026-01-08 07:00:00,Tec_B01,EQ628,Bomba,Planta_B,13,Eléctrica,Media,1,2571.64,Sí
OT00014,Diagnóstico,2026-01-08 07:01:36,Tec_01,EQ128,Compresor,Planta_A,18,Software,Media,1,376.19,No
OT00010,Diagnóstico,2026-01-08 07:05:00,Tec_02,EQ701,Montacargas,Planta_A,7,Mecánica,Baja,0,3889.5,Sí
OT00011,Asignación de técnico,2026-01-08 07:42:26,Jefe_Mantenimiento,EQ628,Bomba,Planta_B,13,Eléctrica,Media,1,2571.64,Sí
OT00013,Falla reportada,2026-01-08 07:46:45,Operador_08,EQ116,Montacargas,Planta_B,10,Mecánica,Baja,0,1022.19,Sí
OT00014,Asignación de técnico,2026-01-08 07:51:51,Jefe_Mantenimiento,EQ128,Compresor,Planta_A,18,Software,Media,1,376.19,No
OT00011,Solicitud de repuesto,2026-01-08 08:12:27,Tec_07,EQ628,Bomba,Planta_B,13,Eléctrica,Media,1,2571.64,Sí
OT00010,Asignación de técnico,2026-01-08 08:19:15,Jefe_Mantenimiento,EQ701,Montacargas,Planta_A,7,Mecánica,Baja,0,3889.5,Sí
OT00010,Solicitud de repuesto,2026-01-08 08:49:16,Tec_04,EQ701,Montacargas,Planta_A,7,Mecánica,Baja,0,3889.5,Sí
OT00016,Falla reportada,2026-01-08 11:03:25,Operador_08,EQ144,Bomba,Planta_A,18,Hidráulica,Baja,1,2057.06,Sí
OT00014,Reparación,2026-01-08 11:53:31,Tec_04,EQ128,Compresor,Planta_A,18,Software,Media,1,376.19,No
OT00013,Diagnóstico,2026-01-08 12:11:39,Tec_B01,EQ116,Montacargas,Planta_B,10,Mecánica,Baja,0,1022.19,Sí
OT00016,Diagnóstico,2026-01-08 13:49:17,Tec_03,EQ144,Bomba,Planta_A,18,Hidráulica,Baja,1,2057.06,Sí
OT00014,Prueba,2026-01-08 14:37:12,Tec_04,EQ128,Compresor,Planta_A,18,Software,Media,1,376.19,No
OT00016,Asignación de técnico,2026-01-08 14:39:37,Jefe_Mantenimiento,EQ144,Bomba,Planta_A,18,Hidráulica,Baja,1,2057.06,Sí
OT00013,Asignación de técnico,2026-01-08 15:24:11,Jefe_Mantenimiento,EQ116,Montacargas,Planta_B,10,Mecánica,Baja,0,1022.19,Sí
OT00014,Puesta en operación,2026-01-08 16:09:26,Tec_04,EQ128,Compresor,Planta_A,18,Software,Media,1,376.19,No
OT00015,Falla reportada,2026-01-08 19:09:03,Operador_02,EQ684,Montacargas,Planta_A,13,Mecánica,Media,2,690.26,No
OT00017,Falla reportada,2026-01-09 01:35:55,Operador_09,EQ178,Montacargas,Planta_A,10,Hidráulica,Alta,3,458.52,No
OT00013,Reparación,2026-01-09 07:00:00,Tec_07,EQ116,Montacargas,Planta_B,10,Mecánica,Baja,0,1022.19,Sí
OT00015,Diagnóstico,2026-01-09 07:00:00,Tec_01,EQ684,Montacargas,Planta_A,13,Mecánica,Media,2,690.26,No
OT00010,Recepción de repuesto,2026-01-09 07:00:00,Bodega,EQ701,Montacargas,Planta_A,7,Mecánica,Baja,0,3889.5,Sí
OT00016,Reparación,2026-01-09 07:00:00,Tec_05,EQ144,Bomba,Planta_A,18,Hidráulica,Baja,1,2057.06,Sí
OT00017,Diagnóstico,2026-01-09 07:14:00,Tec_03,EQ178,Montacargas,Planta_A,10,Hidráulica,Alta,3,458.52,No
OT00021,Falla reportada,2026-01-09 07:40:11,Operador_06,EQ382,Montacargas,Planta_A,10,Eléctrica,Media,0,4200.0,No
OT00007,Cierre,2026-01-09 08:00:00,Administracion_Mtto,EQ457,Torno CNC,Planta_B,17,Eléctrica,Alta,0,894.17,No
OT00009,Cierre,2026-01-09 08:05:00,Administracion_Mtto,EQ435,Compresor,Planta_B,13,Mecánica,Media,2,910.25,No
OT00002,Cierre,2026-01-09 08:28:00,Administracion_Mtto,EQ020,Compresor,Planta_A,3,Eléctrica,Media,1,3275.56,No
OT00016,Prueba fallida,2026-01-09 08:40:17,Tec_05,EQ144,Bomba,Planta_A,18,Hidráulica,Baja,1,2057.06,Sí
OT00017,Asignación de técnico,2026-01-09 08:50:18,Jefe_Mantenimiento,EQ178,Montacargas,Planta_A,10,Hidráulica,Alta,3,458.52,No
OT00015,Asignación de técnico,2026-01-09 08:55:19,Jefe_Mantenimiento,EQ684,Montacargas,Planta_A,13,Mecánica,Media,2,690.26,No
OT00011,Recepción de repuesto,2026-01-09 09:01:22,Bodega,EQ628,Bomba,Planta_B,13,Eléctrica,Media,1,2571.64,Sí
OT00021,Diagnóstico,2026-01-09 09:25:15,Tec_02,EQ382,Montacargas,Planta_A,10,Eléctrica,Media,0,4200.0,No
OT00012,Cierre,2026-01-09 10:06:17,Administracion_Mtto,EQ222,Compresor,Planta_A,9,Eléctrica,Media,1,356.41,No
OT00021,Asignación de técnico,2026-01-09 10:24:18,Jefe_Mantenimiento,EQ382,Montacargas,Planta_A,10,Eléctrica,Media,0,4200.0,No
OT00010,Reparación,2026-01-09 11:13:32,Tec_04,EQ701,Montacargas,Planta_A,7,Mecánica,Baja,0,3889.5,Sí
OT00021,Reparación,2026-01-09 11:45:56,Tec_05,EQ382,Montacargas,Planta_A,10,Eléctrica,Media,0,4200.0,No
OT00017,Reparación,2026-01-09 11:46:17,Tec_03,EQ178,Montacargas,Planta_A,10,Hidráulica,Alta,3,458.52,No
OT00013,Prueba,2026-01-09 11:47:21,Tec_07,EQ116,Montacargas,Planta_B,10,Mecánica,Baja,0,1022.19,Sí
OT00015,Reparación,2026-01-09 12:03:24,Tec_03,EQ684,Montacargas,Planta_A,13,Mecánica,Media,2,690.26,No
OT00011,Reparación,2026-01-09 12:34:06,Tec_07,EQ628,Bomba,Planta_B,13,Eléctrica,Media,1,2571.64,Sí
OT00013,Puesta en operación,2026-01-09 12:59:05,Tec_07,EQ116,Montacargas,Planta_B,10,Mecánica,Baja,0,1022.19,Sí
OT00016,Nueva reparación,2026-01-09 13:08:30,Tec_05,EQ144,Bomba,Planta_A,18,Hidráulica,Baja,1,2057.06,Sí
OT00021,Prueba fallida,2026-01-09 13:08:58,Tec_05,EQ382,Montacargas,Planta_A,10,Eléctrica,Media,0,4200.0,No
OT00017,Prueba,2026-01-09 13:14:17,Tec_03,EQ178,Montacargas,Planta_A,10,Hidráulica,Alta,3,458.52,No
OT00011,Prueba,2026-01-09 14:02:03,Tec_07,EQ628,Bomba,Planta_B,13,Eléctrica,Media,1,2571.64,Sí
OT00015,Prueba,2026-01-09 14:16:05,Tec_03,EQ684,Montacargas,Planta_A,13,Mecánica,Media,2,690.26,No
OT00010,Prueba fallida,2026-01-09 14:28:44,Tec_04,EQ701,Montacargas,Planta_A,7,Mecánica,Baja,0,3889.5,Sí
OT00017,Puesta en operación,2026-01-09 14:41:57,Tec_03,EQ178,Montacargas,Planta_A,10,Hidráulica,Alta,3,458.52,No
OT00015,Puesta en operación,2026-01-09 14:52:21,Tec_03,EQ684,Montacargas,Planta_A,13,Mecánica,Media,2,690.26,No
OT00016,Prueba,2026-01-09 15:16:08,Tec_05,EQ144,Bomba,Planta_A,18,Hidráulica,Baja,1,2057.06,Sí
OT00011,Puesta en operación,2026-01-09 15:27:28,Tec_07,EQ628,Bomba,Planta_B,13,Eléctrica,Media,1,2571.64,Sí
OT00019,Falla reportada,2026-01-09 15:51:49,Operador_05,EQ703,Bomba,Planta_A,10,Mecánica,Media,0,2800.0,Sí
OT00016,Puesta en operación,2026-01-09 16:26:37,Tec_05,EQ144,Bomba,Planta_A,18,Hidráulica,Baja,1,2057.06,Sí
OT00020,Falla reportada,2026-01-09 20:00:06,Operador_12,EQ073,Prensa hidráulica,Planta_A,11,Eléctrica,Alta,3,3294.06,No
OT00018,Falla reportada,2026-01-09 21:03:21,Operador_08,EQ409,Compresor,Planta_A,10,Eléctrica,Alta,2,2800.0,No
OT00022,Falla reportada,2026-01-09 22:03:02,Operador_11,EQ385,Montacargas,Planta_A,14,Mecánica,Media,0,1400.0,No
OT00023,Falla reportada,2026-01-10 02:35:02,Operador_09,EQ464,Torno CNC,Planta_A,17,Eléctrica,Media,2,1400.0,No
OT00024,Falla reportada,2026-01-10 06:15:27,Operador_04,EQ548,Bomba,Planta_B,11,Software,Media,1,1799.27,Sí
OT00025,Falla reportada,2026-01-10 13:17:43,Operador_03,EQ038,Torno CNC,Planta_B,10,Hidráulica,Baja,4,1400.0,No
OT00027,Falla reportada,2026-01-11 08:14:04,Operador_05,EQ743,Montacargas,Planta_B,15,Mecánica,Alta,0,1093.0,Sí
OT00028,Falla reportada,2026-01-11 18:43:06,Operador_11,EQ608,Compresor,Planta_B,17,Eléctrica,Media,3,7007.46,No
OT00026,Falla reportada,2026-01-11 20:10:13,Operador_03,EQ154,Montacargas,Planta_A,3,Mecánica,Media,0,6964.7,No
OT00022,Diagnóstico,2026-01-12 07:00:00,Tec_05,EQ385,Montacargas,Planta_A,14,Mecánica,Media,0,1400.0,No
OT00024,Diagnóstico,2026-01-12 07:00:00,Tec_B01,EQ548,Bomba,Planta_B,11,Software,Media,1,1799.27,Sí
OT00010,Nueva reparación,2026-01-12 07:00:00,Tec_04,EQ701,Montacargas,Planta_A,7,Mecánica,Baja,0,3889.5,Sí
OT00019,Diagnóstico,2026-01-12 07:00:00,Tec_02,EQ703,Bomba,Planta_A,10,Mecánica,Media,0,2800.0,Sí
OT00027,Diagnóstico,2026-01-12 07:00:00,Tec_B01,EQ743,Montacargas,Planta_B,15,Mecánica,Alta,0,1093.0,Sí
OT00023,diagnóstico,2026-01-12 07:00:00,Tec_05,EQ464,Torno CNC,Planta_A,17,Eléctrica,Media,2,1400.0,No
OT00026,Diagnóstico,2026-01-12 07:00:00,Tec_03,EQ154,Montacargas,Planta_A,3,Mecánica,Media,0,6964.7,No
OT00025,Diagnóstico,2026-01-12 07:00:00,Tec_B01,EQ038,Torno CNC,Planta_B,10,Hidráulica,Baja,4,1400.0,No
OT00018,Diagnóstico,2026-01-12 07:00:00,Tec_03,EQ409,Compresor,Planta_A,10,Eléctrica,Alta,2,2800.0,No
OT00021,Nueva reparación,2026-01-12 07:00:00,Tec_05,EQ382,Montacargas,Planta_A,10,Eléctrica,Media,0,4200.0,No
OT00020,Diagnóstico,,Tec_05,EQ073,Prensa hidráulica,Planta_A,11,Eléctrica,Alta,3,3294.06,No
OT00028,Diagnóstico,2026-01-12 07:05:00,Tec_B01,EQ608,Compresor,Planta_B,17,Eléctrica,Media,3,7007.46,No
OT00024,Asignación de técnico,2026-01-12 07:24:55,Jefe_Mantenimiento,EQ548,Bomba,Planta_B,11,Software,Media,1,1799.27,Sí
OT00020,Asignación de técnico,2026-01-12 07:35:08,Jefe_Mantenimiento,EQ073,Prensa hidráulica,Planta_A,11,Eléctrica,Alta,3,3294.06,No
OT00018,Asignación de técnico,2026-01-12 07:43:34,Jefe_Mantenimiento,EQ409,Compresor,Planta_A,10,Eléctrica,Alta,2,2800.0,No
OT00024,Solicitud de repuesto,2026-01-12 07:54:56,Tec_06,EQ548,Bomba,Planta_B,11,Software,Media,1,1799.27,Sí
OT00026,Asignación de técnico,2026-01-12 07:57:24,Jefe_Mantenimiento,EQ154,Montacargas,Planta_A,3,Mecánica,Media,0,6964.7,No
OT00025,Asignación de técnico,2026-01-12 07:58:14,Jefe_Mantenimiento,EQ038,Torno CNC,Planta_B,10,Hidráulica,Baja,4,1400.0,No
OT00001,Cierre,2026-01-12 08:00:00,Administracion_Mtto,EQ350,Torno CNC,Planta_B,16,Mecánica,Alta,1,2800.0,No
OT00013,Cierre,2026-01-12 08:00:00,Administracion_Mtto,EQ116,Montacargas,Planta_B,10,Mecánica,Baja,0,1022.19,Sí
OT00016,Cierre,2026-01-12 08:00:00,Administracion_Mtto,EQ144,Bomba,Planta_A,18,Hidráulica,Baja,1,2057.06,Sí
OT00008,Cierre,2026-01-12 08:00:00,Administracion_Mtto,EQ193,Torno CNC,Planta_A,12,Software,Media,4,362.9,Sí
OT00005,Cierre,2026-01-12 08:00:00,Administracion_Mtto,EQ104,Torno CNC,Planta_A,14,Eléctrica,Baja,1,679.37,No
OT00014,Cierre,2026-01-12 08:00:00,Administracion_Mtto,EQ128,Compresor,Planta_A,18,Software,Media,1,376.19,No
OT00006,Cierre,2026-01-12 08:00:00,Administracion_Mtto,EQ468,Compresor,Planta_B,3,Hidráulica,Alta,0,1725.12,No
OT00003,Cierre,2026-01-12 08:00:00,Administracion_Mtto,EQ678,Compresor,Planta_B,14,Eléctrica,Media,2,2288.59,Sí
OT00019,Asignación de técnico,2026-01-12 08:02:32,Jefe_Mantenimiento,EQ703,Bomba,Planta_A,10,Mecánica,Media,0,2800.0,Sí
OT00022,Asignación de técnico,2026-01-12 08:04:46,Jefe_Mantenimiento,EQ385,Montacargas,Planta_A,14,Mecánica,Media,0,1400.0,No
OT00020,Solicitud de repuesto,2026-01-12 08:05:09,Tec_02,EQ073,Prensa hidráulica,Planta_A,11,Eléctrica,Alta,3,3294.06,No
OT00029,Falla reportada,2026-01-12 08:05:44,Operador_05,EQ100,Bomba,Planta_B,13,Eléctrica,Media,3,1111.43,No
OT00017,Cierre,2026-01-12 08:11:00,Administracion_Mtto,EQ178,Montacargas,Planta_A,10,Hidráulica,Alta,3,458.52,No
OT00026,Solicitud de repuesto ,2026-01-12 08:27:25,Tec_01,EQ154,Montacargas,Planta_A,3,Mecánica,Media,0,6964.7,No
OT00030,Falla reportada,2026-01-12 08:34:42,Operador_12,EQ117,Montacargas,Planta_A,14,Eléctrica,Alta,0,2800.0,Sí
OT00028,Asignación de técnico,2026-01-12 08:39:52,Jefe_Mantenimiento,EQ608,Compresor,Planta_B,17,Eléctrica,Media,3,7007.46,No
OT00023,Asignación de técnico,2026-01-12 08:50:18,Jefe_Mantenimiento,EQ464,Torno CNC,Planta_A,17,Eléctrica,Media,2,1400.0,No
OT00028,Solicitud de repuesto,2026-01-12 09:09:53,Tec_06,EQ608,Compresor,Planta_B,17,Eléctrica,Media,3,7007.46,No
OT00027,Asignación de técnico,2026-01-12 09:12:18,Jefe_Mantenimiento,EQ743,Montacargas,Planta_B,15,Mecánica,Alta,0,1093.0,Sí
OT00010,Prueba,2026-01-12 09:18:50,Tec_04,EQ701,Montacargas,Planta_A,7,Mecánica,Baja,0,3889.5,Sí
OT00030,Diagnóstico,2026-01-12 09:19:20,Tec_03,EQ117,Montacargas,Planta_A,14,Eléctrica,Alta,0,2800.0,Sí
OT00025,Reparación,2026-01-12 09:37:29,Tec_06,EQ038,Torno CNC,Planta_B,10,Hidráulica,Baja,4,1400.0,No
OT00018,Reparación,2026-01-12 09:48:22,Tec_03,EQ409,Compresor,Planta_A,10,Eléctrica,Alta,2,2800.0,No
OT00022,Reparación,2026-01-12 09:57:02,Tec_03,EQ385,Montacargas,Planta_A,14,Mecánica,Media,0,1400.0,No
OT00010,Puesta en operación,2026-01-12 10:01:08,Tec_04,EQ701,Montacargas,Planta_A,7,Mecánica,Baja,0,3889.5,Sí
OT00022,Prueba,2026-01-12 10:51:16,Tec_03,EQ385,Montacargas,Planta_A,14,Mecánica,Media,0,1400.0,No
OT00025,Prueba,2026-01-12 11:12:19,Tec_06,EQ038,Torno CNC,Planta_B,10,Hidráulica,Baja,4,1400.0,No
OT00027,Reparación,2026-01-12 11:18:30,Tec_07,EQ743,Montacargas,Planta_B,15,Mecánica,Alta,0,1093.0,Sí
OT00022,Puesta en operación,2026-01-12 12:06:19,Tec_03,EQ385,Montacargas,Planta_A,14,Mecánica,Media,0,1400.0,No
OT00021,Prueba fallida,2026-01-12 12:06:30,Tec_05,EQ382,Montacargas,Planta_A,10,Eléctrica,Media,0,4200.0,No
OT00030,Asignación de técnico,2026-01-12 12:14:27,Jefe_Mantenimiento,EQ117,Montacargas,Planta_A,14,Eléctrica,Alta,0,2800.0,Sí
OT00023,Reparación,2026-01-12 12:17:55,Tec_05,EQ464,Torno CNC,Planta_A,17,Eléctrica,Media,2,1400.0,No
OT00018,Prueba fallida,2026-01-12 12:28:05,Tec_03,EQ409,Compresor,Planta_A,10,Eléctrica,Alta,2,2800.0,No
OT00019,Reparación,2026-01-12 13:03:00,Tec_02,EQ703,Bomba,Planta_A,10,Mecánica,Media,0,2800.0,Sí
OT00025,Puesta en operación,2026-01-12 13:41:59,Tec_06,EQ038,Torno CNC,Planta_B,10,Hidráulica,Baja,4,1400.0,No
OT00023,Prueba,2026-01-12 13:44:10,Tec_05,EQ464,Torno CNC,Planta_A,17,Eléctrica,Media,2,1400.0,No
OT00019,Prueba fallida,2026-01-12 14:30:45,Tec_02,EQ703,Bomba,Planta_A,10,Mecánica,Media,0,2800.0,Sí
OT00023,Puesta en operación,2026-01-12 14:32:20,Tec_05,EQ464,Torno CNC,Planta_A,17,Eléctrica,Media,2,1400.0,No
OT00027,Prueba,2026-01-12 14:51:24,Tec_07,EQ743,Montacargas,Planta_B,15,Mecánica,Alta,0,1093.0,Sí
OT00027,Puesta en operación,2026-01-12 15:27:47,Tec_07,EQ743,Montacargas,Planta_B,15,Mecánica,Alta,0,1093.0,Sí
OT00018,Nueva reparación,2026-01-12 15:59:16,Tec_03,EQ409,Compresor,Planta_A,10,Eléctrica,Alta,2,2800.0,No
OT00021,Nueva reparación,2026-01-12 16:17:50,Tec_05,EQ382,Montacargas,Planta_A,10,Eléctrica,Media,0,4200.0,No
OT00031,Falla reportada,2026-01-13 00:34:07,Operador_10,EQ608,Compresor,Planta_B,17,Eléctrica,Media,4,469.66,No
OT00019,Nueva reparación,2026-01-13 07:00:00,Tec_02,EQ703,Bomba,Planta_A,10,Mecánica,Media,0,2800.0,Sí
OT00030,Reparación,2026-01-13 07:00:00,Tec_05,EQ117,Montacargas,Planta_A,14,Eléctrica,Alta,0,2800.0,Sí
OT00021,Prueba,2026-01-13 07:00:00,Tec_05,EQ382,Montacargas,Planta_A,10,Eléctrica,Media,0,4200.0,No
OT00018,Prueba,2026-01-13 07:00:00,Tec_03,EQ409,Compresor,Planta_A,10,Eléctrica,Alta,2,2800.0,No
OT00029,Diagnóstico,2026-01-13 07:00:00,Tec_B01,EQ100,Bomba,Planta_B,13,Eléctrica,Media,3,1111.43,No
OT00031,Diagnóstico,2026-01-13 07:06:00,Tec_B01,EQ608,Compresor,Planta_B,17,Eléctrica,Media,4,469.66,No
OT00028,Recepción de repuesto,2026-01-13 07:18:49,Bodega,EQ608,Compresor,Planta_B,17,Eléctrica,Media,3,7007.46,No
OT00021,Puesta en operación,2026-01-13 07:36:56,Tec_05,EQ382,Montacargas,Planta_A,10,Eléctrica,Media,0,4200.0,No
OT00031,Asignación de técnico,2026-01-13 07:47:47,Jefe_Mantenimiento,EQ608,Compresor,Planta_B,17,Eléctrica,Media,4,469.66,No
OT00029,Asignación de técnico,2026-01-13 07:55:21,Jefe_Mantenimiento,EQ100,Bomba,Planta_B,13,Eléctrica,Media,3,1111.43,No
OT00004,Cierre,2026-01-13 08:00:00,Administracion_Mtto,EQ645,Compresor,Planta_B,18,Mecánica,Media,2,2800.0,Sí
OT00018,Puesta en operación,2026-01-13 08:09:09,Tec_03,EQ409,Compresor,Planta_A,10,Eléctrica,Alta,2,2800.0,No
OT00011,Cierre,2026-01-13 08:18:00,Administracion_Mtto,EQ628,Bomba,Planta_B,13,Eléctrica,Media,1,2571.64,Sí
OT00019,Prueba,2026-01-13 09:30:48,Tec_02,EQ703,Bomba,Planta_A,10,Mecánica,Media,0,2800.0,Sí
OT00019,Puesta en operación,2026-01-13 10:14:01,Tec_02,EQ703,Bomba,Planta_A,10,Mecánica,Media,0,2800.0,Sí
OT00030,Prueba fallida,2026-01-13 10:26:20,Tec_05,EQ117,Montacargas,Planta_A,14,Eléctrica,Alta,0,2800.0,Sí
OT00028,Reparación,2026-01-13 10:59:41,Tec_06,EQ608,Compresor,Planta_B,17,Eléctrica,Media,3,7007.46,No
OT00031,Reparación,2026-01-13 11:20:34,Tec_06,EQ608,Compresor,Planta_B,17,Eléctrica,Media,4,469.66,No
OT00031,Prueba,2026-01-13 13:34:31,Tec_06,EQ608,Compresor,Planta_B,17,Eléctrica,Media,4,469.66,No
OT00030,Nueva reparación,2026-01-13 13:58:05,Tec_05,EQ117,Montacargas,Planta_A,14,Eléctrica,Alta,0,2800.0,Sí
OT00031,Puesta en operación,2026-01-13 13:59:15,Tec_06,EQ608,Compresor,Planta_B,17,Eléctrica,Media,4,469.66,No
OT00029,Reparación,2026-01-13 14:01:56,Tec_06,EQ100,Bomba,Planta_B,13,Eléctrica,Media,3,1111.43,No
OT00028,Prueba fallida,2026-01-13 14:34:44,Tec_06,EQ608,Compresor,Planta_B,17,Eléctrica,Media,3,7007.46,No
OT00029,Prueba,2026-01-13 15:03:34,Tec_06,EQ100,Bomba,Planta_B,13,Eléctrica,Media,3,1111.43,No
OT00020,Recepción de repuesto,2026-01-13 15:18:34,Bodega,EQ073,Prensa hidráulica,Planta_A,11,Eléctrica,Alta,3,3294.06,No
OT00029,Puesta en operación,2026-01-13 15:51:02,Tec_06,EQ100,Bomba,Planta_B,13,Eléctrica,Media,3,1111.43,No
OT00030,Prueba,2026-01-13 16:22:40,Tec_05,EQ117,Montacargas,Planta_A,14,Eléctrica,Alta,0,2800.0,Sí
OT00039,Falla reportada,2026-01-14 01:03:00,Operador_08,EQ116,Montacargas,Planta_B,10,Mecánica,Media,1,2262.94,No
OT00037,Falla reportada,2026-01-14 02:23:41,Operador_12,EQ636,Montacargas,Planta_A,13,Mecánica,Baja,1,1959.68,No
OT00032,Falla reportada,2026-01-14 04:41:38,Operador_02,EQ125,Montacargas,Planta_B,14,Software,Baja,3,2170.4,No
OT00028,Nueva reparación,2026-01-14 07:00:00,Tec_06,EQ608,Compresor,Planta_B,17,Eléctrica,Media,3,7007.46,No
OT00030,Puesta en operación,2026-01-14 07:00:00,Tec_05,EQ117,Montacargas,Planta_A,14,Eléctrica,Alta,0,2800.0,Sí
OT00020,Reparación,2026-01-14 07:00:00,Tec_02,EQ073,Prensa hidráulica,Planta_A,11,Eléctrica,Alta,3,3294.06,No
OT00037,Diagnóstico,2026-01-14 07:02:00,Tec_05,EQ636,Montacargas,Planta_A,13,Mecánica,Baja,1,1959.68,No
OT00039,diagnóstico,2026-01-14 07:06:46,Tec_B01,EQ116,Montacargas,Planta_B,10,Mecánica,Media,1,2262.94,No
OT00035,Falla reportada,2026-01-14 07:16:09,Operador_02,EQ491,Prensa hidráulica,Planta_B,10,Software,Alta,2,1819.26,Sí
OT00010,Cierre,2026-01-14 08:00:00,Administracion_Mtto,EQ701,Montacargas,Planta_A,7,Mecánica,Baja,0,3889.5,Sí
OT00037,Asignación de técnico,2026-01-14 08:03:17,Jefe_Mantenimiento,EQ636,Montacargas,Planta_A,13,Mecánica,Baja,1,1959.68,No
OT00037,Solicitud de repuesto,2026-01-14 08:33:18,Tec_03,EQ636,Montacargas,Planta_A,13,Mecánica,Baja,1,1959.68,No
OT00039,Asignación de técnico,2026-01-14 08:46:35,Jefe_Mantenimiento,EQ116,Montacargas,Planta_B,10,Mecánica,Media,1,2262.94,No
OT00020,Prueba fallida,2026-01-14 08:53:16,Tec_02,EQ073,Prensa hidráulica,Planta_A,11,Eléctrica,Alta,3,3294.06,No
OT00026,Aprobación de compra,2026-01-14 09:01:01,Gerencia,EQ154,Montacargas,Planta_A,3,Mecánica,Media,0,6964.7,No
OT00028,Prueba fallida,2026-01-14 10:01:16,Tec_06,EQ608,Compresor,Planta_B,17,Eléctrica,Media,3,7007.46,No
OT00035,Diagnóstico,2026-01-14 10:04:11,Tec_B01,EQ491,Prensa hidráulica,Planta_B,10,Software,Alta,2,1819.26,Sí
OT00032,Diagnóstico,2026-01-14 10:19:00,Tec_B01,EQ125,Montacargas,Planta_B,14,Software,Baja,3,2170.4,No
OT00032,Asignación de técnico,2026-01-14 11:22:12,Jefe_Mantenimiento,EQ125,Montacargas,Planta_B,14,Software,Baja,3,2170.4,No
OT00023,Cierre,2026-01-14 11:25:28,Administracion_Mtto,EQ464,Torno CNC,Planta_A,17,Eléctrica,Media,2,1400.0,No
OT00035,Asignación de técnico,2026-01-14 11:37:29,Jefe_Mantenimiento,EQ491,Prensa hidráulica,Planta_B,10,Software,Alta,2,1819.26,Sí
OT00028,Nueva reparación,2026-01-14 11:52:03,Tec_06,EQ608,Compresor,Planta_B,17,Eléctrica,Media,3,7007.46,No
OT00032,Solicitud de repuesto,2026-01-14 11:52:13,Tec_07,EQ125,Montacargas,Planta_B,14,Software,Baja,3,2170.4,No
OT00034,Falla reportada,2026-01-14 12:37:47,Operador_03,EQ645,Compresor,Planta_B,18,Mecánica,Media,3,3149.37,Sí
OT00039,Reparación,2026-01-14 12:45:33,Tec_07,EQ116,Montacargas,Planta_B,10,Mecánica,Media,1,2262.94,No
OT00028,Prueba fallida,2026-01-14 12:46:39,Tec_06,EQ608,Compresor,Planta_B,17,Eléctrica,Media,3,7007.46,No
OT00036,Falla reportada,2026-01-14 12:51:12,Operador_01,EQ173,Bomba,Planta_B,10,Hidráulica,Media,2,2952.06,No
OT00020,Nueva reparación,2026-01-14 14:32:04,Tec_02,EQ073,Prensa hidráulica,Planta_A,11,Eléctrica,Alta,3,3294.06,No
OT00038,Falla reportada,2026-01-14 14:35:06,Operador_11,EQ282,Torno CNC,Planta_A,12,Mecánica,Media,0,1813.27,No
OT00039,Prueba fallida,2026-01-14 14:36:32,Tec_07,EQ116,Montacargas,Planta_B,10,Mecánica,Media,1,2262.94,No
OT00035,Reparación,2026-01-14 14:39:29,Tec_06,EQ491,Prensa hidráulica,Planta_B,10,Software,Alta,2,1819.26,Sí
OT00028,nueva reparación,2026-01-14 15:00:28,Tec_06,EQ608,Compresor,Planta_B,17,Eléctrica,Media,3,7007.46,No
OT00020,Prueba,2026-01-14 16:10:08,Tec_02,EQ073,Prensa hidráulica,Planta_A,11,Eléctrica,Alta,3,3294.06,No
OT00038,Diagnóstico,2026-01-14 16:20:07,Tec_01,EQ282,Torno CNC,Planta_A,12,Mecánica,Media,0,1813.27,No
OT00024,Recepción de repuesto,2026-01-14 16:37:35,Bodega,EQ548,Bomba,Planta_B,11,Software,Media,1,1799.27,Sí
OT00038,Asignación de técnico,2026-01-14 16:50:40,Jefe_Mantenimiento,EQ282,Torno CNC,Planta_A,12,Mecánica,Media,0,1813.27,No
OT00039,Nueva reparación,2026-01-14 16:55:35,Tec_07,EQ116,Montacargas,Planta_B,10,Mecánica,Media,1,2262.94,No
OT00033,Falla reportada,2026-01-14 16:56:56,Operador_09,EQ535,Torno CNC,Planta_A,6,Hidráulica,Media,1,1331.79,No
OT00035,Prueba fallida,2026-01-14 16:58:00,Tec_06,EQ491,Prensa hidráulica,Planta_B,10,Software,Alta,2,1819.26,Sí
OT00038,Solicitud de repuesto,2026-01-14 17:20:41,Tec_05,EQ282,Torno CNC,Planta_A,12,Mecánica,Media,0,1813.27,No
OT00024,Reparación,2026-01-15 07:00:00,Tec_06,EQ548,Bomba,Planta_B,11,Software,Media,1,1799.27,Sí
OT00028,Prueba,2026-01-15 07:00:00,Tec_06,EQ608,Compresor,Planta_B,17,Eléctrica,Media,3,7007.46,No
OT00039,Prueba,2026-01-15 07:00:00,Tec_07,EQ116,Montacargas,Planta_B,10,Mecánica,Media,1,2262.94,No
OT00033,Diagnóstico,2026-01-15 07:00:00,Tec_01,EQ535,Torno CNC,Planta_A,6,Hidráulica,Media,1,1331.79,No
OT00034,Diagnóstico,2026-01-15 07:00:00,Tec_B01,EQ645,Compresor,Planta_B,18,Mecánica,Media,3,3149.37,Sí
OT00035,Nueva reparación,2026-01-15 07:00:00,Tec_06,EQ491,Prensa hidráulica,Planta_B,10,Software,Alta,2,1819.26,Sí
OT00020,Puesta en operación,2026-01-15 07:00:00,Tec_02,EQ073,Prensa hidráulica,Planta_A,11,Eléctrica,Alta,3,3294.06,No
OT00036,Diagnóstico,2026-01-15 07:06:00,Tec_B01,EQ173,Bomba,Planta_B,10,Hidráulica,Media,2,2952.06,No
OT00028,Puesta en operación,2026-01-15 07:55:49,Tec_06,EQ608,Compresor,Planta_B,17,Eléctrica,Media,3,7007.46,No
OT00036,Asignación de técnico,2026-01-15 08:01:02,Jefe_Mantenimiento,EQ173,Bomba,Planta_B,10,Hidráulica,Media,2,2952.06,No
OT00033,Asignación de técnico,2026-01-15 08:16:47,Jefe_Mantenimiento,EQ535,Torno CNC,Planta_A,6,Hidráulica,Media,1,1331.79,No
OT00035,Prueba,2026-01-15 08:24:25,Tec_06,EQ491,Prensa hidráulica,Planta_B,10,Software,Alta,2,1819.26,Sí
OT00036,Solicitud de repuesto,2026-01-15 08:31:03,Tec_07,EQ173,Bomba,Planta_B,10,Hidráulica,Media,2,2952.06,No
OT00034,Asignación de técnico,2026-01-15 08:35:29,Jefe_Mantenimiento,EQ645,Compresor,Planta_B,18,Mecánica,Media,3,3149.37,Sí
OT00029,Cierre,2026-01-15 08:54:40,Administracion_Mtto,EQ100,Bomba,Planta_B,13,Eléctrica,Media,3,1111.43,No
OT00034,Solicitud de repuesto,2026-01-15 09:05:30,Tec_07,EQ645,Compresor,Planta_B,18,Mecánica,Media,3,3149.37,Sí
OT00035,Puesta en operación,2026-01-15 09:15:31,Tec_06,EQ491,Prensa hidráulica,Planta_B,10,Software,Alta,2,1819.26,Sí
OT00039,Puesta en operación,2026-01-15 09:22:40,Tec_07,EQ116,Montacargas,Planta_B,10,Mecánica,Media,1,2262.94,No
OT00024,Prueba,2026-01-15 09:43:42,Tec_06,EQ548,Bomba,Planta_B,11,Software,Media,1,1799.27,Sí
OT00033,Reparación,2026-01-15 10:05:25,Tec_01,EQ535,Torno CNC,Planta_A,6,Hidráulica,Media,1,1331.79,No
OT00024,Puesta en operación,2026-01-15 10:40:22,Tec_06,EQ548,Bomba,Planta_B,11,Software,Media,1,1799.27,Sí
OT00032,Recepción de repuesto,2026-01-15 11:47:21,Bodega,EQ125,Montacargas,Planta_B,14,Software,Baja,3,2170.4,No
OT00033,Prueba,2026-01-15 12:08:59,Tec_01,EQ535,Torno CNC,Planta_A,6,Hidráulica,Media,1,1331.79,No
OT00042,Falla reportada,2026-01-15 13:15:34,Operador_04,EQ698,Prensa hidráulica,Planta_A,11,Mecánica,Media,1,829.65,No
OT00032,Reparación,2026-01-15 14:17:03,Tec_07,EQ125,Montacargas,Planta_B,14,Software,Baja,3,2170.4,No
OT00031,Cierre,2026-01-15 14:26:11,Administracion_Mtto,EQ608,Compresor,Planta_B,17,Eléctrica,Media,4,469.66,No
OT00042,Diagnóstico,2026-01-15 15:46:23,Tec_03,EQ698,Prensa hidráulica,Planta_A,11,Mecánica,Media,1,829.65,No
OT00042,Asignación de técnico,2026-01-15 16:13:45,Jefe_Mantenimiento,EQ698,Prensa hidráulica,Planta_A,11,Mecánica,Media,1,829.65,No
OT00032,Prueba,2026-01-15 16:47:19,Tec_07,EQ125,Montacargas,Planta_B,14,Software,Baja,3,2170.4,No
OT00040,Falla reportada,2026-01-15 17:53:19,Operador_05,EQ278,Bomba,Planta_A,5,Eléctrica,Media,1,2094.23,No
OT00041,Falla reportada,2026-01-15 18:42:22,Operador_10,EQ741,Torno CNC,Planta_A,17,Hidráulica,Media,2,705.76,No
OT00047,Falla reportada,2026-01-16 03:00:00,Operador_09,EQ651,Torno CNC,Planta_A,6,Hidráulica,Baja,0,2800.0,No
OT00032,Puesta en operación,2026-01-16 07:00:00,Tec_07,EQ125,Montacargas,Planta_B,14,Software,Baja,3,2170.4,No
OT00033,Puesta en operación,2026-01-16 07:00:00,Tec_01,EQ535,Torno CNC,Planta_A,6,Hidráulica,Media,1,1331.79,No
OT00026,Recepción de repuesto,2026-01-16 07:00:00,Bodega,EQ154,Montacargas,Planta_A,3,Mecánica,Media,0,6964.7,No
OT00041,Diagnóstico,2026-01-16 07:00:00,Tec_04,EQ741,Torno CNC,Planta_A,17,Hidráulica,Media,2,705.76,No
OT00040,Diagnóstico,2026-01-16 07:00:00,Tec_04,EQ278,Bomba,Planta_A,5,Eléctrica,Media,1,2094.23,No
OT00042,Reparación,2026-01-16 07:00:00,Tec_03,EQ698,Prensa hidráulica,Planta_A,11,Mecánica,Media,1,829.65,No
OT00047,Diagnóstico,2026-01-16 07:17:00,Tec_02,EQ651,Torno CNC,Planta_A,6,Hidráulica,Baja,0,2800.0,No
OT00041,Asignación de técnico,2026-01-16 07:56:51,Jefe_Mantenimiento,EQ741,Torno CNC,Planta_A,17,Hidráulica,Media,2,705.76,No
OT00022,Cierre,2026-01-16 08:00:00,Administracion_Mtto,EQ385,Montacargas,Planta_A,14,Mecánica,Media,0,1400.0,No
OT00027,Cierre,2026-01-16 08:00:00,Administracion_Mtto,EQ743,Montacargas,Planta_B,15,Mecánica,Alta,0,1093.0,Sí
OT00025,Cierre,2026-01-16 08:06:00,Administracion_Mtto,EQ038,Torno CNC,Planta_B,10,Hidráulica,Baja,4,1400.0,No
OT00040,Asignación de técnico,2026-01-16 08:13:08,Jefe_Mantenimiento,EQ278,Bomba,Planta_A,5,Eléctrica,Media,1,2094.23,No
OT00040,Solicitud de repuesto,2026-01-16 08:43:09,Tec_02,EQ278,Bomba,Planta_A,5,Eléctrica,Media,1,2094.23,No
OT00047,Asignación de técnico,2026-01-16 09:50:02,Jefe_Mantenimiento,EQ651,Torno CNC,Planta_A,6,Hidráulica,Baja,0,2800.0,No
OT00044,Falla reportada,2026-01-16 10:21:29,Operador_02,EQ383,Bomba,Planta_B,10,Mecánica,Media,0,1400.0,No
OT00043,Falla reportada,2026-01-16 10:40:02,Operador_06,EQ520,Torno CNC,Planta_B,13,Software,Alta,0,1400.0,No
OT00046,Falla reportada,2026-01-16 10:43:48,Operador_05,EQ658,Compresor,Planta_A,2,Hidráulica,Media,2,1400.0,Sí
OT00026,Reparación,2026-01-16 10:53:47,Tec_01,EQ154,Montacargas,Planta_A,3,Mecánica,Media,0,6964.7,No
OT00041,Reparación,2026-01-16 11:17:04,Tec_03,EQ741,Torno CNC,Planta_A,17,Hidráulica,Media,2,705.76,No
OT00021,Cierre,2026-01-16 11:33:56,Administracion_Mtto,EQ382,Montacargas,Planta_A,10,Eléctrica,Media,0,4200.0,No
OT00047,Reparación,2026-01-16 12:14:09,Tec_05,EQ651,Torno CNC,Planta_A,6,Hidráulica,Baja,0,2800.0,No
OT00042,Prueba,2026-01-16 12:21:16,Tec_03,EQ698,Prensa hidráulica,Planta_A,11,Mecánica,Media,1,829.65,No
OT00042,Puesta en operación,2026-01-16 12:57:50,Tec_03,EQ698,Prensa hidráulica,Planta_A,11,Mecánica,Media,1,829.65,No
OT00043,Diagnóstico,2026-01-16 13:07:57,Tec_B01,EQ520,Torno CNC,Planta_B,13,Software,Alta,0,1400.0,No
OT00026,Prueba,2026-01-16 13:35:22,Tec_01,EQ154,Montacargas,Planta_A,3,Mecánica,Media,0,6964.7,No
OT00041,Prueba,2026-01-16 13:41:51,Tec_03,EQ741,Torno CNC,Planta_A,17,Hidráulica,Media,2,705.76,No
OT00046,Diagnóstico,2026-01-16 13:43:02,Tec_03,EQ658,Compresor,Planta_A,2,Hidráulica,Media,2,1400.0,Sí
OT00026,Puesta en operación,2026-01-16 14:10:25,Tec_01,EQ154,Montacargas,Planta_A,3,Mecánica,Media,0,6964.7,No
OT00045,Falla reportada,2026-01-16 14:19:30,Operador_05,EQ302,Montacargas,Planta_A,2,Hidráulica,Baja,0,1400.0,No
OT00043,Asignación de técnico,2026-01-16 14:29:48,Jefe_Mantenimiento,EQ520,Torno CNC,Planta_B,13,Software,Alta,0,1400.0,No
OT00046,Asignación de técnico,2026-01-16 14:38:46,Jefe_Mantenimiento,EQ658,Compresor,Planta_A,2,Hidráulica,Media,2,1400.0,Sí
OT00041,Puesta en operación,2026-01-16 14:52:14,Tec_03,EQ741,Torno CNC,Planta_A,17,Hidráulica,Media,2,705.76,No
OT00047,Prueba fallida,2026-01-16 15:40:31,Tec_05,EQ651,Torno CNC,Planta_A,6,Hidráulica,Baja,0,2800.0,No
OT00049,Falla reportada,2026-01-17 16:49:27,Operador_12,EQ675,Prensa hidráulica,Planta_A,4,Mecánica,Media,0,1400.0,No
OT00048,Falla reportada,2026-01-17 23:14:47,Operador_04,EQ559,Compresor,Planta_A,9,Hidráulica,Media,1,2723.49,No
OT00053,Falla reportada,2026-01-18 07:23:16,Operador_12,EQ325,Torno CNC,Planta_B,12,Hidráulica,Media,1,1006.44,No
OT00054,Falla reportada,2026-01-18 07:42:10,Operador_12,EQ110,Prensa hidráulica,Planta_A,13,Mecánica,Alta,1,1086.04,No
OT00052,Falla reportada,2026-01-18 11:58:01,Operador_07,EQ227,Prensa hidráulica,Planta_B,3,Mecánica,Media,2,2651.67,No
OT00050,Falla reportada,2026-01-18 18:32:22,Operador_12,EQ359,Montacargas,Planta_A,2,Eléctrica,Media,0,694.98,No
OT00051,Falla reportada,2026-01-18 20:23:51,Operador_04,EQ198,Compresor,Planta_B,12,Mecánica,Media,2,2004.03,No
OT00060,Falla reportada,2026-01-19 00:23:23,Operador_04,EQ185,Compresor,Planta_A,18,Mecánica,Media,5,5343.86,No
OT00062,Falla reportada,2026-01-19 01:10:03,Operador_01,EQ735,Bomba,Planta_A,15,Eléctrica,Alta,1,5600.0,Sí
OT00058,Falla reportada,2026-01-19 01:16:19,Operador_07,EQ345,Bomba,Planta_B,9,Hidráulica,Media,1,1114.42,No
OT00057,Falla reportada,2026-01-19 04:31:04,Operador_08,EQ204,Prensa hidráulica,Planta_B,12,Software,Baja,1,1400.0,No
OT00055,Falla reportada,2026-01-19 04:32:00,Operador_10,EQ048,Compresor,Planta_B,18,Hidráulica,Alta,1,1252.09,Sí
OT00061,Falla reportada,2026-01-19 06:26:02,Operador_12,EQ679,Prensa hidráulica,Planta_A,16,Mecánica,Media,1,2714.81,No
OT00049,Diagnóstico,2026-01-19 07:00:00,Tec_04,EQ675,Prensa hidráulica,Planta_A,4,Mecánica,Media,0,1400.0,No
OT00048,Diagnóstico,2026-01-19 07:00:00,Tec_03,EQ559,Compresor,Planta_A,9,Hidráulica,Media,1,2723.49,No
OT00046,Reparación,2026-01-19 07:00:00,Tec_02,EQ658,Compresor,Planta_A,2,Hidráulica,Media,2,1400.0,Sí
OT00034,Recepción de repuesto,2026-01-19 07:00:00,Bodega,EQ645,Compresor,Planta_B,18,Mecánica,Media,3,3149.37,Sí
OT00047,Nueva reparación,2026-01-19 07:00:00,Tec_05,EQ651,Torno CNC,Planta_A,6,Hidráulica,Baja,0,2800.0,No
OT00053,Diagnóstico,2026-01-19 07:00:00,Tec_B01,EQ325,Torno CNC,Planta_B,12,Hidráulica,Media,1,1006.44,No
OT00050,Diagnóstico,2026-01-19 07:00:00,Tec_03,EQ359,Montacargas,Planta_A,2,Eléctrica,Media,0,694.98,No
OT00040,Recepción de repuesto,2026-01-19 07:00:00,Bodega,EQ278,Bomba,Planta_A,5,Eléctrica,Media,1,2094.23,No
OT00054,Diagnóstico,2026-01-19 07:00:00,Tec_01,EQ110,Prensa hidráulica,Planta_A,13,Mecánica,Alta,1,1086.04,No
OT00045,Diagnóstico,2026-01-19 07:00:00,Tec_01,EQ302,Montacargas,Planta_A,2,Hidráulica,Baja,0,1400.0,No
OT00052,Diagnóstico,2026-01-19 07:00:00,Tec_B01,EQ227,Prensa hidráulica,Planta_B,3,Mecánica,Media,2,2651.67,No
OT00044,Diagnóstico,2026-01-19 07:00:00,Tec_B01,EQ383,Bomba,Planta_B,10,Mecánica,Media,0,1400.0,No
OT00037,Recepción de repuesto,2026-01-19 07:00:00,Bodega,EQ636,Montacargas,Planta_A,13,Mecánica,Baja,1,1959.68,No
OT00043,Reparación,2026-01-19 07:00:00,Tec_07,EQ520,Torno CNC,Planta_B,13,Software,Alta,0,1400.0,No
OT00060,Diagnóstico,2026-01-19 07:01:00,Tec_02,EQ185,Compresor,Planta_A,18,Mecánica,Media,5,5343.86,No
OT00062,Diagnóstico,2026-01-19 07:11:00,Tec_04,EQ735,Bomba,Planta_A,15,Eléctrica,Alta,1,5600.0,Sí
OT00061,Diagnóstico,2026-01-19 07:35:05,Tec_01,EQ679,Prensa hidráulica,Planta_A,16,Mecánica,Media,1,2714.81,No
OT00050,Asignación de técnico,2026-01-19 07:35:21,Jefe_Mantenimiento,EQ359,Montacargas,Planta_A,2,Eléctrica,Media,0,694.98,No
OT00053,Asignación de técnico,2026-01-19 07:38:32,Jefe_Mantenimiento,EQ325,Torno CNC,Planta_B,12,Hidráulica,Media,1,1006.44,No
OT00045,Asignación de técnico,2026-01-19 07:38:34,Jefe_Mantenimiento,EQ302,Montacargas,Planta_A,2,Hidráulica,Baja,0,1400.0,No
OT00052,Asignación de técnico,2026-01-19 07:51:40,Jefe_Mantenimiento,EQ227,Prensa hidráulica,Planta_B,3,Mecánica,Media,2,2651.67,No
OT00044,Asignación de técnico,2026-01-19 07:52:56,Jefe_Mantenimiento,EQ383,Bomba,Planta_B,10,Mecánica,Media,0,1400.0,No
OT00018,Cierre,2026-01-19 08:00:00,Administracion_Mtto,EQ409,Compresor,Planta_A,10,Eléctrica,Alta,2,2800.0,No
OT00035,Cierre,2026-01-19 08:00:00,Administracion_Mtto,EQ491,Prensa hidráulica,Planta_B,10,Software,Alta,2,1819.26,Sí
OT00020,Cierre,2026-01-19 08:00:00,Administracion_Mtto,EQ073,Prensa hidráulica,Planta_A,11,Eléctrica,Alta,3,3294.06,No
OT00024,Cierre,2026-01-19 08:00:00,Administracion_Mtto,EQ548,Bomba,Planta_B,11,Software,Media,1,1799.27,Sí
OT00039,Cierre,2026-01-19 08:00:00,Administracion_Mtto,EQ116,Montacargas,Planta_B,10,Mecánica,Media,1,2262.94,No
OT00030,Cierre,2026-01-19 08:00:00,Administracion_Mtto,EQ117,Montacargas,Planta_A,14,Eléctrica,Alta,0,2800.0,Sí
OT00015,Cierre,2026-01-19 08:00:00,Administracion_Mtto,EQ684,Montacargas,Planta_A,13,Mecánica,Media,2,690.26,No
OT00026,Cierre,2026-01-19 08:00:00,Administracion_Mtto,EQ154,Montacargas,Planta_A,3,Mecánica,Media,0,6964.7,No
OT00028,Cierre,2026-01-19 08:00:00,Administracion_Mtto,EQ608,Compresor,Planta_B,17,Eléctrica,Media,3,7007.46,No
OT00049,Asignación de técnico,2026-01-19 08:13:12,Jefe_Mantenimiento,EQ675,Prensa hidráulica,Planta_A,4,Mecánica,Media,0,1400.0,No
OT00055,Diagnóstico,2026-01-19 08:17:43,Tec_B01,EQ048,Compresor,Planta_B,18,Hidráulica,Alta,1,1252.09,Sí
OT00062,Asignación de técnico,2026-01-19 08:19:04,Jefe_Mantenimiento,EQ735,Bomba,Planta_A,15,Eléctrica,Alta,1,5600.0,Sí
OT00052,Solicitud de repuesto,2026-01-19 08:21:41,Tec_06,EQ227,Prensa hidráulica,Planta_B,3,Mecánica,Media,2,2651.67,No
OT00061,Asignación de técnico,2026-01-19 08:26:11,Jefe_Mantenimiento,EQ679,Prensa hidráulica,Planta_A,16,Mecánica,Media,1,2714.81,No
OT00054,Asignación de técnico,2026-01-19 08:32:20,Jefe_Mantenimiento,EQ110,Prensa hidráulica,Planta_A,13,Mecánica,Alta,1,1086.04,No
OT00060,Asignación de técnico,2026-01-19 08:35:43,Jefe_Mantenimiento,EQ185,Compresor,Planta_A,18,Mecánica,Media,5,5343.86,No
OT00053,Reparación,2026-01-19 08:43:50,Tec_07,EQ325,Torno CNC,Planta_B,12,Hidráulica,Media,1,1006.44,No
OT00046,Prueba,2026-01-19 08:44:37,Tec_02,EQ658,Compresor,Planta_A,2,Hidráulica,Media,2,1400.0,Sí
OT00055,Asignación de técnico,2026-01-19 08:47:13,Jefe_Mantenimiento,EQ048,Compresor,Planta_B,18,Hidráulica,Alta,1,1252.09,Sí
OT00061,Solicitud de repuesto,2026-01-19 08:56:12,Tec_02,EQ679,Prensa hidráulica,Planta_A,16,Mecánica,Media,1,2714.81,No
OT00060,Solicitud de repuesto,,Tec_03,EQ185,Compresor,Planta_A,18,Mecánica,Media,5,5343.86,No
OT00055,Solicitud de repuesto,2026-01-19 09:17:14,Tec_06,EQ048,Compresor,Planta_B,18,Hidráulica,Alta,1,1252.09,Sí
OT00048,Asignación de técnico,2026-01-19 09:18:26,Jefe_Mantenimiento,EQ559,Compresor,Planta_A,9,Hidráulica,Media,1,2723.49,No
OT00044,Reparación,2026-01-19 09:23:32,Tec_06,EQ383,Bomba,Planta_B,10,Mecánica,Media,0,1400.0,No
OT00047,Prueba,2026-01-19 09:24:35,Tec_05,EQ651,Torno CNC,Planta_A,6,Hidráulica,Baja,0,2800.0,No
OT00037,Reparación,2026-01-19 09:27:33,Tec_03,EQ636,Montacargas,Planta_A,13,Mecánica,Baja,1,1959.68,No
OT00034,Reparación,2026-01-19 09:38:10,Tec_07,EQ645,Compresor,Planta_B,18,Mecánica,Media,3,3149.37,Sí
OT00062,Reparación,2026-01-19 09:43:37,Tec_04,EQ735,Bomba,Planta_A,15,Eléctrica,Alta,1,5600.0,Sí
OT00048,Solicitud de repuesto,2026-01-19 09:48:27,Tec_03,EQ559,Compresor,Planta_A,9,Hidráulica,Media,1,2723.49,No
OT00047,Puesta en operación,2026-01-19 10:12:28,Tec_05,EQ651,Torno CNC,Planta_A,6,Hidráulica,Baja,0,2800.0,No
OT00046,Puesta en operación,2026-01-19 10:27:13,Tec_02,EQ658,Compresor,Planta_A,2,Hidráulica,Media,2,1400.0,Sí
OT00049,Reparación,2026-01-19 10:40:58,Tec_01,EQ675,Prensa hidráulica,Planta_A,4,Mecánica,Media,0,1400.0,No
OT00056,Falla reportada,2026-01-19 10:41:10,Operador_12,EQ691,Compresor,Planta_A,14,Mecánica,Media,2,3367.11,No
OT00040,Reparación,2026-01-19 10:56:12,Tec_02,EQ278,Bomba,Planta_A,5,Eléctrica,Media,1,2094.23,No
OT00045,Reparación,2026-01-19 11:06:55,Tec_04,EQ302,Montacargas,Planta_A,2,Hidráulica,Baja,0,1400.0,No
OT00037,prueba,2026-01-19 11:17:57,Tec_03,EQ636,Montacargas,Planta_A,13,Mecánica,Baja,1,1959.68,No
OT00062,Prueba fallida,2026-01-19 11:22:31,Tec_04,EQ735,Bomba,Planta_A,15,Eléctrica,Alta,1,5600.0,Sí
OT00050,Reparación,2026-01-19 11:26:39,Tec_03,EQ359,Montacargas,Planta_A,2,Eléctrica,Media,0,694.98,No
OT00034,Prueba fallida,2026-01-19 11:31:28,Tec_07,EQ645,Compresor,Planta_B,18,Mecánica,Media,3,3149.37,Sí
OT00058,Diagnóstico,2026-01-19 11:35:29,Tec_B01,EQ345,Bomba,Planta_B,9,Hidráulica,Media,1,1114.42,No
OT00054,Reparación,2026-01-19 11:35:55,Tec_04,EQ110,Prensa hidráulica,Planta_A,13,Mecánica,Alta,1,1086.04,No
OT00044,Prueba,2026-01-19 11:36:53,Tec_06,EQ383,Bomba,Planta_B,10,Mecánica,Media,0,1400.0,No
OT00053,Prueba,2026-01-19 11:42:17,Tec_07,EQ325,Torno CNC,Planta_B,12,Hidráulica,Media,1,1006.44,No
OT00053,Puesta en operación,2026-01-19 12:08:36,Tec_07,EQ325,Torno CNC,Planta_B,12,Hidráulica,Media,1,1006.44,No
OT00049,Prueba,2026-01-19 12:22:39,Tec_01,EQ675,Prensa hidráulica,Planta_A,4,Mecánica,Media,0,1400.0,No
OT00037,Puesta en operación,2026-01-19 12:27:49,Tec_03,EQ636,Montacargas,Planta_A,13,Mecánica,Baja,1,1959.68,No
OT00043,Prueba,2026-01-19 12:33:42,Tec_07,EQ520,Torno CNC,Planta_B,13,Software,Alta,0,1400.0,No
OT00045,Prueba,2026-01-19 12:39:33,Tec_04,EQ302,Montacargas,Planta_A,2,Hidráulica,Baja,0,1400.0,No
OT00050,Prueba,2026-01-19 13:02:01,Tec_03,EQ359,Montacargas,Planta_A,2,Eléctrica,Media,0,694.98,No
OT00058,Asignación de técnico,2026-01-19 13:03:09,Jefe_Mantenimiento,EQ345,Bomba,Planta_B,9,Hidráulica,Media,1,1114.42,No
OT00045,Puesta en operación,2026-01-19 13:06:15,Tec_04,EQ302,Montacargas,Planta_A,2,Hidráulica,Baja,0,1400.0,No
OT00044,Puesta en operación,2026-01-19 13:24:54,Tec_06,EQ383,Bomba,Planta_B,10,Mecánica,Media,0,1400.0,No
OT00049,Puesta en operación,2026-01-19 13:28:23,Tec_01,EQ675,Prensa hidráulica,Planta_A,4,Mecánica,Media,0,1400.0,No
OT00043,Puesta en operación,2026-01-19 13:33:22,Tec_07,EQ520,Torno CNC,Planta_B,13,Software,Alta,0,1400.0,No
OT00040,Prueba,2026-01-19 13:38:34,Tec_02,EQ278,Bomba,Planta_A,5,Eléctrica,Media,1,2094.23,No
OT00040,Puesta en operación,2026-01-19 14:05:31,Tec_02,EQ278,Bomba,Planta_A,5,Eléctrica,Media,1,2094.23,No
OT00054,Prueba,2026-01-19 14:06:19,Tec_04,EQ110,Prensa hidráulica,Planta_A,13,Mecánica,Alta,1,1086.04,No
OT00056,Diagnóstico,2026-01-19 14:12:05,Tec_02,EQ691,Compresor,Planta_A,14,Mecánica,Media,2,3367.11,No
OT00050,Puesta en operación,2026-01-19 14:23:46,Tec_03,EQ359,Montacargas,Planta_A,2,Eléctrica,Media,0,694.98,No
OT00054,Puesta en operación,2026-01-19 14:43:57,Tec_04,EQ110,Prensa hidráulica,Planta_A,13,Mecánica,Alta,1,1086.04,No
OT00056,Asignación de técnico,2026-01-19 14:48:06,Jefe_Mantenimiento,EQ691,Compresor,Planta_A,14,Mecánica,Media,2,3367.11,No
OT00056,Solicitud de repuesto,2026-01-19 15:18:07,Tec_01,EQ691,Compresor,Planta_A,14,Mecánica,Media,2,3367.11,No
OT00034,Nueva reparación,2026-01-19 15:19:55,Tec_07,EQ645,Compresor,Planta_B,18,Mecánica,Media,3,3149.37,Sí
OT00062,Nueva reparación,2026-01-19 16:10:03,Tec_04,EQ735,Bomba,Planta_A,15,Eléctrica,Alta,1,5600.0,Sí
OT00051,Diagnóstico,2026-01-19 16:15:02,Tec_B01,EQ198,Compresor,Planta_B,12,Mecánica,Media,2,2004.03,No
OT00059,Falla reportada,2026-01-19 20:56:47,Operador_04,EQ294,Montacargas,Planta_A,14,Mecánica,Media,0,2183.48,No
OT00069,Falla reportada,2026-01-20 02:25:39,Operador_04,EQ101,Compresor,Planta_B,11,Software,Alta,0,437.82,Sí
OT00064,Falla reportada,2026-01-20 04:29:51,Operador_02,EQ414,Compresor,Planta_A,1,Mecánica,Alta,0,964.31,No
OT00048,Recepción de repuesto,2026-01-20 07:00:00,Bodega,EQ559,Compresor,Planta_A,9,Hidráulica,Media,1,2723.49,No
OT00057,Diagnóstico,2026-01-20 07:00:00,Tec_B01,EQ204,Prensa hidráulica,Planta_B,12,Software,Baja,1,1400.0,No
OT00034,Prueba,2026-01-20 07:00:00,Tec_07,EQ645,Compresor,Planta_B,18,Mecánica,Media,3,3149.37,Sí
OT00051,Asignación de técnico,2026-01-20 07:00:00,Jefe_Mantenimiento,EQ198,Compresor,Planta_B,12,Mecánica,Media,2,2004.03,No
OT00055,Recepción de repuesto,2026-01-20 07:00:00,Bodega,EQ048,Compresor,Planta_B,18,Hidráulica,Alta,1,1252.09,Sí
OT00062,Prueba fallida,2026-01-20 07:00:00,Tec_04,EQ735,Bomba,Planta_A,15,Eléctrica,Alta,1,5600.0,Sí
OT00058,Reparación,2026-01-20 07:00:00,Tec_06,EQ345,Bomba,Planta_B,9,Hidráulica,Media,1,1114.42,No
OT00059,Diagnóstico,2026-01-20 07:00:00,Tec_02,EQ294,Montacargas,Planta_A,14,Mecánica,Media,0,2183.48,No
OT00064,Diagnóstico,2026-01-20 07:10:00,Tec_01,EQ414,Compresor,Planta_A,1,Mecánica,Alta,0,964.31,No
OT00069,Diagnóstico,2026-01-20 07:29:43,Tec_B01,EQ101,Compresor,Planta_B,11,Software,Alta,0,437.82,Sí
OT00051,Solicitud de repuesto,2026-01-20 07:30:01,Tec_06,EQ198,Compresor,Planta_B,12,Mecánica,Media,2,2004.03,No
OT00059,Asignación de técnico,2026-01-20 07:35:59,Jefe_Mantenimiento,EQ294,Montacargas,Planta_A,14,Mecánica,Media,0,2183.48,No
OT00058,Prueba,2026-01-20 07:50:30,Tec_06,EQ345,Bomba,Planta_B,9,Hidráulica,Media,1,1114.42,No
OT00066,Falla reportada,2026-01-20 08:02:39,Operador_09,EQ064,Compresor,Planta_A,9,Hidráulica,Media,0,895.29,No
OT00059,Solicitud de repuesto,2026-01-20 08:06:00,Tec_05,EQ294,Montacargas,Planta_A,14,Mecánica,Media,0,2183.48,No
OT00064,Asignación de técnico,2026-01-20 08:09:27,Jefe_Mantenimiento,EQ414,Compresor,Planta_A,1,Mecánica,Alta,0,964.31,No
OT00063,Falla reportada,2026-01-20 08:14:58,Operador_11,EQ551,Montacargas,Planta_B,8,Mecánica,Alta,1,887.69,No
OT00069,Asignación de técnico,2026-01-20 08:37:31,Jefe_Mantenimiento,EQ101,Compresor,Planta_B,11,Software,Alta,0,437.82,Sí
OT00048,Reparación,2026-01-20 08:43:11,Tec_03,EQ559,Compresor,Planta_A,9,Hidráulica,Media,1,2723.49,No
OT00058,Puesta en operación,2026-01-20 09:06:46,Tec_06,EQ345,Bomba,Planta_B,9,Hidráulica,Media,1,1114.42,No
OT00057,Asignación de técnico,2026-01-20 09:33:44,Jefe_Mantenimiento,EQ204,Prensa hidráulica,Planta_B,12,Software,Baja,1,1400.0,No
OT00055,Reparación,2026-01-20 09:49:05,Tec_06,EQ048,Compresor,Planta_B,18,Hidráulica,Alta,1,1252.09,Sí
OT00062,Nueva reparación,2026-01-20 09:58:59,Tec_04,EQ735,Bomba,Planta_A,15,Eléctrica,Alta,1,5600.0,Sí
OT00034,Puesta en operación,2026-01-20 09:59:42,Tec_07,EQ645,Compresor,Planta_B,18,Mecánica,Media,3,3149.37,Sí
OT00048,Prueba,2026-01-20 10:33:18,Tec_03,EQ559,Compresor,Planta_A,9,Hidráulica,Media,1,2723.49,No
OT00048,Puesta en operación,2026-01-20 11:40:43,Tec_03,EQ559,Compresor,Planta_A,9,Hidráulica,Media,1,2723.49,No
OT00055,Prueba,2026-01-20 11:48:07,Tec_06,EQ048,Compresor,Planta_B,18,Hidráulica,Alta,1,1252.09,Sí
OT00055,Puesta en operación,2026-01-20 12:49:17,Tec_06,EQ048,Compresor,Planta_B,18,Hidráulica,Alta,1,1252.09,Sí
OT00057,Reparación,2026-01-20 13:13:22,Tec_07,EQ204,Prensa hidráulica,Planta_B,12,Software,Baja,1,1400.0,No
OT00069,Reparación,2026-01-20 13:18:35,Tec_06,EQ101,Compresor,Planta_B,11,Software,Alta,0,437.82,Sí
OT00066,Diagnóstico,2026-01-20 13:30:06,Tec_03,EQ064,Compresor,Planta_A,9,Hidráulica,Media,0,895.29,No
OT00066,Asignación de técnico,2026-01-20 14:09:15,Jefe_Mantenimiento,EQ064,Compresor,Planta_A,9,Hidráulica,Media,0,895.29,No
OT00069,Prueba,2026-01-20 14:11:16,Tec_06,EQ101,Compresor,Planta_B,11,Software,Alta,0,437.82,Sí
OT00062,Prueba fallida,2026-01-20 14:55:28,Tec_04,EQ735,Bomba,Planta_A,15,Eléctrica,Alta,1,5600.0,Sí
OT00069,Puesta en operación,2026-01-20 14:56:12,Tec_06,EQ101,Compresor,Planta_B,11,Software,Alta,0,437.82,Sí
OT00064,Reparación,2026-01-20 15:25:31,Tec_05,EQ414,Compresor,Planta_A,1,Mecánica,Alta,0,964.31,No
OT00063,Diagnóstico,2026-01-20 15:59:42,Tec_B01,EQ551,Montacargas,Planta_B,8,Mecánica,Alta,1,887.69,No
OT00063,Asignación de técnico,2026-01-20 16:45:26,Jefe_Mantenimiento,EQ551,Montacargas,Planta_B,8,Mecánica,Alta,1,887.69,No
OT00057,Prueba,2026-01-20 16:49:10,Tec_07,EQ204,Prensa hidráulica,Planta_B,12,Software,Baja,1,1400.0,No
OT00067,Falla reportada,2026-01-20 17:54:17,Operador_10,EQ086,Prensa hidráulica,Planta_B,10,Mecánica,Media,1,1298.33,No
OT00068,Falla reportada,2026-01-20 22:12:39,Operador_04,EQ300,Torno CNC,Planta_B,4,Mecánica,Media,0,513.35,No
OT00065,Falla reportada,2026-01-20 23:14:38,Operador_10,EQ506,Montacargas,Planta_A,5,Hidráulica,Media,0,1571.36,No
OT00064,Prueba,2026-01-21 07:00:00,Tec_05,EQ414,Compresor,Planta_A,1,Mecánica,Alta,0,964.31,No
OT00062,Nueva reparación,2026-01-21 07:00:00,Tec_04,EQ735,Bomba,Planta_A,15,Eléctrica,Alta,1,5600.0,Sí
OT00057,Puesta en operación,2026-01-21 07:00:00,Tec_07,EQ204,Prensa hidráulica,Planta_B,12,Software,Baja,1,1400.0,No
OT00051,Recepción de repuesto,2026-01-21 07:00:00,Bodega,EQ198,Compresor,Planta_B,12,Mecánica,Media,2,2004.03,No
OT00063,Reparación,2026-01-21 07:00:00,Tec_07,EQ551,Montacargas,Planta_B,8,Mecánica,Alta,1,887.69,No
OT00066,Reparación,2026-01-21 07:00:00,Tec_02,EQ064,Compresor,Planta_A,9,Hidráulica,Media,0,895.29,No
OT00065,Diagnóstico,2026-01-21 07:17:00,Tec_05,EQ506,Montacargas,Planta_A,5,Hidráulica,Media,0,1571.36,No
OT00056,Recepción de repuesto,2026-01-21 07:19:14,Bodega,EQ691,Compresor,Planta_A,14,Mecánica,Media,2,3367.11,No
OT00072,Falla reportada,2026-01-21 07:35:22,Operador_09,EQ392,Montacargas,Planta_A,13,Mecánica,Media,0,3422.89,Sí
OT00068,Diagnóstico,2026-01-21 07:54:13,Tec_B01,EQ300,Torno CNC,Planta_B,4,Mecánica,Media,0,513.35,No
OT00064,Puesta en operación,2026-01-21 08:02:57,Tec_05,EQ414,Compresor,Planta_A,1,Mecánica,Alta,0,964.31,No
OT00065,Asignación de técnico,2026-01-21 08:05:23,Jefe_Mantenimiento,EQ506,Montacargas,Planta_A,5,Hidráulica,Media,0,1571.36,No
OT00068,Asignación de técnico,2026-01-21 08:17:45,Jefe_Mantenimiento,EQ300,Torno CNC,Planta_B,4,Mecánica,Media,0,513.35,No
OT00065,Solicitud de repuesto,2026-01-21 08:35:24,Tec_01,EQ506,Montacargas,Planta_A,5,Hidráulica,Media,0,1571.36,No
OT00063,Prueba,2026-01-21 08:57:28,Tec_07,EQ551,Montacargas,Planta_B,8,Mecánica,Alta,1,887.69,No
OT00066,Prueba,2026-01-21 09:02:05,Tec_02,EQ064,Compresor,Planta_A,9,Hidráulica,Media,0,895.29,No
OT00062,Prueba,2026-01-21 09:05:31,Tec_04,EQ735,Bomba,Planta_A,15,Eléctrica,Alta,1,5600.0,Sí
OT00067,Diagnóstico,2026-01-21 09:19:18,Tec_B01,EQ086,Prensa hidráulica,Planta_B,10,Mecánica,Media,1,1298.33,No
OT00063,Puesta en operación,2026-01-21 09:36:43,Tec_07,EQ551,Montacargas,Planta_B,8,Mecánica,Alta,1,887.69,No
OT00066,Puesta en operación,2026-01-21 09:37:27,Tec_02,EQ064,Compresor,Planta_A,9,Hidráulica,Media,0,895.29,No
OT00051,Reparación,2026-01-21 09:42:15,Tec_06,EQ198,Compresor,Planta_B,12,Mecánica,Media,2,2004.03,No
OT00056,Reparación,2026-01-21 09:53:14,Tec_01,EQ691,Compresor,Planta_A,14,Mecánica,Media,2,3367.11,No
OT00062,Puesta en operación,2026-01-21 10:10:41,Tec_04,EQ735,Bomba,Planta_A,15,Eléctrica,Alta,1,5600.0,Sí
OT00068,Reparación,2026-01-21 10:35:49,Tec_06,EQ300,Torno CNC,Planta_B,4,Mecánica,Media,0,513.35,No
OT00067,Asignación de técnico,2026-01-21 10:47:41,Jefe_Mantenimiento,EQ086,Prensa hidráulica,Planta_B,10,Mecánica,Media,1,1298.33,No
OT00072,Diagnóstico,2026-01-21 10:55:20,Tec_04,EQ392,Montacargas,Planta_A,13,Mecánica,Media,0,3422.89,Sí
OT00056,Prueba fallida,2026-01-21 11:35:23,Tec_01,EQ691,Compresor,Planta_A,14,Mecánica,Media,2,3367.11,No
OT00070,Falla reportada,2026-01-21 11:36:01,Operador_08,EQ224,Torno CNC,Planta_A,9,Software,Media,1,703.55,No
OT00051,Prueba,2026-01-21 11:51:59,Tec_06,EQ198,Compresor,Planta_B,12,Mecánica,Media,2,2004.03,No
OT00070,Diagnóstico,2026-01-21 12:12:33,Tec_04,EQ224,Torno CNC,Planta_A,9,Software,Media,1,703.55,No
OT00050,Cierre,2026-01-21 12:18:55,Administracion_Mtto,EQ359,Montacargas,Planta_A,2,Eléctrica,Media,0,694.98,No
OT00068,Prueba,2026-01-21 12:23:12,Tec_06,EQ300,Torno CNC,Planta_B,4,Mecánica,Media,0,513.35,No
OT00072,Asignación de técnico,2026-01-21 12:33:03,Jefe_Mantenimiento,EQ392,Montacargas,Planta_A,13,Mecánica,Media,0,3422.89,Sí
OT00070,Asignación de técnico,2026-01-21 12:34:49,Jefe_Mantenimiento,EQ224,Torno CNC,Planta_A,9,Software,Media,1,703.55,No
OT00068,Puesta en operación,2026-01-21 12:52:41,Tec_06,EQ300,Torno CNC,Planta_B,4,Mecánica,Media,0,513.35,No
OT00051,Puesta en operación,2026-01-21 12:54:14,Tec_06,EQ198,Compresor,Planta_B,12,Mecánica,Media,2,2004.03,No
OT00067,Reparación,2026-01-21 14:05:09,Tec_07,EQ086,Prensa hidráulica,Planta_B,10,Mecánica,Media,1,1298.33,No
OT00070,Reparación,2026-01-21 15:17:40,Tec_02,EQ224,Torno CNC,Planta_A,9,Software,Media,1,703.55,No
OT00056,Nueva reparación,2026-01-21 15:28:18,Tec_01,EQ691,Compresor,Planta_A,14,Mecánica,Media,2,3367.11,No
OT00072,Reparación,2026-01-21 15:45:27,Tec_03,EQ392,Montacargas,Planta_A,13,Mecánica,Media,0,3422.89,Sí
OT00045,Cierre,2026-01-21 15:52:21,Administracion_Mtto,EQ302,Montacargas,Planta_A,2,Hidráulica,Baja,0,1400.0,No
OT00067,Prueba,2026-01-21 16:13:50,Tec_07,EQ086,Prensa hidráulica,Planta_B,10,Mecánica,Media,1,1298.33,No
OT00056,Prueba,2026-01-21 16:46:30,Tec_01,EQ691,Compresor,Planta_A,14,Mecánica,Media,2,3367.11,No
OT00073,Falla reportada,2026-01-21 18:17:39,Operador_03,EQ396,Bomba,Planta_B,16,Mecánica,Media,0,2800.0,No
OT00071,Falla reportada,2026-01-21 23:14:35,Operador_03,EQ193,Torno CNC,Planta_A,12,Hidráulica,Alta,5,2317.79,Sí
OT00081,Falla reportada,2026-01-22 03:21:12,Operador_02,EQ494,Torno CNC,Planta_B,8,Eléctrica,Baja,0,2330.07,Sí
OT00067,Puesta en operación,2026-01-22 07:00:00,Tec_07,EQ086,Prensa hidráulica,Planta_B,10,Mecánica,Media,1,1298.33,No
OT00072,Prueba fallida,2026-01-22 07:00:00,Tec_03,EQ392,Montacargas,Planta_A,13,Mecánica,Media,0,3422.89,Sí
OT00036,Recepción de repuesto,2026-01-22 07:00:00,Bodega,EQ173,Bomba,Planta_B,10,Hidráulica,Media,2,2952.06,No
OT00059,Recepción de repuesto,2026-01-22 07:00:00,Bodega,EQ294,Montacargas,Planta_A,14,Mecánica,Media,0,2183.48,No
OT00070,Prueba,2026-01-22 07:00:00,Tec_02,EQ224,Torno CNC,Planta_A,9,Software,Media,1,703.55,No
OT00056,Puesta en operación,2026-01-22 07:00:00,Tec_01,EQ691,Compresor,Planta_A,14,Mecánica,Media,2,3367.11,No
OT00071,Diagnóstico,2026-01-22 07:00:00,Tec_02,EQ193,Torno CNC,Planta_A,12,Hidráulica,Alta,5,2317.79,Sí
OT00073,Diagnóstico,2026-01-22 07:02:00,Tec_B01,EQ396,Bomba,Planta_B,16,Mecánica,Media,0,2800.0,No
OT00079,Falla reportada,2026-01-22 07:29:07,Operador_03,EQ215,Compresor,Planta_A,10,Mecánica,Alta,0,2695.74,No
OT00070,Puesta en operación,2026-01-22 07:42:06,Tec_02,EQ224,Torno CNC,Planta_A,9,Software,Media,1,703.55,No
OT00040,Cierre,2026-01-22 08:00:00,Administracion_Mtto,EQ278,Bomba,Planta_A,5,Eléctrica,Media,1,2094.23,No
OT00037,Cierre,2026-01-22 08:01:00,Administracion_Mtto,EQ636,Montacargas,Planta_A,13,Mecánica,Baja,1,1959.68,No
OT00034,Cierre,2026-01-22 08:02:00,Administracion_Mtto,EQ645,Compresor,Planta_B,18,Mecánica,Media,3,3149.37,Sí
OT00079,Diagnóstico,2026-01-22 08:14:29,Tec_02,EQ215,Compresor,Planta_A,10,Mecánica,Alta,0,2695.74,No
OT00043,Cierre,2026-01-22 08:15:00,Administracion_Mtto,EQ520,Torno CNC,Planta_B,13,Software,Alta,0,1400.0,No
OT00073,Asignación de técnico,2026-01-22 08:27:29,Jefe_Mantenimiento,EQ396,Bomba,Planta_B,16,Mecánica,Media,0,2800.0,No
OT00072,Nueva reparación,2026-01-22 08:40:41,Tec_03,EQ392,Montacargas,Planta_A,13,Mecánica,Media,0,3422.89,Sí
OT00074,Falla reportada,2026-01-22 08:43:08,Operador_11,EQ092,Torno CNC,Planta_A,4,Mecánica,Baja,0,838.89,Sí
OT00036,Reparación,2026-01-22 08:50:58,Tec_07,EQ173,Bomba,Planta_B,10,Hidráulica,Media,2,2952.06,No
OT00079,Asignación de técnico,2026-01-22 08:57:44,Jefe_Mantenimiento,EQ215,Compresor,Planta_A,10,Mecánica,Alta,0,2695.74,No
OT00075,Falla reportada,2026-01-22 09:07:27,Operador_02,EQ080,Prensa hidráulica,Planta_A,5,Eléctrica,Media,0,3071.35,No
OT00079,Solicitud de repuesto,2026-01-22 09:27:45,Tec_03,EQ215,Compresor,Planta_A,10,Mecánica,Alta,0,2695.74,No
OT00072,Prueba fallida,2026-01-22 09:37:12,Tec_03,EQ392,Montacargas,Planta_A,13,Mecánica,Media,0,3422.89,Sí
OT00076,Falla reportada,2026-01-22 09:44:55,Operador_11,EQ491,Prensa hidráulica,Planta_B,10,Software,Alta,3,874.92,No
OT00036,Prueba,2026-01-22 09:46:27,Tec_07,EQ173,Bomba,Planta_B,10,Hidráulica,Media,2,2952.06,No
OT00060,Aprobación de compra,2026-01-22 09:51:12,Gerencia,EQ185,Compresor,Planta_A,18,Mecánica,Media,5,5343.86,No
OT00071,Asignación de técnico,2026-01-22 10:16:12,Jefe_Mantenimiento,EQ193,Torno CNC,Planta_A,12,Hidráulica,Alta,5,2317.79,Sí
OT00036,Puesta en operación,2026-01-22 10:21:14,Tec_07,EQ173,Bomba,Planta_B,10,Hidráulica,Media,2,2952.06,No
OT00071,Solicitud de repuesto,2026-01-22 10:46:13,Tec_02,EQ193,Torno CNC,Planta_A,12,Hidráulica,Alta,5,2317.79,Sí
OT00077,Falla reportada,2026-01-22 11:12:44,Operador_08,EQ729,Prensa hidráulica,Planta_A,3,Eléctrica,Alta,1,718.27,No
OT00073,Reparación,2026-01-22 11:13:37,Tec_07,EQ396,Bomba,Planta_B,16,Mecánica,Media,0,2800.0,No
OT00065,Recepción de repuesto,2026-01-22 11:22:04,Bodega,EQ506,Montacargas,Planta_A,5,Hidráulica,Media,0,1571.36,No
OT00074,Diagnóstico,2026-01-22 11:30:55,Tec_05,EQ092,Torno CNC,Planta_A,4,Mecánica,Baja,0,838.89,Sí
OT00075,Diagnóstico,2026-01-22 12:01:42,Tec_03,EQ080,Prensa hidráulica,Planta_A,5,Eléctrica,Media,0,3071.35,No
OT00077,Diagnóstico,2026-01-22 12:16:07,Tec_02,EQ729,Prensa hidráulica,Planta_A,3,Eléctrica,Alta,1,718.27,No
OT00074,Asignación de técnico,2026-01-22 12:22:20,Jefe_Mantenimiento,EQ092,Torno CNC,Planta_A,4,Mecánica,Baja,0,838.89,Sí
OT00081,Diagnóstico,2026-01-22 12:30:17,Tec_B01,EQ494,Torno CNC,Planta_B,8,Eléctrica,Baja,0,2330.07,Sí
OT00072,Nueva reparación,2026-01-22 12:55:07,Tec_03,EQ392,Montacargas,Planta_A,13,Mecánica,Media,0,3422.89,Sí
OT00077,Asignación de técnico,2026-01-22 13:02:37,Jefe_Mantenimiento,EQ729,Prensa hidráulica,Planta_A,3,Eléctrica,Alta,1,718.27,No
OT00076,Diagnóstico,2026-01-22 13:14:12,Tec_B01,EQ491,Prensa hidráulica,Planta_B,10,Software,Alta,3,874.92,No
OT00073,Prueba fallida,2026-01-22 13:35:05,Tec_07,EQ396,Bomba,Planta_B,16,Mecánica,Media,0,2800.0,No
OT00075,Asignación de técnico,2026-01-22 13:35:19,Jefe_Mantenimiento,EQ080,Prensa hidráulica,Planta_A,5,Eléctrica,Media,0,3071.35,No
OT00081,Asignación de técnico,2026-01-22 13:37:47,Jefe_Mantenimiento,EQ494,Torno CNC,Planta_B,8,Eléctrica,Baja,0,2330.07,Sí
OT00076,Asignación de técnico,2026-01-22 13:58:17,Jefe_Mantenimiento,EQ491,Prensa hidráulica,Planta_B,10,Software,Alta,3,874.92,No
OT00075,Solicitud de repuesto,2026-01-22 14:05:20,Tec_02,EQ080,Prensa hidráulica,Planta_A,5,Eléctrica,Media,0,3071.35,No
OT00059,Reparación,2026-01-22 14:50:03,Tec_05,EQ294,Montacargas,Planta_A,14,Mecánica,Media,0,2183.48,No
OT00069,Cierre,2026-01-22 15:05:32,Administracion_Mtto,EQ101,Compresor,Planta_B,11,Software,Alta,0,437.82,Sí
OT00072,Prueba,2026-01-22 15:11:34,Tec_03,EQ392,Montacargas,Planta_A,13,Mecánica,Media,0,3422.89,Sí
OT00065,Reparación,2026-01-22 15:29:01,Tec_01,EQ506,Montacargas,Planta_A,5,Hidráulica,Media,0,1571.36,No
OT00077,Reparación,2026-01-22 16:05:46,Tec_01,EQ729,Prensa hidráulica,Planta_A,3,Eléctrica,Alta,1,718.27,No
OT00072,Puesta en operación,2026-01-22 16:11:18,Tec_03,EQ392,Montacargas,Planta_A,13,Mecánica,Media,0,3422.89,Sí
OT00074,Reparación,2026-01-22 16:16:08,Tec_04,EQ092,Torno CNC,Planta_A,4,Mecánica,Baja,0,838.89,Sí
OT00081,Reparación,2026-01-22 16:57:33,Tec_06,EQ494,Torno CNC,Planta_B,8,Eléctrica,Baja,0,2330.07,Sí
OT00078,Falla reportada,2026-01-22 17:17:19,Operador_11,EQ014,Bomba,Planta_A,3,Mecánica,Media,1,1400.0,No
OT00080,Falla reportada,2026-01-22 23:00:08,Operador_10,EQ197,Prensa hidráulica,Planta_A,15,Eléctrica,Media,2,4758.07,Sí
OT00082,Falla reportada,2026-01-23 01:49:57,Operador_02,EQ373,Compresor,Planta_A,9,Mecánica,Media,0,1709.79,No
OT00083,Falla reportada,2026-01-23 01:55:31,Operador_10,EQ094,Torno CNC,Planta_A,8,Hidráulica,Baja,1,1601.24,No
OT00074,Prueba,2026-01-23 07:00:00,Tec_04,EQ092,Torno CNC,Planta_A,4,Mecánica,Baja,0,838.89,Sí
OT00059,Prueba,2026-01-23 07:00:00,Tec_05,EQ294,Montacargas,Planta_A,14,Mecánica,Media,0,2183.48,No
OT00065,Prueba,2026-01-23 07:00:00,Tec_01,EQ506,Montacargas,Planta_A,5,Hidráulica,Media,0,1571.36,No
OT00073,Nueva reparación,2026-01-23 07:00:00,Tec_07,EQ396,Bomba,Planta_B,16,Mecánica,Media,0,2800.0,No
OT00078,Diagnóstico,2026-01-23 07:00:00,Tec_02,EQ014,Bomba,Planta_A,3,Mecánica,Media,1,1400.0,No
OT00081,Prueba fallida,2026-01-23 07:00:00,Tec_06,EQ494,Torno CNC,Planta_B,8,Eléctrica,Baja,0,2330.07,Sí
OT00077,Prueba,2026-01-23 07:00:00,Tec_01,EQ729,Prensa hidráulica,Planta_A,3,Eléctrica,Alta,1,718.27,No
OT00076,Reparación,2026-01-23 07:00:00,Tec_06,EQ491,Prensa hidráulica,Planta_B,10,Software,Alta,3,874.92,No
OT00082,Diagnóstico,2026-01-23 07:05:00,Tec_02,EQ373,Compresor,Planta_A,9,Mecánica,Media,0,1709.79,No
OT00083,Diagnóstico,2026-01-23 07:07:00,Tec_02,EQ094,Torno CNC,Planta_A,8,Hidráulica,Baja,1,1601.24,No
OT00080,Diagnóstico,2026-01-23 07:14:00,Tec_05,EQ197,Prensa hidráulica,Planta_A,15,Eléctrica,Media,2,4758.07,Sí
OT00077,Puesta en operación,2026-01-23 07:44:03,Tec_01,EQ729,Prensa hidráulica,Planta_A,3,Eléctrica,Alta,1,718.27,No
OT00065,Puesta en operación,2026-01-23 07:44:42,Tec_01,EQ506,Montacargas,Planta_A,5,Hidráulica,Media,0,1571.36,No
OT00078,Asignación de técnico,2026-01-23 07:47:12,Jefe_Mantenimiento,EQ014,Bomba,Planta_A,3,Mecánica,Media,1,1400.0,No
OT00059,Puesta en operación,2026-01-23 07:48:14,Tec_05,EQ294,Montacargas,Planta_A,14,Mecánica,Media,0,2183.48,No
OT00080,Asignación de técnico,2026-01-23 07:52:08,Jefe_Mantenimiento,EQ197,Prensa hidráulica,Planta_A,15,Eléctrica,Media,2,4758.07,Sí
OT00048,Cierre,2026-01-23 08:00:00,Administracion_Mtto,EQ559,Compresor,Planta_A,9,Hidráulica,Media,1,2723.49,No
OT00041,Cierre,2026-01-23 08:00:00,Administracion_Mtto,EQ741,Torno CNC,Planta_A,17,Hidráulica,Media,2,705.76,No
OT00019,Cierre,2026-01-23 08:00:00,Administracion_Mtto,EQ703,Bomba,Planta_A,10,Mecánica,Media,0,2800.0,Sí
OT00076,Prueba,2026-01-23 08:13:13,Tec_06,EQ491,Prensa hidráulica,Planta_B,10,Software,Alta,3,874.92,No
OT00080,Solicitud de repuesto,2026-01-23 08:22:09,Tec_03,EQ197,Prensa hidráulica,Planta_A,15,Eléctrica,Media,2,4758.07,Sí
OT00074,Puesta en operación,2026-01-23 08:41:13,Tec_04,EQ092,Torno CNC,Planta_A,4,Mecánica,Baja,0,838.89,Sí
OT00083,Asignación de técnico,2026-01-23 08:55:07,Jefe_Mantenimiento,EQ094,Torno CNC,Planta_A,8,Hidráulica,Baja,1,1601.24,No
OT00082,Asignación de técnico,2026-01-23 08:58:09,Jefe_Mantenimiento,EQ373,Compresor,Planta_A,9,Mecánica,Media,0,1709.79,No
OT00083,Solicitud de repuesto,2026-01-23 09:25:08,Tec_04,EQ094,Torno CNC,Planta_A,8,Hidráulica,Baja,1,1601.24,No
OT00082,Solicitud de repuesto,2026-01-23 09:28:10,Tec_02,EQ373,Compresor,Planta_A,9,Mecánica,Media,0,1709.79,No
OT00063,Cierre,2026-01-23 09:48:09,Administracion_Mtto,EQ551,Montacargas,Planta_B,8,Mecánica,Alta,1,887.69,No
OT00081,Nueva reparación,2026-01-23 10:17:26,Tec_06,EQ494,Torno CNC,Planta_B,8,Eléctrica,Baja,0,2330.07,Sí
OT00073,Prueba,2026-01-23 10:27:58,Tec_07,EQ396,Bomba,Planta_B,16,Mecánica,Media,0,2800.0,No
OT00060,Recepción de repuesto,2026-01-23 10:32:16,Bodega,EQ185,Compresor,Planta_A,18,Mecánica,Media,5,5343.86,No
OT00076,Puesta en operación,2026-01-23 10:44:47,Tec_06,EQ491,Prensa hidráulica,Planta_B,10,Software,Alta,3,874.92,No
OT00073,Puesta en operación,2026-01-23 11:30:54,Tec_07,EQ396,Bomba,Planta_B,16,Mecánica,Media,0,2800.0,No
OT00081,Prueba,2026-01-23 11:34:55,Tec_06,EQ494,Torno CNC,Planta_B,8,Eléctrica,Baja,0,2330.07,Sí
OT00042,Cierre,2026-01-23 12:36:46,Administracion_Mtto,EQ698,Prensa hidráulica,Planta_A,11,Mecánica,Media,1,829.65,No
OT00081,Puesta en operación,2026-01-23 12:38:24,Tec_06,EQ494,Torno CNC,Planta_B,8,Eléctrica,Baja,0,2330.07,Sí
OT00051,Cierre,2026-01-23 13:33:26,Administracion_Mtto,EQ198,Compresor,Planta_B,12,Mecánica,Media,2,2004.03,No
OT00044,Cierre,2026-01-23 13:57:47,Administracion_Mtto,EQ383,Bomba,Planta_B,10,Mecánica,Media,0,1400.0,No
OT00067,Cierre,2026-01-23 14:12:53,Administracion_Mtto,EQ086,Prensa hidráulica,Planta_B,10,Mecánica,Media,1,1298.33,No
OT00084,Falla reportada,2026-01-23 15:35:13,Operador_06,EQ557,Bomba,Planta_A,14,Software,Baja,3,1400.0,No
OT00078,Reparación,2026-01-23 15:38:22,Tec_04,EQ014,Bomba,Planta_A,3,Mecánica,Media,1,1400.0,No
OT00087,falla reportada,2026-01-24 02:52:38,Operador_11,EQ175,Montacargas,Planta_A,7,Software,Baja,3,1400.0,No
OT00085,Falla reportada,2026-01-24 03:18:35,Operador_05,EQ355,Compresor,Planta_B,8,Software,Alta,1,1400.0,No
OT00086,Falla reportada,2026-01-24 03:34:49,Operador_08,EQ018,Compresor,Planta_A,11,Mecánica,Media,1,1400.0,Sí
OT00094,Falla reportada,2026-01-24 05:37:59,Operador_09,EQ553,Bomba,Planta_A,18,Mecánica,Media,1,4290.66,No
OT00090,Falla reportada,2026-01-24 09:01:29,Operador_01,EQ689,Bomba,Planta_A,7,Eléctrica,Alta,1,1747.37,No
OT00096,Falla reportada,2026-01-24 09:43:12,Operador_02,EQ743,Montacargas,Planta_B,15,Eléctrica,Baja,1,1400.0,Sí
OT00088,Falla reportada,2026-01-24 11:46:13,Operador_08,EQ312,Torno CNC,Planta_A,3,Software,Alta,0,1400.0,No
OT00093,Falla reportada,2026-01-24 12:32:20,Operador_10,EQ239,Compresor,Planta_B,18,Mecánica,Alta,3,2800.0,No
OT00092,Falla reportada,2026-01-24 13:57:03,Operador_12,EQ219,Bomba,Planta_A,12,Eléctrica,Baja,1,1400.0,Sí
OT00089,Falla reportada,2026-01-24 16:22:58,Operador_06,EQ737,Montacargas,Planta_B,18,Eléctrica,Media,1,1400.0,Sí
OT00091,Falla reportada,2026-01-24 19:07:50,Operador_05,EQ326,Compresor,Planta_A,11,Hidráulica,Media,2,1400.0,Sí
OT00095,Falla reportada,2026-01-24 22:46:38,Operador_12,EQ677,Compresor,Planta_A,9,Hidráulica,Baja,0,1400.0,No
OT00097,Falla reportada,2026-01-25 23:52:53,Operador_04,EQ688,Montacargas,Planta_A,18,Eléctrica,Baja,1,14472.64,No
OT00104,Falla reportada,2026-01-26 00:21:44,Operador_03,EQ245,Compresor,Planta_A,2,Mecánica,Media,0,532.28,No
OT00101,Falla reportada,2026-01-26 02:04:20,Operador_07,EQ432,Compresor,Planta_A,17,Eléctrica,Alta,1,1035.36,Sí
OT00098,Falla reportada,2026-01-26 02:41:47,Operador_10,EQ738,Bomba,Planta_B,5,Hidráulica,Alta,0,1674.77,No
OT00061,Recepción de repuesto,2026-01-26 07:00:00,Bodega,EQ679,Prensa hidráulica,Planta_A,16,Mecánica,Media,1,2714.81,No
OT00092,Diagnóstico,2026-01-26 07:00:00,Tec_01,EQ219,Bomba,Planta_A,12,Eléctrica,Baja,1,1400.0,Sí
OT00104,Diagnóstico,2026-01-26 07:00:00,Tec_02,EQ245,Compresor,Planta_A,2,Mecánica,Media,0,532.28,No
OT00094,Diagnóstico,2026-01-26 07:00:00,Tec_03,EQ553,Bomba,Planta_A,18,Mecánica,Media,1,4290.66,No
OT00089,Diagnóstico,2026-01-26 07:00:00,Tec_B01,EQ737,Montacargas,Planta_B,18,Eléctrica,Media,1,1400.0,Sí
OT00088,Diagnóstico,2026-01-26 07:00:00,Tec_05,EQ312,Torno CNC,Planta_A,3,Software,Alta,0,1400.0,No
OT00095,Diagnóstico,2026-01-26 07:00:00,Tec_04,EQ677,Compresor,Planta_A,9,Hidráulica,Baja,0,1400.0,No
OT00085,Diagnóstico,2026-01-26 07:00:00,Tec_B01,EQ355,Compresor,Planta_B,8,Software,Alta,1,1400.0,No
OT00091,Diagnóstico,2026-01-26 07:00:00,Tec_01,EQ326,Compresor,Planta_A,11,Hidráulica,Media,2,1400.0,Sí
OT00090,Diagnóstico,2026-01-26 07:00:00,Tec_03,EQ689,Bomba,Planta_A,7,Eléctrica,Alta,1,1747.37,No
OT00087,Diagnóstico,2026-01-26 07:00:00,Tec_01,EQ175,Montacargas,Planta_A,7,Software,Baja,3,1400.0,No
OT00086,Diagnóstico,2026-01-26 07:00:00,Tec_05,EQ018,Compresor,Planta_A,11,Mecánica,Media,1,1400.0,Sí
OT00096,Diagnóstico,2026-01-26 07:00:00,Tec_B01,EQ743,Montacargas,Planta_B,15,Eléctrica,Baja,1,1400.0,Sí
OT00038,Recepción de repuesto,2026-01-26 07:00:00,Bodega,EQ282,Torno CNC,Planta_A,12,Mecánica,Media,0,1813.27,No
OT00084,Diagnóstico,2026-01-26 07:00:00,Tec_02,EQ557,Bomba,Planta_A,14,Software,Baja,3,1400.0,No
OT00060,Reparación,2026-01-26 07:00:00,Tec_03,EQ185,Compresor,Planta_A,18,Mecánica,Media,5,5343.86,No
OT00078,Prueba,2026-01-26 07:00:00,Tec_04,EQ014,Bomba,Planta_A,3,Mecánica,Media,1,1400.0,No
OT00093,Diagnóstico,2026-01-26 07:00:00,Tec_B01,EQ239,Compresor,Planta_B,18,Mecánica,Alta,3,2800.0,No
OT00082,Recepción de repuesto,2026-01-26 07:00:00,Bodega,EQ373,Compresor,Planta_A,9,Mecánica,Media,0,1709.79,No
OT00098,Diagnóstico,2026-01-26 07:04:00,Tec_B01,EQ738,Bomba,Planta_B,5,Hidráulica,Alta,0,1674.77,No
OT00094,Asignación de técnico,2026-01-26 07:19:39,Jefe_Mantenimiento,EQ553,Bomba,Planta_A,18,Mecánica,Media,1,4290.66,No
OT00097,Diagnóstico,2026-01-26 07:26:00,Tec_05,EQ688,Montacargas,Planta_A,18,Eléctrica,Baja,1,14472.64,No
OT00092,Asignación de técnico,2026-01-26 07:28:48,Jefe_Mantenimiento,EQ219,Bomba,Planta_A,12,Eléctrica,Baja,1,1400.0,Sí
OT00101,Diagnóstico,2026-01-26 07:29:00,Tec_03,EQ432,Compresor,Planta_A,17,Eléctrica,Alta,1,1035.36,Sí
OT00093,Asignación de técnico,2026-01-26 07:31:35,Jefe_Mantenimiento,EQ239,Compresor,Planta_B,18,Mecánica,Alta,3,2800.0,No
OT00098,Asignación de técnico,2026-01-26 07:31:52,Jefe_Mantenimiento,EQ738,Bomba,Planta_B,5,Hidráulica,Alta,0,1674.77,No
OT00086,Asignación de técnico,2026-01-26 07:33:41,Jefe_Mantenimiento,EQ018,Compresor,Planta_A,11,Mecánica,Media,1,1400.0,Sí
OT00087,Asignación de técnico,2026-01-26 07:33:58,Jefe_Mantenimiento,EQ175,Montacargas,Planta_A,7,Software,Baja,3,1400.0,No
OT00088,Asignación de técnico,2026-01-26 07:45:58,Jefe_Mantenimiento,EQ312,Torno CNC,Planta_A,3,Software,Alta,0,1400.0,No
OT00094,Solicitud de repuesto,2026-01-26 07:49:40,Tec_02,EQ553,Bomba,Planta_A,18,Mecánica,Media,1,4290.66,No
OT00104,Asignación de técnico,2026-01-26 07:53:28,Jefe_Mantenimiento,EQ245,Compresor,Planta_A,2,Mecánica,Media,0,532.28,No
OT00078,Puesta en operación,2026-01-26 07:59:41,Tec_04,EQ014,Bomba,Planta_A,3,Mecánica,Media,1,1400.0,No
OT00059,Cierre,2026-01-26 08:00:00,Administracion_Mtto,EQ294,Montacargas,Planta_A,14,Mecánica,Media,0,2183.48,No
OT00076,Cierre,2026-01-26 08:00:00,Administracion_Mtto,EQ491,Prensa hidráulica,Planta_B,10,Software,Alta,3,874.92,No
OT00081,Cierre,2026-01-26 08:00:00,Administracion_Mtto,EQ494,Torno CNC,Planta_B,8,Eléctrica,Baja,0,2330.07,Sí
OT00073,Cierre,2026-01-26 08:00:00,Administracion_Mtto,EQ396,Bomba,Planta_B,16,Mecánica,Media,0,2800.0,No
OT00046,Cierre,2026-01-26 08:00:00,Administracion_Mtto,EQ658,Compresor,Planta_A,2,Hidráulica,Media,2,1400.0,Sí
OT00072,Cierre,2026-01-26 08:00:00,Administracion_Mtto,EQ392,Montacargas,Planta_A,13,Mecánica,Media,0,3422.89,Sí
OT00054,Cierre,2026-01-26 08:00:00,Administracion_Mtto,EQ110,Prensa hidráulica,Planta_A,13,Mecánica,Alta,1,1086.04,No
OT00036,Cierre,2026-01-26 08:00:00,Administracion_Mtto,EQ173,Bomba,Planta_B,10,Hidráulica,Media,2,2952.06,No
OT00080,Aprobación de compra,2026-01-26 08:00:00,Gerencia,EQ197,Prensa hidráulica,Planta_A,15,Eléctrica,Media,2,4758.07,Sí
OT00080,Aprobación de compra,2026-01-26 08:00:00,Gerencia,EQ197,Prensa hidráulica,Planta_A,15,Eléctrica,Media,2,4758.07,Sí
OT00055,Cierre,2026-01-26 08:00:00,Administracion_Mtto,EQ048,Compresor,Planta_B,18,Hidráulica,Alta,1,1252.09,Sí
OT00074,Cierre,2026-01-26 08:00:00,Administracion_Mtto,EQ092,Torno CNC,Planta_A,4,Mecánica,Baja,0,838.89,Sí
OT00033,Cierre,2026-01-26 08:00:00,Administracion_Mtto,EQ535,Torno CNC,Planta_A,6,Hidráulica,Media,1,1331.79,No
OT00056,Cierre,2026-01-26 08:00:00,Administracion_Mtto,EQ691,Compresor,Planta_A,14,Mecánica,Media,2,3367.11,No
OT00068,Cierre,2026-01-26 08:00:00,Administracion_Mtto,EQ300,Torno CNC,Planta_B,4,Mecánica,Media,0,513.35,No
OT00057,Cierre,2026-01-26 08:00:00,Administracion_Mtto,EQ204,Prensa hidráulica,Planta_B,12,Software,Baja,1,1400.0,No
OT00049,Cierre,2026-01-26 08:00:00,Administracion_Mtto,EQ675,Prensa hidráulica,Planta_A,4,Mecánica,Media,0,1400.0,No
OT00066,Cierre,2026-01-26 08:00:00,Administracion_Mtto,EQ064,Compresor,Planta_A,9,Hidráulica,Media,0,895.29,No
OT00085,Asignación de técnico,2026-01-26 08:01:31,Jefe_Mantenimiento,EQ355,Compresor,Planta_B,8,Software,Alta,1,1400.0,No
OT00098,Solicitud de repuesto,2026-01-26 08:01:53,Tec_06,EQ738,Bomba,Planta_B,5,Hidráulica,Alta,0,1674.77,No
OT00097,Asignación de técnico,2026-01-26 08:06:17,Jefe_Mantenimiento,EQ688,Montacargas,Planta_A,18,Eléctrica,Baja,1,14472.64,No
OT00096,Asignación de técnico,2026-01-26 08:07:48,Jefe_Mantenimiento,EQ743,Montacargas,Planta_B,15,Eléctrica,Baja,1,1400.0,Sí
OT00101,Asignación de técnico,2026-01-26 08:09:35,Jefe_Mantenimiento,EQ432,Compresor,Planta_A,17,Eléctrica,Alta,1,1035.36,Sí
OT00084,Asignación de técnico,2026-01-26 08:14:31,Jefe_Mantenimiento,EQ557,Bomba,Planta_A,14,Software,Baja,3,1400.0,No
OT00091,Asignación de técnico,2026-01-26 08:29:28,Jefe_Mantenimiento,EQ326,Compresor,Planta_A,11,Hidráulica,Media,2,1400.0,Sí
OT00090,Asignación de técnico,2026-01-26 08:32:49,Jefe_Mantenimiento,EQ689,Bomba,Planta_A,7,Eléctrica,Alta,1,1747.37,No
OT00097,Solicitud de repuesto,2026-01-26 08:36:18,Tec_04,EQ688,Montacargas,Planta_A,18,Eléctrica,Baja,1,14472.64,No
OT00095,Asignación de técnico,2026-01-26 08:47:05,Jefe_Mantenimiento,EQ677,Compresor,Planta_A,9,Hidráulica,Baja,0,1400.0,No
OT00089,Asignación de técnico,2026-01-26 09:02:47,Jefe_Mantenimiento,EQ737,Montacargas,Planta_B,18,Eléctrica,Media,1,1400.0,Sí
OT00090,Solicitud de repuesto,2026-01-26 09:02:50,Tec_05,EQ689,Bomba,Planta_A,7,Eléctrica,Alta,1,1747.37,No
OT00082,Reparación,2026-01-26 09:23:14,Tec_02,EQ373,Compresor,Planta_A,9,Mecánica,Media,0,1709.79,No
OT00093,Reparación,2026-01-26 09:39:56,Tec_06,EQ239,Compresor,Planta_B,18,Mecánica,Alta,3,2800.0,No
OT00091,Reparación,2026-01-26 10:19:14,Tec_01,EQ326,Compresor,Planta_A,11,Hidráulica,Media,2,1400.0,Sí
OT00082,Prueba,2026-01-26 10:28:52,Tec_02,EQ373,Compresor,Planta_A,9,Mecánica,Media,0,1709.79,No
OT00086,Reparación,2026-01-26 10:31:48,Tec_05,EQ018,Compresor,Planta_A,11,Mecánica,Media,1,1400.0,Sí
OT00038,Reparación,2026-01-26 10:42:13,Tec_05,EQ282,Torno CNC,Planta_A,12,Mecánica,Media,0,1813.27,No
OT00092,Reparación,2026-01-26 10:45:29,Tec_04,EQ219,Bomba,Planta_A,12,Eléctrica,Baja,1,1400.0,Sí
OT00082,Puesta en operación,2026-01-26 11:22:46,Tec_02,EQ373,Compresor,Planta_A,9,Mecánica,Media,0,1709.79,No
OT00103,Falla reportada,2026-01-26 11:23:59,Operador_11,EQ692,Bomba,Planta_B,16,Hidráulica,Baja,2,946.95,Sí
OT00095,Reparación,2026-01-26 11:34:02,Tec_02,EQ677,Compresor,Planta_A,9,Hidráulica,Baja,0,1400.0,No
OT00104,Reparación,2026-01-26 11:56:18,Tec_04,EQ245,Compresor,Planta_A,2,Mecánica,Media,0,532.28,No
OT00087,Reparación,2026-01-26 12:01:46,Tec_05,EQ175,Montacargas,Planta_A,7,Software,Baja,3,1400.0,No
OT00092,Prueba,2026-01-26 12:04:39,Tec_04,EQ219,Bomba,Planta_A,12,Eléctrica,Baja,1,1400.0,Sí
OT00086,Prueba,2026-01-26 12:12:03,Tec_05,EQ018,Compresor,Planta_A,11,Mecánica,Media,1,1400.0,Sí
OT00085,Reparación,2026-01-26 12:14:47,Tec_06,EQ355,Compresor,Planta_B,8,Software,Alta,1,1400.0,No
OT00102,Falla reportada,2026-01-26 12:33:28,Operador_12,EQ144,Bomba,Planta_A,18,Hidráulica,Media,2,1460.1,Sí
OT00038,Prueba,2026-01-26 12:39:01,Tec_05,EQ282,Torno CNC,Planta_A,12,Mecánica,Media,0,1813.27,No
OT00092,Puesta en operación,2026-01-26 12:42:00,Tec_04,EQ219,Bomba,Planta_A,12,Eléctrica,Baja,1,1400.0,Sí
OT00093,Prueba fallida,2026-01-26 12:52:37,Tec_06,EQ239,Compresor,Planta_B,18,Mecánica,Alta,3,2800.0,No
OT00096,Reparación,2026-01-26 12:59:27,Tec_06,EQ743,Montacargas,Planta_B,15,Eléctrica,Baja,1,1400.0,Sí
OT00058,Cierre,2026-01-26 13:07:17,Administracion_Mtto,EQ345,Bomba,Planta_B,9,Hidráulica,Media,1,1114.42,No
OT00089,Reparación,2026-01-26 13:08:18,Tec_06,EQ737,Montacargas,Planta_B,18,Eléctrica,Media,1,1400.0,Sí
OT00104,Prueba,2026-01-26 13:22:15,Tec_04,EQ245,Compresor,Planta_A,2,Mecánica,Media,0,532.28,No
OT00084,Reparación,2026-01-26 13:27:56,Tec_04,EQ557,Bomba,Planta_A,14,Software,Baja,3,1400.0,No
OT00091,Prueba,2026-01-26 13:36:54,Tec_01,EQ326,Compresor,Planta_A,11,Hidráulica,Media,2,1400.0,Sí
OT00101,Reparación,2026-01-26 13:39:51,Tec_04,EQ432,Compresor,Planta_A,17,Eléctrica,Alta,1,1035.36,Sí
OT00086,Puesta en operación,2026-01-26 13:40:45,Tec_05,EQ018,Compresor,Planta_A,11,Mecánica,Media,1,1400.0,Sí
OT00038,Puesta en operación,2026-01-26 13:57:33,Tec_05,EQ282,Torno CNC,Planta_A,12,Mecánica,Media,0,1813.27,No
OT00060,Prueba,2026-01-26 13:57:55,Tec_03,EQ185,Compresor,Planta_A,18,Mecánica,Media,5,5343.86,No
OT00087,Prueba,2026-01-26 14:09:15,Tec_05,EQ175,Montacargas,Planta_A,7,Software,Baja,3,1400.0,No
OT00091,Puesta en operación,2026-01-26 14:26:47,Tec_01,EQ326,Compresor,Planta_A,11,Hidráulica,Media,2,1400.0,Sí
OT00100,Falla reportada,2026-01-26 14:31:56,Operador_04,EQ439,Bomba,Planta_A,10,Eléctrica,Alta,1,1614.1,No
OT00085,Prueba,2026-01-26 14:38:19,Tec_06,EQ355,Compresor,Planta_B,8,Software,Alta,1,1400.0,No
OT00084,Prueba,2026-01-26 14:55:48,Tec_04,EQ557,Bomba,Planta_A,14,Software,Baja,3,1400.0,No
OT00083,Recepción de repuesto,2026-01-26 15:03:20,Bodega,EQ094,Torno CNC,Planta_A,8,Hidráulica,Baja,1,1601.24,No
OT00100,Diagnóstico,2026-01-26 15:20:02,Tec_04,EQ439,Bomba,Planta_A,10,Eléctrica,Alta,1,1614.1,No
OT00095,Prueba,2026-01-26 15:32:41,Tec_02,EQ677,Compresor,Planta_A,9,Hidráulica,Baja,0,1400.0,No
OT00104,Puesta en operación,2026-01-26 15:34:13,Tec_04,EQ245,Compresor,Planta_A,2,Mecánica,Media,0,532.28,No
OT00085,Puesta en operación,2026-01-26 16:01:23,Tec_06,EQ355,Compresor,Planta_B,8,Software,Alta,1,1400.0,No
OT00083,Reparación,2026-01-26 16:13:23,Tec_04,EQ094,Torno CNC,Planta_A,8,Hidráulica,Baja,1,1601.24,No
OT00102,Diagnóstico,2026-01-26 16:14:14,Tec_03,EQ144,Bomba,Planta_A,18,Hidráulica,Media,2,1460.1,Sí
OT00099,Falla reportada,2026-01-26 16:19:06,Operador_01,EQ117,Montacargas,Planta_A,14,Mecánica,Media,1,5131.69,No
OT00087,Puesta en operación,2026-01-26 16:20:27,Tec_05,EQ175,Montacargas,Planta_A,7,Software,Baja,3,1400.0,No
OT00100,Asignación de técnico,2026-01-26 16:25:26,Jefe_Mantenimiento,EQ439,Bomba,Planta_A,10,Eléctrica,Alta,1,1614.1,No
OT00060,Puesta en operación,2026-01-26 16:29:31,Tec_03,EQ185,Compresor,Planta_A,18,Mecánica,Media,5,5343.86,No
OT00095,Puesta en operación,2026-01-26 16:33:28,Tec_02,EQ677,Compresor,Planta_A,9,Hidráulica,Baja,0,1400.0,No
OT00084,Puesta en operación,2026-01-26 16:53:26,Tec_04,EQ557,Bomba,Planta_A,14,Software,Baja,3,1400.0,No
OT00100,Solicitud de repuesto,2026-01-26 16:55:27,Tec_01,EQ439,Bomba,Planta_A,10,Eléctrica,Alta,1,1614.1,No
OT00096,Prueba,2026-01-26 16:57:27,Tec_06,EQ743,Montacargas,Planta_B,15,Eléctrica,Baja,1,1400.0,Sí
OT00102,Asignación de técnico,2026-01-26 16:59:13,Jefe_Mantenimiento,EQ144,Bomba,Planta_A,18,Hidráulica,Media,2,1460.1,Sí
OT00102,Solicitud de repuesto,2026-01-26 17:29:14,Tec_01,EQ144,Bomba,Planta_A,18,Hidráulica,Media,2,1460.1,Sí
OT00105,Falla reportada,2026-01-27 01:59:01,Operador_01,EQ543,Bomba,Planta_B,13,Eléctrica,Media,1,3980.45,Sí
OT00099,Diagnóstico,2026-01-27 07:00:00,Tec_02,EQ117,Montacargas,Planta_A,14,Mecánica,Media,1,5131.69,No
OT00089,Prueba,2026-01-27 07:00:00,Tec_06,EQ737,Montacargas,Planta_B,18,Eléctrica,Media,1,1400.0,Sí
OT00088,Reparación,2026-01-27 07:00:00,Tec_05,EQ312,Torno CNC,Planta_A,3,Software,Alta,0,1400.0,No
OT00096,Puesta en operación,2026-01-27 07:00:00,Tec_06,EQ743,Montacargas,Planta_B,15,Eléctrica,Baja,1,1400.0,Sí
OT00101,Prueba,2026-01-27 07:00:00,Tec_04,EQ432,Compresor,Planta_A,17,Eléctrica,Alta,1,1035.36,Sí
OT00093,Nueva reparación,2026-01-27 07:00:00,Tec_06,EQ239,Compresor,Planta_B,18,Mecánica,Alta,3,2800.0,No
OT00083,Prueba,2026-01-27 07:00:00,Tec_04,EQ094,Torno CNC,Planta_A,8,Hidráulica,Baja,1,1601.24,No
OT00061,Reparación,2026-01-27 07:00:00,Tec_02,EQ679,Prensa hidráulica,Planta_A,16,Mecánica,Media,1,2714.81,No
OT00103,Diagnóstico,2026-01-27 07:17:00,Tec_B01,EQ692,Bomba,Planta_B,16,Hidráulica,Baja,2,946.95,Sí
OT00105,Diagnóstico,2026-01-27 07:22:00,Tec_B01,EQ543,Bomba,Planta_B,13,Eléctrica,Media,1,3980.45,Sí
OT00089,Puesta en operación,2026-01-27 07:29:22,Tec_06,EQ737,Montacargas,Planta_B,18,Eléctrica,Media,1,1400.0,Sí
OT00088,Prueba,2026-01-27 07:34:16,Tec_05,EQ312,Torno CNC,Planta_A,3,Software,Alta,0,1400.0,No
OT00101,Puesta en operación,2026-01-27 07:39:14,Tec_04,EQ432,Compresor,Planta_A,17,Eléctrica,Alta,1,1035.36,Sí
OT00083,Puesta en operación,2026-01-27 07:56:36,Tec_04,EQ094,Torno CNC,Planta_A,8,Hidráulica,Baja,1,1601.24,No
OT00047,Cierre,2026-01-27 08:00:00,Administracion_Mtto,EQ651,Torno CNC,Planta_A,6,Hidráulica,Baja,0,2800.0,No
OT00077,Cierre,2026-01-27 08:02:00,Administracion_Mtto,EQ729,Prensa hidráulica,Planta_A,3,Eléctrica,Alta,1,718.27,No
OT00075,Recepción de repuesto,2026-01-27 08:02:34,Bodega,EQ080,Prensa hidráulica,Planta_A,5,Eléctrica,Media,0,3071.35,No
OT00062,Cierre,2026-01-27 08:04:00,Administracion_Mtto,EQ735,Bomba,Planta_A,15,Eléctrica,Alta,1,5600.0,Sí
OT00094,Aprobación de compra,2026-01-27 08:06:00,Gerencia,EQ553,Bomba,Planta_A,18,Mecánica,Media,1,4290.66,No
OT00105,Asignación de técnico,2026-01-27 08:11:34,Jefe_Mantenimiento,EQ543,Bomba,Planta_B,13,Eléctrica,Media,1,3980.45,Sí
OT00088,Puesta en operación,2026-01-27 08:13:47,Tec_05,EQ312,Torno CNC,Planta_A,3,Software,Alta,0,1400.0,No
OT00065,Cierre,2026-01-27 08:18:00,Administracion_Mtto,EQ506,Montacargas,Planta_A,5,Hidráulica,Media,0,1571.36,No
OT00099,Asignación de técnico,2026-01-27 08:24:31,Jefe_Mantenimiento,EQ117,Montacargas,Planta_A,14,Mecánica,Media,1,5131.69,No
OT00090,Recepción de repuesto,2026-01-27 08:33:26,Bodega,EQ689,Bomba,Planta_A,7,Eléctrica,Alta,1,1747.37,No
OT00103,Asignación de técnico,2026-01-27 08:34:55,Jefe_Mantenimiento,EQ692,Bomba,Planta_B,16,Hidráulica,Baja,2,946.95,Sí
OT00032,Cierre,2026-01-27 08:54:24,Administracion_Mtto,EQ125,Montacargas,Planta_B,14,Software,Baja,3,2170.4,No
OT00099,Solicitud de repuesto,2026-01-27 08:54:32,Tec_03,EQ117,Montacargas,Planta_A,14,Mecánica,Media,1,5131.69,No
OT00093,Prueba,2026-01-27 09:49:27,Tec_06,EQ239,Compresor,Planta_B,18,Mecánica,Alta,3,2800.0,No
OT00061,Prueba ,2026-01-27 09:50:02,Tec_02,EQ679,Prensa hidráulica,Planta_A,16,Mecánica,Media,1,2714.81,No
OT00061,Puesta en operación,2026-01-27 11:00:10,Tec_02,EQ679,Prensa hidráulica,Planta_A,16,Mecánica,Media,1,2714.81,No
OT00105,Reparación,2026-01-27 11:25:20,Tec_06,EQ543,Bomba,Planta_B,13,Eléctrica,Media,1,3980.45,Sí
OT00102,Recepción de repuesto,2026-01-27 11:34:01,Bodega,EQ144,Bomba,Planta_A,18,Hidráulica,Media,2,1460.1,Sí
OT00090,Reparación,2026-01-27 11:49:34,Tec_05,EQ689,Bomba,Planta_A,7,Eléctrica,Alta,1,1747.37,No
OT00103,Reparación,2026-01-27 11:58:43,Tec_07,EQ692,Bomba,Planta_B,16,Hidráulica,Baja,2,946.95,Sí
OT00075,Reparación,2026-01-27 12:12:22,Tec_02,EQ080,Prensa hidráulica,Planta_A,5,Eléctrica,Media,0,3071.35,No
OT00093,Puesta en operación,2026-01-27 12:47:28,Tec_06,EQ239,Compresor,Planta_B,18,Mecánica,Alta,3,2800.0,No
OT00103,Prueba,2026-01-27 13:25:29,Tec_07,EQ692,Bomba,Planta_B,16,Hidráulica,Baja,2,946.95,Sí
OT00105,Prueba fallida,2026-01-27 13:47:18,Tec_06,EQ543,Bomba,Planta_B,13,Eléctrica,Media,1,3980.45,Sí
OT00102,Reparación,2026-01-27 13:51:14,Tec_01,EQ144,Bomba,Planta_A,18,Hidráulica,Media,2,1460.1,Sí
OT00107,Falla reportada,2026-01-27 14:18:58,Operador_07,EQ546,Compresor,Planta_A,1,Hidráulica,Baja,0,1511.88,No
OT00103,Puesta en operación,2026-01-27 14:27:20,Tec_07,EQ692,Bomba,Planta_B,16,Hidráulica,Baja,2,946.95,Sí
OT00075,Prueba,2026-01-27 14:27:55,Tec_02,EQ080,Prensa hidráulica,Planta_A,5,Eléctrica,Media,0,3071.35,No
OT00038,Cierre,2026-01-27 15:11:12,Administracion_Mtto,EQ282,Torno CNC,Planta_A,12,Mecánica,Media,0,1813.27,No
OT00102,Prueba,2026-01-27 15:47:11,Tec_01,EQ144,Bomba,Planta_A,18,Hidráulica,Media,2,1460.1,Sí
OT00090,Prueba,2026-01-27 16:01:42,Tec_05,EQ689,Bomba,Planta_A,7,Eléctrica,Alta,1,1747.37,No
OT00107,Diagnóstico,2026-01-27 16:25:44,Tec_05,EQ546,Compresor,Planta_A,1,Hidráulica,Baja,0,1511.88,No
OT00090,Puesta en operación,2026-01-27 16:25:45,Tec_05,EQ689,Bomba,Planta_A,7,Eléctrica,Alta,1,1747.37,No
OT00075,Puesta en operación,2026-01-27 16:34:48,Tec_02,EQ080,Prensa hidráulica,Planta_A,5,Eléctrica,Media,0,3071.35,No
OT00102,Puesta en operación,2026-01-27 16:36:00,Tec_01,EQ144,Bomba,Planta_A,18,Hidráulica,Media,2,1460.1,Sí
OT00108,Falla reportada,2026-01-27 16:42:40,Operador_02,EQ595,Compresor,Planta_A,14,Hidráulica,Alta,2,2145.24,Sí
OT00106,Falla reportada,2026-01-27 22:39:56,Operador_06,EQ612,Compresor,Planta_A,18,Mecánica,Media,0,2344.73,Sí
OT00108,Diagnóstico,,Tec_05,EQ595,Compresor,Planta_A,14,Hidráulica,Alta,2,2145.24,Sí
OT00107,Asignación de técnico,2026-01-28 07:00:00,Jefe_Mantenimiento,EQ546,Compresor,Planta_A,1,Hidráulica,Baja,0,1511.88,No
OT00105,Nueva reparación,2026-01-28 07:00:00,Tec_06,EQ543,Bomba,Planta_B,13,Eléctrica,Media,1,3980.45,Sí
OT00106,Diagnóstico,2026-01-28 07:06:00,Tec_05,EQ612,Compresor,Planta_A,18,Mecánica,Media,0,2344.73,Sí
OT00100,Recepción de repuesto,2026-01-28 07:09:00,Bodega,EQ439,Bomba,Planta_A,10,Eléctrica,Alta,1,1614.1,No
OT00108,Asignación de técnico,2026-01-28 07:26:01,Jefe_Mantenimiento,EQ595,Compresor,Planta_A,14,Hidráulica,Alta,2,2145.24,Sí
OT00107,Solicitud de repuesto,2026-01-28 07:30:01,Tec_03,EQ546,Compresor,Planta_A,1,Hidráulica,Baja,0,1511.88,No
OT00108,Solicitud de repuesto,2026-01-28 07:56:02,Tec_04,EQ595,Compresor,Planta_A,14,Hidráulica,Alta,2,2145.24,Sí
OT00064,Cierre,2026-01-28 08:00:00,Administracion_Mtto,EQ414,Compresor,Planta_A,1,Mecánica,Alta,0,964.31,No
OT00096,Cierre,2026-01-28 08:00:00,Administracion_Mtto,EQ743,Montacargas,Planta_B,15,Eléctrica,Baja,1,1400.0,Sí
OT00078,Cierre,2026-01-28 08:02:33,Administracion_Mtto,EQ014,Bomba,Planta_A,3,Mecánica,Media,1,1400.0,No
OT00088,Cierre,2026-01-28 08:23:00,Administracion_Mtto,EQ312,Torno CNC,Planta_A,3,Software,Alta,0,1400.0,No
OT00106,Asignación de técnico,2026-01-28 08:30:08,Jefe_Mantenimiento,EQ612,Compresor,Planta_A,18,Mecánica,Media,0,2344.73,Sí
OT00105,Prueba fallida,2026-01-28 08:31:37,Tec_06,EQ543,Bomba,Planta_B,13,Eléctrica,Media,1,3980.45,Sí
OT00091,Cierre,2026-01-28 09:35:08,Administracion_Mtto,EQ326,Compresor,Planta_A,11,Hidráulica,Media,2,1400.0,Sí
OT00106,Reparación,2026-01-28 10:34:29,Tec_05,EQ612,Compresor,Planta_A,18,Mecánica,Media,0,2344.73,Sí
OT00105,Nueva reparación,2026-01-28 11:50:27,Tec_06,EQ543,Bomba,Planta_B,13,Eléctrica,Media,1,3980.45,Sí
OT00106,Prueba fallida,2026-01-28 12:00:03,Tec_05,EQ612,Compresor,Planta_A,18,Mecánica,Media,0,2344.73,Sí
OT00100,Reparación,2026-01-28 12:52:16,Tec_01,EQ439,Bomba,Planta_A,10,Eléctrica,Alta,1,1614.1,No
OT00052,Recepción de repuesto,2026-01-28 13:32:04,Bodega,EQ227,Prensa hidráulica,Planta_B,3,Mecánica,Media,2,2651.67,No
OT00100,Prueba,2026-01-28 15:08:21,Tec_01,EQ439,Bomba,Planta_A,10,Eléctrica,Alta,1,1614.1,No
OT00089,Cierre,2026-01-28 15:08:32,Administracion_Mtto,EQ737,Montacargas,Planta_B,18,Eléctrica,Media,1,1400.0,Sí
OT00105,Prueba,2026-01-28 15:15:40,Tec_06,EQ543,Bomba,Planta_B,13,Eléctrica,Media,1,3980.45,Sí
OT00106,Nueva reparación,2026-01-28 15:24:03,Tec_05,EQ612,Compresor,Planta_A,18,Mecánica,Media,0,2344.73,Sí
OT00086,Cierre,2026-01-28 15:42:42,Administracion_Mtto,EQ018,Compresor,Planta_A,11,Mecánica,Media,1,1400.0,Sí
OT00105,Puesta en operación,2026-01-28 15:53:34,Tec_06,EQ543,Bomba,Planta_B,13,Eléctrica,Media,1,3980.45,Sí
OT00100,Puesta en operación,2026-01-28 16:23:35,Tec_01,EQ439,Bomba,Planta_A,10,Eléctrica,Alta,1,1614.1,No
OT00109,Falla reportada ,2026-01-28 16:28:25,Operador_11,EQ183,Montacargas,Planta_A,13,Eléctrica,Media,3,1348.43,Sí
OT00083,Cierre,2026-01-28 16:50:36,Administracion_Mtto,EQ094,Torno CNC,Planta_A,8,Hidráulica,Baja,1,1601.24,No
OT00061,Cierre,2026-01-28 16:52:28,Administracion_Mtto,EQ679,Prensa hidráulica,Planta_A,16,Mecánica,Media,1,2714.81,No
OT00052,Reparación,2026-01-28 16:59:59,Tec_06,EQ227,Prensa hidráulica,Planta_B,3,Mecánica,Media,2,2651.67,No
OT00110,Falla reportada,2026-01-28 22:07:05,Operador_09,EQ614,Bomba,Planta_B,8,Software,Media,0,1283.67,Sí
OT00117,Falla reportada,2026-01-29 05:14:06,Operador_04,EQ742,Torno CNC,Planta_A,10,Mecánica,Media,3,300.37,No
OT00106,Prueba,2026-01-29 07:00:00,Tec_05,EQ612,Compresor,Planta_A,18,Mecánica,Media,0,2344.73,Sí
OT00052,Prueba,2026-01-29 07:00:00,Tec_06,EQ227,Prensa hidráulica,Planta_B,3,Mecánica,Media,2,2651.67,No
OT00107,Recepción de repuesto,2026-01-29 07:00:00,Bodega,EQ546,Compresor,Planta_A,1,Hidráulica,Baja,0,1511.88,No
OT00094,Recepción de repuesto,2026-01-29 07:00:00,Bodega,EQ553,Bomba,Planta_A,18,Mecánica,Media,1,4290.66,No
OT00109,Diagnóstico,2026-01-29 07:00:00,Tec_02,EQ183,Montacargas,Planta_A,13,Eléctrica,Media,3,1348.43,Sí
OT00117,Diagnóstico,2026-01-29 07:00:03,Tec_02,EQ742,Torno CNC,Planta_A,10,Mecánica,Media,3,300.37,No
OT00113,Falla reportada,2026-01-29 07:02:36,Operador_05,EQ048,Compresor,Planta_B,18,Hidráulica,Baja,2,3314.32,No
OT00108,Recepción de repuesto,2026-01-29 07:12:00,Bodega,EQ595,Compresor,Planta_A,14,Hidráulica,Alta,2,2145.24,Sí
OT00111,Falla reportada,2026-01-29 07:42:00,Operador_03,EQ395,Torno CNC,Planta_A,1,Mecánica,Alta,0,2096.32,No
OT00103,Cierre,2026-01-29 08:00:00,Administracion_Mtto,EQ692,Bomba,Planta_B,16,Hidráulica,Baja,2,946.95,Sí
OT00085,Cierre,2026-01-29 08:00:00,Administracion_Mtto,EQ355,Compresor,Planta_B,8,Software,Alta,1,1400.0,No
OT00087,Cierre,2026-01-29 08:00:00,Administracion_Mtto,EQ175,Montacargas,Planta_A,7,Software,Baja,3,1400.0,No
OT00106,Puesta en operación,2026-01-29 08:09:42,Tec_05,EQ612,Compresor,Planta_A,18,Mecánica,Media,0,2344.73,Sí
OT00117,Asignación de técnico,2026-01-29 08:20:23,Jefe_Mantenimiento,EQ742,Torno CNC,Planta_A,10,Mecánica,Media,3,300.37,No
OT00052,Puesta en operación,2026-01-29 08:26:44,Tec_06,EQ227,Prensa hidráulica,Planta_B,3,Mecánica,Media,2,2651.67,No
OT00084,Cierre,2026-01-29 08:28:00,Administracion_Mtto,EQ557,Bomba,Planta_A,14,Software,Baja,3,1400.0,No
OT00111,Diagnóstico,2026-01-29 08:28:57,Tec_03,EQ395,Torno CNC,Planta_A,1,Mecánica,Alta,0,2096.32,No
OT00109,Asignación de técnico,2026-01-29 08:37:26,Jefe_Mantenimiento,EQ183,Montacargas,Planta_A,13,Eléctrica,Media,3,1348.43,Sí
OT00107,Reparación,2026-01-29 09:03:55,Tec_03,EQ546,Compresor,Planta_A,1,Hidráulica,Baja,0,1511.88,No
OT00111,Asignación de técnico,2026-01-29 09:16:02,Jefe_Mantenimiento,EQ395,Torno CNC,Planta_A,1,Mecánica,Alta,0,2096.32,No
OT00111,Solicitud de repuesto,2026-01-29 09:46:03,Tec_02,EQ395,Torno CNC,Planta_A,1,Mecánica,Alta,0,2096.32,No
OT00118,Falla reportada,2026-01-29 10:23:31,Operador_08,EQ150,Bomba,Planta_B,18,Software,Baja,3,1053.32,No
OT00082,Cierre,2026-01-29 10:46:54,Administracion_Mtto,EQ373,Compresor,Planta_A,9,Mecánica,Media,0,1709.79,No
OT00114,Falla reportada,2026-01-29 10:57:21,Operador_05,EQ371,Montacargas,Planta_B,18,Mecánica,Media,3,1011.43,Sí
OT00094,Reparación,2026-01-29 11:07:36,Tec_02,EQ553,Bomba,Planta_A,18,Mecánica,Media,1,4290.66,No
OT00117,Reparación,2026-01-29 11:33:55,Tec_02,EQ742,Torno CNC,Planta_A,10,Mecánica,Media,3,300.37,No
OT00109,Reparación,2026-01-29 11:48:11,Tec_01,EQ183,Montacargas,Planta_A,13,Eléctrica,Media,3,1348.43,Sí
OT00095,Cierre,2026-01-29 11:58:04,Administracion_Mtto,EQ677,Compresor,Planta_A,9,Hidráulica,Baja,0,1400.0,No
OT00108,Reparación,2026-01-29 12:41:16,Tec_04,EQ595,Compresor,Planta_A,14,Hidráulica,Alta,2,2145.24,Sí
OT00107,Prueba,2026-01-29 12:45:49,Tec_03,EQ546,Compresor,Planta_A,1,Hidráulica,Baja,0,1511.88,No
OT00094,Prueba,2026-01-29 13:11:47,Tec_02,EQ553,Bomba,Planta_A,18,Mecánica,Media,1,4290.66,No
OT00117,Prueba,2026-01-29 13:15:15,Tec_02,EQ742,Torno CNC,Planta_A,10,Mecánica,Media,3,300.37,No
OT00107,Puesta en operación,2026-01-29 13:22:26,Tec_03,EQ546,Compresor,Planta_A,1,Hidráulica,Baja,0,1511.88,No
OT00094,Puesta en operación,2026-01-29 13:42:47,Tec_02,EQ553,Bomba,Planta_A,18,Mecánica,Media,1,4290.66,No
OT00117,Puesta en operación,2026-01-29 13:49:01,Tec_02,EQ742,Torno CNC,Planta_A,10,Mecánica,Media,3,300.37,No
OT00108,Prueba,2026-01-29 14:07:21,Tec_04,EQ595,Compresor,Planta_A,14,Hidráulica,Alta,2,2145.24,Sí
OT00113,Diagnóstico,2026-01-29 15:04:51,Tec_B01,EQ048,Compresor,Planta_B,18,Hidráulica,Baja,2,3314.32,No
OT00108,Puesta en operación,2026-01-29 15:35:02,Tec_04,EQ595,Compresor,Planta_A,14,Hidráulica,Alta,2,2145.24,Sí
OT00116,Falla reportada,2026-01-29 15:36:44,Operador_06,EQ326,Compresor,Planta_A,11,Hidráulica,Media,3,2800.0,No
OT00112,Falla reportada,2026-01-29 15:47:11,Operador_11,EQ737,Montacargas,Planta_B,18,Software,Baja,2,802.55,No
OT00079,Recepción de repuesto,2026-01-29 16:02:45,Bodega,EQ215,Compresor,Planta_A,10,Mecánica,Alta,0,2695.74,No
OT00113,Asignación de técnico,2026-01-29 16:07:34,Jefe_Mantenimiento,EQ048,Compresor,Planta_B,18,Hidráulica,Baja,2,3314.32,No
OT00110,Diagnóstico,2026-01-29 16:16:49,Tec_B01,EQ614,Bomba,Planta_B,8,Software,Media,0,1283.67,Sí
OT00116,Diagnóstico,2026-01-29 16:19:28,Tec_03,EQ326,Compresor,Planta_A,11,Hidráulica,Media,3,2800.0,No
OT00109,Prueba,2026-01-29 16:19:49,Tec_01,EQ183,Montacargas,Planta_A,13,Eléctrica,Media,3,1348.43,Sí
OT00118,Diagnóstico,2026-01-29 16:29:35,Tec_B01,EQ150,Bomba,Planta_B,18,Software,Baja,3,1053.32,No
OT00115,Falla reportada,2026-01-29 16:33:04,Operador_09,EQ051,Compresor,Planta_A,13,Eléctrica,Media,4,2800.0,No
OT00113,Solicitud de repuesto,2026-01-29 16:37:35,Tec_06,EQ048,Compresor,Planta_B,18,Hidráulica,Baja,2,3314.32,No
OT00119,Falla reportada,2026-01-30 00:26:51,Operador_05,EQ678,Compresor,Planta_B,14,Mecánica,Alta,3,508.27,No
OT00118,Asignación de técnico,2026-01-30 07:00:00,Jefe_Mantenimiento,EQ150,Bomba,Planta_B,18,Software,Baja,3,1053.32,No
OT00112,Diagnóstico,2026-01-30 07:00:00,Tec_B01,EQ737,Montacargas,Planta_B,18,Software,Baja,2,802.55,No
OT00115,Diagnóstico,2026-01-30 07:00:00,Tec_04,EQ051,Compresor,Planta_A,13,Eléctrica,Media,4,2800.0,No
OT00114,Diagnóstico,2026-01-30 07:00:00,Tec_B01,EQ371,Montacargas,Planta_B,18,Mecánica,Media,3,1011.43,Sí
OT00079,Reparación,2026-01-30 07:00:00,Tec_03,EQ215,Compresor,Planta_A,10,Mecánica,Alta,0,2695.74,No
OT00109,Puesta en operación,2026-01-30 07:00:00,Tec_01,EQ183,Montacargas,Planta_A,13,Eléctrica,Media,3,1348.43,Sí
OT00110,Asignación de técnico,2026-01-30 07:00:00,Jefe_Mantenimiento,EQ614,Bomba,Planta_B,8,Software,Media,0,1283.67,Sí
OT00116,Asignación de técnico,2026-01-30 07:00:00,Jefe_Mantenimiento,EQ326,Compresor,Planta_A,11,Hidráulica,Media,3,2800.0,No
OT00115,Asignación de técnico,2026-01-30 07:18:37,Jefe_Mantenimiento,EQ051,Compresor,Planta_A,13,Eléctrica,Media,4,2800.0,No
OT00119,Diagnóstico,2026-01-30 07:23:00,Tec_B01,EQ678,Compresor,Planta_B,14,Mecánica,Alta,3,508.27,No
OT00111,Recepción de repuesto,2026-01-30 07:24:00,Bodega,EQ395,Torno CNC,Planta_A,1,Mecánica,Alta,0,2096.32,No
OT00114,Asignación de técnico,2026-01-30 07:41:04,Jefe_Mantenimiento,EQ371,Montacargas,Planta_B,18,Mecánica,Media,3,1011.43,Sí
OT00060,Cierre,2026-01-30 08:03:00,Administracion_Mtto,EQ185,Compresor,Planta_A,18,Mecánica,Media,5,5343.86,No
OT00119,Asignación de técnico,2026-01-30 08:06:22,Jefe_Mantenimiento,EQ678,Compresor,Planta_B,14,Mecánica,Alta,3,508.27,No
OT00101,Cierre,2026-01-30 08:07:00,Administracion_Mtto,EQ432,Compresor,Planta_A,17,Eléctrica,Alta,1,1035.36,Sí
OT00112,Asignación de técnico,2026-01-30 08:21:19,Jefe_Mantenimiento,EQ737,Montacargas,Planta_B,18,Software,Baja,2,802.55,No
OT00070,Cierre,2026-01-30 08:22:00,Administracion_Mtto,EQ224,Torno CNC,Planta_A,9,Software,Media,1,703.55,No
OT00053,Cierre,2026-01-30 08:32:51,Administracion_Mtto,EQ325,Torno CNC,Planta_B,12,Hidráulica,Media,1,1006.44,No
OT00110,Reparación,2026-01-30 08:54:55,Tec_07,EQ614,Bomba,Planta_B,8,Software,Media,0,1283.67,Sí
OT00079,Prueba,2026-01-30 09:15:16,Tec_03,EQ215,Compresor,Planta_A,10,Mecánica,Alta,0,2695.74,No
OT00079,Prueba,2026-01-30 09:15:16,Tec_03,EQ215,Compresor,Planta_A,10,Mecánica,Alta,0,2695.74,No
OT00079,Puesta en operación,2026-01-30 09:48:36,Tec_03,EQ215,Compresor,Planta_A,10,Mecánica,Alta,0,2695.74,No
OT00110,Prueba,2026-01-30 09:50:36,Tec_07,EQ614,Bomba,Planta_B,8,Software,Media,0,1283.67,Sí
OT00112,Reparación,2026-01-30 09:56:12,Tec_07,EQ737,Montacargas,Planta_B,18,Software,Baja,2,802.55,No
OT00116,Reparación,2026-01-30 10:02:14,Tec_02,EQ326,Compresor,Planta_A,11,Hidráulica,Media,3,2800.0,No
OT00111,Reparación,2026-01-30 10:17:07,Tec_02,EQ395,Torno CNC,Planta_A,1,Mecánica,Alta,0,2096.32,No
OT00119,Reparación,2026-01-30 10:25:16,Tec_07,EQ678,Compresor,Planta_B,14,Mecánica,Alta,3,508.27,No
OT00110,puesta en operación,2026-01-30 10:47:40,Tec_07,EQ614,Bomba,Planta_B,8,Software,Media,0,1283.67,Sí
OT00111,Prueba,2026-01-30 11:37:38,Tec_02,EQ395,Torno CNC,Planta_A,1,Mecánica,Alta,0,2096.32,No
OT00114,Reparación,2026-01-30 11:46:03,Tec_06,EQ371,Montacargas,Planta_B,18,Mecánica,Media,3,1011.43,Sí
OT00116,Prueba fallida,2026-01-30 12:13:45,Tec_02,EQ326,Compresor,Planta_A,11,Hidráulica,Media,3,2800.0,No
OT00118,Reparación,2026-01-30 12:28:27,Tec_07,EQ150,Bomba,Planta_B,18,Software,Baja,3,1053.32,No
OT00097,Aprobación de compra,2026-01-30 12:43:47,Gerencia,EQ688,Montacargas,Planta_A,18,Eléctrica,Baja,1,14472.64,No
OT00111,Puesta en operación,2026-01-30 13:12:44,Tec_02,EQ395,Torno CNC,Planta_A,1,Mecánica,Alta,0,2096.32,No
OT00112,Prueba,2026-01-30 13:35:23,Tec_07,EQ737,Montacargas,Planta_B,18,Software,Baja,2,802.55,No
OT00119,Prueba,2026-01-30 14:08:46,Tec_07,EQ678,Compresor,Planta_B,14,Mecánica,Alta,3,508.27,No
OT00114,Prueba,2026-01-30 14:09:36,Tec_06,EQ371,Montacargas,Planta_B,18,Mecánica,Media,3,1011.43,Sí
OT00113,Recepción de repuesto,2026-01-30 14:10:52,Bodega,EQ048,Compresor,Planta_B,18,Hidráulica,Baja,2,3314.32,No
OT00120,Falla reportada,2026-01-30 14:37:21,Operador_07,EQ387,Compresor,Planta_A,11,Eléctrica,Alta,2,2268.51,No
OT00112,Puesta en operación,2026-01-30 14:42:59,Tec_07,EQ737,Montacargas,Planta_B,18,Software,Baja,2,802.55,No
OT00118,Prueba,2026-01-30 14:46:52,Tec_07,EQ150,Bomba,Planta_B,18,Software,Baja,3,1053.32,No
OT00119,Puesta en operación,2026-01-30 14:58:10,Tec_07,EQ678,Compresor,Planta_B,14,Mecánica,Alta,3,508.27,No
OT00116,Nueva reparación,2026-01-30 15:05:14,Tec_02,EQ326,Compresor,Planta_A,11,Hidráulica,Media,3,2800.0,No
OT00075,Cierre,2026-01-30 15:23:00,Administracion_Mtto,EQ080,Prensa hidráulica,Planta_A,5,Eléctrica,Media,0,3071.35,No
OT00100,Cierre,2026-01-30 15:42:04,Administracion_Mtto,EQ439,Bomba,Planta_A,10,Eléctrica,Alta,1,1614.1,No
OT00120,Diagnóstico,2026-01-30 15:43:06,Tec_01,EQ387,Compresor,Planta_A,11,Eléctrica,Alta,2,2268.51,No
OT00114,Puesta en operación,2026-01-30 15:51:14,Tec_06,EQ371,Montacargas,Planta_B,18,Mecánica,Media,3,1011.43,Sí
OT00118,Puesta en operación,2026-01-30 16:29:13,Tec_07,EQ150,Bomba,Planta_B,18,Software,Baja,3,1053.32,No
OT00120,Asignación de técnico,2026-01-30 16:38:17,Jefe_Mantenimiento,EQ387,Compresor,Planta_A,11,Eléctrica,Alta,2,2268.51,No
OT00120,Solicitud de repuesto,2026-01-30 17:08:18,Tec_02,EQ387,Compresor,Planta_A,11,Eléctrica,Alta,2,2268.51,No
OT00121,Falla reportada,2026-01-30 21:42:47,Operador_01,EQ494,Torno CNC,Planta_B,8,Hidráulica,Media,1,2798.9,No
OT00123,Falla reportada,2026-01-31 04:38:55,Operador_11,EQ214,Compresor,Planta_A,16,Eléctrica,Baja,0,6151.14,Sí
OT00124,Falla reportada,2026-01-31 17:55:35,Operador_03,EQ603,Torno CNC,Planta_A,7,Eléctrica,Media,0,3511.91,Sí
OT00125,Falla reportada,2026-01-31 18:06:55,Operador_12,EQ628,Bomba,Planta_B,13,Software,Alta,2,1400.0,No
OT00122,Falla reportada,2026-01-31 23:24:59,Operador_01,EQ144,Bomba,Planta_A,18,Eléctrica,Baja,3,6349.19,Sí
OT00130,Falla reportada,2026-02-01 00:11:18,Operador_05,EQ720,Bomba,Planta_A,16,Software,Baja,2,2800.0,No
OT00132,Falla reportada,2026-02-01 02:25:06,Operador_12,EQ333,Compresor,Planta_A,6,Eléctrica,Media,0,1400.0,Sí
OT00128,Falla reportada,2026-02-01 06:57:48,Operador_08,EQ700,Torno CNC,Planta_A,9,Mecánica,Media,1,2978.82,No
OT00129,Falla reportada,2026-02-01 12:18:42,Operador_05,EQ087,Bomba,Planta_B,5,Hidráulica,Baja,2,2337.84,No
OT00133,Falla reportada,2026-02-01 12:54:40,Operador_08,EQ212,Compresor,Planta_A,14,Eléctrica,Alta,1,848.29,Sí
OT00131,Falla reportada,2026-02-01 13:27:04,Operador_09,EQ081,Prensa hidráulica,Planta_A,2,Eléctrica,Media,0,886.58,No
OT00127,Falla reportada,2026-02-01 19:55:31,Operador_08,EQ089,Prensa hidráulica,Planta_A,9,Software,Media,0,692.45,No
OT00126,Falla reportada,2026-02-01 23:37:34,Operador_05,EQ274,Montacargas,Planta_B,4,Mecánica,Baja,1,1741.55,No
OT00134,Falla reportada,2026-02-02 01:38:13,Operador_04,EQ241,Compresor,Planta_B,11,Mecánica,Baja,2,2019.14,No
OT00080,Recepción de repuesto,2026-02-02 07:00:00,Bodega,EQ197,Prensa hidráulica,Planta_A,15,Eléctrica,Media,2,4758.07,Sí
OT00123,Diagnóstico,2026-02-02 07:00:00,Tec_05,EQ214,Compresor,Planta_A,16,Eléctrica,Baja,0,6151.14,Sí
OT00131,Diagnóstico,2026-02-02 07:00:00,Tec_04,EQ081,Prensa hidráulica,Planta_A,2,Eléctrica,Media,0,886.58,No
OT00124,Diagnóstico,2026-02-02 07:00:00,Tec_01,EQ603,Torno CNC,Planta_A,7,Eléctrica,Media,0,3511.91,Sí
OT00128,Diagnóstico,2026-02-02 07:00:00,Tec_03,EQ700,Torno CNC,Planta_A,9,Mecánica,Media,1,2978.82,No
OT00133,Diagnóstico,2026-02-02 07:00:00,Tec_05,EQ212,Compresor,Planta_A,14,Eléctrica,Alta,1,848.29,Sí
OT00133,Diagnóstico,2026-02-02 07:00:00,Tec_05,EQ212,Compresor,Planta_A,14,Eléctrica,Alta,1,848.29,Sí
OT00113,Reparación,2026-02-02 07:00:00,Tec_06,EQ048,Compresor,Planta_B,18,Hidráulica,Baja,2,3314.32,No
OT00116,Prueba,2026-02-02 07:00:00,Tec_02,EQ326,Compresor,Planta_A,11,Hidráulica,Media,3,2800.0,No
OT00132,Diagnóstico,2026-02-02 07:00:00,Tec_05,EQ333,Compresor,Planta_A,6,Eléctrica,Media,0,1400.0,Sí
OT00130,Diagnóstico,2026-02-02 07:00:00,Tec_02,EQ720,Bomba,Planta_A,16,Software,Baja,2,2800.0,No
OT00121,Diagnóstico,2026-02-02 07:00:00,Tec_B01,EQ494,Torno CNC,Planta_B,8,Hidráulica,Media,1,2798.9,No
OT00127,Diagnóstico,2026-02-02 07:00:00,Tec_02,EQ089,Prensa hidráulica,Planta_A,9,Software,Media,0,692.45,No
OT00125,Diagnóstico,2026-02-02 07:00:00,Tec_B01,EQ628,Bomba,Planta_B,13,Software,Alta,2,1400.0,No
OT00115,Reparación,2026-02-02 07:00:00,Tec_02,EQ051,Compresor,Planta_A,13,Eléctrica,Media,4,2800.0,No
OT00122,Diagnóstico,2026-02-02 07:00:00,Tec_04,EQ144,Bomba,Planta_A,18,Eléctrica,Baja,3,6349.19,Sí
OT00127,Asignación de técnico,2026-02-02 07:28:02,Jefe_Mantenimiento,EQ089,Prensa hidráulica,Planta_A,9,Software,Media,0,692.45,No
OT00133,Asignación de técnico,2026-02-02 07:32:46,Jefe_Mantenimiento,EQ212,Compresor,Planta_A,14,Eléctrica,Alta,1,848.29,Sí
OT00124,Asignación de técnico,2026-02-02 07:34:25,Jefe_Mantenimiento,EQ603,Torno CNC,Planta_A,7,Eléctrica,Media,0,3511.91,Sí
OT00131,Asignación de técnico,2026-02-02 07:47:21,Jefe_Mantenimiento,EQ081,Prensa hidráulica,Planta_A,2,Eléctrica,Media,0,886.58,No
OT00116,Puesta en operación,2026-02-02 07:48:45,Tec_02,EQ326,Compresor,Planta_A,11,Hidráulica,Media,3,2800.0,No
OT00121,Asignación de técnico,2026-02-02 07:50:03,Jefe_Mantenimiento,EQ494,Torno CNC,Planta_B,8,Hidráulica,Media,1,2798.9,No
OT00128,Asignación de técnico,2026-02-02 07:50:20,Jefe_Mantenimiento,EQ700,Torno CNC,Planta_A,9,Mecánica,Media,1,2978.82,No
OT00105,Cierre,2026-02-02 08:00:00,Administracion_Mtto,EQ543,Bomba,Planta_B,13,Eléctrica,Media,1,3980.45,Sí
OT00104,Cierre,2026-02-02 08:00:00,Administracion_Mtto,EQ245,Compresor,Planta_A,2,Mecánica,Media,0,532.28,No
OT00102,Cierre,2026-02-02 08:00:00,Administracion_Mtto,EQ144,Bomba,Planta_A,18,Hidráulica,Media,2,1460.1,Sí
OT00090,Cierre,2026-02-02 08:00:00,Administracion_Mtto,EQ689,Bomba,Planta_A,7,Eléctrica,Alta,1,1747.37,No
OT00106,Cierre,2026-02-02 08:00:00,Administracion_Mtto,EQ612,Compresor,Planta_A,18,Mecánica,Media,0,2344.73,Sí
OT00114,Cierre,2026-02-02 08:00:00,Administracion_Mtto,EQ371,Montacargas,Planta_B,18,Mecánica,Media,3,1011.43,Sí
OT00119,Cierre,2026-02-02 08:00:00,Administracion_Mtto,EQ678,Compresor,Planta_B,14,Mecánica,Alta,3,508.27,No
OT00109,Cierre,2026-02-02 08:00:00,Administracion_Mtto,EQ183,Montacargas,Planta_A,13,Eléctrica,Media,3,1348.43,Sí
OT00107,Cierre,2026-02-02 08:00:00,Administracion_Mtto,EQ546,Compresor,Planta_A,1,Hidráulica,Baja,0,1511.88,No
OT00094,Cierre,2026-02-02 08:00:00,Administracion_Mtto,EQ553,Bomba,Planta_A,18,Mecánica,Media,1,4290.66,No
OT00093,Cierre,2026-02-02 08:00:00,Administracion_Mtto,EQ239,Compresor,Planta_B,18,Mecánica,Alta,3,2800.0,No
OT00079,Cierre,2026-02-02 08:00:00,Administracion_Mtto,EQ215,Compresor,Planta_A,10,Mecánica,Alta,0,2695.74,No
OT00108,Cierre,2026-02-02 08:00:00,Administracion_Mtto,EQ595,Compresor,Planta_A,14,Hidráulica,Alta,2,2145.24,Sí
OT00124,Solicitud de repuesto,2026-02-02 08:04:26,Tec_02,EQ603,Torno CNC,Planta_A,7,Eléctrica,Media,0,3511.91,Sí
OT00125,Asignación de técnico,2026-02-02 08:06:53,Jefe_Mantenimiento,EQ628,Bomba,Planta_B,13,Software,Alta,2,1400.0,No
OT00130,Asignación de técnico,2026-02-02 08:11:06,Jefe_Mantenimiento,EQ720,Bomba,Planta_A,16,Software,Baja,2,2800.0,No
OT00123,Asignación de técnico,2026-02-02 08:14:40,Jefe_Mantenimiento,EQ214,Compresor,Planta_A,16,Eléctrica,Baja,0,6151.14,Sí
OT00080,Reparación,2026-02-02 08:18:37,Tec_03,EQ197,Prensa hidráulica,Planta_A,15,Eléctrica,Media,2,4758.07,Sí
OT00121,Solicitud de repuesto,2026-02-02 08:20:04,Tec_06,EQ494,Torno CNC,Planta_B,8,Hidráulica,Media,1,2798.9,No
OT00128,Solicitud de repuesto,2026-02-02 08:20:21,Tec_04,EQ700,Torno CNC,Planta_A,9,Mecánica,Media,1,2978.82,No
OT00122,Asignación de técnico,2026-02-02 08:23:25,Jefe_Mantenimiento,EQ144,Bomba,Planta_A,18,Eléctrica,Baja,3,6349.19,Sí
OT00115,Prueba fallida,2026-02-02 08:34:14,Tec_02,EQ051,Compresor,Planta_A,13,Eléctrica,Media,4,2800.0,No
OT00123,Solicitud de repuesto,2026-02-02 08:44:41,Tec_01,EQ214,Compresor,Planta_A,16,Eléctrica,Baja,0,6151.14,Sí
OT00122,Solicitud de repuesto,2026-02-02 08:53:26,Tec_04,EQ144,Bomba,Planta_A,18,Eléctrica,Baja,3,6349.19,Sí
OT00113,Prueba,2026-02-02 08:58:13,Tec_06,EQ048,Compresor,Planta_B,18,Hidráulica,Baja,2,3314.32,No
OT00129,Diagnóstico,2026-02-02 09:11:57,Tec_B01,EQ087,Bomba,Planta_B,5,Hidráulica,Baja,2,2337.84,No
OT00136,Falla reportada,2026-02-02 09:14:24,Operador_10,EQ336,Montacargas,Planta_A,16,Mecánica,Media,3,1412.97,No
OT00132,Asignación de técnico,2026-02-02 09:52:03,Jefe_Mantenimiento,EQ333,Compresor,Planta_A,6,Eléctrica,Media,0,1400.0,Sí
OT00129,Asignación de técnico,2026-02-02 09:59:41,Jefe_Mantenimiento,EQ087,Bomba,Planta_B,5,Hidráulica,Baja,2,2337.84,No
OT00125,Reparación,2026-02-02 10:01:01,Tec_07,EQ628,Bomba,Planta_B,13,Software,Alta,2,1400.0,No
OT00127,Reparación,2026-02-02 10:06:34,Tec_01,EQ089,Prensa hidráulica,Planta_A,9,Software,Media,0,692.45,No
OT00080,Prueba,2026-02-02 10:17:10,Tec_03,EQ197,Prensa hidráulica,Planta_A,15,Eléctrica,Media,2,4758.07,Sí
OT00129,Solicitud de repuesto,2026-02-02 10:29:42,Tec_06,EQ087,Bomba,Planta_B,5,Hidráulica,Baja,2,2337.84,No
OT00080,Puesta en operación,2026-02-02 10:54:12,Tec_03,EQ197,Prensa hidráulica,Planta_A,15,Eléctrica,Media,2,4758.07,Sí
OT00131,Reparación,2026-02-02 11:02:02,Tec_02,EQ081,Prensa hidráulica,Planta_A,2,Eléctrica,Media,0,886.58,No
OT00130,Reparación,2026-02-02 11:02:18,Tec_02,EQ720,Bomba,Planta_A,16,Software,Baja,2,2800.0,No
OT00133,Reparación,2026-02-02 11:04:05,Tec_02,EQ212,Compresor,Planta_A,14,Eléctrica,Alta,1,848.29,Sí
OT00132,Reparación,2026-02-02 11:10:22,Tec_02,EQ333,Compresor,Planta_A,6,Eléctrica,Media,0,1400.0,Sí
OT00126,Diagnóstico,2026-02-02 11:11:46,Tec_B01,EQ274,Montacargas,Planta_B,4,Mecánica,Baja,1,1741.55,No
OT00113,Puesta en operación,2026-02-02 11:32:47,Tec_06,EQ048,Compresor,Planta_B,18,Hidráulica,Baja,2,3314.32,No
OT00115,Nueva reparación,2026-02-02 11:35:57,Tec_02,EQ051,Compresor,Planta_A,13,Eléctrica,Media,4,2800.0,No
OT00136,Diagnóstico,2026-02-02 11:43:19,Tec_05,EQ336,Montacargas,Planta_A,16,Mecánica,Media,3,1412.97,No
OT00130,Prueba fallida,2026-02-02 11:43:28,Tec_02,EQ720,Bomba,Planta_A,16,Software,Baja,2,2800.0,No
OT00137,Falla reportada,2026-02-02 11:46:17,Operador_02,EQ569,Prensa hidráulica,Planta_A,8,Software,Baja,1,821.04,Sí
OT00136,Asignación de técnico,2026-02-02 12:12:26,Jefe_Mantenimiento,EQ336,Montacargas,Planta_A,16,Mecánica,Media,3,1412.97,No
OT00126,Asignación de técnico,2026-02-02 12:18:29,Jefe_Mantenimiento,EQ274,Montacargas,Planta_B,4,Mecánica,Baja,1,1741.55,No
OT00133,Prueba,2026-02-02 12:21:18,Tec_02,EQ212,Compresor,Planta_A,14,Eléctrica,Alta,1,848.29,Sí
OT00127,Prueba,2026-02-02 12:24:44,Tec_01,EQ089,Prensa hidráulica,Planta_A,9,Software,Media,0,692.45,No
OT00111,Cierre,2026-02-02 12:28:23,Administracion_Mtto,EQ395,Torno CNC,Planta_A,1,Mecánica,Alta,0,2096.32,No
OT00136,Solicitud de repuesto,2026-02-02 12:42:27,Tec_01,EQ336,Montacargas,Planta_A,16,Mecánica,Media,3,1412.97,No
OT00126,Solicitud de repuesto,2026-02-02 12:48:30,Tec_06,EQ274,Montacargas,Planta_B,4,Mecánica,Baja,1,1741.55,No
OT00133,Puesta en operación,2026-02-02 13:08:53,Tec_02,EQ212,Compresor,Planta_A,14,Eléctrica,Alta,1,848.29,Sí
OT00130,Nueva reparación,2026-02-02 14:06:32,Tec_02,EQ720,Bomba,Planta_A,16,Software,Baja,2,2800.0,No
OT00131,Prueba,2026-02-02 14:14:01,Tec_02,EQ081,Prensa hidráulica,Planta_A,2,Eléctrica,Media,0,886.58,No
OT00125,Prueba,2026-02-02 14:30:53,Tec_07,EQ628,Bomba,Planta_B,13,Software,Alta,2,1400.0,No
OT00131,Puesta en operación,2026-02-02 14:46:55,Tec_02,EQ081,Prensa hidráulica,Planta_A,2,Eléctrica,Media,0,886.58,No
OT00115,Prueba,2026-02-02 14:48:53,Tec_02,EQ051,Compresor,Planta_A,13,Eléctrica,Media,4,2800.0,No
OT00118,Cierre,2026-02-02 14:52:19,Administracion_Mtto,EQ150,Bomba,Planta_B,18,Software,Baja,3,1053.32,No
OT00130,Prueba,2026-02-02 15:05:40,Tec_02,EQ720,Bomba,Planta_A,16,Software,Baja,2,2800.0,No
OT00137,Diagnóstico,2026-02-02 15:10:11,Tec_02,EQ569,Prensa hidráulica,Planta_A,8,Software,Baja,1,821.04,Sí
OT00127,Puesta en operación,2026-02-02 15:42:35,Tec_01,EQ089,Prensa hidráulica,Planta_A,9,Software,Media,0,692.45,No
OT00125,Puesta en operación,2026-02-02 15:45:23,Tec_07,EQ628,Bomba,Planta_B,13,Software,Alta,2,1400.0,No
OT00115,Puesta en operación,2026-02-02 15:53:17,Tec_02,EQ051,Compresor,Planta_A,13,Eléctrica,Media,4,2800.0,No
OT00137,Asignación de técnico,2026-02-02 15:53:18,Jefe_Mantenimiento,EQ569,Prensa hidráulica,Planta_A,8,Software,Baja,1,821.04,Sí
OT00112,Cierre,2026-02-02 15:58:33,Administracion_Mtto,EQ737,Montacargas,Planta_B,18,Software,Baja,2,802.55,No
OT00132,Prueba,2026-02-02 16:07:45,Tec_02,EQ333,Compresor,Planta_A,6,Eléctrica,Media,0,1400.0,Sí
OT00130,Puesta en operación,2026-02-02 16:11:19,Tec_02,EQ720,Bomba,Planta_A,16,Software,Baja,2,2800.0,No
OT00135,Falla reportada,2026-02-02 16:11:59,Operador_12,EQ199,Montacargas,Planta_B,14,Hidráulica,Alta,1,2420.37,No
OT00144,Falla reportada,2026-02-03 04:19:38,Operador_01,EQ550,Montacargas,Planta_A,17,Eléctrica,Baja,5,2108.23,No
OT00139,Falla reportada,2026-02-03 04:30:59,Operador_12,EQ585,Torno CNC,Planta_B,4,Hidráulica,Alta,0,2200.72,No
OT00134,Diagnóstico,2026-02-03 07:00:00,Tec_B01,EQ241,Compresor,Planta_B,11,Mecánica,Baja,2,2019.14,No
OT00137,Reparación,2026-02-03 07:00:00,Tec_05,EQ569,Prensa hidráulica,Planta_A,8,Software,Baja,1,821.04,Sí
OT00132,Puesta en operación,2026-02-03 07:00:00,Tec_02,EQ333,Compresor,Planta_A,6,Eléctrica,Media,0,1400.0,Sí
OT00135,Diagnóstico,2026-02-03 07:00:00,Tec_B01,EQ199,Montacargas,Planta_B,14,Hidráulica,Alta,1,2420.37,No
OT00124,Recepción de repuesto,2026-02-03 07:00:00,Bodega,EQ603,Torno CNC,Planta_A,7,Eléctrica,Media,0,3511.91,Sí
OT00126,Recepción de repuesto,2026-02-03 07:03:00,Bodega,EQ274,Montacargas,Planta_B,4,Mecánica,Baja,1,1741.55,No
OT00136,Recepción de repuesto,2026-02-03 07:15:00,Bodega,EQ336,Montacargas,Planta_A,16,Mecánica,Media,3,1412.97,No
OT00141,Falla reportada,2026-02-03 07:18:05,Operador_03,EQ750,Compresor,Planta_A,16,Hidráulica,Baja,0,2184.86,Sí
OT00140,Falla reportada,2026-02-03 07:49:28,Operador_08,EQ712,Compresor,Planta_A,9,Hidráulica,Baja,1,2305.22,Sí
OT00052,Cierre,2026-02-03 08:00:00,Administracion_Mtto,EQ227,Prensa hidráulica,Planta_B,3,Mecánica,Media,2,2651.67,No
OT00134,Asignación de técnico,2026-02-03 08:04:42,Jefe_Mantenimiento,EQ241,Compresor,Planta_B,11,Mecánica,Baja,2,2019.14,No
OT00135,Asignación de técnico,2026-02-03 08:12:18,Jefe_Mantenimiento,EQ199,Montacargas,Planta_B,14,Hidráulica,Alta,1,2420.37,No
OT00144,Diagnóstico,2026-02-03 08:19:09,Tec_04,EQ550,Montacargas,Planta_A,17,Eléctrica,Baja,5,2108.23,No
OT00136,Reparación,2026-02-03 08:31:59,Tec_01,EQ336,Montacargas,Planta_A,16,Mecánica,Media,3,1412.97,No
OT00143,Falla reportada,2026-02-03 08:32:41,Operador_04,EQ548,Bomba,Planta_B,11,Hidráulica,Media,2,2800.0,No
OT00134,Solicitud de repuesto,2026-02-03 08:34:43,Tec_07,EQ241,Compresor,Planta_B,11,Mecánica,Baja,2,2019.14,No
OT00135,Solicitud de repuesto,2026-02-03 08:42:19,Tec_06,EQ199,Montacargas,Planta_B,14,Hidráulica,Alta,1,2420.37,No
OT00124,Reparación,2026-02-03 08:50:35,Tec_02,EQ603,Torno CNC,Planta_A,7,Eléctrica,Media,0,3511.91,Sí
OT00141,Diagnóstico,2026-02-03 09:04:46,Tec_01,EQ750,Compresor,Planta_A,16,Hidráulica,Baja,0,2184.86,Sí
OT00124,Prueba fallida,2026-02-03 09:26:14,Tec_02,EQ603,Torno CNC,Planta_A,7,Eléctrica,Media,0,3511.91,Sí
OT00144,Asignación de técnico,2026-02-03 09:38:29,Jefe_Mantenimiento,EQ550,Montacargas,Planta_A,17,Eléctrica,Baja,5,2108.23,No
OT00137,Prueba,2026-02-03 09:59:49,Tec_05,EQ569,Prensa hidráulica,Planta_A,8,Software,Baja,1,821.04,Sí
OT00139,Diagnóstico,2026-02-03 10:02:25,Tec_B01,EQ585,Torno CNC,Planta_B,4,Hidráulica,Alta,0,2200.72,No
OT00141,Asignación de técnico,2026-02-03 10:02:40,Jefe_Mantenimiento,EQ750,Compresor,Planta_A,16,Hidráulica,Baja,0,2184.86,Sí
OT00136,Prueba,2026-02-03 10:24:04,Tec_01,EQ336,Montacargas,Planta_A,16,Mecánica,Media,3,1412.97,No
OT00141,Solicitud de repuesto,2026-02-03 10:32:41,Tec_01,EQ750,Compresor,Planta_A,16,Hidráulica,Baja,0,2184.86,Sí
OT00133,Cierre,2026-02-03 10:45:15,Administracion_Mtto,EQ212,Compresor,Planta_A,14,Eléctrica,Alta,1,848.29,Sí
OT00126,Reparación,2026-02-03 10:50:44,Tec_06,EQ274,Montacargas,Planta_B,4,Mecánica,Baja,1,1741.55,No
OT00140,Diagnóstico,2026-02-03 11:13:41,Tec_05,EQ712,Compresor,Planta_A,9,Hidráulica,Baja,1,2305.22,Sí
OT00137,Puesta en operación,2026-02-03 11:13:47,Tec_05,EQ569,Prensa hidráulica,Planta_A,8,Software,Baja,1,821.04,Sí
OT00139,Asignación de técnico,2026-02-03 11:25:23,Jefe_Mantenimiento,EQ585,Torno CNC,Planta_B,4,Hidráulica,Alta,0,2200.72,No
OT00092,Cierre,2026-02-03 11:26:12,Administracion_Mtto,EQ219,Bomba,Planta_A,12,Eléctrica,Baja,1,1400.0,Sí
OT00142,Falla reportada,2026-02-03 11:29:16,Operador_01,EQ703,Bomba,Planta_A,10,Eléctrica,Alta,1,1564.56,No
OT00139,Solicitud de repuesto,2026-02-03 11:55:24,Tec_07,EQ585,Torno CNC,Planta_B,4,Hidráulica,Alta,0,2200.72,No
OT00136,Puesta en operación,2026-02-03 11:55:37,Tec_01,EQ336,Montacargas,Planta_A,16,Mecánica,Media,3,1412.97,No
OT00144,Reparación,2026-02-03 12:07:12,Tec_05,EQ550,Montacargas,Planta_A,17,Eléctrica,Baja,5,2108.23,No
OT00123,Recepción de repuesto,2026-02-03 12:15:19,Bodega,EQ214,Compresor,Planta_A,16,Eléctrica,Baja,0,6151.14,Sí
OT00140,Asignación de técnico,2026-02-03 12:19:16,Jefe_Mantenimiento,EQ712,Compresor,Planta_A,9,Hidráulica,Baja,1,2305.22,Sí
OT00142,Diagnóstico,2026-02-03 12:45:04,Tec_03,EQ703,Bomba,Planta_A,10,Eléctrica,Alta,1,1564.56,No
OT00140,Solicitud de repuesto,2026-02-03 12:49:17,Tec_05,EQ712,Compresor,Planta_A,9,Hidráulica,Baja,1,2305.22,Sí
OT00126,Prueba,2026-02-03 13:01:43,Tec_06,EQ274,Montacargas,Planta_B,4,Mecánica,Baja,1,1741.55,No
OT00124,Nueva reparación,2026-02-03 13:03:59,Tec_02,EQ603,Torno CNC,Planta_A,7,Eléctrica,Media,0,3511.91,Sí
OT00071,Recepción de repuesto,2026-02-03 13:50:12,Bodega,EQ193,Torno CNC,Planta_A,12,Hidráulica,Alta,5,2317.79,Sí
OT00142,Asignación de técnico,2026-02-03 13:57:26,Jefe_Mantenimiento,EQ703,Bomba,Planta_A,10,Eléctrica,Alta,1,1564.56,No
OT00126,Puesta en operación,2026-02-03 14:11:52,Tec_06,EQ274,Montacargas,Planta_B,4,Mecánica,Baja,1,1741.55,No
OT00142,Solicitud de repuesto,2026-02-03 14:27:27,Tec_03,EQ703,Bomba,Planta_A,10,Eléctrica,Alta,1,1564.56,No
OT00144,Prueba fallida,2026-02-03 14:36:45,Tec_05,EQ550,Montacargas,Planta_A,17,Eléctrica,Baja,5,2108.23,No
OT00124,Prueba,2026-02-03 15:10:39,Tec_02,EQ603,Torno CNC,Planta_A,7,Eléctrica,Media,0,3511.91,Sí
OT00123,Reparación,2026-02-03 15:24:42,Tec_01,EQ214,Compresor,Planta_A,16,Eléctrica,Baja,0,6151.14,Sí
OT00123,Prueba fallida,2026-02-03 16:02:39,Tec_01,EQ214,Compresor,Planta_A,16,Eléctrica,Baja,0,6151.14,Sí
OT00138,Falla reportada,2026-02-03 16:41:27,Operador_08,EQ529,Bomba,Planta_B,14,Eléctrica,Media,0,819.54,Sí
OT00124,Puesta en operación,2026-02-03 16:42:09,Tec_02,EQ603,Torno CNC,Planta_A,7,Eléctrica,Media,0,3511.91,Sí
OT00146,Falla reportada,2026-02-04 05:20:35,Operador_06,EQ161,Torno CNC,Planta_B,1,Eléctrica,Media,0,2749.9,No
OT00123,Nueva reparación,2026-02-04 07:00:00,Tec_01,EQ214,Compresor,Planta_A,16,Eléctrica,Baja,0,6151.14,Sí
OT00144,Nueva reparación,2026-02-04 07:00:00,Tec_05,EQ550,Montacargas,Planta_A,17,Eléctrica,Baja,5,2108.23,No
OT00143,Diagnóstico,2026-02-04 07:00:00,Tec_B01,EQ548,Bomba,Planta_B,11,Hidráulica,Media,2,2800.0,No
OT00071,Reparación,2026-02-04 07:00:00,Tec_02,EQ193,Torno CNC,Planta_A,12,Hidráulica,Alta,5,2317.79,Sí
OT00138,Diagnóstico,2026-02-04 07:03:00,Tec_B01,EQ529,Bomba,Planta_B,14,Eléctrica,Media,0,819.54,Sí
OT00143,Asignación de técnico,2026-02-04 07:53:39,Jefe_Mantenimiento,EQ548,Bomba,Planta_B,11,Hidráulica,Media,2,2800.0,No
OT00146,Diagnóstico,2026-02-04 07:54:07,Tec_B01,EQ161,Torno CNC,Planta_B,1,Eléctrica,Media,0,2749.9,No
OT00116,Cierre,2026-02-04 08:00:00,Administracion_Mtto,EQ326,Compresor,Planta_A,11,Hidráulica,Media,3,2800.0,No
OT00122,Aprobación de compra,2026-02-04 08:09:00,Gerencia,EQ144,Bomba,Planta_A,18,Eléctrica,Baja,3,6349.19,Sí
OT00138,Asignación de técnico,2026-02-04 08:26:10,Jefe_Mantenimiento,EQ529,Bomba,Planta_B,14,Eléctrica,Media,0,819.54,Sí
OT00071,Prueba,2026-02-04 09:04:40,Tec_02,EQ193,Torno CNC,Planta_A,12,Hidráulica,Alta,5,2317.79,Sí
OT00147,Falla reportada,2026-02-04 09:11:21,Operador_04,EQ692,Bomba,Planta_B,16,Mecánica,Media,3,1017.28,No
OT00141,Recepción de repuesto,2026-02-04 09:18:10,Bodega,EQ750,Compresor,Planta_A,16,Hidráulica,Baja,0,2184.86,Sí
OT00144,Prueba,2026-02-04 09:35:49,Tec_05,EQ550,Montacargas,Planta_A,17,Eléctrica,Baja,5,2108.23,No
OT00144,Puesta en operación,2026-02-04 10:26:41,Tec_05,EQ550,Montacargas,Planta_A,17,Eléctrica,Baja,5,2108.23,No
OT00134,Recepción de repuesto,2026-02-04 10:39:05,Bodega,EQ241,Compresor,Planta_B,11,Mecánica,Baja,2,2019.14,No
OT00146,Asignación de técnico,2026-02-04 10:55:14,Jefe_Mantenimiento,EQ161,Torno CNC,Planta_B,1,Eléctrica,Media,0,2749.9,No
OT00123,Prueba fallida,2026-02-04 11:11:45,Tec_01,EQ214,Compresor,Planta_A,16,Eléctrica,Baja,0,6151.14,Sí
OT00071,Puesta en operación,2026-02-04 11:16:03,Tec_02,EQ193,Torno CNC,Planta_A,12,Hidráulica,Alta,5,2317.79,Sí
OT00146,Solicitud de repuesto,2026-02-04 11:25:15,Tec_06,EQ161,Torno CNC,Planta_B,1,Eléctrica,Media,0,2749.9,No
OT00141,Reparación,2026-02-04 11:47:01,Tec_01,EQ750,Compresor,Planta_A,16,Hidráulica,Baja,0,2184.86,Sí
OT00143,Reparación,2026-02-04 11:49:36,Tec_06,EQ548,Bomba,Planta_B,11,Hidráulica,Media,2,2800.0,No
OT00138,Reparación,2026-02-04 12:12:28,Tec_07,EQ529,Bomba,Planta_B,14,Eléctrica,Media,0,819.54,Sí
OT00080,Cierre,2026-02-04 12:16:24,Administracion_Mtto,EQ197,Prensa hidráulica,Planta_A,15,Eléctrica,Media,2,4758.07,Sí
OT00134,Reparación,2026-02-04 12:17:25,Tec_07,EQ241,Compresor,Planta_B,11,Mecánica,Baja,2,2019.14,No
OT00141,Prueba,2026-02-04 12:51:49,Tec_01,EQ750,Compresor,Planta_A,16,Hidráulica,Baja,0,2184.86,Sí
OT00143,Prueba fallida,2026-02-04 13:12:06,Tec_06,EQ548,Bomba,Planta_B,11,Hidráulica,Media,2,2800.0,No
OT00134,Prueba,2026-02-04 13:25:33,Tec_07,EQ241,Compresor,Planta_B,11,Mecánica,Baja,2,2019.14,No
OT00123,Nueva reparación,2026-02-04 13:37:00,Tec_01,EQ214,Compresor,Planta_A,16,Eléctrica,Baja,0,6151.14,Sí
OT00141,Puesta en operación,2026-02-04 14:01:24,Tec_01,EQ750,Compresor,Planta_A,16,Hidráulica,Baja,0,2184.86,Sí
OT00134,Puesta en operación,2026-02-04 14:06:53,Tec_07,EQ241,Compresor,Planta_B,11,Mecánica,Baja,2,2019.14,No
OT00138,Prueba,2026-02-04 14:52:34,Tec_07,EQ529,Bomba,Planta_B,14,Eléctrica,Media,0,819.54,Sí
OT00138,Puesta en operación,2026-02-04 16:06:22,Tec_07,EQ529,Bomba,Planta_B,14,Eléctrica,Media,0,819.54,Sí
OT00123,Prueba,2026-02-04 16:19:33,Tec_01,EQ214,Compresor,Planta_A,16,Eléctrica,Baja,0,6151.14,Sí
OT00125,Cierre,2026-02-04 16:25:07,Administracion_Mtto,EQ628,Bomba,Planta_B,13,Software,Alta,2,1400.0,No
OT00143,Nueva reparación,2026-02-04 16:29:11,Tec_06,EQ548,Bomba,Planta_B,11,Hidráulica,Media,2,2800.0,No
OT00145,Falla reportada,2026-02-04 19:47:28,Operador_05,EQ002,Bomba,Planta_A,12,Eléctrica,Media,1,672.17,No
OT00123,Puesta en operación,2026-02-05 07:00:00,Tec_01,EQ214,Compresor,Planta_A,16,Eléctrica,Baja,0,6151.14,Sí
OT00143,Prueba,2026-02-05 07:00:00,Tec_06,EQ548,Bomba,Planta_B,11,Hidráulica,Media,2,2800.0,No
OT00145,Diagnóstico,2026-02-05 07:00:00,Tec_04,EQ002,Bomba,Planta_A,12,Eléctrica,Media,1,672.17,No
OT00122,Recepción de repuesto,2026-02-05 07:00:00,Bodega,EQ144,Bomba,Planta_A,18,Eléctrica,Baja,3,6349.19,Sí
OT00147,Diagnóstico,2026-02-05 07:23:00,Tec_B01,EQ692,Bomba,Planta_B,16,Mecánica,Media,3,1017.28,No
OT00145,Asignación de técnico,2026-02-05 07:30:28,Jefe_Mantenimiento,EQ002,Bomba,Planta_A,12,Eléctrica,Media,1,672.17,No
OT00136,Cierre,2026-02-05 08:00:00,Administracion_Mtto,EQ336,Montacargas,Planta_A,16,Mecánica,Media,3,1412.97,No
OT00127,Cierre,2026-02-05 08:01:00,Administracion_Mtto,EQ089,Prensa hidráulica,Planta_A,9,Software,Media,0,692.45,No
OT00143,Puesta en operación,2026-02-05 08:06:25,Tec_06,EQ548,Bomba,Planta_B,11,Hidráulica,Media,2,2800.0,No
OT00137,Cierre,2026-02-05 08:12:00,Administracion_Mtto,EQ569,Prensa hidráulica,Planta_A,8,Software,Baja,1,821.04,Sí
OT00147,Asignación de técnico,2026-02-05 08:13:33,Jefe_Mantenimiento,EQ692,Bomba,Planta_B,16,Mecánica,Media,3,1017.28,No
OT00131,Cierre,2026-02-05 08:15:00,Administracion_Mtto,EQ081,Prensa hidráulica,Planta_A,2,Eléctrica,Media,0,886.58,No
OT00150,Falla reportada,2026-02-05 08:53:32,Operador_08,EQ552,Compresor,Planta_A,17,Hidráulica,Media,0,203.84,Sí
OT00122,Reparación,2026-02-05 09:57:28,Tec_04,EQ144,Bomba,Planta_A,18,Eléctrica,Baja,3,6349.19,Sí
OT00150,Diagnóstico,2026-02-05 10:03:55,Tec_03,EQ552,Compresor,Planta_A,17,Hidráulica,Media,0,203.84,Sí
OT00150,Asignación de técnico,2026-02-05 10:26:22,Jefe_Mantenimiento,EQ552,Compresor,Planta_A,17,Hidráulica,Media,0,203.84,Sí
OT00147,Reparación,2026-02-05 11:33:57,Tec_06,EQ692,Bomba,Planta_B,16,Mecánica,Media,3,1017.28,No
OT00145,Reparación,2026-02-05 11:38:43,Tec_02,EQ002,Bomba,Planta_A,12,Eléctrica,Media,1,672.17,No
OT00122,Prueba fallida,2026-02-05 11:56:20,Tec_04,EQ144,Bomba,Planta_A,18,Eléctrica,Baja,3,6349.19,Sí
OT00150,Reparación,2026-02-05 12:11:26,Tec_03,EQ552,Compresor,Planta_A,17,Hidráulica,Media,0,203.84,Sí
OT00147,Prueba,2026-02-05 13:02:29,Tec_06,EQ692,Bomba,Planta_B,16,Mecánica,Media,3,1017.28,No
OT00149,Falla reportada,2026-02-05 13:07:32,Operador_04,EQ301,Torno CNC,Planta_A,13,Mecánica,Alta,1,8711.37,Sí
OT00145,Prueba,2026-02-05 13:25:55,Tec_02,EQ002,Bomba,Planta_A,12,Eléctrica,Media,1,672.17,No
OT00149,Diagnóstico,2026-02-05 13:26:41,Tec_01,EQ301,Torno CNC,Planta_A,13,Mecánica,Alta,1,8711.37,Sí
OT00146,Recepción de repuesto,2026-02-05 13:31:32,Bodega,EQ161,Torno CNC,Planta_B,1,Eléctrica,Media,0,2749.9,No
OT00135,Recepción de repuesto,2026-02-05 13:41:05,Bodega,EQ199,Montacargas,Planta_B,14,Hidráulica,Alta,1,2420.37,No
OT00150,Prueba,2026-02-05 13:58:55,Tec_03,EQ552,Compresor,Planta_A,17,Hidráulica,Media,0,203.84,Sí
OT00147,Puesta en operación,2026-02-05 14:15:15,Tec_06,EQ692,Bomba,Planta_B,16,Mecánica,Media,3,1017.28,No
OT00149,Asignación de técnico,2026-02-05 14:15:40,Jefe_Mantenimiento,EQ301,Torno CNC,Planta_A,13,Mecánica,Alta,1,8711.37,Sí
OT00122,Nueva reparación,2026-02-05 14:22:05,Tec_04,EQ144,Bomba,Planta_A,18,Eléctrica,Baja,3,6349.19,Sí
OT00150,Puesta en operación,2026-02-05 14:42:59,Tec_03,EQ552,Compresor,Planta_A,17,Hidráulica,Media,0,203.84,Sí
OT00149,Solicitud de repuesto,2026-02-05 14:45:41,Tec_03,EQ301,Torno CNC,Planta_A,13,Mecánica,Alta,1,8711.37,Sí
OT00146,Reparación,2026-02-05 14:47:28,Tec_06,EQ161,Torno CNC,Planta_B,1,Eléctrica,Media,0,2749.9,No
OT00113,Cierre,2026-02-05 14:51:58,Administracion_Mtto,EQ048,Compresor,Planta_B,18,Hidráulica,Baja,2,3314.32,No
OT00148,Falla reportada,2026-02-05 14:59:34,Operador_04,EQ417,Montacargas,Planta_A,15,Mecánica,Baja,1,2800.0,No
OT00145,Puesta en operación,2026-02-05 14:59:46,Tec_02,EQ002,Bomba,Planta_A,12,Eléctrica,Media,1,672.17,No
OT00132,Cierre,2026-02-05 15:23:43,Administracion_Mtto,EQ333,Compresor,Planta_A,6,Eléctrica,Media,0,1400.0,Sí
OT00122,Prueba fallida,2026-02-05 16:03:48,Tec_04,EQ144,Bomba,Planta_A,18,Eléctrica,Baja,3,6349.19,Sí
OT00146,Prueba,2026-02-05 16:23:00,Tec_06,EQ161,Torno CNC,Planta_B,1,Eléctrica,Media,0,2749.9,No
OT00151,Falla reportada,2026-02-06 04:59:08,Operador_05,EQ625,Prensa hidráulica,Planta_A,7,Eléctrica,Media,1,1400.0,No
OT00155,Falla reportada,2026-02-06 05:09:20,Operador_11,EQ513,Torno CNC,Planta_A,9,Mecánica,Media,0,320.79,Sí
OT00122,Nueva reparación,2026-02-06 07:00:00,Tec_04,EQ144,Bomba,Planta_A,18,Eléctrica,Baja,3,6349.19,Sí
OT00146,Puesta en operación,2026-02-06 07:00:00,Tec_06,EQ161,Torno CNC,Planta_B,1,Eléctrica,Media,0,2749.9,No
OT00148,Diagnóstico,2026-02-06 07:00:00,Tec_01,EQ417,Montacargas,Planta_A,15,Mecánica,Baja,1,2800.0,No
OT00135,Reparación,2026-02-06 07:00:00,Tec_06,EQ199,Montacargas,Planta_B,14,Hidráulica,Alta,1,2420.37,No
OT00126,Cierre,2026-02-06 08:00:00,Administracion_Mtto,EQ274,Montacargas,Planta_B,4,Mecánica,Baja,1,1741.55,No
OT00151,Diagnóstico,2026-02-06 08:07:21,Tec_05,EQ625,Prensa hidráulica,Planta_A,7,Eléctrica,Media,1,1400.0,No
OT00155,Diagnóstico,2026-02-06 08:31:43,Tec_03,EQ513,Torno CNC,Planta_A,9,Mecánica,Media,0,320.79,Sí
OT00122,Prueba,2026-02-06 08:44:14,Tec_04,EQ144,Bomba,Planta_A,18,Eléctrica,Baja,3,6349.19,Sí
OT00154,Falla reportada,2026-02-06 09:05:36,Operador_01,EQ371,Montacargas,Planta_B,18,Software,Media,4,2800.0,Sí
OT00155,Asignación de técnico,2026-02-06 09:14:08,Jefe_Mantenimiento,EQ513,Torno CNC,Planta_A,9,Mecánica,Media,0,320.79,Sí
OT00148,Asignación de técnico,2026-02-06 09:19:23,Jefe_Mantenimiento,EQ417,Montacargas,Planta_A,15,Mecánica,Baja,1,2800.0,No
OT00151,Asignación de técnico,2026-02-06 09:23:02,Jefe_Mantenimiento,EQ625,Prensa hidráulica,Planta_A,7,Eléctrica,Media,1,1400.0,No
OT00122,Puesta en operación,2026-02-06 09:26:10,Tec_04,EQ144,Bomba,Planta_A,18,Eléctrica,Baja,3,6349.19,Sí
OT00135,Prueba,2026-02-06 09:42:04,Tec_06,EQ199,Montacargas,Planta_B,14,Hidráulica,Alta,1,2420.37,No
OT00110,Cierre,2026-02-06 10:13:09,Administracion_Mtto,EQ614,Bomba,Planta_B,8,Software,Media,0,1283.67,Sí
OT00135,Puesta en operación,2026-02-06 10:55:31,Tec_06,EQ199,Montacargas,Planta_B,14,Hidráulica,Alta,1,2420.37,No
OT00154,Diagnóstico,2026-02-06 11:00:39,Tec_B01,EQ371,Montacargas,Planta_B,18,Software,Media,4,2800.0,Sí
OT00154,Asignación de técnico,2026-02-06 11:33:25,Jefe_Mantenimiento,EQ371,Montacargas,Planta_B,18,Software,Media,4,2800.0,Sí
OT00155,Reparación,2026-02-06 11:38:17,Tec_05,EQ513,Torno CNC,Planta_A,9,Mecánica,Media,0,320.79,Sí
OT00148,Reparación,2026-02-06 12:22:25,Tec_05,EQ417,Montacargas,Planta_A,15,Mecánica,Baja,1,2800.0,No
OT00148,Prueba fallida,2026-02-06 13:23:55,Tec_05,EQ417,Montacargas,Planta_A,15,Mecánica,Baja,1,2800.0,No
OT00151,Reparación,2026-02-06 13:31:03,Tec_01,EQ625,Prensa hidráulica,Planta_A,7,Eléctrica,Media,1,1400.0,No
OT00155,Prueba,2026-02-06 13:42:41,Tec_05,EQ513,Torno CNC,Planta_A,9,Mecánica,Media,0,320.79,Sí
OT00155,Puesta en operación,2026-02-06 14:19:16,Tec_05,EQ513,Torno CNC,Planta_A,9,Mecánica,Media,0,320.79,Sí
OT00134,Cierre,2026-02-06 15:45:06,Administracion_Mtto,EQ241,Compresor,Planta_B,11,Mecánica,Baja,2,2019.14,No
OT00151,Prueba,2026-02-06 16:32:42,Tec_01,EQ625,Prensa hidráulica,Planta_A,7,Eléctrica,Media,1,1400.0,No
OT00152,Falla reportada,2026-02-06 21:04:56,Operador_07,EQ124,Prensa hidráulica,Planta_A,18,Eléctrica,Baja,0,1400.0,Sí
OT00153,Falla reportada,2026-02-06 23:30:22,Operador_03,EQ142,Torno CNC,Planta_A,13,Mecánica,Media,1,1915.06,No
OT00156,Falla reportada,2026-02-06 23:56:35,Operador_03,EQ111,Montacargas,Planta_B,9,Software,Alta,4,1400.0,No
OT00159,Falla reportada,2026-02-07 05:53:24,Operador_08,EQ701,Montacargas,Planta_A,7,Mecánica,Alta,1,2800.0,Sí
OT00162,Falla reportada,2026-02-07 06:42:42,Operador_10,EQ735,Bomba,Planta_A,15,Mecánica,Media,2,1400.0,No
OT00158,Falla reportada,2026-02-07 09:22:05,Operador_11,EQ645,Compresor,Planta_B,18,Eléctrica,Media,4,1400.0,Sí
OT00161,Falla reportada,2026-02-07 11:01:44,Operador_05,EQ391,Torno CNC,Planta_B,15,Eléctrica,Media,3,4013.73,No
OT00157,Falla reportada,2026-02-07 17:14:52,Operador_10,EQ344,Compresor,Planta_A,6,Eléctrica,Alta,0,1400.0,Sí
OT00160,Falla reportada,2026-02-07 18:19:37,Operador_06,EQ595,Compresor,Planta_A,14,Mecánica,Media,3,1400.0,Sí
OT00164,Falla reportada,2026-02-08 00:05:48,Operador_08,EQ703,Bomba,Planta_A,10,Software,Alta,2,1257.88,No
OT00163,Falla reportada,2026-02-08 07:18:39,Operador_11,EQ743,Montacargas,Planta_B,15,Hidráulica,Baja,2,8337.08,No
OT00162,Diagnóstico,2026-02-09 07:00:00,Tec_03,EQ735,Bomba,Planta_A,15,Mecánica,Media,2,1400.0,No
OT00158,Diagnóstico,2026-02-09 07:00:00,Tec_B01,EQ645,Compresor,Planta_B,18,Eléctrica,Media,4,1400.0,Sí
OT00148,Nueva reparación,2026-02-09 07:00:00,Tec_05,EQ417,Montacargas,Planta_A,15,Mecánica,Baja,1,2800.0,No
OT00161,Diagnóstico,2026-02-09 07:00:00,Tec_B01,EQ391,Torno CNC,Planta_B,15,Eléctrica,Media,3,4013.73,No
OT00163,Diagnóstico,2026-02-09 07:00:00,Tec_B01,EQ743,Montacargas,Planta_B,15,Hidráulica,Baja,2,8337.08,No
OT00156,Diagnóstico,2026-02-09 07:00:00,Tec_B01,EQ111,Montacargas,Planta_B,9,Software,Alta,4,1400.0,No
OT00099,Recepción de repuesto,2026-02-09 07:00:00,Bodega,EQ117,Montacargas,Planta_A,14,Mecánica,Media,1,5131.69,No
OT00120,Recepción de repuesto,2026-02-09 07:00:00,Bodega,EQ387,Compresor,Planta_A,11,Eléctrica,Alta,2,2268.51,No
OT00153,Diagnóstico,2026-02-09 07:00:00,Tec_03,EQ142,Torno CNC,Planta_A,13,Mecánica,Media,1,1915.06,No
OT00160,Diagnóstico,2026-02-09 07:00:00,Tec_04,EQ595,Compresor,Planta_A,14,Mecánica,Media,3,1400.0,Sí
OT00159,Diagnóstico,2026-02-09 07:00:00,Tec_05,EQ701,Montacargas,Planta_A,7,Mecánica,Alta,1,2800.0,Sí
OT00157,Diagnóstico,2026-02-09 07:00:00,Tec_01,EQ344,Compresor,Planta_A,6,Eléctrica,Alta,0,1400.0,Sí
OT00121,Recepción de repuesto,2026-02-09 07:00:00,Bodega,EQ494,Torno CNC,Planta_B,8,Hidráulica,Media,1,2798.9,No
OT00154,Reparación,2026-02-09 07:00:00,Tec_07,EQ371,Montacargas,Planta_B,18,Software,Media,4,2800.0,Sí
OT00151,Puesta en operación,2026-02-09 07:00:00,Tec_01,EQ625,Prensa hidráulica,Planta_A,7,Eléctrica,Media,1,1400.0,No
OT00164,Diagnóstico,2026-02-09 07:00:00,Tec_04,EQ703,Bomba,Planta_A,10,Software,Alta,2,1257.88,No
OT00152,Diagnóstico,2026-02-09 07:00:00,Tec_03,EQ124,Prensa hidráulica,Planta_A,18,Eléctrica,Baja,0,1400.0,Sí
OT00157,Asignación de técnico,2026-02-09 07:38:49,Jefe_Mantenimiento,EQ344,Compresor,Planta_A,6,Eléctrica,Alta,0,1400.0,Sí
OT00162,Asignación de técnico,2026-02-09 07:39:03,Jefe_Mantenimiento,EQ735,Bomba,Planta_A,15,Mecánica,Media,2,1400.0,No
OT00154,Prueba fallida,2026-02-09 07:43:12,Tec_07,EQ371,Montacargas,Planta_B,18,Software,Media,4,2800.0,Sí
OT00153,Asignación de técnico,2026-02-09 07:45:27,Jefe_Mantenimiento,EQ142,Torno CNC,Planta_A,13,Mecánica,Media,1,1915.06,No
OT00152,Asignación de técnico,2026-02-09 07:47:45,Jefe_Mantenimiento,EQ124,Prensa hidráulica,Planta_A,18,Eléctrica,Baja,0,1400.0,Sí
OT00164,Asignación de técnico,2026-02-09 07:50:56,Jefe_Mantenimiento,EQ703,Bomba,Planta_A,10,Software,Alta,2,1257.88,No
OT00158,Asignación de técnico,2026-02-09 07:50:57,Jefe_Mantenimiento,EQ645,Compresor,Planta_B,18,Eléctrica,Media,4,1400.0,Sí
OT00163,Asignación de técnico,2026-02-09 07:58:24,Jefe_Mantenimiento,EQ743,Montacargas,Planta_B,15,Hidráulica,Baja,2,8337.08,No
OT00124,Cierre,2026-02-09 08:00:00,Administracion_Mtto,EQ603,Torno CNC,Planta_A,7,Eléctrica,Media,0,3511.91,Sí
OT00146,Cierre,2026-02-09 08:00:00,Administracion_Mtto,EQ161,Torno CNC,Planta_B,1,Eléctrica,Media,0,2749.9,No
OT00123,Cierre,2026-02-09 08:00:00,Administracion_Mtto,EQ214,Compresor,Planta_A,16,Eléctrica,Baja,0,6151.14,Sí
OT00143,Cierre,2026-02-09 08:00:00,Administracion_Mtto,EQ548,Bomba,Planta_B,11,Hidráulica,Media,2,2800.0,No
OT00130,Cierre,2026-02-09 08:00:00,Administracion_Mtto,EQ720,Bomba,Planta_A,16,Software,Baja,2,2800.0,No
OT00144,Cierre,2026-02-09 08:00:00,Administracion_Mtto,EQ550,Montacargas,Planta_A,17,Eléctrica,Baja,5,2108.23,No
OT00115,Cierre,2026-02-09 08:00:00,Administracion_Mtto,EQ051,Compresor,Planta_A,13,Eléctrica,Media,4,2800.0,No
OT00117,Cierre,2026-02-09 08:00:00,Administracion_Mtto,EQ742,Torno CNC,Planta_A,10,Mecánica,Media,3,300.37,No
OT00141,Cierre,2026-02-09 08:00:00,Administracion_Mtto,EQ750,Compresor,Planta_A,16,Hidráulica,Baja,0,2184.86,Sí
OT00071,Cierre,2026-02-09 08:00:00,Administracion_Mtto,EQ193,Torno CNC,Planta_A,12,Hidráulica,Alta,5,2317.79,Sí
OT00147,Cierre,2026-02-09 08:00:00,Administracion_Mtto,EQ692,Bomba,Planta_B,16,Mecánica,Media,3,1017.28,No
OT00135,Cierre,2026-02-09 08:10:00,Administracion_Mtto,EQ199,Montacargas,Planta_B,14,Hidráulica,Alta,1,2420.37,No
OT00153,Solicitud de repuesto,2026-02-09 08:15:28,Tec_03,EQ142,Torno CNC,Planta_A,13,Mecánica,Media,1,1915.06,No
OT00138,Cierre,2026-02-09 08:18:00,Administracion_Mtto,EQ529,Bomba,Planta_B,14,Eléctrica,Media,0,819.54,Sí
OT00148,Prueba,2026-02-09 08:25:16,Tec_05,EQ417,Montacargas,Planta_A,15,Mecánica,Baja,1,2800.0,No
OT00099,Reparación,2026-02-09 08:25:56,Tec_03,EQ117,Montacargas,Planta_A,14,Mecánica,Media,1,5131.69,No
OT00150,Cierre,2026-02-09 08:27:00,Administracion_Mtto,EQ552,Compresor,Planta_A,17,Hidráulica,Media,0,203.84,Sí
OT00122,Cierre,2026-02-09 08:27:00,Administracion_Mtto,EQ144,Bomba,Planta_A,18,Eléctrica,Baja,3,6349.19,Sí
OT00160,Asignación de técnico,2026-02-09 08:27:48,Jefe_Mantenimiento,EQ595,Compresor,Planta_A,14,Mecánica,Media,3,1400.0,Sí
OT00159,Asignación de técnico,2026-02-09 08:28:07,Jefe_Mantenimiento,EQ701,Montacargas,Planta_A,7,Mecánica,Alta,1,2800.0,Sí
OT00163,Solicitud de repuesto,2026-02-09 08:28:25,Tec_06,EQ743,Montacargas,Planta_B,15,Hidráulica,Baja,2,8337.08,No
OT00156,Asignación de técnico,2026-02-09 08:49:18,Jefe_Mantenimiento,EQ111,Montacargas,Planta_B,9,Software,Alta,4,1400.0,No
OT00161,Asignación de técnico,2026-02-09 08:52:19,Jefe_Mantenimiento,EQ391,Torno CNC,Planta_B,15,Eléctrica,Media,3,4013.73,No
OT00162,Reparación,2026-02-09 08:59:59,Tec_03,EQ735,Bomba,Planta_A,15,Mecánica,Media,2,1400.0,No
OT00161,Solicitud de repuesto,2026-02-09 09:22:20,Tec_06,EQ391,Torno CNC,Planta_B,15,Eléctrica,Media,3,4013.73,No
OT00148,Puesta en operación,2026-02-09 09:29:57,Tec_05,EQ417,Montacargas,Planta_A,15,Mecánica,Baja,1,2800.0,No
OT00160,Reparación,2026-02-09 09:36:19,Tec_01,EQ595,Compresor,Planta_A,14,Mecánica,Media,3,1400.0,Sí
OT00164,Reparación,2026-02-09 09:49:15,Tec_04,EQ703,Bomba,Planta_A,10,Software,Alta,2,1257.88,No
OT00120,Reparación,2026-02-09 09:55:59,Tec_02,EQ387,Compresor,Planta_A,11,Eléctrica,Alta,2,2268.51,No
OT00158,Reparación,2026-02-09 10:08:52,Tec_06,EQ645,Compresor,Planta_B,18,Eléctrica,Media,4,1400.0,Sí
OT00157,Reparación,2026-02-09 10:28:50,Tec_01,EQ344,Compresor,Planta_A,6,Eléctrica,Alta,0,1400.0,Sí
OT00152,Reparación,2026-02-09 10:58:34,Tec_03,EQ124,Prensa hidráulica,Planta_A,18,Eléctrica,Baja,0,1400.0,Sí
OT00162,Prueba,2026-02-09 10:59:11,Tec_03,EQ735,Bomba,Planta_A,15,Mecánica,Media,2,1400.0,No
OT00164,Prueba,2026-02-09 11:08:36,Tec_04,EQ703,Bomba,Planta_A,10,Software,Alta,2,1257.88,No
OT00099,Prueba fallida,2026-02-09 11:13:43,Tec_03,EQ117,Montacargas,Planta_A,14,Mecánica,Media,1,5131.69,No
OT00158,Prueba,2026-02-09 11:22:22,Tec_06,EQ645,Compresor,Planta_B,18,Eléctrica,Media,4,1400.0,Sí
OT00157,Prueba,2026-02-09 11:38:07,Tec_01,EQ344,Compresor,Planta_A,6,Eléctrica,Alta,0,1400.0,Sí
OT00121,Reparación,2026-02-09 11:39:01,Tec_06,EQ494,Torno CNC,Planta_B,8,Hidráulica,Media,1,2798.9,No
OT00156,Reparación,2026-02-09 11:54:19,Tec_07,EQ111,Montacargas,Planta_B,9,Software,Alta,4,1400.0,No
OT00164,Puesta en operación,2026-02-09 12:02:10,Tec_04,EQ703,Bomba,Planta_A,10,Software,Alta,2,1257.88,No
OT00157,Puesta en operación,2026-02-09 12:05:22,Tec_01,EQ344,Compresor,Planta_A,6,Eléctrica,Alta,0,1400.0,Sí
OT00120,Prueba,2026-02-09 12:19:33,Tec_02,EQ387,Compresor,Planta_A,11,Eléctrica,Alta,2,2268.51,No
OT00162,Puesta en operación,2026-02-09 12:26:24,Tec_03,EQ735,Bomba,Planta_A,15,Mecánica,Media,2,1400.0,No
OT00152,Prueba,2026-02-09 12:33:30,Tec_03,EQ124,Prensa hidráulica,Planta_A,18,Eléctrica,Baja,0,1400.0,Sí
OT00154,Nueva reparación,2026-02-09 12:43:12,Tec_07,EQ371,Montacargas,Planta_B,18,Software,Media,4,2800.0,Sí
OT00159,Reparación,2026-02-09 12:43:52,Tec_03,EQ701,Montacargas,Planta_A,7,Mecánica,Alta,1,2800.0,Sí
OT00158,Puesta en operación,2026-02-09 12:54:07,Tec_06,EQ645,Compresor,Planta_B,18,Eléctrica,Media,4,1400.0,Sí
OT00158,Puesta en operación,2026-02-09 12:54:07,Tec_06,EQ645,Compresor,Planta_B,18,Eléctrica,Media,4,1400.0,Sí
OT00152,Puesta en operación,2026-02-09 13:20:49,Tec_03,EQ124,Prensa hidráulica,Planta_A,18,Eléctrica,Baja,0,1400.0,Sí
OT00168,Falla reportada,2026-02-09 13:36:55,Operador_06,EQ732,Torno CNC,Planta_A,3,Eléctrica,Baja,0,1620.82,No
OT00159,Prueba fallida,2026-02-09 13:40:31,Tec_03,EQ701,Montacargas,Planta_A,7,Mecánica,Alta,1,2800.0,Sí
OT00121,Prueba,2026-02-09 13:52:53,Tec_06,EQ494,Torno CNC,Planta_B,8,Hidráulica,Media,1,2798.9,No
OT00167,Falla reportada,2026-02-09 13:54:58,Operador_09,EQ690,Torno CNC,Planta_A,8,Mecánica,Alta,0,2268.74,No
OT00155,Cierre,2026-02-09 14:01:02,Administracion_Mtto,EQ513,Torno CNC,Planta_A,9,Mecánica,Media,0,320.79,Sí
OT00156,Prueba,2026-02-09 14:07:46,Tec_07,EQ111,Montacargas,Planta_B,9,Software,Alta,4,1400.0,No
OT00099,Nueva reparación,2026-02-09 14:15:15,Tec_03,EQ117,Montacargas,Planta_A,14,Mecánica,Media,1,5131.69,No
OT00160,Prueba,2026-02-09 14:28:17,Tec_01,EQ595,Compresor,Planta_A,14,Mecánica,Media,3,1400.0,Sí
OT00154,Prueba,2026-02-09 14:30:04,Tec_07,EQ371,Montacargas,Planta_B,18,Software,Media,4,2800.0,Sí
OT00165,Falla reportada,2026-02-09 14:38:00,Operador_06,EQ289,Compresor,Planta_A,4,Mecánica,Media,0,864.23,No
OT00167,Diagnóstico,2026-02-09 14:40:03,Tec_05,EQ690,Torno CNC,Planta_A,8,Mecánica,Alta,0,2268.74,No
OT00121,Puesta en operación,2026-02-09 14:41:40,Tec_06,EQ494,Torno CNC,Planta_B,8,Hidráulica,Media,1,2798.9,No
OT00154,Puesta en operación,2026-02-09 15:06:30,Tec_07,EQ371,Montacargas,Planta_B,18,Software,Media,4,2800.0,Sí
OT00156,Puesta en operación,2026-02-09 15:08:30,Tec_07,EQ111,Montacargas,Planta_B,9,Software,Alta,4,1400.0,No
OT00168,Diagnóstico,2026-02-09 15:11:20,Tec_02,EQ732,Torno CNC,Planta_A,3,Eléctrica,Baja,0,1620.82,No
OT00167,Asignación de técnico,2026-02-09 15:22:39,Jefe_Mantenimiento,EQ690,Torno CNC,Planta_A,8,Mecánica,Alta,0,2268.74,No
OT00168,Asignación de técnico,2026-02-09 15:48:06,Jefe_Mantenimiento,EQ732,Torno CNC,Planta_A,3,Eléctrica,Baja,0,1620.82,No
OT00167,Solicitud de repuesto,2026-02-09 15:52:40,Tec_04,EQ690,Torno CNC,Planta_A,8,Mecánica,Alta,0,2268.74,No
OT00120,Puesta en operación,2026-02-09 16:00:01,Tec_02,EQ387,Compresor,Planta_A,11,Eléctrica,Alta,2,2268.51,No
OT00160,puesta en operación,2026-02-09 16:05:35,Tec_01,EQ595,Compresor,Planta_A,14,Mecánica,Media,3,1400.0,Sí
OT00168,Solicitud de repuesto,2026-02-09 16:18:07,Tec_02,EQ732,Torno CNC,Planta_A,3,Eléctrica,Baja,0,1620.82,No
OT00099,Prueba fallida,2026-02-09 16:29:26,Tec_03,EQ117,Montacargas,Planta_A,14,Mecánica,Media,1,5131.69,No
OT00166,Falla reportada,2026-02-09 21:10:56,Operador_12,EQ214,Compresor,Planta_A,16,Mecánica,Media,1,2627.63,No
OT00172,Falla reportada,2026-02-10 04:24:10,Operador_06,EQ658,Compresor,Planta_A,2,Hidráulica,Baja,3,351.03,No
OT00173,Falla reportada,2026-02-10 06:04:11,Operador_03,EQ734,Bomba,Planta_A,15,Eléctrica,Baja,3,2025.93,Sí
OT00165,Diagnóstico,2026-02-10 07:00:00,Tec_03,EQ289,Compresor,Planta_A,4,Mecánica,Media,0,864.23,No
OT00159,Nueva reparación,2026-02-10 07:00:00,Tec_03,EQ701,Montacargas,Planta_A,7,Mecánica,Alta,1,2800.0,Sí
OT00166,Diagnóstico,2026-02-10 07:00:00,Tec_03,EQ214,Compresor,Planta_A,16,Mecánica,Media,1,2627.63,No
OT00099,Nueva reparación,2026-02-10 07:06:00,Tec_03,EQ117,Montacargas,Planta_A,14,Mecánica,Media,1,5131.69,No
OT00097,Recepción de repuesto,2026-02-10 07:07:00,Bodega,EQ688,Montacargas,Planta_A,18,Eléctrica,Baja,1,14472.64,No
OT00172,Diagnóstico ,2026-02-10 07:20:29,Tec_05,EQ658,Compresor,Planta_A,2,Hidráulica,Baja,3,351.03,No
OT00165,Asignación de técnico,2026-02-10 07:53:49,Jefe_Mantenimiento,EQ289,Compresor,Planta_A,4,Mecánica,Media,0,864.23,No
OT00173,Diagnóstico,2026-02-10 07:55:07,Tec_04,EQ734,Bomba,Planta_A,15,Eléctrica,Baja,3,2025.93,Sí
OT00172,Asignación de técnico,2026-02-10 07:55:59,Jefe_Mantenimiento,EQ658,Compresor,Planta_A,2,Hidráulica,Baja,3,351.03,No
OT00099,Prueba,2026-02-10 08:47:25,Tec_03,EQ117,Montacargas,Planta_A,14,Mecánica,Media,1,5131.69,No
OT00166,Asignación de técnico,2026-02-10 08:49:44,Jefe_Mantenimiento,EQ214,Compresor,Planta_A,16,Mecánica,Media,1,2627.63,No
OT00159,Prueba,2026-02-10 09:00:14,Tec_03,EQ701,Montacargas,Planta_A,7,Mecánica,Alta,1,2800.0,Sí
OT00166,Solicitud de repuesto,2026-02-10 09:19:45,Tec_02,EQ214,Compresor,Planta_A,16,Mecánica,Media,1,2627.63,No
OT00173,Asignación de técnico,2026-02-10 09:23:08,Jefe_Mantenimiento,EQ734,Bomba,Planta_A,15,Eléctrica,Baja,3,2025.93,Sí
OT00099,Puesta en operación,2026-02-10 09:30:10,Tec_03,EQ117,Montacargas,Planta_A,14,Mecánica,Media,1,5131.69,No
OT00097,Reparación,2026-02-10 09:44:26,Tec_04,EQ688,Montacargas,Planta_A,18,Eléctrica,Baja,1,14472.64,No
OT00148,Cierre,2026-02-10 09:48:33,Administracion_Mtto,EQ417,Montacargas,Planta_A,15,Mecánica,Baja,1,2800.0,No
OT00159,Puesta en operación,2026-02-10 09:50:02,Tec_03,EQ701,Montacargas,Planta_A,7,Mecánica,Alta,1,2800.0,Sí
OT00169,Falla reportada,2026-02-10 10:13:03,Operador_08,EQ543,Bomba,Planta_B,13,Eléctrica,Media,2,783.61,No
OT00172,Reparación,2026-02-10 10:35:01,Tec_03,EQ658,Compresor,Planta_A,2,Hidráulica,Baja,3,351.03,No
OT00097,Prueba,2026-02-10 10:50:19,Tec_04,EQ688,Montacargas,Planta_A,18,Eléctrica,Baja,1,14472.64,No
OT00165,Reparación,2026-02-10 11:34:32,Tec_04,EQ289,Compresor,Planta_A,4,Mecánica,Media,0,864.23,No
OT00097,Puesta en operación,2026-02-10 11:43:37,Tec_04,EQ688,Montacargas,Planta_A,18,Eléctrica,Baja,1,14472.64,No
OT00173,Reparación,2026-02-10 12:30:44,Tec_01,EQ734,Bomba,Planta_A,15,Eléctrica,Baja,3,2025.93,Sí
OT00169,Diagnóstico,2026-02-10 12:39:56,Tec_B01,EQ543,Bomba,Planta_B,13,Eléctrica,Media,2,783.61,No
OT00172,Prueba,2026-02-10 13:48:17,Tec_03,EQ658,Compresor,Planta_A,2,Hidráulica,Baja,3,351.03,No
OT00169,Asignación de técnico,2026-02-10 14:02:05,Jefe_Mantenimiento,EQ543,Bomba,Planta_B,13,Eléctrica,Media,2,783.61,No
OT00165,Prueba,2026-02-10 14:13:14,Tec_04,EQ289,Compresor,Planta_A,4,Mecánica,Media,0,864.23,No
OT00173,Prueba fallida,2026-02-10 14:24:51,Tec_01,EQ734,Bomba,Planta_A,15,Eléctrica,Baja,3,2025.93,Sí
OT00172,Puesta en operación,2026-02-10 14:25:57,Tec_03,EQ658,Compresor,Planta_A,2,Hidráulica,Baja,3,351.03,No
OT00165,Puesta en operación,2026-02-10 15:19:32,Tec_04,EQ289,Compresor,Planta_A,4,Mecánica,Media,0,864.23,No
OT00169,Reparación,2026-02-10 15:51:56,Tec_06,EQ543,Bomba,Planta_B,13,Eléctrica,Media,2,783.61,No
OT00171,Falla reportada,2026-02-10 18:38:50,Operador_05,EQ243,Torno CNC,Planta_A,13,Eléctrica,Media,1,771.69,Sí
OT00175,Falla reportada,2026-02-10 19:12:16,Operador_08,EQ453,Torno CNC,Planta_A,1,Hidráulica,Media,0,608.63,Sí
OT00174,Falla reportada,2026-02-10 20:26:52,Operador_02,EQ138,Compresor,Planta_A,17,Software,Baja,1,3662.81,Sí
OT00170,Falla reportada,2026-02-10 21:04:01,Operador_02,EQ324,Torno CNC,Planta_A,12,Mecánica,Media,3,561.86,Sí
OT00173,Nueva reparación,2026-02-11 07:00:00,Tec_01,EQ734,Bomba,Planta_A,15,Eléctrica,Baja,3,2025.93,Sí
OT00175,Diagnóstico,2026-02-11 07:00:00,Tec_04,EQ453,Torno CNC,Planta_A,1,Hidráulica,Media,0,608.63,Sí
OT00171,Diagnóstico,2026-02-11 07:00:00,Tec_03,EQ243,Torno CNC,Planta_A,13,Eléctrica,Media,1,771.69,Sí
OT00169,Prueba,2026-02-11 07:00:00,Tec_06,EQ543,Bomba,Planta_B,13,Eléctrica,Media,2,783.61,No
OT00170,Diagnóstico,2026-02-11 07:00:00,Tec_03,EQ324,Torno CNC,Planta_A,12,Mecánica,Media,3,561.86,Sí
OT00174,Diagnóstico,2026-02-11 07:00:00,Tec_04,EQ138,Compresor,Planta_A,17,Software,Baja,1,3662.81,Sí
OT00175,Asignación de técnico,2026-02-11 07:42:27,Jefe_Mantenimiento,EQ453,Torno CNC,Planta_A,1,Hidráulica,Media,0,608.63,Sí
OT00145,Cierre,2026-02-11 08:00:00,Administracion_Mtto,EQ002,Bomba,Planta_A,12,Eléctrica,Media,1,672.17,No
OT00174,Asignación de técnico,2026-02-11 08:17:42,Jefe_Mantenimiento,EQ138,Compresor,Planta_A,17,Software,Baja,1,3662.81,Sí
OT00162,Cierre,2026-02-11 08:21:00,Administracion_Mtto,EQ735,Bomba,Planta_A,15,Mecánica,Media,2,1400.0,No
OT00170,Asignación de técnico,2026-02-11 08:22:34,Jefe_Mantenimiento,EQ324,Torno CNC,Planta_A,12,Mecánica,Media,3,561.86,Sí
OT00169,Puesta en operación,2026-02-11 08:36:23,Tec_06,EQ543,Bomba,Planta_B,13,Eléctrica,Media,2,783.61,No
OT00174,Solicitud de repuesto,2026-02-11 08:47:43,Tec_04,EQ138,Compresor,Planta_A,17,Software,Baja,1,3662.81,Sí
OT00171,Asignación de técnico,2026-02-11 09:09:30,Jefe_Mantenimiento,EQ243,Torno CNC,Planta_A,13,Eléctrica,Media,1,771.69,Sí
OT00173,Prueba,2026-02-11 09:22:43,Tec_01,EQ734,Bomba,Planta_A,15,Eléctrica,Baja,3,2025.93,Sí
OT00175,Reparación,2026-02-11 10:02:52,Tec_05,EQ453,Torno CNC,Planta_A,1,Hidráulica,Media,0,608.63,Sí
OT00170,Reparación,2026-02-11 10:08:40,Tec_01,EQ324,Torno CNC,Planta_A,12,Mecánica,Media,3,561.86,Sí
OT00173,Puesta en operación,2026-02-11 11:00:42,Tec_01,EQ734,Bomba,Planta_A,15,Eléctrica,Baja,3,2025.93,Sí
OT00180,Falla reportada,2026-02-11 11:25:58,Operador_06,EQ649,Montacargas,Planta_A,6,Mecánica,Media,1,896.27,No
OT00129,Recepción de repuesto,2026-02-11 11:31:32,Bodega,EQ087,Bomba,Planta_B,5,Hidráulica,Baja,2,2337.84,No
OT00180,Diagnóstico,2026-02-11 11:53:23,Tec_02,EQ649,Montacargas,Planta_A,6,Mecánica,Media,1,896.27,No
OT00175,Prueba,2026-02-11 11:55:25,Tec_05,EQ453,Torno CNC,Planta_A,1,Hidráulica,Media,0,608.63,Sí
OT00170,Prueba,2026-02-11 12:35:28,Tec_01,EQ324,Torno CNC,Planta_A,12,Mecánica,Media,3,561.86,Sí
OT00175,Puesta en operación,2026-02-11 12:35:38,Tec_05,EQ453,Torno CNC,Planta_A,1,Hidráulica,Media,0,608.63,Sí
OT00180,Asignación de técnico,2026-02-11 12:37:46,Jefe_Mantenimiento,EQ649,Montacargas,Planta_A,6,Mecánica,Media,1,896.27,No
OT00170,Puesta en operación,2026-02-11 13:07:12,Tec_01,EQ324,Torno CNC,Planta_A,12,Mecánica,Media,3,561.86,Sí
OT00129,Reparación,2026-02-11 13:08:07,Tec_06,EQ087,Bomba,Planta_B,5,Hidráulica,Baja,2,2337.84,No
OT00178,Falla reportada,2026-02-11 13:09:11,Operador_03,EQ542,Torno CNC,Planta_A,16,Hidráulica,Media,1,722.15,No
OT00171,Reparación,2026-02-11 13:13:41,Tec_04,EQ243,Torno CNC,Planta_A,13,Eléctrica,Media,1,771.69,Sí
OT00129,Prueba,2026-02-11 14:55:55,Tec_06,EQ087,Bomba,Planta_B,5,Hidráulica,Baja,2,2337.84,No
OT00158,Cierre,2026-02-11 15:07:10,Administracion_Mtto,EQ645,Compresor,Planta_B,18,Eléctrica,Media,4,1400.0,Sí
OT00129,Puesta en operación,2026-02-11 15:33:37,Tec_06,EQ087,Bomba,Planta_B,5,Hidráulica,Baja,2,2337.84,No
OT00182,Falla reportada,2026-02-11 15:56:26,Operador_12,EQ708,Bomba,Planta_A,17,Hidráulica,Media,2,4335.0,No
OT00171,Prueba,2026-02-11 16:03:31,Tec_04,EQ243,Torno CNC,Planta_A,13,Eléctrica,Media,1,771.69,Sí
OT00178,Diagnóstico,2026-02-11 16:19:21,Tec_04,EQ542,Torno CNC,Planta_A,16,Hidráulica,Media,1,722.15,No
OT00171,Puesta en operación,2026-02-11 16:41:44,Tec_04,EQ243,Torno CNC,Planta_A,13,Eléctrica,Media,1,771.69,Sí
OT00177,Falla reportada,2026-02-11 16:51:10,Operador_01,EQ475,Montacargas,Planta_B,15,Eléctrica,Baja,2,2800.0,No
OT00178,Asignación de técnico,2026-02-11 16:56:58,Jefe_Mantenimiento,EQ542,Torno CNC,Planta_A,16,Hidráulica,Media,1,722.15,No
OT00183,Falla reportada,2026-02-11 17:55:31,Operador_03,EQ612,Compresor,Planta_A,18,Mecánica,Media,1,2716.65,Sí
OT00181,Falla reportada,2026-02-11 18:49:10,Operador_01,EQ047,Compresor,Planta_A,14,Mecánica,Media,2,1791.67,Sí
OT00176,Falla reportada,2026-02-11 20:27:21,Operador_06,EQ356,Torno CNC,Planta_B,10,Eléctrica,Media,3,621.92,No
OT00179,Falla reportada,2026-02-11 21:55:41,Operador_11,EQ429,Torno CNC,Planta_A,16,Hidráulica,Media,0,5404.77,Sí
OT00189,Falla reportada,2026-02-12 04:25:51,Operador_09,EQ240,Torno CNC,Planta_A,13,Hidráulica,Media,1,327.23,No
OT00188,Falla reportada,2026-02-12 05:21:06,Operador_12,EQ270,Torno CNC,Planta_B,7,Mecánica,Alta,1,2126.95,No
OT00185,Falla reportada,2026-02-12 05:39:25,Operador_07,EQ183,Montacargas,Planta_A,13,Eléctrica,Media,4,389.46,No
OT00182,Diagnóstico,2026-02-12 07:00:00,Tec_02,EQ708,Bomba,Planta_A,17,Hidráulica,Media,2,4335.0,No
OT00180,Reparación,2026-02-12 07:00:00,Tec_05,EQ649,Montacargas,Planta_A,6,Mecánica,Media,1,896.27,No
OT00178,Reparación,2026-02-12 07:00:00,Tec_03,EQ542,Torno CNC,Planta_A,16,Hidráulica,Media,1,722.15,No
OT00181,Diagnóstico,2026-02-12 07:00:00,Tec_05,EQ047,Compresor,Planta_A,14,Mecánica,Media,2,1791.67,Sí
OT00166,Recepción de repuesto,2026-02-12 07:00:00,Bodega,EQ214,Compresor,Planta_A,16,Mecánica,Media,1,2627.63,No
OT00166,Recepción de repuesto,2026-02-12 07:00:00,Bodega,EQ214,Compresor,Planta_A,16,Mecánica,Media,1,2627.63,No
OT00183,Diagnóstico,2026-02-12 07:00:00,Tec_01,EQ612,Compresor,Planta_A,18,Mecánica,Media,1,2716.65,Sí
OT00189,Diagnóstico,2026-02-12 07:05:00,Tec_01,EQ240,Torno CNC,Planta_A,13,Hidráulica,Media,1,327.23,No
OT00179,Diagnóstico,2026-02-12 07:06:00,Tec_05,EQ429,Torno CNC,Planta_A,16,Hidráulica,Media,0,5404.77,Sí
OT00182,Asignación de técnico,2026-02-12 07:35:48,Jefe_Mantenimiento,EQ708,Bomba,Planta_A,17,Hidráulica,Media,2,4335.0,No
OT00186,Falla reportada,2026-02-12 07:43:08,Operador_07,EQ655,Torno CNC,Planta_B,6,Mecánica,Alta,0,1826.03,No
OT00120,Cierre,2026-02-12 08:00:00,Administracion_Mtto,EQ387,Compresor,Planta_A,11,Eléctrica,Alta,2,2268.51,No
OT00157,Cierre,2026-02-12 08:00:00,Administracion_Mtto,EQ344,Compresor,Planta_A,6,Eléctrica,Alta,0,1400.0,Sí
OT00163,Aprobación de compra,2026-02-12 08:02:00,Gerencia,EQ743,Montacargas,Planta_B,15,Hidráulica,Baja,2,8337.08,No
OT00149,Aprobación de compra,2026-02-12 08:03:00,Gerencia,EQ301,Torno CNC,Planta_A,13,Mecánica,Alta,1,8711.37,Sí
OT00182,Solicitud de repuesto,2026-02-12 08:05:49,Tec_01,EQ708,Bomba,Planta_A,17,Hidráulica,Media,2,4335.0,No
OT00185,Diagnóstico,2026-02-12 08:06:17,Tec_02,EQ183,Montacargas,Planta_A,13,Eléctrica,Media,4,389.46,No
OT00179,Asignación de técnico,2026-02-12 08:11:46,Jefe_Mantenimiento,EQ429,Torno CNC,Planta_A,16,Hidráulica,Media,0,5404.77,Sí
OT00156,Cierre,2026-02-12 08:13:00,Administracion_Mtto,EQ111,Montacargas,Planta_B,9,Software,Alta,4,1400.0,No
OT00189,Asignación de técnico,2026-02-12 08:15:12,Jefe_Mantenimiento,EQ240,Torno CNC,Planta_A,13,Hidráulica,Media,1,327.23,No
OT00183,Asignación de técnico,2026-02-12 08:19:06,Jefe_Mantenimiento,EQ612,Compresor,Planta_A,18,Mecánica,Media,1,2716.65,Sí
OT00176,Diagnóstico,2026-02-12 08:24:13,Tec_B01,EQ356,Torno CNC,Planta_B,10,Eléctrica,Media,3,621.92,No
OT00179,Solicitud de repuesto,2026-02-12 08:41:47,Tec_01,EQ429,Torno CNC,Planta_A,16,Hidráulica,Media,0,5404.77,Sí
OT00176,Asignación de técnico,2026-02-12 08:57:05,Jefe_Mantenimiento,EQ356,Torno CNC,Planta_B,10,Eléctrica,Media,3,621.92,No
OT00181,Asignación de técnico,2026-02-12 09:03:46,Jefe_Mantenimiento,EQ047,Compresor,Planta_A,14,Mecánica,Media,2,1791.67,Sí
OT00178,Prueba,2026-02-12 09:10:58,Tec_03,EQ542,Torno CNC,Planta_A,16,Hidráulica,Media,1,722.15,No
OT00166,Reparación,2026-02-12 09:17:47,Tec_02,EQ214,Compresor,Planta_A,16,Mecánica,Media,1,2627.63,No
OT00166,Reparación,2026-02-12 09:17:47,Tec_02,EQ214,Compresor,Planta_A,16,Mecánica,Media,1,2627.63,No
OT00185,Asignación de técnico,2026-02-12 09:20:31,Jefe_Mantenimiento,EQ183,Montacargas,Planta_A,13,Eléctrica,Media,4,389.46,No
OT00181,Solicitud de repuesto,2026-02-12 09:33:47,Tec_03,EQ047,Compresor,Planta_A,14,Mecánica,Media,2,1791.67,Sí
OT00188,Diagnóstico,2026-02-12 09:42:32,Tec_B01,EQ270,Torno CNC,Planta_B,7,Mecánica,Alta,1,2126.95,No
OT00178,Puesta en operación,2026-02-12 09:47:09,Tec_03,EQ542,Torno CNC,Planta_A,16,Hidráulica,Media,1,722.15,No
OT00176,Reparación,2026-02-12 10:28:08,Tec_07,EQ356,Torno CNC,Planta_B,10,Eléctrica,Media,3,621.92,No
OT00166,Prueba,2026-02-12 10:36:28,Tec_02,EQ214,Compresor,Planta_A,16,Mecánica,Media,1,2627.63,No
OT00188,Asignación de técnico,2026-02-12 10:37:12,Jefe_Mantenimiento,EQ270,Torno CNC,Planta_B,7,Mecánica,Alta,1,2126.95,No
OT00189,Reparación,2026-02-12 10:52:54,Tec_03,EQ240,Torno CNC,Planta_A,13,Hidráulica,Media,1,327.23,No
OT00166,Puesta en operación,2026-02-12 11:12:24,Tec_02,EQ214,Compresor,Planta_A,16,Mecánica,Media,1,2627.63,No
OT00180,Prueba,2026-02-12 11:53:27,Tec_05,EQ649,Montacargas,Planta_A,6,Mecánica,Media,1,896.27,No
OT00183,Reparación,2026-02-12 12:16:57,Tec_03,EQ612,Compresor,Planta_A,18,Mecánica,Media,1,2716.65,Sí
OT00189,Prueba,2026-02-12 12:45:41,Tec_03,EQ240,Torno CNC,Planta_A,13,Hidráulica,Media,1,327.23,No
OT00180,Puesta en operación,2026-02-12 13:02:26,Tec_05,EQ649,Montacargas,Planta_A,6,Mecánica,Media,1,896.27,No
OT00188,Reparación,2026-02-12 13:41:27,Tec_06,EQ270,Torno CNC,Planta_B,7,Mecánica,Alta,1,2126.95,No
OT00189,Puesta en operación,2026-02-12 13:46:49,Tec_03,EQ240,Torno CNC,Planta_A,13,Hidráulica,Media,1,327.23,No
OT00176,Prueba,2026-02-12 13:51:22,Tec_07,EQ356,Torno CNC,Planta_B,10,Eléctrica,Media,3,621.92,No
OT00190,Falla reportada,2026-02-12 14:01:36,Operador_07,EQ614,Bomba,Planta_B,8,Mecánica,Baja,1,1400.0,Sí
OT00176,Puesta en operación,2026-02-12 14:13:30,Tec_07,EQ356,Torno CNC,Planta_B,10,Eléctrica,Media,3,621.92,No
OT00185,Reparación,2026-02-12 14:33:21,Tec_02,EQ183,Montacargas,Planta_A,13,Eléctrica,Media,4,389.46,No
OT00183,Prueba fallida,2026-02-12 15:18:34,Tec_03,EQ612,Compresor,Planta_A,18,Mecánica,Media,1,2716.65,Sí
OT00186,Diagnóstico,2026-02-12 15:44:42,Tec_B01,EQ655,Torno CNC,Planta_B,6,Mecánica,Alta,0,1826.03,No
OT00185,Prueba,2026-02-12 15:48:19,Tec_02,EQ183,Montacargas,Planta_A,13,Eléctrica,Media,4,389.46,No
OT00177,Diagnóstico,2026-02-12 15:52:08,Tec_B01,EQ475,Montacargas,Planta_B,15,Eléctrica,Baja,2,2800.0,No
OT00188,Prueba fallida,2026-02-12 16:14:27,Tec_06,EQ270,Torno CNC,Planta_B,7,Mecánica,Alta,1,2126.95,No
OT00185,Puesta en operación,2026-02-12 16:47:04,Tec_02,EQ183,Montacargas,Planta_A,13,Eléctrica,Media,4,389.46,No
OT00163,Recepción de repuesto,2026-02-12 16:56:47,Bodega,EQ743,Montacargas,Planta_B,15,Hidráulica,Baja,2,8337.08,No
OT00191,Falla reportada,2026-02-12 18:30:00,Operador_12,EQ060,Compresor,Planta_B,13,Eléctrica,Media,0,3490.29,No
OT00184,Falla reportada,2026-02-12 19:56:49,Operador_11,EQ736,Compresor,Planta_A,7,Eléctrica,Alta,1,611.72,No
OT00187,Falla reportada,2026-02-12 21:33:25,Operador_01,EQ532,Montacargas,Planta_A,8,Software,Baja,3,638.99,No
OT00193,Falla reportada,2026-02-13 02:02:50,Operador_10,EQ307,Prensa hidráulica,Planta_A,18,Software,Media,0,407.83,No
OT00177,Asignación de técnico,2026-02-13 07:00:00,Jefe_Mantenimiento,EQ475,Montacargas,Planta_B,15,Eléctrica,Baja,2,2800.0,No
OT00183,Nueva reparación,2026-02-13 07:00:00,Tec_03,EQ612,Compresor,Planta_A,18,Mecánica,Media,1,2716.65,Sí
OT00184,Diagnóstico,2026-02-13 07:00:00,Tec_04,EQ736,Compresor,Planta_A,7,Eléctrica,Alta,1,611.72,No
OT00188,Nueva reparación,2026-02-13 07:00:00,Tec_06,EQ270,Torno CNC,Planta_B,7,Mecánica,Alta,1,2126.95,No
OT00186,Asignación de técnico,2026-02-13 07:00:00,Jefe_Mantenimiento,EQ655,Torno CNC,Planta_B,6,Mecánica,Alta,0,1826.03,No
OT00163,Reparación,2026-02-13 07:00:00,Tec_06,EQ743,Montacargas,Planta_B,15,Hidráulica,Baja,2,8337.08,No
OT00193,Diagnóstico,2026-02-13 07:03:00,Tec_04,EQ307,Prensa hidráulica,Planta_A,18,Software,Media,0,407.83,No
OT00191,Diagnóstico,2026-02-13 07:10:00,Tec_B01,EQ060,Compresor,Planta_B,13,Eléctrica,Media,0,3490.29,No
OT00186,Solicitud de repuesto,2026-02-13 07:30:01,Tec_07,EQ655,Torno CNC,Planta_B,6,Mecánica,Alta,0,1826.03,No
OT00160,Cierre,2026-02-13 08:00:00,Administracion_Mtto,EQ595,Compresor,Planta_A,14,Mecánica,Media,3,1400.0,Sí
OT00193,Asignación de técnico,2026-02-13 08:00:29,Jefe_Mantenimiento,EQ307,Prensa hidráulica,Planta_A,18,Software,Media,0,407.83,No
OT00183,Prueba,2026-02-13 08:01:25,Tec_03,EQ612,Compresor,Planta_A,18,Mecánica,Media,1,2716.65,Sí
OT00152,Cierre,2026-02-13 08:03:00,Administracion_Mtto,EQ124,Prensa hidráulica,Planta_A,18,Eléctrica,Baja,0,1400.0,Sí
OT00151,Cierre,,Administracion_Mtto,EQ625,Prensa hidráulica,Planta_A,7,Eléctrica,Media,1,1400.0,No
OT00190,Diagnóstico,2026-02-13 08:11:03,Tec_B01,EQ614,Bomba,Planta_B,8,Mecánica,Baja,1,1400.0,Sí
OT00164,Cierre,2026-02-13 08:16:00,Administracion_Mtto,EQ703,Bomba,Planta_A,10,Software,Alta,2,1257.88,No
OT00184,Asignación de técnico,2026-02-13 08:31:41,Jefe_Mantenimiento,EQ736,Compresor,Planta_A,7,Eléctrica,Alta,1,611.72,No
OT00183,Puesta en operación,2026-02-13 08:44:04,Tec_03,EQ612,Compresor,Planta_A,18,Mecánica,Media,1,2716.65,Sí
OT00187,Diagnóstico,2026-02-13 08:44:27,Tec_04,EQ532,Montacargas,Planta_A,8,Software,Baja,3,638.99,No
OT00191,Asignación de técnico,2026-02-13 08:50:49,Jefe_Mantenimiento,EQ060,Compresor,Planta_B,13,Eléctrica,Media,0,3490.29,No
OT00177,Reparación,2026-02-13 08:51:59,Tec_07,EQ475,Montacargas,Planta_B,15,Eléctrica,Baja,2,2800.0,No
OT00163,Prueba,2026-02-13 09:07:13,Tec_06,EQ743,Montacargas,Planta_B,15,Hidráulica,Baja,2,8337.08,No
OT00190,Asignación de técnico,2026-02-13 09:08:40,Jefe_Mantenimiento,EQ614,Bomba,Planta_B,8,Mecánica,Baja,1,1400.0,Sí
OT00191,Solicitud de repuesto,2026-02-13 09:20:50,Tec_06,EQ060,Compresor,Planta_B,13,Eléctrica,Media,0,3490.29,No
OT00187,Asignación de técnico,2026-02-13 09:23:36,Jefe_Mantenimiento,EQ532,Montacargas,Planta_A,8,Software,Baja,3,638.99,No
OT00163,Puesta en operación,2026-02-13 09:53:58,Tec_06,EQ743,Montacargas,Planta_B,15,Hidráulica,Baja,2,8337.08,No
OT00184,Reparación,2026-02-13 09:56:04,Tec_01,EQ736,Compresor,Planta_A,7,Eléctrica,Alta,1,611.72,No
OT00193,Reparación,2026-02-13 10:21:58,Tec_04,EQ307,Prensa hidráulica,Planta_A,18,Software,Media,0,407.83,No
OT00177,Prueba fallida,2026-02-13 10:25:26,Tec_07,EQ475,Montacargas,Planta_B,15,Eléctrica,Baja,2,2800.0,No
OT00188,Prueba,2026-02-13 10:39:24,Tec_06,EQ270,Torno CNC,Planta_B,7,Mecánica,Alta,1,2126.95,No
OT00187,Reparación,2026-02-13 11:39:19,Tec_02,EQ532,Montacargas,Planta_A,8,Software,Baja,3,638.99,No
OT00188,Puesta en operación,2026-02-13 11:44:12,Tec_06,EQ270,Torno CNC,Planta_B,7,Mecánica,Alta,1,2126.95,No
OT00192,Falla reportada,2026-02-13 11:50:24,Operador_07,EQ254,Bomba,Planta_A,18,Hidráulica,Media,1,1400.0,No
OT00184,Prueba,2026-02-13 12:20:14,Tec_01,EQ736,Compresor,Planta_A,7,Eléctrica,Alta,1,611.72,No
OT00193,prueba,2026-02-13 12:41:14,Tec_04,EQ307,Prensa hidráulica,Planta_A,18,Software,Media,0,407.83,No
OT00177,Nueva reparación,2026-02-13 13:14:04,Tec_07,EQ475,Montacargas,Planta_B,15,Eléctrica,Baja,2,2800.0,No
OT00194,Falla reportada,2026-02-13 13:21:42,Operador_04,EQ142,Torno CNC,Planta_A,13,Eléctrica,Alta,2,2696.41,No
OT00184,Puesta en operación,2026-02-13 13:25:29,Tec_01,EQ736,Compresor,Planta_A,7,Eléctrica,Alta,1,611.72,No
OT00173,Cierre,2026-02-13 13:26:01,Administracion_Mtto,EQ734,Bomba,Planta_A,15,Eléctrica,Baja,3,2025.93,Sí
OT00193,Puesta en operación,2026-02-13 13:41:58,Tec_04,EQ307,Prensa hidráulica,Planta_A,18,Software,Media,0,407.83,No
OT00194,Diagnóstico,2026-02-13 14:20:43,Tec_03,EQ142,Torno CNC,Planta_A,13,Eléctrica,Alta,2,2696.41,No
OT00154,Cierre,2026-02-13 14:41:08,Administracion_Mtto,EQ371,Montacargas,Planta_B,18,Software,Media,4,2800.0,Sí
OT00187,Prueba,2026-02-13 14:56:03,Tec_02,EQ532,Montacargas,Planta_A,8,Software,Baja,3,638.99,No
OT00177,Prueba,2026-02-13 15:09:23,Tec_07,EQ475,Montacargas,Planta_B,15,Eléctrica,Baja,2,2800.0,No
OT00194,Asignación de técnico,2026-02-13 15:11:06,Jefe_Mantenimiento,EQ142,Torno CNC,Planta_A,13,Eléctrica,Alta,2,2696.41,No
OT00192,Diagnóstico,2026-02-13 15:27:30,Tec_01,EQ254,Bomba,Planta_A,18,Hidráulica,Media,1,1400.0,No
OT00190,Reparación,2026-02-13 15:27:43,Tec_07,EQ614,Bomba,Planta_B,8,Mecánica,Baja,1,1400.0,Sí
OT00194,Solicitud de repuesto,2026-02-13 15:41:07,Tec_02,EQ142,Torno CNC,Planta_A,13,Eléctrica,Alta,2,2696.41,No
OT00187,Puesta en operación,2026-02-13 15:48:50,Tec_02,EQ532,Montacargas,Planta_A,8,Software,Baja,3,638.99,No
OT00192,Asignación de técnico,2026-02-13 16:01:52,Jefe_Mantenimiento,EQ254,Bomba,Planta_A,18,Hidráulica,Media,1,1400.0,No
OT00171,Cierre,2026-02-13 16:11:54,Administracion_Mtto,EQ243,Torno CNC,Planta_A,13,Eléctrica,Media,1,771.69,Sí
OT00190,Prueba,2026-02-13 16:14:29,Tec_07,EQ614,Bomba,Planta_B,8,Mecánica,Baja,1,1400.0,Sí
OT00177,Puesta en operación,2026-02-13 16:27:48,Tec_07,EQ475,Montacargas,Planta_B,15,Eléctrica,Baja,2,2800.0,No
OT00198,Falla reportada,2026-02-14 01:26:52,Operador_11,EQ489,Prensa hidráulica,Planta_A,11,Mecánica,Media,1,2710.05,No
OT00200,Falla reportada,2026-02-14 02:00:52,Operador_12,EQ399,Bomba,Planta_A,4,Hidráulica,Alta,0,3082.48,No
OT00199,Falla reportada,2026-02-14 02:27:09,Operador_12,EQ600,Montacargas,Planta_A,17,Mecánica,Baja,2,2800.0,Sí
OT00197,Falla reportada,2026-02-14 02:54:48,Operador_05,EQ725,Bomba,Planta_A,6,Eléctrica,Media,1,1400.0,No
OT00201,Falla reportada,2026-02-14 04:14:29,Operador_02,EQ152,Torno CNC,Planta_A,12,Eléctrica,Media,1,1400.0,Sí
OT00196,Falla reportada,2026-02-14 04:15:12,Operador_05,EQ730,Bomba,Planta_A,18,Mecánica,Alta,0,4683.69,Sí
OT00195,Falla reportada,2026-02-14 10:51:13,Operador_07,EQ639,Torno CNC,Planta_A,11,Eléctrica,Alta,0,2800.0,Sí
OT00202,Falla reportada,2026-02-15 00:31:46,Operador_01,EQ075,Torno CNC,Planta_A,8,Mecánica,Alta,1,1948.54,No
OT00204,Falla reportada,2026-02-15 10:45:25,Operador_10,EQ701,Montacargas,Planta_A,7,Hidráulica,Media,2,2471.27,No
OT00203,Falla reportada,2026-02-15 11:55:40,Operador_01,EQ612,Compresor,Planta_A,18,Software,Media,2,877.34,Sí
OT00205,Falla reportada,2026-02-15 18:26:39,Operador_04,EQ101,Compresor,Planta_B,11,Software,Baja,1,1400.0,No
OT00206,Falla reportada,2026-02-15 22:16:07,Operador_04,EQ473,Bomba,Planta_A,14,Mecánica,Media,1,5600.0,Sí
OT00200,Diagnóstico,2026-02-16 07:00:00,Tec_04,EQ399,Bomba,Planta_A,4,Hidráulica,Alta,0,3082.48,No
OT00128,Recepción de repuesto,2026-02-16 07:00:00,Bodega,EQ700,Torno CNC,Planta_A,9,Mecánica,Media,1,2978.82,No
OT00181,Recepción de repuesto,2026-02-16 07:00:00,Bodega,EQ047,Compresor,Planta_A,14,Mecánica,Media,2,1791.67,Sí
OT00190,Puesta en operación,2026-02-16 07:00:00,Tec_07,EQ614,Bomba,Planta_B,8,Mecánica,Baja,1,1400.0,Sí
OT00196,Diagnóstico,2026-02-16 07:00:00,Tec_03,EQ730,Bomba,Planta_A,18,Mecánica,Alta,0,4683.69,Sí
OT00191,Recepción de repuesto,2026-02-16 07:00:00,Bodega,EQ060,Compresor,Planta_B,13,Eléctrica,Media,0,3490.29,No
OT00204,Diagnóstico,2026-02-16 07:00:00,Tec_05,EQ701,Montacargas,Planta_A,7,Hidráulica,Media,2,2471.27,No
OT00201,Diagnóstico,2026-02-16 07:00:00,Tec_02,EQ152,Torno CNC,Planta_A,12,Eléctrica,Media,1,1400.0,Sí
OT00198,Diagnóstico,2026-02-16 07:00:00,Tec_02,EQ489,Prensa hidráulica,Planta_A,11,Mecánica,Media,1,2710.05,No
OT00192,Reparación,2026-02-16 07:00:00,Tec_03,EQ254,Bomba,Planta_A,18,Hidráulica,Media,1,1400.0,No
OT00197,Diagnóstico,2026-02-16 07:00:00,Tec_03,EQ725,Bomba,Planta_A,6,Eléctrica,Media,1,1400.0,No
OT00202,Diagnóstico,2026-02-16 07:00:00,Tec_05,EQ075,Torno CNC,Planta_A,8,Mecánica,Alta,1,1948.54,No
OT00199,Diagnóstico,2026-02-16 07:00:00,Tec_04,EQ600,Montacargas,Planta_A,17,Mecánica,Baja,2,2800.0,Sí
OT00195,Diagnóstico,2026-02-16 07:00:00,Tec_01,EQ639,Torno CNC,Planta_A,11,Eléctrica,Alta,0,2800.0,Sí
OT00203,Diagnóstico,2026-02-16 07:00:00,Tec_03,EQ612,Compresor,Planta_A,18,Software,Media,2,877.34,Sí
OT00206,Diagnóstico,2026-02-16 07:04:00,Tec_05,EQ473,Bomba,Planta_A,14,Mecánica,Media,1,5600.0,Sí
OT00195,Asignación de técnico,2026-02-16 07:15:53,Jefe_Mantenimiento,EQ639,Torno CNC,Planta_A,11,Eléctrica,Alta,0,2800.0,Sí
OT00201,Asignación de técnico,2026-02-16 07:22:23,Jefe_Mantenimiento,EQ152,Torno CNC,Planta_A,12,Eléctrica,Media,1,1400.0,Sí
OT00206,Asignación de técnico,2026-02-16 07:25:26,Jefe_Mantenimiento,EQ473,Bomba,Planta_A,14,Mecánica,Media,1,5600.0,Sí
OT00198,Asignación de técnico,2026-02-16 07:39:19,Jefe_Mantenimiento,EQ489,Prensa hidráulica,Planta_A,11,Mecánica,Media,1,2710.05,No
OT00204,Asignación de técnico,2026-02-16 07:40:24,Jefe_Mantenimiento,EQ701,Montacargas,Planta_A,7,Hidráulica,Media,2,2471.27,No
OT00203,Asignación de técnico,2026-02-16 07:42:30,Jefe_Mantenimiento,EQ612,Compresor,Planta_A,18,Software,Media,2,877.34,Sí
OT00196,Asignación de técnico,2026-02-16 07:42:53,Jefe_Mantenimiento,EQ730,Bomba,Planta_A,18,Mecánica,Alta,0,4683.69,Sí
OT00197,Asignación de técnico,2026-02-16 07:46:11,Jefe_Mantenimiento,EQ725,Bomba,Planta_A,6,Eléctrica,Media,1,1400.0,No
OT00175,Cierre,2026-02-16 08:00:00,Administracion_Mtto,EQ453,Torno CNC,Planta_A,1,Hidráulica,Media,0,608.63,Sí
OT00159,Cierre,2026-02-16 08:00:00,Administracion_Mtto,EQ701,Montacargas,Planta_A,7,Mecánica,Alta,1,2800.0,Sí
OT00099,Cierre,2026-02-16 08:00:00,Administracion_Mtto,EQ117,Montacargas,Planta_A,14,Mecánica,Media,1,5131.69,No
OT00097,Cierre,2026-02-16 08:00:00,Administracion_Mtto,EQ688,Montacargas,Planta_A,18,Eléctrica,Baja,1,14472.64,No
OT00184,Cierre,2026-02-16 08:00:00,Administracion_Mtto,EQ736,Compresor,Planta_A,7,Eléctrica,Alta,1,611.72,No
OT00169,Cierre,2026-02-16 08:00:00,Administracion_Mtto,EQ543,Bomba,Planta_B,13,Eléctrica,Media,2,783.61,No
OT00178,Cierre,2026-02-16 08:00:00,Administracion_Mtto,EQ542,Torno CNC,Planta_A,16,Hidráulica,Media,1,722.15,No
OT00121,Cierre,2026-02-16 08:00:00,Administracion_Mtto,EQ494,Torno CNC,Planta_B,8,Hidráulica,Media,1,2798.9,No
OT00193,Cierre,2026-02-16 08:00:00,Administracion_Mtto,EQ307,Prensa hidráulica,Planta_A,18,Software,Media,0,407.83,No
OT00183,Cierre,2026-02-16 08:00:00,Administracion_Mtto,EQ612,Compresor,Planta_A,18,Mecánica,Media,1,2716.65,Sí
OT00174,Aprobación de compra,2026-02-16 08:00:00,Gerencia,EQ138,Compresor,Planta_A,17,Software,Baja,1,3662.81,Sí
OT00163,Cierre,2026-02-16 08:00:00,Administracion_Mtto,EQ743,Montacargas,Planta_B,15,Hidráulica,Baja,2,8337.08,No
OT00189,Cierre,2026-02-16 08:00:00,Administracion_Mtto,EQ240,Torno CNC,Planta_A,13,Hidráulica,Media,1,327.23,No
OT00182,Aprobación de compra,2026-02-16 08:00:00,Gerencia,EQ708,Bomba,Planta_A,17,Hidráulica,Media,2,4335.0,No
OT00129,Cierre,2026-02-16 08:00:00,Administracion_Mtto,EQ087,Bomba,Planta_B,5,Hidráulica,Baja,2,2337.84,No
OT00176,Cierre,2026-02-16 08:07:00,Administracion_Mtto,EQ356,Torno CNC,Planta_B,10,Eléctrica,Media,3,621.92,No
OT00198,Solicitud de repuesto,2026-02-16 08:09:20,Tec_04,EQ489,Prensa hidráulica,Planta_A,11,Mecánica,Media,1,2710.05,No
OT00204,Solicitud de repuesto,2026-02-16 08:10:25,Tec_04,EQ701,Montacargas,Planta_A,7,Hidráulica,Media,2,2471.27,No
OT00196,Solicitud de repuesto,2026-02-16 08:12:54,Tec_05,EQ730,Bomba,Planta_A,18,Mecánica,Alta,0,4683.69,Sí
OT00199,Asignación de técnico,2026-02-16 08:18:53,Jefe_Mantenimiento,EQ600,Montacargas,Planta_A,17,Mecánica,Baja,2,2800.0,Sí
OT00192,Prueba,2026-02-16 08:27:49,Tec_03,EQ254,Bomba,Planta_A,18,Hidráulica,Media,1,1400.0,No
OT00202,Asignación de técnico,2026-02-16 08:59:44,Jefe_Mantenimiento,EQ075,Torno CNC,Planta_A,8,Mecánica,Alta,1,1948.54,No
OT00201,Reparación,2026-02-16 09:12:09,Tec_03,EQ152,Torno CNC,Planta_A,12,Eléctrica,Media,1,1400.0,Sí
OT00192,Puesta en operación,2026-02-16 09:27:16,Tec_03,EQ254,Bomba,Planta_A,18,Hidráulica,Media,1,1400.0,No
OT00202,Solicitud de repuesto,,Tec_04,EQ075,Torno CNC,Planta_A,8,Mecánica,Alta,1,1948.54,No
OT00200,Asignación de técnico,2026-02-16 09:38:39,Jefe_Mantenimiento,EQ399,Bomba,Planta_A,4,Hidráulica,Alta,0,3082.48,No
OT00206,Reparación,2026-02-16 09:52:35,Tec_05,EQ473,Bomba,Planta_A,14,Mecánica,Media,1,5600.0,Sí
OT00200,Solicitud de repuesto,2026-02-16 10:08:40,Tec_01,EQ399,Bomba,Planta_A,4,Hidráulica,Alta,0,3082.48,No
OT00195,Reparación,2026-02-16 10:08:48,Tec_03,EQ639,Torno CNC,Planta_A,11,Eléctrica,Alta,0,2800.0,Sí
OT00201,Prueba,2026-02-16 10:33:00,Tec_03,EQ152,Torno CNC,Planta_A,12,Eléctrica,Media,1,1400.0,Sí
OT00199,Reparación,2026-02-16 10:35:33,Tec_05,EQ600,Montacargas,Planta_A,17,Mecánica,Baja,2,2800.0,Sí
OT00203,Reparación,2026-02-16 10:51:11,Tec_01,EQ612,Compresor,Planta_A,18,Software,Media,2,877.34,Sí
OT00128,Reparación,2026-02-16 11:12:06,Tec_04,EQ700,Torno CNC,Planta_A,9,Mecánica,Media,1,2978.82,No
OT00181,Reparación,2026-02-16 11:23:28,Tec_03,EQ047,Compresor,Planta_A,14,Mecánica,Media,2,1791.67,Sí
OT00191,Reparación,2026-02-16 11:25:54,Tec_06,EQ060,Compresor,Planta_B,13,Eléctrica,Media,0,3490.29,No
OT00206,Prueba fallida,2026-02-16 11:38:29,Tec_05,EQ473,Bomba,Planta_A,14,Mecánica,Media,1,5600.0,Sí
OT00201,Puesta en operación,2026-02-16 11:51:31,Tec_03,EQ152,Torno CNC,Planta_A,12,Eléctrica,Media,1,1400.0,Sí
OT00203,Prueba,2026-02-16 12:01:48,Tec_01,EQ612,Compresor,Planta_A,18,Software,Media,2,877.34,Sí
OT00195,Prueba fallida,2026-02-16 12:18:34,Tec_03,EQ639,Torno CNC,Planta_A,11,Eléctrica,Alta,0,2800.0,Sí
OT00191,Prueba fallida,2026-02-16 12:51:09,Tec_06,EQ060,Compresor,Planta_B,13,Eléctrica,Media,0,3490.29,No
OT00181,Prueba,2026-02-16 12:58:59,Tec_03,EQ047,Compresor,Planta_A,14,Mecánica,Media,2,1791.67,Sí
OT00203,Puesta en operación,2026-02-16 12:59:41,Tec_01,EQ612,Compresor,Planta_A,18,Software,Media,2,877.34,Sí
OT00199,Prueba fallida,2026-02-16 12:59:54,Tec_05,EQ600,Montacargas,Planta_A,17,Mecánica,Baja,2,2800.0,Sí
OT00197,Reparación,2026-02-16 13:05:51,Tec_03,EQ725,Bomba,Planta_A,6,Eléctrica,Media,1,1400.0,No
OT00208,Falla reportada,2026-02-16 13:09:25,Operador_11,EQ641,Montacargas,Planta_A,18,Software,Media,4,2763.11,Sí
OT00128,Prueba,2026-02-16 13:11:33,Tec_04,EQ700,Torno CNC,Planta_A,9,Mecánica,Media,1,2978.82,No
OT00197,Prueba,2026-02-16 14:15:21,Tec_03,EQ725,Bomba,Planta_A,6,Eléctrica,Media,1,1400.0,No
OT00207,Falla reportada,2026-02-16 14:20:18,Operador_12,EQ642,Compresor,Planta_A,15,Eléctrica,Media,0,2645.37,No
OT00128,Puesta en operación,2026-02-16 14:23:47,Tec_04,EQ700,Torno CNC,Planta_A,9,Mecánica,Media,1,2978.82,No
OT00208,Diagnóstico,2026-02-16 14:24:33,Tec_04,EQ641,Montacargas,Planta_A,18,Software,Media,4,2763.11,Sí
OT00165,Cierre,2026-02-16 14:27:37,Administracion_Mtto,EQ289,Compresor,Planta_A,4,Mecánica,Media,0,864.23,No
OT00191,Nueva reparación,2026-02-16 14:53:01,Tec_06,EQ060,Compresor,Planta_B,13,Eléctrica,Media,0,3490.29,No
OT00197,Puesta en operación,2026-02-16 15:32:34,Tec_03,EQ725,Bomba,Planta_A,6,Eléctrica,Media,1,1400.0,No
OT00181,Puesta en operación,2026-02-16 15:44:12,Tec_03,EQ047,Compresor,Planta_A,14,Mecánica,Media,2,1791.67,Sí
OT00195,Nueva reparación,2026-02-16 15:52:42,Tec_03,EQ639,Torno CNC,Planta_A,11,Eléctrica,Alta,0,2800.0,Sí
OT00208,Asignación de técnico,2026-02-16 15:54:30,Jefe_Mantenimiento,EQ641,Montacargas,Planta_A,18,Software,Media,4,2763.11,Sí
OT00206,Nueva reparación,2026-02-16 16:11:02,Tec_05,EQ473,Bomba,Planta_A,14,Mecánica,Media,1,5600.0,Sí
OT00208,Solicitud de repuesto,2026-02-16 16:24:31,Tec_03,EQ641,Montacargas,Planta_A,18,Software,Media,4,2763.11,Sí
OT00209,Falla reportada,2026-02-16 22:04:29,Operador_05,EQ018,Compresor,Planta_A,11,Eléctrica,Alta,2,1636.96,No
OT00212,Falla reportada,2026-02-17 01:07:49,Operador_04,EQ392,Montacargas,Planta_A,13,Hidráulica,Baja,1,2253.85,No
OT00206,Prueba fallida,2026-02-17 07:00:00,Tec_05,EQ473,Bomba,Planta_A,14,Mecánica,Media,1,5600.0,Sí
OT00204,Recepción de repuesto,2026-02-17 07:00:00,Bodega,EQ701,Montacargas,Planta_A,7,Hidráulica,Media,2,2471.27,No
OT00196,Recepción de repuesto,2026-02-17 07:00:00,Bodega,EQ730,Bomba,Planta_A,18,Mecánica,Alta,0,4683.69,Sí
OT00199,Nueva reparación,2026-02-17 07:00:00,Tec_05,EQ600,Montacargas,Planta_A,17,Mecánica,Baja,2,2800.0,Sí
OT00207,Diagnóstico,2026-02-17 07:00:00,Tec_02,EQ642,Compresor,Planta_A,15,Eléctrica,Media,0,2645.37,No
OT00182,Recepción de repuesto,2026-02-17 07:00:00,Bodega,EQ708,Bomba,Planta_A,17,Hidráulica,Media,2,4335.0,No
OT00191,Prueba,2026-02-17 07:00:00,Tec_06,EQ060,Compresor,Planta_B,13,Eléctrica,Media,0,3490.29,No
OT00209,Diagnóstico,2026-02-17 07:00:00,Tec_04,EQ018,Compresor,Planta_A,11,Eléctrica,Alta,2,1636.96,No
OT00195,Prueba,2026-02-17 07:00:00,Tec_03,EQ639,Torno CNC,Planta_A,11,Eléctrica,Alta,0,2800.0,Sí
OT00212,Diagnóstico,2026-02-17 07:01:00,Tec_02,EQ392,Montacargas,Planta_A,13,Hidráulica,Baja,1,2253.85,No
OT00205,Diagnóstico,2026-02-17 07:22:00,Tec_B01,EQ101,Compresor,Planta_B,11,Software,Baja,1,1400.0,No
OT00208,Recepción de repuesto,2026-02-17 07:24:00,Bodega,EQ641,Montacargas,Planta_A,18,Software,Media,4,2763.11,Sí
OT00207,Asignación de técnico,2026-02-17 07:50:32,Jefe_Mantenimiento,EQ642,Compresor,Planta_A,15,Eléctrica,Media,0,2645.37,No
OT00172,Cierre,2026-02-17 08:00:00,Administracion_Mtto,EQ658,Compresor,Planta_A,2,Hidráulica,Baja,3,351.03,No
OT00209,Asignación de técnico,2026-02-17 08:07:17,Jefe_Mantenimiento,EQ018,Compresor,Planta_A,11,Eléctrica,Alta,2,1636.96,No
OT00204,Reparación,2026-02-17 08:08:35,Tec_04,EQ701,Montacargas,Planta_A,7,Hidráulica,Media,2,2471.27,No
OT00188,Cierre,2026-02-17 08:12:00,Administracion_Mtto,EQ270,Torno CNC,Planta_B,7,Mecánica,Alta,1,2126.95,No
OT00205,Asignación de técnico,2026-02-17 08:17:44,Jefe_Mantenimiento,EQ101,Compresor,Planta_B,11,Software,Baja,1,1400.0,No
OT00207,Solicitud de repuesto,2026-02-17 08:20:33,Tec_04,EQ642,Compresor,Planta_A,15,Eléctrica,Media,0,2645.37,No
OT00212,Asignación de técnico,2026-02-17 08:21:47,Jefe_Mantenimiento,EQ392,Montacargas,Planta_A,13,Hidráulica,Baja,1,2253.85,No
OT00170,Cierre,2026-02-17 08:27:00,Administracion_Mtto,EQ324,Torno CNC,Planta_A,12,Mecánica,Media,3,561.86,Sí
OT00209,Solicitud de repuesto,2026-02-17 08:37:18,Tec_04,EQ018,Compresor,Planta_A,11,Eléctrica,Alta,2,1636.96,No
OT00195,Puesta en operación,2026-02-17 08:38:49,Tec_03,EQ639,Torno CNC,Planta_A,11,Eléctrica,Alta,0,2800.0,Sí
OT00191,Puesta en operación,2026-02-17 08:43:32,Tec_06,EQ060,Compresor,Planta_B,13,Eléctrica,Media,0,3490.29,No
OT00212,Solicitud de repuesto,2026-02-17 08:51:48,Tec_03,EQ392,Montacargas,Planta_A,13,Hidráulica,Baja,1,2253.85,No
OT00199,Prueba,2026-02-17 08:55:57,Tec_05,EQ600,Montacargas,Planta_A,17,Mecánica,Baja,2,2800.0,Sí
OT00204,Prueba,2026-02-17 09:33:14,Tec_04,EQ701,Montacargas,Planta_A,7,Hidráulica,Media,2,2471.27,No
OT00206,Nueva reparación,2026-02-17 09:49:19,Tec_05,EQ473,Bomba,Planta_A,14,Mecánica,Media,1,5600.0,Sí
OT00205,Reparación,2026-02-17 10:10:11,Tec_06,EQ101,Compresor,Planta_B,11,Software,Baja,1,1400.0,No
OT00199,Puesta en operación,2026-02-17 10:18:03,Tec_05,EQ600,Montacargas,Planta_A,17,Mecánica,Baja,2,2800.0,Sí
OT00182,Reparación,2026-02-17 10:28:40,Tec_01,EQ708,Bomba,Planta_A,17,Hidráulica,Media,2,4335.0,No
OT00196,Reparación,2026-02-17 10:30:38,Tec_05,EQ730,Bomba,Planta_A,18,Mecánica,Alta,0,4683.69,Sí
OT00204,Puesta en operación,2026-02-17 10:40:49,Tec_04,EQ701,Montacargas,Planta_A,7,Hidráulica,Media,2,2471.27,No
OT00180,Cierre,2026-02-17 10:46:21,Administracion_Mtto,EQ649,Montacargas,Planta_A,6,Mecánica,Media,1,896.27,No
OT00167,Recepción de repuesto,2026-02-17 11:00:27,Bodega,EQ690,Torno CNC,Planta_A,8,Mecánica,Alta,0,2268.74,No
OT00205,Prueba,2026-02-17 11:20:33,Tec_06,EQ101,Compresor,Planta_B,11,Software,Baja,1,1400.0,No
OT00205,Puesta en operación,2026-02-17 12:03:53,Tec_06,EQ101,Compresor,Planta_B,11,Software,Baja,1,1400.0,No
OT00167,Reparación,2026-02-17 12:58:56,Tec_04,EQ690,Torno CNC,Planta_A,8,Mecánica,Alta,0,2268.74,No
OT00206,Prueba fallida,2026-02-17 13:12:28,Tec_05,EQ473,Bomba,Planta_A,14,Mecánica,Media,1,5600.0,Sí
OT00213,Falla reportada,2026-02-17 13:31:59,Operador_06,EQ592,Torno CNC,Planta_B,7,Software,Baja,0,906.45,No
OT00182,Prueba,2026-02-17 13:46:41,Tec_01,EQ708,Bomba,Planta_A,17,Hidráulica,Media,2,4335.0,No
OT00167,Prueba,2026-02-17 14:07:19,Tec_04,EQ690,Torno CNC,Planta_A,8,Mecánica,Alta,0,2268.74,No
OT00196,Prueba fallida,2026-02-17 14:50:05,Tec_05,EQ730,Bomba,Planta_A,18,Mecánica,Alta,0,4683.69,Sí
OT00210,Falla reportada,2026-02-17 14:53:40,Operador_01,EQ432,Compresor,Planta_A,17,Eléctrica,Baja,2,2800.0,No
OT00182,Puesta en operación,2026-02-17 15:00:58,Tec_01,EQ708,Bomba,Planta_A,17,Hidráulica,Media,2,4335.0,No
OT00206,Nueva reparación,2026-02-17 15:56:03,Tec_05,EQ473,Bomba,Planta_A,14,Mecánica,Media,1,5600.0,Sí
OT00208,Reparación,2026-02-17 16:36:35,Tec_03,EQ641,Montacargas,Planta_A,18,Software,Media,4,2763.11,Sí
OT00196,Nueva reparación,2026-02-17 16:37:23,Tec_05,EQ730,Bomba,Planta_A,18,Mecánica,Alta,0,4683.69,Sí
OT00185,Cierre,2026-02-17 16:54:00,Administracion_Mtto,EQ183,Montacargas,Planta_A,13,Eléctrica,Media,4,389.46,No
OT00211,Falla reportada,2026-02-17 17:40:07,Operador_04,EQ220,Montacargas,Planta_A,11,Eléctrica,Alta,1,629.76,No
OT00214,Falla reportada,2026-02-17 22:48:43,Operador_05,EQ055,Montacargas,Planta_B,1,Eléctrica,Media,1,1257.98,No
OT00215,Falla reportada,2026-02-17 23:21:24,Operador_02,EQ212,Compresor,Planta_A,14,Hidráulica,Media,2,513.98,No
OT00216,Falla reportada,2026-02-18 01:39:58,Operador_03,EQ662,Torno CNC,Planta_A,8,Hidráulica,Media,1,1739.07,No
OT00220,Falla reportada,2026-02-18 03:50:00,Operador_12,EQ552,Compresor,Planta_A,17,Mecánica,Baja,1,351.93,No
OT00206,Prueba,2026-02-18 07:00:00,Tec_05,EQ473,Bomba,Planta_A,14,Mecánica,Media,1,5600.0,Sí
OT00167,Puesta en operación,2026-02-18 07:00:00,Tec_04,EQ690,Torno CNC,Planta_A,8,Mecánica,Alta,0,2268.74,No
OT00208,Prueba,2026-02-18 07:00:00,Tec_03,EQ641,Montacargas,Planta_A,18,Software,Media,4,2763.11,Sí
OT00210,Diagnóstico,2026-02-18 07:00:00,Tec_02,EQ432,Compresor,Planta_A,17,Eléctrica,Baja,2,2800.0,No
OT00211,Diagnóstico,2026-02-18 07:00:00,Tec_03,EQ220,Montacargas,Planta_A,11,Eléctrica,Alta,1,629.76,No
OT00196,Prueba fallida,2026-02-18 07:00:00,Tec_05,EQ730,Bomba,Planta_A,18,Mecánica,Alta,0,4683.69,Sí
OT00149,Recepción de repuesto,2026-02-18 07:02:00,Bodega,EQ301,Torno CNC,Planta_A,13,Mecánica,Alta,1,8711.37,Sí
OT00220,Diagnóstico,2026-02-18 07:07:00,Tec_02,EQ552,Compresor,Planta_A,17,Mecánica,Baja,1,351.93,No
OT00215,Diagnóstico,2026-02-18 07:08:00,Tec_04,EQ212,Compresor,Planta_A,14,Hidráulica,Media,2,513.98,No
OT00216,Diagnóstico,2026-02-18 07:14:00,Tec_01,EQ662,Torno CNC,Planta_A,8,Hidráulica,Media,1,1739.07,No
OT00174,Recepción de repuesto,2026-02-18 07:23:00,Bodega,EQ138,Compresor,Planta_A,17,Software,Baja,1,3662.81,Sí
OT00213,Diagnóstico,2026-02-18 07:28:00,Tec_B01,EQ592,Torno CNC,Planta_B,7,Software,Baja,0,906.45,No
OT00218,Falla reportada,2026-02-18 07:30:07,Operador_06,EQ152,Torno CNC,Planta_A,12,Mecánica,Media,2,2067.51,No
OT00220,Asignación de técnico,2026-02-18 07:47:26,Jefe_Mantenimiento,EQ552,Compresor,Planta_A,17,Mecánica,Baja,1,351.93,No
OT00206,Puesta en operación,2026-02-18 07:47:56,Tec_05,EQ473,Bomba,Planta_A,14,Mecánica,Media,1,5600.0,Sí
OT00208,Puesta en operación,2026-02-18 07:50:18,Tec_03,EQ641,Montacargas,Planta_A,18,Software,Media,4,2763.11,Sí
OT00211,Asignación de técnico,2026-02-18 07:53:45,Jefe_Mantenimiento,EQ220,Montacargas,Planta_A,11,Eléctrica,Alta,1,629.76,No
OT00215,Asignación de técnico,2026-02-18 07:55:11,Jefe_Mantenimiento,EQ212,Compresor,Planta_A,14,Hidráulica,Media,2,513.98,No
OT00213,Asignación de técnico,2026-02-18 07:57:20,Jefe_Mantenimiento,EQ592,Torno CNC,Planta_B,7,Software,Baja,0,906.45,No
OT00187,Cierre,2026-02-18 08:00:00,Administracion_Mtto,EQ532,Montacargas,Planta_A,8,Software,Baja,3,638.99,No
OT00197,Cierre,2026-02-18 08:08:00,Administracion_Mtto,EQ725,Bomba,Planta_A,6,Eléctrica,Media,1,1400.0,No
OT00210,Asignación de técnico,2026-02-18 08:34:11,Jefe_Mantenimiento,EQ432,Compresor,Planta_A,17,Eléctrica,Baja,2,2800.0,No
OT00216,Asignación de técnico,2026-02-18 08:34:15,Jefe_Mantenimiento,EQ662,Torno CNC,Planta_A,8,Hidráulica,Media,1,1739.07,No
OT00218,Diagnóstico,2026-02-18 08:42:19,Tec_03,EQ152,Torno CNC,Planta_A,12,Mecánica,Media,2,2067.51,No
OT00221,Falla reportada,2026-02-18 09:02:20,Operador_07,EQ131,Torno CNC,Planta_A,11,Mecánica,Media,0,4200.0,Sí
OT00216,Solicitud de repuesto,2026-02-18 09:04:16,Tec_02,EQ662,Torno CNC,Planta_A,8,Hidráulica,Media,1,1739.07,No
OT00211,Reparación,2026-02-18 09:18:22,Tec_02,EQ220,Montacargas,Planta_A,11,Eléctrica,Alta,1,629.76,No
OT00210,Reparación,2026-02-18 09:37:04,Tec_01,EQ432,Compresor,Planta_A,17,Eléctrica,Baja,2,2800.0,No
OT00218,Asignación de técnico,2026-02-18 09:49:57,Jefe_Mantenimiento,EQ152,Torno CNC,Planta_A,12,Mecánica,Media,2,2067.51,No
OT00219,Falla reportada,2026-02-18 10:17:25,Operador_12,EQ371,Montacargas,Planta_B,18,Eléctrica,Media,5,5600.0,Sí
OT00218,Solicitud de repuesto,2026-02-18 10:19:58,Tec_02,EQ152,Torno CNC,Planta_A,12,Mecánica,Media,2,2067.51,No
OT00174,Reparacion,2026-02-18 10:22:20,Tec_04,EQ138,Compresor,Planta_A,17,Software,Baja,1,3662.81,Sí
OT00215,Reparación,2026-02-18 10:54:11,Tec_03,EQ212,Compresor,Planta_A,14,Hidráulica,Media,2,513.98,No
OT00220,Reparación,2026-02-18 10:54:43,Tec_04,EQ552,Compresor,Planta_A,17,Mecánica,Baja,1,351.93,No
OT00211,Prueba,2026-02-18 10:56:33,Tec_02,EQ220,Montacargas,Planta_A,11,Eléctrica,Alta,1,629.76,No
OT00149,Reparación,2026-02-18 11:39:14,Tec_03,EQ301,Torno CNC,Planta_A,13,Mecánica,Alta,1,8711.37,Sí
OT00211,Puesta en operación,2026-02-18 11:39:42,Tec_02,EQ220,Montacargas,Planta_A,11,Eléctrica,Alta,1,629.76,No
OT00213,Reparación,2026-02-18 11:43:55,Tec_07,EQ592,Torno CNC,Planta_B,7,Software,Baja,0,906.45,No
OT00210,Prueba fallida,2026-02-18 11:45:02,Tec_01,EQ432,Compresor,Planta_A,17,Eléctrica,Baja,2,2800.0,No
OT00196,Nueva reparación,2026-02-18 12:00:22,Tec_05,EQ730,Bomba,Planta_A,18,Mecánica,Alta,0,4683.69,Sí
OT00174,Prueba,2026-02-18 12:25:57,Tec_04,EQ138,Compresor,Planta_A,17,Software,Baja,1,3662.81,Sí
OT00220,Prueba,2026-02-18 12:29:47,Tec_04,EQ552,Compresor,Planta_A,17,Mecánica,Baja,1,351.93,No
OT00215,Prueba,2026-02-18 12:50:07,Tec_03,EQ212,Compresor,Planta_A,14,Hidráulica,Media,2,513.98,No
OT00196,Prueba,2026-02-18 13:14:00,Tec_05,EQ730,Bomba,Planta_A,18,Mecánica,Alta,0,4683.69,Sí
OT00205,Cierre,2026-02-18 13:17:15,Administracion_Mtto,EQ101,Compresor,Planta_B,11,Software,Baja,1,1400.0,No
OT00174,Puesta en operación,2026-02-18 13:20:06,Tec_04,EQ138,Compresor,Planta_A,17,Software,Baja,1,3662.81,Sí
OT00220,Puesta en operación,2026-02-18 13:53:18,Tec_04,EQ552,Compresor,Planta_A,17,Mecánica,Baja,1,351.93,No
OT00215,Puesta en operación,2026-02-18 14:02:30,Tec_03,EQ212,Compresor,Planta_A,14,Hidráulica,Media,2,513.98,No
OT00213,Prueba,2026-02-18 14:05:49,Tec_07,EQ592,Torno CNC,Planta_B,7,Software,Baja,0,906.45,No
OT00212,Recepción de repuesto,2026-02-18 14:20:11,Bodega,EQ392,Montacargas,Planta_A,13,Hidráulica,Baja,1,2253.85,No
OT00149,Prueba fallida,2026-02-18 14:38:33,Tec_03,EQ301,Torno CNC,Planta_A,13,Mecánica,Alta,1,8711.37,Sí
OT00196,Puesta en operación,2026-02-18 14:41:00,Tec_05,EQ730,Bomba,Planta_A,18,Mecánica,Alta,0,4683.69,Sí
OT00214,Diagnóstico,2026-02-18 15:01:16,Tec_B01,EQ055,Montacargas,Planta_B,1,Eléctrica,Media,1,1257.98,No
OT00213,Puesta en operación,2026-02-18 15:25:54,Tec_07,EQ592,Torno CNC,Planta_B,7,Software,Baja,0,906.45,No
OT00214,Asignación de técnico,2026-02-18 15:47:48,Jefe_Mantenimiento,EQ055,Montacargas,Planta_B,1,Eléctrica,Media,1,1257.98,No
OT00217,Falla reportada,2026-02-18 22:23:56,Operador_07,EQ627,Torno CNC,Planta_A,5,Eléctrica,Baja,0,646.45,No
OT00226,Falla reportada,2026-02-19 02:19:12,Operador_08,EQ219,Bomba,Planta_A,12,Eléctrica,Alta,2,5600.0,Sí
OT00214,Reparación,2026-02-19 07:00:00,Tec_06,EQ055,Montacargas,Planta_B,1,Eléctrica,Media,1,1257.98,No
OT00217,Diagnóstico,2026-02-19 07:00:00,Tec_05,EQ627,Torno CNC,Planta_A,5,Eléctrica,Baja,0,646.45,No
OT00210,Nueva reparación,2026-02-19 07:00:00,Tec_01,EQ432,Compresor,Planta_A,17,Eléctrica,Baja,2,2800.0,No
OT00149,Nueva reparación,2026-02-19 07:00:00,Tec_03,EQ301,Torno CNC,Planta_A,13,Mecánica,Alta,1,8711.37,Sí
OT00142,Recepción de repuesto,2026-02-19 07:00:00,Bodega,EQ703,Bomba,Planta_A,10,Eléctrica,Alta,1,1564.56,No
OT00219,Diagnóstico,2026-02-19 07:00:00,Tec_B01,EQ371,Montacargas,Planta_B,18,Eléctrica,Media,5,5600.0,Sí
OT00207,Recepción de repuesto,2026-02-19 07:00:00,Bodega,EQ642,Compresor,Planta_A,15,Eléctrica,Media,0,2645.37,No
OT00212,Reparación,2026-02-19 07:00:00,Tec_03,EQ392,Montacargas,Planta_A,13,Hidráulica,Baja,1,2253.85,No
OT00221,Diagnóstico,2026-02-19 07:00:00,Tec_03,EQ131,Torno CNC,Planta_A,11,Mecánica,Media,0,4200.0,Sí
OT00226,Diagnóstico,2026-02-19 07:07:00,Tec_02,EQ219,Bomba,Planta_A,12,Eléctrica,Alta,2,5600.0,Sí
OT00140,Recepcion de repuesto,2026-02-19 07:27:00,Bodega,EQ712,Compresor,Planta_A,9,Hidráulica,Baja,1,2305.22,Sí
OT00221,Asignación de técnico,2026-02-19 07:42:56,Jefe_Mantenimiento,EQ131,Torno CNC,Planta_A,11,Mecánica,Media,0,4200.0,Sí
OT00219,Asignación de técnico,2026-02-19 07:48:35,Jefe_Mantenimiento,EQ371,Montacargas,Planta_B,18,Eléctrica,Media,5,5600.0,Sí
OT00199,Cierre,2026-02-19 08:00:00,Administracion_Mtto,EQ600,Montacargas,Planta_A,17,Mecánica,Baja,2,2800.0,Sí
OT00201,Cierre,2026-02-19 08:00:00,Administracion_Mtto,EQ152,Torno CNC,Planta_A,12,Eléctrica,Media,1,1400.0,Sí
OT00195,Cierre,2026-02-19 08:00:00,Administracion_Mtto,EQ639,Torno CNC,Planta_A,11,Eléctrica,Alta,0,2800.0,Sí
OT00224,Falla reportada,2026-02-19 08:01:30,Operador_07,EQ574,Prensa hidráulica,Planta_B,15,Eléctrica,Alta,1,4200.0,Sí
OT00217,Asignación de técnico,2026-02-19 08:09:02,Jefe_Mantenimiento,EQ627,Torno CNC,Planta_A,5,Eléctrica,Baja,0,646.45,No
OT00181,Cierre,2026-02-19 08:19:00,Administracion_Mtto,EQ047,Compresor,Planta_A,14,Mecánica,Media,2,1791.67,Sí
OT00149,Prueba fallida,2026-02-19 08:21:36,Tec_03,EQ301,Torno CNC,Planta_A,13,Mecánica,Alta,1,8711.37,Sí
OT00225,Falla reportada,2026-02-19 08:35:52,Operador_12,EQ324,Torno CNC,Planta_A,12,Eléctrica,Media,4,3460.74,No
OT00212,Prueba,2026-02-19 08:50:49,Tec_03,EQ392,Montacargas,Planta_A,13,Hidráulica,Baja,1,2253.85,No
OT00208,Cierre,2026-02-19 09:11:51,Administracion_Mtto,EQ641,Montacargas,Planta_A,18,Software,Media,4,2763.11,Sí
OT00214,Prueba,2026-02-19 09:47:09,Tec_06,EQ055,Montacargas,Planta_B,1,Eléctrica,Media,1,1257.98,No
OT00226,Asignación de técnico,2026-02-19 09:58:02,Jefe_Mantenimiento,EQ219,Bomba,Planta_A,12,Eléctrica,Alta,2,5600.0,Sí
OT00224,Diagnóstico,2026-02-19 10:06:36,Tec_B01,EQ574,Prensa hidráulica,Planta_B,15,Eléctrica,Alta,1,4200.0,Sí
OT00190,Cierre,2026-02-19 10:23:04,Administracion_Mtto,EQ614,Bomba,Planta_B,8,Mecánica,Baja,1,1400.0,Sí
OT00210,Prueba,2026-02-19 10:27:07,Tec_01,EQ432,Compresor,Planta_A,17,Eléctrica,Baja,2,2800.0,No
OT00212,Puesta en operación,2026-02-19 10:38:33,Tec_03,EQ392,Montacargas,Planta_A,13,Hidráulica,Baja,1,2253.85,No
OT00214,Puesta en operación,2026-02-19 10:45:15,Tec_06,EQ055,Montacargas,Planta_B,1,Eléctrica,Media,1,1257.98,No
OT00191,Cierre,2026-02-19 11:04:31,Administracion_Mtto,EQ060,Compresor,Planta_B,13,Eléctrica,Media,0,3490.29,No
OT00225,Diagnóstico,2026-02-19 11:09:55,Tec_01,EQ324,Torno CNC,Planta_A,12,Eléctrica,Media,4,3460.74,No
OT00224,Asignación de técnico,2026-02-19 11:10:24,Jefe_Mantenimiento,EQ574,Prensa hidráulica,Planta_B,15,Eléctrica,Alta,1,4200.0,Sí
OT00140,Reparación,2026-02-19 11:13:17,Tec_05,EQ712,Compresor,Planta_A,9,Hidráulica,Baja,1,2305.22,Sí
OT00210,Puesta en operación,2026-02-19 11:34:14,Tec_01,EQ432,Compresor,Planta_A,17,Eléctrica,Baja,2,2800.0,No
OT00225,Asignación de técnico,2026-02-19 11:36:19,Jefe_Mantenimiento,EQ324,Torno CNC,Planta_A,12,Eléctrica,Media,4,3460.74,No
OT00219,Reparación,2026-02-19 11:54:04,Tec_07,EQ371,Montacargas,Planta_B,18,Eléctrica,Media,5,5600.0,Sí
OT00207,Reparación,2026-02-19 12:05:43,Tec_04,EQ642,Compresor,Planta_A,15,Eléctrica,Media,0,2645.37,No
OT00225,Solicitud de repuesto,2026-02-19 12:06:20,Tec_04,EQ324,Torno CNC,Planta_A,12,Eléctrica,Media,4,3460.74,No
OT00140,Prueba,2026-02-19 12:46:22,Tec_05,EQ712,Compresor,Planta_A,9,Hidráulica,Baja,1,2305.22,Sí
OT00221,Reparación,2026-02-19 12:58:25,Tec_04,EQ131,Torno CNC,Planta_A,11,Mecánica,Media,0,4200.0,Sí
OT00226,Reparación,2026-02-19 13:01:07,Tec_05,EQ219,Bomba,Planta_A,12,Eléctrica,Alta,2,5600.0,Sí
OT00219,Prueba fallida,2026-02-19 13:05:38,Tec_07,EQ371,Montacargas,Planta_B,18,Eléctrica,Media,5,5600.0,Sí
OT00217,Reparación,2026-02-19 13:35:03,Tec_01,EQ627,Torno CNC,Planta_A,5,Eléctrica,Baja,0,646.45,No
OT00203,Cierre,2026-02-19 13:37:57,Administracion_Mtto,EQ612,Compresor,Planta_A,18,Software,Media,2,877.34,Sí
OT00226,Prueba fallida,2026-02-19 14:06:49,Tec_05,EQ219,Bomba,Planta_A,12,Eléctrica,Alta,2,5600.0,Sí
OT00149,Nueva reparación,2026-02-19 14:11:32,Tec_03,EQ301,Torno CNC,Planta_A,13,Mecánica,Alta,1,8711.37,Sí
OT00140,Puesta en operación,2026-02-19 14:11:39,Tec_05,EQ712,Compresor,Planta_A,9,Hidráulica,Baja,1,2305.22,Sí
OT00224,Reparación,2026-02-19 14:17:51,Tec_06,EQ574,Prensa hidráulica,Planta_B,15,Eléctrica,Alta,1,4200.0,Sí
OT00179,Recepción de repuesto,2026-02-19 14:18:44,Bodega,EQ429,Torno CNC,Planta_A,16,Hidráulica,Media,0,5404.77,Sí
OT00221,Prueba fallida,2026-02-19 15:21:27,Tec_04,EQ131,Torno CNC,Planta_A,11,Mecánica,Media,0,4200.0,Sí
OT00217,Prueba,2026-02-19 15:28:11,Tec_01,EQ627,Torno CNC,Planta_A,5,Eléctrica,Baja,0,646.45,No
OT00142,Reparación,2026-02-19 15:59:18,Tec_03,EQ703,Bomba,Planta_A,10,Eléctrica,Alta,1,1564.56,No
OT00224,Prueba fallida ,2026-02-19 16:16:58,Tec_06,EQ574,Prensa hidráulica,Planta_B,15,Eléctrica,Alta,1,4200.0,Sí
OT00219,Nueva reparación,2026-02-19 16:22:10,Tec_07,EQ371,Montacargas,Planta_B,18,Eléctrica,Media,5,5600.0,Sí
OT00217,Puesta en operacion,2026-02-19 16:52:08,Tec_01,EQ627,Torno CNC,Planta_A,5,Eléctrica,Baja,0,646.45,No
OT00222,Falla reportada,2026-02-19 17:48:08,Operador_04,EQ123,Montacargas,Planta_A,18,Eléctrica,Baja,1,6226.44,No
OT00223,Falla reportada,2026-02-19 21:54:08,Operador_09,EQ092,Torno CNC,Planta_A,4,Mecánica,Media,1,2155.74,No
OT00224,Nueva reparación,2026-02-20 07:00:00,Tec_06,EQ574,Prensa hidráulica,Planta_B,15,Eléctrica,Alta,1,4200.0,Sí
OT00179,Reparación,2026-02-20 07:00:00,Tec_01,EQ429,Torno CNC,Planta_A,16,Hidráulica,Media,0,5404.77,Sí
OT00149,Prueba,2026-02-20 07:00:00,Tec_03,EQ301,Torno CNC,Planta_A,13,Mecánica,Alta,1,8711.37,Sí
OT00161,Recepción de repuesto,2026-02-20 07:00:00,Bodega,EQ391,Torno CNC,Planta_B,15,Eléctrica,Media,3,4013.73,No
OT00222,Diagnóstico,2026-02-20 07:00:00,Tec_04,EQ123,Montacargas,Planta_A,18,Eléctrica,Baja,1,6226.44,No
OT00142,Prueba,2026-02-20 07:00:00,Tec_03,EQ703,Bomba,Planta_A,10,Eléctrica,Alta,1,1564.56,No
OT00207,Prueba,2026-02-20 07:00:00,Tec_04,EQ642,Compresor,Planta_A,15,Eléctrica,Media,0,2645.37,No
OT00209,Recepción de repuesto,2026-02-20 07:00:00,Bodega,EQ018,Compresor,Planta_A,11,Eléctrica,Alta,2,1636.96,No
OT00221,Nueva reparación,2026-02-20 07:00:00,Tec_04,EQ131,Torno CNC,Planta_A,11,Mecánica,Media,0,4200.0,Sí
OT00226,Nueva reparación,2026-02-20 07:10:00,Tec_05,EQ219,Bomba,Planta_A,12,Eléctrica,Alta,2,5600.0,Sí
OT00219,Prueba fallida,2026-02-20 07:19:00,Tec_07,EQ371,Montacargas,Planta_B,18,Eléctrica,Media,5,5600.0,Sí
OT00223,Diagnóstico,2026-02-20 07:28:00,Tec_01,EQ092,Torno CNC,Planta_A,4,Mecánica,Media,1,2155.74,No
OT00222,Asignación de técnico,2026-02-20 07:32:07,Jefe_Mantenimiento,EQ123,Montacargas,Planta_A,18,Eléctrica,Baja,1,6226.44,No
OT00149,Puesta en operación,2026-02-20 07:40:36,Tec_03,EQ301,Torno CNC,Planta_A,13,Mecánica,Alta,1,8711.37,Sí
OT00142,Puesta en operación,2026-02-20 07:50:34,Tec_03,EQ703,Bomba,Planta_A,10,Eléctrica,Alta,1,1564.56,No
OT00166,Cierre,2026-02-20 08:00:00,Administracion_Mtto,EQ214,Compresor,Planta_A,16,Mecánica,Media,1,2627.63,No
OT00222,Solicitud de repuesto,2026-02-20 08:02:08,Tec_01,EQ123,Montacargas,Planta_A,18,Eléctrica,Baja,1,6226.44,No
OT00210,Cierre,2026-02-20 08:08:00,Administracion_Mtto,EQ432,Compresor,Planta_A,17,Eléctrica,Baja,2,2800.0,No
OT00223,Asignación de técnico,2026-02-20 08:17:39,Jefe_Mantenimiento,EQ092,Torno CNC,Planta_A,4,Mecánica,Media,1,2155.74,No
OT00231,Falla reportada,2026-02-20 08:28:38,Operador_04,EQ053,Compresor,Planta_A,16,Mecánica,Media,5,269.46,Sí
OT00221,Prueba fallida,2026-02-20 08:31:24,Tec_04,EQ131,Torno CNC,Planta_A,11,Mecánica,Media,0,4200.0,Sí
OT00161,Reparación,2026-02-20 08:45:38,Tec_06,EQ391,Torno CNC,Planta_B,15,Eléctrica,Media,3,4013.73,No
OT00223,Solicitud de repuesto,2026-02-20 08:47:40,Tec_03,EQ092,Torno CNC,Planta_A,4,Mecánica,Media,1,2155.74,No
OT00179,Prueba fallida,2026-02-20 09:09:44,Tec_01,EQ429,Torno CNC,Planta_A,16,Hidráulica,Media,0,5404.77,Sí
OT00219,Nueva reparación,2026-02-20 09:20:04,Tec_07,EQ371,Montacargas,Planta_B,18,Eléctrica,Media,5,5600.0,Sí
OT00207,Puesta en operación,2026-02-20 09:36:52,Tec_04,EQ642,Compresor,Planta_A,15,Eléctrica,Media,0,2645.37,No
OT00226,Prueba fallida,2026-02-20 09:53:39,Tec_05,EQ219,Bomba,Planta_A,12,Eléctrica,Alta,2,5600.0,Sí
OT00224,Prueba fallida,2026-02-20 09:56:13,Tec_06,EQ574,Prensa hidráulica,Planta_B,15,Eléctrica,Alta,1,4200.0,Sí
OT00209,Reparación,2026-02-20 09:58:13,Tec_04,EQ018,Compresor,Planta_A,11,Eléctrica,Alta,2,1636.96,No
OT00229,Falla reportada,2026-02-20 10:05:23,Operador_08,EQ193,Torno CNC,Planta_A,12,Hidráulica,Media,6,1400.0,Sí
OT00219,Prueba fallida,2026-02-20 11:01:40,Tec_07,EQ371,Montacargas,Planta_B,18,Eléctrica,Media,5,5600.0,Sí
OT00229,Diagnóstico,2026-02-20 11:19:58,Tec_04,EQ193,Torno CNC,Planta_A,12,Hidráulica,Media,6,1400.0,Sí
OT00161,Prueba fallida,2026-02-20 11:25:17,Tec_06,EQ391,Torno CNC,Planta_B,15,Eléctrica,Media,3,4013.73,No
OT00231,Diagnóstico,2026-02-20 11:29:38,Tec_05,EQ053,Compresor,Planta_A,16,Mecánica,Media,5,269.46,Sí
OT00209,Prueba,2026-02-20 11:36:58,Tec_04,EQ018,Compresor,Planta_A,11,Eléctrica,Alta,2,1636.96,No
OT00231,Asignación de técnico,2026-02-20 12:26:34,Jefe_Mantenimiento,EQ053,Compresor,Planta_A,16,Mecánica,Media,5,269.46,Sí
OT00179,Nueva reparación,2026-02-20 12:51:53,Tec_01,EQ429,Torno CNC,Planta_A,16,Hidráulica,Media,0,5404.77,Sí
OT00209,Puesta en operación,2026-02-20 13:05:00,Tec_04,EQ018,Compresor,Planta_A,11,Eléctrica,Alta,2,1636.96,No
OT00139,Recepción de repuesto,2026-02-20 13:11:25,Bodega,EQ585,Torno CNC,Planta_B,4,Hidráulica,Alta,0,2200.72,No
OT00230,Falla reportada,2026-02-20 13:19:09,Operador_03,EQ243,Torno CNC,Planta_A,13,Eléctrica,Media,2,1400.0,Sí
OT00098,Recepción de repuesto,2026-02-20 13:23:28,Bodega,EQ738,Bomba,Planta_B,5,Hidráulica,Alta,0,1674.77,No
OT00229,Asignación de técnico,2026-02-20 13:36:50,Jefe_Mantenimiento,EQ193,Torno CNC,Planta_A,12,Hidráulica,Media,6,1400.0,Sí
OT00226,Nueva reparación,2026-02-20 13:44:00,Tec_05,EQ219,Bomba,Planta_A,12,Eléctrica,Alta,2,5600.0,Sí
OT00219,Nueva reparación,2026-02-20 14:03:52,Tec_07,EQ371,Montacargas,Planta_B,18,Eléctrica,Media,5,5600.0,Sí
OT00161,Nueva reparación,2026-02-20 14:11:27,Tec_06,EQ391,Torno CNC,Planta_B,15,Eléctrica,Media,3,4013.73,No
OT00231,Reparación,2026-02-20 14:37:51,Tec_03,EQ053,Compresor,Planta_A,16,Mecánica,Media,5,269.46,Sí
OT00221,Nueva reparación,2026-02-20 14:39:24,Tec_04,EQ131,Torno CNC,Planta_A,11,Mecánica,Media,0,4200.0,Sí
OT00139,Reparación,2026-02-20 14:52:30,Tec_07,EQ585,Torno CNC,Planta_B,4,Hidráulica,Alta,0,2200.72,No
OT00224,Nueva reparación,2026-02-20 15:05:15,Tec_06,EQ574,Prensa hidráulica,Planta_B,15,Eléctrica,Alta,1,4200.0,Sí
OT00213,Cierre,2026-02-20 15:10:55,Administracion_Mtto,EQ592,Torno CNC,Planta_B,7,Software,Baja,0,906.45,No
OT00231,Prueba,2026-02-20 15:24:27,Tec_03,EQ053,Compresor,Planta_A,16,Mecánica,Media,5,269.46,Sí
OT00229,Reparación,2026-02-20 15:24:35,Tec_05,EQ193,Torno CNC,Planta_A,12,Hidráulica,Media,6,1400.0,Sí
OT00161,Prueba,2026-02-20 15:52:06,Tec_06,EQ391,Torno CNC,Planta_B,15,Eléctrica,Media,3,4013.73,No
OT00221,Prueba,2026-02-20 15:57:37,Tec_04,EQ131,Torno CNC,Planta_A,11,Mecánica,Media,0,4200.0,Sí
OT00230,Diagnóstico,2026-02-20 16:04:18,Tec_02,EQ243,Torno CNC,Planta_A,13,Eléctrica,Media,2,1400.0,Sí
OT00231,Puesta en operación,2026-02-20 16:10:34,Tec_03,EQ053,Compresor,Planta_A,16,Mecánica,Media,5,269.46,Sí
OT00224,Prueba,2026-02-20 16:20:21,Tec_06,EQ574,Prensa hidráulica,Planta_B,15,Eléctrica,Alta,1,4200.0,Sí
OT00221,Puesta en operación,2026-02-20 16:23:23,Tec_04,EQ131,Torno CNC,Planta_A,11,Mecánica,Media,0,4200.0,Sí
OT00226,Prueba fallida,2026-02-20 16:33:19,Tec_05,EQ219,Bomba,Planta_A,12,Eléctrica,Alta,2,5600.0,Sí
OT00139,Prueba,2026-02-20 16:37:54,Tec_07,EQ585,Torno CNC,Planta_B,4,Hidráulica,Alta,0,2200.72,No
OT00161,Puesta en operación,2026-02-20 16:58:47,Tec_06,EQ391,Torno CNC,Planta_B,15,Eléctrica,Media,3,4013.73,No
OT00227,Falla reportada,2026-02-20 21:59:26,Operador_07,EQ380,Compresor,Planta_A,15,Eléctrica,Media,0,1400.0,No
OT00228,Falla reportada,2026-02-20 22:17:23,Operador_02,EQ236,Torno CNC,Planta_A,5,Software,Media,0,1400.0,Sí
OT00233,Falla reportada,2026-02-21 04:17:13,Operador_04,EQ534,Compresor,Planta_A,7,Hidráulica,Baja,0,1400.0,No
OT00234,Falla reportada,2026-02-21 05:21:21,Operador_09,EQ565,Prensa hidráulica,Planta_A,7,Mecánica,Baja,1,1400.0,No
OT00235,Falla reportada,2026-02-21 14:56:41,Operador_05,EQ065,Bomba,Planta_A,14,Hidráulica,Alta,2,1400.0,No
OT00232,Falla reportada,2026-02-21 22:48:55,Operador_03,EQ028,Montacargas,Planta_A,8,Eléctrica,Alta,1,2800.0,No
OT00240,Falla reportada,2026-02-22 06:35:13,Operador_12,EQ407,Torno CNC,Planta_B,17,Hidráulica,Media,1,1112.17,No
OT00239,Falla reportada,2026-02-22 12:53:16,Operador_02,EQ152,Torno CNC,Planta_A,12,Mecánica,Media,3,3222.87,No
OT00241,Falla reportada,2026-02-22 13:10:39,Operador_06,EQ008,Prensa hidráulica,Planta_A,8,Mecánica,Media,0,1900.13,Sí
OT00237,Falla reportada ,2026-02-22 16:53:23,Operador_06,EQ159,Bomba,Planta_A,18,Hidráulica,Media,2,803.18,Sí
OT00238,Falla reportada,2026-02-22 17:47:25,Operador_07,EQ578,Bomba,Planta_A,4,Mecánica,Baja,0,1840.72,No
OT00236,Falla reportada,2026-02-22 20:33:20,Operador_12,EQ144,Bomba,Planta_A,18,Mecánica,Media,4,1833.75,No
OT00242,Falla reportada,2026-02-22 20:38:12,Operador_07,EQ197,Prensa hidráulica,Planta_A,15,Mecánica,Alta,3,1202.71,Sí
OT00247,Falla reportada,2026-02-23 01:14:51,Operador_09,EQ741,Torno CNC,Planta_A,17,Software,Baja,3,2296.08,No
OT00234,Diagnóstico,2026-02-23 07:00:00,Tec_04,EQ565,Prensa hidráulica,Planta_A,7,Mecánica,Baja,1,1400.0,No
OT00139,Puesta en operación,2026-02-23 07:00:00,Tec_07,EQ585,Torno CNC,Planta_B,4,Hidráulica,Alta,0,2200.72,No
OT00232,Diagnóstico,2026-02-23 07:00:00,Tec_01,EQ028,Montacargas,Planta_A,8,Eléctrica,Alta,1,2800.0,No
OT00219,Prueba,2026-02-23 07:00:00,Tec_07,EQ371,Montacargas,Planta_B,18,Eléctrica,Media,5,5600.0,Sí
OT00238,Diagnóstico,2026-02-23 07:00:00,Tec_04,EQ578,Bomba,Planta_A,4,Mecánica,Baja,0,1840.72,No
OT00168,recepción de repuesto,2026-02-23 07:00:00,Bodega,EQ732,Torno CNC,Planta_A,3,Eléctrica,Baja,0,1620.82,No
OT00227,Diagnóstico,2026-02-23 07:00:00,Tec_04,EQ380,Compresor,Planta_A,15,Eléctrica,Media,0,1400.0,No
OT00239,Diagnóstico,2026-02-23 07:00:00,Tec_03,EQ152,Torno CNC,Planta_A,12,Mecánica,Media,3,3222.87,No
OT00237,Diagnóstico,2026-02-23 07:00:00,Tec_03,EQ159,Bomba,Planta_A,18,Hidráulica,Media,2,803.18,Sí
OT00241,Diagnóstico,2026-02-23 07:00:00,Tec_04,EQ008,Prensa hidráulica,Planta_A,8,Mecánica,Media,0,1900.13,Sí
OT00240,Diagnóstico,2026-02-23 07:00:00,Tec_B01,EQ407,Torno CNC,Planta_B,17,Hidráulica,Media,1,1112.17,No
OT00098,Reparación,2026-02-23 07:00:00,Tec_06,EQ738,Bomba,Planta_B,5,Hidráulica,Alta,0,1674.77,No
OT00229,Prueba,2026-02-23 07:00:00,Tec_05,EQ193,Torno CNC,Planta_A,12,Hidráulica,Media,6,1400.0,Sí
OT00179,Prueba fallida,2026-02-23 07:00:00,Tec_01,EQ429,Torno CNC,Planta_A,16,Hidráulica,Media,0,5404.77,Sí
OT00228,Diagnóstico,2026-02-23 07:00:00,Tec_03,EQ236,Torno CNC,Planta_A,5,Software,Media,0,1400.0,Sí
OT00222,Recepción de repuesto,2026-02-23 07:00:00,Bodega,EQ123,Montacargas,Planta_A,18,Eléctrica,Baja,1,6226.44,No
OT00230,Asignación de técnico,2026-02-23 07:00:00,Jefe_Mantenimiento,EQ243,Torno CNC,Planta_A,13,Eléctrica,Media,2,1400.0,Sí
OT00198,Recepción de repuesto,2026-02-23 07:00:00,Bodega,EQ489,Prensa hidráulica,Planta_A,11,Mecánica,Media,1,2710.05,No
OT00233,Diagnóstico,2026-02-23 07:00:00,Tec_02,EQ534,Compresor,Planta_A,7,Hidráulica,Baja,0,1400.0,No
OT00226,Nueva reparación,2026-02-23 07:00:00,Tec_05,EQ219,Bomba,Planta_A,12,Eléctrica,Alta,2,5600.0,Sí
OT00242,Diagnóstico,2026-02-23 07:00:00,Tec_01,EQ197,Prensa hidráulica,Planta_A,15,Mecánica,Alta,3,1202.71,Sí
OT00235,Diagnóstico,2026-02-23 07:00:00,Tec_04,EQ065,Bomba,Planta_A,14,Hidráulica,Alta,2,1400.0,No
OT00224,Puesta en operación,2026-02-23 07:00:00,Tec_06,EQ574,Prensa hidráulica,Planta_B,15,Eléctrica,Alta,1,4200.0,Sí
OT00216,Recepción de repuesto,2026-02-23 07:09:00,Bodega,EQ662,Torno CNC,Planta_A,8,Hidráulica,Media,1,1739.07,No
OT00247,Diagnóstico,2026-02-23 07:14:00,Tec_02,EQ741,Torno CNC,Planta_A,17,Software,Baja,3,2296.08,No
OT00236,Diagnóstico,2026-02-23 07:17:00,Tec_03,EQ144,Bomba,Planta_A,18,Mecánica,Media,4,1833.75,No
OT00194,Recepción de repuesto,2026-02-23 07:18:00,Bodega,EQ142,Torno CNC,Planta_A,13,Eléctrica,Alta,2,2696.41,No
OT00237,Asignación de técnico,2026-02-23 07:25:32,Jefe_Mantenimiento,EQ159,Bomba,Planta_A,18,Hidráulica,Media,2,803.18,Sí
OT00242,Asignación de técnico,2026-02-23 07:29:01,Jefe_Mantenimiento,EQ197,Prensa hidráulica,Planta_A,15,Mecánica,Alta,3,1202.71,Sí
OT00240,Asignación de técnico,2026-02-23 07:29:04,Jefe_Mantenimiento,EQ407,Torno CNC,Planta_B,17,Hidráulica,Media,1,1112.17,No
OT00235,Asignación de técnico,2026-02-23 07:34:53,Jefe_Mantenimiento,EQ065,Bomba,Planta_A,14,Hidráulica,Alta,2,1400.0,No
OT00243,Falla reportada,2026-02-23 07:35:52,Operador_02,EQ563,Prensa hidráulica,Planta_A,5,Hidráulica,Baja,0,2658.36,Sí
OT00238,Asignación de técnico,2026-02-23 07:44:09,Jefe_Mantenimiento,EQ578,Bomba,Planta_A,4,Mecánica,Baja,0,1840.72,No
OT00232,Asignación de técnico,2026-02-23 07:45:49,Jefe_Mantenimiento,EQ028,Montacargas,Planta_A,8,Eléctrica,Alta,1,2800.0,No
OT00241,Asignación de técnico,2026-02-23 07:53:14,Jefe_Mantenimiento,EQ008,Prensa hidráulica,Planta_A,8,Mecánica,Media,0,1900.13,Sí
OT00233,Asignación de técnico,2026-02-23 07:55:19,Jefe_Mantenimiento,EQ534,Compresor,Planta_A,7,Hidráulica,Baja,0,1400.0,No
OT00228,Asignación de técnico,2026-02-23 07:58:58,Jefe_Mantenimiento,EQ236,Torno CNC,Planta_A,5,Software,Media,0,1400.0,Sí
OT00149,Cierre,2026-02-23 08:00:00,Administracion_Mtto,EQ301,Torno CNC,Planta_A,13,Mecánica,Alta,1,8711.37,Sí
OT00204,Cierre,2026-02-23 08:00:00,Administracion_Mtto,EQ701,Montacargas,Planta_A,7,Hidráulica,Media,2,2471.27,No
OT00212,Cierre,2026-02-23 08:00:00,Administracion_Mtto,EQ392,Montacargas,Planta_A,13,Hidráulica,Baja,1,2253.85,No
OT00161,Cierre,2026-02-23 08:00:00,Administracion_Mtto,EQ391,Torno CNC,Planta_B,15,Eléctrica,Media,3,4013.73,No
OT00192,Cierre,2026-02-23 08:00:00,Administracion_Mtto,EQ254,Bomba,Planta_A,18,Hidráulica,Media,1,1400.0,No
OT00177,Cierre,2026-02-23 08:00:00,Administracion_Mtto,EQ475,Montacargas,Planta_B,15,Eléctrica,Baja,2,2800.0,No
OT00196,Cierre,2026-02-23 08:00:00,Administracion_Mtto,EQ730,Bomba,Planta_A,18,Mecánica,Alta,0,4683.69,Sí
OT00142,Cierre,2026-02-23 08:00:00,Administracion_Mtto,EQ703,Bomba,Planta_A,10,Eléctrica,Alta,1,1564.56,No
OT00206,Cierre,2026-02-23 08:00:00,Administracion_Mtto,EQ473,Bomba,Planta_A,14,Mecánica,Media,1,5600.0,Sí
OT00211,Cierre,2026-02-23 08:00:00,Administracion_Mtto,EQ220,Montacargas,Planta_A,11,Eléctrica,Alta,1,629.76,No
OT00182,Cierre,2026-02-23 08:00:00,Administracion_Mtto,EQ708,Bomba,Planta_A,17,Hidráulica,Media,2,4335.0,No
OT00217,Cierre,2026-02-23 08:01:00,Administracion_Mtto,EQ627,Torno CNC,Planta_A,5,Eléctrica,Baja,0,646.45,No
OT00239,Asignación de técnico,2026-02-23 08:01:04,Jefe_Mantenimiento,EQ152,Torno CNC,Planta_A,12,Mecánica,Media,3,3222.87,No
OT00247,Asignación de técnico,2026-02-23 08:10:50,Jefe_Mantenimiento,EQ741,Torno CNC,Planta_A,17,Software,Baja,3,2296.08,No
OT00098,Prueba,2026-02-23 08:13:34,Tec_06,EQ738,Bomba,Planta_B,5,Hidráulica,Alta,0,1674.77,No
OT00214,Cierre,2026-02-23 08:14:00,Administracion_Mtto,EQ055,Montacargas,Planta_B,1,Eléctrica,Media,1,1257.98,No
OT00238,Solicitud de repuesto,2026-02-23 08:14:10,Tec_02,EQ578,Bomba,Planta_A,4,Mecánica,Baja,0,1840.72,No
OT00236,Asignación de técnico,2026-02-23 08:19:06,Jefe_Mantenimiento,EQ144,Bomba,Planta_A,18,Mecánica,Media,4,1833.75,No
OT00227,Asignación de técnico,2026-02-23 08:20:55,Jefe_Mantenimiento,EQ380,Compresor,Planta_A,15,Eléctrica,Media,0,1400.0,No
OT00241,Solicitud de repuesto,2026-02-23 08:23:15,Tec_04,EQ008,Prensa hidráulica,Planta_A,8,Mecánica,Media,0,1900.13,Sí
OT00230,Reparación,2026-02-23 08:23:50,Tec_02,EQ243,Torno CNC,Planta_A,13,Eléctrica,Media,2,1400.0,Sí
OT00219,Puesta en operación,2026-02-23 08:28:32,Tec_07,EQ371,Montacargas,Planta_B,18,Eléctrica,Media,5,5600.0,Sí
OT00239,Solicitud de repuesto,2026-02-23 08:31:05,Tec_01,EQ152,Torno CNC,Planta_A,12,Mecánica,Media,3,3222.87,No
OT00235,Reparación,2026-02-23 08:41:56,Tec_05,EQ065,Bomba,Planta_A,14,Hidráulica,Alta,2,1400.0,No
OT00236,Solicitud de repuesto,2026-02-23 08:49:07,Tec_04,EQ144,Bomba,Planta_A,18,Mecánica,Media,4,1833.75,No
OT00243,Diagnóstico,2026-02-23 08:58:50,Tec_01,EQ563,Prensa hidráulica,Planta_A,5,Hidráulica,Baja,0,2658.36,Sí
OT00229,Puesta en operación,2026-02-23 09:03:05,Tec_05,EQ193,Torno CNC,Planta_A,12,Hidráulica,Media,6,1400.0,Sí
OT00098,Puesta en operación,2026-02-23 09:06:58,Tec_06,EQ738,Bomba,Planta_B,5,Hidráulica,Alta,0,1674.77,No
OT00240,Reparación,2026-02-23 09:13:46,Tec_07,EQ407,Torno CNC,Planta_B,17,Hidráulica,Media,1,1112.17,No
OT00194,Reparación,2026-02-23 09:22:28,Tec_02,EQ142,Torno CNC,Planta_A,13,Eléctrica,Alta,2,2696.41,No
OT00234,Asignación de técnico,2026-02-23 09:25:50,Jefe_Mantenimiento,EQ565,Prensa hidráulica,Planta_A,7,Mecánica,Baja,1,1400.0,No
OT00168,Reparación,2026-02-23 09:28:26,Tec_02,EQ732,Torno CNC,Planta_A,3,Eléctrica,Baja,0,1620.82,No
OT00226,Prueba,2026-02-23 09:37:29,Tec_05,EQ219,Bomba,Planta_A,12,Eléctrica,Alta,2,5600.0,Sí
OT00228,Reparación,2026-02-23 09:52:37,Tec_05,EQ236,Torno CNC,Planta_A,5,Software,Media,0,1400.0,Sí
OT00230,Prueba,2026-02-23 09:52:41,Tec_02,EQ243,Torno CNC,Planta_A,13,Eléctrica,Media,2,1400.0,Sí
OT00198,Reparación,2026-02-23 10:16:21,Tec_04,EQ489,Prensa hidráulica,Planta_A,11,Mecánica,Media,1,2710.05,No
OT00227,Reparación,2026-02-23 10:16:46,Tec_04,EQ380,Compresor,Planta_A,15,Eléctrica,Media,0,1400.0,No
OT00248,Falla reportada,2026-02-23 10:23:10,Operador_02,EQ630,Torno CNC,Planta_A,2,Hidráulica,Media,0,826.75,No
OT00216,Reparación,2026-02-23 10:24:55,Tec_02,EQ662,Torno CNC,Planta_A,8,Hidráulica,Media,1,1739.07,No
OT00179,Nueva reparación,2026-02-23 10:34:21,Tec_01,EQ429,Torno CNC,Planta_A,16,Hidráulica,Media,0,5404.77,Sí
OT00247,Reparación,2026-02-23 10:34:56,Tec_03,EQ741,Torno CNC,Planta_A,17,Software,Baja,3,2296.08,No
OT00243,Asignación de técnico,2026-02-23 10:35:49,Jefe_Mantenimiento,EQ563,Prensa hidráulica,Planta_A,5,Hidráulica,Baja,0,2658.36,Sí
OT00168,Prueba,2026-02-23 10:35:59,Tec_02,EQ732,Torno CNC,Planta_A,3,Eléctrica,Baja,0,1620.82,No
OT00194,Prueba ,2026-02-23 10:48:28,Tec_02,EQ142,Torno CNC,Planta_A,13,Eléctrica,Alta,2,2696.41,No
OT00237,Reparación,2026-02-23 10:48:29,Tec_05,EQ159,Bomba,Planta_A,18,Hidráulica,Media,2,803.18,Sí
OT00232,Reparación,2026-02-23 10:55:05,Tec_04,EQ028,Montacargas,Planta_A,8,Eléctrica,Alta,1,2800.0,No
OT00243,Solicitud de repuesto,2026-02-23 11:05:50,Tec_05,EQ563,Prensa hidráulica,Planta_A,5,Hidráulica,Baja,0,2658.36,Sí
OT00230,Puesta en operación,2026-02-23 11:08:13,Tec_02,EQ243,Torno CNC,Planta_A,13,Eléctrica,Media,2,1400.0,Sí
OT00228,Prueba,2026-02-23 11:22:49,Tec_05,EQ236,Torno CNC,Planta_A,5,Software,Media,0,1400.0,Sí
OT00242,Reparación,2026-02-23 11:29:10,Tec_02,EQ197,Prensa hidráulica,Planta_A,15,Mecánica,Alta,3,1202.71,Sí
OT00235,Prueba,2026-02-23 11:33:45,Tec_05,EQ065,Bomba,Planta_A,14,Hidráulica,Alta,2,1400.0,No
OT00227,Prueba,2026-02-23 11:37:13,Tec_04,EQ380,Compresor,Planta_A,15,Eléctrica,Media,0,1400.0,No
OT00198,Prueba,2026-02-23 11:40:08,Tec_04,EQ489,Prensa hidráulica,Planta_A,11,Mecánica,Media,1,2710.05,No
OT00168,Puesta en operación,2026-02-23 11:52:39,Tec_02,EQ732,Torno CNC,Planta_A,3,Eléctrica,Baja,0,1620.82,No
OT00194,Puesta en operación,2026-02-23 11:54:00,Tec_02,EQ142,Torno CNC,Planta_A,13,Eléctrica,Alta,2,2696.41,No
OT00222,Reparación,2026-02-23 12:08:34,Tec_01,EQ123,Montacargas,Planta_A,18,Eléctrica,Baja,1,6226.44,No
OT00228,Puesta en operación,2026-02-23 12:12:48,Tec_05,EQ236,Torno CNC,Planta_A,5,Software,Media,0,1400.0,Sí
OT00227,Puesta en operación,2026-02-23 12:27:39,Tec_04,EQ380,Compresor,Planta_A,15,Eléctrica,Media,0,1400.0,No
OT00216,Prueba,2026-02-23 12:43:24,Tec_02,EQ662,Torno CNC,Planta_A,8,Hidráulica,Media,1,1739.07,No
OT00226,Puesta en operación,2026-02-23 12:46:13,Tec_05,EQ219,Bomba,Planta_A,12,Eléctrica,Alta,2,5600.0,Sí
OT00235,Puesta en operación,2026-02-23 12:55:45,Tec_05,EQ065,Bomba,Planta_A,14,Hidráulica,Alta,2,1400.0,No
OT00247,Prueba fallida,2026-02-23 13:06:25,Tec_03,EQ741,Torno CNC,Planta_A,17,Software,Baja,3,2296.08,No
OT00198,Puesta en operación,2026-02-23 13:12:56,Tec_04,EQ489,Prensa hidráulica,Planta_A,11,Mecánica,Media,1,2710.05,No
OT00240,Prueba,2026-02-23 13:53:53,Tec_07,EQ407,Torno CNC,Planta_B,17,Hidráulica,Media,1,1112.17,No
OT00222,Prueba fallida,2026-02-23 13:56:12,Tec_01,EQ123,Montacargas,Planta_A,18,Eléctrica,Baja,1,6226.44,No
OT00232,Prueba fallida,2026-02-23 14:04:37,Tec_04,EQ028,Montacargas,Planta_A,8,Eléctrica,Alta,1,2800.0,No
OT00216,Puesta en operación,2026-02-23 14:04:38,Tec_02,EQ662,Torno CNC,Planta_A,8,Hidráulica,Media,1,1739.07,No
OT00240,Puesta en operación,2026-02-23 14:21:48,Tec_07,EQ407,Torno CNC,Planta_B,17,Hidráulica,Media,1,1112.17,No
OT00237,Prueba,2026-02-23 14:23:10,Tec_05,EQ159,Bomba,Planta_A,18,Hidráulica,Media,2,803.18,Sí
OT00244,Falla reportada,2026-02-23 14:49:05,Operador_07,EQ635,Montacargas,Planta_A,10,Software,Media,2,735.93,No
OT00234,Reparación,2026-02-23 14:50:06,Tec_05,EQ565,Prensa hidráulica,Planta_A,7,Mecánica,Baja,1,1400.0,No
OT00233,Reparación,2026-02-23 14:51:52,Tec_05,EQ534,Compresor,Planta_A,7,Hidráulica,Baja,0,1400.0,No
OT00248,Diagnóstico,2026-02-23 15:36:06,Tec_01,EQ630,Torno CNC,Planta_A,2,Hidráulica,Media,0,826.75,No
OT00247,Nueva reparación,2026-02-23 15:37:12,Tec_03,EQ741,Torno CNC,Planta_A,17,Software,Baja,3,2296.08,No
OT00237,Puesta en operación,2026-02-23 15:50:16,Tec_05,EQ159,Bomba,Planta_A,18,Hidráulica,Media,2,803.18,Sí
OT00248,Asignación de técnico,2026-02-23 16:11:10,Jefe_Mantenimiento,EQ630,Torno CNC,Planta_A,2,Hidráulica,Media,0,826.75,No
OT00179,Prueba,2026-02-23 16:22:20,Tec_01,EQ429,Torno CNC,Planta_A,16,Hidráulica,Media,0,5404.77,Sí
OT00233,Prueba,2026-02-23 16:37:55,Tec_05,EQ534,Compresor,Planta_A,7,Hidráulica,Baja,0,1400.0,No
OT00242,Prueba,2026-02-23 16:44:59,Tec_02,EQ197,Prensa hidráulica,Planta_A,15,Mecánica,Alta,3,1202.71,Sí
OT00234,Prueba,2026-02-23 16:46:31,Tec_05,EQ565,Prensa hidráulica,Planta_A,7,Mecánica,Baja,1,1400.0,No
OT00246,Falla reportada,2026-02-23 20:40:52,Operador_03,EQ574,Prensa hidráulica,Planta_B,15,Eléctrica,Media,2,582.2,Sí
OT00245,Falla reportada,2026-02-23 22:27:26,Operador_09,EQ529,Bomba,Planta_B,14,Software,Media,1,2668.02,Sí
OT00249,Falla reportada,2026-02-24 06:59:55,Operador_01,EQ261,Torno CNC,Planta_A,12,Hidráulica,Baja,0,324.07,No
OT00222,Nueva reparación,2026-02-24 07:00:00,Tec_01,EQ123,Montacargas,Planta_A,18,Eléctrica,Baja,1,6226.44,No
OT00234,Puesta en operación,2026-02-24 07:00:00,Tec_05,EQ565,Prensa hidráulica,Planta_A,7,Mecánica,Baja,1,1400.0,No
OT00247,Prueba,2026-02-24 07:00:00,Tec_03,EQ741,Torno CNC,Planta_A,17,Software,Baja,3,2296.08,No
OT00179,Puesta en operación,2026-02-24 07:00:00,Tec_01,EQ429,Torno CNC,Planta_A,16,Hidráulica,Media,0,5404.77,Sí
OT00242,Puesta en operación,2026-02-24 07:00:00,Tec_02,EQ197,Prensa hidráulica,Planta_A,15,Mecánica,Alta,3,1202.71,Sí
OT00244,Diagnóstico,2026-02-24 07:00:00,Tec_01,EQ635,Montacargas,Planta_A,10,Software,Media,2,735.93,No
OT00248,Reparación,2026-02-24 07:00:00,Tec_02,EQ630,Torno CNC,Planta_A,2,Hidráulica,Media,0,826.75,No
OT00233,Puesta en operación,2026-02-24 07:00:00,Tec_05,EQ534,Compresor,Planta_A,7,Hidráulica,Baja,0,1400.0,No
OT00232,Nueva reparación,2026-02-24 07:00:00,Tec_04,EQ028,Montacargas,Planta_A,8,Eléctrica,Alta,1,2800.0,No
OT00202,Recepción de repuesto,2026-02-24 07:08:00,Bodega,EQ075,Torno CNC,Planta_A,8,Mecánica,Alta,1,1948.54,No
OT00236,Recepción de repuesto,2026-02-24 07:16:00,Bodega,EQ144,Bomba,Planta_A,18,Mecánica,Media,4,1833.75,No
OT00245,Diagnóstico,2026-02-24 07:19:00,Tec_B01,EQ529,Bomba,Planta_B,14,Software,Media,1,2668.02,Sí
OT00246,Diagnóstico,2026-02-24 07:23:00,Tec_B01,EQ574,Prensa hidráulica,Planta_B,15,Eléctrica,Media,2,582.2,Sí
OT00244,Asignación de técnico,2026-02-24 07:45:38,Jefe_Mantenimiento,EQ635,Montacargas,Planta_A,10,Software,Media,2,735.93,No
OT00245,Asignación de técnico,2026-02-24 07:55:10,Jefe_Mantenimiento,EQ529,Bomba,Planta_B,14,Software,Media,1,2668.02,Sí
OT00167,Cierre,2026-02-24 08:00:00,Administracion_Mtto,EQ690,Torno CNC,Planta_A,8,Mecánica,Alta,0,2268.74,No
OT00220,Cierre,2026-02-24 08:00:00,Administracion_Mtto,EQ552,Compresor,Planta_A,17,Mecánica,Baja,1,351.93,No
OT00244,Reparación,2026-02-24 08:27:27,Tec_03,EQ635,Montacargas,Planta_A,10,Software,Media,2,735.93,No
OT00246,Asignación de técnico,2026-02-24 08:30:02,Jefe_Mantenimiento,EQ574,Prensa hidráulica,Planta_B,15,Eléctrica,Media,2,582.2,Sí
OT00250,Falla reportada,2026-02-24 08:49:05,Operador_07,EQ531,Montacargas,Planta_A,15,Mecánica,Media,2,266.66,No
OT00186,Recepción de repuesto,2026-02-24 08:51:49,Bodega,EQ655,Torno CNC,Planta_B,6,Mecánica,Alta,0,1826.03,No
OT00222,Prueba fallida,2026-02-24 09:07:03,Tec_01,EQ123,Montacargas,Planta_A,18,Eléctrica,Baja,1,6226.44,No
OT00248,Prueba,2026-02-24 09:24:07,Tec_02,EQ630,Torno CNC,Planta_A,2,Hidráulica,Media,0,826.75,No
OT00248,Puesta en operación,2026-02-24 10:00:27,Tec_02,EQ630,Torno CNC,Planta_A,2,Hidráulica,Media,0,826.75,No
OT00247,Puesta en operación,2026-02-24 10:02:56,Tec_03,EQ741,Torno CNC,Planta_A,17,Software,Baja,3,2296.08,No
OT00246,Reparación,2026-02-24 10:35:52,Tec_07,EQ574,Prensa hidráulica,Planta_B,15,Eléctrica,Media,2,582.2,Sí
OT00232,Prueba,2026-02-24 10:51:12,Tec_04,EQ028,Montacargas,Planta_A,8,Eléctrica,Alta,1,2800.0,No
OT00244,Prueba,2026-02-24 10:53:48,Tec_03,EQ635,Montacargas,Planta_A,10,Software,Media,2,735.93,No
OT00250,Diagnóstico,2026-02-24 11:11:44,Tec_02,EQ531,Montacargas,Planta_A,15,Mecánica,Media,2,266.66,No
OT00232,Puesta en operación,2026-02-24 11:22:51,Tec_04,EQ028,Montacargas,Planta_A,8,Eléctrica,Alta,1,2800.0,No
OT00236,Reparación,2026-02-24 11:28:30,Tec_04,EQ144,Bomba,Planta_A,18,Mecánica,Media,4,1833.75,No
OT00250,Asignación de técnico,2026-02-24 11:45:55,Jefe_Mantenimiento,EQ531,Montacargas,Planta_A,15,Mecánica,Media,2,266.66,No
OT00244,Puesta en operación,2026-02-24 11:50:41,Tec_03,EQ635,Montacargas,Planta_A,10,Software,Media,2,735.93,No
OT00249,Diagnóstico,2026-02-24 11:57:04,Tec_03,EQ261,Torno CNC,Planta_A,12,Hidráulica,Baja,0,324.07,No
OT00186,Reparación,2026-02-24 11:58:37,Tec_07,EQ655,Torno CNC,Planta_B,6,Mecánica,Alta,0,1826.03,No
OT00231,Cierre,2026-02-24 12:13:12,Administracion_Mtto,EQ053,Compresor,Planta_A,16,Mecánica,Media,5,269.46,Sí
OT00249,Asignación de técnico,2026-02-24 12:28:06,Jefe_Mantenimiento,EQ261,Torno CNC,Planta_A,12,Hidráulica,Baja,0,324.07,No
OT00246,Prueba,2026-02-24 12:34:52,Tec_07,EQ574,Prensa hidráulica,Planta_B,15,Eléctrica,Media,2,582.2,Sí
OT00245,Reparación,2026-02-24 12:58:40,Tec_06,EQ529,Bomba,Planta_B,14,Software,Media,1,2668.02,Sí
OT00251,Falla reportada,2026-02-24 13:00:34,Operador_04,EQ309,Compresor,Planta_A,2,Eléctrica,Baja,0,771.51,No
OT00222,Nueva reparación,2026-02-24 13:10:15,Tec_01,EQ123,Montacargas,Planta_A,18,Eléctrica,Baja,1,6226.44,No
OT00186,Prueba,2026-02-24 13:11:45,Tec_07,EQ655,Torno CNC,Planta_B,6,Mecánica,Alta,0,1826.03,No
OT00202,Reparación,2026-02-24 13:14:35,Tec_04,EQ075,Torno CNC,Planta_A,8,Mecánica,Alta,1,1948.54,No
OT00246,Puesta en operacion,2026-02-24 13:18:55,Tec_07,EQ574,Prensa hidráulica,Planta_B,15,Eléctrica,Media,2,582.2,Sí
OT00236,Prueba,2026-02-24 13:36:03,Tec_04,EQ144,Bomba,Planta_A,18,Mecánica,Media,4,1833.75,No
OT00250,Reparación,2026-02-24 13:37:01,Tec_05,EQ531,Montacargas,Planta_A,15,Mecánica,Media,2,266.66,No
OT00238,Recepción de repuesto,2026-02-24 13:44:29,Bodega,EQ578,Bomba,Planta_A,4,Mecánica,Baja,0,1840.72,No
OT00186,Puesta en operación,2026-02-24 14:10:16,Tec_07,EQ655,Torno CNC,Planta_B,6,Mecánica,Alta,0,1826.03,No
OT00153,Recepción de repuesto,2026-02-24 14:30:19,Bodega,EQ142,Torno CNC,Planta_A,13,Mecánica,Media,1,1915.06,No
OT00249,Reparación,2026-02-24 14:31:16,Tec_01,EQ261,Torno CNC,Planta_A,12,Hidráulica,Baja,0,324.07,No
OT00222,Prueba fallida,2026-02-24 14:42:58,Tec_01,EQ123,Montacargas,Planta_A,18,Eléctrica,Baja,1,6226.44,No
OT00236,Puesta en operación,2026-02-24 14:44:59,Tec_04,EQ144,Bomba,Planta_A,18,Mecánica,Media,4,1833.75,No
OT00238,Reparación,2026-02-24 14:54:43,Tec_02,EQ578,Bomba,Planta_A,4,Mecánica,Baja,0,1840.72,No
OT00222,Nueva reparación,2026-02-24 15:31:52,Tec_01,EQ123,Montacargas,Planta_A,18,Eléctrica,Baja,1,6226.44,No
OT00250,Prueba,2026-02-24 15:37:39,Tec_05,EQ531,Montacargas,Planta_A,15,Mecánica,Media,2,266.66,No
OT00153,Reparación,2026-02-24 15:50:10,Tec_03,EQ142,Torno CNC,Planta_A,13,Mecánica,Media,1,1915.06,No
OT00249,Prueba,2026-02-24 15:54:31,Tec_01,EQ261,Torno CNC,Planta_A,12,Hidráulica,Baja,0,324.07,No
OT00249,Puesta en operación,2026-02-24 16:15:28,Tec_01,EQ261,Torno CNC,Planta_A,12,Hidráulica,Baja,0,324.07,No
OT00250,Puesta en operación,2026-02-24 16:26:13,Tec_05,EQ531,Montacargas,Planta_A,15,Mecánica,Media,2,266.66,No
OT00245,Prueba fallida,2026-02-24 16:47:48,Tec_06,EQ529,Bomba,Planta_B,14,Software,Media,1,2668.02,Sí
OT00222,Prueba,2026-02-24 16:53:08,Tec_01,EQ123,Montacargas,Planta_A,18,Eléctrica,Baja,1,6226.44,No
OT00238,Prueba,2026-02-25 07:00:00,Tec_02,EQ578,Bomba,Planta_A,4,Mecánica,Baja,0,1840.72,No
OT00245,Nueva reparación,2026-02-25 07:00:00,Tec_06,EQ529,Bomba,Planta_B,14,Software,Media,1,2668.02,Sí
OT00202,Prueba,2026-02-25 07:00:00,Tec_04,EQ075,Torno CNC,Planta_A,8,Mecánica,Alta,1,1948.54,No
OT00251,Diagnóstico,2026-02-25 07:00:00,Tec_04,EQ309,Compresor,Planta_A,2,Eléctrica,Baja,0,771.51,No
OT00153,Prueba,2026-02-25 07:00:00,Tec_03,EQ142,Torno CNC,Planta_A,13,Mecánica,Media,1,1915.06,No
OT00222,Puesta en operación,2026-02-25 07:00:00,Tec_01,EQ123,Montacargas,Planta_A,18,Eléctrica,Baja,1,6226.44,No
OT00241,Recepción de repuesto,2026-02-25 07:25:00,Bodega,EQ008,Prensa hidráulica,Planta_A,8,Mecánica,Media,0,1900.13,Sí
OT00241,Recepción de repuesto,2026-02-25 07:25:00,Bodega,EQ008,Prensa hidráulica,Planta_A,8,Mecánica,Media,0,1900.13,Sí
OT00202,Puesta en operación,2026-02-25 07:43:08,Tec_04,EQ075,Torno CNC,Planta_A,8,Mecánica,Alta,1,1948.54,No
OT00254,Falla reportada,2026-02-25 07:53:59,Operador_01,EQ619,Torno CNC,Planta_B,14,Mecánica,Baja,1,2800.0,Sí
OT00153,Puesta en operación,2026-02-25 08:03:38,Tec_03,EQ142,Torno CNC,Planta_A,13,Mecánica,Media,1,1915.06,No
OT00232,Cierre,2026-02-25 08:05:00,Administracion_Mtto,EQ028,Montacargas,Planta_A,8,Eléctrica,Alta,1,2800.0,No
OT00198,Cierre,2026-02-25 08:06:00,Administracion_Mtto,EQ489,Prensa hidráulica,Planta_A,11,Mecánica,Media,1,2710.05,No
OT00251,Asignación de técnico,2026-02-25 08:07:04,Jefe_Mantenimiento,EQ309,Compresor,Planta_A,2,Eléctrica,Baja,0,771.51,No
OT00227,Cierre,2026-02-25 08:28:00,Administracion_Mtto,EQ380,Compresor,Planta_A,15,Eléctrica,Media,0,1400.0,No
OT00238,Puesta en operación,2026-02-25 08:51:08,Tec_02,EQ578,Bomba,Planta_A,4,Mecánica,Baja,0,1840.72,No
OT00139,Cierre,2026-02-25 09:27:04,Administracion_Mtto,EQ585,Torno CNC,Planta_B,4,Hidráulica,Alta,0,2200.72,No
OT00251,Reparación,2026-02-25 09:27:46,Tec_03,EQ309,Compresor,Planta_A,2,Eléctrica,Baja,0,771.51,No
OT00241,Reparación,2026-02-25 09:33:28,Tec_04,EQ008,Prensa hidráulica,Planta_A,8,Mecánica,Media,0,1900.13,Sí
OT00251,Prueba,2026-02-25 10:02:18,Tec_03,EQ309,Compresor,Planta_A,2,Eléctrica,Baja,0,771.51,No
OT00235,Cierre,2026-02-25 10:35:14,Administracion_Mtto,EQ065,Bomba,Planta_A,14,Hidráulica,Alta,2,1400.0,No
OT00241,Prueba,2026-02-25 10:59:30,Tec_04,EQ008,Prensa hidráulica,Planta_A,8,Mecánica,Media,0,1900.13,Sí
OT00251,Puesta en operación,2026-02-25 11:03:10,Tec_03,EQ309,Compresor,Planta_A,2,Eléctrica,Baja,0,771.51,No
OT00245,Prueba,2026-02-25 11:25:21,Tec_06,EQ529,Bomba,Planta_B,14,Software,Media,1,2668.02,Sí
OT00241,Puesta en operación,2026-02-25 11:42:24,Tec_04,EQ008,Prensa hidráulica,Planta_A,8,Mecánica,Media,0,1900.13,Sí
OT00215,Cierre,2026-02-25 11:43:20,Administracion_Mtto,EQ212,Compresor,Planta_A,14,Hidráulica,Media,2,513.98,No
OT00252,Falla reportada,2026-02-25 12:16:25,Operador_07,EQ744,Prensa hidráulica,Planta_B,13,Mecánica,Media,0,2554.51,No
OT00245,Puesta en operación,2026-02-25 12:34:18,Tec_06,EQ529,Bomba,Planta_B,14,Software,Media,1,2668.02,Sí
OT00194,Cierre,2026-02-25 13:28:57,Administracion_Mtto,EQ142,Torno CNC,Planta_A,13,Eléctrica,Alta,2,2696.41,No
OT00252,Diagnóstico,,Tec_B01,EQ744,Prensa hidráulica,Planta_B,13,Mecánica,Media,0,2554.51,No
OT00230,Cierre,2026-02-25 15:38:20,Administracion_Mtto,EQ243,Torno CNC,Planta_A,13,Eléctrica,Media,2,1400.0,Sí
OT00252,Asignación de técnico,2026-02-25 16:15:33,Jefe_Mantenimiento,EQ744,Prensa hidráulica,Planta_B,13,Mecánica,Media,0,2554.51,No
OT00252,Solicitud de repuesto,2026-02-25 16:45:34,Tec_06,EQ744,Prensa hidráulica,Planta_B,13,Mecánica,Media,0,2554.51,No
OT00253,Falla reportada,2026-02-25 19:23:37,Operador_04,EQ513,Torno CNC,Planta_A,9,Software,Alta,1,725.24,No
OT00259,Falla reportada,2026-02-26 00:49:22,Operador_07,EQ745,Montacargas,Planta_B,4,Software,Baja,2,1185.15,No
OT00260,Falla reportada,2026-02-26 00:50:51,Operador_10,EQ333,Compresor,Planta_A,6,Software,Media,1,472.21,No
OT00256,Falla reportada,2026-02-26 04:52:46,Operador_09,EQ124,Prensa hidráulica,Planta_A,18,Eléctrica,Media,1,2584.3,Sí
OT00257,Falla reportada,2026-02-26 06:37:29,Operador_12,EQ533,Torno CNC,Planta_B,16,Hidráulica,Media,1,1617.42,No
OT00253,Diagnóstico,2026-02-26 07:00:00,Tec_05,EQ513,Torno CNC,Planta_A,9,Software,Alta,1,725.24,No
OT00254,Diagnóstico,2026-02-26 07:00:00,Tec_B01,EQ619,Torno CNC,Planta_B,14,Mecánica,Baja,1,2800.0,Sí
OT00260,Diagnóstico,2026-02-26 07:02:00,Tec_02,EQ333,Compresor,Planta_A,6,Software,Media,1,472.21,No
OT00256,Diagnóstico,2026-02-26 07:25:00,Tec_01,EQ124,Prensa hidráulica,Planta_A,18,Eléctrica,Media,1,2584.3,Sí
OT00254,Asignación de técnico,2026-02-26 07:40:19,Jefe_Mantenimiento,EQ619,Torno CNC,Planta_B,14,Mecánica,Baja,1,2800.0,Sí
OT00228,Cierre,2026-02-26 08:00:00,Administracion_Mtto,EQ236,Torno CNC,Planta_A,5,Software,Media,0,1400.0,Sí
OT00244,Cierre,2026-02-26 08:00:00,Administracion_Mtto,EQ635,Montacargas,Planta_A,10,Software,Media,2,735.93,No
OT00219,Cierre,2026-02-26 08:00:00,Administracion_Mtto,EQ371,Montacargas,Planta_B,18,Eléctrica,Media,5,5600.0,Sí
OT00253,Asignación de técnico,2026-02-26 08:02:01,Jefe_Mantenimiento,EQ513,Torno CNC,Planta_A,9,Software,Alta,1,725.24,No
OT00247,Cierre,2026-02-26 08:21:00,Administracion_Mtto,EQ741,Torno CNC,Planta_A,17,Software,Baja,3,2296.08,No
OT00229,Cierre,2026-02-26 08:25:00,Administracion_Mtto,EQ193,Torno CNC,Planta_A,12,Hidráulica,Media,6,1400.0,Sí
OT00233,Cierre,2026-02-26 08:26:00,Administracion_Mtto,EQ534,Compresor,Planta_A,7,Hidráulica,Baja,0,1400.0,No
OT00261,Falla reportada,2026-02-26 08:42:16,Operador_04,EQ582,Montacargas,Planta_A,18,Mecánica,Alta,3,1895.89,No
OT00256,Asignación de técnico,2026-02-26 08:43:54,Jefe_Mantenimiento,EQ124,Prensa hidráulica,Planta_A,18,Eléctrica,Media,1,2584.3,Sí
OT00256,Solicitud de repuesto,2026-02-26 09:13:55,Tec_03,EQ124,Prensa hidráulica,Planta_A,18,Eléctrica,Media,1,2584.3,Sí
OT00261,Diagnóstico,2026-02-26 09:20:30,Tec_02,EQ582,Montacargas,Planta_A,18,Mecánica,Alta,3,1895.89,No
OT00259,Diagnóstico,2026-02-26 09:23:36,Tec_B01,EQ745,Montacargas,Planta_B,4,Software,Baja,2,1185.15,No
OT00254,Reparación,2026-02-26 09:43:23,Tec_06,EQ619,Torno CNC,Planta_B,14,Mecánica,Baja,1,2800.0,Sí
OT00260,Asignación de técnico,2026-02-26 09:51:01,Jefe_Mantenimiento,EQ333,Compresor,Planta_A,6,Software,Media,1,472.21,No
OT00261,Asignación de técnico,2026-02-26 09:52:26,Jefe_Mantenimiento,EQ582,Montacargas,Planta_A,18,Mecánica,Alta,3,1895.89,No
OT00253,Reparación,2026-02-26 10:18:24,Tec_04,EQ513,Torno CNC,Planta_A,9,Software,Alta,1,725.24,No
OT00259,Asignación de técnico,2026-02-26 10:22:27,Jefe_Mantenimiento,EQ745,Montacargas,Planta_B,4,Software,Baja,2,1185.15,No
OT00260,Reparación,2026-02-26 11:02:21,Tec_05,EQ333,Compresor,Planta_A,6,Software,Media,1,472.21,No
OT00257,Diagnóstico,2026-02-26 11:09:15,Tec_B01,EQ533,Torno CNC,Planta_B,16,Hidráulica,Media,1,1617.42,No
OT00261,Reparación,2026-02-26 11:28:59,Tec_02,EQ582,Montacargas,Planta_A,18,Mecánica,Alta,3,1895.89,No
OT00257,asignación de técnico,2026-02-26 12:18:17,Jefe_Mantenimiento,EQ533,Torno CNC,Planta_B,16,Hidráulica,Media,1,1617.42,No
OT00249,Cierre,2026-02-26 12:34:00,Administracion_Mtto,EQ261,Torno CNC,Planta_A,12,Hidráulica,Baja,0,324.07,No
OT00261,Prueba fallida,2026-02-26 12:44:28,Tec_02,EQ582,Montacargas,Planta_A,18,Mecánica,Alta,3,1895.89,No
OT00257,Solicitud de repuesto,2026-02-26 12:48:18,Tec_07,EQ533,Torno CNC,Planta_B,16,Hidráulica,Media,1,1617.42,No
OT00252,Recepción de repuesto,2026-02-26 12:50:30,Bodega,EQ744,Prensa hidráulica,Planta_B,13,Mecánica,Media,0,2554.51,No
OT00260,Prueba,2026-02-26 13:04:50,Tec_05,EQ333,Compresor,Planta_A,6,Software,Media,1,472.21,No
OT00246,Cierre,2026-02-26 13:33:49,Administracion_Mtto,EQ574,Prensa hidráulica,Planta_B,15,Eléctrica,Media,2,582.2,Sí
OT00260,Puesta en operación,2026-02-26 14:20:22,Tec_05,EQ333,Compresor,Planta_A,6,Software,Media,1,472.21,No
OT00254,Prueba fallida,2026-02-26 14:20:51,Tec_06,EQ619,Torno CNC,Planta_B,14,Mecánica,Baja,1,2800.0,Sí
OT00252,Reparación,2026-02-26 15:02:32,Tec_06,EQ744,Prensa hidráulica,Planta_B,13,Mecánica,Media,0,2554.51,No
OT00253,Prueba,2026-02-26 15:09:57,Tec_04,EQ513,Torno CNC,Planta_A,9,Software,Alta,1,725.24,No
OT00253,Puesta en operación,2026-02-26 16:06:53,Tec_04,EQ513,Torno CNC,Planta_A,9,Software,Alta,1,725.24,No
OT00252,Prueba,2026-02-26 16:35:10,Tec_06,EQ744,Prensa hidráulica,Planta_B,13,Mecánica,Media,0,2554.51,No
OT00258,Falla reportada,2026-02-26 19:46:07,Operador_02,EQ581,Compresor,Planta_A,14,Eléctrica,Media,0,2886.07,Sí
OT00262,Falla reportada,2026-02-26 21:20:33,Operador_10,EQ029,Montacargas,Planta_A,4,Mecánica,Baja,0,6025.94,Sí
OT00255,Falla reportada,2026-02-26 21:43:35,Operador_12,EQ043,Prensa hidráulica,Planta_B,13,Software,Baja,2,630.77,No
OT00267,Falla reportada,2026-02-27 05:14:40,Operador_08,EQ371,Montacargas,Planta_B,18,Hidráulica,Media,6,2220.48,Sí
OT00269,Falla reportada,2026-02-27 06:35:55,Operador_05,EQ305,Torno CNC,Planta_A,16,Hidráulica,Alta,1,713.4,Sí
OT00259,Reparación,2026-02-27 07:00:00,Tec_06,EQ745,Montacargas,Planta_B,4,Software,Baja,2,1185.15,No
OT00200,Recepcion de repuesto,2026-02-27 07:00:00,Bodega,EQ399,Bomba,Planta_A,4,Hidráulica,Alta,0,3082.48,No
OT00262,Diagnóstico,2026-02-27 07:00:00,Tec_05,EQ029,Montacargas,Planta_A,4,Mecánica,Baja,0,6025.94,Sí
OT00261,Nueva reparación,2026-02-27 07:00:00,Tec_02,EQ582,Montacargas,Planta_A,18,Mecánica,Alta,3,1895.89,No
OT00258,Diagnóstico,2026-02-27 07:00:00,Tec_05,EQ581,Compresor,Planta_A,14,Eléctrica,Media,0,2886.07,Sí
OT00254,Nueva reparación,2026-02-27 07:00:00,Tec_06,EQ619,Torno CNC,Planta_B,14,Mecánica,Baja,1,2800.0,Sí
OT00252,Puesta en operación,2026-02-27 07:00:00,Tec_06,EQ744,Prensa hidráulica,Planta_B,13,Mecánica,Media,0,2554.51,No
OT00269,Diagnóstico,2026-02-27 07:16:32,Tec_03,EQ305,Torno CNC,Planta_A,16,Hidráulica,Alta,1,713.4,Sí
OT00262,Asignación de técnico,2026-02-27 07:34:25,Jefe_Mantenimiento,EQ029,Montacargas,Planta_A,4,Mecánica,Baja,0,6025.94,Sí
OT00258,Asignación de técnico,2026-02-27 07:48:28,Jefe_Mantenimiento,EQ581,Compresor,Planta_A,14,Eléctrica,Media,0,2886.07,Sí
OT00224,Cierre,2026-02-27 08:00:00,Administracion_Mtto,EQ574,Prensa hidráulica,Planta_B,15,Eléctrica,Alta,1,4200.0,Sí
OT00140,Cierre,2026-02-27 08:00:00,Administracion_Mtto,EQ712,Compresor,Planta_A,9,Hidráulica,Baja,1,2305.22,Sí
OT00250,Cierre,2026-02-27 08:00:00,Administracion_Mtto,EQ531,Montacargas,Planta_A,15,Mecánica,Media,2,266.66,No
OT00168,Cierre,2026-02-27 08:00:00,Administracion_Mtto,EQ732,Torno CNC,Planta_A,3,Eléctrica,Baja,0,1620.82,No
OT00242,Cierre,2026-02-27 08:00:00,Administracion_Mtto,EQ197,Prensa hidráulica,Planta_A,15,Mecánica,Alta,3,1202.71,Sí
OT00098,Cierre ,2026-02-27 08:00:00,Administracion_Mtto,EQ738,Bomba,Planta_B,5,Hidráulica,Alta,0,1674.77,No
OT00262,Solicitud de repuesto,2026-02-27 08:04:26,Tec_05,EQ029,Montacargas,Planta_A,4,Mecánica,Baja,0,6025.94,Sí
OT00269,Asignación de técnico,2026-02-27 08:04:38,Jefe_Mantenimiento,EQ305,Torno CNC,Planta_A,16,Hidráulica,Alta,1,713.4,Sí
OT00222,Cierre,2026-02-27 08:14:00,Administracion_Mtto,EQ123,Montacargas,Planta_A,18,Eléctrica,Baja,1,6226.44,No
OT00179,Cierre,2026-02-27 08:14:00,Administracion_Mtto,EQ429,Torno CNC,Planta_A,16,Hidráulica,Media,0,5404.77,Sí
OT00240,Cierre,2026-02-27 08:17:00,Administracion_Mtto,EQ407,Torno CNC,Planta_B,17,Hidráulica,Media,1,1112.17,No
OT00209,Cierre,2026-02-27 08:18:00,Administracion_Mtto,EQ018,Compresor,Planta_A,11,Eléctrica,Alta,2,1636.96,No
OT00258,Solicitud de repuesto,2026-02-27 08:18:29,Tec_02,EQ581,Compresor,Planta_A,14,Eléctrica,Media,0,2886.07,Sí
OT00200,Reparación,2026-02-27 09:05:40,Tec_01,EQ399,Bomba,Planta_A,4,Hidráulica,Alta,0,3082.48,No
OT00255,Diagnóstico,2026-02-27 09:09:18,Tec_B01,EQ043,Prensa hidráulica,Planta_B,13,Software,Baja,2,630.77,No
OT00254,Prueba,2026-02-27 09:34:32,Tec_06,EQ619,Torno CNC,Planta_B,14,Mecánica,Baja,1,2800.0,Sí
OT00264,Falla reportada,2026-02-27 09:54:03,Operador_08,EQ641,Montacargas,Planta_A,18,Software,Alta,5,1400.0,No
OT00259,Prueba,2026-02-27 09:58:28,Tec_06,EQ745,Montacargas,Planta_B,4,Software,Baja,2,1185.15,No
OT00264,Diagnóstico,2026-02-27 10:18:06,Tec_02,EQ641,Montacargas,Planta_A,18,Software,Alta,5,1400.0,No
OT00254,Puesta en operación,2026-02-27 10:27:42,Tec_06,EQ619,Torno CNC,Planta_B,14,Mecánica,Baja,1,2800.0,Sí
OT00269,Reparación,2026-02-27 10:33:53,Tec_05,EQ305,Torno CNC,Planta_A,16,Hidráulica,Alta,1,713.4,Sí
OT00259,Puesta en operación,2026-02-27 10:41:03,Tec_06,EQ745,Montacargas,Planta_B,4,Software,Baja,2,1185.15,No
OT00200,Prueba,2026-02-27 10:58:04,Tec_01,EQ399,Bomba,Planta_A,4,Hidráulica,Alta,0,3082.48,No
OT00237,Cierre,2026-02-27 10:58:59,Administracion_Mtto,EQ159,Bomba,Planta_A,18,Hidráulica,Media,2,803.18,Sí
OT00186,Cierre,2026-02-27 11:00:04,Administracion_Mtto,EQ655,Torno CNC,Planta_B,6,Mecánica,Alta,0,1826.03,No
OT00261,Prueba,2026-02-27 11:22:06,Tec_02,EQ582,Montacargas,Planta_A,18,Mecánica,Alta,3,1895.89,No
OT00264,Asignación de técnico,2026-02-27 11:28:56,Jefe_Mantenimiento,EQ641,Montacargas,Planta_A,18,Software,Alta,5,1400.0,No
OT00255,Asignación de técnico,2026-02-27 11:29:36,Jefe_Mantenimiento,EQ043,Prensa hidráulica,Planta_B,13,Software,Baja,2,630.77,No
OT00269,Prueba fallida,2026-02-27 11:34:14,Tec_05,EQ305,Torno CNC,Planta_A,16,Hidráulica,Alta,1,713.4,Sí
OT00261,Puesta en operación,2026-02-27 11:47:19,Tec_02,EQ582,Montacargas,Planta_A,18,Mecánica,Alta,3,1895.89,No
OT00200,Puesta en operación,2026-02-27 12:15:53,Tec_01,EQ399,Bomba,Planta_A,4,Hidráulica,Alta,0,3082.48,No
OT00255,Reparación,2026-02-27 13:45:10,Tec_06,EQ043,Prensa hidráulica,Planta_B,13,Software,Baja,2,630.77,No
OT00269,Nueva reparación,2026-02-27 13:50:27,Tec_05,EQ305,Torno CNC,Planta_A,16,Hidráulica,Alta,1,713.4,Sí
OT00255,Prueba,2026-02-27 15:12:17,Tec_06,EQ043,Prensa hidráulica,Planta_B,13,Software,Baja,2,630.77,No
OT00266,Falla reportada,2026-02-27 15:12:44,Operador_07,EQ365,Compresor,Planta_A,10,Mecánica,Media,0,1400.0,No
OT00264,Reparación,2026-02-27 15:39:14,Tec_05,EQ641,Montacargas,Planta_A,18,Software,Alta,5,1400.0,No
OT00255,Puesta en operación,2026-02-27 15:44:54,Tec_06,EQ043,Prensa hidráulica,Planta_B,13,Software,Baja,2,630.77,No
OT00269,Prueba,2026-02-27 15:52:36,Tec_05,EQ305,Torno CNC,Planta_A,16,Hidráulica,Alta,1,713.4,Sí
OT00263,Falla reportada,2026-02-27 16:29:10,Operador_02,EQ727,Torno CNC,Planta_B,11,Mecánica,Media,1,1400.0,Sí
OT00269,Puesta en operación,2026-02-27 16:47:23,Tec_05,EQ305,Torno CNC,Planta_A,16,Hidráulica,Alta,1,713.4,Sí
OT00264,Prueba,2026-02-27 16:59:13,Tec_05,EQ641,Montacargas,Planta_A,18,Software,Alta,5,1400.0,No
OT00265,Falla reportada,2026-02-27 20:28:30,Operador_03,EQ352,Torno CNC,Planta_A,18,Hidráulica,Media,3,1893.61,No
OT00268,Falla reportada,2026-02-27 22:39:39,Operador_07,EQ466,Bomba,Planta_A,18,Software,Media,0,1400.0,No
OT00275,Falla reportada,2026-02-28 04:15:55,Operador_04,EQ184,Prensa hidráulica,Planta_A,16,Mecánica,Baja,1,1400.0,Sí
OT00272,Falla reportada,2026-02-28 07:05:33,Operador_02,EQ047,Compresor,Planta_A,14,Mecánica,Media,3,1400.0,Sí
OT00271,Falla reportada,2026-02-28 13:39:39,Operador_07,EQ453,Torno CNC,Planta_A,1,Eléctrica,Media,1,2800.0,No
OT00270,Falla reportada,2026-02-28 14:52:44,Operador_01,EQ080,Prensa hidráulica,Planta_A,5,Hidráulica,Media,1,2352.73,No
OT00274,Falla reportada,2026-02-28 18:56:49,Operador_02,EQ305,Torno CNC,Planta_A,16,Hidráulica,Media,2,3818.35,Sí
OT00273,Falla reportada,2026-02-28 20:13:33,Operador_10,EQ674,Bomba,Planta_B,11,Software,Alta,0,1400.0,No
OT00276,Falla reportada,2026-03-01 00:52:57,Operador_03,EQ304,Montacargas,Planta_B,14,Mecánica,Media,1,1801.54,No
OT00278,Falla reportada,2026-03-01 02:23:22,Operador_12,EQ603,Torno CNC,Planta_A,7,Eléctrica,Media,1,1258.39,No
OT00279,Falla reportada,2026-03-01 05:38:48,Operador_09,EQ569,Prensa hidráulica,Planta_A,8,Mecánica,Baja,2,1731.64,No
OT00277,Falla reportada,2026-03-01 09:15:42,Operador_06,EQ193,Torno CNC,Planta_A,12,Software,Media,7,2204.52,Sí
OT00280,Falla reportada,2026-03-01 18:59:13,Operador_06,EQ726,Montacargas,Planta_B,14,Mecánica,Media,3,1573.46,No
OT00281,Falla reportada,2026-03-02 02:40:37,Operador_04,EQ328,Bomba,Planta_A,15,Mecánica,Media,2,389.33,No
OT00282,Falla reportada,2026-03-02 03:08:58,Operador_04,EQ403,Compresor,Planta_A,13,Eléctrica,Media,2,1514.27,No
OT00285,Falla reportada,2026-03-02 03:22:19,Operador_09,EQ366,Compresor,Planta_A,4,Eléctrica,Media,3,1191.57,No
OT00286,Falla reportada,2026-03-02 04:01:04,Operador_09,EQ415,Montacargas,Planta_A,3,Eléctrica,Media,1,876.92,No
OT00273,Diagnóstico,2026-03-02 07:00:00,Tec_B01,EQ674,Bomba,Planta_B,11,Software,Alta,0,1400.0,No
OT00267,Diagnóstico,2026-03-02 07:00:00,Tec_B01,EQ371,Montacargas,Planta_B,18,Hidráulica,Media,6,2220.48,Sí
OT00263,Diagnóstico,2026-03-02 07:00:00,Tec_B01,EQ727,Torno CNC,Planta_B,11,Mecánica,Media,1,1400.0,Sí
OT00265,Diagnóstico,2026-03-02 07:00:00,Tec_02,EQ352,Torno CNC,Planta_A,18,Hidráulica,Media,3,1893.61,No
OT00218,Recepción de repuesto,2026-03-02 07:00:00,Bodega,EQ152,Torno CNC,Planta_A,12,Mecánica,Media,2,2067.51,No
OT00225,Recepción de repuesto,2026-03-02 07:00:00,Bodega,EQ324,Torno CNC,Planta_A,12,Eléctrica,Media,4,3460.74,No
OT00278,Diagnóstico,2026-03-02 07:00:00,Tec_03,EQ603,Torno CNC,Planta_A,7,Eléctrica,Media,1,1258.39,No
OT00276,Diagnóstico,2026-03-02 07:00:00,Tec_B01,EQ304,Montacargas,Planta_B,14,Mecánica,Media,1,1801.54,No
OT00257,Recepción de repuesto,2026-03-02 07:00:00,Bodega,EQ533,Torno CNC,Planta_B,16,Hidráulica,Media,1,1617.42,No
OT00270,Diagnóstico,2026-03-02 07:00:00,Tec_02,EQ080,Prensa hidráulica,Planta_A,5,Hidráulica,Media,1,2352.73,No
OT00262,Recepción de repuesto,2026-03-02 07:00:00,Bodega,EQ029,Montacargas,Planta_A,4,Mecánica,Baja,0,6025.94,Sí
OT00274,Diagnóstico,2026-03-02 07:00:00,Tec_02,EQ305,Torno CNC,Planta_A,16,Hidráulica,Media,2,3818.35,Sí
OT00275,Diagnóstico,2026-03-02 07:00:00,Tec_02,EQ184,Prensa hidráulica,Planta_A,16,Mecánica,Baja,1,1400.0,Sí
OT00266,Diagnóstico,2026-03-02 07:00:00,Tec_01,EQ365,Compresor,Planta_A,10,Mecánica,Media,0,1400.0,No
OT00277,Diagnóstico,2026-03-02 07:00:00,Tec_01,EQ193,Torno CNC,Planta_A,12,Software,Media,7,2204.52,Sí
OT00264,Puesta en operación,2026-03-02 07:00:00,Tec_05,EQ641,Montacargas,Planta_A,18,Software,Alta,5,1400.0,No
OT00268,Diagnóstico,2026-03-02 07:00:00,Tec_03,EQ466,Bomba,Planta_A,18,Software,Media,0,1400.0,No
OT00272,Diagnóstico,2026-03-02 07:00:00,Tec_02,EQ047,Compresor,Planta_A,14,Mecánica,Media,3,1400.0,Sí
OT00243,Recepción de repuesto,2026-03-02 07:00:00,Bodega,EQ563,Prensa hidráulica,Planta_A,5,Hidráulica,Baja,0,2658.36,Sí
OT00279,Diagnóstico,2026-03-02 07:00:00,Tec_02,EQ569,Prensa hidráulica,Planta_A,8,Mecánica,Baja,2,1731.64,No
OT00258,Recepción de repuesto,2026-03-02 07:00:00,Bodega,EQ581,Compresor,Planta_A,14,Eléctrica,Media,0,2886.07,Sí
OT00271,Diagnóstico,2026-03-02 07:00:00,Tec_01,EQ453,Torno CNC,Planta_A,1,Eléctrica,Media,1,2800.0,No
OT00286,Diagnóstico,2026-03-02 07:07:00,Tec_03,EQ415,Montacargas,Planta_A,3,Eléctrica,Media,1,876.92,No
OT00285,Diagnóstico,2026-03-02 07:09:00,Tec_04,EQ366,Compresor,Planta_A,4,Eléctrica,Media,3,1191.57,No
OT00282,Diagnóstico,2026-03-02 07:16:04,Tec_01,EQ403,Compresor,Planta_A,13,Eléctrica,Media,2,1514.27,No
OT00267,Asignación de técnico,2026-03-02 07:25:59,Jefe_Mantenimiento,EQ371,Montacargas,Planta_B,18,Hidráulica,Media,6,2220.48,Sí
OT00275,Asignación de técnico,2026-03-02 07:28:34,Jefe_Mantenimiento,EQ184,Prensa hidráulica,Planta_A,16,Mecánica,Baja,1,1400.0,Sí
OT00268,Asignación de técnico,2026-03-02 07:31:25,Jefe_Mantenimiento,EQ466,Bomba,Planta_A,18,Software,Media,0,1400.0,No
OT00282,Asignación de técnico,2026-03-02 07:43:30,Jefe_Mantenimiento,EQ403,Compresor,Planta_A,13,Eléctrica,Media,2,1514.27,No
OT00273,Asignación de técnico,2026-03-02 07:46:09,Jefe_Mantenimiento,EQ674,Bomba,Planta_B,11,Software,Alta,0,1400.0,No
OT00279,Asignación de técnico,2026-03-02 07:48:24,Jefe_Mantenimiento,EQ569,Prensa hidráulica,Planta_A,8,Mecánica,Baja,2,1731.64,No
OT00263,Asignación de técnico,2026-03-02 07:49:30,Jefe_Mantenimiento,EQ727,Torno CNC,Planta_B,11,Mecánica,Media,1,1400.0,Sí
OT00276,Asignación de técnico,2026-03-02 07:50:49,Jefe_Mantenimiento,EQ304,Montacargas,Planta_B,14,Mecánica,Media,1,1801.54,No
OT00270,Asignación de técnico,2026-03-02 07:54:06,Jefe_Mantenimiento,EQ080,Prensa hidráulica,Planta_A,5,Hidráulica,Media,1,2352.73,No
OT00267,Solicitud de repuesto,2026-03-02 07:56:00,Tec_06,EQ371,Montacargas,Planta_B,18,Hidráulica,Media,6,2220.48,Sí
OT00277,Asignación de técnico,2026-03-02 07:57:04,Jefe_Mantenimiento,EQ193,Torno CNC,Planta_A,12,Software,Media,7,2204.52,Sí
OT00260,Cierre,2026-03-02 08:00:00,Administracion_Mtto,EQ333,Compresor,Planta_A,6,Software,Media,1,472.21,No
OT00207,Cierre,2026-03-02 08:00:00,Administracion_Mtto,EQ642,Compresor,Planta_A,15,Eléctrica,Media,0,2645.37,No
OT00241,Cierre,2026-03-02 08:00:00,Administracion_Mtto,EQ008,Prensa hidráulica,Planta_A,8,Mecánica,Media,0,1900.13,Sí
OT00259,Cierre,2026-03-02 08:00:00,Administracion_Mtto,EQ745,Montacargas,Planta_B,4,Software,Baja,2,1185.15,No
OT00234,Cierre,2026-03-02 08:00:00,Administracion_Mtto,EQ565,Prensa hidráulica,Planta_A,7,Mecánica,Baja,1,1400.0,No
OT00153,Cierre,2026-03-02 08:00:00,Administracion_Mtto,EQ142,Torno CNC,Planta_A,13,Mecánica,Media,1,1915.06,No
OT00221,Cierre,2026-03-02 08:00:00,Administracion_Mtto,EQ131,Torno CNC,Planta_A,11,Mecánica,Media,0,4200.0,Sí
OT00261,Cierre,2026-03-02 08:00:00,Administracion_Mtto,EQ582,Montacargas,Planta_A,18,Mecánica,Alta,3,1895.89,No
OT00251,Cierre,2026-03-02 08:00:00,Administracion_Mtto,EQ309,Compresor,Planta_A,2,Eléctrica,Baja,0,771.51,No
OT00202,Cierre,2026-03-02 08:00:00,Administracion_Mtto,EQ075,Torno CNC,Planta_A,8,Mecánica,Alta,1,1948.54,No
OT00248,Cierre,2026-03-02 08:00:00,Administracion_Mtto,EQ630,Torno CNC,Planta_A,2,Hidráulica,Media,0,826.75,No
OT00254,Cierre,2026-03-02 08:00:00,Administracion_Mtto,EQ619,Torno CNC,Planta_B,14,Mecánica,Baja,1,2800.0,Sí
OT00252,Cierre,2026-03-02 08:00:00,Administracion_Mtto,EQ744,Prensa hidráulica,Planta_B,13,Mecánica,Media,0,2554.51,No
OT00238,Cierre,2026-03-02 08:00:00,Administracion_Mtto,EQ578,Bomba,Planta_A,4,Mecánica,Baja,0,1840.72,No
OT00266,Asignación de técnico,2026-03-02 08:00:31,Jefe_Mantenimiento,EQ365,Compresor,Planta_A,10,Mecánica,Media,0,1400.0,No
OT00272,Asignación de técnico,2026-03-02 08:01:19,Jefe_Mantenimiento,EQ047,Compresor,Planta_A,14,Mecánica,Media,3,1400.0,Sí
OT00245,Cierre,2026-03-02 08:07:00,Administracion_Mtto,EQ529,Bomba,Planta_B,14,Software,Media,1,2668.02,Sí
OT00281,Diagnóstico,2026-03-02 08:07:41,Tec_05,EQ328,Bomba,Planta_A,15,Mecánica,Media,2,389.33,No
OT00285,Asignación de técnico,2026-03-02 08:08:15,Jefe_Mantenimiento,EQ366,Compresor,Planta_A,4,Eléctrica,Media,3,1191.57,No
OT00274,Asignación de técnico,2026-03-02 08:09:08,Jefe_Mantenimiento,EQ305,Torno CNC,Planta_A,16,Hidráulica,Media,2,3818.35,Sí
OT00265,Asignación de técnico,2026-03-02 08:11:59,Jefe_Mantenimiento,EQ352,Torno CNC,Planta_A,18,Hidráulica,Media,3,1893.61,No
OT00269,Cierre,2026-03-02 08:13:00,Administracion_Mtto,EQ305,Torno CNC,Planta_A,16,Hidráulica,Alta,1,713.4,Sí
OT00282,Solicitud de repuesto,2026-03-02 08:13:31,Tec_01,EQ403,Compresor,Planta_A,13,Eléctrica,Media,2,1514.27,No
OT00279,Solicitud de repuesto,2026-03-02 08:18:25,Tec_01,EQ569,Prensa hidráulica,Planta_A,8,Mecánica,Baja,2,1731.64,No
OT00243,Reparación,2026-03-02 08:18:39,Tec_05,EQ563,Prensa hidráulica,Planta_A,5,Hidráulica,Baja,0,2658.36,Sí
OT00276,Solicitud de repuesto,2026-03-02 08:20:50,Tec_06,EQ304,Montacargas,Planta_B,14,Mecánica,Media,1,1801.54,No
OT00271,Asignación de técnico,2026-03-02 08:21:04,Jefe_Mantenimiento,EQ453,Torno CNC,Planta_A,1,Eléctrica,Media,1,2800.0,No
OT00128,Cierre,2026-03-02 08:23:00,Administracion_Mtto,EQ700,Torno CNC,Planta_A,9,Mecánica,Media,1,2978.82,No
OT00286,Asignación de técnico,2026-03-02 08:23:31,Jefe_Mantenimiento,EQ415,Montacargas,Planta_A,3,Eléctrica,Media,1,876.92,No
OT00270,Solicitud de repuesto,2026-03-02 08:24:07,Tec_05,EQ080,Prensa hidráulica,Planta_A,5,Hidráulica,Media,1,2352.73,No
OT00278,Asignación de técnico,2026-03-02 08:33:35,Jefe_Mantenimiento,EQ603,Torno CNC,Planta_A,7,Eléctrica,Media,1,1258.39,No
OT00274,Solicitud de repuesto,2026-03-02 08:39:09,Tec_03,EQ305,Torno CNC,Planta_A,16,Hidráulica,Media,2,3818.35,Sí
OT00265,Solicitud de repuesto,2026-03-02 08:42:00,Tec_05,EQ352,Torno CNC,Planta_A,18,Hidráulica,Media,3,1893.61,No
OT00281,Asignación de técnico,2026-03-02 08:43:45,Jefe_Mantenimiento,EQ328,Bomba,Planta_A,15,Mecánica,Media,2,389.33,No
OT00262,Reparación,2026-03-02 09:17:32,Tec_05,EQ029,Montacargas,Planta_A,4,Mecánica,Baja,0,6025.94,Sí
OT00280,Diagnóstico,2026-03-02 09:30:11,Tec_B01,EQ726,Montacargas,Planta_B,14,Mecánica,Media,3,1573.46,No
OT00236,Cierre,2026-03-02 09:46:02,Administracion_Mtto,EQ144,Bomba,Planta_A,18,Mecánica,Media,4,1833.75,No
OT00258,Reparación,2026-03-02 09:55:39,Tec_02,EQ581,Compresor,Planta_A,14,Eléctrica,Media,0,2886.07,Sí
OT00268,Reparación,2026-03-02 10:01:45,Tec_05,EQ466,Bomba,Planta_A,18,Software,Media,0,1400.0,No
OT00257,Reparación,2026-03-02 10:02:04,Tec_07,EQ533,Torno CNC,Planta_B,16,Hidráulica,Media,1,1617.42,No
OT00286,Reparación,2026-03-02 10:09:55,Tec_01,EQ415,Montacargas,Planta_A,3,Eléctrica,Media,1,876.92,No
OT00280,Asignación de técnico,2026-03-02 10:15:12,Jefe_Mantenimiento,EQ726,Montacargas,Planta_B,14,Mecánica,Media,3,1573.46,No
OT00272,Reparación,2026-03-02 10:19:04,Tec_01,EQ047,Compresor,Planta_A,14,Mecánica,Media,3,1400.0,Sí
OT00255,Cierre,2026-03-02 10:31:34,Administracion_Mtto,EQ043,Prensa hidráulica,Planta_B,13,Software,Baja,2,630.77,No
OT00266,Reparación,2026-03-02 10:35:14,Tec_03,EQ365,Compresor,Planta_A,10,Mecánica,Media,0,1400.0,No
OT00263,Reparación,2026-03-02 10:38:18,Tec_06,EQ727,Torno CNC,Planta_B,11,Mecánica,Media,1,1400.0,Sí
OT00218,Reparación,2026-03-02 10:44:51,Tec_02,EQ152,Torno CNC,Planta_A,12,Mecánica,Media,2,2067.51,No
OT00280,Solicitud de repuesto,2026-03-02 10:45:13,Tec_06,EQ726,Montacargas,Planta_B,14,Mecánica,Media,3,1573.46,No
OT00243,Prueba,2026-03-02 10:52:18,Tec_05,EQ563,Prensa hidráulica,Planta_A,5,Hidráulica,Baja,0,2658.36,Sí
OT00286,Prueba fallida,2026-03-02 10:54:20,Tec_01,EQ415,Montacargas,Planta_A,3,Eléctrica,Media,1,876.92,No
OT00278,Reparación,2026-03-02 11:04:13,Tec_02,EQ603,Torno CNC,Planta_A,7,Eléctrica,Media,1,1258.39,No
OT00277,Reparación,2026-03-02 11:10:01,Tec_05,EQ193,Torno CNC,Planta_A,12,Software,Media,7,2204.52,Sí
OT00225,Reparación,2026-03-02 11:12:10,Tec_04,EQ324,Torno CNC,Planta_A,12,Eléctrica,Media,4,3460.74,No
OT00268,Prueba,2026-03-02 11:24:51,Tec_05,EQ466,Bomba,Planta_A,18,Software,Media,0,1400.0,No
OT00243,Puesta en operación,2026-03-02 11:34:30,Tec_05,EQ563,Prensa hidráulica,Planta_A,5,Hidráulica,Baja,0,2658.36,Sí
OT00273,Reparación,2026-03-02 11:37:50,Tec_06,EQ674,Bomba,Planta_B,11,Software,Alta,0,1400.0,No
OT00258,Prueba fallida,2026-03-02 11:56:18,Tec_02,EQ581,Compresor,Planta_A,14,Eléctrica,Media,0,2886.07,Sí
OT00275,Reparación,2026-03-02 12:00:04,Tec_04,EQ184,Prensa hidráulica,Planta_A,16,Mecánica,Baja,1,1400.0,Sí
OT00284,Falla reportada,2026-03-02 12:02:21,Operador_03,EQ301,Torno CNC,Planta_A,13,Eléctrica,Media,2,755.25,No
OT00281,Reparación,2026-03-02 12:04:19,Tec_04,EQ328,Bomba,Planta_A,15,Mecánica,Media,2,389.33,No
OT00268,Puesta en operación,2026-03-02 12:11:14,Tec_05,EQ466,Bomba,Planta_A,18,Software,Media,0,1400.0,No
OT00273,Prueba,2026-03-02 12:20:44,Tec_06,EQ674,Bomba,Planta_B,11,Software,Alta,0,1400.0,No
OT00266,Prueba,2026-03-02 12:28:12,Tec_03,EQ365,Compresor,Planta_A,10,Mecánica,Media,0,1400.0,No
OT00257,Prueba,2026-03-02 12:29:13,Tec_07,EQ533,Torno CNC,Planta_B,16,Hidráulica,Media,1,1617.42,No
OT00273,Puesta en operación,2026-03-02 13:01:47,Tec_06,EQ674,Bomba,Planta_B,11,Software,Alta,0,1400.0,No
OT00278,Prueba,,Tec_02,EQ603,Torno CNC,Planta_A,7,Eléctrica,Media,1,1258.39,No
OT00263,Prueba,2026-03-02 13:08:50,Tec_06,EQ727,Torno CNC,Planta_B,11,Mecánica,Media,1,1400.0,Sí
OT00286,Nueva reparación,2026-03-02 13:09:59,Tec_01,EQ415,Montacargas,Planta_A,3,Eléctrica,Media,1,876.92,No
OT00277,Prueba fallida,2026-03-02 13:16:07,Tec_05,EQ193,Torno CNC,Planta_A,12,Software,Media,7,2204.52,Sí
OT00281,Prueba,2026-03-02 13:25:28,Tec_04,EQ328,Bomba,Planta_A,15,Mecánica,Media,2,389.33,No
OT00257,Puesta en operación,2026-03-02 13:27:05,Tec_07,EQ533,Torno CNC,Planta_B,16,Hidráulica,Media,1,1617.42,No
OT00266,Puesta en operación,2026-03-02 13:40:50,Tec_03,EQ365,Compresor,Planta_A,10,Mecánica,Media,0,1400.0,No
OT00281,Puesta en operación,2026-03-02 13:48:02,Tec_04,EQ328,Bomba,Planta_A,15,Mecánica,Media,2,389.33,No
OT00262,Prueba fallida,2026-03-02 13:55:31,Tec_05,EQ029,Montacargas,Planta_A,4,Mecánica,Baja,0,6025.94,Sí
OT00275,Prueba,2026-03-02 14:08:38,Tec_04,EQ184,Prensa hidráulica,Planta_A,16,Mecánica,Baja,1,1400.0,Sí
OT00272,Prueba,2026-03-02 14:20:17,Tec_01,EQ047,Compresor,Planta_A,14,Mecánica,Media,3,1400.0,Sí
OT00278,Puesta en operación,2026-03-02 14:20:36,Tec_02,EQ603,Torno CNC,Planta_A,7,Eléctrica,Media,1,1258.39,No
OT00284,Diagnóstico,2026-03-02 14:36:49,Tec_03,EQ301,Torno CNC,Planta_A,13,Eléctrica,Media,2,755.25,No
OT00218,Prueba,2026-03-02 14:38:23,Tec_02,EQ152,Torno CNC,Planta_A,12,Mecánica,Media,2,2067.51,No
OT00263,Puesta en operación,2026-03-02 14:40:30,Tec_06,EQ727,Torno CNC,Planta_B,11,Mecánica,Media,1,1400.0,Sí
OT00258,Nueva reparación,2026-03-02 14:42:27,Tec_02,EQ581,Compresor,Planta_A,14,Eléctrica,Media,0,2886.07,Sí
OT00285,Reparación,2026-03-02 14:51:04,Tec_03,EQ366,Compresor,Planta_A,4,Eléctrica,Media,3,1191.57,No
OT00277,Nueva reparación,2026-03-02 14:53:54,Tec_05,EQ193,Torno CNC,Planta_A,12,Software,Media,7,2204.52,Sí
OT00284,Asignación de técnico,2026-03-02 15:28:01,Jefe_Mantenimiento,EQ301,Torno CNC,Planta_A,13,Eléctrica,Media,2,755.25,No
OT00218,Puesta en operación,2026-03-02 15:46:55,Tec_02,EQ152,Torno CNC,Planta_A,12,Mecánica,Media,2,2067.51,No
OT00272,Puesta en operación,2026-03-02 15:47:31,Tec_01,EQ047,Compresor,Planta_A,14,Mecánica,Media,3,1400.0,Sí
OT00286,Prueba,2026-03-02 15:54:34,Tec_01,EQ415,Montacargas,Planta_A,3,Eléctrica,Media,1,876.92,No
OT00275,Puesta en operación,2026-03-02 15:59:54,Tec_04,EQ184,Prensa hidráulica,Planta_A,16,Mecánica,Baja,1,1400.0,Sí
OT00277,Prueba,2026-03-02 16:06:11,Tec_05,EQ193,Torno CNC,Planta_A,12,Software,Media,7,2204.52,Sí
OT00271,Reparación,2026-03-02 16:18:41,Tec_05,EQ453,Torno CNC,Planta_A,1,Eléctrica,Media,1,2800.0,No
OT00286,Puesta en operación,2026-03-02 16:32:42,Tec_01,EQ415,Montacargas,Planta_A,3,Eléctrica,Media,1,876.92,No
OT00277,Puesta en operación,2026-03-02 16:45:17,Tec_05,EQ193,Torno CNC,Planta_A,12,Software,Media,7,2204.52,Sí
OT00283,Falla reportada,2026-03-02 17:04:01,Operador_10,EQ482,Bomba,Planta_A,14,Hidráulica,Baja,1,2655.32,No
OT00287,Falla reportada,2026-03-02 18:19:22,Operador_01,EQ363,Bomba,Planta_A,12,Eléctrica,Alta,0,2627.41,No
OT00292,Falla reportada,2026-03-03 00:34:21,Operador_02,EQ714,Bomba,Planta_A,12,Mecánica,Alta,0,4033.23,No
OT00289,Falla reportada,2026-03-03 01:06:31,Operador_06,EQ511,Torno CNC,Planta_A,3,Hidráulica,Baja,2,2977.61,No
OT00294,Falla reportada,2026-03-03 03:27:33,Operador_06,EQ236,Torno CNC,Planta_A,5,Mecánica,Baja,1,1462.67,No
OT00291,Falla reportada,2026-03-03 04:18:06,Operador_08,EQ645,Compresor,Planta_B,18,Eléctrica,Alta,5,2800.0,No
OT00284,Reparación,2026-03-03 07:00:00,Tec_04,EQ301,Torno CNC,Planta_A,13,Eléctrica,Media,2,755.25,No
OT00283,Diagnóstico,2026-03-03 07:00:00,Tec_05,EQ482,Bomba,Planta_A,14,Hidráulica,Baja,1,2655.32,No
OT00271,Prueba fallida,2026-03-03 07:00:00,Tec_05,EQ453,Torno CNC,Planta_A,1,Eléctrica,Media,1,2800.0,No
OT00225,Prueba fallida,2026-03-03 07:00:00,Tec_04,EQ324,Torno CNC,Planta_A,12,Eléctrica,Media,4,3460.74,No
OT00262,Nueva reparación,2026-03-03 07:00:00,Tec_05,EQ029,Montacargas,Planta_A,4,Mecánica,Baja,0,6025.94,Sí
OT00287,Diagnóstico,2026-03-03 07:00:00,Tec_04,EQ363,Bomba,Planta_A,12,Eléctrica,Alta,0,2627.41,No
OT00285,Prueba,2026-03-03 07:00:00,Tec_03,EQ366,Compresor,Planta_A,4,Eléctrica,Media,3,1191.57,No
OT00258,Prueba,2026-03-03 07:00:00,Tec_02,EQ581,Compresor,Planta_A,14,Eléctrica,Media,0,2886.07,Sí
OT00265,Recepción de repuesto,2026-03-03 07:11:00,Bodega,EQ352,Torno CNC,Planta_A,18,Hidráulica,Media,3,1893.61,No
OT00279,Recepción de repuesto,2026-03-03 07:14:51,Bodega,EQ569,Prensa hidráulica,Planta_A,8,Mecánica,Baja,2,1731.64,No
OT00276,Recepción de repuesto,2026-03-03 07:15:00,Bodega,EQ304,Montacargas,Planta_B,14,Mecánica,Media,1,1801.54,No
OT00292,Diagnóstico,2026-03-03 07:21:00,Tec_02,EQ714,Bomba,Planta_A,12,Mecánica,Alta,0,4033.23,No
OT00292,Diagnóstico,2026-03-03 07:21:00,Tec_02,EQ714,Bomba,Planta_A,12,Mecánica,Alta,0,4033.23,No
OT00289,Diagnóstico,2026-03-03 07:25:00,Tec_03,EQ511,Torno CNC,Planta_A,3,Hidráulica,Baja,2,2977.61,No
OT00294,Diagnóstico,2026-03-03 07:28:00,Tec_03,EQ236,Torno CNC,Planta_A,5,Mecánica,Baja,1,1462.67,No
OT00291,Diagnóstico,2026-03-03 07:41:13,Tec_B01,EQ645,Compresor,Planta_B,18,Eléctrica,Alta,5,2800.0,No
OT00283,Asignación de técnico,2026-03-03 07:45:33,Jefe_Mantenimiento,EQ482,Bomba,Planta_A,14,Hidráulica,Baja,1,2655.32,No
OT00292,Asignación de técnico,2026-03-03 07:58:36,Jefe_Mantenimiento,EQ714,Bomba,Planta_A,12,Mecánica,Alta,0,4033.23,No
OT00265,Reparación,2026-03-03 08:02:47,Tec_05,EQ352,Torno CNC,Planta_A,18,Hidráulica,Media,3,1893.61,No
OT00289,Asignación de técnico,2026-03-03 08:07:44,Jefe_Mantenimiento,EQ511,Torno CNC,Planta_A,3,Hidráulica,Baja,2,2977.61,No
OT00258,Puesta en operación,2026-03-03 08:09:32,Tec_02,EQ581,Compresor,Planta_A,14,Eléctrica,Media,0,2886.07,Sí
OT00287,Asignación de técnico,2026-03-03 08:26:55,Jefe_Mantenimiento,EQ363,Bomba,Planta_A,12,Eléctrica,Alta,0,2627.41,No
OT00292,Solicitud de repuesto,2026-03-03 08:28:37,Tec_01,EQ714,Bomba,Planta_A,12,Mecánica,Alta,0,4033.23,No
OT00289,Solicitud de repuesto,2026-03-03 08:37:45,Tec_03,EQ511,Torno CNC,Planta_A,3,Hidráulica,Baja,2,2977.61,No
OT00287,Solicitud de repuesto,2026-03-03 08:56:56,Tec_01,EQ363,Bomba,Planta_A,12,Eléctrica,Alta,0,2627.41,No
OT00291,Asignación de técnico,2026-03-03 09:02:39,Jefe_Mantenimiento,EQ645,Compresor,Planta_B,18,Eléctrica,Alta,5,2800.0,No
OT00294,Asignación de técnico,2026-03-03 09:03:03,Jefe_Mantenimiento,EQ236,Torno CNC,Planta_A,5,Mecánica,Baja,1,1462.67,No
OT00284,Prueba,2026-03-03 09:07:42,Tec_04,EQ301,Torno CNC,Planta_A,13,Eléctrica,Media,2,755.25,No
OT00265,Prueba,2026-03-03 09:12:59,Tec_05,EQ352,Torno CNC,Planta_A,18,Hidráulica,Media,3,1893.61,No
OT00294,Solicitud de repuesto,2026-03-03 09:33:04,Tec_03,EQ236,Torno CNC,Planta_A,5,Mecánica,Baja,1,1462.67,No
OT00284,Puesta en operación,2026-03-03 09:37:03,Tec_04,EQ301,Torno CNC,Planta_A,13,Eléctrica,Media,2,755.25,No
OT00283,Reparación,2026-03-03 09:46:39,Tec_01,EQ482,Bomba,Planta_A,14,Hidráulica,Baja,1,2655.32,No
OT00225,Nueva reparación,2026-03-03 09:59:57,Tec_04,EQ324,Torno CNC,Planta_A,12,Eléctrica,Media,4,3460.74,No
OT00262,Prueba fallida,2026-03-03 10:05:37,Tec_05,EQ029,Montacargas,Planta_A,4,Mecánica,Baja,0,6025.94,Sí
OT00295,Falla reportada,2026-03-03 10:08:11,Operador_07,EQ614,Bomba,Planta_B,8,Mecánica,Baja,2,1400.0,No
OT00265,Puesta en operación,2026-03-03 10:18:02,Tec_05,EQ352,Torno CNC,Planta_A,18,Hidráulica,Media,3,1893.61,No
OT00283,Prueba fallida,2026-03-03 10:27:24,Tec_01,EQ482,Bomba,Planta_A,14,Hidráulica,Baja,1,2655.32,No
OT00271,Nueva reparación,2026-03-03 11:03:03,Tec_05,EQ453,Torno CNC,Planta_A,1,Eléctrica,Media,1,2800.0,No
OT00276,Reparación,2026-03-03 11:12:23,Tec_06,EQ304,Montacargas,Planta_B,14,Mecánica,Media,1,1801.54,No
OT00225,Prueba,2026-03-03 11:26:59,Tec_04,EQ324,Torno CNC,Planta_A,12,Eléctrica,Media,4,3460.74,No
OT00279,Reparación,2026-03-03 11:41:57,Tec_01,EQ569,Prensa hidráulica,Planta_A,8,Mecánica,Baja,2,1731.64,No
OT00277,Cierre,2026-03-03 12:14:29,Administracion_Mtto,EQ193,Torno CNC,Planta_A,12,Software,Media,7,2204.52,Sí
OT00225,Puesta en operación,2026-03-03 12:37:01,Tec_04,EQ324,Torno CNC,Planta_A,12,Eléctrica,Media,4,3460.74,No
OT00271,Prueba,2026-03-03 12:42:37,Tec_05,EQ453,Torno CNC,Planta_A,1,Eléctrica,Media,1,2800.0,No
OT00279,Prueba,2026-03-03 12:59:22,Tec_01,EQ569,Prensa hidráulica,Planta_A,8,Mecánica,Baja,2,1731.64,No
OT00276,Prueba,2026-03-03 13:01:32,Tec_06,EQ304,Montacargas,Planta_B,14,Mecánica,Media,1,1801.54,No
OT00262,Nueva reparación,2026-03-03 13:02:32,Tec_05,EQ029,Montacargas,Planta_A,4,Mecánica,Baja,0,6025.94,Sí
OT00285,Puesta en operación,2026-03-03 13:25:00,Tec_03,EQ366,Compresor,Planta_A,4,Eléctrica,Media,3,1191.57,No
OT00271,Puesta en operación,2026-03-03 13:46:26,Tec_05,EQ453,Torno CNC,Planta_A,1,Eléctrica,Media,1,2800.0,No
OT00276,Puesta en operación,2026-03-03 14:03:31,Tec_06,EQ304,Montacargas,Planta_B,14,Mecánica,Media,1,1801.54,No
OT00262,Prueba fallida,2026-03-03 14:35:47,Tec_05,EQ029,Montacargas,Planta_A,4,Mecánica,Baja,0,6025.94,Sí
OT00279,Puesta en operación,2026-03-03 14:45:22,Tec_01,EQ569,Prensa hidráulica,Planta_A,8,Mecánica,Baja,2,1731.64,No
OT00283,Nueva reparación,2026-03-03 14:56:10,Tec_01,EQ482,Bomba,Planta_A,14,Hidráulica,Baja,1,2655.32,No
OT00291,Reparación,2026-03-03 14:57:57,Tec_07,EQ645,Compresor,Planta_B,18,Eléctrica,Alta,5,2800.0,No
OT00223,Recepción de repuesto,2026-03-03 15:02:16,Bodega,EQ092,Torno CNC,Planta_A,4,Mecánica,Media,1,2155.74,No
OT00283,Prueba,2026-03-03 16:24:47,Tec_01,EQ482,Bomba,Planta_A,14,Hidráulica,Baja,1,2655.32,No
OT00290,Falla reportada,2026-03-03 16:38:37,Operador_06,EQ490,Torno CNC,Planta_B,18,Eléctrica,Alta,3,3240.07,Sí
OT00293,Falla reportada,2026-03-03 18:23:44,Operador_12,EQ473,Bomba,Planta_A,14,Software,Media,2,685.56,Sí
OT00288,Falla reportada,2026-03-03 21:59:01,Operador_03,EQ734,Bomba,Planta_A,15,Hidráulica,Media,4,628.36,No
OT00301,Falla reportada,2026-03-04 00:10:49,Operador_11,EQ600,Montacargas,Planta_A,17,Software,Alta,3,539.38,Sí
OT00262,Nueva reparación,2026-03-04 07:00:00,Tec_05,EQ029,Montacargas,Planta_A,4,Mecánica,Baja,0,6025.94,Sí
OT00283,Puesta en operación,2026-03-04 07:00:00,Tec_01,EQ482,Bomba,Planta_A,14,Hidráulica,Baja,1,2655.32,No
OT00288,Diagnóstico,2026-03-04 07:00:00,Tec_03,EQ734,Bomba,Planta_A,15,Hidráulica,Media,4,628.36,No
OT00301,Diagnóstico,2026-03-04 07:00:00,Tec_01,EQ600,Montacargas,Planta_A,17,Software,Alta,3,539.38,Sí
OT00223,Reparación,2026-03-04 07:00:00,Tec_03,EQ092,Torno CNC,Planta_A,4,Mecánica,Media,1,2155.74,No
OT00290,Diagnóstico,2026-03-04 07:00:00,Tec_B01,EQ490,Torno CNC,Planta_B,18,Eléctrica,Alta,3,3240.07,Sí
OT00293,Diagnóstico,2026-03-04 07:00:00,Tec_01,EQ473,Bomba,Planta_A,14,Software,Media,2,685.56,Sí
OT00291,Prueba fallida,2026-03-04 07:00:00,Tec_07,EQ645,Compresor,Planta_B,18,Eléctrica,Alta,5,2800.0,No
OT00295,Diagnóstico,2026-03-04 07:29:00,Tec_B01,EQ614,Bomba,Planta_B,8,Mecánica,Baja,2,1400.0,No
OT00301,Asignación de técnico,2026-03-04 07:45:58,Jefe_Mantenimiento,EQ600,Montacargas,Planta_A,17,Software,Alta,3,539.38,Sí
OT00290,Asignación de técnico,2026-03-04 07:49:27,Jefe_Mantenimiento,EQ490,Torno CNC,Planta_B,18,Eléctrica,Alta,3,3240.07,Sí
OT00218,Cierre,2026-03-04 08:00:00,Administracion_Mtto,EQ152,Torno CNC,Planta_A,12,Mecánica,Media,2,2067.51,No
OT00286,Cierre,2026-03-04 08:00:00,Administracion_Mtto,EQ415,Montacargas,Planta_A,3,Eléctrica,Media,1,876.92,No
OT00298,Falla reportada,2026-03-04 08:02:51,Operador_05,EQ053,Compresor,Planta_A,16,Hidráulica,Alta,6,5733.56,No
OT00253,Cierre,2026-03-04 08:03:00,Administracion_Mtto,EQ513,Torno CNC,Planta_A,9,Software,Alta,1,725.24,No
OT00293,Asignación de técnico,2026-03-04 08:05:04,Jefe_Mantenimiento,EQ473,Bomba,Planta_A,14,Software,Media,2,685.56,Sí
OT00288,Asignación de técnico,2026-03-04 08:07:59,Jefe_Mantenimiento,EQ734,Bomba,Planta_A,15,Hidráulica,Media,4,628.36,No
OT00288,Asignación de técnico,2026-03-04 08:07:59,Jefe_Mantenimiento,EQ734,Bomba,Planta_A,15,Hidráulica,Media,4,628.36,No
OT00262,Prueba,2026-03-04 08:15:38,Tec_05,EQ029,Montacargas,Planta_A,4,Mecánica,Baja,0,6025.94,Sí
OT00290,Solicitud de repuesto,2026-03-04 08:19:28,Tec_07,EQ490,Torno CNC,Planta_B,18,Eléctrica,Alta,3,3240.07,Sí
OT00300,Falla reportada,2026-03-04 08:46:07,Operador_04,EQ197,Prensa hidráulica,Planta_A,15,Mecánica,Baja,4,812.87,Sí
OT00295,Asignación de técnico,2026-03-04 08:58:40,Jefe_Mantenimiento,EQ614,Bomba,Planta_B,8,Mecánica,Baja,2,1400.0,No
OT00298,Diagnóstico,2026-03-04 09:04:32,Tec_03,EQ053,Compresor,Planta_A,16,Hidráulica,Alta,6,5733.56,No
OT00262,Puesta en operación,2026-03-04 09:22:06,Tec_05,EQ029,Montacargas,Planta_A,4,Mecánica,Baja,0,6025.94,Sí
OT00293,Reparación,2026-03-04 09:28:33,Tec_03,EQ473,Bomba,Planta_A,14,Software,Media,2,685.56,Sí
OT00223,Prueba,2026-03-04 09:50:42,Tec_03,EQ092,Torno CNC,Planta_A,4,Mecánica,Media,1,2155.74,No
OT00291,Nueva reparación,2026-03-04 10:05:55,Tec_07,EQ645,Compresor,Planta_B,18,Eléctrica,Alta,5,2800.0,No
OT00298,Asignación de técnico,2026-03-04 10:20:55,Jefe_Mantenimiento,EQ053,Compresor,Planta_A,16,Hidráulica,Alta,6,5733.56,No
OT00294,Recepción de repuesto,2026-03-04 10:40:34,Bodega,EQ236,Torno CNC,Planta_A,5,Mecánica,Baja,1,1462.67,No
OT00298,Solicitud de repuesto,2026-03-04 10:50:56,Tec_05,EQ053,Compresor,Planta_A,16,Hidráulica,Alta,6,5733.56,No
OT00300,Diagnóstico,2026-03-04 10:56:29,Tec_05,EQ197,Prensa hidráulica,Planta_A,15,Mecánica,Baja,4,812.87,Sí
OT00223,Puesta en operación,2026-03-04 11:02:57,Tec_03,EQ092,Torno CNC,Planta_A,4,Mecánica,Media,1,2155.74,No
OT00300,Asignación de técnico,2026-03-04 11:17:05,Jefe_Mantenimiento,EQ197,Prensa hidráulica,Planta_A,15,Mecánica,Baja,4,812.87,Sí
OT00301,Reparación,2026-03-04 11:48:15,Tec_02,EQ600,Montacargas,Planta_A,17,Software,Alta,3,539.38,Sí
OT00297,Falla reportada,2026-03-04 12:05:15,Operador_09,EQ200,Montacargas,Planta_B,12,Eléctrica,Media,1,768.73,No
OT00268,Cierre,,Administracion_Mtto,EQ466,Bomba,Planta_A,18,Software,Media,0,1400.0,No
OT00300,Reparación,2026-03-04 12:41:28,Tec_04,EQ197,Prensa hidráulica,Planta_A,15,Mecánica,Baja,4,812.87,Sí
OT00293,Prueba,2026-03-04 12:51:57,Tec_03,EQ473,Bomba,Planta_A,14,Software,Media,2,685.56,Sí
OT00294,Reparación,2026-03-04 13:03:53,Tec_03,EQ236,Torno CNC,Planta_A,5,Mecánica,Baja,1,1462.67,No
OT00288,Reparación,2026-03-04 13:37:06,Tec_02,EQ734,Bomba,Planta_A,15,Hidráulica,Media,4,628.36,No
OT00293,Puesta en operación,2026-03-04 13:58:59,Tec_03,EQ473,Bomba,Planta_A,14,Software,Media,2,685.56,Sí
OT00294,Prueba,2026-03-04 14:02:32,Tec_03,EQ236,Torno CNC,Planta_A,5,Mecánica,Baja,1,1462.67,No
OT00291,Prueba,2026-03-04 14:31:24,Tec_07,EQ645,Compresor,Planta_B,18,Eléctrica,Alta,5,2800.0,No
OT00301,Prueba,2026-03-04 14:39:05,Tec_02,EQ600,Montacargas,Planta_A,17,Software,Alta,3,539.38,Sí
OT00288,Prueba,2026-03-04 15:22:08,Tec_02,EQ734,Bomba,Planta_A,15,Hidráulica,Media,4,628.36,No
OT00294,Puesta en operación,2026-03-04 15:29:05,Tec_03,EQ236,Torno CNC,Planta_A,5,Mecánica,Baja,1,1462.67,No
OT00301,Puesta en operación,2026-03-04 15:35:27,Tec_02,EQ600,Montacargas,Planta_A,17,Software,Alta,3,539.38,Sí
OT00297,Diagnóstico,2026-03-04 15:42:00,Tec_B01,EQ200,Montacargas,Planta_B,12,Eléctrica,Media,1,768.73,No
OT00295,Reparación,2026-03-04 15:46:01,Tec_06,EQ614,Bomba,Planta_B,8,Mecánica,Baja,2,1400.0,No
OT00288,Puesta en operación ,2026-03-04 15:56:12,Tec_02,EQ734,Bomba,Planta_A,15,Hidráulica,Media,4,628.36,No
OT00297,asignación de técnico,2026-03-04 16:20:15,Jefe_Mantenimiento,EQ200,Montacargas,Planta_B,12,Eléctrica,Media,1,768.73,No
OT00257,Cierre,2026-03-04 16:27:15,Administracion_Mtto,EQ533,Torno CNC,Planta_B,16,Hidráulica,Media,1,1617.42,No
OT00287,Recepción de repuesto,2026-03-04 16:50:49,Bodega,EQ363,Bomba,Planta_A,12,Eléctrica,Alta,0,2627.41,No
OT00299,Falla reportada,2026-03-04 18:08:14,Operador_04,EQ606,Torno CNC,Planta_A,11,Software,Alta,0,677.39,Sí
OT00296,Falla reportada,2026-03-04 20:54:47,Operador_06,EQ537,Bomba,Planta_B,16,Eléctrica,Media,1,3216.65,No
OT00297,Reparación,2026-03-05 07:00:00,Tec_07,EQ200,Montacargas,Planta_B,12,Eléctrica,Media,1,768.73,No
OT00291,Puesta en operación,2026-03-05 07:00:00,Tec_07,EQ645,Compresor,Planta_B,18,Eléctrica,Alta,5,2800.0,No
OT00300,Prueba,2026-03-05 07:00:00,Tec_04,EQ197,Prensa hidráulica,Planta_A,15,Mecánica,Baja,4,812.87,Sí
OT00295,Prueba,2026-03-05 07:00:00,Tec_06,EQ614,Bomba,Planta_B,8,Mecánica,Baja,2,1400.0,No
OT00299,Diagnóstico,2026-03-05 07:00:00,Tec_04,EQ606,Torno CNC,Planta_A,11,Software,Alta,0,677.39,Sí
OT00287,Reparación,2026-03-05 07:00:00,Tec_01,EQ363,Bomba,Planta_A,12,Eléctrica,Alta,0,2627.41,No
OT00292,Recepción de repuesto,2026-03-05 07:00:00,Bodega,EQ714,Bomba,Planta_A,12,Mecánica,Alta,0,4033.23,No
OT00296,Diagnóstico,2026-03-05 07:19:00,Tec_B01,EQ537,Bomba,Planta_B,16,Eléctrica,Media,1,3216.65,No
OT00300,Puesta en operación,2026-03-05 07:59:37,Tec_04,EQ197,Prensa hidráulica,Planta_A,15,Mecánica,Baja,4,812.87,Sí
OT00226,Cierre,2026-03-05 08:00:00,Administracion_Mtto,EQ219,Bomba,Planta_A,12,Eléctrica,Alta,2,5600.0,Sí
OT00266,Cierre,2026-03-05 08:00:00,Administracion_Mtto,EQ365,Compresor,Planta_A,10,Mecánica,Media,0,1400.0,No
OT00273,Cierre,2026-03-05 08:04:52,Administracion_Mtto,EQ674,Bomba,Planta_B,11,Software,Alta,0,1400.0,No
OT00243,Cierre,2026-03-05 08:08:00,Administracion_Mtto,EQ563,Prensa hidráulica,Planta_A,5,Hidráulica,Baja,0,2658.36,Sí
OT00296,Asignación de técnico,2026-03-05 08:17:53,Jefe_Mantenimiento,EQ537,Bomba,Planta_B,16,Eléctrica,Media,1,3216.65,No
OT00216,Cierre,2026-03-05 08:23:00,Administracion_Mtto,EQ662,Torno CNC,Planta_A,8,Hidráulica,Media,1,1739.07,No
OT00225,Cierre,2026-03-05 08:24:00,Administracion_Mtto,EQ324,Torno CNC,Planta_A,12,Eléctrica,Media,4,3460.74,No
OT00295,Puesta en operación,2026-03-05 08:26:12,Tec_06,EQ614,Bomba,Planta_B,8,Mecánica,Baja,2,1400.0,No
OT00295,Puesta en operación,2026-03-05 08:26:12,Tec_06,EQ614,Bomba,Planta_B,8,Mecánica,Baja,2,1400.0,No
OT00302,Falla reportada,2026-03-05 08:37:01,Operador_10,EQ467,Montacargas,Planta_B,18,Software,Baja,4,1100.99,No
OT00296,Solicitud de repuesto,2026-03-05 08:47:54,Tec_07,EQ537,Bomba,Planta_B,16,Eléctrica,Media,1,3216.65,No
OT00292,Reparación,2026-03-05 08:49:00,Tec_01,EQ714,Bomba,Planta_A,12,Mecánica,Alta,0,4033.23,No
OT00287,Prueba,2026-03-05 09:17:38,Tec_01,EQ363,Bomba,Planta_A,12,Eléctrica,Alta,0,2627.41,No
OT00299,Asignación de técnico,2026-03-05 09:18:38,Jefe_Mantenimiento,EQ606,Torno CNC,Planta_A,11,Software,Alta,0,677.39,Sí
OT00297,Prueba,2026-03-05 09:26:49,Tec_07,EQ200,Montacargas,Planta_B,12,Eléctrica,Media,1,768.73,No
OT00287,Puesta en operación,2026-03-05 09:47:22,Tec_01,EQ363,Bomba,Planta_A,12,Eléctrica,Alta,0,2627.41,No
OT00297,Puesta en operación,2026-03-05 10:03:04,Tec_07,EQ200,Montacargas,Planta_B,12,Eléctrica,Media,1,768.73,No
OT00272,Cierre,2026-03-05 10:07:17,Administracion_Mtto,EQ047,Compresor,Planta_A,14,Mecánica,Media,3,1400.0,Sí
OT00299,Reparación,2026-03-05 11:08:20,Tec_01,EQ606,Torno CNC,Planta_A,11,Software,Alta,0,677.39,Sí
OT00292,Prueba fallida,2026-03-05 11:22:37,Tec_01,EQ714,Bomba,Planta_A,12,Mecánica,Alta,0,4033.23,No
OT00299,Prueba,2026-03-05 11:57:22,Tec_01,EQ606,Torno CNC,Planta_A,11,Software,Alta,0,677.39,Sí
OT00299,Puesta en operación,2026-03-05 13:29:28,Tec_01,EQ606,Torno CNC,Planta_A,11,Software,Alta,0,677.39,Sí
OT00304,Falla reportada,2026-03-05 13:29:39,Operador_04,EQ396,Bomba,Planta_B,16,Software,Baja,1,2800.0,No
OT00292,Nueva reparación,2026-03-05 13:42:52,Tec_01,EQ714,Bomba,Planta_A,12,Mecánica,Alta,0,4033.23,No
OT00263,Cierre,2026-03-05 14:27:58,Administracion_Mtto,EQ727,Torno CNC,Planta_B,11,Mecánica,Media,1,1400.0,Sí
OT00292,Prueba,2026-03-05 14:32:51,Tec_01,EQ714,Bomba,Planta_A,12,Mecánica,Alta,0,4033.23,No
OT00292,Puesta en operación,2026-03-05 15:35:35,Tec_01,EQ714,Bomba,Planta_A,12,Mecánica,Alta,0,4033.23,No
OT00284,Cierre,2026-03-05 16:20:08,Administracion_Mtto,EQ301,Torno CNC,Planta_A,13,Eléctrica,Media,2,755.25,No
OT00303,Falla reportada,2026-03-05 17:59:59,Operador_07,EQ750,Compresor,Planta_A,16,Hidráulica,Alta,1,2775.72,No
OT00307,Falla reportada,2026-03-06 02:45:15,Operador_01,EQ145,Compresor,Planta_A,8,Mecánica,Baja,0,449.17,Sí
OT00304,Diagnóstico,2026-03-06 07:00:00,Tec_B01,EQ396,Bomba,Planta_B,16,Software,Baja,1,2800.0,No
OT00302,Diagnóstico,2026-03-06 07:00:00,Tec_B01,EQ467,Montacargas,Planta_B,18,Software,Baja,4,1100.99,No
OT00303,Diagnóstico,2026-03-06 07:00:00,Tec_03,EQ750,Compresor,Planta_A,16,Hidráulica,Alta,1,2775.72,No
OT00307,Diagnóstico,2026-03-06 07:25:00,Tec_04,EQ145,Compresor,Planta_A,8,Mecánica,Baja,0,449.17,Sí
OT00302,Asignación de técnico,2026-03-06 07:31:01,Jefe_Mantenimiento,EQ467,Montacargas,Planta_B,18,Software,Baja,4,1100.99,No
OT00303,Asignación de técnico,2026-03-06 07:31:06,Jefe_Mantenimiento,EQ750,Compresor,Planta_A,16,Hidráulica,Alta,1,2775.72,No
OT00174,Cierre,2026-03-06 08:00:00,Administracion_Mtto,EQ138,Compresor,Planta_A,17,Software,Baja,1,3662.81,Sí
OT00303,Solicitud de repuesto,2026-03-06 08:01:07,Tec_02,EQ750,Compresor,Planta_A,16,Hidráulica,Alta,1,2775.72,No
OT00265,Cierre,2026-03-06 08:12:00,Administracion_Mtto,EQ352,Torno CNC,Planta_A,18,Hidráulica,Media,3,1893.61,No
OT00304,Asignación de técnico,2026-03-06 08:16:58,Jefe_Mantenimiento,EQ396,Bomba,Planta_B,16,Software,Baja,1,2800.0,No
OT00294,Cierre,2026-03-06 08:20:00,Administracion_Mtto,EQ236,Torno CNC,Planta_A,5,Mecánica,Baja,1,1462.67,No
OT00258,Cierre,2026-03-06 08:26:00,Administracion_Mtto,EQ581,Compresor,Planta_A,14,Eléctrica,Media,0,2886.07,Sí
OT00200,Cierre,2026-03-06 08:26:00,Administracion_Mtto,EQ399,Bomba,Planta_A,4,Hidráulica,Alta,0,3082.48,No
OT00285,Cierre,2026-03-06 08:27:00,Administracion_Mtto,EQ366,Compresor,Planta_A,4,Eléctrica,Media,3,1191.57,No
OT00264,Cierre,2026-03-06 08:33:00,Administracion_Mtto,EQ641,Montacargas,Planta_A,18,Software,Alta,5,1400.0,No
OT00305,Falla reportada,2026-03-06 09:03:40,Operador_06,EQ639,Torno CNC,Planta_A,11,Eléctrica,Media,1,3463.37,No
OT00307,Asignación de técnico,2026-03-06 09:10:44,Jefe_Mantenimiento,EQ145,Compresor,Planta_A,8,Mecánica,Baja,0,449.17,Sí
OT00278,Cierre,2026-03-06 10:40:19,Administracion_Mtto,EQ603,Torno CNC,Planta_A,7,Eléctrica,Media,1,1258.39,No
OT00304,Reparación,2026-03-06 11:28:45,Tec_07,EQ396,Bomba,Planta_B,16,Software,Baja,1,2800.0,No
OT00302,Reparación,2026-03-06 11:45:13,Tec_07,EQ467,Montacargas,Planta_B,18,Software,Baja,4,1100.99,No
OT00305,Diagnóstico,2026-03-06 12:10:22,Tec_04,EQ639,Torno CNC,Planta_A,11,Eléctrica,Media,1,3463.37,No
OT00302,Prueba,2026-03-06 13:17:26,Tec_07,EQ467,Montacargas,Planta_B,18,Software,Baja,4,1100.99,No
OT00305,Asignación de técnico,2026-03-06 13:20:32,Jefe_Mantenimiento,EQ639,Torno CNC,Planta_A,11,Eléctrica,Media,1,3463.37,No
OT00307,Reparación,2026-03-06 13:32:09,Tec_05,EQ145,Compresor,Planta_A,8,Mecánica,Baja,0,449.17,Sí
OT00305,Solicitud de repuesto,2026-03-06 13:50:33,Tec_05,EQ639,Torno CNC,Planta_A,11,Eléctrica,Media,1,3463.37,No
OT00304,Prueba fallida,2026-03-06 14:18:45,Tec_07,EQ396,Bomba,Planta_B,16,Software,Baja,1,2800.0,No
OT00307,Prueba,2026-03-06 14:36:48,Tec_05,EQ145,Compresor,Planta_A,8,Mecánica,Baja,0,449.17,Sí
OT00306,Falla reportada,2026-03-06 15:19:20,Operador_06,EQ219,Bomba,Planta_A,12,Hidráulica,Media,3,1400.0,Sí
OT00307,Puesta en operación,2026-03-06 15:35:16,Tec_05,EQ145,Compresor,Planta_A,8,Mecánica,Baja,0,449.17,Sí
OT00279,Cierre,2026-03-06 15:56:22,Administracion_Mtto,EQ569,Prensa hidráulica,Planta_A,8,Mecánica,Baja,2,1731.64,No
OT00302,Puesta en operación,2026-03-06 16:04:25,Tec_07,EQ467,Montacargas,Planta_B,18,Software,Baja,4,1100.99,No
OT00308,Falla reportada,2026-03-06 18:52:59,Operador_10,EQ629,Prensa hidráulica,Planta_B,4,Eléctrica,Alta,1,1591.04,No
OT00311,Falla reportada,2026-03-07 00:14:40,Operador_11,EQ712,Compresor,Planta_A,9,Mecánica,Media,2,1400.0,No
OT00309,Falla reportada,2026-03-07 04:29:45,Operador_12,EQ490,Torno CNC,Planta_B,18,Software,Media,4,2800.0,No
OT00312,Falla reportada,2026-03-07 13:04:48,Operador_06,EQ472,Torno CNC,Planta_A,7,Mecánica,Alta,0,2110.67,No
OT00310,Falla reportada,2026-03-07 17:48:40,Operador_07,EQ086,Prensa hidráulica,Planta_B,10,Eléctrica,Alta,2,3399.96,No
OT00313,Falla reportada,2026-03-07 22:50:39,Operador_05,EQ122,Bomba,Planta_A,15,Eléctrica,Media,2,2800.0,Sí
OT00317,Falla reportada,2026-03-08 04:00:33,Operador_01,EQ607,Bomba,Planta_A,7,Hidráulica,Media,0,1133.86,No
OT00316,Falla reportada,2026-03-08 16:32:08,Operador_09,EQ243,Torno CNC,Planta_A,13,Mecánica,Media,3,2800.0,Sí
OT00316,Falla reportada,2026-03-08 16:32:08,Operador_09,EQ243,Torno CNC,Planta_A,13,Mecánica,Media,3,2800.0,Sí
OT00314,Falla reportada,2026-03-08 19:50:09,Operador_01,EQ361,Prensa hidráulica,Planta_A,2,Hidráulica,Media,0,1253.99,No
OT00315,Falla reportada,2026-03-08 22:39:25,Operador_10,EQ244,Torno CNC,Planta_B,18,Eléctrica,Alta,0,4200.0,Sí
OT00309,Diagnóstico,2026-03-09 07:00:00,Tec_B01,EQ490,Torno CNC,Planta_B,18,Software,Media,4,2800.0,No
OT00317,Diagnóstico,2026-03-09 07:00:00,Tec_05,EQ607,Bomba,Planta_A,7,Hidráulica,Media,0,1133.86,No
OT00312,Diagnóstico,2026-03-09 07:00:00,Tec_02,EQ472,Torno CNC,Planta_A,7,Mecánica,Alta,0,2110.67,No
OT00314,Diagnóstico,2026-03-09 07:00:00,Tec_01,EQ361,Prensa hidráulica,Planta_A,2,Hidráulica,Media,0,1253.99,No
OT00313,Diagnóstico,2026-03-09 07:00:00,Tec_05,EQ122,Bomba,Planta_A,15,Eléctrica,Media,2,2800.0,Sí
OT00304,Nueva reparación,2026-03-09 07:00:00,Tec_07,EQ396,Bomba,Planta_B,16,Software,Baja,1,2800.0,No
OT00310,Diagnóstico,2026-03-09 07:00:00,Tec_B01,EQ086,Prensa hidráulica,Planta_B,10,Eléctrica,Alta,2,3399.96,No
OT00306,Diagnóstico,2026-03-09 07:00:00,Tec_01,EQ219,Bomba,Planta_A,12,Hidráulica,Media,3,1400.0,Sí
OT00303,Recepción de repuesto,2026-03-09 07:00:00,Bodega,EQ750,Compresor,Planta_A,16,Hidráulica,Alta,1,2775.72,No
OT00308,Diagnóstico,2026-03-09 07:00:00,Tec_B01,EQ629,Prensa hidráulica,Planta_B,4,Eléctrica,Alta,1,1591.04,No
OT00296,Recepción de repuesto,2026-03-09 07:00:00,Bodega,EQ537,Bomba,Planta_B,16,Eléctrica,Media,1,3216.65,No
OT00270,Recepción de repuesto,2026-03-09 07:00:00,Bodega,EQ080,Prensa hidráulica,Planta_A,5,Hidráulica,Media,1,2352.73,No
OT00311,Diagnóstico,2026-03-09 07:00:00,Tec_03,EQ712,Compresor,Planta_A,9,Mecánica,Media,2,1400.0,No
OT00316,Diagnóstico,2026-03-09 07:00:00,Tec_02,EQ243,Torno CNC,Planta_A,13,Mecánica,Media,3,2800.0,Sí
OT00256,Recepción de repuesto,2026-03-09 07:09:00,Bodega,EQ124,Prensa hidráulica,Planta_A,18,Eléctrica,Media,1,2584.3,Sí
OT00311,Asignación de técnico,2026-03-09 07:32:11,Jefe_Mantenimiento,EQ712,Compresor,Planta_A,9,Mecánica,Media,2,1400.0,No
OT00317,Asignación de técnico,2026-03-09 07:41:04,Jefe_Mantenimiento,EQ607,Bomba,Planta_A,7,Hidráulica,Media,0,1133.86,No
OT00310,Asignación de técnico,2026-03-09 07:43:08,Jefe_Mantenimiento,EQ086,Prensa hidráulica,Planta_B,10,Eléctrica,Alta,2,3399.96,No
OT00262,Cierre,2026-03-09 08:00:00,Administracion_Mtto,EQ029,Montacargas,Planta_A,4,Mecánica,Baja,0,6025.94,Sí
OT00283,Cierre,2026-03-09 08:00:00,Administracion_Mtto,EQ482,Bomba,Planta_A,14,Hidráulica,Baja,1,2655.32,No
OT00307,Cierre,2026-03-09 08:00:00,Administracion_Mtto,EQ145,Compresor,Planta_A,8,Mecánica,Baja,0,449.17,Sí
OT00288,Cierre,2026-03-09 08:00:00,Administracion_Mtto,EQ734,Bomba,Planta_A,15,Hidráulica,Media,4,628.36,No
OT00293,Cierre,2026-03-09 08:00:00,Administracion_Mtto,EQ473,Bomba,Planta_A,14,Software,Media,2,685.56,Sí
OT00302,Cierre,2026-03-09 08:00:00,Administracion_Mtto,EQ467,Montacargas,Planta_B,18,Software,Baja,4,1100.99,No
OT00297,Cierre,2026-03-09 08:00:00,Administracion_Mtto,EQ200,Montacargas,Planta_B,12,Eléctrica,Media,1,768.73,No
OT00299,Cierre,2026-03-09 08:00:00,Administracion_Mtto,EQ606,Torno CNC,Planta_A,11,Software,Alta,0,677.39,Sí
OT00295,Cierre,2026-03-09 08:00:00,Administracion_Mtto,EQ614,Bomba,Planta_B,8,Mecánica,Baja,2,1400.0,No
OT00276,Cierre,2026-03-09 08:00:00,Administracion_Mtto,EQ304,Montacargas,Planta_B,14,Mecánica,Media,1,1801.54,No
OT00292,Cierre,2026-03-09 08:00:00,Administracion_Mtto,EQ714,Bomba,Planta_A,12,Mecánica,Alta,0,4033.23,No
OT00291,Cierre,2026-03-09 08:00:00,Administracion_Mtto,EQ645,Compresor,Planta_B,18,Eléctrica,Alta,5,2800.0,No
OT00313,Asignación de técnico,2026-03-09 08:05:02,Jefe_Mantenimiento,EQ122,Bomba,Planta_A,15,Eléctrica,Media,2,2800.0,Sí
OT00271,Cierre,2026-03-09 08:08:00,Administracion_Mtto,EQ453,Torno CNC,Planta_A,1,Eléctrica,Media,1,2800.0,No
OT00310,Solicitud de repuesto,2026-03-09 08:13:09,Tec_06,EQ086,Prensa hidráulica,Planta_B,10,Eléctrica,Alta,2,3399.96,No
OT00316,Asignación de técnico,2026-03-09 08:14:41,Jefe_Mantenimiento,EQ243,Torno CNC,Planta_A,13,Mecánica,Media,3,2800.0,Sí
OT00312,Asignación de técnico,2026-03-09 08:20:58,Jefe_Mantenimiento,EQ472,Torno CNC,Planta_A,7,Mecánica,Alta,0,2110.67,No
OT00306,Asignación de técnico,2026-03-09 08:25:43,Jefe_Mantenimiento,EQ219,Bomba,Planta_A,12,Hidráulica,Media,3,1400.0,Sí
OT00309,Asignación de técnico,2026-03-09 08:27:13,Jefe_Mantenimiento,EQ490,Torno CNC,Planta_B,18,Software,Media,4,2800.0,No
OT00308,Asignación de técnico,2026-03-09 08:38:51,Jefe_Mantenimiento,EQ629,Prensa hidráulica,Planta_B,4,Eléctrica,Alta,1,1591.04,No
OT00303,Reparación,2026-03-09 08:49:30,Tec_02,EQ750,Compresor,Planta_A,16,Hidráulica,Alta,1,2775.72,No
OT00312,Solicitud de repuesto,2026-03-09 08:50:59,Tec_03,EQ472,Torno CNC,Planta_A,7,Mecánica,Alta,0,2110.67,No
OT00270,Reparación,2026-03-09 08:53:40,Tec_05,EQ080,Prensa hidráulica,Planta_A,5,Hidráulica,Media,1,2352.73,No
OT00311,Reparación,2026-03-09 09:02:57,Tec_02,EQ712,Compresor,Planta_A,9,Mecánica,Media,2,1400.0,No
OT00308,Solicitud de repuesto,2026-03-09 09:08:52,Tec_07,EQ629,Prensa hidráulica,Planta_B,4,Eléctrica,Alta,1,1591.04,No
OT00281,Cierre,2026-03-09 09:19:14,Administracion_Mtto,EQ328,Bomba,Planta_A,15,Mecánica,Media,2,389.33,No
OT00296,Reparación,2026-03-09 09:20:33,Tec_07,EQ537,Bomba,Planta_B,16,Eléctrica,Media,1,3216.65,No
OT00303,Prueba,2026-03-09 09:21:08,Tec_02,EQ750,Compresor,Planta_A,16,Hidráulica,Alta,1,2775.72,No
OT00313,Reparación,2026-03-09 09:23:33,Tec_02,EQ122,Bomba,Planta_A,15,Eléctrica,Media,2,2800.0,Sí
OT00306,Reparación,2026-03-09 09:25:26,Tec_03,EQ219,Bomba,Planta_A,12,Hidráulica,Media,3,1400.0,Sí
OT00314,Asignación de técnico,2026-03-09 09:41:34,Jefe_Mantenimiento,EQ361,Prensa hidráulica,Planta_A,2,Hidráulica,Media,0,1253.99,No
OT00317,Reparación,2026-03-09 09:47:32,Tec_03,EQ607,Bomba,Planta_A,7,Hidráulica,Media,0,1133.86,No
OT00303,Puesta en operación,2026-03-09 09:49:51,Tec_02,EQ750,Compresor,Planta_A,16,Hidráulica,Alta,1,2775.72,No
OT00270,Prueba,2026-03-09 10:18:51,Tec_05,EQ080,Prensa hidráulica,Planta_A,5,Hidráulica,Media,1,2352.73,No
OT00304,Prueba,2026-03-09 10:30:46,Tec_07,EQ396,Bomba,Planta_B,16,Software,Baja,1,2800.0,No
OT00306,Prueba,2026-03-09 10:46:17,Tec_03,EQ219,Bomba,Planta_A,12,Hidráulica,Media,3,1400.0,Sí
OT00296,Prueba fallida,2026-03-09 10:48:11,Tec_07,EQ537,Bomba,Planta_B,16,Eléctrica,Media,1,3216.65,No
OT00309,Reparación,2026-03-09 10:49:02,Tec_06,EQ490,Torno CNC,Planta_B,18,Software,Media,4,2800.0,No
OT00313,Prueba fallida,2026-03-09 10:53:09,Tec_02,EQ122,Bomba,Planta_A,15,Eléctrica,Media,2,2800.0,Sí
OT00270,Puesta en operación,2026-03-09 10:54:34,Tec_05,EQ080,Prensa hidráulica,Planta_A,5,Hidráulica,Media,1,2352.73,No
OT00304,Puesta en operación,2026-03-09 11:00:08,Tec_07,EQ396,Bomba,Planta_B,16,Software,Baja,1,2800.0,No
OT00315,Diagnóstico,2026-03-09 11:19:47,Tec_B01,EQ244,Torno CNC,Planta_B,18,Eléctrica,Alta,0,4200.0,Sí
OT00311,Prueba,2026-03-09 11:20:09,Tec_02,EQ712,Compresor,Planta_A,9,Mecánica,Media,2,1400.0,No
OT00317,Prueba,2026-03-09 11:48:13,Tec_03,EQ607,Bomba,Planta_A,7,Hidráulica,Media,0,1133.86,No
OT00306,Puesta en operación,2026-03-09 11:59:30,Tec_03,EQ219,Bomba,Planta_A,12,Hidráulica,Media,3,1400.0,Sí
OT00311,Puesta en operación,2026-03-09 12:17:48,Tec_02,EQ712,Compresor,Planta_A,9,Mecánica,Media,2,1400.0,No
OT00316,Reparación,2026-03-09 12:21:57,Tec_04,EQ243,Torno CNC,Planta_A,13,Mecánica,Media,3,2800.0,Sí
OT00317,Puesta en operación,2026-03-09 12:24:18,Tec_03,EQ607,Bomba,Planta_A,7,Hidráulica,Media,0,1133.86,No
OT00315,Asignación de técnico,2026-03-09 12:51:37,Jefe_Mantenimiento,EQ244,Torno CNC,Planta_B,18,Eléctrica,Alta,0,4200.0,Sí
OT00314,Reparación,2026-03-09 13:13:12,Tec_02,EQ361,Prensa hidráulica,Planta_A,2,Hidráulica,Media,0,1253.99,No
OT00256,Reparación,2026-03-09 13:13:20,Tec_03,EQ124,Prensa hidráulica,Planta_A,18,Eléctrica,Media,1,2584.3,Sí
OT00320,Falla reportada,2026-03-09 13:39:00,Operador_09,EQ088,Torno CNC,Planta_A,12,Mecánica,Media,1,2800.0,Sí
OT00315,Reparación,2026-03-09 13:58:20,Tec_06,EQ244,Torno CNC,Planta_B,18,Eléctrica,Alta,0,4200.0,Sí
OT00316,Prueba fallida,2026-03-09 14:14:57,Tec_04,EQ243,Torno CNC,Planta_A,13,Mecánica,Media,3,2800.0,Sí
OT00309,Prueba fallida,2026-03-09 14:21:41,Tec_06,EQ490,Torno CNC,Planta_B,18,Software,Media,4,2800.0,No
OT00320,Diagnóstico,2026-03-09 15:03:29,Tec_01,EQ088,Torno CNC,Planta_A,12,Mecánica,Media,1,2800.0,Sí
OT00256,Prueba,2026-03-09 15:57:32,Tec_03,EQ124,Prensa hidráulica,Planta_A,18,Eléctrica,Media,1,2584.3,Sí
OT00315,Prueba fallida,2026-03-09 16:12:38,Tec_06,EQ244,Torno CNC,Planta_B,18,Eléctrica,Alta,0,4200.0,Sí
OT00256,Puesta en operación,2026-03-09 16:38:53,Tec_03,EQ124,Prensa hidráulica,Planta_A,18,Eléctrica,Media,1,2584.3,Sí
OT00313,Nueva reparación,2026-03-09 16:43:16,Tec_02,EQ122,Bomba,Planta_A,15,Eléctrica,Media,2,2800.0,Sí
OT00320,Asignación de técnico,2026-03-09 16:51:13,Jefe_Mantenimiento,EQ088,Torno CNC,Planta_A,12,Mecánica,Media,1,2800.0,Sí
OT00321,Falla reportada,2026-03-09 17:03:35,Operador_02,EQ595,Compresor,Planta_A,14,Hidráulica,Baja,4,4301.71,No
OT00319,Falla reportada,2026-03-09 20:40:17,Operador_06,EQ495,Torno CNC,Planta_A,5,Mecánica,Alta,0,3100.13,No
OT00318,Falla reportada,2026-03-09 23:54:05,Operador_12,EQ523,Torno CNC,Planta_B,15,Eléctrica,Media,0,6819.16,Sí
OT00327,Falla reportada,2026-03-10 05:08:35,Operador_05,EQ474,Compresor,Planta_B,8,Eléctrica,Media,1,2027.68,No
OT00274,Recepción de repuesto,2026-03-10 07:00:00,Bodega,EQ305,Torno CNC,Planta_A,16,Hidráulica,Media,2,3818.35,Sí
OT00298,Recepción de repuesto,2026-03-10 07:00:00,Bodega,EQ053,Compresor,Planta_A,16,Hidráulica,Alta,6,5733.56,No
OT00314,Prueba,2026-03-10 07:00:00,Tec_02,EQ361,Prensa hidráulica,Planta_A,2,Hidráulica,Media,0,1253.99,No
OT00316,Nueva reparación,2026-03-10 07:00:00,Tec_04,EQ243,Torno CNC,Planta_A,13,Mecánica,Media,3,2800.0,Sí
OT00319,Diagnóstico,2026-03-10 07:00:00,Tec_03,EQ495,Torno CNC,Planta_A,5,Mecánica,Alta,0,3100.13,No
OT00309,Nueva reparación,2026-03-10 07:00:00,Tec_06,EQ490,Torno CNC,Planta_B,18,Software,Media,4,2800.0,No
OT00320,Reparación,2026-03-10 07:00:00,Tec_02,EQ088,Torno CNC,Planta_A,12,Mecánica,Media,1,2800.0,Sí
OT00296,Nueva reparación,2026-03-10 07:00:00,Tec_07,EQ537,Bomba,Planta_B,16,Eléctrica,Media,1,3216.65,No
OT00315,Nueva reparación,2026-03-10 07:00:00,Tec_06,EQ244,Torno CNC,Planta_B,18,Eléctrica,Alta,0,4200.0,Sí
OT00321,Diagnóstico,2026-03-10 07:00:00,Tec_03,EQ595,Compresor,Planta_A,14,Hidráulica,Baja,4,4301.71,No
OT00313,Prueba,2026-03-10 07:00:00,Tec_02,EQ122,Bomba,Planta_A,15,Eléctrica,Media,2,2800.0,Sí
OT00313,Puesta en operación,2026-03-10 07:30:58,Tec_02,EQ122,Bomba,Planta_A,15,Eléctrica,Media,2,2800.0,Sí
OT00321,Asignación de técnico,2026-03-10 07:34:57,Jefe_Mantenimiento,EQ595,Compresor,Planta_A,14,Hidráulica,Baja,4,4301.71,No
OT00309,Prueba,2026-03-10 07:35:36,Tec_06,EQ490,Torno CNC,Planta_B,18,Software,Media,4,2800.0,No
OT00314,Puesta en operación,2026-03-10 07:39:51,Tec_02,EQ361,Prensa hidráulica,Planta_A,2,Hidráulica,Media,0,1253.99,No
OT00319,Asignación de técnico,2026-03-10 07:49:27,Jefe_Mantenimiento,EQ495,Torno CNC,Planta_A,5,Mecánica,Alta,0,3100.13,No
OT00223,Cierre,2026-03-10 08:00:00,Administracion_Mtto,EQ092,Torno CNC,Planta_A,4,Mecánica,Media,1,2155.74,No
OT00321,Solicitud de repuesto,2026-03-10 08:04:58,Tec_02,EQ595,Compresor,Planta_A,14,Hidráulica,Baja,4,4301.71,No
OT00319,Solicitud de repuesto,2026-03-10 08:19:28,Tec_02,EQ495,Torno CNC,Planta_A,5,Mecánica,Alta,0,3100.13,No
OT00298,Reparación,2026-03-10 08:39:27,Tec_05,EQ053,Compresor,Planta_A,16,Hidráulica,Alta,6,5733.56,No
OT00316,Prueba,2026-03-10 08:51:42,Tec_04,EQ243,Torno CNC,Planta_A,13,Mecánica,Media,3,2800.0,Sí
OT00309,Puesta en operación,2026-03-10 08:53:59,Tec_06,EQ490,Torno CNC,Planta_B,18,Software,Media,4,2800.0,No
OT00296,Prueba,2026-03-10 09:54:48,Tec_07,EQ537,Bomba,Planta_B,16,Eléctrica,Media,1,3216.65,No
OT00318,Diagnóstico,2026-03-10 10:08:42,Tec_B01,EQ523,Torno CNC,Planta_B,15,Eléctrica,Media,0,6819.16,Sí
OT00325,Falla reportada,2026-03-10 10:10:54,Operador_05,EQ029,Montacargas,Planta_A,4,Software,Media,1,753.67,No
OT00320,Prueba fallida,2026-03-10 10:11:01,Tec_02,EQ088,Torno CNC,Planta_A,12,Mecánica,Media,1,2800.0,Sí
OT00315,Prueba fallida,2026-03-10 10:19:06,Tec_06,EQ244,Torno CNC,Planta_B,18,Eléctrica,Alta,0,4200.0,Sí
OT00296,Puesta en operación,2026-03-10 10:44:13,Tec_07,EQ537,Bomba,Planta_B,16,Eléctrica,Media,1,3216.65,No
OT00316,Puesta en operación,2026-03-10 10:44:30,Tec_04,EQ243,Torno CNC,Planta_A,13,Mecánica,Media,3,2800.0,Sí
OT00274,Reparación,2026-03-10 11:06:48,Tec_03,EQ305,Torno CNC,Planta_A,16,Hidráulica,Media,2,3818.35,Sí
OT00318,Asignación de técnico,2026-03-10 11:19:07,Jefe_Mantenimiento,EQ523,Torno CNC,Planta_B,15,Eléctrica,Media,0,6819.16,Sí
OT00318,Solicitud de repuesto,2026-03-10 11:49:08,Tec_06,EQ523,Torno CNC,Planta_B,15,Eléctrica,Media,0,6819.16,Sí
OT00274,Prueba fallida,2026-03-10 12:04:04,Tec_03,EQ305,Torno CNC,Planta_A,16,Hidráulica,Media,2,3818.35,Sí
OT00298,Prueba fallida,2026-03-10 12:53:28,Tec_05,EQ053,Compresor,Planta_A,16,Hidráulica,Alta,6,5733.56,No
OT00325,Diagnóstico,2026-03-10 13:05:01,Tec_01,EQ029,Montacargas,Planta_A,4,Software,Media,1,753.67,No
OT00325,Asignación de técnico,2026-03-10 13:39:20,Jefe_Mantenimiento,EQ029,Montacargas,Planta_A,4,Software,Media,1,753.67,No
OT00315,Nueva reparación,2026-03-10 14:28:38,Tec_06,EQ244,Torno CNC,Planta_B,18,Eléctrica,Alta,0,4200.0,Sí
OT00327,Diagnóstico,2026-03-10 15:10:58,Tec_B01,EQ474,Compresor,Planta_B,8,Eléctrica,Media,1,2027.68,No
OT00325,Reparación,2026-03-10 15:45:34,Tec_04,EQ029,Montacargas,Planta_A,4,Software,Media,1,753.67,No
OT00327,Asignación de técnico,2026-03-10 15:59:46,Jefe_Mantenimiento,EQ474,Compresor,Planta_B,8,Eléctrica,Media,1,2027.68,No
OT00327,Solicitud de repuesto,2026-03-10 16:29:47,Tec_07,EQ474,Compresor,Planta_B,8,Eléctrica,Media,1,2027.68,No
OT00326,Falla reportada,2026-03-10 17:08:57,Operador_12,EQ206,Bomba,Planta_A,13,Hidráulica,Alta,2,2288.36,Sí
OT00323,Falla reportada,2026-03-10 17:39:27,Operador_01,EQ280,Compresor,Planta_A,18,Eléctrica,Alta,2,791.93,Sí
OT00324,Falla reportada,2026-03-10 19:25:24,Operador_05,EQ612,Compresor,Planta_A,18,Eléctrica,Alta,3,3921.02,No
OT00322,Falla reportada,2026-03-10 19:44:55,Operador_05,EQ138,Compresor,Planta_A,17,Mecánica,Media,2,5708.41,No
OT00332,Falla reportada,2026-03-11 02:25:26,Operador_02,EQ177,Torno CNC,Planta_B,5,Eléctrica,Baja,0,1344.6,No
OT00329,Falla reportada,2026-03-11 05:33:57,Operador_01,EQ204,Prensa hidráulica,Planta_B,12,Hidráulica,Alta,2,1465.52,No
OT00330,Falla reportada,2026-03-11 06:45:08,Operador_01,EQ131,Torno CNC,Planta_A,11,Eléctrica,Media,1,332.29,Sí
OT00331,Falla reportada,2026-03-11 06:45:34,Operador_08,EQ344,Compresor,Planta_A,6,Mecánica,Baja,1,1085.47,No
OT00325,Prueba,2026-03-11 07:00:00,Tec_04,EQ029,Montacargas,Planta_A,4,Software,Media,1,753.67,No
OT00324,Diagnóstico,2026-03-11 07:00:00,Tec_04,EQ612,Compresor,Planta_A,18,Eléctrica,Alta,3,3921.02,No
OT00298,Nueva reparación,2026-03-11 07:00:00,Tec_05,EQ053,Compresor,Planta_A,16,Hidráulica,Alta,6,5733.56,No
OT00274,Nueva reparación,2026-03-11 07:00:00,Tec_03,EQ305,Torno CNC,Planta_A,16,Hidráulica,Media,2,3818.35,Sí
OT00315,Prueba,2026-03-11 07:00:00,Tec_06,EQ244,Torno CNC,Planta_B,18,Eléctrica,Alta,0,4200.0,Sí
OT00323,Diagnóstico,2026-03-11 07:00:00,Tec_02,EQ280,Compresor,Planta_A,18,Eléctrica,Alta,2,791.93,Sí
OT00320,Nueva reparación,2026-03-11 07:00:00,Tec_02,EQ088,Torno CNC,Planta_A,12,Mecánica,Media,1,2800.0,Sí
OT00322,Diagnóstico,2026-03-11 07:00:00,Tec_03,EQ138,Compresor,Planta_A,17,Mecánica,Media,2,5708.41,No
OT00326,Diagnóstico,2026-03-11 07:00:00,Tec_05,EQ206,Bomba,Planta_A,13,Hidráulica,Alta,2,2288.36,Sí
OT00321,Recepción de repuesto,2026-03-11 07:20:00,Bodega,EQ595,Compresor,Planta_A,14,Hidráulica,Baja,4,4301.71,No
OT00329,Diagnóstico,2026-03-11 07:24:00,Tec_B01,EQ204,Prensa hidráulica,Planta_B,12,Hidráulica,Alta,2,1465.52,No
OT00327,Recepción de repuesto,2026-03-11 07:28:00,Bodega,EQ474,Compresor,Planta_B,8,Eléctrica,Media,1,2027.68,No
OT00326,Asignación de técnico,2026-03-11 07:36:40,Jefe_Mantenimiento,EQ206,Bomba,Planta_A,13,Hidráulica,Alta,2,2288.36,Sí
OT00325,Puesta en operación,2026-03-11 07:42:54,Tec_04,EQ029,Montacargas,Planta_A,4,Software,Media,1,753.67,No
OT00315,Puesta en operación,2026-03-11 07:45:05,Tec_06,EQ244,Torno CNC,Planta_B,18,Eléctrica,Alta,0,4200.0,Sí
OT00322,Asignación de técnico,2026-03-11 07:47:39,Jefe_Mantenimiento,EQ138,Compresor,Planta_A,17,Mecánica,Media,2,5708.41,No
OT00324,Asignación de técnico,2026-03-11 07:48:14,Jefe_Mantenimiento,EQ612,Compresor,Planta_A,18,Eléctrica,Alta,3,3921.02,No
OT00326,Solicitud de repuesto,2026-03-11 08:06:41,Tec_03,EQ206,Bomba,Planta_A,13,Hidráulica,Alta,2,2288.36,Sí
OT00300,Cierre,2026-03-11 08:10:00,Administracion_Mtto,EQ197,Prensa hidráulica,Planta_A,15,Mecánica,Baja,4,812.87,Sí
OT00320,Prueba,2026-03-11 08:17:07,Tec_02,EQ088,Torno CNC,Planta_A,12,Mecánica,Media,1,2800.0,Sí
OT00322,Solicitud de repuesto,2026-03-11 08:17:40,Tec_01,EQ138,Compresor,Planta_A,17,Mecánica,Media,2,5708.41,No
OT00303,Cierre,2026-03-11 08:18:00,Administracion_Mtto,EQ750,Compresor,Planta_A,16,Hidráulica,Alta,1,2775.72,No
OT00306,Cierre,2026-03-11 08:18:00,Administracion_Mtto,EQ219,Bomba,Planta_A,12,Hidráulica,Media,3,1400.0,Sí
OT00324,Solicitud de repuesto,2026-03-11 08:18:15,Tec_03,EQ612,Compresor,Planta_A,18,Eléctrica,Alta,3,3921.02,No
OT00323,Asignación de técnico,2026-03-11 08:18:18,Jefe_Mantenimiento,EQ280,Compresor,Planta_A,18,Eléctrica,Alta,2,791.93,Sí
OT00330,Diagnóstico,2026-03-11 08:38:49,Tec_03,EQ131,Torno CNC,Planta_A,11,Eléctrica,Media,1,332.29,Sí
OT00320,Puesta en operación,2026-03-11 08:44:14,Tec_02,EQ088,Torno CNC,Planta_A,12,Mecánica,Media,1,2800.0,Sí
OT00298,Prueba fallida,2026-03-11 08:44:16,Tec_05,EQ053,Compresor,Planta_A,16,Hidráulica,Alta,6,5733.56,No
OT00330,Asignación de técnico,2026-03-11 09:17:53,Jefe_Mantenimiento,EQ131,Torno CNC,Planta_A,11,Eléctrica,Media,1,332.29,Sí
OT00329,Asignación de técnico,2026-03-11 09:27:31,Jefe_Mantenimiento,EQ204,Prensa hidráulica,Planta_B,12,Hidráulica,Alta,2,1465.52,No
OT00329,Solicitud de repuesto,2026-03-11 09:57:32,Tec_07,EQ204,Prensa hidráulica,Planta_B,12,Hidráulica,Alta,2,1465.52,No
OT00274,Prueba,2026-03-11 10:08:55,Tec_03,EQ305,Torno CNC,Planta_A,16,Hidráulica,Media,2,3818.35,Sí
OT00327,Reparación,2026-03-11 10:10:05,Tec_07,EQ474,Compresor,Planta_B,8,Eléctrica,Media,1,2027.68,No
OT00327,Prueba,2026-03-11 11:32:13,Tec_07,EQ474,Compresor,Planta_B,8,Eléctrica,Media,1,2027.68,No
OT00330,Reparación,2026-03-11 11:49:27,Tec_02,EQ131,Torno CNC,Planta_A,11,Eléctrica,Media,1,332.29,Sí
OT00274,Puesta en operación,2026-03-11 12:11:35,Tec_03,EQ305,Torno CNC,Planta_A,16,Hidráulica,Media,2,3818.35,Sí
OT00323,Reparación,2026-03-11 12:41:09,Tec_05,EQ280,Compresor,Planta_A,18,Eléctrica,Alta,2,791.93,Sí
OT00321,Reparación,2026-03-11 13:09:01,Tec_02,EQ595,Compresor,Planta_A,14,Hidráulica,Baja,4,4301.71,No
OT00321,Prueba fallida,2026-03-11 14:14:52,Tec_02,EQ595,Compresor,Planta_A,14,Hidráulica,Baja,4,4301.71,No
OT00327,Puesta en operación,2026-03-11 14:23:19,Tec_07,EQ474,Compresor,Planta_B,8,Eléctrica,Media,1,2027.68,No
OT00323,Prueba,2026-03-11 14:28:03,Tec_05,EQ280,Compresor,Planta_A,18,Eléctrica,Alta,2,791.93,Sí
OT00298,Nueva reparación,2026-03-11 14:34:00,Tec_05,EQ053,Compresor,Planta_A,16,Hidráulica,Alta,6,5733.56,No
OT00317,Cierre,2026-03-11 14:51:00,Administracion_Mtto,EQ607,Bomba,Planta_A,7,Hidráulica,Media,0,1133.86,No
OT00280,Recepción de repuesto,2026-03-11 15:13:54,Bodega,EQ726,Montacargas,Planta_B,14,Mecánica,Media,3,1573.46,No
OT00330,Prueba,2026-03-11 15:35:53,Tec_02,EQ131,Torno CNC,Planta_A,11,Eléctrica,Media,1,332.29,Sí
OT00330,Puesta en operación,2026-03-11 16:14:47,Tec_02,EQ131,Torno CNC,Planta_A,11,Eléctrica,Media,1,332.29,Sí
OT00323,Puesta en operación,2026-03-11 16:17:02,Tec_05,EQ280,Compresor,Planta_A,18,Eléctrica,Alta,2,791.93,Sí
OT00333,Falla reportada,2026-03-11 17:05:21,Operador_07,EQ364,Torno CNC,Planta_B,10,Eléctrica,Media,1,788.77,Sí
OT00328,Falla reportada,2026-03-11 23:48:18,Operador_12,EQ052,Torno CNC,Planta_A,8,Mecánica,Media,1,6617.31,Sí
OT00336,Falla reportada,2026-03-12 03:07:12,Operador_04,EQ673,Montacargas,Planta_A,9,Hidráulica,Media,1,2267.19,Sí
OT00280,Reparación,2026-03-12 07:00:00,Tec_06,EQ726,Montacargas,Planta_B,14,Mecánica,Media,3,1573.46,No
OT00331,Diagnóstico,2026-03-12 07:00:00,Tec_02,EQ344,Compresor,Planta_A,6,Mecánica,Baja,1,1085.47,No
OT00267,Recepción de repuesto,2026-03-12 07:00:00,Bodega,EQ371,Montacargas,Planta_B,18,Hidráulica,Media,6,2220.48,Sí
OT00321,Nueva reparación,2026-03-12 07:00:00,Tec_02,EQ595,Compresor,Planta_A,14,Hidráulica,Baja,4,4301.71,No
OT00298,Prueba,2026-03-12 07:00:00,Tec_05,EQ053,Compresor,Planta_A,16,Hidráulica,Alta,6,5733.56,No
OT00324,Recepción de repuesto ,2026-03-12 07:00:00,Bodega,EQ612,Compresor,Planta_A,18,Eléctrica,Alta,3,3921.02,No
OT00328,Diagnóstico,2026-03-12 07:02:00,Tec_04,EQ052,Torno CNC,Planta_A,8,Mecánica,Media,1,6617.31,Sí
OT00332,Diagnóstico,2026-03-12 07:19:00,Tec_B01,EQ177,Torno CNC,Planta_B,5,Eléctrica,Baja,0,1344.6,No
OT00336,Diagnóstico,2026-03-12 07:20:00,Tec_02,EQ673,Montacargas,Planta_A,9,Hidráulica,Media,1,2267.19,Sí
OT00331,Asignación de técnico,2026-03-12 07:39:58,Jefe_Mantenimiento,EQ344,Compresor,Planta_A,6,Mecánica,Baja,1,1085.47,No
OT00328,Asignación de técnico,2026-03-12 07:55:47,Jefe_Mantenimiento,EQ052,Torno CNC,Planta_A,8,Mecánica,Media,1,6617.31,Sí
OT00298,Puesta en operación,2026-03-12 07:56:18,Tec_05,EQ053,Compresor,Planta_A,16,Hidráulica,Alta,6,5733.56,No
OT00301,Cierre,2026-03-12 08:00:00,Administracion_Mtto,EQ600,Montacargas,Planta_A,17,Software,Alta,3,539.38,Sí
OT00256,Cierre,2026-03-12 08:08:00,Administracion_Mtto,EQ124,Prensa hidráulica,Planta_A,18,Eléctrica,Media,1,2584.3,Sí
OT00336,Asignación de técnico,2026-03-12 08:09:38,Jefe_Mantenimiento,EQ673,Montacargas,Planta_A,9,Hidráulica,Media,1,2267.19,Sí
OT00334,Falla reportada,2026-03-12 08:17:26,Operador_08,EQ098,Compresor,Planta_A,6,Mecánica,Baja,1,3588.51,No
OT00332,Asignación de técnico,2026-03-12 08:20:07,Jefe_Mantenimiento,EQ177,Torno CNC,Planta_B,5,Eléctrica,Baja,0,1344.6,No
OT00328,Solicitud de repuesto,2026-03-12 08:25:48,Tec_05,EQ052,Torno CNC,Planta_A,8,Mecánica,Media,1,6617.31,Sí
OT00335,Falla reportada,2026-03-12 08:59:57,Operador_10,EQ334,Prensa hidráulica,Planta_A,7,Eléctrica,Baja,1,975.33,Sí
OT00331,Reparación,2026-03-12 09:28:38,Tec_03,EQ344,Compresor,Planta_A,6,Mecánica,Baja,1,1085.47,No
OT00336,Reparación,2026-03-12 09:40:16,Tec_05,EQ673,Montacargas,Planta_A,9,Hidráulica,Media,1,2267.19,Sí
OT00267,Reparación,2026-03-12 10:13:56,Tec_06,EQ371,Montacargas,Planta_B,18,Hidráulica,Media,6,2220.48,Sí
OT00280,Prueba,2026-03-12 10:14:08,Tec_06,EQ726,Montacargas,Planta_B,14,Mecánica,Media,3,1573.46,No
OT00321,Prueba,2026-03-12 10:44:59,Tec_02,EQ595,Compresor,Planta_A,14,Hidráulica,Baja,4,4301.71,No
OT00333,Diagnóstico,2026-03-12 10:56:27,Tec_B01,EQ364,Torno CNC,Planta_B,10,Eléctrica,Media,1,788.77,Sí
OT00280,Puesta en operación,2026-03-12 11:02:05,Tec_06,EQ726,Montacargas,Planta_B,14,Mecánica,Media,3,1573.46,No
OT00333,Asignación de técnico,2026-03-12 11:45:37,Jefe_Mantenimiento,EQ364,Torno CNC,Planta_B,10,Eléctrica,Media,1,788.77,Sí
OT00335,Diagnóstico,2026-03-12 11:48:48,Tec_02,EQ334,Prensa hidráulica,Planta_A,7,Eléctrica,Baja,1,975.33,Sí
OT00321,Puesta en operación,2026-03-12 11:49:36,Tec_02,EQ595,Compresor,Planta_A,14,Hidráulica,Baja,4,4301.71,No
OT00334,Diagnóstico,2026-03-12 12:13:21,Tec_05,EQ098,Compresor,Planta_A,6,Mecánica,Baja,1,3588.51,No
OT00336,Prueba fallida,2026-03-12 12:18:02,Tec_05,EQ673,Montacargas,Planta_A,9,Hidráulica,Media,1,2267.19,Sí
OT00324,Reparación,2026-03-12 12:36:17,Tec_03,EQ612,Compresor,Planta_A,18,Eléctrica,Alta,3,3921.02,No
OT00334,Asignación de técnico,2026-03-12 12:44:39,Jefe_Mantenimiento,EQ098,Compresor,Planta_A,6,Mecánica,Baja,1,3588.51,No
OT00334,Solicitud de repuesto,2026-03-12 13:14:40,Tec_02,EQ098,Compresor,Planta_A,6,Mecánica,Baja,1,3588.51,No
OT00331,Prueba,2026-03-12 13:16:08,Tec_03,EQ344,Compresor,Planta_A,6,Mecánica,Baja,1,1085.47,No
OT00267,Prueba,2026-03-12 13:30:19,Tec_06,EQ371,Montacargas,Planta_B,18,Hidráulica,Media,6,2220.48,Sí
OT00332,Reparación,2026-03-12 13:32:30,Tec_06,EQ177,Torno CNC,Planta_B,5,Eléctrica,Baja,0,1344.6,No
OT00333,Reparación,2026-03-12 13:33:26,Tec_06,EQ364,Torno CNC,Planta_B,10,Eléctrica,Media,1,788.77,Sí
OT00324,Prueba fallida,2026-03-12 13:36:20,Tec_03,EQ612,Compresor,Planta_A,18,Eléctrica,Alta,3,3921.02,No
OT00331,Puesta en operación,2026-03-12 13:46:22,Tec_03,EQ344,Compresor,Planta_A,6,Mecánica,Baja,1,1085.47,No
OT00333,Prueba,2026-03-12 14:31:35,Tec_06,EQ364,Torno CNC,Planta_B,10,Eléctrica,Media,1,788.77,Sí
OT00335,Asignación de técnico,2026-03-12 14:36:34,Jefe_Mantenimiento,EQ334,Prensa hidráulica,Planta_A,7,Eléctrica,Baja,1,975.33,Sí
OT00267,Puesta en operación,2026-03-12 14:57:21,Tec_06,EQ371,Montacargas,Planta_B,18,Hidráulica,Media,6,2220.48,Sí
OT00324,Nueva reparación,2026-03-12 14:57:25,Tec_03,EQ612,Compresor,Planta_A,18,Eléctrica,Alta,3,3921.02,No
OT00333,Puesta en operación,2026-03-12 15:37:32,Tec_06,EQ364,Torno CNC,Planta_B,10,Eléctrica,Media,1,788.77,Sí
OT00332,prueba,2026-03-12 16:06:20,Tec_06,EQ177,Torno CNC,Planta_B,5,Eléctrica,Baja,0,1344.6,No
OT00275,Cierre,2026-03-12 16:21:58,Administracion_Mtto,EQ184,Prensa hidráulica,Planta_A,16,Mecánica,Baja,1,1400.0,Sí
OT00332,Puesta en operación,2026-03-12 16:50:28,Tec_06,EQ177,Torno CNC,Planta_B,5,Eléctrica,Baja,0,1344.6,No
OT00337,Falla reportada,2026-03-12 19:10:54,Operador_01,EQ024,Compresor,Planta_A,5,Mecánica,Baja,0,2749.03,No
OT00345,Falla reportada,2026-03-13 01:14:44,Operador_04,EQ047,Compresor,Planta_A,14,Mecánica,Media,4,395.28,Sí
OT00339,Falla reportada,2026-03-13 01:37:40,Operador_03,EQ586,Torno CNC,Planta_A,15,Software,Baja,1,412.99,Sí
OT00344,Falla reportada,2026-03-13 04:18:57,Operador_02,EQ606,Torno CNC,Planta_A,11,Software,Baja,1,427.2,No
OT00341,Falla reportada,2026-03-13 06:02:11,Operador_04,EQ581,Compresor,Planta_A,14,Hidráulica,Media,1,2800.0,No
OT00336,Nueva reparación,2026-03-13 07:00:00,Tec_05,EQ673,Montacargas,Planta_A,9,Hidráulica,Media,1,2267.19,Sí
OT00337,Diagnóstico,2026-03-13 07:00:00,Tec_04,EQ024,Compresor,Planta_A,5,Mecánica,Baja,0,2749.03,No
OT00324,Prueba,2026-03-13 07:00:00,Tec_03,EQ612,Compresor,Planta_A,18,Eléctrica,Alta,3,3921.02,No
OT00335,Reparación,2026-03-13 07:00:00,Tec_02,EQ334,Prensa hidráulica,Planta_A,7,Eléctrica,Baja,1,975.33,Sí
OT00339,Diagnóstico,2026-03-13 07:01:00,Tec_04,EQ586,Torno CNC,Planta_A,15,Software,Baja,1,412.99,Sí
OT00345,Diagnóstico,2026-03-13 07:14:00,Tec_02,EQ047,Compresor,Planta_A,14,Mecánica,Media,4,395.28,Sí
OT00328,Recepción de repuesto,2026-03-13 07:20:00,Bodega,EQ052,Torno CNC,Planta_A,8,Mecánica,Media,1,6617.31,Sí
OT00344,Diagnóstico,2026-03-13 07:21:00,Tec_03,EQ606,Torno CNC,Planta_A,11,Software,Baja,1,427.2,No
OT00337,Asignación de técnico ,,Jefe_Mantenimiento,EQ024,Compresor,Planta_A,5,Mecánica,Baja,0,2749.03,No
OT00341,Diagnóstico,2026-03-13 07:58:02,Tec_05,EQ581,Compresor,Planta_A,14,Hidráulica,Media,1,2800.0,No
OT00324,Puesta en operación,2026-03-13 07:58:33,Tec_03,EQ612,Compresor,Planta_A,18,Eléctrica,Alta,3,3921.02,No
OT00296,Cierre,2026-03-13 08:00:00,Administracion_Mtto,EQ537,Bomba,Planta_B,16,Eléctrica,Media,1,3216.65,No
OT00322,Aprobación de compra,2026-03-13 08:00:00,Gerencia,EQ138,Compresor,Planta_A,17,Mecánica,Media,2,5708.41,No
OT00339,Asignación de técnico,2026-03-13 08:02:05,Jefe_Mantenimiento,EQ586,Torno CNC,Planta_A,15,Software,Baja,1,412.99,Sí
OT00345,Asignación de técnico,2026-03-13 08:04:19,Jefe_Mantenimiento,EQ047,Compresor,Planta_A,14,Mecánica,Media,4,395.28,Sí
OT00311,Cierre,2026-03-13 08:11:00,Administracion_Mtto,EQ712,Compresor,Planta_A,9,Mecánica,Media,2,1400.0,No
OT00274,Cierre,2026-03-13 08:15:00,Administracion_Mtto,EQ305,Torno CNC,Planta_A,16,Hidráulica,Media,2,3818.35,Sí
OT00327,Cierre,2026-03-13 08:17:00,Administracion_Mtto,EQ474,Compresor,Planta_B,8,Eléctrica,Media,1,2027.68,No
OT00337,Solicitud de repuesto,2026-03-13 08:18:22,Tec_02,EQ024,Compresor,Planta_A,5,Mecánica,Baja,0,2749.03,No
OT00344,Asignación de técnico,2026-03-13 08:44:11,Jefe_Mantenimiento,EQ606,Torno CNC,Planta_A,11,Software,Baja,1,427.2,No
OT00341,Asignación de técnico,2026-03-13 08:56:45,Jefe_Mantenimiento,EQ581,Compresor,Planta_A,14,Hidráulica,Media,1,2800.0,No
OT00346,Falla reportada,2026-03-13 09:46:06,Operador_11,EQ107,Torno CNC,Planta_A,14,Mecánica,Media,3,3505.48,Sí
OT00335,Prueba,2026-03-13 09:59:08,Tec_02,EQ334,Prensa hidráulica,Planta_A,7,Eléctrica,Baja,1,975.33,Sí
OT00339,Reparación,2026-03-13 10:06:05,Tec_02,EQ586,Torno CNC,Planta_A,15,Software,Baja,1,412.99,Sí
OT00343,Falla reportada,2026-03-13 10:07:17,Operador_11,EQ211,Compresor,Planta_A,3,Eléctrica,Media,0,2345.27,No
OT00314,Cierre,2026-03-13 10:13:33,Administracion_Mtto,EQ361,Prensa hidráulica,Planta_A,2,Hidráulica,Media,0,1253.99,No
OT00345,Reparación,2026-03-13 10:27:42,Tec_02,EQ047,Compresor,Planta_A,14,Mecánica,Media,4,395.28,Sí
OT00336,Prueba,2026-03-13 11:03:44,Tec_05,EQ673,Montacargas,Planta_A,9,Hidráulica,Media,1,2267.19,Sí
OT00346,Diagnóstico,2026-03-13 11:12:16,Tec_04,EQ107,Torno CNC,Planta_A,14,Mecánica,Media,3,3505.48,Sí
OT00341,Reparación,2026-03-13 11:27:40,Tec_05,EQ581,Compresor,Planta_A,14,Hidráulica,Media,1,2800.0,No
OT00343,Diagnóstico,2026-03-13 11:27:57,Tec_05,EQ211,Compresor,Planta_A,3,Eléctrica,Media,0,2345.27,No
OT00336,Puesta en operación,2026-03-13 11:30:30,Tec_05,EQ673,Montacargas,Planta_A,9,Hidráulica,Media,1,2267.19,Sí
OT00344,Reparación,2026-03-13 11:30:31,Tec_01,EQ606,Torno CNC,Planta_A,11,Software,Baja,1,427.2,No
OT00345,Prueba,2026-03-13 11:46:58,Tec_02,EQ047,Compresor,Planta_A,14,Mecánica,Media,4,395.28,Sí
OT00346,Asignación de técnico,2026-03-13 12:14:50,Jefe_Mantenimiento,EQ107,Torno CNC,Planta_A,14,Mecánica,Media,3,3505.48,Sí
OT00345,Puesta en operación,2026-03-13 12:32:22,Tec_02,EQ047,Compresor,Planta_A,14,Mecánica,Media,4,395.28,Sí
OT00339,Prueba ,2026-03-13 12:37:00,Tec_02,EQ586,Torno CNC,Planta_A,15,Software,Baja,1,412.99,Sí
OT00346,Solicitud de repuesto,2026-03-13 12:44:51,Tec_02,EQ107,Torno CNC,Planta_A,14,Mecánica,Media,3,3505.48,Sí
OT00343,Asignación de técnico,2026-03-13 12:51:50,Jefe_Mantenimiento,EQ211,Compresor,Planta_A,3,Eléctrica,Media,0,2345.27,No
OT00335,Puesta en operación,2026-03-13 12:51:56,Tec_02,EQ334,Prensa hidráulica,Planta_A,7,Eléctrica,Baja,1,975.33,Sí
OT00328,Reparación,2026-03-13 13:07:23,Tec_05,EQ052,Torno CNC,Planta_A,8,Mecánica,Media,1,6617.31,Sí
OT00343,Solicitud de repuesto,2026-03-13 13:21:51,Tec_02,EQ211,Compresor,Planta_A,3,Eléctrica,Media,0,2345.27,No
OT00339,Puesta en operación,2026-03-13 13:25:39,Tec_02,EQ586,Torno CNC,Planta_A,15,Software,Baja,1,412.99,Sí
OT00341,Prueba fallida,2026-03-13 14:15:27,Tec_05,EQ581,Compresor,Planta_A,14,Hidráulica,Media,1,2800.0,No
OT00348,Falla reportada,2026-03-13 14:43:19,Operador_05,EQ444,Bomba,Planta_B,16,Mecánica,Media,2,4502.91,Sí
OT00328,Prueba fallida,2026-03-13 15:38:14,Tec_05,EQ052,Torno CNC,Planta_A,8,Mecánica,Media,1,6617.31,Sí
OT00344,Prueba,2026-03-13 15:46:42,Tec_01,EQ606,Torno CNC,Planta_A,11,Software,Baja,1,427.2,No
OT00344,Puesta en operación,2026-03-13 16:31:18,Tec_01,EQ606,Torno CNC,Planta_A,11,Software,Baja,1,427.2,No
OT00331,Cierre,2026-03-13 16:48:49,Administracion_Mtto,EQ344,Compresor,Planta_A,6,Mecánica,Baja,1,1085.47,No
OT00342,Falla reportada,2026-03-13 17:42:02,Operador_03,EQ371,Montacargas,Planta_B,18,Mecánica,Alta,7,1400.0,Sí
OT00338,Falla reportada,2026-03-13 18:30:58,Operador_12,EQ557,Bomba,Planta_A,14,Eléctrica,Media,4,4200.0,Sí
OT00340,Falla reportada,2026-03-13 20:48:04,Operador_03,EQ379,Prensa hidráulica,Planta_A,4,Software,Media,0,1400.0,No
OT00347,Falla reportada,2026-03-13 22:00:09,Operador_01,EQ574,Prensa hidráulica,Planta_B,15,Eléctrica,Media,3,1400.0,Sí
OT00349,Falla reportada,2026-03-14 12:18:44,Operador_06,EQ252,Bomba,Planta_B,10,Eléctrica,Media,2,1400.0,Sí
OT00350,Falla reportada,2026-03-14 14:20:05,Operador_10,EQ713,Bomba,Planta_A,8,Mecánica,Alta,0,3679.2,No
OT00351,Falla reportada,2026-03-15 00:11:15,Operador_08,EQ244,Torno CNC,Planta_B,18,Eléctrica,Baja,1,1396.27,Sí
OT00356,Falla reportada,2026-03-15 04:30:44,Operador_10,EQ529,Bomba,Planta_B,14,Mecánica,Media,2,2849.71,Sí
OT00352,Falla reportada,2026-03-15 08:14:08,Operador_01,EQ463,Compresor,Planta_B,4,Mecánica,Media,1,1011.58,Sí
OT00355,Falla reportada,2026-03-15 15:36:50,Operador_02,EQ384,Compresor,Planta_A,15,Software,Baja,0,884.82,No
OT00354,Falla reportada,2026-03-15 16:55:06,Operador_08,EQ473,Bomba,Planta_A,14,Eléctrica,Alta,3,4741.99,No
OT00353,Falla reportada,2026-03-15 22:37:17,Operador_02,EQ317,Compresor,Planta_B,15,Software,Media,2,2430.0,No
OT00359,Falla reportada,2026-03-16 01:03:55,Operador_01,EQ219,Bomba,Planta_A,12,Eléctrica,Media,4,356.96,No
OT00365,Falla reportada,2026-03-16 03:06:20,Operador_09,EQ185,Compresor,Planta_A,18,Software,Alta,6,318.31,No
OT00347,Diagnóstico,2026-03-16 07:00:00,Tec_B01,EQ574,Prensa hidráulica,Planta_B,15,Eléctrica,Media,3,1400.0,Sí
OT00289,Recepción de repuesto,2026-03-16 07:00:00,Bodega,EQ511,Torno CNC,Planta_A,3,Hidráulica,Baja,2,2977.61,No
OT00340,Diagnóstico,2026-03-16 07:00:00,Tec_04,EQ379,Prensa hidráulica,Planta_A,4,Software,Media,0,1400.0,No
OT00342,Diagnóstico,2026-03-16 07:00:00,Tec_B01,EQ371,Montacargas,Planta_B,18,Mecánica,Alta,7,1400.0,Sí
OT00350,Diagnóstico,2026-03-16 07:00:00,Tec_01,EQ713,Bomba,Planta_A,8,Mecánica,Alta,0,3679.2,No
OT00355,Diagnóstico,2026-03-16 07:00:00,Tec_05,EQ384,Compresor,Planta_A,15,Software,Baja,0,884.82,No
OT00351,Diagnóstico,2026-03-16 07:00:00,Tec_B01,EQ244,Torno CNC,Planta_B,18,Eléctrica,Baja,1,1396.27,Sí
OT00341,Nueva reparación,2026-03-16 07:00:00,Tec_05,EQ581,Compresor,Planta_A,14,Hidráulica,Media,1,2800.0,No
OT00354,Diagnóstico,2026-03-16 07:00:00,Tec_04,EQ473,Bomba,Planta_A,14,Eléctrica,Alta,3,4741.99,No
OT00322,Recepción de repuesto,2026-03-16 07:00:00,Bodega,EQ138,Compresor,Planta_A,17,Mecánica,Media,2,5708.41,No
OT00305,Recepción de repuesto,2026-03-16 07:00:00,Bodega,EQ639,Torno CNC,Planta_A,11,Eléctrica,Media,1,3463.37,No
OT00337,Recepción de repuesto,2026-03-16 07:00:00,Bodega,EQ024,Compresor,Planta_A,5,Mecánica,Baja,0,2749.03,No
OT00308,Recepción de repuesto,2026-03-16 07:00:00,Bodega,EQ629,Prensa hidráulica,Planta_B,4,Eléctrica,Alta,1,1591.04,No
OT00349,Diagnóstico,2026-03-16 07:00:00,Tec_B01,EQ252,Bomba,Planta_B,10,Eléctrica,Media,2,1400.0,Sí
OT00356,Diagnóstico,2026-03-16 07:00:00,Tec_B01,EQ529,Bomba,Planta_B,14,Mecánica,Media,2,2849.71,Sí
OT00239,Recepción de repuesto,2026-03-16 07:00:00,Bodega,EQ152,Torno CNC,Planta_A,12,Mecánica,Media,3,3222.87,No
OT00338,Diagnóstico,2026-03-16 07:00:00,Tec_01,EQ557,Bomba,Planta_A,14,Eléctrica,Media,4,4200.0,Sí
OT00328,Nueva reparación,2026-03-16 07:00:00,Tec_05,EQ052,Torno CNC,Planta_A,8,Mecánica,Media,1,6617.31,Sí
OT00343,Recepción de repuesto,2026-03-16 07:00:00,Bodega,EQ211,Compresor,Planta_A,3,Eléctrica,Media,0,2345.27,No
OT00352,Diagnóstico,2026-03-16 07:00:00,Tec_B01,EQ463,Compresor,Planta_B,4,Mecánica,Media,1,1011.58,Sí
OT00348,Diagnóstico,2026-03-16 07:00:00,Tec_B01,EQ444,Bomba,Planta_B,16,Mecánica,Media,2,4502.91,Sí
OT00319,Recepción de repuesto,2026-03-16 07:15:00,Bodega,EQ495,Torno CNC,Planta_A,5,Mecánica,Alta,0,3100.13,No
OT00359,Diagnóstico,2026-03-16 07:17:00,Tec_02,EQ219,Bomba,Planta_A,12,Eléctrica,Media,4,356.96,No
OT00353,Diagnóstico,2026-03-16 07:20:00,Tec_B01,EQ317,Compresor,Planta_B,15,Software,Media,2,2430.0,No
OT00365,Diagnóstico,2026-03-16 07:27:00,Tec_03,EQ185,Compresor,Planta_A,18,Software,Alta,6,318.31,No
OT00342,Asignación de técnico,2026-03-16 07:29:11,Jefe_Mantenimiento,EQ371,Montacargas,Planta_B,18,Mecánica,Alta,7,1400.0,Sí
OT00350,Asignación de técnico,2026-03-16 07:31:46,Jefe_Mantenimiento,EQ713,Bomba,Planta_A,8,Mecánica,Alta,0,3679.2,No
OT00359,Asignación de técnico,2026-03-16 07:47:14,Jefe_Mantenimiento,EQ219,Bomba,Planta_A,12,Eléctrica,Media,4,356.96,No
OT00355,Asignación de técnico,2026-03-16 07:50:03,Jefe_Mantenimiento,EQ384,Compresor,Planta_A,15,Software,Baja,0,884.82,No
OT00353,Asignación de técnico,2026-03-16 07:53:10,Jefe_Mantenimiento,EQ317,Compresor,Planta_B,15,Software,Media,2,2430.0,No
OT00352,Asignación de técnico,2026-03-16 07:55:30,Jefe_Mantenimiento,EQ463,Compresor,Planta_B,4,Mecánica,Media,1,1011.58,Sí
OT00366,Falla reportada,2026-03-16 07:55:40,Operador_11,EQ600,Montacargas,Planta_A,17,Mecánica,Alta,4,6819.36,No
OT00357,Falla reportada,2026-03-16 07:58:37,Operador_01,EQ555,Bomba,Planta_A,16,Hidráulica,Baja,2,5309.38,No
OT00313,Cierre,2026-03-16 08:00:00,Administracion_Mtto,EQ122,Bomba,Planta_A,15,Eléctrica,Media,2,2800.0,Sí
OT00315,Cierre,2026-03-16 08:00:00,Administracion_Mtto,EQ244,Torno CNC,Planta_B,18,Eléctrica,Alta,0,4200.0,Sí
OT00334,Aprobación de compra,2026-03-16 08:00:00,Gerencia,EQ098,Compresor,Planta_A,6,Mecánica,Baja,1,3588.51,No
OT00332,Cierre,2026-03-16 08:00:00,Administracion_Mtto,EQ177,Torno CNC,Planta_B,5,Eléctrica,Baja,0,1344.6,No
OT00316,Cierre,2026-03-16 08:00:00,Administracion_Mtto,EQ243,Torno CNC,Planta_A,13,Mecánica,Media,3,2800.0,Sí
OT00336,Cierre,2026-03-16 08:00:00,Administracion_Mtto,EQ673,Montacargas,Planta_A,9,Hidráulica,Media,1,2267.19,Sí
OT00270,Cierre,2026-03-16 08:00:00,Administracion_Mtto,EQ080,Prensa hidráulica,Planta_A,5,Hidráulica,Media,1,2352.73,No
OT00309,Cierre,2026-03-16 08:00:00,Administracion_Mtto,EQ490,Torno CNC,Planta_B,18,Software,Media,4,2800.0,No
OT00325,Cierre,2026-03-16 08:00:00,Administracion_Mtto,EQ029,Montacargas,Planta_A,4,Software,Media,1,753.67,No
OT00298,Cierre,2026-03-16 08:00:00,Administracion_Mtto,EQ053,Compresor,Planta_A,16,Hidráulica,Alta,6,5733.56,No
OT00344,Cierre,2026-03-16 08:00:00,Administracion_Mtto,EQ606,Torno CNC,Planta_A,11,Software,Baja,1,427.2,No
OT00330,Cierre,2026-03-16 08:00:00,Administracion_Mtto,EQ131,Torno CNC,Planta_A,11,Eléctrica,Media,1,332.29,Sí
OT00321,Cierre,2026-03-16 08:00:00,Administracion_Mtto,EQ595,Compresor,Planta_A,14,Hidráulica,Baja,4,4301.71,No
OT00350,Solicitud de repuesto,2026-03-16 08:01:47,Tec_02,EQ713,Bomba,Planta_A,8,Mecánica,Alta,0,3679.2,No
OT00349,Asignación de técnico,2026-03-16 08:01:50,Jefe_Mantenimiento,EQ252,Bomba,Planta_B,10,Eléctrica,Media,2,1400.0,Sí
OT00365,Asignación de técnico,2026-03-16 08:05:07,Jefe_Mantenimiento,EQ185,Compresor,Planta_A,18,Software,Alta,6,318.31,No
OT00338,Asignación de técnico,2026-03-16 08:07:09,Jefe_Mantenimiento,EQ557,Bomba,Planta_A,14,Eléctrica,Media,4,4200.0,Sí
OT00351,Asignación de técnico,2026-03-16 08:10:03,Jefe_Mantenimiento,EQ244,Torno CNC,Planta_B,18,Eléctrica,Baja,1,1396.27,Sí
OT00347,Asignación de técnico,2026-03-16 08:13:39,Jefe_Mantenimiento,EQ574,Prensa hidráulica,Planta_B,15,Eléctrica,Media,3,1400.0,Sí
OT00348,Asignación de técnico,2026-03-16 08:18:12,Jefe_Mantenimiento,EQ444,Bomba,Planta_B,16,Mecánica,Media,2,4502.91,Sí
OT00323,Cierre,2026-03-16 08:27:00,Administracion_Mtto,EQ280,Compresor,Planta_A,18,Eléctrica,Alta,2,791.93,Sí
OT00340,Asignación de técnico,2026-03-16 08:27:26,Jefe_Mantenimiento,EQ379,Prensa hidráulica,Planta_A,4,Software,Media,0,1400.0,No
OT00366,Diagnóstico,2026-03-16 08:28:14,Tec_03,EQ600,Montacargas,Planta_A,17,Mecánica,Alta,4,6819.36,No
OT00354,Asignación de técnico,2026-03-16 08:40:48,Jefe_Mantenimiento,EQ473,Bomba,Planta_A,14,Eléctrica,Alta,3,4741.99,No
OT00328,Prueba fallida,2026-03-16 08:41:38,Tec_05,EQ052,Torno CNC,Planta_A,8,Mecánica,Media,1,6617.31,Sí
OT00348,Solicitud de repuesto,2026-03-16 08:48:13,Tec_06,EQ444,Bomba,Planta_B,16,Mecánica,Media,2,4502.91,Sí
OT00341,Prueba,2026-03-16 08:52:33,Tec_05,EQ581,Compresor,Planta_A,14,Hidráulica,Media,1,2800.0,No
OT00365,Reparación,2026-03-16 08:55:57,Tec_04,EQ185,Compresor,Planta_A,18,Software,Alta,6,318.31,No
OT00356,Asignación de técnico,2026-03-16 08:59:15,Jefe_Mantenimiento,EQ529,Bomba,Planta_B,14,Mecánica,Media,2,2849.71,Sí
OT00322,Reparación,2026-03-16 09:00:42,Tec_01,EQ138,Compresor,Planta_A,17,Mecánica,Media,2,5708.41,No
OT00319,Reparación,2026-03-16 09:02:43,Tec_02,EQ495,Torno CNC,Planta_A,5,Mecánica,Alta,0,3100.13,No
OT00308,Reparación,2026-03-16 09:08:42,Tec_07,EQ629,Prensa hidráulica,Planta_B,4,Eléctrica,Alta,1,1591.04,No
OT00354,Solicitud de repuesto,2026-03-16 09:10:49,Tec_01,EQ473,Bomba,Planta_A,14,Eléctrica,Alta,3,4741.99,No
OT00358,Falla reportada,2026-03-16 09:14:54,Operador_04,EQ262,Torno CNC,Planta_A,2,Software,Media,0,761.31,No
OT00359,Reparación,2026-03-16 09:17:42,Tec_05,EQ219,Bomba,Planta_A,12,Eléctrica,Media,4,356.96,No
OT00356,Solicitud de repuesto,2026-03-16 09:29:16,Tec_06,EQ529,Bomba,Planta_B,14,Mecánica,Media,2,2849.71,Sí
OT00337,Reparación,2026-03-16 09:43:40,Tec_02,EQ024,Compresor,Planta_A,5,Mecánica,Baja,0,2749.03,No
OT00360,Falla reportada,2026-03-16 09:46:20,Operador_01,EQ523,Torno CNC,Planta_B,15,Mecánica,Media,1,934.79,Sí
OT00352,Reparación,2026-03-16 09:49:01,Tec_07,EQ463,Compresor,Planta_B,4,Mecánica,Media,1,1011.58,Sí
OT00366,Asignación de técnico,2026-03-16 09:50:10,Jefe_Mantenimiento,EQ600,Montacargas,Planta_A,17,Mecánica,Alta,4,6819.36,No
OT00341,Puesta en operación,2026-03-16 09:55:31,Tec_05,EQ581,Compresor,Planta_A,14,Hidráulica,Media,1,2800.0,No
OT00359,Prueba,2026-03-16 10:02:38,Tec_05,EQ219,Bomba,Planta_A,12,Eléctrica,Media,4,356.96,No
OT00338,Reparación,2026-03-16 10:05:33,Tec_05,EQ557,Bomba,Planta_A,14,Eléctrica,Media,4,4200.0,Sí
OT00342,Reparación,2026-03-16 10:18:28,Tec_06,EQ371,Montacargas,Planta_B,18,Mecánica,Alta,7,1400.0,Sí
OT00239,Reparación,2026-03-16 10:19:20,Tec_01,EQ152,Torno CNC,Planta_A,12,Mecánica,Media,3,3222.87,No
OT00366,Solicitud de repuesto,2026-03-16 10:20:11,Tec_03,EQ600,Montacargas,Planta_A,17,Mecánica,Alta,4,6819.36,No
OT00319,Prueba,2026-03-16 10:24:42,Tec_02,EQ495,Torno CNC,Planta_A,5,Mecánica,Alta,0,3100.13,No
OT00305,Reparación,2026-03-16 10:25:59,Tec_05,EQ639,Torno CNC,Planta_A,11,Eléctrica,Media,1,3463.37,No
OT00357,Diagnóstico,2026-03-16 10:39:48,Tec_05,EQ555,Bomba,Planta_A,16,Hidráulica,Baja,2,5309.38,No
OT00289,Reparación,2026-03-16 10:41:48,Tec_03,EQ511,Torno CNC,Planta_A,3,Hidráulica,Baja,2,2977.61,No
OT00358,Diagnóstico ,2026-03-16 10:49:19,Tec_01,EQ262,Torno CNC,Planta_A,2,Software,Media,0,761.31,No
OT00355,Reparación,2026-03-16 10:51:00,Tec_04,EQ384,Compresor,Planta_A,15,Software,Baja,0,884.82,No
OT00308,Prueba,2026-03-16 10:56:33,Tec_07,EQ629,Prensa hidráulica,Planta_B,4,Eléctrica,Alta,1,1591.04,No
OT00351,Reparación,2026-03-16 11:01:14,Tec_07,EQ244,Torno CNC,Planta_B,18,Eléctrica,Baja,1,1396.27,Sí
OT00347,Reparación,2026-03-16 11:05:53,Tec_07,EQ574,Prensa hidráulica,Planta_B,15,Eléctrica,Media,3,1400.0,Sí
OT00280,Cierre,2026-03-16 11:11:52,Administracion_Mtto,EQ726,Montacargas,Planta_B,14,Mecánica,Media,3,1573.46,No
OT00359,Puesta en operación,2026-03-16 11:15:51,Tec_05,EQ219,Bomba,Planta_A,12,Eléctrica,Media,4,356.96,No
OT00319,Puesta en operación,2026-03-16 11:19:10,Tec_02,EQ495,Torno CNC,Planta_A,5,Mecánica,Alta,0,3100.13,No
OT00322,Prueba,2026-03-16 11:21:50,Tec_01,EQ138,Compresor,Planta_A,17,Mecánica,Media,2,5708.41,No
OT00342,Prueba,2026-03-16 11:32:50,Tec_06,EQ371,Montacargas,Planta_B,18,Mecánica,Alta,7,1400.0,Sí
OT00362,Falla reportada,2026-03-16 11:34:13,Operador_08,EQ547,Compresor,Planta_A,6,Eléctrica,Media,0,2979.51,Sí
OT00357,Asignación de técnico,2026-03-16 11:35:07,Jefe_Mantenimiento,EQ555,Bomba,Planta_A,16,Hidráulica,Baja,2,5309.38,No
OT00308,Puesta en operación,2026-03-16 11:35:08,Tec_07,EQ629,Prensa hidráulica,Planta_B,4,Eléctrica,Alta,1,1591.04,No
OT00338,Prueba fallida,2026-03-16 11:35:08,Tec_05,EQ557,Bomba,Planta_A,14,Eléctrica,Media,4,4200.0,Sí
OT00352,Prueba,2026-03-16 11:35:58,Tec_07,EQ463,Compresor,Planta_B,4,Mecánica,Media,1,1011.58,Sí
OT00358,Asignación de técnico,2026-03-16 11:36:42,Jefe_Mantenimiento,EQ262,Torno CNC,Planta_A,2,Software,Media,0,761.31,No
OT00365,Prueba,2026-03-16 11:41:07,Tec_04,EQ185,Compresor,Planta_A,18,Software,Alta,6,318.31,No
OT00239,Prueba fallida,2026-03-16 11:49:30,Tec_01,EQ152,Torno CNC,Planta_A,12,Mecánica,Media,3,3222.87,No
OT00364,Falla reportada,2026-03-16 11:51:12,Operador_04,EQ722,Bomba,Planta_A,10,Hidráulica,Media,1,3254.0,No
OT00363,Falla reportada,2026-03-16 11:53:39,Operador_06,EQ431,Prensa hidráulica,Planta_A,6,Hidráulica,Baja,1,733.31,No
OT00349,Reparación,2026-03-16 12:00:55,Tec_07,EQ252,Bomba,Planta_B,10,Eléctrica,Media,2,1400.0,Sí
OT00357,Solicitud de repuesto,2026-03-16 12:05:08,Tec_05,EQ555,Bomba,Planta_A,16,Hidráulica,Baja,2,5309.38,No
OT00343,Reparación,2026-03-16 12:09:48,Tec_02,EQ211,Compresor,Planta_A,3,Eléctrica,Media,0,2345.27,No
OT00365,Puesta en operación,2026-03-16 12:12:00,Tec_04,EQ185,Compresor,Planta_A,18,Software,Alta,6,318.31,No
OT00305,Prueba fallida,2026-03-16 12:22:11,Tec_05,EQ639,Torno CNC,Planta_A,11,Eléctrica,Media,1,3463.37,No
OT00362,Diagnóstico,2026-03-16 12:40:57,Tec_04,EQ547,Compresor,Planta_A,6,Eléctrica,Media,0,2979.51,Sí
OT00342,Puesta en operación,2026-03-16 12:48:02,Tec_06,EQ371,Montacargas,Planta_B,18,Mecánica,Alta,7,1400.0,Sí
OT00353,Reparación,2026-03-16 12:52:56,Tec_07,EQ317,Compresor,Planta_B,15,Software,Media,2,2430.0,No
OT00322,Puesta en operación,2026-03-16 13:01:24,Tec_01,EQ138,Compresor,Planta_A,17,Mecánica,Media,2,5708.41,No
OT00289,Prueba,2026-03-16 13:06:01,Tec_03,EQ511,Torno CNC,Planta_A,3,Hidráulica,Baja,2,2977.61,No
OT00363,Diagnóstico,2026-03-16 13:07:00,Tec_05,EQ431,Prensa hidráulica,Planta_A,6,Hidráulica,Baja,1,733.31,No
OT00352,Puesta en operación,2026-03-16 13:08:16,Tec_07,EQ463,Compresor,Planta_B,4,Mecánica,Media,1,1011.58,Sí
OT00362,Asignación de técnico,2026-03-16 13:15:51,Jefe_Mantenimiento,EQ547,Compresor,Planta_A,6,Eléctrica,Media,0,2979.51,Sí
OT00364,Diagnóstico,2026-03-16 13:24:56,Tec_02,EQ722,Bomba,Planta_A,10,Hidráulica,Media,1,3254.0,No
OT00305,Nueva reparación,2026-03-16 13:30:53,Tec_05,EQ639,Torno CNC,Planta_A,11,Eléctrica,Media,1,3463.37,No
OT00267,Cierre,2026-03-16 13:38:16,Administracion_Mtto,EQ371,Montacargas,Planta_B,18,Hidráulica,Media,6,2220.48,Sí
OT00363,Asignación de técnico,2026-03-16 13:44:55,Jefe_Mantenimiento,EQ431,Prensa hidráulica,Planta_A,6,Hidráulica,Baja,1,733.31,No
OT00362,Solicitud de repuesto,2026-03-16 13:45:52,Tec_04,EQ547,Compresor,Planta_A,6,Eléctrica,Media,0,2979.51,Sí
OT00347,Prueba,2026-03-16 13:59:41,Tec_07,EQ574,Prensa hidráulica,Planta_B,15,Eléctrica,Media,3,1400.0,Sí
OT00289,Puesta en operación,2026-03-16 14:01:06,Tec_03,EQ511,Torno CNC,Planta_A,3,Hidráulica,Baja,2,2977.61,No
OT00343,Prueba,2026-03-16 14:01:49,Tec_02,EQ211,Compresor,Planta_A,3,Eléctrica,Media,0,2345.27,No
OT00337,Prueba,2026-03-16 14:11:25,Tec_02,EQ024,Compresor,Planta_A,5,Mecánica,Baja,0,2749.03,No
OT00351,Prueba,2026-03-16 14:14:44,Tec_07,EQ244,Torno CNC,Planta_B,18,Eléctrica,Baja,1,1396.27,Sí
OT00364,Asignación de técnico,2026-03-16 14:30:03,Jefe_Mantenimiento,EQ722,Bomba,Planta_A,10,Hidráulica,Media,1,3254.0,No
OT00347,Puesta en operación,2026-03-16 14:33:46,Tec_07,EQ574,Prensa hidráulica,Planta_B,15,Eléctrica,Media,3,1400.0,Sí
OT00349,Prueba,2026-03-16 14:49:49,Tec_07,EQ252,Bomba,Planta_B,10,Eléctrica,Media,2,1400.0,Sí
OT00337,Puesta en operación,2026-03-16 14:52:26,Tec_02,EQ024,Compresor,Planta_A,5,Mecánica,Baja,0,2749.03,No
OT00340,Reparación,2026-03-16 14:55:24,Tec_05,EQ379,Prensa hidráulica,Planta_A,4,Software,Media,0,1400.0,No
OT00364,Solicitud de repuesto,2026-03-16 15:00:04,Tec_05,EQ722,Bomba,Planta_A,10,Hidráulica,Media,1,3254.0,No
OT00343,Puesta en operación,2026-03-16 15:04:25,Tec_02,EQ211,Compresor,Planta_A,3,Eléctrica,Media,0,2345.27,No
OT00358,Reparación,2026-03-16 15:08:18,Tec_01,EQ262,Torno CNC,Planta_A,2,Software,Media,0,761.31,No
OT00328,Nueva reparación,2026-03-16 15:19:23,Tec_05,EQ052,Torno CNC,Planta_A,8,Mecánica,Media,1,6617.31,Sí
OT00339,Cierre,2026-03-16 15:29:48,Administracion_Mtto,EQ586,Torno CNC,Planta_A,15,Software,Baja,1,412.99,Sí
OT00353,Prueba fallida,2026-03-16 15:30:48,Tec_07,EQ317,Compresor,Planta_B,15,Software,Media,2,2430.0,No
OT00349,Puesta en operación,2026-03-16 15:33:41,Tec_07,EQ252,Bomba,Planta_B,10,Eléctrica,Media,2,1400.0,Sí
OT00239,Nueva reparación,2026-03-16 15:40:11,Tec_01,EQ152,Torno CNC,Planta_A,12,Mecánica,Media,3,3222.87,No
OT00355,Prueba,2026-03-16 15:44:04,Tec_04,EQ384,Compresor,Planta_A,15,Software,Baja,0,884.82,No
OT00305,Prueba,2026-03-16 15:46:38,Tec_05,EQ639,Torno CNC,Planta_A,11,Eléctrica,Media,1,3463.37,No
OT00328,Prueba fallida,2026-03-16 16:00:27,Tec_05,EQ052,Torno CNC,Planta_A,8,Mecánica,Media,1,6617.31,Sí
OT00351,Puesta en operación,2026-03-16 16:04:51,Tec_07,EQ244,Torno CNC,Planta_B,18,Eléctrica,Baja,1,1396.27,Sí
OT00305,Puesta en operación,2026-03-16 16:15:18,Tec_05,EQ639,Torno CNC,Planta_A,11,Eléctrica,Media,1,3463.37,No
OT00358,Prueba,2026-03-16 16:50:41,Tec_01,EQ262,Torno CNC,Planta_A,2,Software,Media,0,761.31,No
OT00367,Falla reportada,2026-03-16 16:53:33,Operador_03,EQ010,Torno CNC,Planta_A,8,Mecánica,Baja,0,783.97,No
OT00355,Puesta en operación,2026-03-16 16:53:40,Tec_04,EQ384,Compresor,Planta_A,15,Software,Baja,0,884.82,No
OT00361,Falla reportada,2026-03-16 19:40:10,Operador_10,EQ727,Torno CNC,Planta_B,11,Mecánica,Baja,2,680.87,No
OT00374,Falla reportada,2026-03-17 01:10:43,Operador_04,EQ330,Bomba,Planta_A,14,Eléctrica,Media,3,3369.15,No
OT00369,Falla reportada,2026-03-17 03:54:08,Operador_02,EQ371,Montacargas,Planta_B,18,Hidráulica,Baja,8,384.07,No
OT00328,Nueva reparación,2026-03-17 07:00:00,Tec_05,EQ052,Torno CNC,Planta_A,8,Mecánica,Media,1,6617.31,Sí
OT00239,Prueba,2026-03-17 07:00:00,Tec_01,EQ152,Torno CNC,Planta_A,12,Mecánica,Media,3,3222.87,No
OT00363,Reparación,2026-03-17 07:00:00,Tec_03,EQ431,Prensa hidráulica,Planta_A,6,Hidráulica,Baja,1,733.31,No
OT00360,Diagnóstico,2026-03-17 07:00:00,Tec_B01,EQ523,Torno CNC,Planta_B,15,Mecánica,Media,1,934.79,Sí
OT00358,Puesta en operación,2026-03-17 07:00:00,Tec_01,EQ262,Torno CNC,Planta_A,2,Software,Media,0,761.31,No
OT00334,Recepción de repuesto,2026-03-17 07:00:00,Bodega,EQ098,Compresor,Planta_A,6,Mecánica,Baja,1,3588.51,No
OT00338,Nueva reparación,2026-03-17 07:00:00,Tec_05,EQ557,Bomba,Planta_A,14,Eléctrica,Media,4,4200.0,Sí
OT00353,Nueva reparación,2026-03-17 07:00:00,Tec_07,EQ317,Compresor,Planta_B,15,Software,Media,2,2430.0,No
OT00340,Prueba,2026-03-17 07:00:00,Tec_05,EQ379,Prensa hidráulica,Planta_A,4,Software,Media,0,1400.0,No
OT00367,Diagnóstico,2026-03-17 07:00:00,Tec_01,EQ010,Torno CNC,Planta_A,8,Mecánica,Baja,0,783.97,No
OT00361,Diagnóstico,2026-03-17 07:00:48,Tec_B01,EQ727,Torno CNC,Planta_B,11,Mecánica,Baja,2,680.87,No
OT00374,Diagnóstico,2026-03-17 07:06:00,Tec_01,EQ330,Bomba,Planta_A,14,Eléctrica,Media,3,3369.15,No
OT00356,Recepción de repuesto,2026-03-17 07:13:00,Bodega,EQ529,Bomba,Planta_B,14,Mecánica,Media,2,2849.71,Sí
OT00360,Asignación de técnico,2026-03-17 07:27:31,Jefe_Mantenimiento,EQ523,Torno CNC,Planta_B,15,Mecánica,Media,1,934.79,Sí
OT00374,Asignación de técnico,2026-03-17 07:35:19,Jefe_Mantenimiento,EQ330,Bomba,Planta_A,14,Eléctrica,Media,3,3369.15,No
OT00328,Prueba,2026-03-17 07:39:22,Tec_05,EQ052,Torno CNC,Planta_A,8,Mecánica,Media,1,6617.31,Sí
OT00239,Puesta en operación,2026-03-17 07:45:47,Tec_01,EQ152,Torno CNC,Planta_A,12,Mecánica,Media,3,3222.87,No
OT00239,Puesta en operación,2026-03-17 07:45:47,Tec_01,EQ152,Torno CNC,Planta_A,12,Mecánica,Media,3,3222.87,No
OT00367,Asignación de técnico,2026-03-17 08:04:22,Jefe_Mantenimiento,EQ010,Torno CNC,Planta_A,8,Mecánica,Baja,0,783.97,No
OT00363,Prueba,2026-03-17 08:09:05,Tec_03,EQ431,Prensa hidráulica,Planta_A,6,Hidráulica,Baja,1,733.31,No
OT00340,Puesta en operación,2026-03-17 08:10:58,Tec_05,EQ379,Prensa hidráulica,Planta_A,4,Software,Media,0,1400.0,No
OT00361,Asignación de técnico,2026-03-17 08:17:41,Jefe_Mantenimiento,EQ727,Torno CNC,Planta_B,11,Mecánica,Baja,2,680.87,No
OT00369,Diagnóstico,2026-03-17 08:25:31,Tec_B01,EQ371,Montacargas,Planta_B,18,Hidráulica,Baja,8,384.07,No
OT00328,Puesta en operación,2026-03-17 08:29:54,Tec_05,EQ052,Torno CNC,Planta_A,8,Mecánica,Media,1,6617.31,Sí
OT00363,Puesta en operación,2026-03-17 08:50:45,Tec_03,EQ431,Prensa hidráulica,Planta_A,6,Hidráulica,Baja,1,733.31,No
OT00353,Prueba,2026-03-17 08:58:24,Tec_07,EQ317,Compresor,Planta_B,15,Software,Media,2,2430.0,No
OT00356,Reparación,2026-03-17 09:16:47,Tec_06,EQ529,Bomba,Planta_B,14,Mecánica,Media,2,2849.71,Sí
OT00353,Puesta en operación,2026-03-17 09:20:09,Tec_07,EQ317,Compresor,Planta_B,15,Software,Media,2,2430.0,No
OT00360,Reparación,2026-03-17 09:24:23,Tec_06,EQ523,Torno CNC,Planta_B,15,Mecánica,Media,1,934.79,Sí
OT00334,Reparación,2026-03-17 09:28:07,Tec_02,EQ098,Compresor,Planta_A,6,Mecánica,Baja,1,3588.51,No
OT00369,Asignación de técnico,2026-03-17 09:36:00,Jefe_Mantenimiento,EQ371,Montacargas,Planta_B,18,Hidráulica,Baja,8,384.07,No
OT00371,Falla reportada,2026-03-17 09:54:56,Operador_07,EQ334,Prensa hidráulica,Planta_A,7,Eléctrica,Media,2,1850.99,No
OT00374,Reparación,2026-03-17 10:10:47,Tec_02,EQ330,Bomba,Planta_A,14,Eléctrica,Media,3,3369.15,No
OT00338,Prueba fallida,2026-03-17 10:23:33,Tec_05,EQ557,Bomba,Planta_A,14,Eléctrica,Media,4,4200.0,Sí
OT00362,Recepción de repuesto,2026-03-17 10:29:30,Bodega,EQ547,Compresor,Planta_A,6,Eléctrica,Media,0,2979.51,Sí
OT00356,Prueba fallida,2026-03-17 10:39:17,Tec_06,EQ529,Bomba,Planta_B,14,Mecánica,Media,2,2849.71,Sí
OT00369,Reparación,2026-03-17 10:59:03,Tec_07,EQ371,Montacargas,Planta_B,18,Hidráulica,Baja,8,384.07,No
OT00360,Prueba,2026-03-17 11:34:56,Tec_06,EQ523,Torno CNC,Planta_B,15,Mecánica,Media,1,934.79,Sí
OT00374,Prueba fallida,2026-03-17 11:48:11,Tec_02,EQ330,Bomba,Planta_A,14,Eléctrica,Media,3,3369.15,No
OT00361,Reparación,2026-03-17 12:00:25,Tec_06,EQ727,Torno CNC,Planta_B,11,Mecánica,Baja,2,680.87,No
OT00334,Prueba,2026-03-17 12:12:00,Tec_02,EQ098,Compresor,Planta_A,6,Mecánica,Baja,1,3588.51,No
OT00362,Reparación,2026-03-17 12:23:55,Tec_04,EQ547,Compresor,Planta_A,6,Eléctrica,Media,0,2979.51,Sí
OT00360,Puesta en operación,2026-03-17 12:28:49,Tec_06,EQ523,Torno CNC,Planta_B,15,Mecánica,Media,1,934.79,Sí
OT00334,Puesta en operación,2026-03-17 12:46:54,Tec_02,EQ098,Compresor,Planta_A,6,Mecánica,Baja,1,3588.51,No
OT00369,Prueba,2026-03-17 13:00:04,Tec_07,EQ371,Montacargas,Planta_B,18,Hidráulica,Baja,8,384.07,No
OT00367,Reparación,2026-03-17 13:02:57,Tec_01,EQ010,Torno CNC,Planta_A,8,Mecánica,Baja,0,783.97,No
OT00356,Nueva reparación,2026-03-17 13:03:41,Tec_06,EQ529,Bomba,Planta_B,14,Mecánica,Media,2,2849.71,Sí
OT00371,Diagnóstico,2026-03-17 13:50:41,Tec_04,EQ334,Prensa hidráulica,Planta_A,7,Eléctrica,Media,2,1850.99,No
OT00362,Prueba fallida,2026-03-17 13:54:45,Tec_04,EQ547,Compresor,Planta_A,6,Eléctrica,Media,0,2979.51,Sí
OT00361,Prueba,2026-03-17 13:59:44,Tec_06,EQ727,Torno CNC,Planta_B,11,Mecánica,Baja,2,680.87,No
OT00338,Nueva reparación,2026-03-17 14:05:18,Tec_05,EQ557,Bomba,Planta_A,14,Eléctrica,Media,4,4200.0,Sí
OT00368,Falla reportada,2026-03-17 14:21:16,Operador_09,EQ114,Compresor,Planta_A,11,Hidráulica,Alta,1,2688.03,No
OT00371,Asignación de técnico,2026-03-17 14:34:32,Jefe_Mantenimiento,EQ334,Prensa hidráulica,Planta_A,7,Eléctrica,Media,2,1850.99,No
OT00367,Prueba,2026-03-17 14:42:45,Tec_01,EQ010,Torno CNC,Planta_A,8,Mecánica,Baja,0,783.97,No
OT00356,Prueba,2026-03-17 14:48:44,Tec_06,EQ529,Bomba,Planta_B,14,Mecánica,Media,2,2849.71,Sí
OT00369,Puesta en operación,2026-03-17 14:52:32,Tec_07,EQ371,Montacargas,Planta_B,18,Hidráulica,Baja,8,384.07,No
OT00368,Diagnóstico,2026-03-17 14:54:35,Tec_04,EQ114,Compresor,Planta_A,11,Hidráulica,Alta,1,2688.03,No
OT00361,Puesta en operación,2026-03-17 15:07:23,Tec_06,EQ727,Torno CNC,Planta_B,11,Mecánica,Baja,2,680.87,No
OT00374,Nueva reparación,2026-03-17 15:15:36,Tec_02,EQ330,Bomba,Planta_A,14,Eléctrica,Media,3,3369.15,No
OT00367,Puesta en operación,2026-03-17 15:17:30,Tec_01,EQ010,Torno CNC,Planta_A,8,Mecánica,Baja,0,783.97,No
OT00368,Asignación de técnico,2026-03-17 15:35:04,Jefe_Mantenimiento,EQ114,Compresor,Planta_A,11,Hidráulica,Alta,1,2688.03,No
OT00338,Prueba,2026-03-17 15:40:02,Tec_05,EQ557,Bomba,Planta_A,14,Eléctrica,Media,4,4200.0,Sí
OT00356,Puesta en operación,2026-03-17 15:49:46,Tec_06,EQ529,Bomba,Planta_B,14,Mecánica,Media,2,2849.71,Sí
OT00357,Recepción de repuesto,2026-03-17 16:03:31,Bodega,EQ555,Bomba,Planta_A,16,Hidráulica,Baja,2,5309.38,No
OT00368,Solicitud de repuesto,2026-03-17 16:05:05,Tec_02,EQ114,Compresor,Planta_A,11,Hidráulica,Alta,1,2688.03,No
OT00338,Puesta en operación,2026-03-17 16:10:20,Tec_05,EQ557,Bomba,Planta_A,14,Eléctrica,Media,4,4200.0,Sí
OT00374,Prueba fallida,2026-03-17 16:30:10,Tec_02,EQ330,Bomba,Planta_A,14,Eléctrica,Media,3,3369.15,No
OT00371,Reparación,2026-03-17 16:37:15,Tec_02,EQ334,Prensa hidráulica,Planta_A,7,Eléctrica,Media,2,1850.99,No
OT00372,Falla reportada,2026-03-17 17:22:44,Operador_07,EQ479,Bomba,Planta_A,17,Hidráulica,Media,0,712.62,Sí
OT00373,Falla reportada,2026-03-17 22:03:42,Operador_03,EQ305,Torno CNC,Planta_A,16,Eléctrica,Media,3,3200.27,Sí
OT00370,Falla reportada,2026-03-17 23:50:15,Operador_04,EQ730,Bomba,Planta_A,18,Mecánica,Baja,1,5693.96,Sí
OT00375,Falla reportada,2026-03-18 02:56:25,Operador_08,EQ107,Torno CNC,Planta_A,14,Eléctrica,Media,4,462.7,No
OT00372,Diagnóstico,2026-03-18 07:00:00,Tec_04,EQ479,Bomba,Planta_A,17,Hidráulica,Media,0,712.62,Sí
OT00375,Diagnóstico,2026-03-18 07:00:00,Tec_01,EQ107,Torno CNC,Planta_A,14,Eléctrica,Media,4,462.7,No
OT00364,Recepción de repuesto,2026-03-18 07:00:00,Bodega,EQ722,Bomba,Planta_A,10,Hidráulica,Media,1,3254.0,No
OT00373,Diagnóstico,2026-03-18 07:00:00,Tec_02,EQ305,Torno CNC,Planta_A,16,Eléctrica,Media,3,3200.27,Sí
OT00357,Reparación,2026-03-18 07:00:00,Tec_05,EQ555,Bomba,Planta_A,16,Hidráulica,Baja,2,5309.38,No
OT00371,Prueba fallida,2026-03-18 07:00:00,Tec_02,EQ334,Prensa hidráulica,Planta_A,7,Eléctrica,Media,2,1850.99,No
OT00362,Nueva reparación,2026-03-18 07:00:00,Tec_04,EQ547,Compresor,Planta_A,6,Eléctrica,Media,0,2979.51,Sí
OT00372,Asignación de técnico,2026-03-18 07:17:43,Jefe_Mantenimiento,EQ479,Bomba,Planta_A,17,Hidráulica,Media,0,712.62,Sí
OT00374,Nueva reparación,2026-03-18 07:22:00,Tec_02,EQ330,Bomba,Planta_A,14,Eléctrica,Media,3,3369.15,No
OT00370,Diagnóstico,2026-03-18 07:29:00,Tec_02,EQ730,Bomba,Planta_A,18,Mecánica,Baja,1,5693.96,Sí
OT00362,Prueba,2026-03-18 07:32:54,Tec_04,EQ547,Compresor,Planta_A,6,Eléctrica,Media,0,2979.51,Sí
OT00373,Asignación de técnico,2026-03-18 07:52:18,Jefe_Mantenimiento,EQ305,Torno CNC,Planta_A,16,Eléctrica,Media,3,3200.27,Sí
OT00350,Aprobación de compra,2026-03-18 08:00:00,Gerencia,EQ713,Bomba,Planta_A,8,Mecánica,Alta,0,3679.2,No
OT00335,Cierre,2026-03-18 08:00:00,Administracion_Mtto,EQ334,Prensa hidráulica,Planta_A,7,Eléctrica,Baja,1,975.33,Sí
OT00375,Asignación de técnico,2026-03-18 08:03:50,Jefe_Mantenimiento,EQ107,Torno CNC,Planta_A,14,Eléctrica,Media,4,462.7,No
OT00370,Asignación de técnico,2026-03-18 08:04:50,Jefe_Mantenimiento,EQ730,Bomba,Planta_A,18,Mecánica,Baja,1,5693.96,Sí
OT00304,Cierre,2026-03-18 08:19:00,Administracion_Mtto,EQ396,Bomba,Planta_B,16,Software,Baja,1,2800.0,No
OT00373,Solicitud de repuesto,2026-03-18 08:22:19,Tec_03,EQ305,Torno CNC,Planta_A,16,Eléctrica,Media,3,3200.27,Sí
OT00352,Cierre,2026-03-18 08:23:21,Administracion_Mtto,EQ463,Compresor,Planta_B,4,Mecánica,Media,1,1011.58,Sí
OT00362,Puesta en operación,2026-03-18 08:25:35,Tec_04,EQ547,Compresor,Planta_A,6,Eléctrica,Media,0,2979.51,Sí
OT00289,Cierre,2026-03-18 08:26:00,Administracion_Mtto,EQ511,Torno CNC,Planta_A,3,Hidráulica,Baja,2,2977.61,No
OT00374,Prueba,2026-03-18 08:32:52,Tec_02,EQ330,Bomba,Planta_A,14,Eléctrica,Media,3,3369.15,No
OT00370,Solicitud de repuesto,2026-03-18 08:34:51,Tec_03,EQ730,Bomba,Planta_A,18,Mecánica,Baja,1,5693.96,Sí
OT00372,Reparación,2026-03-18 08:54:32,Tec_03,EQ479,Bomba,Planta_A,17,Hidráulica,Media,0,712.62,Sí
OT00357,Prueba fallida,2026-03-18 09:04:17,Tec_05,EQ555,Bomba,Planta_A,16,Hidráulica,Baja,2,5309.38,No
OT00374,Puesta en operación,2026-03-18 09:15:57,Tec_02,EQ330,Bomba,Planta_A,14,Eléctrica,Media,3,3369.15,No
OT00375,Reparación,2026-03-18 11:22:50,Tec_01,EQ107,Torno CNC,Planta_A,14,Eléctrica,Media,4,462.7,No
OT00371,Nueva reparación,2026-03-18 11:23:43,Tec_02,EQ334,Prensa hidráulica,Planta_A,7,Eléctrica,Media,2,1850.99,No
OT00338,Cierre,2026-03-18 11:43:37,Administracion_Mtto,EQ557,Bomba,Planta_A,14,Eléctrica,Media,4,4200.0,Sí
OT00371,Prueba,2026-03-18 12:01:21,Tec_02,EQ334,Prensa hidráulica,Planta_A,7,Eléctrica,Media,2,1850.99,No
OT00371,Puesta en operación,2026-03-18 12:21:30,Tec_02,EQ334,Prensa hidráulica,Planta_A,7,Eléctrica,Media,2,1850.99,No
OT00372,Prueba,2026-03-18 12:48:07,Tec_03,EQ479,Bomba,Planta_A,17,Hidráulica,Media,0,712.62,Sí
OT00357,Nueva reparación,2026-03-18 13:30:14,Tec_05,EQ555,Bomba,Planta_A,16,Hidráulica,Baja,2,5309.38,No
OT00364,Reparación,2026-03-18 13:32:18,Tec_05,EQ722,Bomba,Planta_A,10,Hidráulica,Media,1,3254.0,No
OT00282,Recepción de repuesto,2026-03-18 13:38:55,Bodega,EQ403,Compresor,Planta_A,13,Eléctrica,Media,2,1514.27,No
OT00372,Puesta en operación,2026-03-18 13:44:23,Tec_03,EQ479,Bomba,Planta_A,17,Hidráulica,Media,0,712.62,Sí
OT00375,Prueba,2026-03-18 13:49:40,Tec_01,EQ107,Torno CNC,Planta_A,14,Eléctrica,Media,4,462.7,No
OT00364,Prueba fallida,2026-03-18 15:45:51,Tec_05,EQ722,Bomba,Planta_A,10,Hidráulica,Media,1,3254.0,No
OT00357,Prueba fallida,2026-03-18 16:03:57,Tec_05,EQ555,Bomba,Planta_A,16,Hidráulica,Baja,2,5309.38,No
OT00375,Puesta en operación,2026-03-18 16:09:37,Tec_01,EQ107,Torno CNC,Planta_A,14,Eléctrica,Media,4,462.7,No
OT00282,Reparación,2026-03-18 16:27:15,Tec_01,EQ403,Compresor,Planta_A,13,Eléctrica,Media,2,1514.27,No
OT00376,Falla reportada,2026-03-18 19:37:12,Operador_03,EQ463,Compresor,Planta_B,4,Mecánica,Media,2,1888.73,No
OT00377,Falla reportada,2026-03-18 22:38:02,Operador_11,EQ047,Compresor,Planta_A,14,Mecánica,Media,5,4301.21,No
OT00382,Falla reportada,2026-03-19 05:09:50,Operador_01,EQ008,Prensa hidráulica,Planta_A,8,Hidráulica,Alta,1,300.01,Sí
OT00357,Nueva reparación,2026-03-19 07:00:00,Tec_05,EQ555,Bomba,Planta_A,16,Hidráulica,Baja,2,5309.38,No
OT00282,Prueba,2026-03-19 07:00:00,Tec_01,EQ403,Compresor,Planta_A,13,Eléctrica,Media,2,1514.27,No
OT00377,Diagnóstico,2026-03-19 07:11:00,Tec_05,EQ047,Compresor,Planta_A,14,Mecánica,Media,5,4301.21,No
OT00290,Recepción de repuesto ,2026-03-19 07:13:00,Bodega,EQ490,Torno CNC,Planta_B,18,Eléctrica,Alta,3,3240.07,Sí
OT00376,Diagnóstico,2026-03-19 07:13:00,Tec_B01,EQ463,Compresor,Planta_B,4,Mecánica,Media,2,1888.73,No
OT00382,Diagnóstico,2026-03-19 07:24:00,Tec_02,EQ008,Prensa hidráulica,Planta_A,8,Hidráulica,Alta,1,300.01,Sí
OT00364,Nueva reparación,2026-03-19 07:29:00,Tec_05,EQ722,Bomba,Planta_A,10,Hidráulica,Media,1,3254.0,No
OT00282,Puesta en operación,2026-03-19 07:41:56,Tec_01,EQ403,Compresor,Planta_A,13,Eléctrica,Media,2,1514.27,No
OT00377,Asignación de técnico,2026-03-19 07:53:38,Jefe_Mantenimiento,EQ047,Compresor,Planta_A,14,Mecánica,Media,5,4301.21,No
OT00376,Asignación de técnico,2026-03-19 07:58:52,Jefe_Mantenimiento,EQ463,Compresor,Planta_B,4,Mecánica,Media,2,1888.73,No
OT00333,Cierre,2026-03-19 08:00:00,Administracion_Mtto,EQ364,Torno CNC,Planta_B,10,Eléctrica,Media,1,788.77,Sí
OT00349,Cierre,2026-03-19 08:00:00,Administracion_Mtto,EQ252,Bomba,Planta_B,10,Eléctrica,Media,2,1400.0,Sí
OT00360,Cierre,2026-03-19 08:00:00,Administracion_Mtto,EQ523,Torno CNC,Planta_B,15,Mecánica,Media,1,934.79,Sí
OT00369,Cierre,2026-03-19 08:00:00,Administracion_Mtto,EQ371,Montacargas,Planta_B,18,Hidráulica,Baja,8,384.07,No
OT00366,Aprobación de compra,2026-03-19 08:00:00,Gerencia,EQ600,Montacargas,Planta_A,17,Mecánica,Alta,4,6819.36,No
OT00341,Cierre,2026-03-19 08:00:00,Administracion_Mtto,EQ581,Compresor,Planta_A,14,Hidráulica,Media,1,2800.0,No
OT00382,Asignación de técnico,2026-03-19 08:06:51,Jefe_Mantenimiento,EQ008,Prensa hidráulica,Planta_A,8,Hidráulica,Alta,1,300.01,Sí
OT00337,Cierre,2026-03-19 08:12:00,Administracion_Mtto,EQ024,Compresor,Planta_A,5,Mecánica,Baja,0,2749.03,No
OT00354,Aprobación de compra,2026-03-19 08:21:00,Gerencia,EQ473,Bomba,Planta_A,14,Eléctrica,Alta,3,4741.99,No
OT00377,Solicitud de repuesto,2026-03-19 08:23:39,Tec_02,EQ047,Compresor,Planta_A,14,Mecánica,Media,5,4301.21,No
OT00376,Solicitud de repuesto,2026-03-19 08:28:53,Tec_07,EQ463,Compresor,Planta_B,4,Mecánica,Media,2,1888.73,No
OT00328,Cierre,2026-03-19 08:51:29,Administracion_Mtto,EQ052,Torno CNC,Planta_A,8,Mecánica,Media,1,6617.31,Sí
OT00364,Prueba,2026-03-19 09:21:35,Tec_05,EQ722,Bomba,Planta_A,10,Hidráulica,Media,1,3254.0,No
OT00357,Prueba,2026-03-19 09:22:50,Tec_05,EQ555,Bomba,Planta_A,16,Hidráulica,Baja,2,5309.38,No
OT00358,Cierre,2026-03-19 10:19:34,Administracion_Mtto,EQ262,Torno CNC,Planta_A,2,Software,Media,0,761.31,No
OT00357,Puesta en operación,2026-03-19 10:33:22,Tec_05,EQ555,Bomba,Planta_A,16,Hidráulica,Baja,2,5309.38,No
OT00382,Reparación,2026-03-19 10:48:02,Tec_01,EQ008,Prensa hidráulica,Planta_A,8,Hidráulica,Alta,1,300.01,Sí
OT00364,Puesta en operación,2026-03-19 11:09:27,Tec_05,EQ722,Bomba,Planta_A,10,Hidráulica,Media,1,3254.0,No
OT00382,Prueba,2026-03-19 11:26:17,Tec_01,EQ008,Prensa hidráulica,Planta_A,8,Hidráulica,Alta,1,300.01,Sí
OT00290,Reparación,2026-03-19 11:31:53,Tec_07,EQ490,Torno CNC,Planta_B,18,Eléctrica,Alta,3,3240.07,Sí
OT00379,Falla reportada,2026-03-19 11:38:03,Operador_10,EQ272,Compresor,Planta_A,18,Mecánica,Alta,1,677.8,Sí
OT00380,Falla reportada,2026-03-19 11:57:23,Operador_08,EQ128,Compresor,Planta_A,18,Mecánica,Baja,2,3693.2,No
OT00379,Diagnóstico,2026-03-19 12:18:16,Tec_05,EQ272,Compresor,Planta_A,18,Mecánica,Alta,1,677.8,Sí
OT00379,Asignación de técnico,2026-03-19 12:46:16,Jefe_Mantenimiento,EQ272,Compresor,Planta_A,18,Mecánica,Alta,1,677.8,Sí
OT00290,Prueba fallida,2026-03-19 13:12:42,Tec_07,EQ490,Torno CNC,Planta_B,18,Eléctrica,Alta,3,3240.07,Sí
OT00382,Puesta en operación,2026-03-19 13:44:09,Tec_01,EQ008,Prensa hidráulica,Planta_A,8,Hidráulica,Alta,1,300.01,Sí
OT00379,Reparación,2026-03-19 14:20:12,Tec_04,EQ272,Compresor,Planta_A,18,Mecánica,Alta,1,677.8,Sí
OT00322,Cierre,2026-03-19 14:26:12,Administracion_Mtto,EQ138,Compresor,Planta_A,17,Mecánica,Media,2,5708.41,No
OT00359,Cierre,2026-03-19 14:32:56,Administracion_Mtto,EQ219,Bomba,Planta_A,12,Eléctrica,Media,4,356.96,No
OT00347,Cierre,2026-03-19 15:34:51,Administracion_Mtto,EQ574,Prensa hidráulica,Planta_B,15,Eléctrica,Media,3,1400.0,Sí
OT00290,Nueva reparación,2026-03-19 15:39:06,Tec_07,EQ490,Torno CNC,Planta_B,18,Eléctrica,Alta,3,3240.07,Sí
OT00379,Prueba,2026-03-19 15:58:06,Tec_04,EQ272,Compresor,Planta_A,18,Mecánica,Alta,1,677.8,Sí
OT00290,Prueba,2026-03-19 16:41:16,Tec_07,EQ490,Torno CNC,Planta_B,18,Eléctrica,Alta,3,3240.07,Sí
OT00383,Falla reportada,2026-03-19 16:56:44,Operador_06,EQ069,Bomba,Planta_A,12,Mecánica,Baja,0,755.53,Sí
OT00381,Falla reportada,2026-03-19 18:12:13,Operador_09,EQ387,Compresor,Planta_A,11,Eléctrica,Baja,3,1939.71,Sí
OT00378,Falla reportada,2026-03-19 19:18:02,Operador_12,EQ700,Torno CNC,Planta_A,9,Software,Media,2,4200.0,Sí
OT00385,Falla reportada,2026-03-20 06:06:16,Operador_10,EQ673,Montacargas,Planta_A,9,Hidráulica,Baja,2,6364.48,No
OT00379,Puesta en operación,2026-03-20 07:00:00,Tec_04,EQ272,Compresor,Planta_A,18,Mecánica,Alta,1,677.8,Sí
OT00290,Puesta en operación,2026-03-20 07:00:00,Tec_07,EQ490,Torno CNC,Planta_B,18,Eléctrica,Alta,3,3240.07,Sí
OT00383,Diagnóstico,2026-03-20 07:00:00,Tec_04,EQ069,Bomba,Planta_A,12,Mecánica,Baja,0,755.53,Sí
OT00380,Diagnóstico,2026-03-20 07:00:00,Tec_05,EQ128,Compresor,Planta_A,18,Mecánica,Baja,2,3693.2,No
OT00381,Diagnóstico,2026-03-20 07:00:00,Tec_04,EQ387,Compresor,Planta_A,11,Eléctrica,Baja,3,1939.71,Sí
OT00378,Diagnóstico,2026-03-20 07:00:00,Tec_02,EQ700,Torno CNC,Planta_A,9,Software,Media,2,4200.0,Sí
OT00376,Recepción de repuesto,2026-03-20 07:11:00,Bodega,EQ463,Compresor,Planta_B,4,Mecánica,Media,2,1888.73,No
OT00354,Recepción de repuesto,2026-03-20 07:12:00,Bodega,EQ473,Bomba,Planta_A,14,Eléctrica,Alta,3,4741.99,No
OT00381,Asignación de técnico,2026-03-20 07:43:26,Jefe_Mantenimiento,EQ387,Compresor,Planta_A,11,Eléctrica,Baja,3,1939.71,Sí
OT00385,Diagnóstico,2026-03-20 07:43:42,Tec_05,EQ673,Montacargas,Planta_A,9,Hidráulica,Baja,2,6364.48,No
OT00378,Asignación de técnico,2026-03-20 07:47:30,Jefe_Mantenimiento,EQ700,Torno CNC,Planta_A,9,Software,Media,2,4200.0,Sí
OT00384,Falla reportada,2026-03-20 07:48:13,Operador_09,EQ296,Compresor,Planta_A,12,Mecánica,Baja,1,4243.13,Sí
OT00287,Cierre,2026-03-20 08:00:00,Administracion_Mtto,EQ363,Bomba,Planta_A,12,Eléctrica,Alta,0,2627.41,No
OT00348,Aprobación de compra,2026-03-20 08:00:00,Gerencia,EQ444,Bomba,Planta_B,16,Mecánica,Media,2,4502.91,Sí
OT00340,Cierre,2026-03-20 08:00:00,Administracion_Mtto,EQ379,Prensa hidráulica,Planta_A,4,Software,Media,0,1400.0,No
OT00383,Asignación de técnico,2026-03-20 08:07:13,Jefe_Mantenimiento,EQ069,Bomba,Planta_A,12,Mecánica,Baja,0,755.53,Sí
OT00351,Cierre,2026-03-20 08:10:00,Administracion_Mtto,EQ244,Torno CNC,Planta_B,18,Eléctrica,Baja,1,1396.27,Sí
OT00381,Solicitud de repuesto,2026-03-20 08:13:27,Tec_01,EQ387,Compresor,Planta_A,11,Eléctrica,Baja,3,1939.71,Sí
OT00308,Cierre,2026-03-20 08:15:12,Administracion_Mtto,EQ629,Prensa hidráulica,Planta_B,4,Eléctrica,Alta,1,1591.04,No
OT00380,Asignación de técnico,2026-03-20 08:20:37,Jefe_Mantenimiento,EQ128,Compresor,Planta_A,18,Mecánica,Baja,2,3693.2,No
OT00334,Cierre,2026-03-20 08:22:00,Administracion_Mtto,EQ098,Compresor,Planta_A,6,Mecánica,Baja,1,3588.51,No
OT00361,Cierre,2026-03-20 08:25:56,Administracion_Mtto,EQ727,Torno CNC,Planta_B,11,Mecánica,Baja,2,680.87,No
OT00357,Cierre,2026-03-20 08:39:38,Administracion_Mtto,EQ555,Bomba,Planta_A,16,Hidráulica,Baja,2,5309.38,No
OT00384,Diagnóstico,2026-03-20 08:40:52,Tec_01,EQ296,Compresor,Planta_A,12,Mecánica,Baja,1,4243.13,Sí
OT00380,Solicitud de repuesto,2026-03-20 08:50:38,Tec_02,EQ128,Compresor,Planta_A,18,Mecánica,Baja,2,3693.2,No
OT00385,Asignación de técnico ,2026-03-20 09:21:41,Jefe_Mantenimiento,EQ673,Montacargas,Planta_A,9,Hidráulica,Baja,2,6364.48,No
OT00385,Solicitud de repuesto,2026-03-20 09:51:42,Tec_05,EQ673,Montacargas,Planta_A,9,Hidráulica,Baja,2,6364.48,No
OT00376,Reparación,2026-03-20 09:57:26,Tec_07,EQ463,Compresor,Planta_B,4,Mecánica,Media,2,1888.73,No
OT00384,Asignación de técnico,2026-03-20 10:38:23,Jefe_Mantenimiento,EQ296,Compresor,Planta_A,12,Mecánica,Baja,1,4243.13,Sí
OT00384,Solicitud de repuesto,2026-03-20 11:08:24,Tec_04,EQ296,Compresor,Planta_A,12,Mecánica,Baja,1,4243.13,Sí
OT00376,Prueba,2026-03-20 11:56:06,Tec_07,EQ463,Compresor,Planta_B,4,Mecánica,Media,2,1888.73,No
OT00383,Reparación,2026-03-20 12:00:13,Tec_04,EQ069,Bomba,Planta_A,12,Mecánica,Baja,0,755.53,Sí
OT00378,Reparación,2026-03-20 12:08:45,Tec_04,EQ700,Torno CNC,Planta_A,9,Software,Media,2,4200.0,Sí
OT00376,Puesta en operación,2026-03-20 12:20:21,Tec_07,EQ463,Compresor,Planta_B,4,Mecánica,Media,2,1888.73,No
OT00354,Reparación,2026-03-20 12:41:18,Tec_01,EQ473,Bomba,Planta_A,14,Eléctrica,Alta,3,4741.99,No
OT00378,Prueba fallida,2026-03-20 13:24:20,Tec_04,EQ700,Torno CNC,Planta_A,9,Software,Media,2,4200.0,Sí
OT00383,Prueba,2026-03-20 13:34:36,Tec_04,EQ069,Bomba,Planta_A,12,Mecánica,Baja,0,755.53,Sí
OT00354,Prueba,2026-03-20 13:37:19,Tec_01,EQ473,Bomba,Planta_A,14,Eléctrica,Alta,3,4741.99,No
OT00354,Puesta en operación,2026-03-20 14:08:34,Tec_01,EQ473,Bomba,Planta_A,14,Eléctrica,Alta,3,4741.99,No
OT00383,Puesta en operación,2026-03-20 14:31:55,Tec_04,EQ069,Bomba,Planta_A,12,Mecánica,Baja,0,755.53,Sí
OT00390,Falla reportada,2026-03-20 15:09:14,Operador_12,EQ315,Compresor,Planta_B,2,Eléctrica,Baja,0,2800.0,No
OT00387,Falla reportada,2026-03-20 15:15:29,Operador_06,EQ115,Torno CNC,Planta_A,16,Eléctrica,Media,2,5362.98,No
OT00388,Falla reportada,2026-03-20 15:32:39,Operador_01,EQ267,Torno CNC,Planta_A,12,Eléctrica,Baja,4,2800.0,Sí
OT00387,Diagnóstico,2026-03-20 16:05:00,Tec_03,EQ115,Torno CNC,Planta_A,16,Eléctrica,Media,2,5362.98,No
OT00386,Falla reportada,2026-03-20 16:08:16,Operador_03,EQ197,Prensa hidráulica,Planta_A,15,Hidráulica,Baja,5,2496.71,Sí
OT00387,Asignación de técnico,2026-03-20 16:53:28,Jefe_Mantenimiento,EQ115,Torno CNC,Planta_A,16,Eléctrica,Media,2,5362.98,No
OT00387,Solicitud de repuesto,2026-03-20 17:23:29,Tec_01,EQ115,Torno CNC,Planta_A,16,Eléctrica,Media,2,5362.98,No
OT00389,Falla reportada,2026-03-20 17:48:09,Operador_07,EQ520,Torno CNC,Planta_B,13,Eléctrica,Alta,1,3940.32,No
OT00391,Falla reportada,2026-03-20 23:06:43,Operador_07,EQ159,Bomba,Planta_A,18,Mecánica,Baja,3,2298.85,Sí
OT00396,Falla reportada,2026-03-21 07:43:30,Operador_08,EQ602,Bomba,Planta_A,3,Eléctrica,Alta,0,5370.75,Sí
OT00397,Falla reportada,2026-03-21 09:00:00,Operador_05,EQ529,Bomba,Planta_B,14,Mecánica,Media,3,3493.29,No
OT00393,Falla reportada,2026-03-21 11:45:05,Operador_08,EQ730,Bomba,Planta_A,18,Eléctrica,Baja,2,2800.0,Sí
OT00392,Falla reportada,2026-03-21 15:44:55,Operador_03,EQ619,Torno CNC,Planta_B,14,Mecánica,Media,2,1777.35,No
OT00395,Falla reportada,2026-03-21 18:29:51,Operador_09,EQ069,Bomba,Planta_A,12,Software,Media,1,2800.0,No
OT00394,Falla reportada,2026-03-21 20:41:24,Operador_03,EQ020,Compresor,Planta_A,3,Mecánica,Baja,2,1828.84,No
OT00401,Falla reportada,2026-03-22 04:36:30,Operador_02,EQ698,Prensa hidráulica,Planta_A,11,Mecánica,Alta,2,1400.0,Sí
OT00398,Falla reportada,2026-03-22 06:06:04,Operador_02,EQ008,Prensa hidráulica,Planta_A,8,Software,Alta,2,2800.0,Sí
OT00400,Falla reportada,2026-03-22 11:59:10,Operador_05,EQ116,Montacargas,Planta_B,10,Mecánica,Baja,2,1903.41,Sí
OT00402,Falla reportada,2026-03-22 14:29:25,Operador_10,EQ613,Torno CNC,Planta_A,18,Eléctrica,Alta,3,2394.21,No
OT00399,Falla reportada,2026-03-22 20:16:12,Operador_09,EQ014,Bomba,Planta_A,3,Hidráulica,Baja,2,1931.3,No
OT00406,Falla reportada,2026-03-23 02:37:53,Operador_12,EQ429,Torno CNC,Planta_A,16,Eléctrica,Alta,1,3725.64,Sí
OT00398,Diagnóstico,2026-03-23 07:00:00,Tec_01,EQ008,Prensa hidráulica,Planta_A,8,Software,Alta,2,2800.0,Sí
OT00390,Diagnóstico,2026-03-23 07:00:00,Tec_B01,EQ315,Compresor,Planta_B,2,Eléctrica,Baja,0,2800.0,No
OT00389,Diagnóstico,2026-03-23 07:00:00,Tec_B01,EQ520,Torno CNC,Planta_B,13,Eléctrica,Alta,1,3940.32,No
OT00348,Recepción de repuesto,2026-03-23 07:00:00,Bodega,EQ444,Bomba,Planta_B,16,Mecánica,Media,2,4502.91,Sí
OT00366,Recepción de repuesto,2026-03-23 07:00:00,Bodega,EQ600,Montacargas,Planta_A,17,Mecánica,Alta,4,6819.36,No
OT00388,Diagnóstico,2026-03-23 07:00:00,Tec_02,EQ267,Torno CNC,Planta_A,12,Eléctrica,Baja,4,2800.0,Sí
OT00401,Diagnóstico,2026-03-23 07:00:00,Tec_05,EQ698,Prensa hidráulica,Planta_A,11,Mecánica,Alta,2,1400.0,Sí
OT00392,Diagnóstico,2026-03-23 07:00:00,Tec_B01,EQ619,Torno CNC,Planta_B,14,Mecánica,Media,2,1777.35,No
OT00393,Diagnóstico,2026-03-23 07:00:00,Tec_03,EQ730,Bomba,Planta_A,18,Eléctrica,Baja,2,2800.0,Sí
OT00391,Diagnóstico,2026-03-23 07:00:00,Tec_01,EQ159,Bomba,Planta_A,18,Mecánica,Baja,3,2298.85,Sí
OT00329,Recepción de repuesto,2026-03-23 07:00:00,Bodega,EQ204,Prensa hidráulica,Planta_B,12,Hidráulica,Alta,2,1465.52,No
OT00402,Diagnóstico,2026-03-23 07:00:00,Tec_03,EQ613,Torno CNC,Planta_A,18,Eléctrica,Alta,3,2394.21,No
OT00396,Diagnóstico,2026-03-23 07:00:00,Tec_01,EQ602,Bomba,Planta_A,3,Eléctrica,Alta,0,5370.75,Sí
OT00400,Diagnóstico,2026-03-23 07:00:00,Tec_B01,EQ116,Montacargas,Planta_B,10,Mecánica,Baja,2,1903.41,Sí
OT00395,Diagnóstico,2026-03-23 07:00:00,Tec_03,EQ069,Bomba,Planta_A,12,Software,Media,1,2800.0,No
OT00394,Diagnóstico,2026-03-23 07:00:00,Tec_03,EQ020,Compresor,Planta_A,3,Mecánica,Baja,2,1828.84,No
OT00385,Recepción de repuesto,2026-03-23 07:00:00,Bodega,EQ673,Montacargas,Planta_A,9,Hidráulica,Baja,2,6364.48,No
OT00378,Nueva reparación,2026-03-23 07:00:00,Tec_04,EQ700,Torno CNC,Planta_A,9,Software,Media,2,4200.0,Sí
OT00386,Diagnóstico,2026-03-23 07:00:00,Tec_04,EQ197,Prensa hidráulica,Planta_A,15,Hidráulica,Baja,5,2496.71,Sí
OT00397,Diagnóstico,2026-03-23 07:00:00,Tec_B01,EQ529,Bomba,Planta_B,14,Mecánica,Media,3,3493.29,No
OT00310,Recepción de repuesto,2026-03-23 07:00:00,Bodega,EQ086,Prensa hidráulica,Planta_B,10,Eléctrica,Alta,2,3399.96,No
OT00399,Diagnóstico,2026-03-23 07:00:00,Tec_04,EQ014,Bomba,Planta_A,3,Hidráulica,Baja,2,1931.3,No
OT00406,Diagnóstico,2026-03-23 07:18:00,Tec_01,EQ429,Torno CNC,Planta_A,16,Eléctrica,Alta,1,3725.64,Sí
OT00389,Asignación de técnico,2026-03-23 07:33:50,Jefe_Mantenimiento,EQ520,Torno CNC,Planta_B,13,Eléctrica,Alta,1,3940.32,No
OT00391,Asignación de técnico,2026-03-23 07:40:59,Jefe_Mantenimiento,EQ159,Bomba,Planta_A,18,Mecánica,Baja,3,2298.85,Sí
OT00399,Asignación de técnico,2026-03-23 07:41:34,Jefe_Mantenimiento,EQ014,Bomba,Planta_A,3,Hidráulica,Baja,2,1931.3,No
OT00393,Asignación de técnico,2026-03-23 07:41:49,Jefe_Mantenimiento,EQ730,Bomba,Planta_A,18,Eléctrica,Baja,2,2800.0,Sí
OT00392,Asignación de técnico,2026-03-23 07:42:10,Jefe_Mantenimiento,EQ619,Torno CNC,Planta_B,14,Mecánica,Media,2,1777.35,No
OT00396,Asignación de técnico,2026-03-23 07:42:23,Jefe_Mantenimiento,EQ602,Bomba,Planta_A,3,Eléctrica,Alta,0,5370.75,Sí
OT00397,Asignación de técnico,2026-03-23 07:44:06,Jefe_Mantenimiento,EQ529,Bomba,Planta_B,14,Mecánica,Media,3,3493.29,No
OT00398,Asignación de técnico,2026-03-23 07:45:27,Jefe_Mantenimiento,EQ008,Prensa hidráulica,Planta_A,8,Software,Alta,2,2800.0,Sí
OT00400,Asignación de técnico,2026-03-23 07:53:02,Jefe_Mantenimiento,EQ116,Montacargas,Planta_B,10,Mecánica,Baja,2,1903.41,Sí
OT00402,Asignación de técnico,2026-03-23 07:59:38,Jefe_Mantenimiento,EQ613,Torno CNC,Planta_A,18,Eléctrica,Alta,3,2394.21,No
OT00367,Cierre,2026-03-23 08:00:00,Administracion_Mtto,EQ010,Torno CNC,Planta_A,8,Mecánica,Baja,0,783.97,No
OT00305,Cierre,2026-03-23 08:00:00,Administracion_Mtto,EQ639,Torno CNC,Planta_A,11,Eléctrica,Media,1,3463.37,No
OT00374,Cierre,2026-03-23 08:00:00,Administracion_Mtto,EQ330,Bomba,Planta_A,14,Eléctrica,Media,3,3369.15,No
OT00372,Cierre,2026-03-23 08:00:00,Administracion_Mtto,EQ479,Bomba,Planta_A,17,Hidráulica,Media,0,712.62,Sí
OT00380,Aprobación de compra,2026-03-23 08:00:00,Gerencia,EQ128,Compresor,Planta_A,18,Mecánica,Baja,2,3693.2,No
OT00342,Cierre,2026-03-23 08:00:00,Administracion_Mtto,EQ371,Montacargas,Planta_B,18,Mecánica,Alta,7,1400.0,Sí
OT00239,Cierre,2026-03-23 08:00:00,Administracion_Mtto,EQ152,Torno CNC,Planta_A,12,Mecánica,Media,3,3222.87,No
OT00319,Cierre,2026-03-23 08:00:00,Administracion_Mtto,EQ495,Torno CNC,Planta_A,5,Mecánica,Alta,0,3100.13,No
OT00324,Cierre,2026-03-23 08:00:00,Administracion_Mtto,EQ612,Compresor,Planta_A,18,Eléctrica,Alta,3,3921.02,No
OT00354,Cierre,2026-03-23 08:00:00,Administracion_Mtto,EQ473,Bomba,Planta_A,14,Eléctrica,Alta,3,4741.99,No
OT00356,Cierre,2026-03-23 08:00:00,Administracion_Mtto,EQ529,Bomba,Planta_B,14,Mecánica,Media,2,2849.71,Sí
OT00377,Aprobación de compra,2026-03-23 08:00:00,Gerencia,EQ047,Compresor,Planta_A,14,Mecánica,Media,5,4301.21,No
OT00355,Cierre,2026-03-23 08:00:00,Administracion_Mtto,EQ384,Compresor,Planta_A,15,Software,Baja,0,884.82,No
OT00375,Cierre,2026-03-23 08:00:00,Administracion_Mtto,EQ107,Torno CNC,Planta_A,14,Eléctrica,Media,4,462.7,No
OT00389,Solicitud de repuesto,2026-03-23 08:03:51,Tec_07,EQ520,Torno CNC,Planta_B,13,Eléctrica,Alta,1,3940.32,No
OT00364,Cierre,2026-03-23 08:09:18,Administracion_Mtto,EQ722,Bomba,Planta_A,10,Hidráulica,Media,1,3254.0,No
OT00391,Solicitud de repuesto,2026-03-23 08:11:00,Tec_01,EQ159,Bomba,Planta_A,18,Mecánica,Baja,3,2298.85,Sí
OT00399,Solicitud de repuesto,2026-03-23 08:11:35,Tec_04,EQ014,Bomba,Planta_A,3,Hidráulica,Baja,2,1931.3,No
OT00392,Solicitud de repuesto,2026-03-23 08:12:11,Tec_06,EQ619,Torno CNC,Planta_B,14,Mecánica,Media,2,1777.35,No
OT00396,Solicitud de repuesto,2026-03-23 08:12:24,Tec_05,EQ602,Bomba,Planta_A,3,Eléctrica,Alta,0,5370.75,Sí
OT00397,Solicitud de repuesto,2026-03-23 08:14:07,Tec_07,EQ529,Bomba,Planta_B,14,Mecánica,Media,3,3493.29,No
OT00395,Asignación de técnico,2026-03-23 08:15:04,Jefe_Mantenimiento,EQ069,Bomba,Planta_A,12,Software,Media,1,2800.0,No
OT00343,Cierre,2026-03-23 08:21:00,Administracion_Mtto,EQ211,Compresor,Planta_A,3,Eléctrica,Media,0,2345.27,No
OT00390,Asignación de técnico,2026-03-23 08:22:13,Jefe_Mantenimiento,EQ315,Compresor,Planta_B,2,Eléctrica,Baja,0,2800.0,No
OT00382,Cierre,2026-03-23 08:23:00,Administracion_Mtto,EQ008,Prensa hidráulica,Planta_A,8,Hidráulica,Alta,1,300.01,Sí
OT00400,Solicitud de repuesto,2026-03-23 08:23:03,Tec_07,EQ116,Montacargas,Planta_B,10,Mecánica,Baja,2,1903.41,Sí
OT00388,Asignación de técnico,2026-03-23 08:23:17,Jefe_Mantenimiento,EQ267,Torno CNC,Planta_A,12,Eléctrica,Baja,4,2800.0,Sí
OT00345,Cierre,2026-03-23 08:24:00,Administracion_Mtto,EQ047,Compresor,Planta_A,14,Mecánica,Media,4,395.28,Sí
OT00406,Asignación de técnico,2026-03-23 08:26:25,Jefe_Mantenimiento,EQ429,Torno CNC,Planta_A,16,Eléctrica,Alta,1,3725.64,Sí
OT00402,Solicitud de repuesto,2026-03-23 08:29:39,Tec_02,EQ613,Torno CNC,Planta_A,18,Eléctrica,Alta,3,2394.21,No
OT00386,Asignación de técnico,2026-03-23 08:31:07,Jefe_Mantenimiento,EQ197,Prensa hidráulica,Planta_A,15,Hidráulica,Baja,5,2496.71,Sí
OT00394,Asignación de técnico,2026-03-23 08:32:57,Jefe_Mantenimiento,EQ020,Compresor,Planta_A,3,Mecánica,Baja,2,1828.84,No
OT00385,Reparación,2026-03-23 08:34:20,Tec_05,EQ673,Montacargas,Planta_A,9,Hidráulica,Baja,2,6364.48,No
OT00378,Prueba fallida,2026-03-23 08:36:34,Tec_04,EQ700,Torno CNC,Planta_A,9,Software,Media,2,4200.0,Sí
OT00401,Asignación de técnico,2026-03-23 08:37:31,Jefe_Mantenimiento,EQ698,Prensa hidráulica,Planta_A,11,Mecánica,Alta,2,1400.0,Sí
OT00366,Reparación,2026-03-23 08:40:09,Tec_03,EQ600,Montacargas,Planta_A,17,Mecánica,Alta,4,6819.36,No
OT00353,Cierre,2026-03-23 08:52:41,Administracion_Mtto,EQ317,Compresor,Planta_B,15,Software,Media,2,2430.0,No
OT00386,Solicitud de repuesto,2026-03-23 09:01:08,Tec_05,EQ197,Prensa hidráulica,Planta_A,15,Hidráulica,Baja,5,2496.71,Sí
OT00394,Solicitud de repuesto,2026-03-23 09:02:58,Tec_03,EQ020,Compresor,Planta_A,3,Mecánica,Baja,2,1828.84,No
OT00310,Reparación,2026-03-23 09:46:00,Tec_06,EQ086,Prensa hidráulica,Planta_B,10,Eléctrica,Alta,2,3399.96,No
OT00329,Reparación,2026-03-23 10:04:51,Tec_07,EQ204,Prensa hidráulica,Planta_B,12,Hidráulica,Alta,2,1465.52,No
OT00395,Reparación,2026-03-23 10:26:06,Tec_03,EQ069,Bomba,Planta_A,12,Software,Media,1,2800.0,No
OT00398,Reparación,2026-03-23 10:29:43,Tec_05,EQ008,Prensa hidráulica,Planta_A,8,Software,Alta,2,2800.0,Sí
OT00366,Prueba,2026-03-23 10:40:00,Tec_03,EQ600,Montacargas,Planta_A,17,Mecánica,Alta,4,6819.36,No
OT00388,Reparación,2026-03-23 11:13:20,Tec_05,EQ267,Torno CNC,Planta_A,12,Eléctrica,Baja,4,2800.0,Sí
OT00329,Prueba,2026-03-23 11:16:41,Tec_07,EQ204,Prensa hidráulica,Planta_B,12,Hidráulica,Alta,2,1465.52,No
OT00393,Reparación,2026-03-23 11:23:13,Tec_01,EQ730,Bomba,Planta_A,18,Eléctrica,Baja,2,2800.0,Sí
OT00348,Reparación,2026-03-23 11:24:03,Tec_06,EQ444,Bomba,Planta_B,16,Mecánica,Media,2,4502.91,Sí
OT00403,Falla reportada,2026-03-23 11:34:35,Operador_05,EQ035,Compresor,Planta_B,8,Eléctrica,Media,2,1400.0,No
OT00398,Prueba fallida,2026-03-23 11:55:14,Tec_05,EQ008,Prensa hidráulica,Planta_A,8,Software,Alta,2,2800.0,Sí
OT00387,Aprobación de compra,2026-03-23 12:00:15,Gerencia,EQ115,Torno CNC,Planta_A,16,Eléctrica,Media,2,5362.98,No
OT00390,Reparación,2026-03-23 12:04:11,Tec_07,EQ315,Compresor,Planta_B,2,Eléctrica,Baja,0,2800.0,No
OT00366,Puesta en operación,2026-03-23 12:07:38,Tec_03,EQ600,Montacargas,Planta_A,17,Mecánica,Alta,4,6819.36,No
OT00393,Prueba fallida,2026-03-23 12:14:01,Tec_01,EQ730,Bomba,Planta_A,18,Eléctrica,Baja,2,2800.0,Sí
OT00395,Prueba fallida,2026-03-23 12:46:17,Tec_03,EQ069,Bomba,Planta_A,12,Software,Media,1,2800.0,No
OT00388,Prueba fallida,2026-03-23 12:49:41,Tec_05,EQ267,Torno CNC,Planta_A,12,Eléctrica,Baja,4,2800.0,Sí
OT00406,Reparación,2026-03-23 12:54:34,Tec_01,EQ429,Torno CNC,Planta_A,16,Eléctrica,Alta,1,3725.64,Sí
OT00329,Puesta en operación,2026-03-23 12:55:11,Tec_07,EQ204,Prensa hidráulica,Planta_B,12,Hidráulica,Alta,2,1465.52,No
OT00378,Nueva reparación,2026-03-23 12:56:38,Tec_04,EQ700,Torno CNC,Planta_A,9,Software,Media,2,4200.0,Sí
OT00385,Prueba fallida,2026-03-23 13:04:13,Tec_05,EQ673,Montacargas,Planta_A,9,Hidráulica,Baja,2,6364.48,No
OT00390,Prueba fallida,2026-03-23 13:37:35,Tec_07,EQ315,Compresor,Planta_B,2,Eléctrica,Baja,0,2800.0,No
OT00378,Prueba,2026-03-23 13:58:23,Tec_04,EQ700,Torno CNC,Planta_A,9,Software,Media,2,4200.0,Sí
OT00310,Prueba,2026-03-23 14:01:44,Tec_06,EQ086,Prensa hidráulica,Planta_B,10,Eléctrica,Alta,2,3399.96,No
OT00398,Nueva reparación,2026-03-23 14:22:47,Tec_05,EQ008,Prensa hidráulica,Planta_A,8,Software,Alta,2,2800.0,Sí
OT00406,Prueba fallida,2026-03-23 14:35:42,Tec_01,EQ429,Torno CNC,Planta_A,16,Eléctrica,Alta,1,3725.64,Sí
OT00310,Puesta en operación,2026-03-23 14:56:37,Tec_06,EQ086,Prensa hidráulica,Planta_B,10,Eléctrica,Alta,2,3399.96,No
OT00312,Recepción de repuesto,2026-03-23 15:04:45,Bodega,EQ472,Torno CNC,Planta_A,7,Mecánica,Alta,0,2110.67,No
OT00348,Prueba,2026-03-23 15:06:57,Tec_06,EQ444,Bomba,Planta_B,16,Mecánica,Media,2,4502.91,Sí
OT00385,Nueva reparación,2026-03-23 15:29:35,Tec_05,EQ673,Montacargas,Planta_A,9,Hidráulica,Baja,2,6364.48,No
OT00395,Nueva reparación,2026-03-23 15:35:37,Tec_03,EQ069,Bomba,Planta_A,12,Software,Media,1,2800.0,No
OT00378,Puesta en operación,2026-03-23 16:16:39,Tec_04,EQ700,Torno CNC,Planta_A,9,Software,Media,2,4200.0,Sí
OT00388,Nueva reparación,2026-03-23 16:29:46,Tec_05,EQ267,Torno CNC,Planta_A,12,Eléctrica,Baja,4,2800.0,Sí
OT00405,Falla reportada,2026-03-23 18:51:00,Operador_06,EQ193,Torno CNC,Planta_A,12,Software,Media,8,2568.91,No
OT00407,Falla reportada,2026-03-23 20:38:41,Operador_04,EQ406,Prensa hidráulica,Planta_B,8,Mecánica,Media,0,587.6,Sí
OT00404,Falla reportada,2026-03-23 22:37:52,Operador_04,EQ574,Prensa hidráulica,Planta_B,15,Eléctrica,Alta,4,517.61,Sí
OT00408,Falla reportada,2026-03-24 00:37:11,Operador_07,EQ184,Prensa hidráulica,Planta_A,16,Software,Media,2,3849.61,Sí
OT00370,Recepción de repuesto,2026-03-24 07:00:00,Bodega,EQ730,Bomba,Planta_A,18,Mecánica,Baja,1,5693.96,Sí
OT00390,Nueva reparación,2026-03-24 07:00:00,Tec_07,EQ315,Compresor,Planta_B,2,Eléctrica,Baja,0,2800.0,No
OT00395,Prueba,2026-03-24 07:00:00,Tec_03,EQ069,Bomba,Planta_A,12,Software,Media,1,2800.0,No
OT00312,Reparación,2026-03-24 07:00:00,Tec_03,EQ472,Torno CNC,Planta_A,7,Mecánica,Alta,0,2110.67,No
OT00393,Nueva reparación,2026-03-24 07:00:00,Tec_01,EQ730,Bomba,Planta_A,18,Eléctrica,Baja,2,2800.0,Sí
OT00394,Recepción de repuesto,2026-03-24 07:00:00,Bodega,EQ020,Compresor,Planta_A,3,Mecánica,Baja,2,1828.84,No
OT00405,Diagnóstico,2026-03-24 07:00:00,Tec_01,EQ193,Torno CNC,Planta_A,12,Software,Media,8,2568.91,No
OT00406,Nueva reparación,2026-03-24 07:00:00,Tec_01,EQ429,Torno CNC,Planta_A,16,Eléctrica,Alta,1,3725.64,Sí
OT00388,Prueba,2026-03-24 07:00:00,Tec_05,EQ267,Torno CNC,Planta_A,12,Eléctrica,Baja,4,2800.0,Sí
OT00385,Prueba fallida,2026-03-24 07:00:00,Tec_05,EQ673,Montacargas,Planta_A,9,Hidráulica,Baja,2,6364.48,No
OT00398,Prueba,2026-03-24 07:00:00,Tec_05,EQ008,Prensa hidráulica,Planta_A,8,Software,Alta,2,2800.0,Sí
OT00400,Recepción de repuesto,2026-03-24 07:00:00,Bodega,EQ116,Montacargas,Planta_B,10,Mecánica,Baja,2,1903.41,Sí
OT00348,Puesta en operación,2026-03-24 07:00:00,Tec_06,EQ444,Bomba,Planta_B,16,Mecánica,Media,2,4502.91,Sí
OT00407,Diagnóstico,2026-03-24 07:07:00,Tec_B01,EQ406,Prensa hidráulica,Planta_B,8,Mecánica,Media,0,587.6,Sí
OT00401,Reparación,2026-03-24 07:17:00,Tec_02,EQ698,Prensa hidráulica,Planta_A,11,Mecánica,Alta,2,1400.0,Sí
OT00408,Diagnóstico,2026-03-24 07:22:00,Tec_01,EQ184,Prensa hidráulica,Planta_A,16,Software,Media,2,3849.61,Sí
OT00404,Diagnóstico,2026-03-24 07:26:00,Tec_B01,EQ574,Prensa hidráulica,Planta_B,15,Eléctrica,Alta,4,517.61,Sí
OT00391,Recepción de repuesto,2026-03-24 07:28:00,Bodega,EQ159,Bomba,Planta_A,18,Mecánica,Baja,3,2298.85,Sí
OT00398,Puesta en operación,2026-03-24 07:37:43,Tec_05,EQ008,Prensa hidráulica,Planta_A,8,Software,Alta,2,2800.0,Sí
OT00407,Asignación de técnico,2026-03-24 07:57:17,Jefe_Mantenimiento,EQ406,Prensa hidráulica,Planta_B,8,Mecánica,Media,0,587.6,Sí
OT00282,Cierre,2026-03-24 08:00:00,Administracion_Mtto,EQ403,Compresor,Planta_A,13,Eléctrica,Media,2,1514.27,No
OT00408,Asignación de técnico,2026-03-24 08:06:51,Jefe_Mantenimiento,EQ184,Prensa hidráulica,Planta_A,16,Software,Media,2,3849.61,Sí
OT00362,Cierre,2026-03-24 08:12:00,Administracion_Mtto,EQ547,Compresor,Planta_A,6,Eléctrica,Media,0,2979.51,Sí
OT00371,Cierre,2026-03-24 08:22:00,Administracion_Mtto,EQ334,Prensa hidráulica,Planta_A,7,Eléctrica,Media,2,1850.99,No
OT00401,Prueba,2026-03-24 08:26:21,Tec_02,EQ698,Prensa hidráulica,Planta_A,11,Mecánica,Alta,2,1400.0,Sí
OT00395,Puesta en operación,2026-03-24 08:34:30,Tec_03,EQ069,Bomba,Planta_A,12,Software,Media,1,2800.0,No
OT00406,Prueba fallida,2026-03-24 08:35:23,Tec_01,EQ429,Torno CNC,Planta_A,16,Eléctrica,Alta,1,3725.64,Sí
OT00404,Asignación de técnico,2026-03-24 08:51:43,Jefe_Mantenimiento,EQ574,Prensa hidráulica,Planta_B,15,Eléctrica,Alta,4,517.61,Sí
OT00405,Asignación de técnico,2026-03-24 08:56:36,Jefe_Mantenimiento,EQ193,Torno CNC,Planta_A,12,Software,Media,8,2568.91,No
OT00388,Puesta en operación,2026-03-24 08:57:28,Tec_05,EQ267,Torno CNC,Planta_A,12,Eléctrica,Baja,4,2800.0,Sí
OT00401,Puesta en operación,2026-03-24 09:15:21,Tec_02,EQ698,Prensa hidráulica,Planta_A,11,Mecánica,Alta,2,1400.0,Sí
OT00410,Falla reportada,2026-03-24 09:16:12,Operador_08,EQ568,Bomba,Planta_A,16,Mecánica,Media,2,2037.32,Sí
OT00393,Prueba,2026-03-24 09:17:41,Tec_01,EQ730,Bomba,Planta_A,18,Eléctrica,Baja,2,2800.0,Sí
OT00405,Solicitud de repuesto,2026-03-24 09:26:37,Tec_01,EQ193,Torno CNC,Planta_A,12,Software,Media,8,2568.91,No
OT00391,Reparación,2026-03-24 09:29:27,Tec_01,EQ159,Bomba,Planta_A,18,Mecánica,Baja,3,2298.85,Sí
OT00370,Reparación,2026-03-24 09:46:09,Tec_03,EQ730,Bomba,Planta_A,18,Mecánica,Baja,1,5693.96,Sí
OT00312,Prueba,2026-03-24 09:51:35,Tec_03,EQ472,Torno CNC,Planta_A,7,Mecánica,Alta,0,2110.67,No
OT00390,Prueba,2026-03-24 10:05:41,Tec_07,EQ315,Compresor,Planta_B,2,Eléctrica,Baja,0,2800.0,No
OT00403,Diagnóstico,2026-03-24 10:10:46,Tec_B01,EQ035,Compresor,Planta_B,8,Eléctrica,Media,2,1400.0,No
OT00393,Puesta en operación,2026-03-24 10:15:58,Tec_01,EQ730,Bomba,Planta_A,18,Eléctrica,Baja,2,2800.0,Sí
OT00400,Reparación,2026-03-24 10:25:23,Tec_07,EQ116,Montacargas,Planta_B,10,Mecánica,Baja,2,1903.41,Sí
OT00390,Puesta en operación,2026-03-24 10:40:41,Tec_07,EQ315,Compresor,Planta_B,2,Eléctrica,Baja,0,2800.0,No
OT00391,Prueba,2026-03-24 10:44:46,Tec_01,EQ159,Bomba,Planta_A,18,Mecánica,Baja,3,2298.85,Sí
OT00410,Diagnóstico,2026-03-24 10:44:59,Tec_02,EQ568,Bomba,Planta_A,16,Mecánica,Media,2,2037.32,Sí
OT00414,Falla reportada,2026-03-24 10:45:19,Operador_10,EQ272,Compresor,Planta_A,18,Eléctrica,Media,2,708.56,Sí
OT00400,Prueba,2026-03-24 10:59:03,Tec_07,EQ116,Montacargas,Planta_B,10,Mecánica,Baja,2,1903.41,Sí
OT00407,Reparación,2026-03-24 11:13:37,Tec_07,EQ406,Prensa hidráulica,Planta_B,8,Mecánica,Media,0,587.6,Sí
OT00394,Reparación,2026-03-24 11:14:19,Tec_03,EQ020,Compresor,Planta_A,3,Mecánica,Baja,2,1828.84,No
OT00404,Reparación,2026-03-24 11:14:34,Tec_06,EQ574,Prensa hidráulica,Planta_B,15,Eléctrica,Alta,4,517.61,Sí
OT00385,Nueva reparación,2026-03-24 11:27:40,Tec_05,EQ673,Montacargas,Planta_A,9,Hidráulica,Baja,2,6364.48,No
OT00410,Asignación de técnico,2026-03-24 11:37:24,Jefe_Mantenimiento,EQ568,Bomba,Planta_A,16,Mecánica,Media,2,2037.32,Sí
OT00408,Reparación,2026-03-24 11:38:16,Tec_02,EQ184,Prensa hidráulica,Planta_A,16,Software,Media,2,3849.61,Sí
OT00402,Recepción de repuesto,2026-03-24 11:57:10,Bodega,EQ613,Torno CNC,Planta_A,18,Eléctrica,Alta,3,2394.21,No
OT00406,Nueva reparación,2026-03-24 11:59:10,Tec_01,EQ429,Torno CNC,Planta_A,16,Eléctrica,Alta,1,3725.64,Sí
OT00407,Prueba,2026-03-24 12:02:51,Tec_07,EQ406,Prensa hidráulica,Planta_B,8,Mecánica,Media,0,587.6,Sí
OT00378,Cierre,2026-03-24 12:05:00,Administracion_Mtto,EQ700,Torno CNC,Planta_A,9,Software,Media,2,4200.0,Sí
OT00410,Solicitud de repuesto,2026-03-24 12:07:25,Tec_05,EQ568,Bomba,Planta_A,16,Mecánica,Media,2,2037.32,Sí
OT00400,Puesta en operación,2026-03-24 12:08:24,Tec_07,EQ116,Montacargas,Planta_B,10,Mecánica,Baja,2,1903.41,Sí
OT00403,Asignación de técnico,2026-03-24 12:26:50,Jefe_Mantenimiento,EQ035,Compresor,Planta_B,8,Eléctrica,Media,2,1400.0,No
OT00404,Prueba,2026-03-24 12:29:01,Tec_06,EQ574,Prensa hidráulica,Planta_B,15,Eléctrica,Alta,4,517.61,Sí
OT00312,Puesta en operación,2026-03-24 12:42:25,Tec_03,EQ472,Torno CNC,Planta_A,7,Mecánica,Alta,0,2110.67,No
OT00391,Puesta en operación,2026-03-24 12:50:43,Tec_01,EQ159,Bomba,Planta_A,18,Mecánica,Baja,3,2298.85,Sí
OT00394,Prueba,2026-03-24 13:01:37,Tec_03,EQ020,Compresor,Planta_A,3,Mecánica,Baja,2,1828.84,No
OT00383,Cierre,2026-03-24 13:05:05,Administracion_Mtto,EQ069,Bomba,Planta_A,12,Mecánica,Baja,0,755.53,Sí
OT00370,Prueba fallida,2026-03-24 13:05:11,Tec_03,EQ730,Bomba,Planta_A,18,Mecánica,Baja,1,5693.96,Sí
OT00406,Prueba,2026-03-24 13:10:40,Tec_01,EQ429,Torno CNC,Planta_A,16,Eléctrica,Alta,1,3725.64,Sí
OT00414,Diagnóstico,2026-03-24 13:16:44,Tec_05,EQ272,Compresor,Planta_A,18,Eléctrica,Media,2,708.56,Sí
OT00408,Prueba fallida,2026-03-24 13:18:08,Tec_02,EQ184,Prensa hidráulica,Planta_A,16,Software,Media,2,3849.61,Sí
OT00394,Puesta en operación,2026-03-24 13:24:33,Tec_03,EQ020,Compresor,Planta_A,3,Mecánica,Baja,2,1828.84,No
OT00404,Puesta en operación,2026-03-24 13:25:12,Tec_06,EQ574,Prensa hidráulica,Planta_B,15,Eléctrica,Alta,4,517.61,Sí
OT00407,Puesta en operación,2026-03-24 13:26:00,Tec_07,EQ406,Prensa hidráulica,Planta_B,8,Mecánica,Media,0,587.6,Sí
OT00385,Prueba fallida,2026-03-24 13:37:59,Tec_05,EQ673,Montacargas,Planta_A,9,Hidráulica,Baja,2,6364.48,No
OT00406,Puesta en operación,2026-03-24 14:06:49,Tec_01,EQ429,Torno CNC,Planta_A,16,Eléctrica,Alta,1,3725.64,Sí
OT00414,Asignación de técnico,2026-03-24 14:11:56,Jefe_Mantenimiento,EQ272,Compresor,Planta_A,18,Eléctrica,Media,2,708.56,Sí
OT00402,Reparación,2026-03-24 14:26:53,Tec_02,EQ613,Torno CNC,Planta_A,18,Eléctrica,Alta,3,2394.21,No
OT00403,Reparación,2026-03-24 15:09:41,Tec_07,EQ035,Compresor,Planta_B,8,Eléctrica,Media,2,1400.0,No
OT00414,Reparación,2026-03-24 15:40:13,Tec_04,EQ272,Compresor,Planta_A,18,Eléctrica,Media,2,708.56,Sí
OT00411,Falla reportada,2026-03-24 15:45:56,Operador_10,EQ563,Prensa hidráulica,Planta_A,5,Hidráulica,Media,1,1936.64,No
OT00385,Nueva reparación,2026-03-24 15:53:10,Tec_05,EQ673,Montacargas,Planta_A,9,Hidráulica,Baja,2,6364.48,No
OT00402,Prueba,2026-03-24 16:38:17,Tec_02,EQ613,Torno CNC,Planta_A,18,Eléctrica,Alta,3,2394.21,No
OT00414,Prueba,2026-03-24 16:46:17,Tec_04,EQ272,Compresor,Planta_A,18,Eléctrica,Media,2,708.56,Sí
OT00412,Falla reportada,2026-03-24 19:45:49,Operador_06,EQ122,Bomba,Planta_A,15,Hidráulica,Media,3,1905.92,Sí
OT00409,Falla reportada,2026-03-24 22:08:20,Operador_04,EQ548,Bomba,Planta_B,11,Software,Media,3,638.22,No
OT00413,Falla reportada,2026-03-24 22:42:35,Operador_08,EQ561,Bomba,Planta_B,1,Mecánica,Media,0,1697.93,No
OT00416,Falla reportada,2026-03-25 06:01:39,Operador_12,EQ252,Bomba,Planta_B,10,Software,Baja,3,1050.39,Sí
OT00403,Prueba,2026-03-25 07:00:00,Tec_07,EQ035,Compresor,Planta_B,8,Eléctrica,Media,2,1400.0,No
OT00380,Recepción de repuesto,2026-03-25 07:00:00,Bodega,EQ128,Compresor,Planta_A,18,Mecánica,Baja,2,3693.2,No
OT00412,Diagnóstico,2026-03-25 07:00:00,Tec_03,EQ122,Bomba,Planta_A,15,Hidráulica,Media,3,1905.92,Sí
OT00385,Prueba,2026-03-25 07:00:00,Tec_05,EQ673,Montacargas,Planta_A,9,Hidráulica,Baja,2,6364.48,No
OT00402,Puesta en operación,2026-03-25 07:00:00,Tec_02,EQ613,Torno CNC,Planta_A,18,Eléctrica,Alta,3,2394.21,No
OT00370,Nueva reparación,2026-03-25 07:00:00,Tec_03,EQ730,Bomba,Planta_A,18,Mecánica,Baja,1,5693.96,Sí
OT00411,Diagnóstico,2026-03-25 07:00:00,Tec_01,EQ563,Prensa hidráulica,Planta_A,5,Hidráulica,Media,1,1936.64,No
OT00387,Recepción de repuesto,2026-03-25 07:00:00,Bodega,EQ115,Torno CNC,Planta_A,16,Eléctrica,Media,2,5362.98,No
OT00414,Puesta en operación,2026-03-25 07:00:00,Tec_04,EQ272,Compresor,Planta_A,18,Eléctrica,Media,2,708.56,Sí
OT00408,Nueva reparación,2026-03-25 07:00:00,Tec_02,EQ184,Prensa hidráulica,Planta_A,16,Software,Media,2,3849.61,Sí
OT00409,Diagnóstico,2026-03-25 07:15:00,Tec_B01,EQ548,Bomba,Planta_B,11,Software,Media,3,638.22,No
OT00410,Recepción de repuesto,2026-03-25 07:17:44,Bodega,EQ568,Bomba,Planta_A,16,Mecánica,Media,2,2037.32,Sí
OT00412,Asignación de técnico,2026-03-25 07:54:59,Jefe_Mantenimiento,EQ122,Bomba,Planta_A,15,Hidráulica,Media,3,1905.92,Sí
OT00413,Diagnóstico,2026-03-25 07:58:10,Tec_B01,EQ561,Bomba,Planta_B,1,Mecánica,Media,0,1697.93,No
OT00384,Aprobación de compra,2026-03-25 08:00:00,Gerencia,EQ296,Compresor,Planta_A,12,Mecánica,Baja,1,4243.13,Sí
OT00412,Solicitud de repuesto,2026-03-25 08:25:00,Tec_04,EQ122,Bomba,Planta_A,15,Hidráulica,Media,3,1905.92,Sí
OT00408,Prueba fallida,2026-03-25 08:28:48,Tec_02,EQ184,Prensa hidráulica,Planta_A,16,Software,Media,2,3849.61,Sí
OT00403,Puesta en operación,2026-03-25 08:38:55,Tec_07,EQ035,Compresor,Planta_B,8,Eléctrica,Media,2,1400.0,No
OT00409,Asignación de técnico,2026-03-25 08:45:49,Jefe_Mantenimiento,EQ548,Bomba,Planta_B,11,Software,Media,3,638.22,No
OT00411,Asignación de técnico,2026-03-25 08:46:49,Jefe_Mantenimiento,EQ563,Prensa hidráulica,Planta_A,5,Hidráulica,Media,1,1936.64,No
OT00411,Solicitud de repuesto,2026-03-25 09:16:50,Tec_05,EQ563,Prensa hidráulica,Planta_A,5,Hidráulica,Media,1,1936.64,No
OT00385,Puesta en operación,2026-03-25 09:17:10,Tec_05,EQ673,Montacargas,Planta_A,9,Hidráulica,Baja,2,6364.48,No
OT00370,Prueba fallida,2026-03-25 09:37:49,Tec_03,EQ730,Bomba,Planta_A,18,Mecánica,Baja,1,5693.96,Sí
OT00410,Reparación,2026-03-25 09:50:09,Tec_05,EQ568,Bomba,Planta_A,16,Mecánica,Media,2,2037.32,Sí
OT00413,Asignación de técnico,2026-03-25 10:06:51,Jefe_Mantenimiento,EQ561,Bomba,Planta_B,1,Mecánica,Media,0,1697.93,No
OT00413,Solicitud de repuesto,2026-03-25 10:36:52,Tec_06,EQ561,Bomba,Planta_B,1,Mecánica,Media,0,1697.93,No
OT00408,Nueva reparación,2026-03-25 10:43:35,Tec_02,EQ184,Prensa hidráulica,Planta_A,16,Software,Media,2,3849.61,Sí
OT00410,Prueba,2026-03-25 11:06:29,Tec_05,EQ568,Bomba,Planta_A,16,Mecánica,Media,2,2037.32,Sí
OT00410,Puesta en operación,2026-03-25 11:33:48,Tec_05,EQ568,Bomba,Planta_A,16,Mecánica,Media,2,2037.32,Sí
OT00410,Puesta en operación,2026-03-25 11:33:48,Tec_05,EQ568,Bomba,Planta_A,16,Mecánica,Media,2,2037.32,Sí
OT00408,Prueba,2026-03-25 11:39:10,Tec_02,EQ184,Prensa hidráulica,Planta_A,16,Software,Media,2,3849.61,Sí
OT00409,Reparación,2026-03-25 11:51:17,Tec_06,EQ548,Bomba,Planta_B,11,Software,Media,3,638.22,No
OT00380,Reparación,2026-03-25 11:54:54,Tec_02,EQ128,Compresor,Planta_A,18,Mecánica,Baja,2,3693.2,No
OT00408,Puesta en operación,2026-03-25 13:16:57,Tec_02,EQ184,Prensa hidráulica,Planta_A,16,Software,Media,2,3849.61,Sí
OT00409,Prueba,2026-03-25 13:34:46,Tec_06,EQ548,Bomba,Planta_B,11,Software,Media,3,638.22,No
OT00380,Prueba,2026-03-25 14:33:55,Tec_02,EQ128,Compresor,Planta_A,18,Mecánica,Baja,2,3693.2,No
OT00415,Falla reportada,2026-03-25 14:42:03,Operador_10,EQ547,Compresor,Planta_A,6,Hidráulica,Media,1,629.64,Sí
OT00417,Falla reportada,2026-03-25 14:43:14,Operador_07,EQ708,Bomba,Planta_A,17,Eléctrica,Baja,3,627.71,No
OT00380,Puesta en operación,2026-03-25 15:16:56,Tec_02,EQ128,Compresor,Planta_A,18,Mecánica,Baja,2,3693.2,No
OT00370,Nueva reparación,2026-03-25 15:25:21,Tec_03,EQ730,Bomba,Planta_A,18,Mecánica,Baja,1,5693.96,Sí
OT00415,Diagnóstico,2026-03-25 15:37:02,Tec_03,EQ547,Compresor,Planta_A,6,Hidráulica,Media,1,629.64,Sí
OT00417,Diagnóstico,2026-03-25 15:37:42,Tec_05,EQ708,Bomba,Planta_A,17,Eléctrica,Baja,3,627.71,No
OT00409,Puesta en operación,2026-03-25 16:22:25,Tec_06,EQ548,Bomba,Planta_B,11,Software,Media,3,638.22,No
OT00415,Asignación de técnico,2026-03-25 16:46:57,Jefe_Mantenimiento,EQ547,Compresor,Planta_A,6,Hidráulica,Media,1,629.64,Sí
OT00417,Asignación de técnico,2026-03-25 16:51:07,Jefe_Mantenimiento,EQ708,Bomba,Planta_A,17,Eléctrica,Baja,3,627.71,No
OT00387,Reparación,2026-03-25 16:53:19,Tec_01,EQ115,Torno CNC,Planta_A,16,Eléctrica,Media,2,5362.98,No
OT00418,Falla reportada,2026-03-25 23:40:17,Operador_12,EQ227,Prensa hidráulica,Planta_B,3,Eléctrica,Baja,3,593.52,No
OT00419,Falla reportada,2026-03-26 01:40:52,Operador_05,EQ145,Compresor,Planta_A,8,Mecánica,Media,1,2162.4,Sí
OT00417,Reparación,2026-03-26 07:00:00,Tec_02,EQ708,Bomba,Planta_A,17,Eléctrica,Baja,3,627.71,No
OT00412,Recepción de repuesto,2026-03-26 07:00:00,Bodega,EQ122,Bomba,Planta_A,15,Hidráulica,Media,3,1905.92,Sí
OT00415,Reparación,2026-03-26 07:00:00,Tec_05,EQ547,Compresor,Planta_A,6,Hidráulica,Media,1,629.64,Sí
OT00387,Prueba,2026-03-26 07:00:00,Tec_01,EQ115,Torno CNC,Planta_A,16,Eléctrica,Media,2,5362.98,No
OT00370,Prueba,2026-03-26 07:00:00,Tec_03,EQ730,Bomba,Planta_A,18,Mecánica,Baja,1,5693.96,Sí
OT00318,Recepción de repuesto,2026-03-26 07:00:00,Bodega,EQ523,Torno CNC,Planta_B,15,Eléctrica,Media,0,6819.16,Sí
OT00411,Recepción de repuesto,2026-03-26 07:01:00,Bodega,EQ563,Prensa hidráulica,Planta_A,5,Hidráulica,Media,1,1936.64,No
OT00416,Diagnóstico,2026-03-26 07:03:00,Tec_B01,EQ252,Bomba,Planta_B,10,Software,Baja,3,1050.39,Sí
OT00418,Diagnóstico,2026-03-26 07:16:36,Tec_B01,EQ227,Prensa hidráulica,Planta_B,3,Eléctrica,Baja,3,593.52,No
OT00419,Diagnóstico,2026-03-26 07:17:00,Tec_02,EQ145,Compresor,Planta_A,8,Mecánica,Media,1,2162.4,Sí
OT00417,Prueba,2026-03-26 07:30:21,Tec_02,EQ708,Bomba,Planta_A,17,Eléctrica,Baja,3,627.71,No
OT00387,Puesta en operación,2026-03-26 07:34:26,Tec_01,EQ115,Torno CNC,Planta_A,16,Eléctrica,Media,2,5362.98,No
OT00415,Prueba,2026-03-26 07:35:21,Tec_05,EQ547,Compresor,Planta_A,6,Hidráulica,Media,1,629.64,Sí
OT00318,Reparación,2026-03-26 07:52:39,Tec_06,EQ523,Torno CNC,Planta_B,15,Eléctrica,Media,0,6819.16,Sí
OT00366,Cierre,2026-03-26 08:00:00,Administracion_Mtto,EQ600,Montacargas,Planta_A,17,Mecánica,Alta,4,6819.36,No
OT00329,Cierre,2026-03-26 08:00:00,Administracion_Mtto,EQ204,Prensa hidráulica,Planta_B,12,Hidráulica,Alta,2,1465.52,No
OT00320,Cierre,2026-03-26 08:00:00,Administracion_Mtto,EQ088,Torno CNC,Planta_A,12,Mecánica,Media,1,2800.0,Sí
OT00418,Asignación de técnico,2026-03-26 08:00:55,Jefe_Mantenimiento,EQ227,Prensa hidráulica,Planta_B,3,Eléctrica,Baja,3,593.52,No
OT00379,Cierre,2026-03-26 08:09:00,Administracion_Mtto,EQ272,Compresor,Planta_A,18,Mecánica,Alta,1,677.8,Sí
OT00393,Cierre,2026-03-26 08:11:00,Administracion_Mtto,EQ730,Bomba,Planta_A,18,Eléctrica,Baja,2,2800.0,Sí
OT00416,Asignación de técnico,2026-03-26 08:19:57,Jefe_Mantenimiento,EQ252,Bomba,Planta_B,10,Software,Baja,3,1050.39,Sí
OT00365,Cierre,2026-03-26 08:25:00,Administracion_Mtto,EQ185,Compresor,Planta_A,18,Software,Alta,6,318.31,No
OT00290,Cierre,2026-03-26 08:25:49,Administracion_Mtto,EQ490,Torno CNC,Planta_B,18,Eléctrica,Alta,3,3240.07,Sí
OT00417,Puesta en operación,2026-03-26 08:39:18,Tec_02,EQ708,Bomba,Planta_A,17,Eléctrica,Baja,3,627.71,No
OT00415,Puesta en operación,2026-03-26 08:41:25,Tec_05,EQ547,Compresor,Planta_A,6,Hidráulica,Media,1,629.64,Sí
OT00419,Asignación de técnico,2026-03-26 08:55:23,Jefe_Mantenimiento,EQ145,Compresor,Planta_A,8,Mecánica,Media,1,2162.4,Sí
OT00370,Puesta en operación,2026-03-26 08:56:38,Tec_03,EQ730,Bomba,Planta_A,18,Mecánica,Baja,1,5693.96,Sí
OT00318,Prueba fallida,2026-03-26 09:19:00,Tec_06,EQ523,Torno CNC,Planta_B,15,Eléctrica,Media,0,6819.16,Sí
OT00419,solicitud de repuesto,2026-03-26 09:25:24,Tec_01,EQ145,Compresor,Planta_A,8,Mecánica,Media,1,2162.4,Sí
OT00411,Reparación,2026-03-26 10:00:54,Tec_05,EQ563,Prensa hidráulica,Planta_A,5,Hidráulica,Media,1,1936.64,No
OT00416,Reparación,2026-03-26 10:06:28,Tec_06,EQ252,Bomba,Planta_B,10,Software,Baja,3,1050.39,Sí
OT00412,Reparación,2026-03-26 10:15:48,Tec_04,EQ122,Bomba,Planta_A,15,Hidráulica,Media,3,1905.92,Sí
OT00411,Prueba,2026-03-26 11:22:54,Tec_05,EQ563,Prensa hidráulica,Planta_A,5,Hidráulica,Media,1,1936.64,No
OT00326,Recepción de repuesto,2026-03-26 11:24:09,Bodega,EQ206,Bomba,Planta_A,13,Hidráulica,Alta,2,2288.36,Sí
OT00416,Prueba,2026-03-26 11:31:49,Tec_06,EQ252,Bomba,Planta_B,10,Software,Baja,3,1050.39,Sí
OT00411,Puesta en operación,2026-03-26 11:54:15,Tec_05,EQ563,Prensa hidráulica,Planta_A,5,Hidráulica,Media,1,1936.64,No
OT00416,Puesta en operación,2026-03-26 12:02:20,Tec_06,EQ252,Bomba,Planta_B,10,Software,Baja,3,1050.39,Sí
OT00389,Aprobación de compra,2026-03-26 12:27:42,Gerencia,EQ520,Torno CNC,Planta_B,13,Eléctrica,Alta,1,3940.32,No
OT00412,Prueba,2026-03-26 12:45:34,Tec_04,EQ122,Bomba,Planta_A,15,Hidráulica,Media,3,1905.92,Sí
OT00418,Reparación,2026-03-26 13:10:25,Tec_07,EQ227,Prensa hidráulica,Planta_B,3,Eléctrica,Baja,3,593.52,No
OT00404,Cierre,2026-03-26 13:20:52,Administracion_Mtto,EQ574,Prensa hidráulica,Planta_B,15,Eléctrica,Alta,4,517.61,Sí
OT00318,Nueva reparación,2026-03-26 13:21:08,Tec_06,EQ523,Torno CNC,Planta_B,15,Eléctrica,Media,0,6819.16,Sí
OT00318,Prueba fallida,2026-03-26 14:52:53,Tec_06,EQ523,Torno CNC,Planta_B,15,Eléctrica,Media,0,6819.16,Sí
OT00412,Puesta en operación,2026-03-26 14:59:42,Tec_04,EQ122,Bomba,Planta_A,15,Hidráulica,Media,3,1905.92,Sí
OT00326,Reparación,2026-03-26 15:22:13,Tec_03,EQ206,Bomba,Planta_A,13,Hidráulica,Alta,2,2288.36,Sí
OT00363,Cierre,2026-03-26 15:24:11,Administracion_Mtto,EQ431,Prensa hidráulica,Planta_A,6,Hidráulica,Baja,1,733.31,No
OT00418,Prueba,2026-03-26 15:49:03,Tec_07,EQ227,Prensa hidráulica,Planta_B,3,Eléctrica,Baja,3,593.52,No
OT00418,Puesta en operación,2026-03-26 16:37:44,Tec_07,EQ227,Prensa hidráulica,Planta_B,3,Eléctrica,Baja,3,593.52,No
OT00421,Falla reportada,2026-03-27 00:34:41,Operador_08,EQ246,Torno CNC,Planta_B,6,Hidráulica,Alta,1,3728.43,No
OT00326,Prueba,2026-03-27 07:00:00,Tec_03,EQ206,Bomba,Planta_A,13,Hidráulica,Alta,2,2288.36,Sí
OT00318,Nueva reparación,2026-03-27 07:00:00,Tec_06,EQ523,Torno CNC,Planta_B,15,Eléctrica,Media,0,6819.16,Sí
OT00413,Recepción de repuesto,2026-03-27 07:00:00,Bodega,EQ561,Bomba,Planta_B,1,Mecánica,Media,0,1697.93,No
OT00421,Diagnóstico,2026-03-27 07:08:00,Tec_B01,EQ246,Torno CNC,Planta_B,6,Hidráulica,Alta,1,3728.43,No
OT00389,Recepción de repuesto,2026-03-27 07:15:00,Bodega,EQ520,Torno CNC,Planta_B,13,Eléctrica,Alta,1,3940.32,No
OT00326,Puesta en operación,2026-03-27 07:45:35,Tec_03,EQ206,Bomba,Planta_A,13,Hidráulica,Alta,2,2288.36,Sí
OT00400,Cierre,2026-03-27 08:00:00,Administracion_Mtto,EQ116,Montacargas,Planta_B,10,Mecánica,Baja,2,1903.41,Sí
OT00398,Cierre,2026-03-27 08:00:00,Administracion_Mtto,EQ008,Prensa hidráulica,Planta_A,8,Software,Alta,2,2800.0,Sí
OT00312,Cierre,2026-03-27 08:00:00,Administracion_Mtto,EQ472,Torno CNC,Planta_A,7,Mecánica,Alta,0,2110.67,No
OT00402,Cierre,2026-03-27 08:06:00,Administracion_Mtto,EQ613,Torno CNC,Planta_A,18,Eléctrica,Alta,3,2394.21,No
OT00394,Cierre,2026-03-27 08:08:00,Administracion_Mtto,EQ020,Compresor,Planta_A,3,Mecánica,Baja,2,1828.84,No
OT00348,Cierre,2026-03-27 08:10:00,Administracion_Mtto,EQ444,Bomba,Planta_B,16,Mecánica,Media,2,4502.91,Sí
OT00389,Reparación,2026-03-27 08:12:01,Tec_07,EQ520,Torno CNC,Planta_B,13,Eléctrica,Alta,1,3940.32,No
OT00421,Asignación de técnico,2026-03-27 08:17:58,Jefe_Mantenimiento,EQ246,Torno CNC,Planta_B,6,Hidráulica,Alta,1,3728.43,No
OT00419,Recepción de repuesto,2026-03-27 08:43:36,Bodega,EQ145,Compresor,Planta_A,8,Mecánica,Media,1,2162.4,Sí
OT00421,Solicitud de repuesto,2026-03-27 08:47:59,Tec_06,EQ246,Torno CNC,Planta_B,6,Hidráulica,Alta,1,3728.43,No
OT00389,Prueba,2026-03-27 09:26:44,Tec_07,EQ520,Torno CNC,Planta_B,13,Eléctrica,Alta,1,3940.32,No
OT00388,Cierre,2026-03-27 09:41:28,Administracion_Mtto,EQ267,Torno CNC,Planta_A,12,Eléctrica,Baja,4,2800.0,Sí
OT00318,Prueba fallida,2026-03-27 09:55:01,Tec_06,EQ523,Torno CNC,Planta_B,15,Eléctrica,Media,0,6819.16,Sí
OT00420,Falla reportada,2026-03-27 10:38:58,Operador_09,EQ272,Compresor,Planta_A,18,Software,Alta,3,1400.0,No
OT00408,Cierre,2026-03-27 10:51:50,Administracion_Mtto,EQ184,Prensa hidráulica,Planta_A,16,Software,Media,2,3849.61,Sí
OT00395,Cierre,2026-03-27 10:52:38,Administracion_Mtto,EQ069,Bomba,Planta_A,12,Software,Media,1,2800.0,No
OT00419,Reparación,2026-03-27 11:42:31,Tec_01,EQ145,Compresor,Planta_A,8,Mecánica,Media,1,2162.4,Sí
OT00420,Diagnóstico,2026-03-27 11:42:57,Tec_01,EQ272,Compresor,Planta_A,18,Software,Alta,3,1400.0,No
OT00413,Reparación,2026-03-27 12:13:12,Tec_06,EQ561,Bomba,Planta_B,1,Mecánica,Media,0,1697.93,No
OT00389,Puesta en operación,2026-03-27 12:33:41,Tec_07,EQ520,Torno CNC,Planta_B,13,Eléctrica,Alta,1,3940.32,No
OT00419,Prueba,2026-03-27 12:52:33,Tec_01,EQ145,Compresor,Planta_A,8,Mecánica,Media,1,2162.4,Sí
OT00420,Asignación de técnico,2026-03-27 13:01:19,Jefe_Mantenimiento,EQ272,Compresor,Planta_A,18,Software,Alta,3,1400.0,No
OT00370,Cierre,2026-03-27 13:57:08,Administracion_Mtto,EQ730,Bomba,Planta_A,18,Mecánica,Baja,1,5693.96,Sí
OT00419,Puesta en operación,2026-03-27 14:11:27,Tec_01,EQ145,Compresor,Planta_A,8,Mecánica,Media,1,2162.4,Sí
OT00413,Prueba,2026-03-27 14:14:13,Tec_06,EQ561,Bomba,Planta_B,1,Mecánica,Media,0,1697.93,No
OT00318,Nueva reparación,2026-03-27 14:47:31,Tec_06,EQ523,Torno CNC,Planta_B,15,Eléctrica,Media,0,6819.16,Sí
OT00413,Puesta en operación,2026-03-27 14:53:40,Tec_06,EQ561,Bomba,Planta_B,1,Mecánica,Media,0,1697.93,No
OT00420,Reparación,2026-03-27 15:48:14,Tec_03,EQ272,Compresor,Planta_A,18,Software,Alta,3,1400.0,No
OT00420,Prueba,2026-03-27 16:30:20,Tec_03,EQ272,Compresor,Planta_A,18,Software,Alta,3,1400.0,No
OT00427,Falla reportada,2026-03-28 00:52:15,Operador_06,EQ159,Bomba,Planta_A,18,Eléctrica,Baja,4,5600.0,Sí
OT00423,Falla reportada,2026-03-28 03:41:20,Operador_08,EQ148,Prensa hidráulica,Planta_A,6,Mecánica,Media,2,5329.28,No
OT00424,Falla reportada,2026-03-28 09:48:44,Operador_12,EQ325,Torno CNC,Planta_B,12,Hidráulica,Media,2,3143.73,No
OT00425,Falla reportada,2026-03-28 11:24:45,Operador_10,EQ570,Montacargas,Planta_A,15,Software,Media,2,1400.0,No
OT00426,Falla reportada,2026-03-28 15:08:14,Operador_07,EQ709,Bomba,Planta_B,3,Software,Baja,0,1400.0,No
OT00422,Falla reportada,2026-03-28 17:28:23,Operador_01,EQ458,Bomba,Planta_A,6,Eléctrica,Baja,4,1400.0,No
OT00428,Falla reportada,2026-03-28 21:33:09,Operador_12,EQ088,Torno CNC,Planta_A,12,Software,Media,2,1400.0,No
OT00433,Falla reportada,2026-03-29 01:39:31,Operador_08,EQ264,Torno CNC,Planta_B,16,Mecánica,Alta,1,2533.5,No
OT00435,Falla reportada,2026-03-29 02:27:25,Operador_01,EQ311,Torno CNC,Planta_A,15,Eléctrica,Media,0,3282.79,Sí
OT00429,Falla reportada,2026-03-29 02:45:39,Operador_04,EQ124,Prensa hidráulica,Planta_A,18,Mecánica,Media,2,1800.51,No
OT00436,Falla reportada,2026-03-29 16:19:40,Operador_08,EQ336,Montacargas,Planta_A,16,Software,Media,4,808.04,No
OT00431,Falla reportada,2026-03-29 17:10:29,Operador_01,EQ568,Bomba,Planta_A,16,Eléctrica,Alta,3,1518.1,Sí
OT00434,Falla reportada,2026-03-29 20:05:31,Operador_06,EQ135,Montacargas,Planta_A,15,Eléctrica,Alta,0,6351.66,No
OT00432,Falla reportada,2026-03-29 20:34:19,Operador_09,EQ364,Torno CNC,Planta_B,10,Eléctrica,Alta,2,680.86,Sí
OT00430,Falla reportada,2026-03-29 22:47:02,Operador_05,EQ644,Bomba,Planta_B,3,Mecánica,Media,0,2087.85,No
OT00437,Falla reportada,2026-03-29 23:39:22,Operador_08,EQ464,Torno CNC,Planta_A,17,Mecánica,Media,3,2446.64,No
OT00440,Falla reportada,2026-03-30 06:08:56,Operador_03,EQ484,Prensa hidráulica,Planta_A,9,Software,Baja,1,320.2,No
OT00434,Diagnóstico,2026-03-30 07:00:00,Tec_03,EQ135,Montacargas,Planta_A,15,Eléctrica,Alta,0,6351.66,No
OT00368,Recepción de repuesto,2026-03-30 07:00:00,Bodega,EQ114,Compresor,Planta_A,11,Hidráulica,Alta,1,2688.03,No
OT00318,Prueba,2026-03-30 07:00:00,Tec_06,EQ523,Torno CNC,Planta_B,15,Eléctrica,Media,0,6819.16,Sí
OT00420,Puesta en operación,2026-03-30 07:00:00,Tec_03,EQ272,Compresor,Planta_A,18,Software,Alta,3,1400.0,No
OT00423,Diagnóstico,2026-03-30 07:00:00,Tec_01,EQ148,Prensa hidráulica,Planta_A,6,Mecánica,Media,2,5329.28,No
OT00425,Diagnóstico,2026-03-30 07:00:00,Tec_02,EQ570,Montacargas,Planta_A,15,Software,Media,2,1400.0,No
OT00436,Diagnóstico,2026-03-30 07:00:00,Tec_01,EQ336,Montacargas,Planta_A,16,Software,Media,4,808.04,No
OT00426,Diagnóstico,2026-03-30 07:00:00,Tec_B01,EQ709,Bomba,Planta_B,3,Software,Baja,0,1400.0,No
OT00427,Diagnóstico,2026-03-30 07:00:00,Tec_05,EQ159,Bomba,Planta_A,18,Eléctrica,Baja,4,5600.0,Sí
OT00431,Diagnóstico,2026-03-30 07:00:00,Tec_04,EQ568,Bomba,Planta_A,16,Eléctrica,Alta,3,1518.1,Sí
OT00424,Diagnóstico,2026-03-30 07:00:00,Tec_B01,EQ325,Torno CNC,Planta_B,12,Hidráulica,Media,2,3143.73,No
OT00350,Recepción de repuesto,2026-03-30 07:00:00,Bodega,EQ713,Bomba,Planta_A,8,Mecánica,Alta,0,3679.2,No
OT00433,Diagnóstico,2026-03-30 07:00:00,Tec_B01,EQ264,Torno CNC,Planta_B,16,Mecánica,Alta,1,2533.5,No
OT00428,Diagnóstico,2026-03-30 07:00:00,Tec_05,EQ088,Torno CNC,Planta_A,12,Software,Media,2,1400.0,No
OT00429,Diagnóstico,2026-03-30 07:00:00,Tec_03,EQ124,Prensa hidráulica,Planta_A,18,Mecánica,Media,2,1800.51,No
OT00422,Diagnóstico,2026-03-30 07:00:00,Tec_02,EQ458,Bomba,Planta_A,6,Eléctrica,Baja,4,1400.0,No
OT00435,Diagnóstico,2026-03-30 07:00:00,Tec_04,EQ311,Torno CNC,Planta_A,15,Eléctrica,Media,0,3282.79,Sí
OT00381,Recepción de repuesto,2026-03-30 07:17:00,Bodega,EQ387,Compresor,Planta_A,11,Eléctrica,Baja,3,1939.71,Sí
OT00435,Asignación de técnico,2026-03-30 07:17:27,Jefe_Mantenimiento,EQ311,Torno CNC,Planta_A,15,Eléctrica,Media,0,3282.79,Sí
OT00437,Diagnóstico,2026-03-30 07:24:00,Tec_05,EQ464,Torno CNC,Planta_A,17,Mecánica,Media,3,2446.64,No
OT00432,Diagnóstico,2026-03-30 07:28:00,Tec_B01,EQ364,Torno CNC,Planta_B,10,Eléctrica,Alta,2,680.86,Sí
OT00423,Asignación de técnico,2026-03-30 07:29:15,Jefe_Mantenimiento,EQ148,Prensa hidráulica,Planta_A,6,Mecánica,Media,2,5329.28,No
OT00424,Asignación de técnico,2026-03-30 07:33:46,Jefe_Mantenimiento,EQ325,Torno CNC,Planta_B,12,Hidráulica,Media,2,3143.73,No
OT00431,Asignación de técnico,2026-03-30 07:35:03,Jefe_Mantenimiento,EQ568,Bomba,Planta_A,16,Eléctrica,Alta,3,1518.1,Sí
OT00428,Asignación de técnico,2026-03-30 07:38:34,Jefe_Mantenimiento,EQ088,Torno CNC,Planta_A,12,Software,Media,2,1400.0,No
OT00433,Asignación de técnico,2026-03-30 07:42:14,Jefe_Mantenimiento,EQ264,Torno CNC,Planta_B,16,Mecánica,Alta,1,2533.5,No
OT00425,Asignación de técnico,2026-03-30 07:43:44,Jefe_Mantenimiento,EQ570,Montacargas,Planta_A,15,Software,Media,2,1400.0,No
OT00435,Solicitud de repuesto,2026-03-30 07:47:28,Tec_05,EQ311,Torno CNC,Planta_A,15,Eléctrica,Media,0,3282.79,Sí
OT00429,Asignación de técnico,2026-03-30 07:52:05,Jefe_Mantenimiento,EQ124,Prensa hidráulica,Planta_A,18,Mecánica,Media,2,1800.51,No
OT00426,Asignación de técnico,2026-03-30 07:52:42,Jefe_Mantenimiento,EQ709,Bomba,Planta_B,3,Software,Baja,0,1400.0,No
OT00436,Asignación de técnico,2026-03-30 07:57:31,Jefe_Mantenimiento,EQ336,Montacargas,Planta_A,16,Software,Media,4,808.04,No
OT00423,Solicitud de repuesto,2026-03-30 07:59:16,Tec_01,EQ148,Prensa hidráulica,Planta_A,6,Mecánica,Media,2,5329.28,No
OT00387,Cierre,2026-03-30 08:00:00,Administracion_Mtto,EQ115,Torno CNC,Planta_A,16,Eléctrica,Media,2,5362.98,No
OT00390,Cierre,2026-03-30 08:00:00,Administracion_Mtto,EQ315,Compresor,Planta_B,2,Eléctrica,Baja,0,2800.0,No
OT00410,Cierre,2026-03-30 08:00:00,Administracion_Mtto,EQ568,Bomba,Planta_A,16,Mecánica,Media,2,2037.32,Sí
OT00310,Cierre,2026-03-30 08:00:00,Administracion_Mtto,EQ086,Prensa hidráulica,Planta_B,10,Eléctrica,Alta,2,3399.96,No
OT00418,Cierre,2026-03-30 08:00:00,Administracion_Mtto,EQ227,Prensa hidráulica,Planta_B,3,Eléctrica,Baja,3,593.52,No
OT00407,Cierre,2026-03-30 08:00:00,Administracion_Mtto,EQ406,Prensa hidráulica,Planta_B,8,Mecánica,Media,0,587.6,Sí
OT00414,Cierre,2026-03-30 08:00:00,Administracion_Mtto,EQ272,Compresor,Planta_A,18,Eléctrica,Media,2,708.56,Sí
OT00419,Cierre,2026-03-30 08:00:00,Administracion_Mtto,EQ145,Compresor,Planta_A,8,Mecánica,Media,1,2162.4,Sí
OT00411,Cierre,2026-03-30 08:00:00,Administracion_Mtto,EQ563,Prensa hidráulica,Planta_A,5,Hidráulica,Media,1,1936.64,No
OT00385,Cierre,2026-03-30 08:00:00,Administracion_Mtto,EQ673,Montacargas,Planta_A,9,Hidráulica,Baja,2,6364.48,No
OT00413,Cierre,2026-03-30 08:00:00,Administracion_Mtto,EQ561,Bomba,Planta_B,1,Mecánica,Media,0,1697.93,No
OT00412,Cierre,2026-03-30 08:00:00,Administracion_Mtto,EQ122,Bomba,Planta_A,15,Hidráulica,Media,3,1905.92,Sí
OT00406,Cierre,2026-03-30 08:00:00,Administracion_Mtto,EQ429,Torno CNC,Planta_A,16,Eléctrica,Alta,1,3725.64,Sí
OT00401,Cierre,2026-03-30 08:00:00,Administracion_Mtto,EQ698,Prensa hidráulica,Planta_A,11,Mecánica,Alta,2,1400.0,Sí
OT00380,Cierre,2026-03-30 08:00:00,Administracion_Mtto,EQ128,Compresor,Planta_A,18,Mecánica,Baja,2,3693.2,No
OT00391,Cierre,2026-03-30 08:00:00,Administracion_Mtto,EQ159,Bomba,Planta_A,18,Mecánica,Baja,3,2298.85,Sí
OT00376,Cierre,2026-03-30 08:00:00,Administracion_Mtto,EQ463,Compresor,Planta_B,4,Mecánica,Media,2,1888.73,No
OT00416,Cierre,2026-03-30 08:00:00,Administracion_Mtto,EQ252,Bomba,Planta_B,10,Software,Baja,3,1050.39,Sí
OT00415,Cierre,2026-03-30 08:01:00,Administracion_Mtto,EQ547,Compresor,Planta_A,6,Hidráulica,Media,1,629.64,Sí
OT00424,Solicitud de repuesto,2026-03-30 08:03:47,Tec_07,EQ325,Torno CNC,Planta_B,12,Hidráulica,Media,2,3143.73,No
OT00422,Asignación de técnico,2026-03-30 08:04:30,Jefe_Mantenimiento,EQ458,Bomba,Planta_A,6,Eléctrica,Baja,4,1400.0,No
OT00433,Solicitud de repuesto,2026-03-30 08:12:15,Tec_06,EQ264,Torno CNC,Planta_B,16,Mecánica,Alta,1,2533.5,No
OT00318,Puesta en operación,2026-03-30 08:12:35,Tec_06,EQ523,Torno CNC,Planta_B,15,Eléctrica,Media,0,6819.16,Sí
OT00429,Solicitud de repuesto,2026-03-30 08:22:06,Tec_03,EQ124,Prensa hidráulica,Planta_A,18,Mecánica,Media,2,1800.51,No
OT00417,Cierre,2026-03-30 08:24:00,Administracion_Mtto,EQ708,Bomba,Planta_A,17,Eléctrica,Baja,3,627.71,No
OT00430,Diagnóstico,2026-03-30 08:27:07,Tec_B01,EQ644,Bomba,Planta_B,3,Mecánica,Media,0,2087.85,No
OT00434,Asignación de técnico,2026-03-30 08:45:16,Jefe_Mantenimiento,EQ135,Montacargas,Planta_A,15,Eléctrica,Alta,0,6351.66,No
OT00350,Reparación,2026-03-30 08:45:40,Tec_02,EQ713,Bomba,Planta_A,8,Mecánica,Alta,0,3679.2,No
OT00437,Asignación de técnico,2026-03-30 08:46:19,Jefe_Mantenimiento,EQ464,Torno CNC,Planta_A,17,Mecánica,Media,3,2446.64,No
OT00432,Asignación de técnico,2026-03-30 08:51:13,Jefe_Mantenimiento,EQ364,Torno CNC,Planta_B,10,Eléctrica,Alta,2,680.86,Sí
OT00427,Asignación de técnico,2026-03-30 09:03:10,Jefe_Mantenimiento,EQ159,Bomba,Planta_A,18,Eléctrica,Baja,4,5600.0,Sí
OT00431,Reparación,2026-03-30 09:09:49,Tec_05,EQ568,Bomba,Planta_A,16,Eléctrica,Alta,3,1518.1,Sí
OT00434,Solicitud de repuesto,2026-03-30 09:15:17,Tec_03,EQ135,Montacargas,Planta_A,15,Eléctrica,Alta,0,6351.66,No
OT00437,Solicitud de repuesto,2026-03-30 09:16:20,Tec_03,EQ464,Torno CNC,Planta_A,17,Mecánica,Media,3,2446.64,No
OT00442,Falla reportada,2026-03-30 09:27:38,Operador_03,EQ244,Torno CNC,Planta_B,18,Eléctrica,Alta,2,2013.17,No
OT00368,Reparación,2026-03-30 09:31:49,Tec_02,EQ114,Compresor,Planta_A,11,Hidráulica,Alta,1,2688.03,No
OT00430,Asignación de técnico,2026-03-30 09:59:37,Jefe_Mantenimiento,EQ644,Bomba,Planta_B,3,Mecánica,Media,0,2087.85,No
OT00440,Diagnóstico,2026-03-30 10:23:37,Tec_03,EQ484,Prensa hidráulica,Planta_A,9,Software,Baja,1,320.2,No
OT00422,Reparación,2026-03-30 10:25:05,Tec_03,EQ458,Bomba,Planta_A,6,Eléctrica,Baja,4,1400.0,No
OT00436,Reparación,,Tec_04,EQ336,Montacargas,Planta_A,16,Software,Media,4,808.04,No
OT00430,Solicitud de repuesto,2026-03-30 10:29:38,Tec_07,EQ644,Bomba,Planta_B,3,Mecánica,Media,0,2087.85,No
OT00431,Prueba fallida,2026-03-30 10:35:14,Tec_05,EQ568,Bomba,Planta_A,16,Eléctrica,Alta,3,1518.1,Sí
OT00438,Falla reportada,2026-03-30 10:41:41,Operador_04,EQ499,Bomba,Planta_A,13,Mecánica,Media,0,1777.94,No
OT00438,Falla reportada,2026-03-30 10:41:41,Operador_04,EQ499,Bomba,Planta_A,13,Mecánica,Media,0,1777.94,No
OT00428,Reparación,2026-03-30 10:52:27,Tec_02,EQ088,Torno CNC,Planta_A,12,Software,Media,2,1400.0,No
OT00381,Reparación,2026-03-30 11:01:37,Tec_01,EQ387,Compresor,Planta_A,11,Eléctrica,Baja,3,1939.71,Sí
OT00427,Reparación,2026-03-30 11:06:48,Tec_05,EQ159,Bomba,Planta_A,18,Eléctrica,Baja,4,5600.0,Sí
OT00425,Reparación,2026-03-30 11:11:42,Tec_03,EQ570,Montacargas,Planta_A,15,Software,Media,2,1400.0,No
OT00440,Asignación de técnico,2026-03-30 11:37:18,Jefe_Mantenimiento,EQ484,Prensa hidráulica,Planta_A,9,Software,Baja,1,320.2,No
OT00350,Prueba,2026-03-30 11:41:10,Tec_02,EQ713,Bomba,Planta_A,8,Mecánica,Alta,0,3679.2,No
OT00368,Prueba,2026-03-30 11:52:15,Tec_02,EQ114,Compresor,Planta_A,11,Hidráulica,Alta,1,2688.03,No
OT00425,Prueba,2026-03-30 12:20:31,Tec_03,EQ570,Montacargas,Planta_A,15,Software,Media,2,1400.0,No
OT00350,Puesta en operación,2026-03-30 12:45:38,Tec_02,EQ713,Bomba,Planta_A,8,Mecánica,Alta,0,3679.2,No
OT00381,Prueba,2026-03-30 12:52:06,Tec_01,EQ387,Compresor,Planta_A,11,Eléctrica,Baja,3,1939.71,Sí
OT00425,Puesta en operación,2026-03-30 12:53:58,Tec_03,EQ570,Montacargas,Planta_A,15,Software,Media,2,1400.0,No
OT00432,Reparación,2026-03-30 12:55:17,Tec_07,EQ364,Torno CNC,Planta_B,10,Eléctrica,Alta,2,680.86,Sí
OT00428,Prueba,2026-03-30 13:02:43,Tec_02,EQ088,Torno CNC,Planta_A,12,Software,Media,2,1400.0,No
OT00442,Diagnóstico,2026-03-30 13:07:15,Tec_B01,EQ244,Torno CNC,Planta_B,18,Eléctrica,Alta,2,2013.17,No
OT00440,Reparación,2026-03-30 13:07:31,Tec_01,EQ484,Prensa hidráulica,Planta_A,9,Software,Baja,1,320.2,No
OT00431,Nueva reparación,2026-03-30 13:11:58,Tec_05,EQ568,Bomba,Planta_A,16,Eléctrica,Alta,3,1518.1,Sí
OT00368,Puesta en operación,2026-03-30 13:17:59,Tec_02,EQ114,Compresor,Planta_A,11,Hidráulica,Alta,1,2688.03,No
OT00426,Reparación,2026-03-30 13:28:46,Tec_06,EQ709,Bomba,Planta_B,3,Software,Baja,0,1400.0,No
OT00422,Prueba,2026-03-30 13:30:48,Tec_03,EQ458,Bomba,Planta_A,6,Eléctrica,Baja,4,1400.0,No
OT00428,Puesta en operación,2026-03-30 13:46:05,Tec_02,EQ088,Torno CNC,Planta_A,12,Software,Media,2,1400.0,No
OT00427,Prueba fallida,2026-03-30 13:46:48,Tec_05,EQ159,Bomba,Planta_A,18,Eléctrica,Baja,4,5600.0,Sí
OT00422,Puesta en operación,2026-03-30 14:11:31,Tec_03,EQ458,Bomba,Planta_A,6,Eléctrica,Baja,4,1400.0,No
OT00438,Diagnóstico,2026-03-30 14:12:09,Tec_03,EQ499,Bomba,Planta_A,13,Mecánica,Media,0,1777.94,No
OT00381,Puesta en operación,2026-03-30 14:22:23,Tec_01,EQ387,Compresor,Planta_A,11,Eléctrica,Baja,3,1939.71,Sí
OT00431,Prueba,2026-03-30 14:23:03,Tec_05,EQ568,Bomba,Planta_A,16,Eléctrica,Alta,3,1518.1,Sí
OT00442,Asignación de técnico,2026-03-30 14:29:02,Jefe_Mantenimiento,EQ244,Torno CNC,Planta_B,18,Eléctrica,Alta,2,2013.17,No
OT00440,Prueba,2026-03-30 14:44:18,Tec_01,EQ484,Prensa hidráulica,Planta_A,9,Software,Baja,1,320.2,No
OT00436,Prueba,2026-03-30 14:46:15,Tec_04,EQ336,Montacargas,Planta_A,16,Software,Media,4,808.04,No
OT00431,Puesta en operación,2026-03-30 14:51:43,Tec_05,EQ568,Bomba,Planta_A,16,Eléctrica,Alta,3,1518.1,Sí
OT00432,Prueba,2026-03-30 15:06:42,Tec_07,EQ364,Torno CNC,Planta_B,10,Eléctrica,Alta,2,680.86,Sí
OT00438,Asignación de técnico,2026-03-30 15:09:24,Jefe_Mantenimiento,EQ499,Bomba,Planta_A,13,Mecánica,Media,0,1777.94,No
OT00440,Puesta en operación,2026-03-30 15:17:51,Tec_01,EQ484,Prensa hidráulica,Planta_A,9,Software,Baja,1,320.2,No
OT00427,Nueva reparación,2026-03-30 15:24:01,Tec_05,EQ159,Bomba,Planta_A,18,Eléctrica,Baja,4,5600.0,Sí
OT00436,Puesta en operación,2026-03-30 15:24:52,Tec_04,EQ336,Montacargas,Planta_A,16,Software,Media,4,808.04,No
OT00438,Solicitud de repuesto,2026-03-30 15:39:25,Tec_02,EQ499,Bomba,Planta_A,13,Mecánica,Media,0,1777.94,No
OT00432,Puesta en operacion,2026-03-30 16:01:30,Tec_07,EQ364,Torno CNC,Planta_B,10,Eléctrica,Alta,2,680.86,Sí
OT00444,Falla reportada,2026-03-30 16:14:10,Operador_11,EQ146,Bomba,Planta_B,17,Eléctrica,Baja,1,784.96,No
OT00426,Prueba,2026-03-30 16:49:36,Tec_06,EQ709,Bomba,Planta_B,3,Software,Baja,0,1400.0,No
OT00442,Reparación,2026-03-30 16:52:49,Tec_06,EQ244,Torno CNC,Planta_B,18,Eléctrica,Alta,2,2013.17,No
OT00446,Falla reportada,2026-03-30 17:46:16,Operador_06,EQ031,Torno CNC,Planta_A,14,Mecánica,Media,2,2970.59,Sí
OT00443,Falla reportada,2026-03-30 18:24:35,Operador_01,EQ535,Torno CNC,Planta_A,6,Software,Media,2,619.81,No
OT00439,Falla reportada,2026-03-30 21:42:27,Operador_10,EQ267,Torno CNC,Planta_A,12,Eléctrica,Media,5,550.92,Sí
OT00441,Falla reportada,2026-03-30 22:32:09,Operador_06,EQ444,Bomba,Planta_B,16,Eléctrica,Media,3,1635.29,No
OT00445,Falla reportada,2026-03-30 23:02:01,Operador_01,EQ305,Torno CNC,Planta_A,16,Software,Media,4,530.49,Sí
OT00450,Falla reportada,2026-03-31 05:13:34,Operador_05,EQ690,Torno CNC,Planta_A,8,Eléctrica,Alta,1,902.09,No
OT00427,Prueba fallida,2026-03-31 07:00:00,Tec_05,EQ159,Bomba,Planta_A,18,Eléctrica,Baja,4,5600.0,Sí
OT00426,Puesta en operación,2026-03-31 07:00:00,Tec_06,EQ709,Bomba,Planta_B,3,Software,Baja,0,1400.0,No
OT00437,Recepción de repuesto,2026-03-31 07:00:00,Bodega,EQ464,Torno CNC,Planta_A,17,Mecánica,Media,3,2446.64,No
OT00443,Diagnóstico,2026-03-31 07:00:00,Tec_01,EQ535,Torno CNC,Planta_A,6,Software,Media,2,619.81,No
OT00446,Diagnóstico,2026-03-31 07:00:00,Tec_03,EQ031,Torno CNC,Planta_A,14,Mecánica,Media,2,2970.59,Sí
OT00439,Diagnóstico,2026-03-31 07:00:00,Tec_03,EQ267,Torno CNC,Planta_A,12,Eléctrica,Media,5,550.92,Sí
OT00442,Prueba fallida,2026-03-31 07:00:00,Tec_06,EQ244,Torno CNC,Planta_B,18,Eléctrica,Alta,2,2013.17,No
OT00444,Diagnóstico,2026-03-31 07:13:00,Tec_B01,EQ146,Bomba,Planta_B,17,Eléctrica,Baja,1,784.96,No
OT00443,Asignación de técnico,2026-03-31 07:19:03,Jefe_Mantenimiento,EQ535,Torno CNC,Planta_A,6,Software,Media,2,619.81,No
OT00445,Diagnóstico,2026-03-31 07:20:00,Tec_03,EQ305,Torno CNC,Planta_A,16,Software,Media,4,530.49,Sí
OT00450,Diagnóstico,2026-03-31 07:21:00,Tec_02,EQ690,Torno CNC,Planta_A,8,Eléctrica,Alta,1,902.09,No
OT00439,Asignación de técnico,2026-03-31 07:24:23,Jefe_Mantenimiento,EQ267,Torno CNC,Planta_A,12,Eléctrica,Media,5,550.92,Sí
OT00450,Asignación de técnico,2026-03-31 07:44:04,Jefe_Mantenimiento,EQ690,Torno CNC,Planta_A,8,Eléctrica,Alta,1,902.09,No
OT00421,Aprobación de compra,2026-03-31 08:00:00,Gerencia,EQ246,Torno CNC,Planta_B,6,Hidráulica,Alta,1,3728.43,No
OT00446,Asignación de técnico,2026-03-31 08:05:50,Jefe_Mantenimiento,EQ031,Torno CNC,Planta_A,14,Mecánica,Media,2,2970.59,Sí
OT00445,Asignación de técnico,2026-03-31 08:20:13,Jefe_Mantenimiento,EQ305,Torno CNC,Planta_A,16,Software,Media,4,530.49,Sí
OT00446,Solicitud de repuesto,2026-03-31 08:35:51,Tec_03,EQ031,Torno CNC,Planta_A,14,Mecánica,Media,2,2970.59,Sí
OT00443,Reparación,2026-03-31 08:36:18,Tec_04,EQ535,Torno CNC,Planta_A,6,Software,Media,2,619.81,No
OT00444,Asignación de técnico,2026-03-31 08:48:04,Jefe_Mantenimiento,EQ146,Bomba,Planta_B,17,Eléctrica,Baja,1,784.96,No
OT00441,Diagnóstico,2026-03-31 08:51:46,Tec_B01,EQ444,Bomba,Planta_B,16,Eléctrica,Media,3,1635.29,No
OT00442,Nueva reparación,2026-03-31 09:26:42,Tec_06,EQ244,Torno CNC,Planta_B,18,Eléctrica,Alta,2,2013.17,No
OT00389,Cierre,2026-03-31 09:40:30,Administracion_Mtto,EQ520,Torno CNC,Planta_B,13,Eléctrica,Alta,1,3940.32,No
OT00443,Prueba,2026-03-31 09:41:37,Tec_04,EQ535,Torno CNC,Planta_A,6,Software,Media,2,619.81,No
OT00445,Reparación,2026-03-31 09:46:14,Tec_02,EQ305,Torno CNC,Planta_A,16,Software,Media,4,530.49,Sí
OT00439,Reparación,2026-03-31 09:47:14,Tec_02,EQ267,Torno CNC,Planta_A,12,Eléctrica,Media,5,550.92,Sí
OT00427,Nueva reparación,2026-03-31 09:53:40,Tec_05,EQ159,Bomba,Planta_A,18,Eléctrica,Baja,4,5600.0,Sí
OT00441,Asignación de técnico,2026-03-31 10:14:25,Jefe_Mantenimiento,EQ444,Bomba,Planta_B,16,Eléctrica,Media,3,1635.29,No
OT00427,Prueba fallida,2026-03-31 10:30:32,Tec_05,EQ159,Bomba,Planta_A,18,Eléctrica,Baja,4,5600.0,Sí
OT00441,Solicitud de repuesto,2026-03-31 10:44:26,Tec_06,EQ444,Bomba,Planta_B,16,Eléctrica,Media,3,1635.29,No
OT00437,Reparación,2026-03-31 11:05:14,Tec_03,EQ464,Torno CNC,Planta_A,17,Mecánica,Media,3,2446.64,No
OT00442,Prueba,2026-03-31 11:35:46,Tec_06,EQ244,Torno CNC,Planta_B,18,Eléctrica,Alta,2,2013.17,No
OT00444,Reparación,2026-03-31 11:36:40,Tec_07,EQ146,Bomba,Planta_B,17,Eléctrica,Baja,1,784.96,No
OT00443,Puesta en operación,2026-03-31 12:07:06,Tec_04,EQ535,Torno CNC,Planta_A,6,Software,Media,2,619.81,No
OT00437,Prueba,2026-03-31 12:11:16,Tec_03,EQ464,Torno CNC,Planta_A,17,Mecánica,Media,3,2446.64,No
OT00439,Prueba,2026-03-31 12:29:35,Tec_02,EQ267,Torno CNC,Planta_A,12,Eléctrica,Media,5,550.92,Sí
OT00437,Puesta en operación,2026-03-31 12:41:20,Tec_03,EQ464,Torno CNC,Planta_A,17,Mecánica,Media,3,2446.64,No
OT00445,Prueba,2026-03-31 12:55:56,Tec_02,EQ305,Torno CNC,Planta_A,16,Software,Media,4,530.49,Sí
OT00427,Nueva reparación,2026-03-31 13:11:42,Tec_05,EQ159,Bomba,Planta_A,18,Eléctrica,Baja,4,5600.0,Sí
OT00439,Puesta en operación,2026-03-31 13:26:53,Tec_02,EQ267,Torno CNC,Planta_A,12,Eléctrica,Media,5,550.92,Sí
OT00447,Falla reportada,2026-03-31 13:39:12,Operador_10,EQ568,Bomba,Planta_A,16,Software,Media,4,2800.0,Sí
OT00445,Puesta en operación,2026-03-31 14:11:25,Tec_02,EQ305,Torno CNC,Planta_A,16,Software,Media,4,530.49,Sí
OT00442,Puesta en operación,2026-03-31 14:13:13,Tec_06,EQ244,Torno CNC,Planta_B,18,Eléctrica,Alta,2,2013.17,No
OT00427,Prueba,2026-03-31 14:18:35,Tec_05,EQ159,Bomba,Planta_A,18,Eléctrica,Baja,4,5600.0,Sí
OT00444,Prueba,2026-03-31 14:25:36,Tec_07,EQ146,Bomba,Planta_B,17,Eléctrica,Baja,1,784.96,No
OT00444,Puesta en operación,2026-03-31 14:39:48,Tec_07,EQ146,Bomba,Planta_B,17,Eléctrica,Baja,1,784.96,No
OT00427,Puesta en operación,2026-03-31 15:02:37,Tec_05,EQ159,Bomba,Planta_A,18,Eléctrica,Baja,4,5600.0,Sí
OT00450,Reparación,2026-03-31 15:46:14,Tec_04,EQ690,Torno CNC,Planta_A,8,Eléctrica,Alta,1,902.09,No
OT00451,Falla reportada,2026-03-31 16:11:42,Operador_02,EQ604,Prensa hidráulica,Planta_A,17,Hidráulica,Media,1,2351.33,No
OT00449,Falla reportada,2026-03-31 16:38:49,Operador_01,EQ173,Bomba,Planta_B,10,Mecánica,Media,3,851.63,No
OT00450,Prueba,2026-03-31 16:50:07,Tec_04,EQ690,Torno CNC,Planta_A,8,Eléctrica,Alta,1,902.09,No
OT00452,Falla reportada,2026-03-31 18:57:48,Operador_02,EQ257,Torno CNC,Planta_A,13,Eléctrica,Alta,1,690.53,Sí
OT00448,Falla reportada,2026-03-31 22:21:33,Operador_03,EQ499,Bomba,Planta_A,13,Mecánica,Media,1,3099.76,No
OT00454,Falla reportada,2026-04-01 00:31:09,Operador_05,EQ229,Montacargas,Planta_B,2,Mecánica,Media,1,1870.22,No
OT00455,Falla reportada,2026-04-01 04:49:59,Operador_03,EQ206,Bomba,Planta_A,13,Mecánica,Alta,3,4023.96,Sí
OT00430,Recepción de repuesto,2026-04-01 07:00:00,Bodega,EQ644,Bomba,Planta_B,3,Mecánica,Media,0,2087.85,No
OT00447,Diagnóstico,2026-04-01 07:00:00,Tec_02,EQ568,Bomba,Planta_A,16,Software,Media,4,2800.0,Sí
OT00452,Diagnóstico,2026-04-01 07:00:00,Tec_02,EQ257,Torno CNC,Planta_A,13,Eléctrica,Alta,1,690.53,Sí
OT00451,Diagnóstico,2026-04-01 07:00:00,Tec_05,EQ604,Prensa hidráulica,Planta_A,17,Hidráulica,Media,1,2351.33,No
OT00450,Puesta en operación,2026-04-01 07:00:00,Tec_04,EQ690,Torno CNC,Planta_A,8,Eléctrica,Alta,1,902.09,No
OT00438,Recepción de repuesto,2026-04-01 07:00:00,Bodega,EQ499,Bomba,Planta_A,13,Mecánica,Media,0,1777.94,No
OT00399,Recepción de repuesto,2026-04-01 07:03:03,Bodega,EQ014,Bomba,Planta_A,3,Hidráulica,Baja,2,1931.3,No
OT00448,Diagnóstico,2026-04-01 07:05:00,Tec_05,EQ499,Bomba,Planta_A,13,Mecánica,Media,1,3099.76,No
OT00455,Diagnóstico,2026-04-01 07:26:00,Tec_04,EQ206,Bomba,Planta_A,13,Mecánica,Alta,3,4023.96,Sí
OT00449,Diagnóstico,2026-04-01 07:29:00,Tec_B01,EQ173,Bomba,Planta_B,10,Mecánica,Media,3,851.63,No
OT00454,Diagnóstico,2026-04-01 07:32:53,Tec_B01,EQ229,Montacargas,Planta_B,2,Mecánica,Media,1,1870.22,No
OT00451,Asignación de técnico,2026-04-01 07:37:34,Jefe_Mantenimiento,EQ604,Prensa hidráulica,Planta_A,17,Hidráulica,Media,1,2351.33,No
OT00420,Cierre,2026-04-01 08:00:00,Administracion_Mtto,EQ272,Compresor,Planta_A,18,Software,Alta,3,1400.0,No
OT00423,Aprobación de compra,2026-04-01 08:00:00,Gerencia,EQ148,Prensa hidráulica,Planta_A,6,Mecánica,Media,2,5329.28,No
OT00434,Aprobación de compra,,Gerencia,EQ135,Montacargas,Planta_A,15,Eléctrica,Alta,0,6351.66,No
OT00452,Asignación de técnico,2026-04-01 08:04:40,Jefe_Mantenimiento,EQ257,Torno CNC,Planta_A,13,Eléctrica,Alta,1,690.53,Sí
OT00447,Asignación de técnico,2026-04-01 08:04:47,Jefe_Mantenimiento,EQ568,Bomba,Planta_A,16,Software,Media,4,2800.0,Sí
OT00451,Solicitud de repuesto,2026-04-01 08:07:35,Tec_05,EQ604,Prensa hidráulica,Planta_A,17,Hidráulica,Media,1,2351.33,No
OT00455,Asignación de técnico,2026-04-01 08:08:06,Jefe_Mantenimiento,EQ206,Bomba,Planta_A,13,Mecánica,Alta,3,4023.96,Sí
OT00428,Cierre,2026-04-01 08:20:00,Administracion_Mtto,EQ088,Torno CNC,Planta_A,12,Software,Media,2,1400.0,No
OT00449,Asignación de técnico,2026-04-01 08:23:01,Jefe_Mantenimiento,EQ173,Bomba,Planta_B,10,Mecánica,Media,3,851.63,No
OT00431,Cierre,2026-04-01 08:25:00,Administracion_Mtto,EQ568,Bomba,Planta_A,16,Eléctrica,Alta,3,1518.1,Sí
OT00454,Asignación de técnico,2026-04-01 08:25:51,Jefe_Mantenimiento,EQ229,Montacargas,Planta_B,2,Mecánica,Media,1,1870.22,No
OT00455,Solicitud de repuesto,2026-04-01 08:38:07,Tec_05,EQ206,Bomba,Planta_A,13,Mecánica,Alta,3,4023.96,Sí
OT00448,Asignación de técnico,2026-04-01 08:40:27,Jefe_Mantenimiento,EQ499,Bomba,Planta_A,13,Mecánica,Media,1,3099.76,No
OT00454,Solicitud de repuesto,2026-04-01 08:55:52,Tec_07,EQ229,Montacargas,Planta_B,2,Mecánica,Media,1,1870.22,No
OT00399,Reparación,2026-04-01 09:05:32,Tec_04,EQ014,Bomba,Planta_A,3,Hidráulica,Baja,2,1931.3,No
OT00448,Solicitud de repuesto,2026-04-01 09:10:28,Tec_02,EQ499,Bomba,Planta_A,13,Mecánica,Media,1,3099.76,No
OT00318,Cierre,2026-04-01 09:10:51,Administracion_Mtto,EQ523,Torno CNC,Planta_B,15,Eléctrica,Media,0,6819.16,Sí
OT00430,Reparación,2026-04-01 09:14:43,Tec_07,EQ644,Bomba,Planta_B,3,Mecánica,Media,0,2087.85,No
OT00447,Reparación,2026-04-01 09:29:08,Tec_03,EQ568,Bomba,Planta_A,16,Software,Media,4,2800.0,Sí
OT00452,Reparación,2026-04-01 09:54:02,Tec_01,EQ257,Torno CNC,Planta_A,13,Eléctrica,Alta,1,690.53,Sí
OT00438,Reparación,2026-04-01 10:15:20,Tec_02,EQ499,Bomba,Planta_A,13,Mecánica,Media,0,1777.94,No
OT00430,Prueba,2026-04-01 10:38:03,Tec_07,EQ644,Bomba,Planta_B,3,Mecánica,Media,0,2087.85,No
OT00399,Prueba,2026-04-01 10:40:23,Tec_04,EQ014,Bomba,Planta_A,3,Hidráulica,Baja,2,1931.3,No
OT00373,Recepción de repuesto,2026-04-01 10:58:30,Bodega,EQ305,Torno CNC,Planta_A,16,Eléctrica,Media,3,3200.27,Sí
OT00456,Falla reportada,2026-04-01 11:13:13,Operador_08,EQ503,Bomba,Planta_B,7,Mecánica,Media,1,2882.97,Sí
OT00430,Puesta en operación,2026-04-01 11:19:13,Tec_07,EQ644,Bomba,Planta_B,3,Mecánica,Media,0,2087.85,No
OT00399,Puesta en operación,2026-04-01 12:18:16,Tec_04,EQ014,Bomba,Planta_A,3,Hidráulica,Baja,2,1931.3,No
OT00438,Prueba,2026-04-01 13:07:18,Tec_02,EQ499,Bomba,Planta_A,13,Mecánica,Media,0,1777.94,No
OT00449,Reparación,2026-04-01 13:20:16,Tec_07,EQ173,Bomba,Planta_B,10,Mecánica,Media,3,851.63,No
OT00447,Prueba fallida,2026-04-01 13:23:51,Tec_03,EQ568,Bomba,Planta_A,16,Software,Media,4,2800.0,Sí
OT00438,Puesta en operación,2026-04-01 13:34:29,Tec_02,EQ499,Bomba,Planta_A,13,Mecánica,Media,0,1777.94,No
OT00452,Prueba,2026-04-01 13:37:23,Tec_01,EQ257,Torno CNC,Planta_A,13,Eléctrica,Alta,1,690.53,Sí
OT00373,Reparación,2026-04-01 14:41:01,Tec_03,EQ305,Torno CNC,Planta_A,16,Eléctrica,Media,3,3200.27,Sí
OT00452,Puesta en operación,2026-04-01 14:41:33,Tec_01,EQ257,Torno CNC,Planta_A,13,Eléctrica,Alta,1,690.53,Sí
OT00449,Prueba,2026-04-01 15:29:24,Tec_07,EQ173,Bomba,Planta_B,10,Mecánica,Media,3,851.63,No
OT00432,Cierre,2026-04-01 16:00:10,Administracion_Mtto,EQ364,Torno CNC,Planta_B,10,Eléctrica,Alta,2,680.86,Sí
OT00449,Puesta en operación,2026-04-01 16:58:45,Tec_07,EQ173,Bomba,Planta_B,10,Mecánica,Media,3,851.63,No
OT00453,Falla reportada,2026-04-01 17:29:39,Operador_12,EQ691,Compresor,Planta_A,14,Software,Baja,3,786.3,No
OT00373,Prueba,2026-04-02 07:00:00,Tec_03,EQ305,Torno CNC,Planta_A,16,Eléctrica,Media,3,3200.27,Sí
OT00434,Recepción de repuesto,2026-04-02 07:00:00,Bodega,EQ135,Montacargas,Planta_A,15,Eléctrica,Alta,0,6351.66,No
OT00456,Diagnóstico,2026-04-02 07:00:00,Tec_B01,EQ503,Bomba,Planta_B,7,Mecánica,Media,1,2882.97,Sí
OT00453,Diagnóstico,2026-04-02 07:00:00,Tec_04,EQ691,Compresor,Planta_A,14,Software,Baja,3,786.3,No
OT00405,Recepción de repuesto,2026-04-02 07:00:00,Bodega,EQ193,Torno CNC,Planta_A,12,Software,Media,8,2568.91,No
OT00447,Nueva reparación,2026-04-02 07:00:00,Tec_03,EQ568,Bomba,Planta_A,16,Software,Media,4,2800.0,Sí
OT00396,Recepción de repuesto,2026-04-02 07:03:00,Bodega,EQ602,Bomba,Planta_A,3,Eléctrica,Alta,0,5370.75,Sí
OT00459,Falla reportada,2026-04-02 07:17:37,Operador_12,EQ643,Montacargas,Planta_A,17,Eléctrica,Baja,1,5600.0,Sí
OT00456,Asignación de técnico,2026-04-02 07:23:00,Jefe_Mantenimiento,EQ503,Bomba,Planta_B,7,Mecánica,Media,1,2882.97,Sí
OT00456,Solicitud de repuesto,2026-04-02 07:53:01,Tec_06,EQ503,Bomba,Planta_B,7,Mecánica,Media,1,2882.97,Sí
OT00350,Cierre,2026-04-02 08:00:00,Administracion_Mtto,EQ713,Bomba,Planta_A,8,Mecánica,Alta,0,3679.2,No
OT00445,Cierre,2026-04-02 08:00:00,Administracion_Mtto,EQ305,Torno CNC,Planta_A,16,Software,Media,4,530.49,Sí
OT00439,Cierre,2026-04-02 08:00:00,Administracion_Mtto,EQ267,Torno CNC,Planta_A,12,Eléctrica,Media,5,550.92,Sí
OT00422,Cierre,2026-04-02 08:00:00,Administracion_Mtto,EQ458,Bomba,Planta_A,6,Eléctrica,Baja,4,1400.0,No
OT00453,Asignación de técnico,2026-04-02 08:08:04,Jefe_Mantenimiento,EQ691,Compresor,Planta_A,14,Software,Baja,3,786.3,No
OT00373,Puesta en operación,2026-04-02 08:19:34,Tec_03,EQ305,Torno CNC,Planta_A,16,Eléctrica,Media,3,3200.27,Sí
OT00447,Prueba,2026-04-02 08:36:07,Tec_03,EQ568,Bomba,Planta_A,16,Software,Media,4,2800.0,Sí
OT00326,Cierre,2026-04-02 08:54:43,Administracion_Mtto,EQ206,Bomba,Planta_A,13,Hidráulica,Alta,2,2288.36,Sí
OT00405,Reparación,2026-04-02 09:23:28,Tec_01,EQ193,Torno CNC,Planta_A,12,Software,Media,8,2568.91,No
OT00396,Reparación,2026-04-02 09:35:01,Tec_05,EQ602,Bomba,Planta_A,3,Eléctrica,Alta,0,5370.75,Sí
OT00434,Reparación,2026-04-02 09:38:40,Tec_03,EQ135,Montacargas,Planta_A,15,Eléctrica,Alta,0,6351.66,No
OT00447,Puesta en operación,2026-04-02 09:58:02,Tec_03,EQ568,Bomba,Planta_A,16,Software,Media,4,2800.0,Sí
OT00459,Diagnóstico,2026-04-02 10:20:24,Tec_04,EQ643,Montacargas,Planta_A,17,Eléctrica,Baja,1,5600.0,Sí
OT00396,Prueba fallida,2026-04-02 10:42:34,Tec_05,EQ602,Bomba,Planta_A,3,Eléctrica,Alta,0,5370.75,Sí
OT00453,Reparación,2026-04-02 11:08:37,Tec_04,EQ691,Compresor,Planta_A,14,Software,Baja,3,786.3,No
OT00459,Asignación de técnico,2026-04-02 11:12:26,Jefe_Mantenimiento,EQ643,Montacargas,Planta_A,17,Eléctrica,Baja,1,5600.0,Sí
OT00405,Prueba,2026-04-02 11:22:27,Tec_01,EQ193,Torno CNC,Planta_A,12,Software,Media,8,2568.91,No
OT00381,Cierre,2026-04-02 12:00:24,Administracion_Mtto,EQ387,Compresor,Planta_A,11,Eléctrica,Baja,3,1939.71,Sí
OT00434,Prueba fallida,2026-04-02 12:00:50,Tec_03,EQ135,Montacargas,Planta_A,15,Eléctrica,Alta,0,6351.66,No
OT00436,Cierre,2026-04-02 12:04:18,Administracion_Mtto,EQ336,Montacargas,Planta_A,16,Software,Media,4,808.04,No
OT00405,Puesta en operación,2026-04-02 12:07:48,Tec_01,EQ193,Torno CNC,Planta_A,12,Software,Media,8,2568.91,No
OT00396,Nueva reparación,2026-04-02 13:37:48,Tec_05,EQ602,Bomba,Planta_A,3,Eléctrica,Alta,0,5370.75,Sí
OT00453,Prueba,2026-04-02 14:04:59,Tec_04,EQ691,Compresor,Planta_A,14,Software,Baja,3,786.3,No
OT00451,Recepción de repuesto,2026-04-02 14:23:59,Bodega,EQ604,Prensa hidráulica,Planta_A,17,Hidráulica,Media,1,2351.33,No
OT00458,Falla reportada,2026-04-02 14:35:50,Operador_09,EQ280,Compresor,Planta_A,18,Hidráulica,Baja,3,1400.0,Sí
OT00459,Reparación,2026-04-02 15:33:32,Tec_05,EQ643,Montacargas,Planta_A,17,Eléctrica,Baja,1,5600.0,Sí
OT00434,Nueva reparación,2026-04-02 15:46:28,Tec_03,EQ135,Montacargas,Planta_A,15,Eléctrica,Alta,0,6351.66,No
OT00384,Recepción de repuesto,2026-04-02 15:57:22,Bodega,EQ296,Compresor,Planta_A,12,Mecánica,Baja,1,4243.13,Sí
OT00453,Puesta en operación,2026-04-02 15:57:36,Tec_04,EQ691,Compresor,Planta_A,14,Software,Baja,3,786.3,No
OT00459,Prueba fallida,2026-04-02 16:24:10,Tec_05,EQ643,Montacargas,Planta_A,17,Eléctrica,Baja,1,5600.0,Sí
OT00392,Recepción de repuesto,2026-04-02 16:32:18,Bodega,EQ619,Torno CNC,Planta_B,14,Mecánica,Media,2,1777.35,No
OT00457,Falla reportada,2026-04-02 20:09:24,Operador_06,EQ441,Montacargas,Planta_A,12,Eléctrica,Baja,2,4359.8,Sí
OT00467,Falla reportada,2026-04-03 05:43:01,Operador_04,EQ293,Montacargas,Planta_B,3,Eléctrica,Media,0,1400.0,No
OT00384,Reparación,2026-04-03 07:00:00,Tec_04,EQ296,Compresor,Planta_A,12,Mecánica,Baja,1,4243.13,Sí
OT00377,Recepción de repuesto,2026-04-03 07:00:00,Bodega,EQ047,Compresor,Planta_A,14,Mecánica,Media,5,4301.21,No
OT00458,Diagnóstico,2026-04-03 07:00:00,Tec_04,EQ280,Compresor,Planta_A,18,Hidráulica,Baja,3,1400.0,Sí
OT00454,Recepción de repuesto,2026-04-03 07:00:00,Bodega,EQ229,Montacargas,Planta_B,2,Mecánica,Media,1,1870.22,No
OT00451,Reparación,2026-04-03 07:00:00,Tec_05,EQ604,Prensa hidráulica,Planta_A,17,Hidráulica,Media,1,2351.33,No
OT00392,Reparación,2026-04-03 07:00:00,Tec_06,EQ619,Torno CNC,Planta_B,14,Mecánica,Media,2,1777.35,No
OT00396,Prueba fallida,2026-04-03 07:00:00,Tec_05,EQ602,Bomba,Planta_A,3,Eléctrica,Alta,0,5370.75,Sí
OT00459,Nueva reparación,2026-04-03 07:00:00,Tec_05,EQ643,Montacargas,Planta_A,17,Eléctrica,Baja,1,5600.0,Sí
OT00434,Prueba fallida,2026-04-03 07:00:00,Tec_03,EQ135,Montacargas,Planta_A,15,Eléctrica,Alta,0,6351.66,No
OT00397,Recepción de repuesto,2026-04-03 07:24:00,Bodega,EQ529,Bomba,Planta_B,14,Mecánica,Media,3,3493.29,No
OT00457,Diagnóstico,2026-04-03 07:27:00,Tec_02,EQ441,Montacargas,Planta_A,12,Eléctrica,Baja,2,4359.8,Sí
OT00451,Prueba,2026-04-03 07:58:21,Tec_05,EQ604,Prensa hidráulica,Planta_A,17,Hidráulica,Media,1,2351.33,No
OT00437,Cierre,2026-04-03 08:00:00,Administracion_Mtto,EQ464,Torno CNC,Planta_A,17,Mecánica,Media,3,2446.64,No
OT00440,Cierre,2026-04-03 08:00:00,Administracion_Mtto,EQ484,Prensa hidráulica,Planta_A,9,Software,Baja,1,320.2,No
OT00425,Cierre,2026-04-03 08:04:00,Administracion_Mtto,EQ570,Montacargas,Planta_A,15,Software,Media,2,1400.0,No
OT00403,Cierre,2026-04-03 08:05:00,Administracion_Mtto,EQ035,Compresor,Planta_B,8,Eléctrica,Media,2,1400.0,No
OT00458,Asignación de técnico,2026-04-03 08:06:13,Jefe_Mantenimiento,EQ280,Compresor,Planta_A,18,Hidráulica,Baja,3,1400.0,Sí
OT00457,Asignación de técnico,2026-04-03 08:45:52,Jefe_Mantenimiento,EQ441,Montacargas,Planta_A,12,Eléctrica,Baja,2,4359.8,Sí
OT00384,Prueba,2026-04-03 09:02:20,Tec_04,EQ296,Compresor,Planta_A,12,Mecánica,Baja,1,4243.13,Sí
OT00451,Puesta en operación,2026-04-03 09:05:42,Tec_05,EQ604,Prensa hidráulica,Planta_A,17,Hidráulica,Media,1,2351.33,No
OT00455,Aprobación de compra,2026-04-03 09:15:39,Gerencia,EQ206,Bomba,Planta_A,13,Mecánica,Alta,3,4023.96,Sí
OT00457,Solicitud de repuesto,2026-04-03 09:15:53,Tec_01,EQ441,Montacargas,Planta_A,12,Eléctrica,Baja,2,4359.8,Sí
OT00392,Prueba,2026-04-03 09:24:37,Tec_06,EQ619,Torno CNC,Planta_B,14,Mecánica,Media,2,1777.35,No
OT00459,Prueba fallida,2026-04-03 09:29:06,Tec_05,EQ643,Montacargas,Planta_A,17,Eléctrica,Baja,1,5600.0,Sí
OT00454,Reparación,2026-04-03 09:48:06,Tec_07,EQ229,Montacargas,Planta_B,2,Mecánica,Media,1,1870.22,No
OT00392,Puesta en operación,2026-04-03 09:59:23,Tec_06,EQ619,Torno CNC,Planta_B,14,Mecánica,Media,2,1777.35,No
OT00464,Falla reportada,2026-04-03 10:23:01,Operador_02,EQ454,Compresor,Planta_A,18,Software,Baja,2,1400.0,No
OT00377,Reparación,2026-04-03 10:23:07,Tec_02,EQ047,Compresor,Planta_A,14,Mecánica,Media,5,4301.21,No
OT00384,Puesta en operación,2026-04-03 10:33:14,Tec_04,EQ296,Compresor,Planta_A,12,Mecánica,Baja,1,4243.13,Sí
OT00465,Falla reportada,2026-04-03 10:33:29,Operador_09,EQ735,Bomba,Planta_A,15,Software,Alta,3,1400.0,No
OT00454,Prueba,2026-04-03 10:57:42,Tec_07,EQ229,Montacargas,Planta_B,2,Mecánica,Media,1,1870.22,No
OT00458,Reparación,2026-04-03 11:05:48,Tec_05,EQ280,Compresor,Planta_A,18,Hidráulica,Baja,3,1400.0,Sí
OT00465,Diagnóstico,2026-04-03 11:09:25,Tec_01,EQ735,Bomba,Planta_A,15,Software,Alta,3,1400.0,No
OT00377,Prueba,2026-04-03 11:24:03,Tec_02,EQ047,Compresor,Planta_A,14,Mecánica,Media,5,4301.21,No
OT00396,Nueva reparación,2026-04-03 11:36:03,Tec_05,EQ602,Bomba,Planta_A,3,Eléctrica,Alta,0,5370.75,Sí
OT00462,Falla reportada,2026-04-03 11:42:49,Operador_03,EQ659,Montacargas,Planta_B,6,Mecánica,Media,1,2126.97,Sí
OT00377,Puesta en operación,2026-04-03 12:08:03,Tec_02,EQ047,Compresor,Planta_A,14,Mecánica,Media,5,4301.21,No
OT00454,Puesta en operación,2026-04-03 12:53:19,Tec_07,EQ229,Montacargas,Planta_B,2,Mecánica,Media,1,1870.22,No
OT00409,Cierre,2026-04-03 13:14:36,Administracion_Mtto,EQ548,Bomba,Planta_B,11,Software,Media,3,638.22,No
OT00386,Recepción de repuesto,2026-04-03 13:33:11,Bodega,EQ197,Prensa hidráulica,Planta_A,15,Hidráulica,Baja,5,2496.71,Sí
OT00426,Cierre,2026-04-03 13:48:37,Administracion_Mtto,EQ709,Bomba,Planta_B,3,Software,Baja,0,1400.0,No
OT00465,Asignación de técnico,2026-04-03 14:13:36,Jefe_Mantenimiento,EQ735,Bomba,Planta_A,15,Software,Alta,3,1400.0,No
OT00434,Nueva reparación,2026-04-03 14:34:09,Tec_03,EQ135,Montacargas,Planta_A,15,Eléctrica,Alta,0,6351.66,No
OT00396,Prueba,2026-04-03 14:40:21,Tec_05,EQ602,Bomba,Planta_A,3,Eléctrica,Alta,0,5370.75,Sí
OT00399,Cierre,2026-04-03 14:40:26,Administracion_Mtto,EQ014,Bomba,Planta_A,3,Hidráulica,Baja,2,1931.3,No
OT00396,Puesta en operación,2026-04-03 15:31:02,Tec_05,EQ602,Bomba,Planta_A,3,Eléctrica,Alta,0,5370.75,Sí
OT00397,Reparación,2026-04-03 15:38:59,Tec_07,EQ529,Bomba,Planta_B,14,Mecánica,Media,3,3493.29,No
OT00464,Diagnóstico,2026-04-03 15:40:38,Tec_05,EQ454,Compresor,Planta_A,18,Software,Baja,2,1400.0,No
OT00443,Cierre,2026-04-03 15:43:22,Administracion_Mtto,EQ535,Torno CNC,Planta_A,6,Software,Media,2,619.81,No
OT00462,Diagnóstico,2026-04-03 16:11:16,Tec_B01,EQ659,Montacargas,Planta_B,6,Mecánica,Media,1,2126.97,Sí
OT00464,Asignación de técnico,2026-04-03 16:28:54,Jefe_Mantenimiento,EQ454,Compresor,Planta_A,18,Software,Baja,2,1400.0,No
OT00397,Prueba fallida,2026-04-03 16:32:18,Tec_07,EQ529,Bomba,Planta_B,14,Mecánica,Media,3,3493.29,No
OT00460,Falla reportada,2026-04-03 16:57:44,Operador_06,EQ553,Bomba,Planta_A,18,Mecánica,Baja,2,1400.0,Sí
OT00463,Falla reportada,2026-04-03 18:18:30,Operador_08,EQ429,Torno CNC,Planta_A,16,Eléctrica,Media,2,4313.0,No
OT00466,Falla reportada,2026-04-03 21:18:08,Operador_02,EQ741,Torno CNC,Planta_A,17,Eléctrica,Baja,4,1693.83,No
OT00461,Falla reportada,2026-04-03 22:04:20,Operador_07,EQ241,Compresor,Planta_B,11,Software,Media,3,1400.0,No
OT00470,Falla reportada,2026-04-04 04:20:30,Operador_08,EQ718,Bomba,Planta_A,1,Eléctrica,Baja,0,1400.0,No
OT00469,Falla reportada,2026-04-04 17:33:49,Operador_06,EQ557,Bomba,Planta_A,14,Software,Media,5,1400.0,No
OT00468,Falla reportada,2026-04-04 19:18:53,Operador_02,EQ382,Montacargas,Planta_A,10,Hidráulica,Media,1,1400.0,No
OT00472,Falla reportada,2026-04-05 01:19:31,Operador_03,EQ197,Prensa hidráulica,Planta_A,15,Mecánica,Media,6,2218.57,Sí
OT00473,Falla reportada,2026-04-05 09:17:42,Operador_11,EQ267,Torno CNC,Planta_A,12,Mecánica,Media,6,995.58,No
OT00475,Falla reportada,2026-04-05 09:36:05,Operador_12,EQ122,Bomba,Planta_A,15,Hidráulica,Media,4,1494.34,Sí
OT00476,Falla reportada,2026-04-05 16:02:20,Operador_04,EQ131,Torno CNC,Planta_A,11,Mecánica,Media,2,3385.1,No
OT00471,Falla reportada,2026-04-05 22:43:18,Operador_04,EQ043,Prensa hidráulica,Planta_B,13,Eléctrica,Media,3,572.92,Sí
OT00474,Falla reportada,2026-04-05 22:46:11,Operador_06,EQ469,Prensa hidráulica,Planta_A,15,Mecánica,Baja,3,3491.39,No
OT00477,Falla reportada,2026-04-05 23:13:28,Operador_02,EQ406,Prensa hidráulica,Planta_B,8,Hidráulica,Baja,1,1469.46,Sí
OT00480,Falla reportada,2026-04-06 04:20:53,Operador_06,EQ668,Bomba,Planta_B,18,Software,Media,2,1038.33,No
OT00479,Falla reportada,2026-04-06 05:36:18,Operador_10,EQ243,Torno CNC,Planta_A,13,Eléctrica,Baja,4,205.04,No
OT00475,Diagnóstico,2026-04-06 07:00:00,Tec_03,EQ122,Bomba,Planta_A,15,Hidráulica,Media,4,1494.34,Sí
OT00469,Diagnóstico,2026-04-06 07:00:00,Tec_01,EQ557,Bomba,Planta_A,14,Software,Media,5,1400.0,No
OT00458,Prueba,2026-04-06 07:00:00,Tec_05,EQ280,Compresor,Planta_A,18,Hidráulica,Baja,3,1400.0,Sí
OT00462,Asignación de técnico,2026-04-06 07:00:00,Jefe_Mantenimiento,EQ659,Montacargas,Planta_B,6,Mecánica,Media,1,2126.97,Sí
OT00467,Diagnóstico,2026-04-06 07:00:00,Tec_B01,EQ293,Montacargas,Planta_B,3,Eléctrica,Media,0,1400.0,No
OT00397,Nueva reparación,2026-04-06 07:00:00,Tec_07,EQ529,Bomba,Planta_B,14,Mecánica,Media,3,3493.29,No
OT00473,Diagnóstico,2026-04-06 07:00:00,Tec_03,EQ267,Torno CNC,Planta_A,12,Mecánica,Media,6,995.58,No
OT00455,Recepción de repuesto,2026-04-06 07:00:00,Bodega,EQ206,Bomba,Planta_A,13,Mecánica,Alta,3,4023.96,Sí
OT00476,Diagnóstico,2026-04-06 07:00:00,Tec_02,EQ131,Torno CNC,Planta_A,11,Mecánica,Media,2,3385.1,No
OT00468,Diagnóstico,2026-04-06 07:00:00,Tec_05,EQ382,Montacargas,Planta_A,10,Hidráulica,Media,1,1400.0,No
OT00386,Reparación,2026-04-06 07:00:00,Tec_05,EQ197,Prensa hidráulica,Planta_A,15,Hidráulica,Baja,5,2496.71,Sí
OT00463,Diagnóstico,2026-04-06 07:00:00,Tec_02,EQ429,Torno CNC,Planta_A,16,Eléctrica,Media,2,4313.0,No
OT00464,Reparación,2026-04-06 07:00:00,Tec_03,EQ454,Compresor,Planta_A,18,Software,Baja,2,1400.0,No
OT00465,Reparación,2026-04-06 07:00:00,Tec_03,EQ735,Bomba,Planta_A,15,Software,Alta,3,1400.0,No
OT00470,Diagnóstico,2026-04-06 07:00:00,Tec_03,EQ718,Bomba,Planta_A,1,Eléctrica,Baja,0,1400.0,No
OT00434,Prueba,2026-04-06 07:00:00,Tec_03,EQ135,Montacargas,Planta_A,15,Eléctrica,Alta,0,6351.66,No
OT00472,Diagnóstico,2026-04-06 07:00:00,Tec_05,EQ197,Prensa hidráulica,Planta_A,15,Mecánica,Media,6,2218.57,Sí
OT00460,Diagnóstico,2026-04-06 07:00:00,Tec_04,EQ553,Bomba,Planta_A,18,Mecánica,Baja,2,1400.0,Sí
OT00461,Diagnóstico,2026-04-06 07:00:00,Tec_B01,EQ241,Compresor,Planta_B,11,Software,Media,3,1400.0,No
OT00459,Nueva reparación,2026-04-06 07:00:00,Tec_05,EQ643,Montacargas,Planta_A,17,Eléctrica,Baja,1,5600.0,Sí
OT00466,Diagnóstico,2026-04-06 07:00:00,Tec_03,EQ741,Torno CNC,Planta_A,17,Eléctrica,Baja,4,1693.83,No
OT00456,Recepción de repuesto,2026-04-06 07:00:00,Bodega,EQ503,Bomba,Planta_B,7,Mecánica,Media,1,2882.97,Sí
OT00479,Diagnóstico,2026-04-06 07:10:40,Tec_05,EQ243,Torno CNC,Planta_A,13,Eléctrica,Baja,4,205.04,No
OT00474,Diagnóstico,2026-04-06 07:11:00,Tec_02,EQ469,Prensa hidráulica,Planta_A,15,Mecánica,Baja,3,3491.39,No
OT00476,Asignación de técnico,2026-04-06 07:17:47,Jefe_Mantenimiento,EQ131,Torno CNC,Planta_A,11,Mecánica,Media,2,3385.1,No
OT00472,Asignación de técnico,2026-04-06 07:18:04,Jefe_Mantenimiento,EQ197,Prensa hidráulica,Planta_A,15,Mecánica,Media,6,2218.57,Sí
OT00462,Solicitud de repuesto,2026-04-06 07:30:01,Tec_07,EQ659,Montacargas,Planta_B,6,Mecánica,Media,1,2126.97,Sí
OT00461,Asignación de técnico,2026-04-06 07:37:59,Jefe_Mantenimiento,EQ241,Compresor,Planta_B,11,Software,Media,3,1400.0,No
OT00476,Solicitud de repuesto,2026-04-06 07:47:48,Tec_02,EQ131,Torno CNC,Planta_A,11,Mecánica,Media,2,3385.1,No
OT00472,Solicitud de repuesto,2026-04-06 07:48:05,Tec_02,EQ197,Prensa hidráulica,Planta_A,15,Mecánica,Media,6,2218.57,Sí
OT00458,Puesta en operación,2026-04-06 07:49:11,Tec_05,EQ280,Compresor,Planta_A,18,Hidráulica,Baja,3,1400.0,Sí
OT00467,Asignación de técnico,2026-04-06 07:55:13,Jefe_Mantenimiento,EQ293,Montacargas,Planta_B,3,Eléctrica,Media,0,1400.0,No
OT00434,Puesta en operación,2026-04-06 07:57:00,Tec_03,EQ135,Montacargas,Planta_A,15,Eléctrica,Alta,0,6351.66,No
OT00469,Asignación de técnico,2026-04-06 07:57:27,Jefe_Mantenimiento,EQ557,Bomba,Planta_A,14,Software,Media,5,1400.0,No
OT00466,Asignación de técnico,2026-04-06 07:57:57,Jefe_Mantenimiento,EQ741,Torno CNC,Planta_A,17,Eléctrica,Baja,4,1693.83,No
OT00474,Asignación de técnico,2026-04-06 07:59:27,Jefe_Mantenimiento,EQ469,Prensa hidráulica,Planta_A,15,Mecánica,Baja,3,3491.39,No
OT00438,Cierre,2026-04-06 08:00:00,Administracion_Mtto,EQ499,Bomba,Planta_A,13,Mecánica,Media,0,1777.94,No
OT00444,Cierre,2026-04-06 08:00:00,Administracion_Mtto,EQ146,Bomba,Planta_B,17,Eléctrica,Baja,1,784.96,No
OT00451,Cierre,2026-04-06 08:00:00,Administracion_Mtto,EQ604,Prensa hidráulica,Planta_A,17,Hidráulica,Media,1,2351.33,No
OT00457,Aprobación de compra,2026-04-06 08:00:00,Gerencia,EQ441,Montacargas,Planta_A,12,Eléctrica,Baja,2,4359.8,Sí
OT00452,Cierre,2026-04-06 08:00:00,Administracion_Mtto,EQ257,Torno CNC,Planta_A,13,Eléctrica,Alta,1,690.53,Sí
OT00442,Cierre,2026-04-06 08:00:00,Administracion_Mtto,EQ244,Torno CNC,Planta_B,18,Eléctrica,Alta,2,2013.17,No
OT00405,Cierre,2026-04-06 08:00:00,Administracion_Mtto,EQ193,Torno CNC,Planta_A,12,Software,Media,8,2568.91,No
OT00447,Cierre,2026-04-06 08:00:00,Administracion_Mtto,EQ568,Bomba,Planta_A,16,Software,Media,4,2800.0,Sí
OT00430,Cierre,2026-04-06 08:00:00,Administracion_Mtto,EQ644,Bomba,Planta_B,3,Mecánica,Media,0,2087.85,No
OT00377,Cierre,2026-04-06 08:00:00,Administracion_Mtto,EQ047,Compresor,Planta_A,14,Mecánica,Media,5,4301.21,No
OT00479,Asignación de técnico,2026-04-06 08:12:38,Jefe_Mantenimiento,EQ243,Torno CNC,Planta_A,13,Eléctrica,Baja,4,205.04,No
OT00463,Asignación de técnico,2026-04-06 08:16:36,Jefe_Mantenimiento,EQ429,Torno CNC,Planta_A,16,Eléctrica,Media,2,4313.0,No
OT00459,Prueba fallida,2026-04-06 08:18:39,Tec_05,EQ643,Montacargas,Planta_A,17,Eléctrica,Baja,1,5600.0,Sí
OT00386,Prueba,2026-04-06 08:22:03,Tec_05,EQ197,Prensa hidráulica,Planta_A,15,Hidráulica,Baja,5,2496.71,Sí
OT00470,Asignación de técnico,2026-04-06 08:26:00,Jefe_Mantenimiento,EQ718,Bomba,Planta_A,1,Eléctrica,Baja,0,1400.0,No
OT00466,Solicitud de repuesto,2026-04-06 08:27:58,Tec_02,EQ741,Torno CNC,Planta_A,17,Eléctrica,Baja,4,1693.83,No
OT00474,Solicitud de repuesto,2026-04-06 08:29:28,Tec_03,EQ469,Prensa hidráulica,Planta_A,15,Mecánica,Baja,3,3491.39,No
OT00473,Asignación de técnico,2026-04-06 08:32:28,Jefe_Mantenimiento,EQ267,Torno CNC,Planta_A,12,Mecánica,Media,6,995.58,No
OT00468,Asignación de técnico,2026-04-06 08:38:50,Jefe_Mantenimiento,EQ382,Montacargas,Planta_A,10,Hidráulica,Media,1,1400.0,No
OT00386,Puesta en operación,2026-04-06 08:43:41,Tec_05,EQ197,Prensa hidráulica,Planta_A,15,Hidráulica,Baja,5,2496.71,Sí
OT00463,Solicitud de repuesto,2026-04-06 08:46:37,Tec_01,EQ429,Torno CNC,Planta_A,16,Eléctrica,Media,2,4313.0,No
OT00471,Diagnóstico,2026-04-06 09:10:09,Tec_B01,EQ043,Prensa hidráulica,Planta_B,13,Eléctrica,Media,3,572.92,Sí
OT00464,Prueba,2026-04-06 09:16:18,Tec_03,EQ454,Compresor,Planta_A,18,Software,Baja,2,1400.0,No
OT00460,Asignación de técnico,2026-04-06 09:18:16,Jefe_Mantenimiento,EQ553,Bomba,Planta_A,18,Mecánica,Baja,2,1400.0,Sí
OT00475,Asignación de técnico,2026-04-06 09:18:59,Jefe_Mantenimiento,EQ122,Bomba,Planta_A,15,Hidráulica,Media,4,1494.34,Sí
OT00456,Reparación,2026-04-06 09:27:21,Tec_06,EQ503,Bomba,Planta_B,7,Mecánica,Media,1,2882.97,Sí
OT00465,Prueba,2026-04-06 09:27:46,Tec_03,EQ735,Bomba,Planta_A,15,Software,Alta,3,1400.0,No
OT00455,Reparación,2026-04-06 09:30:34,Tec_05,EQ206,Bomba,Planta_A,13,Mecánica,Alta,3,4023.96,Sí
OT00397,Prueba,2026-04-06 09:36:58,Tec_07,EQ529,Bomba,Planta_B,14,Mecánica,Media,3,3493.29,No
OT00475,Solicitud de repuesto,2026-04-06 09:49:00,Tec_04,EQ122,Bomba,Planta_A,15,Hidráulica,Media,4,1494.34,Sí
OT00479,Reparación,2026-04-06 09:50:56,Tec_05,EQ243,Torno CNC,Planta_A,13,Eléctrica,Baja,4,205.04,No
OT00397,Puesta en operación,2026-04-06 10:13:08,Tec_07,EQ529,Bomba,Planta_B,14,Mecánica,Media,3,3493.29,No
OT00465,Puesta en operación,2026-04-06 10:18:49,Tec_03,EQ735,Bomba,Planta_A,15,Software,Alta,3,1400.0,No
OT00464,Puesta en operación,2026-04-06 10:25:12,Tec_03,EQ454,Compresor,Planta_A,18,Software,Baja,2,1400.0,No
OT00467,Reparación,2026-04-06 10:29:40,Tec_06,EQ293,Montacargas,Planta_B,3,Eléctrica,Media,0,1400.0,No
OT00453,Cierre,2026-04-06 10:29:50,Administracion_Mtto,EQ691,Compresor,Planta_A,14,Software,Baja,3,786.3,No
OT00461,Reparación,2026-04-06 10:37:52,Tec_06,EQ241,Compresor,Planta_B,11,Software,Media,3,1400.0,No
OT00456,Prueba,2026-04-06 10:39:30,Tec_06,EQ503,Bomba,Planta_B,7,Mecánica,Media,1,2882.97,Sí
OT00477,Diagnóstico,2026-04-06 10:53:15,Tec_B01,EQ406,Prensa hidráulica,Planta_B,8,Hidráulica,Baja,1,1469.46,Sí
OT00471,Asignación de técnico,2026-04-06 10:57:09,Jefe_Mantenimiento,EQ043,Prensa hidráulica,Planta_B,13,Eléctrica,Media,3,572.92,Sí
OT00479,Prueba,2026-04-06 11:03:27,Tec_05,EQ243,Torno CNC,Planta_A,13,Eléctrica,Baja,4,205.04,No
OT00473,Reparación,2026-04-06 11:19:43,Tec_04,EQ267,Torno CNC,Planta_A,12,Mecánica,Media,6,995.58,No
OT00479,Puesta en operación,2026-04-06 11:27:48,Tec_05,EQ243,Torno CNC,Planta_A,13,Eléctrica,Baja,4,205.04,No
OT00456,Puesta en operación,2026-04-06 11:49:32,Tec_06,EQ503,Bomba,Planta_B,7,Mecánica,Media,1,2882.97,Sí
OT00467,Prueba,2026-04-06 11:56:39,Tec_06,EQ293,Montacargas,Planta_B,3,Eléctrica,Media,0,1400.0,No
OT00455,Prueba,2026-04-06 12:06:40,Tec_05,EQ206,Bomba,Planta_A,13,Mecánica,Alta,3,4023.96,Sí
OT00471,Reparación,2026-04-06 12:09:08,Tec_07,EQ043,Prensa hidráulica,Planta_B,13,Eléctrica,Media,3,572.92,Sí
OT00460,Reparación,2026-04-06 12:11:48,Tec_02,EQ553,Bomba,Planta_A,18,Mecánica,Baja,2,1400.0,Sí
OT00461,Prueba,2026-04-06 12:15:54,Tec_06,EQ241,Compresor,Planta_B,11,Software,Media,3,1400.0,No
OT00468,reparación,2026-04-06 12:27:24,Tec_03,EQ382,Montacargas,Planta_A,10,Hidráulica,Media,1,1400.0,No
OT00477,Asignación de técnico,2026-04-06 12:32:51,Jefe_Mantenimiento,EQ406,Prensa hidráulica,Planta_B,8,Hidráulica,Baja,1,1469.46,Sí
OT00455,Puesta en operación,2026-04-06 12:44:48,Tec_05,EQ206,Bomba,Planta_A,13,Mecánica,Alta,3,4023.96,Sí
OT00473,Prueba,2026-04-06 12:45:04,Tec_04,EQ267,Torno CNC,Planta_A,12,Mecánica,Media,6,995.58,No
OT00346,Recepción de repuesto,2026-04-06 12:47:29,Bodega,EQ107,Torno CNC,Planta_A,14,Mecánica,Media,3,3505.48,Sí
OT00470,Reparación,2026-04-06 12:49:21,Tec_03,EQ718,Bomba,Planta_A,1,Eléctrica,Baja,0,1400.0,No
OT00461,Puesta en operación,2026-04-06 12:53:50,Tec_06,EQ241,Compresor,Planta_B,11,Software,Media,3,1400.0,No
OT00477,Solicitud de repuesto,2026-04-06 13:02:52,Tec_06,EQ406,Prensa hidráulica,Planta_B,8,Hidráulica,Baja,1,1469.46,Sí
OT00460,Prueba,2026-04-06 13:12:08,Tec_02,EQ553,Bomba,Planta_A,18,Mecánica,Baja,2,1400.0,Sí
OT00467,Puesta en operación,2026-04-06 13:28:28,Tec_06,EQ293,Montacargas,Planta_B,3,Eléctrica,Media,0,1400.0,No
OT00468,Prueba,2026-04-06 13:33:06,Tec_03,EQ382,Montacargas,Planta_A,10,Hidráulica,Media,1,1400.0,No
OT00473,Puesta en operación,2026-04-06 13:44:24,Tec_04,EQ267,Torno CNC,Planta_A,12,Mecánica,Media,6,995.58,No
OT00469,Reparación,2026-04-06 13:54:32,Tec_01,EQ557,Bomba,Planta_A,14,Software,Media,5,1400.0,No
OT00460,Puesta en operación,2026-04-06 13:57:45,Tec_02,EQ553,Bomba,Planta_A,18,Mecánica,Baja,2,1400.0,Sí
OT00471,Prueba,2026-04-06 14:10:19,Tec_07,EQ043,Prensa hidráulica,Planta_B,13,Eléctrica,Media,3,572.92,Sí
OT00470,Prueba,2026-04-06 14:28:21,Tec_03,EQ718,Bomba,Planta_A,1,Eléctrica,Baja,0,1400.0,No
OT00468,Puesta en operación,2026-04-06 14:43:47,Tec_03,EQ382,Montacargas,Planta_A,10,Hidráulica,Media,1,1400.0,No
OT00470,Puesta en operación,2026-04-06 14:57:14,Tec_03,EQ718,Bomba,Planta_A,1,Eléctrica,Baja,0,1400.0,No
OT00471,Puesta en operación,2026-04-06 15:05:27,Tec_07,EQ043,Prensa hidráulica,Planta_B,13,Eléctrica,Media,3,572.92,Sí
OT00469,Prueba,2026-04-06 15:05:41,Tec_01,EQ557,Bomba,Planta_A,14,Software,Media,5,1400.0,No
OT00469,Puesta en operación,2026-04-06 15:40:04,Tec_01,EQ557,Bomba,Planta_A,14,Software,Media,5,1400.0,No
OT00480,Diagnóstico,2026-04-06 16:02:22,Tec_B01,EQ668,Bomba,Planta_B,18,Software,Media,2,1038.33,No
OT00480,Asignación de técnico,2026-04-06 16:55:42,Jefe_Mantenimiento,EQ668,Bomba,Planta_B,18,Software,Media,2,1038.33,No
OT00478,Falla reportada,2026-04-06 21:16:09,Operador_12,EQ661,Torno CNC,Planta_A,10,Software,Media,0,608.25,No
OT00484,Falla reportada,2026-04-07 04:48:46,Operador_01,EQ426,Prensa hidráulica,Planta_B,7,Eléctrica,Media,1,3126.69,No
OT00346,Reparación,2026-04-07 07:00:00,Tec_02,EQ107,Torno CNC,Planta_A,14,Mecánica,Media,3,3505.48,Sí
OT00478,Diagnóstico,2026-04-07 07:00:00,Tec_05,EQ661,Torno CNC,Planta_A,10,Software,Media,0,608.25,No
OT00480,Reparación,2026-04-07 07:00:00,Tec_06,EQ668,Bomba,Planta_B,18,Software,Media,2,1038.33,No
OT00462,Recepción de repuesto,2026-04-07 07:00:00,Bodega,EQ659,Montacargas,Planta_B,6,Mecánica,Media,1,2126.97,Sí
OT00459,Nueva reparación,2026-04-07 07:00:00,Tec_05,EQ643,Montacargas,Planta_A,17,Eléctrica,Baja,1,5600.0,Sí
OT00476,Recepción de repuesto,2026-04-07 07:05:00,Bodega,EQ131,Torno CNC,Planta_A,11,Mecánica,Media,2,3385.1,No
OT00475,Recepción de repuesto,2026-04-07 07:16:54,Bodega,EQ122,Bomba,Planta_A,15,Hidráulica,Media,4,1494.34,Sí
OT00478,Asignación de técnico,2026-04-07 07:30:27,Jefe_Mantenimiento,EQ661,Torno CNC,Planta_A,10,Software,Media,0,608.25,No
OT00346,Prueba fallida,2026-04-07 07:42:09,Tec_02,EQ107,Torno CNC,Planta_A,14,Mecánica,Media,3,3505.48,Sí
OT00480,Prueba,2026-04-07 07:43:21,Tec_06,EQ668,Bomba,Planta_B,18,Software,Media,2,1038.33,No
OT00373,Cierre,2026-04-07 08:07:00,Administracion_Mtto,EQ305,Torno CNC,Planta_A,16,Eléctrica,Media,3,3200.27,Sí
OT00392,Cierre,2026-04-07 08:23:19,Administracion_Mtto,EQ619,Torno CNC,Planta_B,14,Mecánica,Media,2,1777.35,No
OT00483,Falla reportada,2026-04-07 08:51:31,Operador_05,EQ195,Prensa hidráulica,Planta_B,8,Eléctrica,Alta,1,4200.0,No
OT00475,Reparación,2026-04-07 09:00:45,Tec_04,EQ122,Bomba,Planta_A,15,Hidráulica,Media,4,1494.34,Sí
OT00480,Puesta en operación,2026-04-07 10:00:53,Tec_06,EQ668,Bomba,Planta_B,18,Software,Media,2,1038.33,No
OT00482,Falla reportada,2026-04-07 10:27:12,Operador_02,EQ698,Prensa hidráulica,Planta_A,11,Hidráulica,Media,3,757.63,Sí
OT00476,Reparación,2026-04-07 10:42:29,Tec_02,EQ131,Torno CNC,Planta_A,11,Mecánica,Media,2,3385.1,No
OT00459,Prueba,2026-04-07 10:51:46,Tec_05,EQ643,Montacargas,Planta_A,17,Eléctrica,Baja,1,5600.0,Sí
OT00472,Recepción de repuesto,2026-04-07 10:51:59,Bodega,EQ197,Prensa hidráulica,Planta_A,15,Mecánica,Media,6,2218.57,Sí
OT00462,Reparación,2026-04-07 10:56:12,Tec_07,EQ659,Montacargas,Planta_B,6,Mecánica,Media,1,2126.97,Sí
OT00475,prueba,2026-04-07 10:59:11,Tec_04,EQ122,Bomba,Planta_A,15,Hidráulica,Media,4,1494.34,Sí
OT00458,Cierre,2026-04-07 11:18:52,Administracion_Mtto,EQ280,Compresor,Planta_A,18,Hidráulica,Baja,3,1400.0,Sí
OT00346,Nueva reparación,2026-04-07 11:25:37,Tec_02,EQ107,Torno CNC,Planta_A,14,Mecánica,Media,3,3505.48,Sí
OT00459,Puesta en operación,2026-04-07 11:59:06,Tec_05,EQ643,Montacargas,Planta_A,17,Eléctrica,Baja,1,5600.0,Sí
OT00478,Reparación,2026-04-07 12:21:39,Tec_01,EQ661,Torno CNC,Planta_A,10,Software,Media,0,608.25,No
OT00472,Reparación,2026-04-07 12:37:05,Tec_02,EQ197,Prensa hidráulica,Planta_A,15,Mecánica,Media,6,2218.57,Sí
OT00482,Diagnóstico,2026-04-07 12:46:26,Tec_03,EQ698,Prensa hidráulica,Planta_A,11,Hidráulica,Media,3,757.63,Sí
OT00346,Prueba,2026-04-07 12:51:35,Tec_02,EQ107,Torno CNC,Planta_A,14,Mecánica,Media,3,3505.48,Sí
OT00475,Puesta en operación,2026-04-07 13:06:49,Tec_04,EQ122,Bomba,Planta_A,15,Hidráulica,Media,4,1494.34,Sí
OT00462,Prueba,2026-04-07 13:11:29,Tec_07,EQ659,Montacargas,Planta_B,6,Mecánica,Media,1,2126.97,Sí
OT00478,Prueba,2026-04-07 13:39:36,Tec_01,EQ661,Torno CNC,Planta_A,10,Software,Media,0,608.25,No
OT00346,Puesta en operación,2026-04-07 13:45:16,Tec_02,EQ107,Torno CNC,Planta_A,14,Mecánica,Media,3,3505.48,Sí
OT00482,Asignación de técnico,2026-04-07 13:48:25,Jefe_Mantenimiento,EQ698,Prensa hidráulica,Planta_A,11,Hidráulica,Media,3,757.63,Sí
OT00478,Puesta en operación,2026-04-07 14:38:51,Tec_01,EQ661,Torno CNC,Planta_A,10,Software,Media,0,608.25,No
OT00462,Puesta en operación,2026-04-07 14:46:02,Tec_07,EQ659,Montacargas,Planta_B,6,Mecánica,Media,1,2126.97,Sí
OT00476,Prueba,2026-04-07 15:30:20,Tec_02,EQ131,Torno CNC,Planta_A,11,Mecánica,Media,2,3385.1,No
OT00476,Puesta en operación,2026-04-07 16:08:52,Tec_02,EQ131,Torno CNC,Planta_A,11,Mecánica,Media,2,3385.1,No
OT00368,Cierre,2026-04-07 16:09:58,Administracion_Mtto,EQ114,Compresor,Planta_A,11,Hidráulica,Alta,1,2688.03,No
OT00484,Diagnóstico,2026-04-07 16:25:53,Tec_B01,EQ426,Prensa hidráulica,Planta_B,7,Eléctrica,Media,1,3126.69,No
OT00482,Reparación,2026-04-07 16:26:30,Tec_02,EQ698,Prensa hidráulica,Planta_A,11,Hidráulica,Media,3,757.63,Sí
OT00472,Prueba,2026-04-07 16:33:25,Tec_02,EQ197,Prensa hidráulica,Planta_A,15,Mecánica,Media,6,2218.57,Sí
OT00481,Falla reportada,2026-04-07 21:01:13,Operador_01,EQ380,Compresor,Planta_A,15,Eléctrica,Baja,1,606.91,No
OT00487,Falla reportada,2026-04-08 02:23:53,Operador_12,EQ215,Compresor,Planta_A,10,Eléctrica,Media,1,319.41,No
OT00489,Falla reportada,2026-04-08 03:36:36,Operador_03,EQ137,Torno CNC,Planta_A,13,Mecánica,Media,1,1946.57,No
OT00472,Puesta en operación,2026-04-08 07:00:00,Tec_02,EQ197,Prensa hidráulica,Planta_A,15,Mecánica,Media,6,2218.57,Sí
OT00483,Diagnóstico,2026-04-08 07:00:00,Tec_B01,EQ195,Prensa hidráulica,Planta_B,8,Eléctrica,Alta,1,4200.0,No
OT00484,Asignación de técnico,2026-04-08 07:00:00,Jefe_Mantenimiento,EQ426,Prensa hidráulica,Planta_B,7,Eléctrica,Media,1,3126.69,No
OT00482,Prueba,2026-04-08 07:00:00,Tec_02,EQ698,Prensa hidráulica,Planta_A,11,Hidráulica,Media,3,757.63,Sí
OT00487,Diagnóstico,2026-04-08 07:20:00,Tec_01,EQ215,Compresor,Planta_A,10,Eléctrica,Media,1,319.41,No
OT00489,Diagnóstico,2026-04-08 07:25:00,Tec_03,EQ137,Torno CNC,Planta_A,13,Mecánica,Media,1,1946.57,No
OT00481,Diagnóstico,2026-04-08 07:27:00,Tec_05,EQ380,Compresor,Planta_A,15,Eléctrica,Baja,1,606.91,No
OT00484,Solicitud de repuesto,2026-04-08 07:30:01,Tec_06,EQ426,Prensa hidráulica,Planta_B,7,Eléctrica,Media,1,3126.69,No
OT00462,Cierre,2026-04-08 08:00:00,Administracion_Mtto,EQ659,Montacargas,Planta_B,6,Mecánica,Media,1,2126.97,Sí
OT00470,Cierre,2026-04-08 08:00:00,Administracion_Mtto,EQ718,Bomba,Planta_A,1,Eléctrica,Baja,0,1400.0,No
OT00473,Cierre,2026-04-08 08:01:00,Administracion_Mtto,EQ267,Torno CNC,Planta_A,12,Mecánica,Media,6,995.58,No
OT00427,Cierre,2026-04-08 08:02:00,Administracion_Mtto,EQ159,Bomba,Planta_A,18,Eléctrica,Baja,4,5600.0,Sí
OT00481,Asignación de técnico,2026-04-08 08:02:51,Jefe_Mantenimiento,EQ380,Compresor,Planta_A,15,Eléctrica,Baja,1,606.91,No
OT00482,Puesta en operación,2026-04-08 08:06:00,Tec_02,EQ698,Prensa hidráulica,Planta_A,11,Hidráulica,Media,3,757.63,Sí
OT00483,Asignación de técnico,2026-04-08 08:13:34,Jefe_Mantenimiento,EQ195,Prensa hidráulica,Planta_B,8,Eléctrica,Alta,1,4200.0,No
OT00449,Cierre,2026-04-08 08:16:00,Administracion_Mtto,EQ173,Bomba,Planta_B,10,Mecánica,Media,3,851.63,No
OT00487,Asignación de técnico,2026-04-08 08:17:58,Jefe_Mantenimiento,EQ215,Compresor,Planta_A,10,Eléctrica,Media,1,319.41,No
OT00487,Reparación,2026-04-08 09:49:25,Tec_03,EQ215,Compresor,Planta_A,10,Eléctrica,Media,1,319.41,No
OT00491,Falla reportada,2026-04-08 09:54:00,Operador_05,EQ498,Compresor,Planta_A,14,Mecánica,Baja,1,873.25,No
OT00489,Asignación de técnico,2026-04-08 10:19:12,Jefe_Mantenimiento,EQ137,Torno CNC,Planta_A,13,Mecánica,Media,1,1946.57,No
OT00483,Reparación,2026-04-08 10:30:17,Tec_07,EQ195,Prensa hidráulica,Planta_B,8,Eléctrica,Alta,1,4200.0,No
OT00487,Prueba,2026-04-08 10:41:57,Tec_03,EQ215,Compresor,Planta_A,10,Eléctrica,Media,1,319.41,No
OT00489,Solicitud de repuesto,2026-04-08 10:49:13,Tec_03,EQ137,Torno CNC,Planta_A,13,Mecánica,Media,1,1946.57,No
OT00487,Puesta en operación,2026-04-08 11:31:26,Tec_03,EQ215,Compresor,Planta_A,10,Eléctrica,Media,1,319.41,No
OT00483,Prueba fallida,2026-04-08 11:54:43,Tec_07,EQ195,Prensa hidráulica,Planta_B,8,Eléctrica,Alta,1,4200.0,No
OT00481,Reparación,2026-04-08 12:32:15,Tec_01,EQ380,Compresor,Planta_A,15,Eléctrica,Baja,1,606.91,No
OT00486,Falla reportada,2026-04-08 12:51:21,Operador_02,EQ184,Prensa hidráulica,Planta_A,16,Eléctrica,Media,3,808.04,Sí
OT00483,Nueva reparación,2026-04-08 13:11:55,Tec_07,EQ195,Prensa hidráulica,Planta_B,8,Eléctrica,Alta,1,4200.0,No
OT00481,Prueba,2026-04-08 13:46:26,Tec_01,EQ380,Compresor,Planta_A,15,Eléctrica,Baja,1,606.91,No
OT00481,Puesta en operación,2026-04-08 14:21:38,Tec_01,EQ380,Compresor,Planta_A,15,Eléctrica,Baja,1,606.91,No
OT00490,Falla reportada,2026-04-08 14:43:29,Operador_03,EQ208,Torno CNC,Planta_A,6,Eléctrica,Baja,0,2306.32,No
OT00491,Diagnóstico,2026-04-08 15:42:09,Tec_01,EQ498,Compresor,Planta_A,14,Mecánica,Baja,1,873.25,No
OT00488,Falla reportada,2026-04-08 15:48:27,Operador_08,EQ320,Torno CNC,Planta_B,16,Hidráulica,Baja,0,760.0,Sí
OT00483,Prueba fallida ,2026-04-08 16:11:45,Tec_07,EQ195,Prensa hidráulica,Planta_B,8,Eléctrica,Alta,1,4200.0,No
OT00486,Diagnóstico,2026-04-08 16:13:45,Tec_02,EQ184,Prensa hidráulica,Planta_A,16,Eléctrica,Media,3,808.04,Sí
OT00465,Cierre,2026-04-08 16:38:23,Administracion_Mtto,EQ735,Bomba,Planta_A,15,Software,Alta,3,1400.0,No
OT00491,Asignación de técnico,2026-04-08 16:40:59,Jefe_Mantenimiento,EQ498,Compresor,Planta_A,14,Mecánica,Baja,1,873.25,No
OT00490,Diagnóstico,2026-04-08 16:49:46,Tec_04,EQ208,Torno CNC,Planta_A,6,Eléctrica,Baja,0,2306.32,No
OT00485,Falla reportada,2026-04-08 18:57:45,Operador_09,EQ030,Montacargas,Planta_B,10,Eléctrica,Baja,2,2816.67,No
OT00497,Falla reportada,2026-04-09 03:22:02,Operador_11,EQ586,Torno CNC,Planta_A,15,Mecánica,Media,2,1007.4,No
OT00498,Falla reportada,2026-04-09 04:58:47,Operador_08,EQ052,Torno CNC,Planta_A,8,Eléctrica,Media,2,375.17,No
OT00488,Diagnóstico,2026-04-09 07:00:00,Tec_B01,EQ320,Torno CNC,Planta_B,16,Hidráulica,Baja,0,760.0,Sí
OT00491,Reparación,2026-04-09 07:00:00,Tec_04,EQ498,Compresor,Planta_A,14,Mecánica,Baja,1,873.25,No
OT00490,Asignación de técnico,2026-04-09 07:00:00,Jefe_Mantenimiento,EQ208,Torno CNC,Planta_A,6,Eléctrica,Baja,0,2306.32,No
OT00486,Asignación de técnico,2026-04-09 07:00:00,Jefe_Mantenimiento,EQ184,Prensa hidráulica,Planta_A,16,Eléctrica,Media,3,808.04,Sí
OT00483,Nueva reparación,2026-04-09 07:13:00,Tec_07,EQ195,Prensa hidráulica,Planta_B,8,Eléctrica,Alta,1,4200.0,No
OT00421,Recepción de repuesto,2026-04-09 07:15:00,Bodega,EQ246,Torno CNC,Planta_B,6,Hidráulica,Alta,1,3728.43,No
OT00497,Diagnóstico,2026-04-09 07:28:00,Tec_05,EQ586,Torno CNC,Planta_A,15,Mecánica,Media,2,1007.4,No
OT00490,Solicitud de repuesto,2026-04-09 07:30:01,Tec_01,EQ208,Torno CNC,Planta_A,6,Eléctrica,Baja,0,2306.32,No
OT00488,Asignación de técnico,2026-04-09 07:40:39,Jefe_Mantenimiento,EQ320,Torno CNC,Planta_B,16,Hidráulica,Baja,0,760.0,Sí
OT00455,Cierre,2026-04-09 08:08:00,Administracion_Mtto,EQ206,Bomba,Planta_A,13,Mecánica,Alta,3,4023.96,Sí
OT00487,Cierre,2026-04-09 08:18:49,Administracion_Mtto,EQ215,Compresor,Planta_A,10,Eléctrica,Media,1,319.41,No
OT00498,Diagnóstico,2026-04-09 08:42:54,Tec_05,EQ052,Torno CNC,Planta_A,8,Eléctrica,Media,2,375.17,No
OT00488,Reparación,2026-04-09 08:50:18,Tec_07,EQ320,Torno CNC,Planta_B,16,Hidráulica,Baja,0,760.0,Sí
OT00486,Reparación,2026-04-09 08:52:05,Tec_02,EQ184,Prensa hidráulica,Planta_A,16,Eléctrica,Media,3,808.04,Sí
OT00498,Asignación de técnico,2026-04-09 09:52:00,Jefe_Mantenimiento,EQ052,Torno CNC,Planta_A,8,Eléctrica,Media,2,375.17,No
OT00491,Prueba,2026-04-09 10:00:22,Tec_04,EQ498,Compresor,Planta_A,14,Mecánica,Baja,1,873.25,No
OT00421,Reparación,2026-04-09 10:10:11,Tec_06,EQ246,Torno CNC,Planta_B,6,Hidráulica,Alta,1,3728.43,No
OT00491,Puesta en operación,2026-04-09 10:51:00,Tec_04,EQ498,Compresor,Planta_A,14,Mecánica,Baja,1,873.25,No
OT00486,Prueba,2026-04-09 11:13:01,Tec_02,EQ184,Prensa hidráulica,Planta_A,16,Eléctrica,Media,3,808.04,Sí
OT00468,Cierre,2026-04-09 11:15:29,Administracion_Mtto,EQ382,Montacargas,Planta_A,10,Hidráulica,Media,1,1400.0,No
OT00497,Asignación de técnico,2026-04-09 11:15:47,Jefe_Mantenimiento,EQ586,Torno CNC,Planta_A,15,Mecánica,Media,2,1007.4,No
OT00429,Recepción de repuesto,2026-04-09 11:29:49,Bodega,EQ124,Prensa hidráulica,Planta_A,18,Mecánica,Media,2,1800.51,No
OT00483,Prueba,2026-04-09 11:31:25,Tec_07,EQ195,Prensa hidráulica,Planta_B,8,Eléctrica,Alta,1,4200.0,No
OT00485,Diagnóstico,2026-04-09 11:33:40,Tec_B01,EQ030,Montacargas,Planta_B,10,Eléctrica,Baja,2,2816.67,No
OT00421,Prueba,2026-04-09 11:42:13,Tec_06,EQ246,Torno CNC,Planta_B,6,Hidráulica,Alta,1,3728.43,No
OT00486,Puesta en operación,2026-04-09 11:56:34,Tec_02,EQ184,Prensa hidráulica,Planta_A,16,Eléctrica,Media,3,808.04,Sí
OT00494,Falla reportada,2026-04-09 12:00:53,Operador_12,EQ070,Torno CNC,Planta_B,1,Hidráulica,Baja,0,1697.29,No
OT00485,Asignación de técnico,2026-04-09 12:17:51,Jefe_Mantenimiento,EQ030,Montacargas,Planta_B,10,Eléctrica,Baja,2,2816.67,No
OT00488,Prueba,2026-04-09 12:35:04,Tec_07,EQ320,Torno CNC,Planta_B,16,Hidráulica,Baja,0,760.0,Sí
OT00485,Solicitud de repuesto,2026-04-09 12:47:52,Tec_07,EQ030,Montacargas,Planta_B,10,Eléctrica,Baja,2,2816.67,No
OT00498,Reparación,2026-04-09 12:50:52,Tec_05,EQ052,Torno CNC,Planta_A,8,Eléctrica,Media,2,375.17,No
OT00421,Puesta en operación,2026-04-09 12:56:57,Tec_06,EQ246,Torno CNC,Planta_B,6,Hidráulica,Alta,1,3728.43,No
OT00488,Puesta en operación,2026-04-09 13:31:19,Tec_07,EQ320,Torno CNC,Planta_B,16,Hidráulica,Baja,0,760.0,Sí
OT00483,Puesta en operación,2026-04-09 13:47:43,Tec_07,EQ195,Prensa hidráulica,Planta_B,8,Eléctrica,Alta,1,4200.0,No
OT00495,Falla reportada,2026-04-09 14:25:09,Operador_08,EQ574,Prensa hidráulica,Planta_B,15,Software,Baja,5,1400.0,No
OT00498,Prueba,2026-04-09 14:49:18,Tec_05,EQ052,Torno CNC,Planta_A,8,Eléctrica,Media,2,375.17,No
OT00498,Puesta en operación,2026-04-09 15:41:56,Tec_05,EQ052,Torno CNC,Planta_A,8,Eléctrica,Media,2,375.17,No
OT00429,Reparación,2026-04-09 15:51:50,Tec_03,EQ124,Prensa hidráulica,Planta_A,18,Mecánica,Media,2,1800.51,No
OT00474,Aprobación de compra,2026-04-09 15:56:05,Gerencia,EQ469,Prensa hidráulica,Planta_A,15,Mecánica,Baja,3,3491.39,No
OT00497,Reparación,2026-04-09 16:26:30,Tec_05,EQ586,Torno CNC,Planta_A,15,Mecánica,Media,2,1007.4,No
OT00429,Prueba,2026-04-09 16:58:14,Tec_03,EQ124,Prensa hidráulica,Planta_A,18,Mecánica,Media,2,1800.51,No
OT00493,Falla reportada,2026-04-09 19:21:35,Operador_01,EQ311,Torno CNC,Planta_A,15,Mecánica,Baja,1,4200.0,Sí
OT00496,Falla reportada,2026-04-09 22:36:20,Operador_06,EQ387,Compresor,Planta_A,11,Eléctrica,Media,4,508.03,No
OT00492,Falla reportada,2026-04-09 23:37:01,Operador_06,EQ110,Prensa hidráulica,Planta_A,13,Eléctrica,Baja,2,1905.75,Sí
OT00503,Falla reportada,2026-04-10 02:15:12,Operador_10,EQ717,Montacargas,Planta_A,16,Mecánica,Baja,0,1642.57,Sí
OT00502,Falla reportada,2026-04-10 05:47:19,Operador_04,EQ488,Prensa hidráulica,Planta_A,7,Hidráulica,Alta,3,1952.31,Sí
OT00494,Diagnóstico,2026-04-10 07:00:00,Tec_B01,EQ070,Torno CNC,Planta_B,1,Hidráulica,Baja,0,1697.29,No
OT00429,Puesta en operación,2026-04-10 07:00:00,Tec_03,EQ124,Prensa hidráulica,Planta_A,18,Mecánica,Media,2,1800.51,No
OT00485,Recepción de repuesto,2026-04-10 07:00:00,Bodega,EQ030,Montacargas,Planta_B,10,Eléctrica,Baja,2,2816.67,No
OT00497,Prueba,2026-04-10 07:00:00,Tec_05,EQ586,Torno CNC,Planta_A,15,Mecánica,Media,2,1007.4,No
OT00496,Diagnóstico,2026-04-10 07:01:00,Tec_03,EQ387,Compresor,Planta_A,11,Eléctrica,Media,4,508.03,No
OT00493,Diagnóstico,2026-04-10 07:04:00,Tec_01,EQ311,Torno CNC,Planta_A,15,Mecánica,Baja,1,4200.0,Sí
OT00503,Diagnóstico,2026-04-10 07:06:00,Tec_04,EQ717,Montacargas,Planta_A,16,Mecánica,Baja,0,1642.57,Sí
OT00502,Diagnóstico,2026-04-10 07:09:39,Tec_04,EQ488,Prensa hidráulica,Planta_A,7,Hidráulica,Alta,3,1952.31,Sí
OT00492,Diagnóstico,2026-04-10 07:17:00,Tec_01,EQ110,Prensa hidráulica,Planta_A,13,Eléctrica,Baja,2,1905.75,Sí
OT00496,Asignación de técnico,2026-04-10 07:19:42,Jefe_Mantenimiento,EQ387,Compresor,Planta_A,11,Eléctrica,Media,4,508.03,No
OT00454,Cierre,2026-04-10 08:00:00,Administracion_Mtto,EQ229,Montacargas,Planta_B,2,Mecánica,Media,1,1870.22,No
OT00497,Puesta en operación,2026-04-10 08:09:00,Tec_05,EQ586,Torno CNC,Planta_A,15,Mecánica,Media,2,1007.4,No
OT00460,Cierre,2026-04-10 08:12:00,Administracion_Mtto,EQ553,Bomba,Planta_A,18,Mecánica,Baja,2,1400.0,Sí
OT00481,Cierre,2026-04-10 08:13:00,Administracion_Mtto,EQ380,Compresor,Planta_A,15,Eléctrica,Baja,1,606.91,No
OT00459,Cierre,2026-04-10 08:28:00,Administracion_Mtto,EQ643,Montacargas,Planta_A,17,Eléctrica,Baja,1,5600.0,Sí
OT00503,Asignación de técnico,2026-04-10 08:30:19,Jefe_Mantenimiento,EQ717,Montacargas,Planta_A,16,Mecánica,Baja,0,1642.57,Sí
OT00502,Asignación de técnico,2026-04-10 08:37:00,Jefe_Mantenimiento,EQ488,Prensa hidráulica,Planta_A,7,Hidráulica,Alta,3,1952.31,Sí
OT00397,Cierre,2026-04-10 08:46:31,Administracion_Mtto,EQ529,Bomba,Planta_B,14,Mecánica,Media,3,3493.29,No
OT00493,Asignación de técnico,2026-04-10 08:54:44,Jefe_Mantenimiento,EQ311,Torno CNC,Planta_A,15,Mecánica,Baja,1,4200.0,Sí
OT00503,Solicitud de repuesto,2026-04-10 09:00:20,Tec_03,EQ717,Montacargas,Planta_A,16,Mecánica,Baja,0,1642.57,Sí
OT00502,Solicitud de repuesto,2026-04-10 09:07:01,Tec_03,EQ488,Prensa hidráulica,Planta_A,7,Hidráulica,Alta,3,1952.31,Sí
OT00494,Asignación de técnico,2026-04-10 09:09:56,Jefe_Mantenimiento,EQ070,Torno CNC,Planta_B,1,Hidráulica,Baja,0,1697.29,No
OT00492,Asignación de técnico,2026-04-10 09:10:28,Jefe_Mantenimiento,EQ110,Prensa hidráulica,Planta_A,13,Eléctrica,Baja,2,1905.75,Sí
OT00499,Falla reportada,2026-04-10 09:23:24,Operador_02,EQ117,Montacargas,Planta_A,14,Eléctrica,Media,2,2800.0,Sí
OT00496,Reparación,2026-04-10 09:36:04,Tec_03,EQ387,Compresor,Planta_A,11,Eléctrica,Media,4,508.03,No
OT00494,Solicitud de repuesto,2026-04-10 09:39:57,Tec_06,EQ070,Torno CNC,Planta_B,1,Hidráulica,Baja,0,1697.29,No
OT00494,Solicitud de repuesto,2026-04-10 09:39:57,Tec_06,EQ070,Torno CNC,Planta_B,1,Hidráulica,Baja,0,1697.29,No
OT00492,Solicitud de repuesto,2026-04-10 09:40:29,Tec_05,EQ110,Prensa hidráulica,Planta_A,13,Eléctrica,Baja,2,1905.75,Sí
OT00499,Diagnóstico,2026-04-10 10:27:42,Tec_04,EQ117,Montacargas,Planta_A,14,Eléctrica,Media,2,2800.0,Sí
OT00493,Reparación,2026-04-10 11:12:12,Tec_02,EQ311,Torno CNC,Planta_A,15,Mecánica,Baja,1,4200.0,Sí
OT00499,Asignación de técnico,2026-04-10 11:49:46,Jefe_Mantenimiento,EQ117,Montacargas,Planta_A,14,Eléctrica,Media,2,2800.0,Sí
OT00496,Prueba,2026-04-10 11:58:58,Tec_03,EQ387,Compresor,Planta_A,11,Eléctrica,Media,4,508.03,No
OT00500,Falla reportada,2026-04-10 12:08:33,Operador_05,EQ700,Torno CNC,Planta_A,9,Software,Media,3,1400.0,Sí
OT00496,Puesta en operación,2026-04-10 13:07:15,Tec_03,EQ387,Compresor,Planta_A,11,Eléctrica,Media,4,508.03,No
OT00493,Prueba fallida,2026-04-10 13:08:50,Tec_02,EQ311,Torno CNC,Planta_A,15,Mecánica,Baja,1,4200.0,Sí
OT00500,Diagnóstico,2026-04-10 13:12:22,Tec_05,EQ700,Torno CNC,Planta_A,9,Software,Media,3,1400.0,Sí
OT00485,Reparación,2026-04-10 13:31:38,Tec_07,EQ030,Montacargas,Planta_B,10,Eléctrica,Baja,2,2816.67,No
OT00467,Cierre,2026-04-10 13:38:55,Administracion_Mtto,EQ293,Montacargas,Planta_B,3,Eléctrica,Media,0,1400.0,No
OT00500,Asignación de técnico,2026-04-10 14:05:31,Jefe_Mantenimiento,EQ700,Torno CNC,Planta_A,9,Software,Media,3,1400.0,Sí
OT00501,Falla reportada,2026-04-10 14:44:06,Operador_02,EQ523,Torno CNC,Planta_B,15,Software,Alta,2,1400.0,No
OT00469,Cierre,2026-04-10 14:55:02,Administracion_Mtto,EQ557,Bomba,Planta_A,14,Software,Media,5,1400.0,No
OT00485,Prueba,2026-04-10 15:03:44,Tec_07,EQ030,Montacargas,Planta_B,10,Eléctrica,Baja,2,2816.67,No
OT00476,Cierre,2026-04-10 15:09:42,Administracion_Mtto,EQ131,Torno CNC,Planta_A,11,Mecánica,Media,2,3385.1,No
OT00485,Puesta en operación,2026-04-10 15:42:03,Tec_07,EQ030,Montacargas,Planta_B,10,Eléctrica,Baja,2,2816.67,No
OT00493,Nueva reparación,2026-04-10 16:06:10,Tec_02,EQ311,Torno CNC,Planta_A,15,Mecánica,Baja,1,4200.0,Sí
OT00499,Reparación,2026-04-10 16:12:16,Tec_05,EQ117,Montacargas,Planta_A,14,Eléctrica,Media,2,2800.0,Sí
OT00503,Recepción de repuesto,2026-04-10 16:45:08,Bodega,EQ717,Montacargas,Planta_A,16,Mecánica,Baja,0,1642.57,Sí
OT00504,Falla reportada,2026-04-10 18:57:15,Operador_04,EQ037,Torno CNC,Planta_A,14,Eléctrica,Media,2,2039.29,No
OT00507,Falla reportada,2026-04-11 00:06:14,Operador_03,EQ269,Torno CNC,Planta_A,4,Eléctrica,Media,0,2947.57,Sí
OT00505,Falla reportada,2026-04-11 12:59:25,Operador_11,EQ466,Bomba,Planta_A,18,Mecánica,Baja,1,4627.74,Sí
OT00506,Falla reportada,2026-04-11 14:03:18,Operador_08,EQ479,Bomba,Planta_A,17,Software,Alta,1,4200.0,Sí
OT00508,Falla reportada,2026-04-11 19:48:45,Operador_06,EQ364,Torno CNC,Planta_B,10,Hidráulica,Baja,3,2800.0,Sí
OT00512,Falla reportada,2026-04-12 02:15:25,Operador_03,EQ085,Bomba,Planta_A,5,Eléctrica,Alta,0,1287.69,Sí
OT00510,Falla reportada,2026-04-12 11:30:14,Operador_06,EQ602,Bomba,Planta_A,3,Mecánica,Media,1,1400.0,No
OT00513,Falla reportada,2026-04-12 19:44:15,Operador_12,EQ182,Montacargas,Planta_A,10,Hidráulica,Media,3,4200.0,No
OT00514,Falla reportada,2026-04-12 20:16:23,Operador_03,EQ423,Compresor,Planta_A,1,Hidráulica,Baja,0,3530.32,No
OT00511,Falla reportada,,Operador_01,EQ538,Compresor,Planta_B,13,Eléctrica,Media,1,664.01,No
OT00509,Falla reportada,2026-04-12 20:50:32,Operador_11,EQ534,Compresor,Planta_A,7,Eléctrica,Media,1,645.71,No
OT00515,Falla reportada,2026-04-13 02:40:00,Operador_11,EQ500,Torno CNC,Planta_A,9,Mecánica,Media,0,446.16,No
OT00518,Falla reportada,2026-04-13 04:31:02,Operador_01,EQ659,Montacargas,Planta_B,6,Eléctrica,Alta,2,427.14,Sí
OT00516,Falla reportada,2026-04-13 06:47:28,Operador_03,EQ199,Montacargas,Planta_B,14,Mecánica,Alta,2,1321.21,Sí
OT00505,Diagnóstico,2026-04-13 07:00:00,Tec_01,EQ466,Bomba,Planta_A,18,Mecánica,Baja,1,4627.74,Sí
OT00502,Recepción de repuesto,2026-04-13 07:00:00,Bodega,EQ488,Prensa hidráulica,Planta_A,7,Hidráulica,Alta,3,1952.31,Sí
OT00424,Recepción de repuesto,2026-04-13 07:00:00,Bodega,EQ325,Torno CNC,Planta_B,12,Hidráulica,Media,2,3143.73,No
OT00423,Recepción de repuesto,2026-04-13 07:00:00,Bodega,EQ148,Prensa hidráulica,Planta_A,6,Mecánica,Media,2,5329.28,No
OT00504,Diagnóstico,2026-04-13 07:00:00,Tec_03,EQ037,Torno CNC,Planta_A,14,Eléctrica,Media,2,2039.29,No
OT00493,Prueba fallida,2026-04-13 07:00:00,Tec_02,EQ311,Torno CNC,Planta_A,15,Mecánica,Baja,1,4200.0,Sí
OT00503,Reparacion,2026-04-13 07:00:00,Tec_03,EQ717,Montacargas,Planta_A,16,Mecánica,Baja,0,1642.57,Sí
OT00513,Diagnóstico,2026-04-13 07:00:00,Tec_04,EQ182,Montacargas,Planta_A,10,Hidráulica,Media,3,4200.0,No
OT00501,Diagnóstico,2026-04-13 07:00:00,Tec_B01,EQ523,Torno CNC,Planta_B,15,Software,Alta,2,1400.0,No
OT00499,Prueba fallida,2026-04-13 07:00:00,Tec_05,EQ117,Montacargas,Planta_A,14,Eléctrica,Media,2,2800.0,Sí
OT00446,Recepción de repuesto,2026-04-13 07:00:00,Bodega,EQ031,Torno CNC,Planta_A,14,Mecánica,Media,2,2970.59,Sí
OT00500,Reparación,2026-04-13 07:00:00,Tec_01,EQ700,Torno CNC,Planta_A,9,Software,Media,3,1400.0,Sí
OT00441,Recepción de repuesto,2026-04-13 07:00:00,Bodega,EQ444,Bomba,Planta_B,16,Eléctrica,Media,3,1635.29,No
OT00512,Diagnóstico,2026-04-13 07:00:00,Tec_02,EQ085,Bomba,Planta_A,5,Eléctrica,Alta,0,1287.69,Sí
OT00492,Recepción de repuesto,2026-04-13 07:00:00,Bodega,EQ110,Prensa hidráulica,Planta_A,13,Eléctrica,Baja,2,1905.75,Sí
OT00509,Diagnóstico,2026-04-13 07:00:00,Tec_05,EQ534,Compresor,Planta_A,7,Eléctrica,Media,1,645.71,No
OT00507,Diagnóstico,2026-04-13 07:00:00,Tec_02,EQ269,Torno CNC,Planta_A,4,Eléctrica,Media,0,2947.57,Sí
OT00506,Diagnóstico,2026-04-13 07:00:00,Tec_02,EQ479,Bomba,Planta_A,17,Software,Alta,1,4200.0,Sí
OT00490,Recepción de repuesto,2026-04-13 07:00:00,Bodega,EQ208,Torno CNC,Planta_A,6,Eléctrica,Baja,0,2306.32,No
OT00508,Diagnóstico,2026-04-13 07:00:00,Tec_B01,EQ364,Torno CNC,Planta_B,10,Hidráulica,Baja,3,2800.0,Sí
OT00495,Diagnóstico,2026-04-13 07:00:00,Tec_B01,EQ574,Prensa hidráulica,Planta_B,15,Software,Baja,5,1400.0,No
OT00435,Recepción de repuesto,2026-04-13 07:00:00,Bodega,EQ311,Torno CNC,Planta_A,15,Eléctrica,Media,0,3282.79,Sí
OT00510,Diagnóstico,2026-04-13 07:00:00,Tec_05,EQ602,Bomba,Planta_A,3,Mecánica,Media,1,1400.0,No
OT00504,Asignación de técnico,2026-04-13 07:22:53,Jefe_Mantenimiento,EQ037,Torno CNC,Planta_A,14,Eléctrica,Media,2,2039.29,No
OT00512,Asignación de técnico,2026-04-13 07:35:04,Jefe_Mantenimiento,EQ085,Bomba,Planta_A,5,Eléctrica,Alta,0,1287.69,Sí
OT00501,Asignación de técnico,2026-04-13 07:44:34,Jefe_Mantenimiento,EQ523,Torno CNC,Planta_B,15,Software,Alta,2,1400.0,No
OT00507,Asignación de técnico,2026-04-13 07:52:27,Jefe_Mantenimiento,EQ269,Torno CNC,Planta_A,4,Eléctrica,Media,0,2947.57,Sí
OT00504,Solicitud de repuesto,2026-04-13 07:52:54,Tec_04,EQ037,Torno CNC,Planta_A,14,Eléctrica,Media,2,2039.29,No
OT00505,Asignación de técnico,2026-04-13 07:53:47,Jefe_Mantenimiento,EQ466,Bomba,Planta_A,18,Mecánica,Baja,1,4627.74,Sí
OT00475,Cierre,2026-04-13 08:00:00,Administracion_Mtto,EQ122,Bomba,Planta_A,15,Hidráulica,Media,4,1494.34,Sí
OT00421,Cierre,2026-04-13 08:00:00,Administracion_Mtto,EQ246,Torno CNC,Planta_B,6,Hidráulica,Alta,1,3728.43,No
OT00483,Cierre,2026-04-13 08:00:00,Administracion_Mtto,EQ195,Prensa hidráulica,Planta_B,8,Eléctrica,Alta,1,4200.0,No
OT00479,Cierre,2026-04-13 08:00:00,Administracion_Mtto,EQ243,Torno CNC,Planta_A,13,Eléctrica,Baja,4,205.04,No
OT00498,Cierre,2026-04-13 08:00:00,Administracion_Mtto,EQ052,Torno CNC,Planta_A,8,Eléctrica,Media,2,375.17,No
OT00384,Cierre,2026-04-13 08:00:00,Administracion_Mtto,EQ296,Compresor,Planta_A,12,Mecánica,Baja,1,4243.13,Sí
OT00480,Cierre,2026-04-13 08:00:00,Administracion_Mtto,EQ668,Bomba,Planta_B,18,Software,Media,2,1038.33,No
OT00482,Cierre,2026-04-13 08:00:00,Administracion_Mtto,EQ698,Prensa hidráulica,Planta_A,11,Hidráulica,Media,3,757.63,Sí
OT00456,Cierre,2026-04-13 08:00:00,Administracion_Mtto,EQ503,Bomba,Planta_B,7,Mecánica,Media,1,2882.97,Sí
OT00464,Cierre,2026-04-13 08:00:00,Administracion_Mtto,EQ454,Compresor,Planta_A,18,Software,Baja,2,1400.0,No
OT00471,Cierre,2026-04-13 08:00:00,Administracion_Mtto,EQ043,Prensa hidráulica,Planta_B,13,Eléctrica,Media,3,572.92,Sí
OT00472,Cierre,2026-04-13 08:00:00,Administracion_Mtto,EQ197,Prensa hidráulica,Planta_A,15,Mecánica,Media,6,2218.57,Sí
OT00497,Cierre,2026-04-13 08:00:00,Administracion_Mtto,EQ586,Torno CNC,Planta_A,15,Mecánica,Media,2,1007.4,No
OT00429,Cierre,2026-04-13 08:00:00,Administracion_Mtto,EQ124,Prensa hidráulica,Planta_A,18,Mecánica,Media,2,1800.51,No
OT00346,Cierre,2026-04-13 08:00:00,Administracion_Mtto,EQ107,Torno CNC,Planta_A,14,Mecánica,Media,3,3505.48,Sí
OT00486,Cierre,2026-04-13 08:04:00,Administracion_Mtto,EQ184,Prensa hidráulica,Planta_A,16,Eléctrica,Media,3,808.04,Sí
OT00495,Asignación de técnico,2026-04-13 08:05:19,Jefe_Mantenimiento,EQ574,Prensa hidráulica,Planta_B,15,Software,Baja,5,1400.0,No
OT00508,Asignación de técnico,2026-04-13 08:06:08,Jefe_Mantenimiento,EQ364,Torno CNC,Planta_B,10,Hidráulica,Baja,3,2800.0,Sí
OT00515,Diagnóstico,2026-04-13 08:06:52,Tec_02,EQ500,Torno CNC,Planta_A,9,Mecánica,Media,0,446.16,No
OT00506,Asignación de técnico,2026-04-13 08:07:26,Jefe_Mantenimiento,EQ479,Bomba,Planta_A,17,Software,Alta,1,4200.0,Sí
OT00509,Asignación de técnico,2026-04-13 08:09:52,Jefe_Mantenimiento,EQ534,Compresor,Planta_A,7,Eléctrica,Media,1,645.71,No
OT00510,Asignación de técnico,2026-04-13 08:22:06,Jefe_Mantenimiento,EQ602,Bomba,Planta_A,3,Mecánica,Media,1,1400.0,No
OT00507,Solicitud de repuesto,2026-04-13 08:22:28,Tec_02,EQ269,Torno CNC,Planta_A,4,Eléctrica,Media,0,2947.57,Sí
OT00505,Solicitud de repuesto,2026-04-13 08:23:48,Tec_05,EQ466,Bomba,Planta_A,18,Mecánica,Baja,1,4627.74,Sí
OT00500,Prueba,2026-04-13 08:25:51,Tec_01,EQ700,Torno CNC,Planta_A,9,Software,Media,3,1400.0,Sí
OT00499,Nueva reparación,2026-04-13 08:45:52,Tec_05,EQ117,Montacargas,Planta_A,14,Eléctrica,Media,2,2800.0,Sí
OT00503,Prueba,2026-04-13 09:08:51,Tec_03,EQ717,Montacargas,Planta_A,16,Mecánica,Baja,0,1642.57,Sí
OT00502,Reparación,2026-04-13 09:14:09,Tec_03,EQ488,Prensa hidráulica,Planta_A,7,Hidráulica,Alta,3,1952.31,Sí
OT00515,Asignación de técnico,,Jefe_Mantenimiento,EQ500,Torno CNC,Planta_A,9,Mecánica,Media,0,446.16,No
OT00514,Diagnóstico,2026-04-13 09:19:51,Tec_05,EQ423,Compresor,Planta_A,1,Hidráulica,Baja,0,3530.32,No
OT00518,Diagnóstico,2026-04-13 09:22:21,Tec_B01,EQ659,Montacargas,Planta_B,6,Eléctrica,Alta,2,427.14,Sí
OT00511,Diagnóstico,2026-04-13 09:25:16,Tec_B01,EQ538,Compresor,Planta_B,13,Eléctrica,Media,1,664.01,No
OT00500,Puesta en operación,2026-04-13 09:28:20,Tec_01,EQ700,Torno CNC,Planta_A,9,Software,Media,3,1400.0,Sí
OT00503,Puesta en operación,2026-04-13 09:39:00,Tec_03,EQ717,Montacargas,Planta_A,16,Mecánica,Baja,0,1642.57,Sí
OT00513,Asignación de técnico,2026-04-13 09:39:09,Jefe_Mantenimiento,EQ182,Montacargas,Planta_A,10,Hidráulica,Media,3,4200.0,No
OT00441,Reparación,2026-04-13 09:47:17,Tec_06,EQ444,Bomba,Planta_B,16,Eléctrica,Media,3,1635.29,No
OT00511,Asignación de técnico,2026-04-13 09:58:44,Jefe_Mantenimiento,EQ538,Compresor,Planta_B,13,Eléctrica,Media,1,664.01,No
OT00518,Asignación de técnico,2026-04-13 09:59:15,Jefe_Mantenimiento,EQ659,Montacargas,Planta_B,6,Eléctrica,Alta,2,427.14,Sí
OT00446,Reparación,2026-04-13 10:09:45,Tec_03,EQ031,Torno CNC,Planta_A,14,Mecánica,Media,2,2970.59,Sí
OT00492,Reparación,2026-04-13 10:13:53,Tec_05,EQ110,Prensa hidráulica,Planta_A,13,Eléctrica,Baja,2,1905.75,Sí
OT00508,Reparación,2026-04-13 10:15:21,Tec_06,EQ364,Torno CNC,Planta_B,10,Hidráulica,Baja,3,2800.0,Sí
OT00516,Diagnóstico,2026-04-13 10:26:42,Tec_B01,EQ199,Montacargas,Planta_B,14,Mecánica,Alta,2,1321.21,Sí
OT00506,Reparación,2026-04-13 10:28:15,Tec_02,EQ479,Bomba,Planta_A,17,Software,Alta,1,4200.0,Sí
OT00461,Cierre,2026-04-13 10:29:47,Administracion_Mtto,EQ241,Compresor,Planta_B,11,Software,Media,3,1400.0,No
OT00424,Reparación,2026-04-13 10:32:48,Tec_07,EQ325,Torno CNC,Planta_B,12,Hidráulica,Media,2,3143.73,No
OT00514,Asignación de técnico,2026-04-13 10:34:07,Jefe_Mantenimiento,EQ423,Compresor,Planta_A,1,Hidráulica,Baja,0,3530.32,No
OT00499,Prueba,2026-04-13 10:42:04,Tec_05,EQ117,Montacargas,Planta_A,14,Eléctrica,Media,2,2800.0,Sí
OT00502,Prueba,2026-04-13 10:52:18,Tec_03,EQ488,Prensa hidráulica,Planta_A,7,Hidráulica,Alta,3,1952.31,Sí
OT00496,Cierre,2026-04-13 11:02:42,Administracion_Mtto,EQ387,Compresor,Planta_A,11,Eléctrica,Media,4,508.03,No
OT00514,Solicitud de repuesto,2026-04-13 11:04:08,Tec_02,EQ423,Compresor,Planta_A,1,Hidráulica,Baja,0,3530.32,No
OT00515,Reparación,2026-04-13 11:11:15,Tec_03,EQ500,Torno CNC,Planta_A,9,Mecánica,Media,0,446.16,No
OT00423,Reparación,2026-04-13 11:11:45,Tec_01,EQ148,Prensa hidráulica,Planta_A,6,Mecánica,Media,2,5329.28,No
OT00509,Reparacion,2026-04-13 11:12:52,Tec_03,EQ534,Compresor,Planta_A,7,Eléctrica,Media,1,645.71,No
OT00516,Asignación de técnico,2026-04-13 11:16:27,Jefe_Mantenimiento,EQ199,Montacargas,Planta_B,14,Mecánica,Alta,2,1321.21,Sí
OT00493,Nueva reparación,2026-04-13 11:17:40,Tec_02,EQ311,Torno CNC,Planta_A,15,Mecánica,Baja,1,4200.0,Sí
OT00508,Prueba fallida,2026-04-13 11:28:43,Tec_06,EQ364,Torno CNC,Planta_B,10,Hidráulica,Baja,3,2800.0,Sí
OT00510,Reparación,2026-04-13 11:32:04,Tec_02,EQ602,Bomba,Planta_A,3,Mecánica,Media,1,1400.0,No
OT00446,Prueba,2026-04-13 11:34:17,Tec_03,EQ031,Torno CNC,Planta_A,14,Mecánica,Media,2,2970.59,Sí
OT00502,Puesta en operación,2026-04-13 11:37:25,Tec_03,EQ488,Prensa hidráulica,Planta_A,7,Hidráulica,Alta,3,1952.31,Sí
OT00435,Reparación,2026-04-13 11:37:51,Tec_05,EQ311,Torno CNC,Planta_A,15,Eléctrica,Media,0,3282.79,Sí
OT00499,Puesta en operación,2026-04-13 11:46:09,Tec_05,EQ117,Montacargas,Planta_A,14,Eléctrica,Media,2,2800.0,Sí
OT00516,Solicitud de repuesto,2026-04-13 11:46:28,Tec_07,EQ199,Montacargas,Planta_B,14,Mecánica,Alta,2,1321.21,Sí
OT00512,Reparación,2026-04-13 11:53:02,Tec_04,EQ085,Bomba,Planta_A,5,Eléctrica,Alta,0,1287.69,Sí
OT00423,Prueba,2026-04-13 12:01:48,Tec_01,EQ148,Prensa hidráulica,Planta_A,6,Mecánica,Media,2,5329.28,No
OT00518,Reparación,2026-04-13 12:10:24,Tec_06,EQ659,Montacargas,Planta_B,6,Eléctrica,Alta,2,427.14,Sí
OT00495,Reparación,2026-04-13 12:13:14,Tec_06,EQ574,Prensa hidráulica,Planta_B,15,Software,Baja,5,1400.0,No
OT00446,Puesta en operación,2026-04-13 12:19:41,Tec_03,EQ031,Torno CNC,Planta_A,14,Mecánica,Media,2,2970.59,Sí
OT00423,Puesta en operación,2026-04-13 12:21:39,Tec_01,EQ148,Prensa hidráulica,Planta_A,6,Mecánica,Media,2,5329.28,No
OT00513,Reparación,2026-04-13 12:58:34,Tec_04,EQ182,Montacargas,Planta_A,10,Hidráulica,Media,3,4200.0,No
OT00435,Prueba fallida,2026-04-13 13:16:07,Tec_05,EQ311,Torno CNC,Planta_A,15,Eléctrica,Media,0,3282.79,Sí
OT00424,Prueba fallida,2026-04-13 13:19:18,Tec_07,EQ325,Torno CNC,Planta_B,12,Hidráulica,Media,2,3143.73,No
OT00511,Reparación,2026-04-13 13:19:24,Tec_07,EQ538,Compresor,Planta_B,13,Eléctrica,Media,1,664.01,No
OT00506,Prueba fallida,2026-04-13 13:41:27,Tec_02,EQ479,Bomba,Planta_A,17,Software,Alta,1,4200.0,Sí
OT00495,Prueba,2026-04-13 13:44:11,Tec_06,EQ574,Prensa hidráulica,Planta_B,15,Software,Baja,5,1400.0,No
OT00512,Prueba,2026-04-13 13:49:38,Tec_04,EQ085,Bomba,Planta_A,5,Eléctrica,Alta,0,1287.69,Sí
OT00515,Prueba,2026-04-13 14:03:34,Tec_03,EQ500,Torno CNC,Planta_A,9,Mecánica,Media,0,446.16,No
OT00495,Puesta en operación,2026-04-13 14:05:08,Tec_06,EQ574,Prensa hidráulica,Planta_B,15,Software,Baja,5,1400.0,No
OT00441,Prueba,2026-04-13 14:07:21,Tec_06,EQ444,Bomba,Planta_B,16,Eléctrica,Media,3,1635.29,No
OT00509,Prueba,2026-04-13 14:19:32,Tec_03,EQ534,Compresor,Planta_A,7,Eléctrica,Media,1,645.71,No
OT00450,Cierre,2026-04-13 14:26:30,Administracion_Mtto,EQ690,Torno CNC,Planta_A,8,Eléctrica,Alta,1,902.09,No
OT00492,Prueba,2026-04-13 14:37:46,Tec_05,EQ110,Prensa hidráulica,Planta_A,13,Eléctrica,Baja,2,1905.75,Sí
OT00511,Prueba,2026-04-13 14:39:07,Tec_07,EQ538,Compresor,Planta_B,13,Eléctrica,Media,1,664.01,No
OT00493,Prueba,2026-04-13 14:40:37,Tec_02,EQ311,Torno CNC,Planta_A,15,Mecánica,Baja,1,4200.0,Sí
OT00512,Puesta en operación,2026-04-13 15:02:53,Tec_04,EQ085,Bomba,Planta_A,5,Eléctrica,Alta,0,1287.69,Sí
OT00441,Puesta en operación,2026-04-13 15:06:48,Tec_06,EQ444,Bomba,Planta_B,16,Eléctrica,Media,3,1635.29,No
OT00509,Puesta en operación,2026-04-13 15:17:27,Tec_03,EQ534,Compresor,Planta_A,7,Eléctrica,Media,1,645.71,No
OT00515,Puesta en operación,2026-04-13 15:24:50,Tec_03,EQ500,Torno CNC,Planta_A,9,Mecánica,Media,0,446.16,No
OT00511,Puesta en operación,2026-04-13 15:26:59,Tec_07,EQ538,Compresor,Planta_B,13,Eléctrica,Media,1,664.01,No
OT00493,Puesta en operación,2026-04-13 15:31:24,Tec_02,EQ311,Torno CNC,Planta_A,15,Mecánica,Baja,1,4200.0,Sí
OT00424,Nueva reparación,2026-04-13 15:43:26,Tec_07,EQ325,Torno CNC,Planta_B,12,Hidráulica,Media,2,3143.73,No
OT00492,Puesta en operación,2026-04-13 15:47:51,Tec_05,EQ110,Prensa hidráulica,Planta_A,13,Eléctrica,Baja,2,1905.75,Sí
OT00518,Prueba,2026-04-13 15:56:24,Tec_06,EQ659,Montacargas,Planta_B,6,Eléctrica,Alta,2,427.14,Sí
OT00513,Prueba fallida,2026-04-13 16:06:43,Tec_04,EQ182,Montacargas,Planta_A,10,Hidráulica,Media,3,4200.0,No
OT00510,Prueba,2026-04-13 16:19:06,Tec_02,EQ602,Bomba,Planta_A,3,Mecánica,Media,1,1400.0,No
OT00490,Reparación,2026-04-13 16:26:31,Tec_01,EQ208,Torno CNC,Planta_A,6,Eléctrica,Baja,0,2306.32,No
OT00518,Puesta en operación,2026-04-13 16:43:16,Tec_06,EQ659,Montacargas,Planta_B,6,Eléctrica,Alta,2,427.14,Sí
OT00501,Reparación,2026-04-13 16:44:34,Tec_07,EQ523,Torno CNC,Planta_B,15,Software,Alta,2,1400.0,No
OT00508,Nueva reparación,2026-04-13 16:46:27,Tec_06,EQ364,Torno CNC,Planta_B,10,Hidráulica,Baja,3,2800.0,Sí
OT00424,Prueba,2026-04-13 16:48:31,Tec_07,EQ325,Torno CNC,Planta_B,12,Hidráulica,Media,2,3143.73,No
OT00517,Falla reportada,2026-04-13 19:46:44,Operador_03,EQ582,Montacargas,Planta_A,18,Hidráulica,Media,4,565.76,Sí
OT00519,Falla reportada,2026-04-13 20:16:19,Operador_03,EQ547,Compresor,Planta_A,6,Mecánica,Media,2,614.06,No
OT00517,Diagnóstico,2026-04-14 07:00:00,Tec_04,EQ582,Montacargas,Planta_A,18,Hidráulica,Media,4,565.76,Sí
OT00435,Nueva reparación,2026-04-14 07:00:00,Tec_05,EQ311,Torno CNC,Planta_A,15,Eléctrica,Media,0,3282.79,Sí
OT00519,Diagnóstico,2026-04-14 07:00:00,Tec_01,EQ547,Compresor,Planta_A,6,Mecánica,Media,2,614.06,No
OT00510,Puesta en operación,2026-04-14 07:00:00,Tec_02,EQ602,Bomba,Planta_A,3,Mecánica,Media,1,1400.0,No
OT00508,Prueba,2026-04-14 07:00:00,Tec_06,EQ364,Torno CNC,Planta_B,10,Hidráulica,Baja,3,2800.0,Sí
OT00506,Nueva reparación,2026-04-14 07:00:00,Tec_02,EQ479,Bomba,Planta_A,17,Software,Alta,1,4200.0,Sí
OT00424,Puesta en operación,2026-04-14 07:00:00,Tec_07,EQ325,Torno CNC,Planta_B,12,Hidráulica,Media,2,3143.73,No
OT00463,Recepción de repuesto,2026-04-14 07:00:00,Bodega,EQ429,Torno CNC,Planta_A,16,Eléctrica,Media,2,4313.0,No
OT00513,Nueva reparación,2026-04-14 07:00:00,Tec_04,EQ182,Montacargas,Planta_A,10,Hidráulica,Media,3,4200.0,No
OT00501,Prueba,2026-04-14 07:00:00,Tec_07,EQ523,Torno CNC,Planta_B,15,Software,Alta,2,1400.0,No
OT00514,Recepción de repuesto,2026-04-14 07:00:00,Bodega,EQ423,Compresor,Planta_A,1,Hidráulica,Baja,0,3530.32,No
OT00490,Prueba,2026-04-14 07:00:00,Tec_01,EQ208,Torno CNC,Planta_A,6,Eléctrica,Baja,0,2306.32,No
OT00516,Recepción de repuesto,2026-04-14 07:19:00,Bodega,EQ199,Montacargas,Planta_B,14,Mecánica,Alta,2,1321.21,Sí
OT00434,Cierre,2026-04-14 08:00:00,Administracion_Mtto,EQ135,Montacargas,Planta_A,15,Eléctrica,Alta,0,6351.66,No
OT00485,Cierre,2026-04-14 08:00:00,Administracion_Mtto,EQ030,Montacargas,Planta_B,10,Eléctrica,Baja,2,2816.67,No
OT00491,Cierre,2026-04-14 08:00:00,Administracion_Mtto,EQ498,Compresor,Planta_A,14,Mecánica,Baja,1,873.25,No
OT00519,Asignación de técnico,2026-04-14 08:01:49,Jefe_Mantenimiento,EQ547,Compresor,Planta_A,6,Mecánica,Media,2,614.06,No
OT00386,Cierre,2026-04-14 08:09:00,Administracion_Mtto,EQ197,Prensa hidráulica,Planta_A,15,Hidráulica,Baja,5,2496.71,Sí
OT00463,Reparación,2026-04-14 08:12:57,Tec_01,EQ429,Torno CNC,Planta_A,16,Eléctrica,Media,2,4313.0,No
OT00508,Puesta en operación,2026-04-14 08:15:37,Tec_06,EQ364,Torno CNC,Planta_B,10,Hidráulica,Baja,3,2800.0,Sí
OT00490,Puesta en operación,2026-04-14 08:20:18,Tec_01,EQ208,Torno CNC,Planta_A,6,Eléctrica,Baja,0,2306.32,No
OT00435,Prueba,2026-04-14 08:26:45,Tec_05,EQ311,Torno CNC,Planta_A,15,Eléctrica,Media,0,3282.79,Sí
OT00517,Asignación de técnico,2026-04-14 08:43:56,Jefe_Mantenimiento,EQ582,Montacargas,Planta_A,18,Hidráulica,Media,4,565.76,Sí
OT00501,Puesta en operación,2026-04-14 08:59:27,Tec_07,EQ523,Torno CNC,Planta_B,15,Software,Alta,2,1400.0,No
OT00506,Prueba fallida,2026-04-14 09:16:12,Tec_02,EQ479,Bomba,Planta_A,17,Software,Alta,1,4200.0,Sí
OT00513,Prueba fallida,2026-04-14 09:18:10,Tec_04,EQ182,Montacargas,Planta_A,10,Hidráulica,Media,3,4200.0,No
OT00435,Puesta en operación,2026-04-14 09:22:15,Tec_05,EQ311,Torno CNC,Planta_A,15,Eléctrica,Media,0,3282.79,Sí
OT00463,Prueba fallida,2026-04-14 09:48:22,Tec_01,EQ429,Torno CNC,Planta_A,16,Eléctrica,Media,2,4313.0,No
OT00517,Reparación,2026-04-14 10:13:01,Tec_05,EQ582,Montacargas,Planta_A,18,Hidráulica,Media,4,565.76,Sí
OT00519,Reparación,2026-04-14 10:21:24,Tec_05,EQ547,Compresor,Planta_A,6,Mecánica,Media,2,614.06,No
OT00506,Nueva reparación,2026-04-14 11:15:23,Tec_02,EQ479,Bomba,Planta_A,17,Software,Alta,1,4200.0,Sí
OT00517,Prueba,2026-04-14 11:28:58,Tec_05,EQ582,Montacargas,Planta_A,18,Hidráulica,Media,4,565.76,Sí
OT00516,Reparación,2026-04-14 11:50:05,Tec_07,EQ199,Montacargas,Planta_B,14,Mecánica,Alta,2,1321.21,Sí
OT00517,Puesta en operación,2026-04-14 11:56:36,Tec_05,EQ582,Montacargas,Planta_A,18,Hidráulica,Media,4,565.76,Sí
OT00520,Falla reportada,2026-04-14 12:34:28,Operador_07,EQ700,Torno CNC,Planta_A,9,Software,Media,4,716.45,No
OT00516,Prueba,2026-04-14 12:45:49,Tec_07,EQ199,Montacargas,Planta_B,14,Mecánica,Alta,2,1321.21,Sí
OT00519,Prueba,2026-04-14 13:01:46,Tec_05,EQ547,Compresor,Planta_A,6,Mecánica,Media,2,614.06,No
OT00506,Prueba,2026-04-14 13:11:10,Tec_02,EQ479,Bomba,Planta_A,17,Software,Alta,1,4200.0,Sí
OT00516,Puesta en operación,2026-04-14 13:31:18,Tec_07,EQ199,Montacargas,Planta_B,14,Mecánica,Alta,2,1321.21,Sí
OT00520,Diagnóstico,2026-04-14 13:44:33,Tec_02,EQ700,Torno CNC,Planta_A,9,Software,Media,4,716.45,No
OT00514,Reparación,2026-04-14 13:48:16,Tec_02,EQ423,Compresor,Planta_A,1,Hidráulica,Baja,0,3530.32,No
OT00519,Puesta en operación,2026-04-14 13:48:59,Tec_05,EQ547,Compresor,Planta_A,6,Mecánica,Media,2,614.06,No
OT00506,Puesta en operación,2026-04-14 14:12:24,Tec_02,EQ479,Bomba,Planta_A,17,Software,Alta,1,4200.0,Sí
OT00520,Asignación de técnico,2026-04-14 14:15:27,Jefe_Mantenimiento,EQ700,Torno CNC,Planta_A,9,Software,Media,4,716.45,No
OT00514,Prueba fallida,2026-04-14 15:37:17,Tec_02,EQ423,Compresor,Planta_A,1,Hidráulica,Baja,0,3530.32,No
OT00521,Falla reportada,2026-04-14 17:17:39,Operador_09,EQ034,Prensa hidráulica,Planta_B,4,Mecánica,Baja,0,1350.65,No
OT00522,Falla reportada,2026-04-14 17:48:23,Operador_12,EQ043,Prensa hidráulica,Planta_B,13,Mecánica,Baja,4,2489.79,Sí
OT00523,Falla reportada,2026-04-14 20:00:07,Operador_10,EQ642,Compresor,Planta_A,15,Software,Media,1,2449.88,Sí
OT00526,Falla reportada,2026-04-15 02:04:59,Operador_07,EQ599,Compresor,Planta_A,8,Mecánica,Alta,3,478.54,No
OT00523,Diagnóstico,2026-04-15 07:00:00,Tec_03,EQ642,Compresor,Planta_A,15,Software,Media,1,2449.88,Sí
OT00463,Nueva reparación,2026-04-15 07:00:00,Tec_01,EQ429,Torno CNC,Planta_A,16,Eléctrica,Media,2,4313.0,No
OT00521,Diagnóstico,2026-04-15 07:00:00,Tec_B01,EQ034,Prensa hidráulica,Planta_B,4,Mecánica,Baja,0,1350.65,No
OT00520,Reparación,2026-04-15 07:00:00,Tec_01,EQ700,Torno CNC,Planta_A,9,Software,Media,4,716.45,No
OT00448,Recepción de repuesto,2026-04-15 07:00:00,Bodega,EQ499,Bomba,Planta_A,13,Mecánica,Media,1,3099.76,No
OT00514,Nueva reparación,2026-04-15 07:00:00,Tec_02,EQ423,Compresor,Planta_A,1,Hidráulica,Baja,0,3530.32,No
OT00513,Nueva reparación,2026-04-15 07:00:00,Tec_04,EQ182,Montacargas,Planta_A,10,Hidráulica,Media,3,4200.0,No
OT00477,Recepción de repuesto,2026-04-15 07:05:00,Bodega,EQ406,Prensa hidráulica,Planta_B,8,Hidráulica,Baja,1,1469.46,Sí
OT00505,Recepción de repuesto,2026-04-15 07:08:00,Bodega,EQ466,Bomba,Planta_A,18,Mecánica,Baja,1,4627.74,Sí
OT00526,Diagnóstico,2026-04-15 07:21:00,Tec_01,EQ599,Compresor,Planta_A,8,Mecánica,Alta,3,478.54,No
OT00521,Asignación de técnico,2026-04-15 07:57:25,Jefe_Mantenimiento,EQ034,Prensa hidráulica,Planta_B,4,Mecánica,Baja,0,1350.65,No
OT00446,Cierre,2026-04-15 08:00:00,Administracion_Mtto,EQ031,Torno CNC,Planta_A,14,Mecánica,Media,2,2970.59,Sí
OT00503,Cierre,2026-04-15 08:00:00,Administracion_Mtto,EQ717,Montacargas,Planta_A,16,Mecánica,Baja,0,1642.57,Sí
OT00520,Prueba,2026-04-15 08:06:50,Tec_01,EQ700,Torno CNC,Planta_A,9,Software,Media,4,716.45,No
OT00511,Cierre,2026-04-15 08:18:00,Administracion_Mtto,EQ538,Compresor,Planta_B,13,Eléctrica,Media,1,664.01,No
OT00523,Asignación de técnico,2026-04-15 08:18:39,Jefe_Mantenimiento,EQ642,Compresor,Planta_A,15,Software,Media,1,2449.88,Sí
OT00526,Asignación de técnico,2026-04-15 08:43:16,Jefe_Mantenimiento,EQ599,Compresor,Planta_A,8,Mecánica,Alta,3,478.54,No
OT00463,Prueba,2026-04-15 08:46:12,Tec_01,EQ429,Torno CNC,Planta_A,16,Eléctrica,Media,2,4313.0,No
OT00520,Puesta en operación,2026-04-15 09:02:40,Tec_01,EQ700,Torno CNC,Planta_A,9,Software,Media,4,716.45,No
OT00514,Prueba,2026-04-15 09:12:51,Tec_02,EQ423,Compresor,Planta_A,1,Hidráulica,Baja,0,3530.32,No
OT00513,Prueba,2026-04-15 09:17:53,Tec_04,EQ182,Montacargas,Planta_A,10,Hidráulica,Media,3,4200.0,No
OT00525,Falla reportada,2026-04-15 09:19:19,Operador_07,EQ206,Bomba,Planta_A,13,Eléctrica,Media,4,4200.0,Sí
OT00502,Cierre,2026-04-15 09:24:23,Administracion_Mtto,EQ488,Prensa hidráulica,Planta_A,7,Hidráulica,Alta,3,1952.31,Sí
OT00477,Reparación,2026-04-15 09:32:18,Tec_06,EQ406,Prensa hidráulica,Planta_B,8,Hidráulica,Baja,1,1469.46,Sí
OT00448,Reparación,2026-04-15 10:00:40,Tec_02,EQ499,Bomba,Planta_A,13,Mecánica,Media,1,3099.76,No
OT00514,Puesta en operación,2026-04-15 10:14:53,Tec_02,EQ423,Compresor,Planta_A,1,Hidráulica,Baja,0,3530.32,No
OT00523,Reparación,2026-04-15 10:18:36,Tec_02,EQ642,Compresor,Planta_A,15,Software,Media,1,2449.88,Sí
OT00505,Reparación,2026-04-15 10:28:02,Tec_05,EQ466,Bomba,Planta_A,18,Mecánica,Baja,1,4627.74,Sí
OT00525,Diagnóstico,2026-04-15 10:43:52,Tec_05,EQ206,Bomba,Planta_A,13,Eléctrica,Media,4,4200.0,Sí
OT00477,Prueba,2026-04-15 10:47:58,Tec_06,EQ406,Prensa hidráulica,Planta_B,8,Hidráulica,Baja,1,1469.46,Sí
OT00513,Puesta en operación,2026-04-15 10:53:56,Tec_04,EQ182,Montacargas,Planta_A,10,Hidráulica,Media,3,4200.0,No
OT00463,Puesta en operación,2026-04-15 11:04:59,Tec_01,EQ429,Torno CNC,Planta_A,16,Eléctrica,Media,2,4313.0,No
OT00477,Puesta en operación,2026-04-15 11:12:57,Tec_06,EQ406,Prensa hidráulica,Planta_B,8,Hidráulica,Baja,1,1469.46,Sí
OT00523,Prueba fallida,2026-04-15 12:10:33,Tec_02,EQ642,Compresor,Planta_A,15,Software,Media,1,2449.88,Sí
OT00505,Prueba fallida,2026-04-15 12:14:53,Tec_05,EQ466,Bomba,Planta_A,18,Mecánica,Baja,1,4627.74,Sí
OT00492,Cierre,2026-04-15 12:14:58,Administracion_Mtto,EQ110,Prensa hidráulica,Planta_A,13,Eléctrica,Baja,2,1905.75,Sí
OT00448,Prueba fallida,2026-04-15 12:16:08,Tec_02,EQ499,Bomba,Planta_A,13,Mecánica,Media,1,3099.76,No
OT00525,Asignación de técnico,2026-04-15 12:27:21,Jefe_Mantenimiento,EQ206,Bomba,Planta_A,13,Eléctrica,Media,4,4200.0,Sí
OT00521,Reparación,2026-04-15 12:39:08,Tec_07,EQ034,Prensa hidráulica,Planta_B,4,Mecánica,Baja,0,1350.65,No
OT00526,Reparación,2026-04-15 12:41:21,Tec_04,EQ599,Compresor,Planta_A,8,Mecánica,Alta,3,478.54,No
OT00526,Prueba,2026-04-15 14:22:53,Tec_04,EQ599,Compresor,Planta_A,8,Mecánica,Alta,3,478.54,No
OT00448,Nueva reparación,2026-04-15 14:38:45,Tec_02,EQ499,Bomba,Planta_A,13,Mecánica,Media,1,3099.76,No
OT00505,Nueva reparación,2026-04-15 14:39:21,Tec_05,EQ466,Bomba,Planta_A,18,Mecánica,Baja,1,4627.74,Sí
OT00523,Nueva reparación,2026-04-15 14:55:13,Tec_02,EQ642,Compresor,Planta_A,15,Software,Media,1,2449.88,Sí
OT00522,Diagnóstico,2026-04-15 15:41:52,Tec_B01,EQ043,Prensa hidráulica,Planta_B,13,Mecánica,Baja,4,2489.79,Sí
OT00526,Puesta en operación,2026-04-15 15:45:20,Tec_04,EQ599,Compresor,Planta_A,8,Mecánica,Alta,3,478.54,No
OT00522,Asignación de técnico,2026-04-15 16:31:42,Jefe_Mantenimiento,EQ043,Prensa hidráulica,Planta_B,13,Mecánica,Baja,4,2489.79,Sí
OT00505,Prueba,2026-04-15 16:40:25,Tec_05,EQ466,Bomba,Planta_A,18,Mecánica,Baja,1,4627.74,Sí
OT00523,Prueba,2026-04-15 16:56:49,Tec_02,EQ642,Compresor,Planta_A,15,Software,Media,1,2449.88,Sí
OT00522,Solicitud de repuesto,2026-04-15 17:01:43,Tec_07,EQ043,Prensa hidráulica,Planta_B,13,Mecánica,Baja,4,2489.79,Sí
OT00524,Falla reportada,2026-04-15 17:13:48,Operador_05,EQ721,Torno CNC,Planta_B,12,Eléctrica,Alta,0,705.15,No
OT00528,Falla reportada,2026-04-16 00:07:23,Operador_01,EQ441,Montacargas,Planta_A,12,Mecánica,Alta,3,584.23,Sí
OT00532,Falla reportada,2026-04-16 05:31:12,Operador_07,EQ659,Montacargas,Planta_B,6,Eléctrica,Baja,3,1400.0,No
OT00531,Falla reportada,2026-04-16 06:58:56,Operador_04,EQ280,Compresor,Planta_A,18,Mecánica,Baja,4,301.82,No
OT00525,Reparación,2026-04-16 07:00:00,Tec_05,EQ206,Bomba,Planta_A,13,Eléctrica,Media,4,4200.0,Sí
OT00448,Prueba,2026-04-16 07:00:00,Tec_02,EQ499,Bomba,Planta_A,13,Mecánica,Media,1,3099.76,No
OT00521,Prueba,2026-04-16 07:00:00,Tec_07,EQ034,Prensa hidráulica,Planta_B,4,Mecánica,Baja,0,1350.65,No
OT00433,Recepción de repuesto,2026-04-16 07:00:00,Bodega,EQ264,Torno CNC,Planta_B,16,Mecánica,Alta,1,2533.5,No
OT00524,Diagnóstico,2026-04-16 07:00:00,Tec_B01,EQ721,Torno CNC,Planta_B,12,Eléctrica,Alta,0,705.15,No
OT00505,Puesta en operación,2026-04-16 07:00:00,Tec_05,EQ466,Bomba,Planta_A,18,Mecánica,Baja,1,4627.74,Sí
OT00523,Puesta en operación,2026-04-16 07:00:00,Tec_02,EQ642,Compresor,Planta_A,15,Software,Media,1,2449.88,Sí
OT00528,Diagnóstico,2026-04-16 07:16:00,Tec_01,EQ441,Montacargas,Planta_A,12,Mecánica,Alta,3,584.23,Sí
OT00448,Puesta en operación,2026-04-16 07:27:43,Tec_02,EQ499,Bomba,Planta_A,13,Mecánica,Media,1,3099.76,No
OT00528,Asignación de técnico,2026-04-16 07:43:01,Jefe_Mantenimiento,EQ441,Montacargas,Planta_A,12,Mecánica,Alta,3,584.23,Sí
OT00521,Puesta en operación,2026-04-16 07:53:03,Tec_07,EQ034,Prensa hidráulica,Planta_B,4,Mecánica,Baja,0,1350.65,No
OT00515,Cierre,2026-04-16 08:07:00,Administracion_Mtto,EQ500,Torno CNC,Planta_A,9,Mecánica,Media,0,446.16,No
OT00527,Falla reportada,2026-04-16 08:08:40,Operador_07,EQ730,Bomba,Planta_A,18,Mecánica,Media,3,3449.1,No
OT00499,Cierre,2026-04-16 08:10:00,Administracion_Mtto,EQ117,Montacargas,Planta_A,14,Eléctrica,Media,2,2800.0,Sí
OT00519,Cierre,2026-04-16 08:22:00,Administracion_Mtto,EQ547,Compresor,Planta_A,6,Mecánica,Media,2,614.06,No
OT00524,Asignación de técnico,2026-04-16 08:48:52,Jefe_Mantenimiento,EQ721,Torno CNC,Planta_B,12,Eléctrica,Alta,0,705.15,No
OT00529,Falla reportada,2026-04-16 08:52:57,Operador_09,EQ008,Prensa hidráulica,Planta_A,8,Mecánica,Media,3,1758.79,No
OT00525,Prueba fallida,2026-04-16 09:25:46,Tec_05,EQ206,Bomba,Planta_A,13,Eléctrica,Media,4,4200.0,Sí
OT00510,Cierre,2026-04-16 09:33:26,Administracion_Mtto,EQ602,Bomba,Planta_A,3,Mecánica,Media,1,1400.0,No
OT00527,Diagnóstico,2026-04-16 09:45:29,Tec_04,EQ730,Bomba,Planta_A,18,Mecánica,Media,3,3449.1,No
OT00531,Diagnóstico,2026-04-16 10:22:29,Tec_03,EQ280,Compresor,Planta_A,18,Mecánica,Baja,4,301.82,No
OT00527,Asignación de técnico,2026-04-16 10:31:16,Jefe_Mantenimiento,EQ730,Bomba,Planta_A,18,Mecánica,Media,3,3449.1,No
OT00529,Diagnóstico,2026-04-16 10:44:39,Tec_04,EQ008,Prensa hidráulica,Planta_A,8,Mecánica,Media,3,1758.79,No
OT00524,Reparación,2026-04-16 10:46:41,Tec_06,EQ721,Torno CNC,Planta_B,12,Eléctrica,Alta,0,705.15,No
OT00527,Solicitud de repuesto,2026-04-16 11:01:17,Tec_01,EQ730,Bomba,Planta_A,18,Mecánica,Media,3,3449.1,No
OT00531,Asignación de técnico,2026-04-16 11:34:06,Jefe_Mantenimiento,EQ280,Compresor,Planta_A,18,Mecánica,Baja,4,301.82,No
OT00529,Asignación de técnico,2026-04-16 12:02:18,Jefe_Mantenimiento,EQ008,Prensa hidráulica,Planta_A,8,Mecánica,Media,3,1758.79,No
OT00529,Solicitud de repuesto,2026-04-16 12:32:19,Tec_04,EQ008,Prensa hidráulica,Planta_A,8,Mecánica,Media,3,1758.79,No
OT00524,Prueba,2026-04-16 12:39:51,Tec_06,EQ721,Torno CNC,Planta_B,12,Eléctrica,Alta,0,705.15,No
OT00506,Cierre,2026-04-16 12:41:47,Administracion_Mtto,EQ479,Bomba,Planta_A,17,Software,Alta,1,4200.0,Sí
OT00528,Reparación,2026-04-16 12:59:39,Tec_05,EQ441,Montacargas,Planta_A,12,Mecánica,Alta,3,584.23,Sí
OT00531,Reparación,2026-04-16 13:04:59,Tec_02,EQ280,Compresor,Planta_A,18,Mecánica,Baja,4,301.82,No
OT00525,Nueva reparación,2026-04-16 13:08:27,Tec_05,EQ206,Bomba,Planta_A,13,Eléctrica,Media,4,4200.0,Sí
OT00524,Puesta en operación,2026-04-16 13:22:38,Tec_06,EQ721,Torno CNC,Planta_B,12,Eléctrica,Alta,0,705.15,No
OT00525,Prueba fallida,2026-04-16 14:06:35,Tec_05,EQ206,Bomba,Planta_A,13,Eléctrica,Media,4,4200.0,Sí
OT00531,Prueba,2026-04-16 14:31:09,Tec_02,EQ280,Compresor,Planta_A,18,Mecánica,Baja,4,301.82,No
OT00433,Reparación,2026-04-16 14:37:41,Tec_06,EQ264,Torno CNC,Planta_B,16,Mecánica,Alta,1,2533.5,No
OT00528,Prueba,2026-04-16 15:08:44,Tec_05,EQ441,Montacargas,Planta_A,12,Mecánica,Alta,3,584.23,Sí
OT00531,Puesta en operación,2026-04-16 15:36:20,Tec_02,EQ280,Compresor,Planta_A,18,Mecánica,Baja,4,301.82,No
OT00528,Puesta en operación,2026-04-16 16:48:55,Tec_05,EQ441,Montacargas,Planta_A,12,Mecánica,Alta,3,584.23,Sí
OT00530,Falla reportada,2026-04-16 18:17:55,Operador_07,EQ296,Compresor,Planta_A,12,Software,Media,2,1400.0,Sí
OT00535,Falla reportada,2026-04-17 03:57:49,Operador_08,EQ546,Compresor,Planta_A,1,Eléctrica,Baja,1,2800.0,No
OT00525,Nueva reparación,2026-04-17 07:00:00,Tec_05,EQ206,Bomba,Planta_A,13,Eléctrica,Media,4,4200.0,Sí
OT00489,Recepción de repuesto,2026-04-17 07:00:00,Bodega,EQ137,Torno CNC,Planta_A,13,Mecánica,Media,1,1946.57,No
OT00433,Prueba,2026-04-17 07:00:00,Tec_06,EQ264,Torno CNC,Planta_B,16,Mecánica,Alta,1,2533.5,No
OT00457,Recepción de repuesto,2026-04-17 07:00:00,Bodega,EQ441,Montacargas,Planta_A,12,Eléctrica,Baja,2,4359.8,Sí
OT00530,Diagnóstico,2026-04-17 07:00:00,Tec_03,EQ296,Compresor,Planta_A,12,Software,Media,2,1400.0,Sí
OT00527,Recepción de repuesto,2026-04-17 07:12:00,Bodega,EQ730,Bomba,Planta_A,18,Mecánica,Media,3,3449.1,No
OT00433,Puesta en operación,2026-04-17 07:53:54,Tec_06,EQ264,Torno CNC,Planta_B,16,Mecánica,Alta,1,2533.5,No
OT00423,Cierre,2026-04-17 08:00:00,Administracion_Mtto,EQ148,Prensa hidráulica,Planta_A,6,Mecánica,Media,2,5329.28,No
OT00520,Cierre,2026-04-17 08:00:00,Administracion_Mtto,EQ700,Torno CNC,Planta_A,9,Software,Media,4,716.45,No
OT00530,Asignación de técnico,2026-04-17 08:01:38,Jefe_Mantenimiento,EQ296,Compresor,Planta_A,12,Software,Media,2,1400.0,Sí
OT00500,Cierre,2026-04-17 08:08:00,Administracion_Mtto,EQ700,Torno CNC,Planta_A,9,Software,Media,3,1400.0,Sí
OT00508,Cierre,2026-04-17 08:17:00,Administracion_Mtto,EQ364,Torno CNC,Planta_B,10,Hidráulica,Baja,3,2800.0,Sí
OT00518,Cierre,2026-04-17 08:17:00,Administracion_Mtto,EQ659,Montacargas,Planta_B,6,Eléctrica,Alta,2,427.14,Sí
OT00525,Prueba,2026-04-17 08:32:48,Tec_05,EQ206,Bomba,Planta_A,13,Eléctrica,Media,4,4200.0,Sí
OT00537,Falla reportada,2026-04-17 09:10:21,Operador_12,EQ400,Montacargas,Planta_B,9,Hidráulica,Media,1,1400.0,Sí
OT00535,Diagnóstico,2026-04-17 09:10:29,Tec_02,EQ546,Compresor,Planta_A,1,Eléctrica,Baja,1,2800.0,No
OT00535,Asignación de técnico,2026-04-17 09:35:09,Jefe_Mantenimiento,EQ546,Compresor,Planta_A,1,Eléctrica,Baja,1,2800.0,No
OT00525,Puesta en operación,2026-04-17 09:56:40,Tec_05,EQ206,Bomba,Planta_A,13,Eléctrica,Media,4,4200.0,Sí
OT00534,Falla reportada,2026-04-17 09:59:59,Operador_07,EQ490,Torno CNC,Planta_B,18,Mecánica,Alta,5,1400.0,No
OT00536,Falla reportada,2026-04-17 10:28:57,Operador_04,EQ287,Torno CNC,Planta_A,6,Eléctrica,Alta,1,1926.96,No
OT00530,reparación,2026-04-17 10:50:31,Tec_01,EQ296,Compresor,Planta_A,12,Software,Media,2,1400.0,Sí
OT00538,Falla reportada,2026-04-17 11:29:02,Operador_11,EQ417,Montacargas,Planta_A,15,Mecánica,Media,2,2800.0,Sí
OT00489,Reparación,2026-04-17 11:35:33,Tec_03,EQ137,Torno CNC,Planta_A,13,Mecánica,Media,1,1946.57,No
OT00538,Diagnóstico,2026-04-17 12:18:14,Tec_04,EQ417,Montacargas,Planta_A,15,Mecánica,Media,2,2800.0,Sí
OT00535,Reparación,2026-04-17 12:19:00,Tec_05,EQ546,Compresor,Planta_A,1,Eléctrica,Baja,1,2800.0,No
OT00457,Reparación,2026-04-17 12:27:08,Tec_01,EQ441,Montacargas,Planta_A,12,Eléctrica,Baja,2,4359.8,Sí
OT00489,Prueba,2026-04-17 12:40:19,Tec_03,EQ137,Torno CNC,Planta_A,13,Mecánica,Media,1,1946.57,No
OT00448,Cierre,2026-04-17 12:53:40,Administracion_Mtto,EQ499,Bomba,Planta_A,13,Mecánica,Media,1,3099.76,No
OT00489,Puesta en operación,2026-04-17 13:12:00,Tec_03,EQ137,Torno CNC,Planta_A,13,Mecánica,Media,1,1946.57,No
OT00532,Diagnóstico,2026-04-17 13:30:23,Tec_B01,EQ659,Montacargas,Planta_B,6,Eléctrica,Baja,3,1400.0,No
OT00534,Diagnóstico,2026-04-17 13:53:40,Tec_B01,EQ490,Torno CNC,Planta_B,18,Mecánica,Alta,5,1400.0,No
OT00536,Diagnóstico,2026-04-17 14:03:29,Tec_02,EQ287,Torno CNC,Planta_A,6,Eléctrica,Alta,1,1926.96,No
OT00538,Asignación de técnico,2026-04-17 14:42:01,Jefe_Mantenimiento,EQ417,Montacargas,Planta_A,15,Mecánica,Media,2,2800.0,Sí
OT00535,Prueba fallida,2026-04-17 14:52:14,Tec_05,EQ546,Compresor,Planta_A,1,Eléctrica,Baja,1,2800.0,No
OT00532,Asignación de técnico,2026-04-17 15:15:04,Jefe_Mantenimiento,EQ659,Montacargas,Planta_B,6,Eléctrica,Baja,3,1400.0,No
OT00457,Prueba,2026-04-17 15:20:32,Tec_01,EQ441,Montacargas,Planta_A,12,Eléctrica,Baja,2,4359.8,Sí
OT00534,Asignación de técnico,2026-04-17 15:29:48,Jefe_Mantenimiento,EQ490,Torno CNC,Planta_B,18,Mecánica,Alta,5,1400.0,No
OT00457,Puesta en operación,2026-04-17 15:43:58,Tec_01,EQ441,Montacargas,Planta_A,12,Eléctrica,Baja,2,4359.8,Sí
OT00536,Asignación de técnico,2026-04-17 15:55:11,Jefe_Mantenimiento,EQ287,Torno CNC,Planta_A,6,Eléctrica,Alta,1,1926.96,No
OT00536,Asignación de técnico,2026-04-17 15:55:11,Jefe_Mantenimiento,EQ287,Torno CNC,Planta_A,6,Eléctrica,Alta,1,1926.96,No
OT00536,Solicitud de repuesto,2026-04-17 16:25:12,Tec_05,EQ287,Torno CNC,Planta_A,6,Eléctrica,Alta,1,1926.96,No
OT00533,Falla reportada,2026-04-17 18:28:03,Operador_08,EQ016,Torno CNC,Planta_A,2,Mecánica,Baja,0,2800.0,No
OT00541,Falla reportada,2026-04-18 07:05:28,Operador_05,EQ479,Bomba,Planta_A,17,Mecánica,Media,2,2184.93,No
OT00542,Falla reportada,2026-04-18 08:11:10,Operador_02,EQ331,Bomba,Planta_B,16,Software,Media,1,1400.0,No
OT00544,Falla reportada,2026-04-18 10:27:03,Operador_04,EQ698,Prensa hidráulica,Planta_A,11,Mecánica,Alta,4,1535.06,No
OT00540,Falla reportada,2026-04-18 12:23:29,Operador_04,EQ449,Torno CNC,Planta_B,10,Hidráulica,Media,2,3208.21,No
OT00543,Falla reportada,2026-04-18 14:56:44,Operador_01,EQ255,Montacargas,Planta_A,7,Mecánica,Media,1,1400.0,No
OT00539,Falla reportada,2026-04-18 14:59:50,Operador_10,EQ519,Prensa hidráulica,Planta_A,7,Eléctrica,Baja,1,2800.0,Sí
OT00548,Falla reportada,2026-04-19 12:25:33,Operador_12,EQ346,Bomba,Planta_B,4,Mecánica,Media,0,3169.97,No
OT00547,falla reportada,2026-04-19 14:14:50,Operador_06,EQ254,Bomba,Planta_A,18,Mecánica,Baja,2,1878.7,Sí
OT00545,Falla reportada,2026-04-19 14:44:12,Operador_06,EQ393,Montacargas,Planta_A,5,Hidráulica,Media,0,1400.0,No
OT00546,Falla reportada,2026-04-19 15:32:44,Operador_12,EQ068,Compresor,Planta_B,17,Mecánica,Alta,1,2800.0,Sí
OT00549,Falla reportada,2026-04-19 23:12:54,Operador_06,EQ389,Bomba,Planta_B,6,Hidráulica,Baja,1,1400.0,No
OT00537,Diagnóstico,2026-04-20 07:00:00,Tec_B01,EQ400,Montacargas,Planta_B,9,Hidráulica,Media,1,1400.0,Sí
OT00533,Diagnóstico,2026-04-20 07:00:00,Tec_01,EQ016,Torno CNC,Planta_A,2,Mecánica,Baja,0,2800.0,No
OT00504,Recepción de repuesto,2026-04-20 07:00:00,Bodega,EQ037,Torno CNC,Planta_A,14,Eléctrica,Media,2,2039.29,No
OT00545,Diagnóstico,2026-04-20 07:00:00,Tec_01,EQ393,Montacargas,Planta_A,5,Hidráulica,Media,0,1400.0,No
OT00541,Diagnóstico,2026-04-20 07:00:00,Tec_03,EQ479,Bomba,Planta_A,17,Mecánica,Media,2,2184.93,No
OT00535,Nueva reparación,2026-04-20 07:00:00,Tec_05,EQ546,Compresor,Planta_A,1,Eléctrica,Baja,1,2800.0,No
OT00530,Prueba,2026-04-20 07:00:00,Tec_01,EQ296,Compresor,Planta_A,12,Software,Media,2,1400.0,Sí
OT00542,Diagnóstico,2026-04-20 07:00:00,Tec_B01,EQ331,Bomba,Planta_B,16,Software,Media,1,1400.0,No
OT00539,Diagnóstico,2026-04-20 07:00:00,Tec_03,EQ519,Prensa hidráulica,Planta_A,7,Eléctrica,Baja,1,2800.0,Sí
OT00527,Reparación,2026-04-20 07:00:00,Tec_01,EQ730,Bomba,Planta_A,18,Mecánica,Media,3,3449.1,No
OT00547,diagnóstico,2026-04-20 07:00:00,Tec_03,EQ254,Bomba,Planta_A,18,Mecánica,Baja,2,1878.7,Sí
OT00538,Reparación,2026-04-20 07:00:00,Tec_03,EQ417,Montacargas,Planta_A,15,Mecánica,Media,2,2800.0,Sí
OT00532,Reparación,2026-04-20 07:00:00,Tec_07,EQ659,Montacargas,Planta_B,6,Eléctrica,Baja,3,1400.0,No
OT00543,Diagnóstico,2026-04-20 07:00:00,Tec_04,EQ255,Montacargas,Planta_A,7,Mecánica,Media,1,1400.0,No
OT00534,Reparación,2026-04-20 07:00:00,Tec_06,EQ490,Torno CNC,Planta_B,18,Mecánica,Alta,5,1400.0,No
OT00546,Diagnóstico,2026-04-20 07:00:00,Tec_B01,EQ068,Compresor,Planta_B,17,Mecánica,Alta,1,2800.0,Sí
OT00548,Diagnóstico,2026-04-20 07:00:00,Tec_B01,EQ346,Bomba,Planta_B,4,Mecánica,Media,0,3169.97,No
OT00466,Recepción de repuesto,2026-04-20 07:00:00,Bodega,EQ741,Torno CNC,Planta_A,17,Eléctrica,Baja,4,1693.83,No
OT00540,Diagnóstico,2026-04-20 07:00:00,Tec_B01,EQ449,Torno CNC,Planta_B,10,Hidráulica,Media,2,3208.21,No
OT00544,Diagnóstico,2026-04-20 07:00:00,Tec_05,EQ698,Prensa hidráulica,Planta_A,11,Mecánica,Alta,4,1535.06,No
OT00544,Asignación de técnico,2026-04-20 07:19:45,Jefe_Mantenimiento,EQ698,Prensa hidráulica,Planta_A,11,Mecánica,Alta,4,1535.06,No
OT00545,Asignación de técnico,2026-04-20 07:34:18,Jefe_Mantenimiento,EQ393,Montacargas,Planta_A,5,Hidráulica,Media,0,1400.0,No
OT00537,Asignación de técnico,2026-04-20 07:40:16,Jefe_Mantenimiento,EQ400,Montacargas,Planta_B,9,Hidráulica,Media,1,1400.0,Sí
OT00547,Asignación de técnico,2026-04-20 07:40:43,Jefe_Mantenimiento,EQ254,Bomba,Planta_A,18,Mecánica,Baja,2,1878.7,Sí
OT00544,Solicitud de repuesto,2026-04-20 07:49:46,Tec_03,EQ698,Prensa hidráulica,Planta_A,11,Mecánica,Alta,4,1535.06,No
OT00533,Asignación de técnico,2026-04-20 07:50:29,Jefe_Mantenimiento,EQ016,Torno CNC,Planta_A,2,Mecánica,Baja,0,2800.0,No
OT00540,Asignación de técnico,2026-04-20 07:51:59,Jefe_Mantenimiento,EQ449,Torno CNC,Planta_B,10,Hidráulica,Media,2,3208.21,No
OT00513,Cierre,2026-04-20 08:00:00,Administracion_Mtto,EQ182,Montacargas,Planta_A,10,Hidráulica,Media,3,4200.0,No
OT00528,Cierre,2026-04-20 08:00:00,Administracion_Mtto,EQ441,Montacargas,Planta_A,12,Mecánica,Alta,3,584.23,Sí
OT00490,Cierre,2026-04-20 08:00:00,Administracion_Mtto,EQ208,Torno CNC,Planta_A,6,Eléctrica,Baja,0,2306.32,No
OT00495,Cierre,2026-04-20 08:00:00,Administracion_Mtto,EQ574,Prensa hidráulica,Planta_B,15,Software,Baja,5,1400.0,No
OT00396,Cierre,2026-04-20 08:00:00,Administracion_Mtto,EQ602,Bomba,Planta_A,3,Eléctrica,Alta,0,5370.75,Sí
OT00531,Cierre,2026-04-20 08:00:00,Administracion_Mtto,EQ280,Compresor,Planta_A,18,Mecánica,Baja,4,301.82,No
OT00523,Cierre,2026-04-20 08:00:00,Administracion_Mtto,EQ642,Compresor,Planta_A,15,Software,Media,1,2449.88,Sí
OT00435,Cierre,2026-04-20 08:00:00,Administracion_Mtto,EQ311,Torno CNC,Planta_A,15,Eléctrica,Media,0,3282.79,Sí
OT00516,Cierre,2026-04-20 08:00:00,Administracion_Mtto,EQ199,Montacargas,Planta_B,14,Mecánica,Alta,2,1321.21,Sí
OT00512,Cierre,2026-04-20 08:00:00,Administracion_Mtto,EQ085,Bomba,Planta_A,5,Eléctrica,Alta,0,1287.69,Sí
OT00526,Cierre,2026-04-20 08:00:00,Administracion_Mtto,EQ599,Compresor,Planta_A,8,Mecánica,Alta,3,478.54,No
OT00505,Cierre,2026-04-20 08:00:00,Administracion_Mtto,EQ466,Bomba,Planta_A,18,Mecánica,Baja,1,4627.74,Sí
OT00521,Cierre,2026-04-20 08:00:00,Administracion_Mtto,EQ034,Prensa hidráulica,Planta_B,4,Mecánica,Baja,0,1350.65,No
OT00493,Cierre,2026-04-20 08:00:00,Administracion_Mtto,EQ311,Torno CNC,Planta_A,15,Mecánica,Baja,1,4200.0,Sí
OT00501,Cierre,2026-04-20 08:00:00,Administracion_Mtto,EQ523,Torno CNC,Planta_B,15,Software,Alta,2,1400.0,No
OT00477,Cierre,2026-04-20 08:00:00,Administracion_Mtto,EQ406,Prensa hidráulica,Planta_B,8,Hidráulica,Baja,1,1469.46,Sí
OT00524,Cierre,2026-04-20 08:00:00,Administracion_Mtto,EQ721,Torno CNC,Planta_B,12,Eléctrica,Alta,0,705.15,No
OT00517,Cierre,2026-04-20 08:00:00,Administracion_Mtto,EQ582,Montacargas,Planta_A,18,Hidráulica,Media,4,565.76,Sí
OT00509,Cierre,2026-04-20 08:00:00,Administracion_Mtto,EQ534,Compresor,Planta_A,7,Eléctrica,Media,1,645.71,No
OT00478,Cierre,2026-04-20 08:00:00,Administracion_Mtto,EQ661,Torno CNC,Planta_A,10,Software,Media,0,608.25,No
OT00530,Puesta en operación,2026-04-20 08:00:07,Tec_01,EQ296,Compresor,Planta_A,12,Software,Media,2,1400.0,Sí
OT00541,Asignación de técnico,2026-04-20 08:05:14,Jefe_Mantenimiento,EQ479,Bomba,Planta_A,17,Mecánica,Media,2,2184.93,No
OT00525,Cierre,2026-04-20 08:07:00,Administracion_Mtto,EQ206,Bomba,Planta_A,13,Eléctrica,Media,4,4200.0,Sí
OT00547,Solicitud de repuesto,2026-04-20 08:10:44,Tec_02,EQ254,Bomba,Planta_A,18,Mecánica,Baja,2,1878.7,Sí
OT00543,Asignación de técnico,2026-04-20 08:12:54,Jefe_Mantenimiento,EQ255,Montacargas,Planta_A,7,Mecánica,Media,1,1400.0,No
OT00548,Asignación de técnico,2026-04-20 08:15:36,Jefe_Mantenimiento,EQ346,Bomba,Planta_B,4,Mecánica,Media,0,3169.97,No
OT00488,Cierre,2026-04-20 08:17:00,Administracion_Mtto,EQ320,Torno CNC,Planta_B,16,Hidráulica,Baja,0,760.0,Sí
OT00540,Solicitud de repuesto,2026-04-20 08:22:00,Tec_07,EQ449,Torno CNC,Planta_B,10,Hidráulica,Media,2,3208.21,No
OT00546,Asignación de técnico,2026-04-20 08:27:31,Jefe_Mantenimiento,EQ068,Compresor,Planta_B,17,Mecánica,Alta,1,2800.0,Sí
OT00542,Asignacion de tecnico,2026-04-20 08:28:03,Jefe_Mantenimiento,EQ331,Bomba,Planta_B,16,Software,Media,1,1400.0,No
OT00539,Asignación de técnico,2026-04-20 08:34:37,Jefe_Mantenimiento,EQ519,Prensa hidráulica,Planta_A,7,Eléctrica,Baja,1,2800.0,Sí
OT00541,Solicitud de repuesto,2026-04-20 08:35:15,Tec_01,EQ479,Bomba,Planta_A,17,Mecánica,Media,2,2184.93,No
OT00548,Solicitud de repuesto,2026-04-20 08:45:37,Tec_07,EQ346,Bomba,Planta_B,4,Mecánica,Media,0,3169.97,No
OT00466,Reparación,2026-04-20 08:49:22,Tec_02,EQ741,Torno CNC,Planta_A,17,Eléctrica,Baja,4,1693.83,No
OT00535,Prueba,2026-04-20 09:05:22,Tec_05,EQ546,Compresor,Planta_A,1,Eléctrica,Baja,1,2800.0,No
OT00527,Prueba fallida,2026-04-20 09:28:41,Tec_01,EQ730,Bomba,Planta_A,18,Mecánica,Media,3,3449.1,No
OT00535,Puesta en operación,2026-04-20 09:50:30,Tec_05,EQ546,Compresor,Planta_A,1,Eléctrica,Baja,1,2800.0,No
OT00538,Prueba fallida,2026-04-20 10:12:08,Tec_03,EQ417,Montacargas,Planta_A,15,Mecánica,Media,2,2800.0,Sí
OT00542,Reparación,2026-04-20 10:26:30,Tec_06,EQ331,Bomba,Planta_B,16,Software,Media,1,1400.0,No
OT00539,Reparación,2026-04-20 10:35:59,Tec_04,EQ519,Prensa hidráulica,Planta_A,7,Eléctrica,Baja,1,2800.0,Sí
OT00534,Prueba,2026-04-20 10:40:18,Tec_06,EQ490,Torno CNC,Planta_B,18,Mecánica,Alta,5,1400.0,No
OT00543,Reparación,2026-04-20 10:41:36,Tec_03,EQ255,Montacargas,Planta_A,7,Mecánica,Media,1,1400.0,No
OT00466,Prueba,2026-04-20 10:43:11,Tec_02,EQ741,Torno CNC,Planta_A,17,Eléctrica,Baja,4,1693.83,No
OT00546,Reparación,2026-04-20 10:48:35,Tec_06,EQ068,Compresor,Planta_B,17,Mecánica,Alta,1,2800.0,Sí
OT00504,Reparación,2026-04-20 11:20:55,Tec_04,EQ037,Torno CNC,Planta_A,14,Eléctrica,Media,2,2039.29,No
OT00466,Puesta en operación,2026-04-20 11:23:05,Tec_02,EQ741,Torno CNC,Planta_A,17,Eléctrica,Baja,4,1693.83,No
OT00532,Prueba,2026-04-20 11:24:48,Tec_07,EQ659,Montacargas,Planta_B,6,Eléctrica,Baja,3,1400.0,No
OT00534,Puesta en operación,2026-04-20 11:30:00,Tec_06,EQ490,Torno CNC,Planta_B,18,Mecánica,Alta,5,1400.0,No
OT00539,Prueba fallida,2026-04-20 11:48:43,Tec_04,EQ519,Prensa hidráulica,Planta_A,7,Eléctrica,Baja,1,2800.0,Sí
OT00542,Prueba,2026-04-20 11:58:01,Tec_06,EQ331,Bomba,Planta_B,16,Software,Media,1,1400.0,No
OT00537,Reparación,2026-04-20 12:19:51,Tec_07,EQ400,Montacargas,Planta_B,9,Hidráulica,Media,1,1400.0,Sí
OT00532,Puesta en operación,2026-04-20 12:22:28,Tec_07,EQ659,Montacargas,Planta_B,6,Eléctrica,Baja,3,1400.0,No
OT00543,Prueba,2026-04-20 12:26:07,Tec_03,EQ255,Montacargas,Planta_A,7,Mecánica,Media,1,1400.0,No
OT00546,Prueba fallida,2026-04-20 13:06:03,Tec_06,EQ068,Compresor,Planta_B,17,Mecánica,Alta,1,2800.0,Sí
OT00504,Prueba,2026-04-20 13:22:13,Tec_04,EQ037,Torno CNC,Planta_A,14,Eléctrica,Media,2,2039.29,No
OT00542,Puesta en operación,2026-04-20 13:42:25,Tec_06,EQ331,Bomba,Planta_B,16,Software,Media,1,1400.0,No
OT00543,Puesta en operación,2026-04-20 13:54:31,Tec_03,EQ255,Montacargas,Planta_A,7,Mecánica,Media,1,1400.0,No
OT00539,Nueva reparación,2026-04-20 14:16:20,Tec_04,EQ519,Prensa hidráulica,Planta_A,7,Eléctrica,Baja,1,2800.0,Sí
OT00537,Prueba,2026-04-20 14:19:44,Tec_07,EQ400,Montacargas,Planta_B,9,Hidráulica,Media,1,1400.0,Sí
OT00527,Nueva reparación,2026-04-20 14:51:18,Tec_01,EQ730,Bomba,Planta_A,18,Mecánica,Media,3,3449.1,No
OT00504,Puesta en operación,2026-04-20 15:17:12,Tec_04,EQ037,Torno CNC,Planta_A,14,Eléctrica,Media,2,2039.29,No
OT00533,Reparación,2026-04-20 15:24:03,Tec_03,EQ016,Torno CNC,Planta_A,2,Mecánica,Baja,0,2800.0,No
OT00550,Falla reportada,2026-04-20 15:58:34,Operador_04,EQ717,Montacargas,Planta_A,16,Hidráulica,Media,1,1715.47,Sí
OT00527,Prueba,2026-04-20 16:18:31,Tec_01,EQ730,Bomba,Planta_A,18,Mecánica,Media,3,3449.1,No
OT00538,Nueva reparación,2026-04-20 16:40:02,Tec_03,EQ417,Montacargas,Planta_A,15,Mecánica,Media,2,2800.0,Sí
OT00546,Nueva reparación,2026-04-20 16:48:16,Tec_06,EQ068,Compresor,Planta_B,17,Mecánica,Alta,1,2800.0,Sí
OT00533,Prueba fallida,2026-04-20 16:59:20,Tec_03,EQ016,Torno CNC,Planta_A,2,Mecánica,Baja,0,2800.0,No
OT00554,Falla reportada,2026-04-21 02:38:58,Operador_07,EQ553,Bomba,Planta_A,18,Software,Media,3,4200.0,Sí
OT00539,Prueba,2026-04-21 07:00:00,Tec_04,EQ519,Prensa hidráulica,Planta_A,7,Eléctrica,Baja,1,2800.0,Sí
OT00527,Puesta en operación,2026-04-21 07:00:00,Tec_01,EQ730,Bomba,Planta_A,18,Mecánica,Media,3,3449.1,No
OT00537,Puesta en operación,2026-04-21 07:00:00,Tec_07,EQ400,Montacargas,Planta_B,9,Hidráulica,Media,1,1400.0,Sí
OT00545,Reparación,2026-04-21 07:00:00,Tec_03,EQ393,Montacargas,Planta_A,5,Hidráulica,Media,0,1400.0,No
OT00550,Diagnóstico,2026-04-21 07:00:00,Tec_02,EQ717,Montacargas,Planta_A,16,Hidráulica,Media,1,1715.47,Sí
OT00533,Nueva reparación,2026-04-21 07:00:00,Tec_03,EQ016,Torno CNC,Planta_A,2,Mecánica,Baja,0,2800.0,No
OT00538,Prueba,2026-04-21 07:00:00,Tec_03,EQ417,Montacargas,Planta_A,15,Mecánica,Media,2,2800.0,Sí
OT00546,Prueba,2026-04-21 07:00:00,Tec_06,EQ068,Compresor,Planta_B,17,Mecánica,Alta,1,2800.0,Sí
OT00547,Recepción de repuesto,2026-04-21 07:07:00,Bodega,EQ254,Bomba,Planta_A,18,Mecánica,Baja,2,1878.7,Sí
OT00540,Recepción de repuesto,2026-04-21 07:22:00,Bodega,EQ449,Torno CNC,Planta_B,10,Hidráulica,Media,2,3208.21,No
OT00554,Diagnóstico,2026-04-21 07:27:00,Tec_02,EQ553,Bomba,Planta_A,18,Software,Media,3,4200.0,Sí
OT00545,Prueba,2026-04-21 07:40:36,Tec_03,EQ393,Montacargas,Planta_A,5,Hidráulica,Media,0,1400.0,No
OT00539,Puesta en operación,2026-04-21 07:44:56,Tec_04,EQ519,Prensa hidráulica,Planta_A,7,Eléctrica,Baja,1,2800.0,Sí
OT00550,Asignación de técnico,2026-04-21 07:49:03,Jefe_Mantenimiento,EQ717,Montacargas,Planta_A,16,Hidráulica,Media,1,1715.47,Sí
OT00546,Puesta en operación,2026-04-21 08:01:48,Tec_06,EQ068,Compresor,Planta_B,17,Mecánica,Alta,1,2800.0,Sí
OT00554,Asignación de técnico,2026-04-21 08:06:11,Jefe_Mantenimiento,EQ553,Bomba,Planta_A,18,Software,Media,3,4200.0,Sí
OT00538,Puesta en operación,2026-04-21 08:09:20,Tec_03,EQ417,Montacargas,Planta_A,15,Mecánica,Media,2,2800.0,Sí
OT00550,Solicitud de repuesto,2026-04-21 08:19:04,Tec_01,EQ717,Montacargas,Planta_A,16,Hidráulica,Media,1,1715.47,Sí
OT00533,Prueba,2026-04-21 09:01:57,Tec_03,EQ016,Torno CNC,Planta_A,2,Mecánica,Baja,0,2800.0,No
OT00556,Falla reportada,2026-04-21 09:20:49,Operador_06,EQ631,Compresor,Planta_B,18,Mecánica,Media,1,3635.99,No
OT00547,Reparación,2026-04-21 09:23:37,Tec_02,EQ254,Bomba,Planta_A,18,Mecánica,Baja,2,1878.7,Sí
OT00545,Puesta en operación,2026-04-21 09:44:56,Tec_03,EQ393,Montacargas,Planta_A,5,Hidráulica,Media,0,1400.0,No
OT00533,Puesta en operación,2026-04-21 10:21:34,Tec_03,EQ016,Torno CNC,Planta_A,2,Mecánica,Baja,0,2800.0,No
OT00554,Reparación,2026-04-21 10:33:41,Tec_05,EQ553,Bomba,Planta_A,18,Software,Media,3,4200.0,Sí
OT00547,Prueba,2026-04-21 10:34:40,Tec_02,EQ254,Bomba,Planta_A,18,Mecánica,Baja,2,1878.7,Sí
OT00549,Diagnóstico,2026-04-21 10:40:37,Tec_B01,EQ389,Bomba,Planta_B,6,Hidráulica,Baja,1,1400.0,No
OT00549,Asignación de técnico,2026-04-21 11:26:46,Jefe_Mantenimiento,EQ389,Bomba,Planta_B,6,Hidráulica,Baja,1,1400.0,No
OT00547,Puesta en operación,2026-04-21 11:51:42,Tec_02,EQ254,Bomba,Planta_A,18,Mecánica,Baja,2,1878.7,Sí
OT00554,Prueba fallida,2026-04-21 12:01:51,Tec_05,EQ553,Bomba,Planta_A,18,Software,Media,3,4200.0,Sí
OT00555,Falla reportada,2026-04-21 12:27:57,Operador_06,EQ629,Prensa hidráulica,Planta_B,4,Mecánica,Baja,2,839.94,No
OT00549,Reparación,2026-04-21 12:46:17,Tec_07,EQ389,Bomba,Planta_B,6,Hidráulica,Baja,1,1400.0,No
OT00548,Recepción de repuesto,2026-04-21 13:05:42,Bodega,EQ346,Bomba,Planta_B,4,Mecánica,Media,0,3169.97,No
OT00549,Prueba,2026-04-21 14:43:01,Tec_07,EQ389,Bomba,Planta_B,6,Hidráulica,Baja,1,1400.0,No
OT00556,Diagnóstico,2026-04-21 15:02:38,Tec_B01,EQ631,Compresor,Planta_B,18,Mecánica,Media,1,3635.99,No
OT00548,Reparación,2026-04-21 15:21:07,Tec_07,EQ346,Bomba,Planta_B,4,Mecánica,Media,0,3169.97,No
OT00540,Reparación,2026-04-21 15:31:54,Tec_07,EQ449,Torno CNC,Planta_B,10,Hidráulica,Media,2,3208.21,No
OT00556,Asignación de técnico,2026-04-21 15:53:47,Jefe_Mantenimiento,EQ631,Compresor,Planta_B,18,Mecánica,Media,1,3635.99,No
OT00463,Cierre,2026-04-21 16:07:04,Administracion_Mtto,EQ429,Torno CNC,Planta_A,16,Eléctrica,Media,2,4313.0,No
OT00549,Puesta en operación,2026-04-21 16:16:18,Tec_07,EQ389,Bomba,Planta_B,6,Hidráulica,Baja,1,1400.0,No
OT00556,Solicitud de repuesto,2026-04-21 16:23:48,Tec_06,EQ631,Compresor,Planta_B,18,Mecánica,Media,1,3635.99,No
OT00552,Falla reportada,2026-04-21 16:53:48,Operador_07,EQ116,Montacargas,Planta_B,10,Software,Baja,3,748.13,No
OT00551,Falla reportada,2026-04-21 21:10:49,Operador_11,EQ145,Compresor,Planta_A,8,Software,Media,2,592.19,No
OT00553,Falla reportada,2026-04-21 22:37:54,Operador_12,EQ503,Bomba,Planta_B,7,Mecánica,Baja,2,1829.19,Sí
OT00561,Falla reportada,2026-04-22 02:33:27,Operador_08,EQ110,Prensa hidráulica,Planta_A,13,Mecánica,Media,3,2182.66,No
OT00562,Falla reportada,2026-04-22 02:40:25,Operador_08,EQ568,Bomba,Planta_A,16,Hidráulica,Media,5,408.51,Sí
OT00560,Falla reportada,2026-04-22 03:57:41,Operador_11,EQ335,Torno CNC,Planta_B,6,Eléctrica,Alta,1,3441.01,Sí
OT00564,Falla reportada,2026-04-22 04:43:15,Operador_01,EQ311,Torno CNC,Planta_A,15,Mecánica,Alta,2,2489.32,No
OT00554,Nueva reparación,2026-04-22 07:00:00,Tec_05,EQ553,Bomba,Planta_A,18,Software,Media,3,4200.0,Sí
OT00548,Prueba fallida,2026-04-22 07:00:00,Tec_07,EQ346,Bomba,Planta_B,4,Mecánica,Media,0,3169.97,No
OT00552,Diagnóstico,2026-04-22 07:01:00,Tec_B01,EQ116,Montacargas,Planta_B,10,Software,Baja,3,748.13,No
OT00540,Prueba,2026-04-22 07:04:00,Tec_07,EQ449,Torno CNC,Planta_B,10,Hidráulica,Media,2,3208.21,No
OT00555,Diagnóstico,2026-04-22 07:05:00,Tec_B01,EQ629,Prensa hidráulica,Planta_B,4,Mecánica,Baja,2,839.94,No
OT00551,Diagnóstico,2026-04-22 07:13:00,Tec_05,EQ145,Compresor,Planta_A,8,Software,Media,2,592.19,No
OT00560,Diagnóstico,2026-04-22 07:14:00,Tec_B01,EQ335,Torno CNC,Planta_B,6,Eléctrica,Alta,1,3441.01,Sí
OT00562,Diagnóstico,2026-04-22 07:22:00,Tec_03,EQ568,Bomba,Planta_A,16,Hidráulica,Media,5,408.51,Sí
OT00561,Diagnóstico,2026-04-22 07:24:00,Tec_04,EQ110,Prensa hidráulica,Planta_A,13,Mecánica,Media,3,2182.66,No
OT00564,Diagnóstico,2026-04-22 07:26:00,Tec_03,EQ311,Torno CNC,Planta_A,15,Mecánica,Alta,2,2489.32,No
OT00552,Asignación de técnico,2026-04-22 07:51:54,Jefe_Mantenimiento,EQ116,Montacargas,Planta_B,10,Software,Baja,3,748.13,No
OT00457,Cierre,2026-04-22 08:00:00,Administracion_Mtto,EQ441,Montacargas,Planta_A,12,Eléctrica,Baja,2,4359.8,Sí
OT00514,Cierre,2026-04-22 08:00:00,Administracion_Mtto,EQ423,Compresor,Planta_A,1,Hidráulica,Baja,0,3530.32,No
OT00561,Asignación de técnico,2026-04-22 08:07:50,Jefe_Mantenimiento,EQ110,Prensa hidráulica,Planta_A,13,Mecánica,Media,3,2182.66,No
OT00527,Cierre,2026-04-22 08:16:23,Administracion_Mtto,EQ730,Bomba,Planta_A,18,Mecánica,Media,3,3449.1,No
OT00532,Cierre,2026-04-22 08:23:00,Administracion_Mtto,EQ659,Montacargas,Planta_B,6,Eléctrica,Baja,3,1400.0,No
OT00555,Asignación de técnico,2026-04-22 08:32:36,Jefe_Mantenimiento,EQ629,Prensa hidráulica,Planta_B,4,Mecánica,Baja,2,839.94,No
OT00564,Asignación de técnico,2026-04-22 08:32:48,Jefe_Mantenimiento,EQ311,Torno CNC,Planta_A,15,Mecánica,Alta,2,2489.32,No
OT00562,Asignación de técnico,2026-04-22 08:34:57,Jefe_Mantenimiento,EQ568,Bomba,Planta_A,16,Hidráulica,Media,5,408.51,Sí
OT00561,Solicitud de repuesto,2026-04-22 08:37:51,Tec_01,EQ110,Prensa hidráulica,Planta_A,13,Mecánica,Media,3,2182.66,No
OT00534,Cierre,2026-04-22 08:42:56,Administracion_Mtto,EQ490,Torno CNC,Planta_B,18,Mecánica,Alta,5,1400.0,No
OT00551,Asignación de técnico,2026-04-22 08:46:51,Jefe_Mantenimiento,EQ145,Compresor,Planta_A,8,Software,Media,2,592.19,No
OT00564,Solicitud de repuesto,2026-04-22 09:02:49,Tec_02,EQ311,Torno CNC,Planta_A,15,Mecánica,Alta,2,2489.32,No
OT00560,Asignación de técnico,2026-04-22 09:11:00,Jefe_Mantenimiento,EQ335,Torno CNC,Planta_B,6,Eléctrica,Alta,1,3441.01,Sí
OT00555,Reparación,2026-04-22 09:13:31,Tec_07,EQ629,Prensa hidráulica,Planta_B,4,Mecánica,Baja,2,839.94,No
OT00540,Puesta en operación,2026-04-22 09:16:48,Tec_07,EQ449,Torno CNC,Planta_B,10,Hidráulica,Media,2,3208.21,No
OT00560,Solicitud de repuesto,2026-04-22 09:41:01,Tec_07,EQ335,Torno CNC,Planta_B,6,Eléctrica,Alta,1,3441.01,Sí
OT00554,Prueba fallida,2026-04-22 09:45:15,Tec_05,EQ553,Bomba,Planta_A,18,Software,Media,3,4200.0,Sí
OT00551,Reparación,2026-04-22 10:20:38,Tec_04,EQ145,Compresor,Planta_A,8,Software,Media,2,592.19,No
OT00558,Falla reportada,2026-04-22 10:40:33,Operador_07,EQ258,Prensa hidráulica,Planta_A,9,Mecánica,Baja,0,3265.91,No
OT00555,Prueba,2026-04-22 11:34:17,Tec_07,EQ629,Prensa hidráulica,Planta_B,4,Mecánica,Baja,2,839.94,No
OT00562,Reparación,2026-04-22 12:00:21,Tec_02,EQ568,Bomba,Planta_A,16,Hidráulica,Media,5,408.51,Sí
OT00548,Nueva reparación,2026-04-22 12:05:31,Tec_07,EQ346,Bomba,Planta_B,4,Mecánica,Media,0,3169.97,No
OT00553,Diagnóstico,2026-04-22 12:18:32,Tec_B01,EQ503,Bomba,Planta_B,7,Mecánica,Baja,2,1829.19,Sí
OT00555,Puesta en operación,2026-04-22 12:27:51,Tec_07,EQ629,Prensa hidráulica,Planta_B,4,Mecánica,Baja,2,839.94,No
OT00552,Reparación,2026-04-22 12:33:45,Tec_07,EQ116,Montacargas,Planta_B,10,Software,Baja,3,748.13,No
OT00557,Falla reportada,2026-04-22 12:35:35,Operador_05,EQ643,Montacargas,Planta_A,17,Hidráulica,Alta,2,4200.0,No
OT00551,Prueba,2026-04-22 13:04:29,Tec_04,EQ145,Compresor,Planta_A,8,Software,Media,2,592.19,No
OT00557,Diagnóstico,2026-04-22 13:05:01,Tec_02,EQ643,Montacargas,Planta_A,17,Hidráulica,Alta,2,4200.0,No
OT00494,Recepción de repuesto,2026-04-22 13:08:50,Bodega,EQ070,Torno CNC,Planta_B,1,Hidráulica,Baja,0,1697.29,No
OT00553,Asignación de técnico,2026-04-22 13:17:59,Jefe_Mantenimiento,EQ503,Bomba,Planta_B,7,Mecánica,Baja,2,1829.19,Sí
OT00557,Asignación de técnico,2026-04-22 13:39:16,Jefe_Mantenimiento,EQ643,Montacargas,Planta_A,17,Hidráulica,Alta,2,4200.0,No
OT00552,Prueba,2026-04-22 13:39:36,Tec_07,EQ116,Montacargas,Planta_B,10,Software,Baja,3,748.13,No
OT00559,Falla reportada,2026-04-22 13:42:38,Operador_05,EQ206,Bomba,Planta_A,13,Software,Alta,5,1727.01,Sí
OT00553,Solicitud de repuesto,2026-04-22 13:48:00,Tec_06,EQ503,Bomba,Planta_B,7,Mecánica,Baja,2,1829.19,Sí
OT00548,Prueba,2026-04-22 13:54:04,Tec_07,EQ346,Bomba,Planta_B,4,Mecánica,Media,0,3169.97,No
OT00562,Prueba,2026-04-22 13:58:19,Tec_02,EQ568,Bomba,Planta_A,16,Hidráulica,Media,5,408.51,Sí
OT00551,Puesta en operación,2026-04-22 14:06:00,Tec_04,EQ145,Compresor,Planta_A,8,Software,Media,2,592.19,No
OT00552,Puesta en operación,2026-04-22 14:16:18,Tec_07,EQ116,Montacargas,Planta_B,10,Software,Baja,3,748.13,No
OT00562,Puesta en operación,2026-04-22 14:20:44,Tec_02,EQ568,Bomba,Planta_A,16,Hidráulica,Media,5,408.51,Sí
OT00559,Diagnóstico,2026-04-22 14:31:31,Tec_05,EQ206,Bomba,Planta_A,13,Software,Alta,5,1727.01,Sí
OT00548,Puesta en operación,2026-04-22 14:39:54,Tec_07,EQ346,Bomba,Planta_B,4,Mecánica,Media,0,3169.97,No
OT00554,Nueva reparación,2026-04-22 14:43:40,Tec_05,EQ553,Bomba,Planta_A,18,Software,Media,3,4200.0,Sí
OT00557,Reparación,2026-04-22 14:47:16,Tec_05,EQ643,Montacargas,Planta_A,17,Hidráulica,Alta,2,4200.0,No
OT00558,Diagnóstico,2026-04-22 15:07:53,Tec_03,EQ258,Prensa hidráulica,Planta_A,9,Mecánica,Baja,0,3265.91,No
OT00558,Asignación de técnico,2026-04-22 15:34:59,Jefe_Mantenimiento,EQ258,Prensa hidráulica,Planta_A,9,Mecánica,Baja,0,3265.91,No
OT00535,Cierre,2026-04-22 15:35:41,Administracion_Mtto,EQ546,Compresor,Planta_A,1,Eléctrica,Baja,1,2800.0,No
OT00559,Asignación de técnico,2026-04-22 15:42:41,Jefe_Mantenimiento,EQ206,Bomba,Planta_A,13,Software,Alta,5,1727.01,Sí
OT00558,Solicitud de repuesto,2026-04-22 16:05:00,Tec_03,EQ258,Prensa hidráulica,Planta_A,9,Mecánica,Baja,0,3265.91,No
OT00557,Prueba fallida,2026-04-22 16:11:46,Tec_05,EQ643,Montacargas,Planta_A,17,Hidráulica,Alta,2,4200.0,No
OT00559,Solicitud de repuesto,2026-04-22 16:12:42,Tec_01,EQ206,Bomba,Planta_A,13,Software,Alta,5,1727.01,Sí
OT00554,Prueba,2026-04-22 16:14:31,Tec_05,EQ553,Bomba,Planta_A,18,Software,Media,3,4200.0,Sí
OT00563,Falla reportada,2026-04-22 17:35:11,Operador_06,EQ266,Montacargas,Planta_A,13,Mecánica,Baja,1,2267.33,No
OT00568,Falla reportada,2026-04-23 00:07:35,Operador_05,EQ252,Bomba,Planta_B,10,Hidráulica,Media,4,5569.97,Sí
OT00566,Falla reportada,2026-04-23 00:07:41,Operador_11,EQ466,Bomba,Planta_A,18,Mecánica,Media,2,1473.63,Sí
OT00571,Falla reportada,2026-04-23 03:06:11,Operador_06,EQ724,Prensa hidráulica,Planta_A,14,Software,Media,1,398.61,Sí
OT00564,Recepción de repuesto,2026-04-23 07:00:00,Bodega,EQ311,Torno CNC,Planta_A,15,Mecánica,Alta,2,2489.32,No
OT00554,Puesta en operación,2026-04-23 07:00:00,Tec_05,EQ553,Bomba,Planta_A,18,Software,Media,3,4200.0,Sí
OT00541,Recepción de repuesto,2026-04-23 07:00:00,Bodega,EQ479,Bomba,Planta_A,17,Mecánica,Media,2,2184.93,No
OT00494,Reparación,2026-04-23 07:00:00,Tec_06,EQ070,Torno CNC,Planta_B,1,Hidráulica,Baja,0,1697.29,No
OT00557,Nueva reparación,2026-04-23 07:00:00,Tec_05,EQ643,Montacargas,Planta_A,17,Hidráulica,Alta,2,4200.0,No
OT00563,Diagnóstico,2026-04-23 07:00:00,Tec_04,EQ266,Montacargas,Planta_A,13,Mecánica,Baja,1,2267.33,No
OT00556,Recepción de repuesto,2026-04-23 07:04:00,Bodega,EQ631,Compresor,Planta_B,18,Mecánica,Media,1,3635.99,No
OT00568,Diagnóstico,2026-04-23 07:08:00,Tec_B01,EQ252,Bomba,Planta_B,10,Hidráulica,Media,4,5569.97,Sí
OT00566,Diagnóstico,2026-04-23 07:27:00,Tec_02,EQ466,Bomba,Planta_A,18,Mecánica,Media,2,1473.63,Sí
OT00571,Diagnóstico,2026-04-23 07:49:29,Tec_04,EQ724,Prensa hidráulica,Planta_A,14,Software,Media,1,398.61,Sí
OT00433,Cierre,2026-04-23 08:00:00,Administracion_Mtto,EQ264,Torno CNC,Planta_B,16,Mecánica,Alta,1,2533.5,No
OT00566,Asignación de técnico,2026-04-23 08:15:38,Jefe_Mantenimiento,EQ466,Bomba,Planta_A,18,Mecánica,Media,2,1473.63,Sí
OT00538,Cierre,2026-04-23 08:16:00,Administracion_Mtto,EQ417,Montacargas,Planta_A,15,Mecánica,Media,2,2800.0,Sí
OT00563,Asignación de técnico,2026-04-23 08:22:15,Jefe_Mantenimiento,EQ266,Montacargas,Planta_A,13,Mecánica,Baja,1,2267.33,No
OT00568,Asignación de técnico,2026-04-23 08:31:45,Jefe_Mantenimiento,EQ252,Bomba,Planta_B,10,Hidráulica,Media,4,5569.97,Sí
OT00571,Asignación de técnico,2026-04-23 08:40:14,Jefe_Mantenimiento,EQ724,Prensa hidráulica,Planta_A,14,Software,Media,1,398.61,Sí
OT00566,Solicitud de repuesto,2026-04-23 08:45:39,Tec_01,EQ466,Bomba,Planta_A,18,Mecánica,Media,2,1473.63,Sí
OT00563,Solicitud de repuesto,2026-04-23 08:52:16,Tec_02,EQ266,Montacargas,Planta_A,13,Mecánica,Baja,1,2267.33,No
OT00541,Reparación,2026-04-23 09:01:08,Tec_01,EQ479,Bomba,Planta_A,17,Mecánica,Media,2,2184.93,No
OT00568,Solicitud de repuesto,2026-04-23 09:01:46,Tec_06,EQ252,Bomba,Planta_B,10,Hidráulica,Media,4,5569.97,Sí
OT00556,Reparación,2026-04-23 09:45:06,Tec_06,EQ631,Compresor,Planta_B,18,Mecánica,Media,1,3635.99,No
OT00494,Prueba,2026-04-23 09:49:34,Tec_06,EQ070,Torno CNC,Planta_B,1,Hidráulica,Baja,0,1697.29,No
OT00564,Reparación,2026-04-23 09:58:45,Tec_02,EQ311,Torno CNC,Planta_A,15,Mecánica,Alta,2,2489.32,No
OT00541,Prueba,2026-04-23 10:53:14,Tec_01,EQ479,Bomba,Planta_A,17,Mecánica,Media,2,2184.93,No
OT00494,Puesta en operación,2026-04-23 11:24:06,Tec_06,EQ070,Torno CNC,Planta_B,1,Hidráulica,Baja,0,1697.29,No
OT00564,Prueba,2026-04-23 11:55:57,Tec_02,EQ311,Torno CNC,Planta_A,15,Mecánica,Alta,2,2489.32,No
OT00549,Cierre,2026-04-23 12:02:47,Administracion_Mtto,EQ389,Bomba,Planta_B,6,Hidráulica,Baja,1,1400.0,No
OT00557,Prueba fallida,2026-04-23 12:10:28,Tec_05,EQ643,Montacargas,Planta_A,17,Hidráulica,Alta,2,4200.0,No
OT00571,Reparación,2026-04-23 12:13:48,Tec_04,EQ724,Prensa hidráulica,Planta_A,14,Software,Media,1,398.61,Sí
OT00541,Puesta en operación,2026-04-23 12:16:03,Tec_01,EQ479,Bomba,Planta_A,17,Mecánica,Media,2,2184.93,No
OT00556,Prueba fallida,2026-04-23 12:58:23,Tec_06,EQ631,Compresor,Planta_B,18,Mecánica,Media,1,3635.99,No
OT00561,Recepción de repuesto,2026-04-23 13:24:33,Bodega,EQ110,Prensa hidráulica,Planta_A,13,Mecánica,Media,3,2182.66,No
OT00564,Puesta en operación,2026-04-23 13:26:50,Tec_02,EQ311,Torno CNC,Planta_A,15,Mecánica,Alta,2,2489.32,No
OT00559,Recepción de repuesto,2026-04-23 13:42:03,Bodega,EQ206,Bomba,Planta_A,13,Software,Alta,5,1727.01,Sí
OT00539,Cierre,2026-04-23 13:53:25,Administracion_Mtto,EQ519,Prensa hidráulica,Planta_A,7,Eléctrica,Baja,1,2800.0,Sí
OT00571,Prueba,2026-04-23 14:01:30,Tec_04,EQ724,Prensa hidráulica,Planta_A,14,Software,Media,1,398.61,Sí
OT00565,Falla reportada,2026-04-23 14:26:05,Operador_12,EQ027,Prensa hidráulica,Planta_B,12,Mecánica,Alta,0,6723.35,Sí
OT00571,Puesta en operación,2026-04-23 14:29:31,Tec_04,EQ724,Prensa hidráulica,Planta_A,14,Software,Media,1,398.61,Sí
OT00553,Recepción de repuesto,2026-04-23 14:53:53,Bodega,EQ503,Bomba,Planta_B,7,Mecánica,Baja,2,1829.19,Sí
OT00551,Cierre,2026-04-23 15:19:30,Administracion_Mtto,EQ145,Compresor,Planta_A,8,Software,Media,2,592.19,No
OT00504,Cierre,2026-04-23 16:02:30,Administracion_Mtto,EQ037,Torno CNC,Planta_A,14,Eléctrica,Media,2,2039.29,No
OT00567,Falla reportada,2026-04-23 16:50:47,Operador_11,EQ313,Montacargas,Planta_A,10,Eléctrica,Media,0,2762.0,No
OT00569,Falla reportada,2026-04-23 19:23:58,Operador_02,EQ379,Prensa hidráulica,Planta_A,4,Eléctrica,Baja,1,1400.0,No
OT00570,Falla reportada,2026-04-23 19:56:51,Operador_09,EQ324,Torno CNC,Planta_A,12,Eléctrica,Alta,5,2800.0,Sí
OT00572,Falla reportada,2026-04-23 20:03:17,Operador_05,EQ689,Bomba,Planta_A,7,Eléctrica,Baja,2,1836.18,No
OT00574,Falla reportada,2026-04-24 03:41:48,Operador_05,EQ734,Bomba,Planta_A,15,Software,Baja,5,310.35,No
OT00565,Diagnóstico,2026-04-24 07:00:00,Tec_B01,EQ027,Prensa hidráulica,Planta_B,12,Mecánica,Alta,0,6723.35,Sí
OT00570,Diagnóstico,2026-04-24 07:00:00,Tec_02,EQ324,Torno CNC,Planta_A,12,Eléctrica,Alta,5,2800.0,Sí
OT00567,Diagnóstico,2026-04-24 07:00:00,Tec_04,EQ313,Montacargas,Planta_A,10,Eléctrica,Media,0,2762.0,No
OT00556,Nueva reparación,2026-04-24 07:00:00,Tec_06,EQ631,Compresor,Planta_B,18,Mecánica,Media,1,3635.99,No
OT00557,Nueva reparación,2026-04-24 07:00:00,Tec_05,EQ643,Montacargas,Planta_A,17,Hidráulica,Alta,2,4200.0,No
OT00553,Reparación,2026-04-24 07:00:00,Tec_06,EQ503,Bomba,Planta_B,7,Mecánica,Baja,2,1829.19,Sí
OT00561,Reparación,2026-04-24 07:00:00,Tec_01,EQ110,Prensa hidráulica,Planta_A,13,Mecánica,Media,3,2182.66,No
OT00559,Reparación,2026-04-24 07:00:00,Tec_01,EQ206,Bomba,Planta_A,13,Software,Alta,5,1727.01,Sí
OT00569,Diagnóstico,2026-04-24 07:04:00,Tec_02,EQ379,Prensa hidráulica,Planta_A,4,Eléctrica,Baja,1,1400.0,No
OT00566,Recepción de repuesto,2026-04-24 07:06:00,Bodega,EQ466,Bomba,Planta_A,18,Mecánica,Media,2,1473.63,Sí
OT00574,Diagnóstico,2026-04-24 07:12:00,Tec_03,EQ734,Bomba,Planta_A,15,Software,Baja,5,310.35,No
OT00572,Diagnóstico,2026-04-24 07:17:00,Tec_03,EQ689,Bomba,Planta_A,7,Eléctrica,Baja,2,1836.18,No
OT00570,Asignación de técnico,2026-04-24 07:29:23,Jefe_Mantenimiento,EQ324,Torno CNC,Planta_A,12,Eléctrica,Alta,5,2800.0,Sí
OT00424,Cierre,2026-04-24 08:00:00,Administracion_Mtto,EQ325,Torno CNC,Planta_B,12,Hidráulica,Media,2,3143.73,No
OT00545,Cierre,2026-04-24 08:00:00,Administracion_Mtto,EQ393,Montacargas,Planta_A,5,Hidráulica,Media,0,1400.0,No
OT00565,Asignación de técnico,2026-04-24 08:09:36,Jefe_Mantenimiento,EQ027,Prensa hidráulica,Planta_B,12,Mecánica,Alta,0,6723.35,Sí
OT00574,Asignación de técnico,2026-04-24 08:10:16,Jefe_Mantenimiento,EQ734,Bomba,Planta_A,15,Software,Baja,5,310.35,No
OT00547,Cierre,2026-04-24 08:21:00,Administracion_Mtto,EQ254,Bomba,Planta_A,18,Mecánica,Baja,2,1878.7,Sí
OT00567,Asignación de técnico,2026-04-24 08:31:05,Jefe_Mantenimiento,EQ313,Montacargas,Planta_A,10,Eléctrica,Media,0,2762.0,No
OT00561,Prueba,2026-04-24 08:33:59,Tec_01,EQ110,Prensa hidráulica,Planta_A,13,Mecánica,Media,3,2182.66,No
OT00572,Asignación de técnico,2026-04-24 08:36:16,Jefe_Mantenimiento,EQ689,Bomba,Planta_A,7,Eléctrica,Baja,2,1836.18,No
OT00565,Solicitud de repuesto,2026-04-24 08:39:37,Tec_06,EQ027,Prensa hidráulica,Planta_B,12,Mecánica,Alta,0,6723.35,Sí
OT00530,Cierre,2026-04-24 08:51:32,Administracion_Mtto,EQ296,Compresor,Planta_A,12,Software,Media,2,1400.0,Sí
OT00559,Prueba,2026-04-24 08:56:10,Tec_01,EQ206,Bomba,Planta_A,13,Software,Alta,5,1727.01,Sí
OT00567,Solicitud de repuesto,2026-04-24 09:01:06,Tec_01,EQ313,Montacargas,Planta_A,10,Eléctrica,Media,0,2762.0,No
OT00572,Solicitud de repuesto,2026-04-24 09:06:17,Tec_04,EQ689,Bomba,Planta_A,7,Eléctrica,Baja,2,1836.18,No
OT00556,Prueba,2026-04-24 09:08:07,Tec_06,EQ631,Compresor,Planta_B,18,Mecánica,Media,1,3635.99,No
OT00553,Prueba,2026-04-24 09:11:08,Tec_06,EQ503,Bomba,Planta_B,7,Mecánica,Baja,2,1829.19,Sí
OT00561,Puesta en operación,2026-04-24 09:12:58,Tec_01,EQ110,Prensa hidráulica,Planta_A,13,Mecánica,Media,3,2182.66,No
OT00569,Asignación de técnico,2026-04-24 09:14:09,Jefe_Mantenimiento,EQ379,Prensa hidráulica,Planta_A,4,Eléctrica,Baja,1,1400.0,No
OT00557,Prueba,2026-04-24 09:42:37,Tec_05,EQ643,Montacargas,Planta_A,17,Hidráulica,Alta,2,4200.0,No
OT00566,Reparación,2026-04-24 10:04:32,Tec_01,EQ466,Bomba,Planta_A,18,Mecánica,Media,2,1473.63,Sí
OT00556,Puesta en operación,2026-04-24 10:26:14,Tec_06,EQ631,Compresor,Planta_B,18,Mecánica,Media,1,3635.99,No
OT00559,Puesta en operación,2026-04-24 10:34:23,Tec_01,EQ206,Bomba,Planta_A,13,Software,Alta,5,1727.01,Sí
OT00557,Puesta en operación,2026-04-24 10:44:46,Tec_05,EQ643,Montacargas,Planta_A,17,Hidráulica,Alta,2,4200.0,No
OT00574,Reparación,2026-04-24 10:44:56,Tec_02,EQ734,Bomba,Planta_A,15,Software,Baja,5,310.35,No
OT00553,Puesta en operación,2026-04-24 11:10:28,Tec_06,EQ503,Bomba,Planta_B,7,Mecánica,Baja,2,1829.19,Sí
OT00566,Prueba,2026-04-24 11:28:29,Tec_01,EQ466,Bomba,Planta_A,18,Mecánica,Media,2,1473.63,Sí
OT00570,Reparación,2026-04-24 11:30:05,Tec_02,EQ324,Torno CNC,Planta_A,12,Eléctrica,Alta,5,2800.0,Sí
OT00574,Prueba,2026-04-24 11:37:33,Tec_02,EQ734,Bomba,Planta_A,15,Software,Baja,5,310.35,No
OT00522,Recepción de repuesto,2026-04-24 12:15:17,Bodega,EQ043,Prensa hidráulica,Planta_B,13,Mecánica,Baja,4,2489.79,Sí
OT00574,Puesta en operación,2026-04-24 12:33:50,Tec_02,EQ734,Bomba,Planta_A,15,Software,Baja,5,310.35,No
OT00575,Falla reportada,2026-04-24 12:35:09,Operador_04,EQ305,Torno CNC,Planta_A,16,Hidráulica,Media,5,1400.0,No
OT00570,Prueba fallida,2026-04-24 13:07:50,Tec_02,EQ324,Torno CNC,Planta_A,12,Eléctrica,Alta,5,2800.0,Sí
OT00566,Puesta en operación,2026-04-24 13:13:21,Tec_01,EQ466,Bomba,Planta_A,18,Mecánica,Media,2,1473.63,Sí
OT00522,Reparación,2026-04-24 14:23:46,Tec_07,EQ043,Prensa hidráulica,Planta_B,13,Mecánica,Baja,4,2489.79,Sí
OT00569,Reparación,2026-04-24 14:52:59,Tec_05,EQ379,Prensa hidráulica,Planta_A,4,Eléctrica,Baja,1,1400.0,No
OT00575,Diagnóstico,2026-04-24 15:30:13,Tec_01,EQ305,Torno CNC,Planta_A,16,Hidráulica,Media,5,1400.0,No
OT00544,Recepción de repuesto,2026-04-24 15:45:59,Bodega,EQ698,Prensa hidráulica,Planta_A,11,Mecánica,Alta,4,1535.06,No
OT00570,Nueva reparación,2026-04-24 16:09:21,Tec_02,EQ324,Torno CNC,Planta_A,12,Eléctrica,Alta,5,2800.0,Sí
OT00569,Prueba,2026-04-24 16:25:48,Tec_05,EQ379,Prensa hidráulica,Planta_A,4,Eléctrica,Baja,1,1400.0,No
OT00522,Prueba,2026-04-24 16:38:53,Tec_07,EQ043,Prensa hidráulica,Planta_B,13,Mecánica,Baja,4,2489.79,Sí
OT00576,Falla reportada,2026-04-24 18:48:32,Operador_11,EQ573,Torno CNC,Planta_A,5,Mecánica,Alta,2,1400.0,No
OT00573,Falla reportada,2026-04-24 21:58:42,Operador_08,EQ277,Montacargas,Planta_B,3,Eléctrica,Media,1,1400.0,No
OT00577,Falla reportada,2026-04-25 06:13:46,Operador_08,EQ122,Bomba,Planta_A,15,Mecánica,Media,5,3039.61,No
OT00581,Falla reportada,2026-04-25 06:29:27,Operador_01,EQ213,Bomba,Planta_A,4,Mecánica,Baja,0,1562.07,No
OT00579,Falla reportada,2026-04-25 11:28:01,Operador_03,EQ057,Montacargas,Planta_A,10,Mecánica,Media,0,2163.47,No
OT00580,Falla reportada,2026-04-25 17:44:08,Operador_03,EQ281,Compresor,Planta_B,18,Hidráulica,Alta,2,4003.16,No
OT00578,Falla reportada,2026-04-25 18:34:34,Operador_12,EQ441,Montacargas,Planta_A,12,Mecánica,Media,4,1400.0,Sí
OT00585,Falla reportada,2026-04-26 00:26:59,Operador_05,EQ159,Bomba,Planta_A,18,Mecánica,Baja,5,15095.37,No
OT00582,Falla reportada,2026-04-26 06:59:11,Operador_09,EQ568,Bomba,Planta_A,16,Mecánica,Media,6,18137.9,No
OT00584,Falla reportada,2026-04-26 09:19:25,Operador_03,EQ029,Montacargas,Planta_A,4,Mecánica,Baja,2,3019.9,Sí
OT00583,Falla reportada,2026-04-26 09:21:07,Operador_12,EQ061,Torno CNC,Planta_B,9,Eléctrica,Media,1,1782.95,Sí
OT00586,Falla reportada,2026-04-26 19:02:02,Operador_11,EQ077,Bomba,Planta_A,9,Mecánica,Baja,2,2404.05,No
OT00587,Falla reportada,2026-04-27 02:10:51,Operador_04,EQ530,Montacargas,Planta_B,18,Eléctrica,Baja,0,1260.88,Sí
OT00544,Reparación,2026-04-27 07:00:00,Tec_03,EQ698,Prensa hidráulica,Planta_A,11,Mecánica,Alta,4,1535.06,No
OT00522,Puesta en operación,2026-04-27 07:00:00,Tec_07,EQ043,Prensa hidráulica,Planta_B,13,Mecánica,Baja,4,2489.79,Sí
OT00585,Diagnóstico,2026-04-27 07:00:00,Tec_01,EQ159,Bomba,Planta_A,18,Mecánica,Baja,5,15095.37,No
OT00582,Diagnóstico,2026-04-27 07:00:00,Tec_05,EQ568,Bomba,Planta_A,16,Mecánica,Media,6,18137.9,No
OT00576,Diagnóstico,2026-04-27 07:00:00,Tec_01,EQ573,Torno CNC,Planta_A,5,Mecánica,Alta,2,1400.0,No
OT00577,Diagnóstico,2026-04-27 07:00:00,Tec_05,EQ122,Bomba,Planta_A,15,Mecánica,Media,5,3039.61,No
OT00580,Diagnóstico,2026-04-27 07:00:00,Tec_B01,EQ281,Compresor,Planta_B,18,Hidráulica,Alta,2,4003.16,No
OT00584,Diagnóstico,2026-04-27 07:00:00,Tec_01,EQ029,Montacargas,Planta_A,4,Mecánica,Baja,2,3019.9,Sí
OT00578,Diagnóstico,2026-04-27 07:00:00,Tec_04,EQ441,Montacargas,Planta_A,12,Mecánica,Media,4,1400.0,Sí
OT00570,Prueba,2026-04-27 07:00:00,Tec_02,EQ324,Torno CNC,Planta_A,12,Eléctrica,Alta,5,2800.0,Sí
OT00570,Prueba,2026-04-27 07:00:00,Tec_02,EQ324,Torno CNC,Planta_A,12,Eléctrica,Alta,5,2800.0,Sí
OT00581,Diagnóstico,2026-04-27 07:00:00,Tec_02,EQ213,Bomba,Planta_A,4,Mecánica,Baja,0,1562.07,No
OT00573,Diagnóstico,2026-04-27 07:00:00,Tec_B01,EQ277,Montacargas,Planta_B,3,Eléctrica,Media,1,1400.0,No
OT00474,Recepción de repuesto,2026-04-27 07:00:00,Bodega,EQ469,Prensa hidráulica,Planta_A,15,Mecánica,Baja,3,3491.39,No
OT00569,Puesta en operación,2026-04-27 07:00:00,Tec_05,EQ379,Prensa hidráulica,Planta_A,4,Eléctrica,Baja,1,1400.0,No
OT00572,Recepción de repuesto,2026-04-27 07:00:00,Bodega,EQ689,Bomba,Planta_A,7,Eléctrica,Baja,2,1836.18,No
OT00579,Diagnóstico,2026-04-27 07:00:00,Tec_01,EQ057,Montacargas,Planta_A,10,Mecánica,Media,0,2163.47,No
OT00567,Recepción de repuesto,2026-04-27 07:00:00,Bodega,EQ313,Montacargas,Planta_A,10,Eléctrica,Media,0,2762.0,No
OT00575,Asignación de técnico,2026-04-27 07:00:00,Jefe_Mantenimiento,EQ305,Torno CNC,Planta_A,16,Hidráulica,Media,5,1400.0,No
OT00583,Diagnóstico,2026-04-27 07:17:00,Tec_B01,EQ061,Torno CNC,Planta_B,9,Eléctrica,Media,1,1782.95,Sí
OT00573,Asignación de técnico ,2026-04-27 07:27:13,Jefe_Mantenimiento,EQ277,Montacargas,Planta_B,3,Eléctrica,Media,1,1400.0,No
OT00586,Diagnóstico,2026-04-27 07:28:00,Tec_01,EQ077,Bomba,Planta_A,9,Mecánica,Baja,2,2404.05,No
OT00582,Asignación de técnico,2026-04-27 07:44:25,Jefe_Mantenimiento,EQ568,Bomba,Planta_A,16,Mecánica,Media,6,18137.9,No
OT00580,Asignación de técnico,2026-04-27 07:48:13,Jefe_Mantenimiento,EQ281,Compresor,Planta_B,18,Hidráulica,Alta,2,4003.16,No
OT00578,Asignación de técnico,2026-04-27 07:59:54,Jefe_Mantenimiento,EQ441,Montacargas,Planta_A,12,Mecánica,Media,4,1400.0,Sí
OT00466,Cierre,2026-04-27 08:00:00,Administracion_Mtto,EQ741,Torno CNC,Planta_A,17,Eléctrica,Baja,4,1693.83,No
OT00494,Cierre,2026-04-27 08:00:00,Administracion_Mtto,EQ070,Torno CNC,Planta_B,1,Hidráulica,Baja,0,1697.29,No
OT00561,Cierre,2026-04-27 08:00:00,Administracion_Mtto,EQ110,Prensa hidráulica,Planta_A,13,Mecánica,Media,3,2182.66,No
OT00555,Cierre,2026-04-27 08:00:00,Administracion_Mtto,EQ629,Prensa hidráulica,Planta_B,4,Mecánica,Baja,2,839.94,No
OT00537,Cierre,2026-04-27 08:00:00,Administracion_Mtto,EQ400,Montacargas,Planta_B,9,Hidráulica,Media,1,1400.0,Sí
OT00543,Cierre,2026-04-27 08:00:00,Administracion_Mtto,EQ255,Montacargas,Planta_A,7,Mecánica,Media,1,1400.0,No
OT00553,Cierre,2026-04-27 08:00:00,Administracion_Mtto,EQ503,Bomba,Planta_B,7,Mecánica,Baja,2,1829.19,Sí
OT00566,Cierre,2026-04-27 08:00:00,Administracion_Mtto,EQ466,Bomba,Planta_A,18,Mecánica,Media,2,1473.63,Sí
OT00542,Cierre,2026-04-27 08:00:00,Administracion_Mtto,EQ331,Bomba,Planta_B,16,Software,Media,1,1400.0,No
OT00489,Cierre,2026-04-27 08:00:00,Administracion_Mtto,EQ137,Torno CNC,Planta_A,13,Mecánica,Media,1,1946.57,No
OT00560,Aprobación de compra,2026-04-27 08:00:00,Gerencia,EQ335,Torno CNC,Planta_B,6,Eléctrica,Alta,1,3441.01,Sí
OT00556,Cierre,2026-04-27 08:00:00,Administracion_Mtto,EQ631,Compresor,Planta_B,18,Mecánica,Media,1,3635.99,No
OT00565,Aprobación de compra,2026-04-27 08:00:00,Gerencia,EQ027,Prensa hidráulica,Planta_B,12,Mecánica,Alta,0,6723.35,Sí
OT00533,Cierre,2026-04-27 08:00:00,Administracion_Mtto,EQ016,Torno CNC,Planta_A,2,Mecánica,Baja,0,2800.0,No
OT00540,Cierre,2026-04-27 08:00:00,Administracion_Mtto,EQ449,Torno CNC,Planta_B,10,Hidráulica,Media,2,3208.21,No
OT00552,Cierre,2026-04-27 08:00:00,Administracion_Mtto,EQ116,Montacargas,Planta_B,10,Software,Baja,3,748.13,No
OT00541,Cierre,2026-04-27 08:00:00,Administracion_Mtto,EQ479,Bomba,Planta_A,17,Mecánica,Media,2,2184.93,No
OT00564,Cierre,2026-04-27 08:00:00,Administracion_Mtto,EQ311,Torno CNC,Planta_A,15,Mecánica,Alta,2,2489.32,No
OT00562,Cierre,2026-04-27 08:00:00,Administracion_Mtto,EQ568,Bomba,Planta_A,16,Hidráulica,Media,5,408.51,Sí
OT00548,Cierre,2026-04-27 08:00:00,Administracion_Mtto,EQ346,Bomba,Planta_B,4,Mecánica,Media,0,3169.97,No
OT00585,Asignación de técnico,2026-04-27 08:00:48,Jefe_Mantenimiento,EQ159,Bomba,Planta_A,18,Mecánica,Baja,5,15095.37,No
OT00570,Puesta en operación,2026-04-27 08:03:23,Tec_02,EQ324,Torno CNC,Planta_A,12,Eléctrica,Alta,5,2800.0,Sí
OT00577,Asignación de técnico,2026-04-27 08:08:45,Jefe_Mantenimiento,EQ122,Bomba,Planta_A,15,Mecánica,Media,5,3039.61,No
OT00579,Asignación de técnico,2026-04-27 08:09:41,Jefe_Mantenimiento,EQ057,Montacargas,Planta_A,10,Mecánica,Media,0,2163.47,No
OT00546,Cierre,2026-04-27 08:11:00,Administracion_Mtto,EQ068,Compresor,Planta_B,17,Mecánica,Alta,1,2800.0,Sí
OT00582,Solicitud de repuesto,2026-04-27 08:14:26,Tec_04,EQ568,Bomba,Planta_A,16,Mecánica,Media,6,18137.9,No
OT00581,Asignación de técnico,2026-04-27 08:14:50,Jefe_Mantenimiento,EQ213,Bomba,Planta_A,4,Mecánica,Baja,0,1562.07,No
OT00580,Solicitud de repuesto,2026-04-27 08:18:14,Tec_06,EQ281,Compresor,Planta_B,18,Hidráulica,Alta,2,4003.16,No
OT00576,Asignación de técnico,2026-04-27 08:18:27,Jefe_Mantenimiento,EQ573,Torno CNC,Planta_A,5,Mecánica,Alta,2,1400.0,No
OT00557,Cierre,2026-04-27 08:19:00,Administracion_Mtto,EQ643,Montacargas,Planta_A,17,Hidráulica,Alta,2,4200.0,No
OT00571,Cierre,2026-04-27 08:26:00,Administracion_Mtto,EQ724,Prensa hidráulica,Planta_A,14,Software,Media,1,398.61,Sí
OT00584,Asignación de técnico,2026-04-27 08:28:44,Jefe_Mantenimiento,EQ029,Montacargas,Planta_A,4,Mecánica,Baja,2,3019.9,Sí
OT00585,Solicitud de repuesto,2026-04-27 08:30:49,Tec_04,EQ159,Bomba,Planta_A,18,Mecánica,Baja,5,15095.37,No
OT00577,Solicitud de repuesto,2026-04-27 08:38:46,Tec_04,EQ122,Bomba,Planta_A,15,Mecánica,Media,5,3039.61,No
OT00579,Solicitud de repuesto,2026-04-27 08:39:42,Tec_02,EQ057,Montacargas,Planta_A,10,Mecánica,Media,0,2163.47,No
OT00586,Asignación de técnico,2026-04-27 08:41:29,Jefe_Mantenimiento,EQ077,Bomba,Planta_A,9,Mecánica,Baja,2,2404.05,No
OT00581,Solicitud de repuesto,2026-04-27 08:44:51,Tec_04,EQ213,Bomba,Planta_A,4,Mecánica,Baja,0,1562.07,No
OT00584,Solicitud de repuesto,2026-04-27 08:58:45,Tec_05,EQ029,Montacargas,Planta_A,4,Mecánica,Baja,2,3019.9,Sí
OT00572,Reparación,2026-04-27 09:02:23,Tec_04,EQ689,Bomba,Planta_A,7,Eléctrica,Baja,2,1836.18,No
OT00590,Falla reportada,2026-04-27 09:02:52,Operador_04,EQ749,Prensa hidráulica,Planta_A,8,Mecánica,Media,0,5581.22,Sí
OT00586,Solicitud de repuesto,2026-04-27 09:11:30,Tec_04,EQ077,Bomba,Planta_A,9,Mecánica,Baja,2,2404.05,No
OT00573,Reparación,2026-04-27 09:17:28,Tec_07,EQ277,Montacargas,Planta_B,3,Eléctrica,Media,1,1400.0,No
OT00578,Reparación,2026-04-27 09:33:06,Tec_04,EQ441,Montacargas,Planta_A,12,Mecánica,Media,4,1400.0,Sí
OT00583,Asignación de técnico,2026-04-27 09:38:21,Jefe_Mantenimiento,EQ061,Torno CNC,Planta_B,9,Eléctrica,Media,1,1782.95,Sí
OT00567,Reparación,2026-04-27 09:42:28,Tec_01,EQ313,Montacargas,Planta_A,10,Eléctrica,Media,0,2762.0,No
OT00474,Reparación,2026-04-27 09:45:59,Tec_03,EQ469,Prensa hidráulica,Planta_A,15,Mecánica,Baja,3,3491.39,No
OT00544,Prueba,2026-04-27 09:53:35,Tec_03,EQ698,Prensa hidráulica,Planta_A,11,Mecánica,Alta,4,1535.06,No
OT00583,Solicitud de repuesto,2026-04-27 10:08:22,Tec_07,EQ061,Torno CNC,Planta_B,9,Eléctrica,Media,1,1782.95,Sí
OT00573,Prueba,2026-04-27 10:15:41,Tec_07,EQ277,Montacargas,Planta_B,3,Eléctrica,Media,1,1400.0,No
OT00575,Reparación,2026-04-27 10:16:31,Tec_01,EQ305,Torno CNC,Planta_A,16,Hidráulica,Media,5,1400.0,No
OT00576,Reparación,2026-04-27 10:42:22,Tec_04,EQ573,Torno CNC,Planta_A,5,Mecánica,Alta,2,1400.0,No
OT00544,Puesta en operación,2026-04-27 10:49:15,Tec_03,EQ698,Prensa hidráulica,Planta_A,11,Mecánica,Alta,4,1535.06,No
OT00572,Prueba,2026-04-27 10:51:23,Tec_04,EQ689,Bomba,Planta_A,7,Eléctrica,Baja,2,1836.18,No
OT00590,Diagnóstico,2026-04-27 10:57:03,Tec_04,EQ749,Prensa hidráulica,Planta_A,8,Mecánica,Media,0,5581.22,Sí
OT00573,Puesta en operación,2026-04-27 11:15:55,Tec_07,EQ277,Montacargas,Planta_B,3,Eléctrica,Media,1,1400.0,No
OT00567,Prueba,2026-04-27 11:44:19,Tec_01,EQ313,Montacargas,Planta_A,10,Eléctrica,Media,0,2762.0,No
OT00578,Prueba,2026-04-27 11:48:43,Tec_04,EQ441,Montacargas,Planta_A,12,Mecánica,Media,4,1400.0,Sí
OT00591,Falla reportada,2026-04-27 11:52:35,Operador_09,EQ184,Prensa hidráulica,Planta_A,16,Software,Media,4,780.05,No
OT00572,Puesta en operación,2026-04-27 12:02:31,Tec_04,EQ689,Bomba,Planta_A,7,Eléctrica,Baja,2,1836.18,No
OT00474,Prueba,2026-04-27 12:10:33,Tec_03,EQ469,Prensa hidráulica,Planta_A,15,Mecánica,Baja,3,3491.39,No
OT00576,Prueba,2026-04-27 12:41:51,Tec_04,EQ573,Torno CNC,Planta_A,5,Mecánica,Alta,2,1400.0,No
OT00575,Prueba,2026-04-27 12:45:55,Tec_01,EQ305,Torno CNC,Planta_A,16,Hidráulica,Media,5,1400.0,No
OT00578,Puesta en operación,2026-04-27 12:48:00,Tec_04,EQ441,Montacargas,Planta_A,12,Mecánica,Media,4,1400.0,Sí
OT00590,Asignación de técnico,2026-04-27 12:48:30,Jefe_Mantenimiento,EQ749,Prensa hidráulica,Planta_A,8,Mecánica,Media,0,5581.22,Sí
OT00567,Puesta en operación,2026-04-27 13:07:18,Tec_01,EQ313,Montacargas,Planta_A,10,Eléctrica,Media,0,2762.0,No
OT00474,Puesta en operación,2026-04-27 13:14:35,Tec_03,EQ469,Prensa hidráulica,Planta_A,15,Mecánica,Baja,3,3491.39,No
OT00590,Solicitud de repuesto,2026-04-27 13:18:31,Tec_03,EQ749,Prensa hidráulica,Planta_A,8,Mecánica,Media,0,5581.22,Sí
OT00591,Diagnóstico,2026-04-27 13:45:29,Tec_03,EQ184,Prensa hidráulica,Planta_A,16,Software,Media,4,780.05,No
OT00575,Puesta en operación,2026-04-27 13:51:35,Tec_01,EQ305,Torno CNC,Planta_A,16,Hidráulica,Media,5,1400.0,No
OT00591,Asignación de técnico,2026-04-27 14:08:17,Jefe_Mantenimiento,EQ184,Prensa hidráulica,Planta_A,16,Software,Media,4,780.05,No
OT00576,Puesta en operación,2026-04-27 14:35:23,Tec_04,EQ573,Torno CNC,Planta_A,5,Mecánica,Alta,2,1400.0,No
OT00588,Falla reportada,2026-04-27 20:46:33,Operador_12,EQ089,Prensa hidráulica,Planta_A,9,Eléctrica,Media,1,2775.22,Sí
OT00589,Falla reportada,2026-04-27 21:00:54,Operador_11,EQ089,Prensa hidráulica,Planta_A,9,Mecánica,Media,2,4282.12,Sí
OT00594,Falla reportada,2026-04-28 01:43:40,Operador_05,EQ403,Compresor,Planta_A,13,Software,Media,3,1024.53,Sí
OT00595,Falla reportada,2026-04-28 03:06:18,Operador_06,EQ400,Montacargas,Planta_B,9,Software,Baja,2,3000.79,Sí
OT00589,Diagnóstico,2026-04-28 07:00:00,Tec_04,EQ089,Prensa hidráulica,Planta_A,9,Mecánica,Media,2,4282.12,Sí
OT00587,Diagnóstico,2026-04-28 07:00:00,Tec_B01,EQ530,Montacargas,Planta_B,18,Eléctrica,Baja,0,1260.88,Sí
OT00588,Diagnóstico,2026-04-28 07:00:00,Tec_04,EQ089,Prensa hidráulica,Planta_A,9,Eléctrica,Media,1,2775.22,Sí
OT00591,Reparación,2026-04-28 07:00:00,Tec_02,EQ184,Prensa hidráulica,Planta_A,16,Software,Media,4,780.05,No
OT00584,Recepción de repuesto,2026-04-28 07:07:00,Bodega,EQ029,Montacargas,Planta_A,4,Mecánica,Baja,2,3019.9,Sí
OT00588,Asignación de técnico,2026-04-28 07:17:48,Jefe_Mantenimiento,EQ089,Prensa hidráulica,Planta_A,9,Eléctrica,Media,1,2775.22,Sí
OT00594,Diagnóstico,2026-04-28 07:24:00,Tec_01,EQ403,Compresor,Planta_A,13,Software,Media,3,1024.53,Sí
OT00587,Asignación de técnico,2026-04-28 07:39:27,Jefe_Mantenimiento,EQ530,Montacargas,Planta_B,18,Eléctrica,Baja,0,1260.88,Sí
OT00581,Recepción de repuesto,2026-04-28 07:41:35,Bodega,EQ213,Bomba,Planta_A,4,Mecánica,Baja,0,1562.07,No
OT00588,Solicitud de repuesto,2026-04-28 07:47:49,Tec_02,EQ089,Prensa hidráulica,Planta_A,9,Eléctrica,Media,1,2775.22,Sí
OT00569,Cierre,2026-04-28 08:00:00,Administracion_Mtto,EQ379,Prensa hidráulica,Planta_A,4,Eléctrica,Baja,1,1400.0,No
OT00554,Cierre,2026-04-28 08:04:00,Administracion_Mtto,EQ553,Bomba,Planta_A,18,Software,Media,3,4200.0,Sí
OT00573,Cierre,2026-04-28 08:11:00,Administracion_Mtto,EQ277,Montacargas,Planta_B,3,Eléctrica,Media,1,1400.0,No
OT00522,Cierre,2026-04-28 08:13:00,Administracion_Mtto,EQ043,Prensa hidráulica,Planta_B,13,Mecánica,Baja,4,2489.79,Sí
OT00580,Aprobación de compra,2026-04-28 08:23:00,Gerencia,EQ281,Compresor,Planta_B,18,Hidráulica,Alta,2,4003.16,No
OT00574,Cierre,2026-04-28 08:29:00,Administracion_Mtto,EQ734,Bomba,Planta_A,15,Software,Baja,5,310.35,No
OT00591,Prueba,2026-04-28 08:54:33,Tec_02,EQ184,Prensa hidráulica,Planta_A,16,Software,Media,4,780.05,No
OT00589,Asignación de técnico,2026-04-28 09:05:47,Jefe_Mantenimiento,EQ089,Prensa hidráulica,Planta_A,9,Mecánica,Media,2,4282.12,Sí
OT00594,Asignación de técnico,2026-04-28 09:09:25,Jefe_Mantenimiento,EQ403,Compresor,Planta_A,13,Software,Media,3,1024.53,Sí
OT00589,Solicitud de repuesto,2026-04-28 09:35:48,Tec_03,EQ089,Prensa hidráulica,Planta_A,9,Mecánica,Media,2,4282.12,Sí
OT00584,Reparación,2026-04-28 09:41:08,Tec_05,EQ029,Montacargas,Planta_A,4,Mecánica,Baja,2,3019.9,Sí
OT00587,Reparación,2026-04-28 10:04:02,Tec_06,EQ530,Montacargas,Planta_B,18,Eléctrica,Baja,0,1260.88,Sí
OT00591,Puesta en operación,2026-04-28 10:09:49,Tec_02,EQ184,Prensa hidráulica,Planta_A,16,Software,Media,4,780.05,No
OT00581,Reparación,2026-04-28 10:41:18,Tec_04,EQ213,Bomba,Planta_A,4,Mecánica,Baja,0,1562.07,No
OT00583,Recepción de repuesto,2026-04-28 11:09:52,Bodega,EQ061,Torno CNC,Planta_B,9,Eléctrica,Media,1,1782.95,Sí
OT00594,Reparación,2026-04-28 11:47:29,Tec_05,EQ403,Compresor,Planta_A,13,Software,Media,3,1024.53,Sí
OT00581,Prueba,2026-04-28 11:56:02,Tec_04,EQ213,Bomba,Planta_A,4,Mecánica,Baja,0,1562.07,No
OT00595,Diagnóstico,2026-04-28 12:16:49,Tec_B01,EQ400,Montacargas,Planta_B,9,Software,Baja,2,3000.79,Sí
OT00587,Prueba,2026-04-28 12:55:11,Tec_06,EQ530,Montacargas,Planta_B,18,Eléctrica,Baja,0,1260.88,Sí
OT00594,Prueba,2026-04-28 13:12:14,Tec_05,EQ403,Compresor,Planta_A,13,Software,Media,3,1024.53,Sí
OT00581,Puesta en operación,2026-04-28 14:04:03,Tec_04,EQ213,Bomba,Planta_A,4,Mecánica,Baja,0,1562.07,No
OT00595,Asignación de técnico,2026-04-28 14:05:29,Jefe_Mantenimiento,EQ400,Montacargas,Planta_B,9,Software,Baja,2,3000.79,Sí
OT00587,Puesta en operación,2026-04-28 14:12:22,Tec_06,EQ530,Montacargas,Planta_B,18,Eléctrica,Baja,0,1260.88,Sí
OT00595,Solicitud de repuesto,2026-04-28 14:35:30,Tec_07,EQ400,Montacargas,Planta_B,9,Software,Baja,2,3000.79,Sí
OT00583,Reparación,2026-04-28 15:18:30,Tec_07,EQ061,Torno CNC,Planta_B,9,Eléctrica,Media,1,1782.95,Sí
OT00584,Prueba fallida,2026-04-28 15:21:01,Tec_05,EQ029,Montacargas,Planta_A,4,Mecánica,Baja,2,3019.9,Sí
OT00592,Falla reportada,2026-04-28 21:11:35,Operador_12,EQ545,Bomba,Planta_A,8,Eléctrica,Alta,0,2617.54,No
OT00596,Falla reportada,2026-04-28 21:44:34,Operador_03,EQ441,Montacargas,Planta_A,12,Mecánica,Baja,5,2230.8,No
OT00593,Falla reportada,2026-04-28 21:47:16,Operador_10,EQ197,Prensa hidráulica,Planta_A,15,Hidráulica,Baja,7,563.69,Sí
OT00599,Falla reportada,2026-04-29 03:00:53,Operador_06,EQ392,Montacargas,Planta_A,13,Eléctrica,Baja,2,410.63,No
OT00604,Falla reportada,2026-04-29 04:28:22,Operador_02,EQ144,Bomba,Planta_A,18,Mecánica,Alta,5,4200.0,Sí
OT00600,Falla reportada,2026-04-29 06:17:23,Operador_02,EQ417,Montacargas,Planta_A,15,Eléctrica,Baja,3,3081.88,Sí
OT00584,Nueva reparación,2026-04-29 07:00:00,Tec_05,EQ029,Montacargas,Planta_A,4,Mecánica,Baja,2,3019.9,Sí
OT00583,Prueba,2026-04-29 07:00:00,Tec_07,EQ061,Torno CNC,Planta_B,9,Eléctrica,Media,1,1782.95,Sí
OT00592,Diagnóstico,2026-04-29 07:00:00,Tec_03,EQ545,Bomba,Planta_A,8,Eléctrica,Alta,0,2617.54,No
OT00594,Puesta en operación,2026-04-29 07:00:00,Tec_05,EQ403,Compresor,Planta_A,13,Software,Media,3,1024.53,Sí
OT00536,Recepción de repuesto,2026-04-29 07:00:00,Bodega,EQ287,Torno CNC,Planta_A,6,Eléctrica,Alta,1,1926.96,No
OT00593,Diagnóstico,2026-04-29 07:06:00,Tec_05,EQ197,Prensa hidráulica,Planta_A,15,Hidráulica,Baja,7,563.69,Sí
OT00604,Diagnóstico,2026-04-29 07:06:00,Tec_05,EQ144,Bomba,Planta_A,18,Mecánica,Alta,5,4200.0,Sí
OT00599,Diagnóstico,2026-04-29 07:11:00,Tec_03,EQ392,Montacargas,Planta_A,13,Eléctrica,Baja,2,410.63,No
OT00596,Diagnóstico,2026-04-29 07:18:00,Tec_04,EQ441,Montacargas,Planta_A,12,Mecánica,Baja,5,2230.8,No
OT00586,Recepción de repuesto,2026-04-29 07:19:00,Bodega,EQ077,Bomba,Planta_A,9,Mecánica,Baja,2,2404.05,No
OT00583,Puesta en operación,2026-04-29 07:34:58,Tec_07,EQ061,Torno CNC,Planta_B,9,Eléctrica,Media,1,1782.95,Sí
OT00599,Asignación de técnico,2026-04-29 07:50:37,Jefe_Mantenimiento,EQ392,Montacargas,Planta_A,13,Eléctrica,Baja,2,410.63,No
OT00593,Asignación de técnico,2026-04-29 08:03:26,Jefe_Mantenimiento,EQ197,Prensa hidráulica,Planta_A,15,Hidráulica,Baja,7,563.69,Sí
OT00602,Falla reportada,2026-04-29 08:05:00,Operador_09,EQ642,Compresor,Planta_A,15,Mecánica,Alta,2,2270.75,No
OT00604,Asignación de técnico,2026-04-29 08:08:51,Jefe_Mantenimiento,EQ144,Bomba,Planta_A,18,Mecánica,Alta,5,4200.0,Sí
OT00596,Asignación de técnico,2026-04-29 08:09:37,Jefe_Mantenimiento,EQ441,Montacargas,Planta_A,12,Mecánica,Baja,5,2230.8,No
OT00536,Reparación,2026-04-29 08:15:04,Tec_05,EQ287,Torno CNC,Planta_A,6,Eléctrica,Alta,1,1926.96,No
OT00600,Diagnóstico,2026-04-29 08:17:23,Tec_03,EQ417,Montacargas,Planta_A,15,Eléctrica,Baja,3,3081.88,Sí
OT00578,Cierre,2026-04-29 08:18:00,Administracion_Mtto,EQ441,Montacargas,Planta_A,12,Mecánica,Media,4,1400.0,Sí
OT00576,Cierre,2026-04-29 08:24:00,Administracion_Mtto,EQ573,Torno CNC,Planta_A,5,Mecánica,Alta,2,1400.0,No
OT00572,Cierre,2026-04-29 08:25:00,Administracion_Mtto,EQ689,Bomba,Planta_A,7,Eléctrica,Baja,2,1836.18,No
OT00592,Asignación de técnico,2026-04-29 08:25:57,Jefe_Mantenimiento,EQ545,Bomba,Planta_A,8,Eléctrica,Alta,0,2617.54,No
OT00602,Diagnóstico,2026-04-29 08:26:33,Tec_02,EQ642,Compresor,Planta_A,15,Mecánica,Alta,2,2270.75,No
OT00544,Cierre,2026-04-29 08:29:00,Administracion_Mtto,EQ698,Prensa hidráulica,Planta_A,11,Mecánica,Alta,4,1535.06,No
OT00596,Solicitud de repuesto,2026-04-29 08:39:38,Tec_03,EQ441,Montacargas,Planta_A,12,Mecánica,Baja,5,2230.8,No
OT00536,Prueba,2026-04-29 09:20:54,Tec_05,EQ287,Torno CNC,Planta_A,6,Eléctrica,Alta,1,1926.96,No
OT00586,Reparación,2026-04-29 09:36:48,Tec_04,EQ077,Bomba,Planta_A,9,Mecánica,Baja,2,2404.05,No
OT00600,Asignación de técnico,2026-04-29 09:37:06,Jefe_Mantenimiento,EQ417,Montacargas,Planta_A,15,Eléctrica,Baja,3,3081.88,Sí
OT00602,Asignación de técnico,2026-04-29 10:01:44,Jefe_Mantenimiento,EQ642,Compresor,Planta_A,15,Mecánica,Alta,2,2270.75,No
OT00600,Solicitud de repuesto,2026-04-29 10:07:07,Tec_04,EQ417,Montacargas,Planta_A,15,Eléctrica,Baja,3,3081.88,Sí
OT00604,Reparación,2026-04-29 10:10:05,Tec_01,EQ144,Bomba,Planta_A,18,Mecánica,Alta,5,4200.0,Sí
OT00603,Falla reportada,2026-04-29 10:20:31,Operador_05,EQ427,Prensa hidráulica,Planta_A,8,Hidráulica,Baja,3,4769.84,No
OT00599,Reparación,2026-04-29 10:25:53,Tec_01,EQ392,Montacargas,Planta_A,13,Eléctrica,Baja,2,410.63,No
OT00605,Falla reportada,2026-04-29 10:26:58,Operador_11,EQ160,Compresor,Planta_A,4,Hidráulica,Media,1,3451.16,No
OT00602,Solicitud de repuesto,2026-04-29 10:31:45,Tec_03,EQ642,Compresor,Planta_A,15,Mecánica,Alta,2,2270.75,No
OT00536,Puesta en operación,2026-04-29 10:39:17,Tec_05,EQ287,Torno CNC,Planta_A,6,Eléctrica,Alta,1,1926.96,No
OT00593,Reparación,2026-04-29 10:59:34,Tec_05,EQ197,Prensa hidráulica,Planta_A,15,Hidráulica,Baja,7,563.69,Sí
OT00592,Reparación,2026-04-29 11:03:14,Tec_02,EQ545,Bomba,Planta_A,8,Eléctrica,Alta,0,2617.54,No
OT00586,Prueba,2026-04-29 11:05:18,Tec_04,EQ077,Bomba,Planta_A,9,Mecánica,Baja,2,2404.05,No
OT00584,Prueba,2026-04-29 11:13:29,Tec_05,EQ029,Montacargas,Planta_A,4,Mecánica,Baja,2,3019.9,Sí
OT00584,Puesta en operación,2026-04-29 11:50:45,Tec_05,EQ029,Montacargas,Planta_A,4,Mecánica,Baja,2,3019.9,Sí
OT00597,Falla reportada,2026-04-29 12:26:36,Operador_10,EQ257,Torno CNC,Planta_A,13,Mecánica,Alta,2,750.0,Sí
OT00593,Prueba,2026-04-29 12:38:36,Tec_05,EQ197,Prensa hidráulica,Planta_A,15,Hidráulica,Baja,7,563.69,Sí
OT00603,Diagnóstico,2026-04-29 12:59:46,Tec_04,EQ427,Prensa hidráulica,Planta_A,8,Hidráulica,Baja,3,4769.84,No
OT00586,Puesta en operación,2026-04-29 13:15:33,Tec_04,EQ077,Bomba,Planta_A,9,Mecánica,Baja,2,2404.05,No
OT00604,Prueba fallida,2026-04-29 13:40:31,Tec_01,EQ144,Bomba,Planta_A,18,Mecánica,Alta,5,4200.0,Sí
OT00603,Asignación de técnico,2026-04-29 13:46:23,Jefe_Mantenimiento,EQ427,Prensa hidráulica,Planta_A,8,Hidráulica,Baja,3,4769.84,No
OT00593,Puesta en operación,2026-04-29 13:53:35,Tec_05,EQ197,Prensa hidráulica,Planta_A,15,Hidráulica,Baja,7,563.69,Sí
OT00590,Aprobación de compra,2026-04-29 13:54:15,Gerencia,EQ749,Prensa hidráulica,Planta_A,8,Mecánica,Media,0,5581.22,Sí
OT00597,Diagnóstico,2026-04-29 14:02:36,Tec_01,EQ257,Torno CNC,Planta_A,13,Mecánica,Alta,2,750.0,Sí
OT00599,Prueba,2026-04-29 14:07:18,Tec_01,EQ392,Montacargas,Planta_A,13,Eléctrica,Baja,2,410.63,No
OT00592,Prueba fallida,2026-04-29 14:12:07,Tec_02,EQ545,Bomba,Planta_A,8,Eléctrica,Alta,0,2617.54,No
OT00603,Solicitud de repuesto,2026-04-29 14:16:24,Tec_05,EQ427,Prensa hidráulica,Planta_A,8,Hidráulica,Baja,3,4769.84,No
OT00599,Puesta en operación,2026-04-29 14:44:48,Tec_01,EQ392,Montacargas,Planta_A,13,Eléctrica,Baja,2,410.63,No
OT00597,Asignación de técnico,2026-04-29 14:55:42,Jefe_Mantenimiento,EQ257,Torno CNC,Planta_A,13,Mecánica,Alta,2,750.0,Sí
OT00605,Diagnóstico,2026-04-29 16:51:43,Tec_05,EQ160,Compresor,Planta_A,4,Hidráulica,Media,1,3451.16,No
OT00601,Falla reportada,2026-04-29 17:08:50,Operador_11,EQ371,Montacargas,Planta_B,18,Mecánica,Baja,9,5784.17,No
OT00598,Falla reportada,2026-04-29 23:46:42,Operador_06,EQ334,Prensa hidráulica,Planta_A,7,Mecánica,Media,3,1764.54,No
OT00597,Reparación,2026-04-30 07:00:00,Tec_03,EQ257,Torno CNC,Planta_A,13,Mecánica,Alta,2,750.0,Sí
OT00605,Asignación de técnico,2026-04-30 07:00:00,Jefe_Mantenimiento,EQ160,Compresor,Planta_A,4,Hidráulica,Media,1,3451.16,No
OT00592,Nueva reparación,2026-04-30 07:00:00,Tec_02,EQ545,Bomba,Planta_A,8,Eléctrica,Alta,0,2617.54,No
OT00604,Nueva reparación,2026-04-30 07:00:00,Tec_01,EQ144,Bomba,Planta_A,18,Mecánica,Alta,5,4200.0,Sí
OT00590,Recepción de repuesto,2026-04-30 07:00:00,Bodega,EQ749,Prensa hidráulica,Planta_A,8,Mecánica,Media,0,5581.22,Sí
OT00602,Recepción de repuesto,2026-04-30 07:07:00,Bodega,EQ642,Compresor,Planta_A,15,Mecánica,Alta,2,2270.75,No
OT00598,Diagnóstico,2026-04-30 07:17:00,Tec_01,EQ334,Prensa hidráulica,Planta_A,7,Mecánica,Media,3,1764.54,No
OT00605,Solicitud de repuesto,2026-04-30 07:30:01,Tec_04,EQ160,Compresor,Planta_A,4,Hidráulica,Media,1,3451.16,No
OT00609,Falla reportada,2026-04-30 07:49:47,Operador_08,EQ402,Montacargas,Planta_A,4,Mecánica,Media,0,2051.14,No
OT00592,Prueba,2026-04-30 08:52:53,Tec_02,EQ545,Bomba,Planta_A,8,Eléctrica,Alta,0,2617.54,No
OT00597,Prueba,2026-04-30 09:06:34,Tec_03,EQ257,Torno CNC,Planta_A,13,Mecánica,Alta,2,750.0,Sí
OT00602,Reparación,2026-04-30 09:20:29,Tec_03,EQ642,Compresor,Planta_A,15,Mecánica,Alta,2,2270.75,No
OT00590,Reparación,2026-04-30 09:31:10,Tec_03,EQ749,Prensa hidráulica,Planta_A,8,Mecánica,Media,0,5581.22,Sí
OT00590,Reparación,2026-04-30 09:31:10,Tec_03,EQ749,Prensa hidráulica,Planta_A,8,Mecánica,Media,0,5581.22,Sí
OT00609,Diagnóstico,2026-04-30 09:41:43,Tec_04,EQ402,Montacargas,Planta_A,4,Mecánica,Media,0,2051.14,No
OT00597,Puesta en operación,2026-04-30 09:52:19,Tec_03,EQ257,Torno CNC,Planta_A,13,Mecánica,Alta,2,750.0,Sí
OT00598,Asignación de técnico,2026-04-30 09:53:17,Jefe_Mantenimiento,EQ334,Prensa hidráulica,Planta_A,7,Mecánica,Media,3,1764.54,No
OT00604,Prueba fallida,2026-04-30 09:58:16,Tec_01,EQ144,Bomba,Planta_A,18,Mecánica,Alta,5,4200.0,Sí
OT00598,Solicitud de repuesto,2026-04-30 10:23:18,Tec_02,EQ334,Prensa hidráulica,Planta_A,7,Mecánica,Media,3,1764.54,No
OT00592,Puesta en operación,2026-04-30 10:35:12,Tec_02,EQ545,Bomba,Planta_A,8,Eléctrica,Alta,0,2617.54,No
OT00608,Falla reportada,2026-04-30 10:48:15,Operador_06,EQ617,Torno CNC,Planta_A,4,Hidráulica,Alta,2,2952.14,Sí
OT00609,Asignación de técnico,2026-04-30 10:54:29,Jefe_Mantenimiento,EQ402,Montacargas,Planta_A,4,Mecánica,Media,0,2051.14,No
OT00590,Prueba,2026-04-30 11:16:47,Tec_03,EQ749,Prensa hidráulica,Planta_A,8,Mecánica,Media,0,5581.22,Sí
OT00602,Prueba,2026-04-30 11:17:40,Tec_03,EQ642,Compresor,Planta_A,15,Mecánica,Alta,2,2270.75,No
OT00609,Solicitud de repuesto,2026-04-30 11:24:30,Tec_01,EQ402,Montacargas,Planta_A,4,Mecánica,Media,0,2051.14,No
OT00590,Puesta en operación,2026-04-30 11:42:15,Tec_03,EQ749,Prensa hidráulica,Planta_A,8,Mecánica,Media,0,5581.22,Sí
OT00608,Diagnóstico,2026-04-30 11:52:06,Tec_05,EQ617,Torno CNC,Planta_A,4,Hidráulica,Alta,2,2952.14,Sí
OT00563,Recepción de repuesto,2026-04-30 12:14:58,Bodega,EQ266,Montacargas,Planta_A,13,Mecánica,Baja,1,2267.33,No
OT00602,Puesta en operación,2026-04-30 12:20:55,Tec_03,EQ642,Compresor,Planta_A,15,Mecánica,Alta,2,2270.75,No
OT00594,Cierre,2026-04-30 12:23:06,Administracion_Mtto,EQ403,Compresor,Planta_A,13,Software,Media,3,1024.53,Sí
OT00559,Cierre,2026-04-30 13:16:45,Administracion_Mtto,EQ206,Bomba,Planta_A,13,Software,Alta,5,1727.01,Sí
OT00604,Nueva reparación,2026-04-30 13:19:56,Tec_01,EQ144,Bomba,Planta_A,18,Mecánica,Alta,5,4200.0,Sí
OT00608,Asignación de técnico,2026-04-30 13:20:21,Jefe_Mantenimiento,EQ617,Torno CNC,Planta_A,4,Hidráulica,Alta,2,2952.14,Sí
OT00608,Solicitud de repuesto,2026-04-30 13:50:22,Tec_05,EQ617,Torno CNC,Planta_A,4,Hidráulica,Alta,2,2952.14,Sí
OT00563,Reparación,2026-04-30 15:11:19,Tec_02,EQ266,Montacargas,Planta_A,13,Mecánica,Baja,1,2267.33,No
OT00587,Cierre,2026-04-30 15:29:04,Administracion_Mtto,EQ530,Montacargas,Planta_B,18,Eléctrica,Baja,0,1260.88,Sí
OT00563,Prueba,2026-04-30 16:53:56,Tec_02,EQ266,Montacargas,Planta_A,13,Mecánica,Baja,1,2267.33,No
OT00610,Falla reportada,2026-04-30 18:12:05,Operador_01,EQ582,Montacargas,Planta_A,18,Hidráulica,Media,5,3115.13,No
OT00607,Falla reportada,2026-04-30 18:43:21,Operador_01,EQ260,Montacargas,Planta_A,16,Mecánica,Media,1,710.04,No
OT00606,Falla reportada,2026-04-30 20:32:46,Operador_11,EQ406,Prensa hidráulica,Planta_B,8,Mecánica,Alta,2,657.59,Sí
OT00614,Falla reportada,2026-05-01 00:38:23,Operador_12,EQ376,Compresor,Planta_A,10,Mecánica,Alta,0,1400.0,No
OT00616,Falla reportada,2026-05-01 01:28:23,Operador_05,EQ117,Montacargas,Planta_A,14,Software,Media,3,461.23,Sí
OT00615,Falla reportada,2026-05-01 02:07:48,Operador_07,EQ150,Bomba,Planta_B,18,Software,Media,4,1400.0,No
OT00563,Puesta en operación,2026-05-01 07:00:00,Tec_02,EQ266,Montacargas,Planta_A,13,Mecánica,Baja,1,2267.33,No
OT00610,Diagnóstico,2026-05-01 07:00:00,Tec_02,EQ582,Montacargas,Planta_A,18,Hidráulica,Media,5,3115.13,No
OT00604,Prueba,2026-05-01 07:00:00,Tec_01,EQ144,Bomba,Planta_A,18,Mecánica,Alta,5,4200.0,Sí
OT00606,Diagnóstico,2026-05-01 07:00:00,Tec_B01,EQ406,Prensa hidráulica,Planta_B,8,Mecánica,Alta,2,657.59,Sí
OT00607,Diagnóstico,2026-05-01 07:00:00,Tec_01,EQ260,Montacargas,Planta_A,16,Mecánica,Media,1,710.04,No
OT00609,Recepción de repuesto,2026-05-01 07:00:00,Bodega,EQ402,Montacargas,Planta_A,4,Mecánica,Media,0,2051.14,No
OT00614,Diagnóstico,2026-05-01 07:08:00,Tec_02,EQ376,Compresor,Planta_A,10,Mecánica,Alta,0,1400.0,No
OT00568,Recepción de repuesto,2026-05-01 07:20:00,Bodega,EQ252,Bomba,Planta_B,10,Hidráulica,Media,4,5569.97,Sí
OT00616,Diagnóstico,2026-05-01 07:20:00,Tec_03,EQ117,Montacargas,Planta_A,14,Software,Media,3,461.23,Sí
OT00601,Diagnóstico,2026-05-01 07:22:00,Tec_B01,EQ371,Montacargas,Planta_B,18,Mecánica,Baja,9,5784.17,No
OT00610,Asignación de técnico,2026-05-01 07:40:28,Jefe_Mantenimiento,EQ582,Montacargas,Planta_A,18,Hidráulica,Media,5,3115.13,No
OT00616,Asignación de técnico,2026-05-01 07:49:43,Jefe_Mantenimiento,EQ117,Montacargas,Planta_A,14,Software,Media,3,461.23,Sí
OT00613,Falla reportada,2026-05-01 07:53:21,Operador_01,EQ378,Prensa hidráulica,Planta_B,16,Hidráulica,Media,3,2939.21,No
OT00604,Puesta en operación,2026-05-01 07:57:13,Tec_01,EQ144,Bomba,Planta_A,18,Mecánica,Alta,5,4200.0,Sí
OT00603,Aprobación de compra,2026-05-01 08:00:00,Gerencia,EQ427,Prensa hidráulica,Planta_A,8,Hidráulica,Baja,3,4769.84,No
OT00614,Asignación de técnico,2026-05-01 08:07:21,Jefe_Mantenimiento,EQ376,Compresor,Planta_A,10,Mecánica,Alta,0,1400.0,No
OT00607,Asignación de técnico,2026-05-01 08:07:27,Jefe_Mantenimiento,EQ260,Montacargas,Planta_A,16,Mecánica,Media,1,710.04,No
OT00610,Solicitud de repuesto,2026-05-01 08:10:29,Tec_03,EQ582,Montacargas,Planta_A,18,Hidráulica,Media,5,3115.13,No
OT00606,Asignación de técnico,2026-05-01 08:22:32,Jefe_Mantenimiento,EQ406,Prensa hidráulica,Planta_B,8,Mecánica,Alta,2,657.59,Sí
OT00474,Cierre,2026-05-01 08:27:00,Administracion_Mtto,EQ469,Prensa hidráulica,Planta_A,15,Mecánica,Baja,3,3491.39,No
OT00585,Aprobación de compra,2026-05-01 08:30:44,Gerencia,EQ159,Bomba,Planta_A,18,Mecánica,Baja,5,15095.37,No
OT00591,Cierre,2026-05-01 08:44:58,Administracion_Mtto,EQ184,Prensa hidráulica,Planta_A,16,Software,Media,4,780.05,No
OT00611,Falla reportada,2026-05-01 08:56:52,Operador_10,EQ471,Torno CNC,Planta_A,12,Eléctrica,Media,3,1400.0,No
OT00615,Diagnóstico,2026-05-01 09:11:57,Tec_B01,EQ150,Bomba,Planta_B,18,Software,Media,4,1400.0,No
OT00601,Asignación de técnico,2026-05-01 09:26:43,Jefe_Mantenimiento,EQ371,Montacargas,Planta_B,18,Mecánica,Baja,9,5784.17,No
OT00601,Solicitud de repuesto,2026-05-01 09:56:44,Tec_07,EQ371,Montacargas,Planta_B,18,Mecánica,Baja,9,5784.17,No
OT00615,Asignación de técnico,2026-05-01 10:04:30,Jefe_Mantenimiento,EQ150,Bomba,Planta_B,18,Software,Media,4,1400.0,No
OT00616,Reparación,2026-05-01 10:20:40,Tec_05,EQ117,Montacargas,Planta_A,14,Software,Media,3,461.23,Sí
OT00609,Reparación,2026-05-01 11:02:19,Tec_01,EQ402,Montacargas,Planta_A,4,Mecánica,Media,0,2051.14,No
OT00607,Reparación,2026-05-01 11:44:14,Tec_01,EQ260,Montacargas,Planta_A,16,Mecánica,Media,1,710.04,No
OT00584,Cierre,2026-05-01 11:55:56,Administracion_Mtto,EQ029,Montacargas,Planta_A,4,Mecánica,Baja,2,3019.9,Sí
OT00611,Diagnóstico,2026-05-01 12:17:19,Tec_01,EQ471,Torno CNC,Planta_A,12,Eléctrica,Media,3,1400.0,No
OT00614,Reparación,2026-05-01 12:25:01,Tec_05,EQ376,Compresor,Planta_A,10,Mecánica,Alta,0,1400.0,No
OT00606,Reparación,2026-05-01 12:50:13,Tec_06,EQ406,Prensa hidráulica,Planta_B,8,Mecánica,Alta,2,657.59,Sí
OT00607,Prueba,2026-05-01 13:03:30,Tec_01,EQ260,Montacargas,Planta_A,16,Mecánica,Media,1,710.04,No
OT00616,Prueba,2026-05-01 14:01:43,Tec_05,EQ117,Montacargas,Planta_A,14,Software,Media,3,461.23,Sí
OT00611,Asignación de técnico,2026-05-01 14:25:35,Jefe_Mantenimiento,EQ471,Torno CNC,Planta_A,12,Eléctrica,Media,3,1400.0,No
OT00613,Diagnóstico,2026-05-01 14:25:56,Tec_B01,EQ378,Prensa hidráulica,Planta_B,16,Hidráulica,Media,3,2939.21,No
OT00606,Prueba,2026-05-01 14:36:13,Tec_06,EQ406,Prensa hidráulica,Planta_B,8,Mecánica,Alta,2,657.59,Sí
OT00609,Prueba,2026-05-01 14:38:17,Tec_01,EQ402,Montacargas,Planta_A,4,Mecánica,Media,0,2051.14,No
OT00616,Puesta en operación,2026-05-01 14:39:04,Tec_05,EQ117,Montacargas,Planta_A,14,Software,Media,3,461.23,Sí
OT00607,Puesta en operación,2026-05-01 15:00:33,Tec_01,EQ260,Montacargas,Planta_A,16,Mecánica,Media,1,710.04,No
OT00568,Reparación,2026-05-01 15:07:13,Tec_06,EQ252,Bomba,Planta_B,10,Hidráulica,Media,4,5569.97,Sí
OT00609,Puesta en operación,2026-05-01 15:11:49,Tec_01,EQ402,Montacargas,Planta_A,4,Mecánica,Media,0,2051.14,No
OT00606,Puesta en operación,2026-05-01 15:20:04,Tec_06,EQ406,Prensa hidráulica,Planta_B,8,Mecánica,Alta,2,657.59,Sí
OT00614,Prueba,2026-05-01 15:26:32,Tec_05,EQ376,Compresor,Planta_A,10,Mecánica,Alta,0,1400.0,No
OT00613,Asignación de técnico,2026-05-01 15:47:13,Jefe_Mantenimiento,EQ378,Prensa hidráulica,Planta_B,16,Hidráulica,Media,3,2939.21,No
OT00570,Cierre,2026-05-01 15:54:00,Administracion_Mtto,EQ324,Torno CNC,Planta_A,12,Eléctrica,Alta,5,2800.0,Sí
OT00613,Solicitud de repuesto,2026-05-01 16:17:14,Tec_07,EQ378,Prensa hidráulica,Planta_B,16,Hidráulica,Media,3,2939.21,No
OT00612,Falla reportada,2026-05-01 16:53:18,Operador_10,EQ105,Bomba,Planta_B,14,Eléctrica,Baja,1,1719.71,Sí
OT00617,Falla reportada,2026-05-01 23:03:08,Operador_07,EQ153,Torno CNC,Planta_A,4,Software,Media,0,1400.0,No
OT00618,Falla reportada,2026-05-02 06:10:41,Operador_01,EQ724,Prensa hidráulica,Planta_A,14,Eléctrica,Alta,2,1744.51,Sí
OT00619,Falla reportada,2026-05-02 14:08:30,Operador_08,EQ519,Prensa hidráulica,Planta_A,7,Eléctrica,Media,2,3565.38,Sí
OT00621,Falla reportada,2026-05-02 19:51:51,Operador_08,EQ155,Bomba,Planta_A,18,Mecánica,Media,2,1400.0,Sí
OT00620,Falla reportada,2026-05-02 21:10:15,Operador_02,EQ123,Montacargas,Planta_A,18,Mecánica,Alta,2,6389.76,No
OT00622,Falla reportada,2026-05-03 02:34:53,Operador_10,EQ139,Compresor,Planta_B,17,Eléctrica,Baja,5,1219.04,No
OT00628,Falla reportada,2026-05-03 04:34:16,Operador_03,EQ073,Prensa hidráulica,Planta_A,11,Mecánica,Alta,4,2800.0,Sí
OT00627,Falla reportada,2026-05-03 06:00:31,Operador_12,EQ417,Montacargas,Planta_A,15,Hidráulica,Media,4,5301.56,Sí
OT00624,Falla reportada,2026-05-03 06:29:58,Operador_03,EQ577,Montacargas,Planta_A,14,Eléctrica,Baja,0,1927.58,No
OT00626,Falla reportada,2026-05-03 14:37:25,Operador_07,EQ065,Bomba,Planta_A,14,Hidráulica,Alta,3,1561.06,Sí
OT00625,Falla reportada,2026-05-03 19:05:04,Operador_05,EQ290,Prensa hidráulica,Planta_A,6,Hidráulica,Baja,1,2500.65,Sí
OT00623,Falla reportada,2026-05-03 19:42:31,Operador_08,EQ553,Bomba,Planta_A,18,Mecánica,Media,4,651.65,No
OT00637,Falla reportada,2026-05-04 01:58:03,Operador_10,EQ442,Torno CNC,Planta_A,17,Eléctrica,Media,3,5909.49,Sí
OT00631,Falla reportada,2026-05-04 04:24:39,Operador_09,EQ580,Compresor,Planta_A,6,Mecánica,Media,1,376.93,No
OT00634,Falla reportada,2026-05-04 05:33:38,Operador_12,EQ320,Torno CNC,Planta_B,16,Hidráulica,Media,1,4451.19,Sí
OT00627,Diagnóstico,2026-05-04 07:00:00,Tec_04,EQ417,Montacargas,Planta_A,15,Hidráulica,Media,4,5301.56,Sí
OT00611,Reparación,2026-05-04 07:00:00,Tec_01,EQ471,Torno CNC,Planta_A,12,Eléctrica,Media,3,1400.0,No
OT00624,Diagnóstico,2026-05-04 07:00:00,Tec_04,EQ577,Montacargas,Planta_A,14,Eléctrica,Baja,0,1927.58,No
OT00529,Recepción de repuesto,2026-05-04 07:00:00,Bodega,EQ008,Prensa hidráulica,Planta_A,8,Mecánica,Media,3,1758.79,No
OT00626,Diagnóstico,2026-05-04 07:00:00,Tec_02,EQ065,Bomba,Planta_A,14,Hidráulica,Alta,3,1561.06,Sí
OT00614,Puesta en operación,2026-05-04 07:00:00,Tec_05,EQ376,Compresor,Planta_A,10,Mecánica,Alta,0,1400.0,No
OT00601,Recepción de repuesto,2026-05-04 07:00:00,Bodega,EQ371,Montacargas,Planta_B,18,Mecánica,Baja,9,5784.17,No
OT00628,Diagnóstico,2026-05-04 07:00:00,Tec_03,EQ073,Prensa hidráulica,Planta_A,11,Mecánica,Alta,4,2800.0,Sí
OT00620,Diagnóstico,2026-05-04 07:00:00,Tec_04,EQ123,Montacargas,Planta_A,18,Mecánica,Alta,2,6389.76,No
OT00617,Diagnóstico,2026-05-04 07:00:00,Tec_03,EQ153,Torno CNC,Planta_A,4,Software,Media,0,1400.0,No
OT00585,Recepción de repuesto,2026-05-04 07:00:00,Bodega,EQ159,Bomba,Planta_A,18,Mecánica,Baja,5,15095.37,No
OT00621,Diagnóstico,2026-05-04 07:00:00,Tec_02,EQ155,Bomba,Planta_A,18,Mecánica,Media,2,1400.0,Sí
OT00622,Diagnóstico,2026-05-04 07:00:00,Tec_B01,EQ139,Compresor,Planta_B,17,Eléctrica,Baja,5,1219.04,No
OT00612,Diagnóstico,2026-05-04 07:00:00,Tec_B01,EQ105,Bomba,Planta_B,14,Eléctrica,Baja,1,1719.71,Sí
OT00618,Diagnóstico,2026-05-04 07:00:00,Tec_04,EQ724,Prensa hidráulica,Planta_A,14,Eléctrica,Alta,2,1744.51,Sí
OT00507,Recepción de repuesto,2026-05-04 07:00:00,Bodega,EQ269,Torno CNC,Planta_A,4,Eléctrica,Media,0,2947.57,Sí
OT00619,Diagnóstico,2026-05-04 07:00:00,Tec_04,EQ519,Prensa hidráulica,Planta_A,7,Eléctrica,Media,2,3565.38,Sí
OT00568,Prueba fallida,2026-05-04 07:00:00,Tec_06,EQ252,Bomba,Planta_B,10,Hidráulica,Media,4,5569.97,Sí
OT00623,Diagnóstico,2026-05-04 07:00:00,Tec_04,EQ553,Bomba,Planta_A,18,Mecánica,Media,4,651.65,No
OT00615,Reparación,2026-05-04 07:00:00,Tec_07,EQ150,Bomba,Planta_B,18,Software,Media,4,1400.0,No
OT00558,Recepción de repuesto,2026-05-04 07:00:00,Bodega,EQ258,Prensa hidráulica,Planta_A,9,Mecánica,Baja,0,3265.91,No
OT00625,Diagnóstico,2026-05-04 07:11:00,Tec_04,EQ290,Prensa hidráulica,Planta_A,6,Hidráulica,Baja,1,2500.65,Sí
OT00637,Diagnóstico,2026-05-04 07:17:00,Tec_03,EQ442,Torno CNC,Planta_A,17,Eléctrica,Media,3,5909.49,Sí
OT00618,Asignación de técnico,2026-05-04 07:31:01,Jefe_Mantenimiento,EQ724,Prensa hidráulica,Planta_A,14,Eléctrica,Alta,2,1744.51,Sí
OT00626,Asignación de técnico,2026-05-04 07:36:04,Jefe_Mantenimiento,EQ065,Bomba,Planta_A,14,Hidráulica,Alta,3,1561.06,Sí
OT00640,Falla reportada,2026-05-04 07:37:00,Operador_12,EQ349,Bomba,Planta_A,15,Eléctrica,Baja,0,896.65,No
OT00612,Asignación de técnico,2026-05-04 07:40:15,Jefe_Mantenimiento,EQ105,Bomba,Planta_B,14,Eléctrica,Baja,1,1719.71,Sí
OT00627,Asignación de técnico,2026-05-04 07:45:41,Jefe_Mantenimiento,EQ417,Montacargas,Planta_A,15,Hidráulica,Media,4,5301.56,Sí
OT00621,Asignación de técnico,2026-05-04 07:49:50,Jefe_Mantenimiento,EQ155,Bomba,Planta_A,18,Mecánica,Media,2,1400.0,Sí
OT00622,Asignación de técnico,2026-05-04 07:50:08,Jefe_Mantenimiento,EQ139,Compresor,Planta_B,17,Eléctrica,Baja,5,1219.04,No
OT00636,Falla reportada,2026-05-04 07:59:31,Operador_05,EQ660,Montacargas,Planta_A,10,Mecánica,Baja,2,3137.24,Sí
OT00597,Cierre,2026-05-04 08:00:00,Administracion_Mtto,EQ257,Torno CNC,Planta_A,13,Mecánica,Alta,2,750.0,Sí
OT00589,Aprobación de compra,2026-05-04 08:00:00,Gerencia,EQ089,Prensa hidráulica,Planta_A,9,Mecánica,Media,2,4282.12,Sí
OT00604,Cierre,2026-05-04 08:00:00,Administracion_Mtto,EQ144,Bomba,Planta_A,18,Mecánica,Alta,5,4200.0,Sí
OT00590,Cierre,2026-05-04 08:00:00,Administracion_Mtto,EQ749,Prensa hidráulica,Planta_A,8,Mecánica,Media,0,5581.22,Sí
OT00536,Cierre,2026-05-04 08:00:00,Administracion_Mtto,EQ287,Torno CNC,Planta_A,6,Eléctrica,Alta,1,1926.96,No
OT00616,Cierre,2026-05-04 08:00:00,Administracion_Mtto,EQ117,Montacargas,Planta_A,14,Software,Media,3,461.23,Sí
OT00586,Cierre,2026-05-04 08:00:00,Administracion_Mtto,EQ077,Bomba,Planta_A,9,Mecánica,Baja,2,2404.05,No
OT00575,Cierre,2026-05-04 08:00:00,Administracion_Mtto,EQ305,Torno CNC,Planta_A,16,Hidráulica,Media,5,1400.0,No
OT00593,Cierre,2026-05-04 08:00:00,Administracion_Mtto,EQ197,Prensa hidráulica,Planta_A,15,Hidráulica,Baja,7,563.69,Sí
OT00606,Cierre,2026-05-04 08:00:00,Administracion_Mtto,EQ406,Prensa hidráulica,Planta_B,8,Mecánica,Alta,2,657.59,Sí
OT00605,Aprobación de compra,2026-05-04 08:00:00,Gerencia,EQ160,Compresor,Planta_A,4,Hidráulica,Media,1,3451.16,No
OT00599,Cierre,2026-05-04 08:00:00,Administracion_Mtto,EQ392,Montacargas,Planta_A,13,Eléctrica,Baja,2,410.63,No
OT00567,Cierre,2026-05-04 08:00:00,Administracion_Mtto,EQ313,Montacargas,Planta_A,10,Eléctrica,Media,0,2762.0,No
OT00583,Cierre,2026-05-04 08:00:00,Administracion_Mtto,EQ061,Torno CNC,Planta_B,9,Eléctrica,Media,1,1782.95,Sí
OT00582,Aprobación de compra,2026-05-04 08:00:00,Gerencia,EQ568,Bomba,Planta_A,16,Mecánica,Media,6,18137.9,No
OT00618,Solicitud de repuesto,2026-05-04 08:01:02,Tec_01,EQ724,Prensa hidráulica,Planta_A,14,Eléctrica,Alta,2,1744.51,Sí
OT00529,Reparación,2026-05-04 08:04:35,Tec_04,EQ008,Prensa hidráulica,Planta_A,8,Mecánica,Media,3,1758.79,No
OT00626,Solicitud de repuesto,2026-05-04 08:06:05,Tec_04,EQ065,Bomba,Planta_A,14,Hidráulica,Alta,3,1561.06,Sí
OT00612,Solicitud de repuesto,2026-05-04 08:10:16,Tec_06,EQ105,Bomba,Planta_B,14,Eléctrica,Baja,1,1719.71,Sí
OT00581,Cierre,2026-05-04 08:11:00,Administracion_Mtto,EQ213,Bomba,Planta_A,4,Mecánica,Baja,0,1562.07,No
OT00619,Asignación de técnico,2026-05-04 08:13:58,Jefe_Mantenimiento,EQ519,Prensa hidráulica,Planta_A,7,Eléctrica,Media,2,3565.38,Sí
OT00627,Solicitud de repuesto,2026-05-04 08:15:42,Tec_04,EQ417,Montacargas,Planta_A,15,Hidráulica,Media,4,5301.56,Sí
OT00620,Asignación de técnico,2026-05-04 08:15:50,Jefe_Mantenimiento,EQ123,Montacargas,Planta_A,18,Mecánica,Alta,2,6389.76,No
OT00558,Reparación,2026-05-04 08:19:08,Tec_03,EQ258,Prensa hidráulica,Planta_A,9,Mecánica,Baja,0,3265.91,No
OT00637,Asignación de técnico,2026-05-04 08:20:32,Jefe_Mantenimiento,EQ442,Torno CNC,Planta_A,17,Eléctrica,Media,3,5909.49,Sí
OT00633,Falla reportada,2026-05-04 08:24:50,Operador_12,EQ422,Torno CNC,Planta_A,6,Hidráulica,Media,1,790.52,No
OT00628,Asignación de técnico,2026-05-04 08:25:24,Jefe_Mantenimiento,EQ073,Prensa hidráulica,Planta_A,11,Mecánica,Alta,4,2800.0,Sí
OT00623,Asignación de técnico,2026-05-04 08:30:30,Jefe_Mantenimiento,EQ553,Bomba,Planta_A,18,Mecánica,Media,4,651.65,No
OT00634,Diagnóstico,2026-05-04 08:37:14,Tec_B01,EQ320,Torno CNC,Planta_B,16,Hidráulica,Media,1,4451.19,Sí
OT00631,Diagnóstico,2026-05-04 08:42:23,Tec_02,EQ580,Compresor,Planta_A,6,Mecánica,Media,1,376.93,No
OT00625,Asignación de técnico,2026-05-04 08:43:12,Jefe_Mantenimiento,EQ290,Prensa hidráulica,Planta_A,6,Hidráulica,Baja,1,2500.65,Sí
OT00619,Solicitud de repuesto,2026-05-04 08:43:59,Tec_04,EQ519,Prensa hidráulica,Planta_A,7,Eléctrica,Media,2,3565.38,Sí
OT00620,Solicitud de repuesto,2026-05-04 08:45:51,Tec_04,EQ123,Montacargas,Planta_A,18,Mecánica,Alta,2,6389.76,No
OT00637,Solicitud de repuesto,2026-05-04 08:50:33,Tec_05,EQ442,Torno CNC,Planta_A,17,Eléctrica,Media,3,5909.49,Sí
OT00631,Asignación de técnico,2026-05-04 08:52:50,Jefe_Mantenimiento,EQ580,Compresor,Planta_A,6,Mecánica,Media,1,376.93,No
OT00568,Nueva reparación,2026-05-04 08:54:09,Tec_06,EQ252,Bomba,Planta_B,10,Hidráulica,Media,4,5569.97,Sí
OT00617,Asignación de técnico,2026-05-04 08:56:16,Jefe_Mantenimiento,EQ153,Torno CNC,Planta_A,4,Software,Media,0,1400.0,No
OT00625,Solicitud de repuesto,2026-05-04 09:13:13,Tec_01,EQ290,Prensa hidráulica,Planta_A,6,Hidráulica,Baja,1,2500.65,Sí
OT00634,Asignación de técnico,2026-05-04 09:18:46,Jefe_Mantenimiento,EQ320,Torno CNC,Planta_B,16,Hidráulica,Media,1,4451.19,Sí
OT00624,Asignación de técnico,2026-05-04 09:40:24,Jefe_Mantenimiento,EQ577,Montacargas,Planta_A,14,Eléctrica,Baja,0,1927.58,No
OT00634,Solicitud de repuesto,2026-05-04 09:48:47,Tec_06,EQ320,Torno CNC,Planta_B,16,Hidráulica,Media,1,4451.19,Sí
OT00615,Prueba,2026-05-04 10:02:05,Tec_07,EQ150,Bomba,Planta_B,18,Software,Media,4,1400.0,No
OT00624,Solicitud de repuesto,2026-05-04 10:10:25,Tec_01,EQ577,Montacargas,Planta_A,14,Eléctrica,Baja,0,1927.58,No
OT00636,Diagnóstico,2026-05-04 10:14:31,Tec_01,EQ660,Montacargas,Planta_A,10,Mecánica,Baja,2,3137.24,Sí
OT00611,Prueba ,2026-05-04 10:16:22,Tec_01,EQ471,Torno CNC,Planta_A,12,Eléctrica,Media,3,1400.0,No
OT00621,Reparación,2026-05-04 10:22:46,Tec_05,EQ155,Bomba,Planta_A,18,Mecánica,Media,2,1400.0,Sí
OT00628,Reparación,2026-05-04 10:29:15,Tec_05,EQ073,Prensa hidráulica,Planta_A,11,Mecánica,Alta,4,2800.0,Sí
OT00632,Falla reportada,2026-05-04 10:32:28,Operador_08,EQ031,Torno CNC,Planta_A,14,Hidráulica,Alta,3,755.64,No
OT00633,Diagnóstico,2026-05-04 10:39:09,Tec_03,EQ422,Torno CNC,Planta_A,6,Hidráulica,Media,1,790.52,No
OT00630,Falla reportada,2026-05-04 10:45:33,Operador_09,EQ737,Montacargas,Planta_B,18,Mecánica,Media,3,848.74,No
OT00632,Diagnóstico,2026-05-04 11:02:21,Tec_01,EQ031,Torno CNC,Planta_A,14,Hidráulica,Alta,3,755.64,No
OT00622,Reparación,2026-05-04 11:02:32,Tec_07,EQ139,Compresor,Planta_B,17,Eléctrica,Baja,5,1219.04,No
OT00507,Reparación,2026-05-04 11:10:19,Tec_02,EQ269,Torno CNC,Planta_A,4,Eléctrica,Media,0,2947.57,Sí
OT00635,Falla reportada,2026-05-04 11:15:19,Operador_03,EQ107,Torno CNC,Planta_A,14,Software,Media,5,927.46,No
OT00623,Reparación,2026-05-04 11:27:23,Tec_05,EQ553,Bomba,Planta_A,18,Mecánica,Media,4,651.65,No
OT00636,Asignación de técnico,2026-05-04 11:30:11,Jefe_Mantenimiento,EQ660,Montacargas,Planta_A,10,Mecánica,Baja,2,3137.24,Sí
OT00611,Puesta en operación,2026-05-04 11:32:17,Tec_01,EQ471,Torno CNC,Planta_A,12,Eléctrica,Media,3,1400.0,No
OT00615,Puesta en operación,2026-05-04 11:36:50,Tec_07,EQ150,Bomba,Planta_B,18,Software,Media,4,1400.0,No
OT00507,Prueba,2026-05-04 11:53:49,Tec_02,EQ269,Torno CNC,Planta_A,4,Eléctrica,Media,0,2947.57,Sí
OT00617,Reparación,2026-05-04 11:54:49,Tec_05,EQ153,Torno CNC,Planta_A,4,Software,Media,0,1400.0,No
OT00636,Solicitud de repuesto,2026-05-04 12:00:12,Tec_05,EQ660,Montacargas,Planta_A,10,Mecánica,Baja,2,3137.24,Sí
OT00529,Prueba,2026-05-04 12:08:10,Tec_04,EQ008,Prensa hidráulica,Planta_A,8,Mecánica,Media,3,1758.79,No
OT00633,asignación de técnico,2026-05-04 12:08:21,Jefe_Mantenimiento,EQ422,Torno CNC,Planta_A,6,Hidráulica,Media,1,790.52,No
OT00631,Reparación,2026-05-04 12:12:07,Tec_03,EQ580,Compresor,Planta_A,6,Mecánica,Media,1,376.93,No
OT00622,Prueba,2026-05-04 12:12:36,Tec_07,EQ139,Compresor,Planta_B,17,Eléctrica,Baja,5,1219.04,No
OT00558,Prueba fallida,2026-05-04 12:17:29,Tec_03,EQ258,Prensa hidráulica,Planta_A,9,Mecánica,Baja,0,3265.91,No
OT00628,Prueba fallida,2026-05-04 12:30:07,Tec_05,EQ073,Prensa hidráulica,Planta_A,11,Mecánica,Alta,4,2800.0,Sí
OT00529,Puesta en operación,2026-05-04 12:32:06,Tec_04,EQ008,Prensa hidráulica,Planta_A,8,Mecánica,Media,3,1758.79,No
OT00507,Puesta en operación,2026-05-04 12:38:46,Tec_02,EQ269,Torno CNC,Planta_A,4,Eléctrica,Media,0,2947.57,Sí
OT00601,Reparación,2026-05-04 12:39:04,Tec_07,EQ371,Montacargas,Planta_B,18,Mecánica,Baja,9,5784.17,No
OT00621,Prueba,2026-05-04 12:42:58,Tec_05,EQ155,Bomba,Planta_A,18,Mecánica,Media,2,1400.0,Sí
OT00617,Prueba,2026-05-04 12:54:18,Tec_05,EQ153,Torno CNC,Planta_A,4,Software,Media,0,1400.0,No
OT00568,Prueba fallida,2026-05-04 12:59:27,Tec_06,EQ252,Bomba,Planta_B,10,Hidráulica,Media,4,5569.97,Sí
OT00623,Prueba,2026-05-04 13:05:36,Tec_05,EQ553,Bomba,Planta_A,18,Mecánica,Media,4,651.65,No
OT00621,Puesta en operación,2026-05-04 13:08:42,Tec_05,EQ155,Bomba,Planta_A,18,Mecánica,Media,2,1400.0,Sí
OT00632,Asignación de técnico,2026-05-04 13:13:08,Jefe_Mantenimiento,EQ031,Torno CNC,Planta_A,14,Hidráulica,Alta,3,755.64,No
OT00622,Puesta en operación,2026-05-04 13:24:41,Tec_07,EQ139,Compresor,Planta_B,17,Eléctrica,Baja,5,1219.04,No
OT00585,Reparación,2026-05-04 13:27:39,Tec_04,EQ159,Bomba,Planta_A,18,Mecánica,Baja,5,15095.37,No
OT00633,Reparación,2026-05-04 13:43:11,Tec_04,EQ422,Torno CNC,Planta_A,6,Hidráulica,Media,1,790.52,No
OT00635,Diagnóstico,2026-05-04 13:54:09,Tec_02,EQ107,Torno CNC,Planta_A,14,Software,Media,5,927.46,No
OT00639,Falla reportada,2026-05-04 14:05:36,Operador_02,EQ047,Compresor,Planta_A,14,Software,Media,6,699.91,No
OT00441,Cierre,2026-05-04 14:11:48,Administracion_Mtto,EQ444,Bomba,Planta_B,16,Eléctrica,Media,3,1635.29,No
OT00631,Prueba,2026-05-04 14:16:14,Tec_03,EQ580,Compresor,Planta_A,6,Mecánica,Media,1,376.93,No
OT00623,Puesta en operación,2026-05-04 14:19:38,Tec_05,EQ553,Bomba,Planta_A,18,Mecánica,Media,4,651.65,No
OT00629,Falla reportada,2026-05-04 14:52:44,Operador_10,EQ199,Montacargas,Planta_B,14,Mecánica,Alta,3,1837.92,Sí
OT00617,Puesta en operación,2026-05-04 14:56:53,Tec_05,EQ153,Torno CNC,Planta_A,4,Software,Media,0,1400.0,No
OT00640,Diagnóstico,2026-05-04 15:04:07,Tec_01,EQ349,Bomba,Planta_A,15,Eléctrica,Baja,0,896.65,No
OT00601,Prueba fallida,2026-05-04 15:09:46,Tec_07,EQ371,Montacargas,Planta_B,18,Mecánica,Baja,9,5784.17,No
OT00631,Puesta en operación,2026-05-04 15:10:49,Tec_03,EQ580,Compresor,Planta_A,6,Mecánica,Media,1,376.93,No
OT00639,Diagnóstico,2026-05-04 15:12:06,Tec_01,EQ047,Compresor,Planta_A,14,Software,Media,6,699.91,No
OT00635,Asignación de técnico,2026-05-04 15:18:23,Jefe_Mantenimiento,EQ107,Torno CNC,Planta_A,14,Software,Media,5,927.46,No
OT00585,Prueba,2026-05-04 15:53:00,Tec_04,EQ159,Bomba,Planta_A,18,Mecánica,Baja,5,15095.37,No
OT00640,Asignación de técnico,2026-05-04 15:56:23,Jefe_Mantenimiento,EQ349,Bomba,Planta_A,15,Eléctrica,Baja,0,896.65,No
OT00639,Asignación de técnico,2026-05-04 15:58:21,Jefe_Mantenimiento,EQ047,Compresor,Planta_A,14,Software,Media,6,699.91,No
OT00632,Reparación,2026-05-04 16:07:05,Tec_02,EQ031,Torno CNC,Planta_A,14,Hidráulica,Alta,3,755.64,No
OT00628,Nueva reparación,2026-05-04 16:09:30,Tec_05,EQ073,Prensa hidráulica,Planta_A,11,Mecánica,Alta,4,2800.0,Sí
OT00633,Prueba,2026-05-04 16:11:17,Tec_04,EQ422,Torno CNC,Planta_A,6,Hidráulica,Media,1,790.52,No
OT00638,Falla reportada,2026-05-04 17:27:25,Operador_11,EQ549,Torno CNC,Planta_A,2,Mecánica,Media,0,787.44,Sí
OT00635,Reparación,2026-05-05 07:00:00,Tec_05,EQ107,Torno CNC,Planta_A,14,Software,Media,5,927.46,No
OT00585,Puesta en operación,2026-05-05 07:00:00,Tec_04,EQ159,Bomba,Planta_A,18,Mecánica,Baja,5,15095.37,No
OT00640,Reparación,2026-05-05 07:00:00,Tec_04,EQ349,Bomba,Planta_A,15,Eléctrica,Baja,0,896.65,No
OT00629,Diagnóstico,2026-05-05 07:00:00,Tec_B01,EQ199,Montacargas,Planta_B,14,Mecánica,Alta,3,1837.92,Sí
OT00628,Prueba,2026-05-05 07:00:00,Tec_05,EQ073,Prensa hidráulica,Planta_A,11,Mecánica,Alta,4,2800.0,Sí
OT00579,Recepción de repuesto,2026-05-05 07:00:00,Bodega,EQ057,Montacargas,Planta_A,10,Mecánica,Media,0,2163.47,No
OT00638,Diagnóstico,2026-05-05 07:00:00,Tec_01,EQ549,Torno CNC,Planta_A,2,Mecánica,Media,0,787.44,Sí
OT00601,Nueva reparación,2026-05-05 07:00:00,Tec_07,EQ371,Montacargas,Planta_B,18,Mecánica,Baja,9,5784.17,No
OT00568,Nueva reparación,2026-05-05 07:00:00,Tec_06,EQ252,Bomba,Planta_B,10,Hidráulica,Media,4,5569.97,Sí
OT00633,puesta en operación,2026-05-05 07:00:00,Tec_04,EQ422,Torno CNC,Planta_A,6,Hidráulica,Media,1,790.52,No
OT00632,Prueba,2026-05-05 07:00:00,Tec_02,EQ031,Torno CNC,Planta_A,14,Hidráulica,Alta,3,755.64,No
OT00639,Reparación,2026-05-05 07:00:00,Tec_01,EQ047,Compresor,Planta_A,14,Software,Media,6,699.91,No
OT00630,Diagnóstico,2026-05-05 07:00:00,Tec_B01,EQ737,Montacargas,Planta_B,18,Mecánica,Media,3,848.74,No
OT00558,Nueva reparación,2026-05-05 07:00:00,Tec_03,EQ258,Prensa hidráulica,Planta_A,9,Mecánica,Baja,0,3265.91,No
OT00624,Recepción de repuesto,2026-05-05 07:05:00,Bodega,EQ577,Montacargas,Planta_A,14,Eléctrica,Baja,0,1927.58,No
OT00627,Recepción de repuesto,2026-05-05 07:20:00,Bodega,EQ417,Montacargas,Planta_A,15,Hidráulica,Media,4,5301.56,Sí
OT00601,Prueba fallida,2026-05-05 07:47:26,Tec_07,EQ371,Montacargas,Planta_B,18,Mecánica,Baja,9,5784.17,No
OT00628,Puesta en operación,2026-05-05 07:47:31,Tec_05,EQ073,Prensa hidráulica,Planta_A,11,Mecánica,Alta,4,2800.0,Sí
OT00630,Asignación de técnico,2026-05-05 07:51:53,Jefe_Mantenimiento,EQ737,Montacargas,Planta_B,18,Mecánica,Media,3,848.74,No
OT00639,Prueba,2026-05-05 07:57:44,Tec_01,EQ047,Compresor,Planta_A,14,Software,Media,6,699.91,No
OT00563,Cierre,2026-05-05 08:00:00,Administracion_Mtto,EQ266,Montacargas,Planta_A,13,Mecánica,Baja,1,2267.33,No
OT00607,Cierre,2026-05-05 08:00:05,Administracion_Mtto,EQ260,Montacargas,Planta_A,16,Mecánica,Media,1,710.04,No
OT00632,Puesta en operación,2026-05-05 08:07:51,Tec_02,EQ031,Torno CNC,Planta_A,14,Hidráulica,Alta,3,755.64,No
OT00629,Asignación de técnico,2026-05-05 08:08:20,Jefe_Mantenimiento,EQ199,Montacargas,Planta_B,14,Mecánica,Alta,3,1837.92,Sí
OT00638,Asignación de técnico,2026-05-05 08:11:52,Jefe_Mantenimiento,EQ549,Torno CNC,Planta_A,2,Mecánica,Media,0,787.44,Sí
OT00640,Prueba,2026-05-05 08:12:33,Tec_04,EQ349,Bomba,Planta_A,15,Eléctrica,Baja,0,896.65,No
OT00619,Aprobación de compra,2026-05-05 08:18:08,Gerencia,EQ519,Prensa hidráulica,Planta_A,7,Eléctrica,Media,2,3565.38,Sí
OT00629,Solicitud de repuesto,2026-05-05 08:38:21,Tec_07,EQ199,Montacargas,Planta_B,14,Mecánica,Alta,3,1837.92,Sí
OT00568,Prueba,2026-05-05 08:45:04,Tec_06,EQ252,Bomba,Planta_B,10,Hidráulica,Media,4,5569.97,Sí
OT00630,Reparación,2026-05-05 09:07:10,Tec_07,EQ737,Montacargas,Planta_B,18,Mecánica,Media,3,848.74,No
OT00640,Puesta en operación,2026-05-05 09:14:06,Tec_04,EQ349,Bomba,Planta_A,15,Eléctrica,Baja,0,896.65,No
OT00641,Falla reportada,2026-05-05 09:41:20,Operador_04,EQ416,Torno CNC,Planta_B,11,Eléctrica,Media,0,2510.21,Sí
OT00558,Prueba,2026-05-05 09:42:07,Tec_03,EQ258,Prensa hidráulica,Planta_A,9,Mecánica,Baja,0,3265.91,No
OT00630,Prueba ,2026-05-05 09:44:33,Tec_07,EQ737,Montacargas,Planta_B,18,Mecánica,Media,3,848.74,No
OT00639,Puesta en operación,2026-05-05 10:05:27,Tec_01,EQ047,Compresor,Planta_A,14,Software,Media,6,699.91,No
OT00624,Reparación,2026-05-05 10:20:33,Tec_01,EQ577,Montacargas,Planta_A,14,Eléctrica,Baja,0,1927.58,No
OT00568,Puesta en operación,2026-05-05 10:32:14,Tec_06,EQ252,Bomba,Planta_B,10,Hidráulica,Media,4,5569.97,Sí
OT00630,Puesta en operación,2026-05-05 11:00:32,Tec_07,EQ737,Montacargas,Planta_B,18,Mecánica,Media,3,848.74,No
OT00624,Prueba,2026-05-05 12:05:20,Tec_01,EQ577,Montacargas,Planta_A,14,Eléctrica,Baja,0,1927.58,No
OT00635,Prueba,2026-05-05 12:05:25,Tec_05,EQ107,Torno CNC,Planta_A,14,Software,Media,5,927.46,No
OT00558,Puesta en operación,2026-05-05 12:08:23,Tec_03,EQ258,Prensa hidráulica,Planta_A,9,Mecánica,Baja,0,3265.91,No
OT00589,Recepción de repuesto,2026-05-05 12:11:55,Bodega,EQ089,Prensa hidráulica,Planta_A,9,Mecánica,Media,2,4282.12,Sí
OT00601,Nueva reparación,2026-05-05 12:26:10,Tec_07,EQ371,Montacargas,Planta_B,18,Mecánica,Baja,9,5784.17,No
OT00644,Falla reportada,2026-05-05 12:30:46,Operador_08,EQ568,Bomba,Planta_A,16,Hidráulica,Media,7,794.04,No
OT00627,Reparación,2026-05-05 12:31:38,Tec_04,EQ417,Montacargas,Planta_A,15,Hidráulica,Media,4,5301.56,Sí
OT00624,Puesta en operación,2026-05-05 12:39:32,Tec_01,EQ577,Montacargas,Planta_A,14,Eléctrica,Baja,0,1927.58,No
OT00642,Falla reportada,2026-05-05 13:30:46,Operador_09,EQ134,Torno CNC,Planta_B,11,Mecánica,Media,2,934.32,Sí
OT00638,Reparación,2026-05-05 13:39:01,Tec_03,EQ549,Torno CNC,Planta_A,2,Mecánica,Media,0,787.44,Sí
OT00635,Puesta en operación,2026-05-05 13:45:15,Tec_05,EQ107,Torno CNC,Planta_A,14,Software,Media,5,927.46,No
OT00644,Diagnóstico,2026-05-05 13:46:15,Tec_03,EQ568,Bomba,Planta_A,16,Hidráulica,Media,7,794.04,No
OT00579,Reparación,2026-05-05 14:36:06,Tec_02,EQ057,Montacargas,Planta_A,10,Mecánica,Media,0,2163.47,No
OT00638,Prueba,2026-05-05 15:18:34,Tec_03,EQ549,Torno CNC,Planta_A,2,Mecánica,Media,0,787.44,Sí
OT00627,Prueba fallida,2026-05-05 15:21:58,Tec_04,EQ417,Montacargas,Planta_A,15,Hidráulica,Media,4,5301.56,Sí
OT00644,Asignación de técnico,2026-05-05 15:34:06,Jefe_Mantenimiento,EQ568,Bomba,Planta_A,16,Hidráulica,Media,7,794.04,No
OT00602,Cierre,2026-05-05 15:48:13,Administracion_Mtto,EQ642,Compresor,Planta_A,15,Mecánica,Alta,2,2270.75,No
OT00638,Puesta en operación,2026-05-05 15:57:18,Tec_03,EQ549,Torno CNC,Planta_A,2,Mecánica,Media,0,787.44,Sí
OT00601,Prueba,2026-05-05 16:14:20,Tec_07,EQ371,Montacargas,Planta_B,18,Mecánica,Baja,9,5784.17,No
OT00601,Puesta en operación,2026-05-05 16:48:22,Tec_07,EQ371,Montacargas,Planta_B,18,Mecánica,Baja,9,5784.17,No
OT00579,Prueba,2026-05-05 16:49:12,Tec_02,EQ057,Montacargas,Planta_A,10,Mecánica,Media,0,2163.47,No
OT00645,Falla reportada,2026-05-05 18:10:51,Operador_06,EQ530,Montacargas,Planta_B,18,Eléctrica,Media,1,1605.36,Sí
OT00643,Falla reportada,2026-05-05 20:09:59,Operador_04,EQ532,Montacargas,Planta_A,8,Eléctrica,Baja,4,3891.47,No
OT00626,Recepción de repuesto,2026-05-06 07:00:00,Bodega,EQ065,Bomba,Planta_A,14,Hidráulica,Alta,3,1561.06,Sí
OT00642,Diagnóstico,2026-05-06 07:00:00,Tec_B01,EQ134,Torno CNC,Planta_B,11,Mecánica,Media,2,934.32,Sí
OT00579,Puesta en operación,2026-05-06 07:00:00,Tec_02,EQ057,Montacargas,Planta_A,10,Mecánica,Media,0,2163.47,No
OT00580,Recepción de repuesto,2026-05-06 07:00:00,Bodega,EQ281,Compresor,Planta_B,18,Hidráulica,Alta,2,4003.16,No
OT00560,Recepción de repuesto,2026-05-06 07:00:00,Bodega,EQ335,Torno CNC,Planta_B,6,Eléctrica,Alta,1,3441.01,Sí
OT00589,Reparación,2026-05-06 07:00:00,Tec_03,EQ089,Prensa hidráulica,Planta_A,9,Mecánica,Media,2,4282.12,Sí
OT00627,Nueva reparación,2026-05-06 07:00:00,Tec_04,EQ417,Montacargas,Planta_A,15,Hidráulica,Media,4,5301.56,Sí
OT00644,Reparación,2026-05-06 07:00:00,Tec_02,EQ568,Bomba,Planta_A,16,Hidráulica,Media,7,794.04,No
OT00619,Recepción de repuesto,2026-05-06 07:00:00,Bodega,EQ519,Prensa hidráulica,Planta_A,7,Eléctrica,Media,2,3565.38,Sí
OT00484,Recepción de repuesto,2026-05-06 07:00:00,Bodega,EQ426,Prensa hidráulica,Planta_B,7,Eléctrica,Media,1,3126.69,No
OT00645,Diagnóstico,2026-05-06 07:14:00,Tec_B01,EQ530,Montacargas,Planta_B,18,Eléctrica,Media,1,1605.36,Sí
OT00643,Diagnóstico,2026-05-06 07:17:00,Tec_03,EQ532,Montacargas,Planta_A,8,Eléctrica,Baja,4,3891.47,No
OT00641,Diagnóstico,2026-05-06 07:27:03,Tec_B01,EQ416,Torno CNC,Planta_B,11,Eléctrica,Media,0,2510.21,Sí
OT00560,Reparación,2026-05-06 07:57:32,Tec_07,EQ335,Torno CNC,Planta_B,6,Eléctrica,Alta,1,3441.01,Sí
OT00589,Prueba,2026-05-06 08:07:03,Tec_03,EQ089,Prensa hidráulica,Planta_A,9,Mecánica,Media,2,4282.12,Sí
OT00634,Aprobación de compra,2026-05-06 08:27:00,Gerencia,EQ320,Torno CNC,Planta_B,16,Hidráulica,Media,1,4451.19,Sí
OT00619,Reparación,2026-05-06 08:47:07,Tec_04,EQ519,Prensa hidráulica,Planta_A,7,Eléctrica,Media,2,3565.38,Sí
OT00645,Asignación de técnico,2026-05-06 08:51:59,Jefe_Mantenimiento,EQ530,Montacargas,Planta_B,18,Eléctrica,Media,1,1605.36,Sí
OT00589,Puesta en operación,2026-05-06 08:54:42,Tec_03,EQ089,Prensa hidráulica,Planta_A,9,Mecánica,Media,2,4282.12,Sí
OT00641,Asignación de técnico,2026-05-06 08:57:56,Jefe_Mantenimiento,EQ416,Torno CNC,Planta_B,11,Eléctrica,Media,0,2510.21,Sí
OT00647,Falla reportada,2026-05-06 09:05:11,Operador_09,EQ365,Compresor,Planta_A,10,Eléctrica,Baja,1,805.1,Sí
OT00643,Asignación de técnico,2026-05-06 09:20:38,Jefe_Mantenimiento,EQ532,Montacargas,Planta_A,8,Eléctrica,Baja,4,3891.47,No
OT00645,Solicitud de repuesto,2026-05-06 09:22:00,Tec_06,EQ530,Montacargas,Planta_B,18,Eléctrica,Media,1,1605.36,Sí
OT00641,Solicitud de repuesto,2026-05-06 09:27:57,Tec_06,EQ416,Torno CNC,Planta_B,11,Eléctrica,Media,0,2510.21,Sí
OT00643,Solicitud de repuesto,2026-05-06 09:50:39,Tec_02,EQ532,Montacargas,Planta_A,8,Eléctrica,Baja,4,3891.47,No
OT00646,Falla reportada,2026-05-06 09:52:35,Operador_11,EQ503,Bomba,Planta_B,7,Hidráulica,Alta,3,830.62,No
OT00580,Reparación,2026-05-06 10:02:30,Tec_06,EQ281,Compresor,Planta_B,18,Hidráulica,Alta,2,4003.16,No
OT00619,Prueba,2026-05-06 10:06:55,Tec_04,EQ519,Prensa hidráulica,Planta_A,7,Eléctrica,Media,2,3565.38,Sí
OT00627,Prueba fallida,2026-05-06 10:17:59,Tec_04,EQ417,Montacargas,Planta_A,15,Hidráulica,Media,4,5301.56,Sí
OT00644,Prueba,2026-05-06 10:23:32,Tec_02,EQ568,Bomba,Planta_A,16,Hidráulica,Media,7,794.04,No
OT00647,Diagnóstico,2026-05-06 10:38:13,Tec_03,EQ365,Compresor,Planta_A,10,Eléctrica,Baja,1,805.1,Sí
OT00626,Reparación,2026-05-06 10:59:20,Tec_04,EQ065,Bomba,Planta_A,14,Hidráulica,Alta,3,1561.06,Sí
OT00619,Puesta en operación,2026-05-06 11:09:19,Tec_04,EQ519,Prensa hidráulica,Planta_A,7,Eléctrica,Media,2,3565.38,Sí
OT00644,Puesta en operación,2026-05-06 11:11:58,Tec_02,EQ568,Bomba,Planta_A,16,Hidráulica,Media,7,794.04,No
OT00642,Asignación de técnico,2026-05-06 11:32:37,Jefe_Mantenimiento,EQ134,Torno CNC,Planta_B,11,Mecánica,Media,2,934.32,Sí
OT00484,Reparación,2026-05-06 11:35:07,Tec_06,EQ426,Prensa hidráulica,Planta_B,7,Eléctrica,Media,1,3126.69,No
OT00647,Asignación de técnico,2026-05-06 12:06:10,Jefe_Mantenimiento,EQ365,Compresor,Planta_A,10,Eléctrica,Baja,1,805.1,Sí
OT00560,Prueba,2026-05-06 12:23:35,Tec_07,EQ335,Torno CNC,Planta_B,6,Eléctrica,Alta,1,3441.01,Sí
OT00484,Prueba fallida,2026-05-06 12:45:29,Tec_06,EQ426,Prensa hidráulica,Planta_B,7,Eléctrica,Media,1,3126.69,No
OT00626,Prueba,2026-05-06 12:48:49,Tec_04,EQ065,Bomba,Planta_A,14,Hidráulica,Alta,3,1561.06,Sí
OT00580,Prueba,2026-05-06 13:00:30,Tec_06,EQ281,Compresor,Planta_B,18,Hidráulica,Alta,2,4003.16,No
OT00642,Reparación,2026-05-06 13:07:26,Tec_07,EQ134,Torno CNC,Planta_B,11,Mecánica,Media,2,934.32,Sí
OT00627,Nueva reparación,2026-05-06 13:20:31,Tec_04,EQ417,Montacargas,Planta_A,15,Hidráulica,Media,4,5301.56,Sí
OT00580,Puesta en operación,2026-05-06 13:42:57,Tec_06,EQ281,Compresor,Planta_B,18,Hidráulica,Alta,2,4003.16,No
OT00647,Reparación,2026-05-06 14:41:56,Tec_03,EQ365,Compresor,Planta_A,10,Eléctrica,Baja,1,805.1,Sí
OT00626,Puesta en operación,2026-05-06 14:44:59,Tec_04,EQ065,Bomba,Planta_A,14,Hidráulica,Alta,3,1561.06,Sí
OT00627,Prueba,2026-05-06 14:51:28,Tec_04,EQ417,Montacargas,Planta_A,15,Hidráulica,Media,4,5301.56,Sí
OT00642,Prueba,2026-05-06 14:55:04,Tec_07,EQ134,Torno CNC,Planta_B,11,Mecánica,Media,2,934.32,Sí
OT00560,Puesta en operación,2026-05-06 15:12:24,Tec_07,EQ335,Torno CNC,Planta_B,6,Eléctrica,Alta,1,3441.01,Sí
OT00646,Diagnóstico,2026-05-06 15:17:54,Tec_B01,EQ503,Bomba,Planta_B,7,Hidráulica,Alta,3,830.62,No
OT00627,Puesta en operación,2026-05-06 15:41:11,Tec_04,EQ417,Montacargas,Planta_A,15,Hidráulica,Media,4,5301.56,Sí
OT00646,Asignación de técnico,2026-05-06 15:48:14,Jefe_Mantenimiento,EQ503,Bomba,Planta_B,7,Hidráulica,Alta,3,830.62,No
OT00484,Nueva reparación,2026-05-06 15:57:24,Tec_06,EQ426,Prensa hidráulica,Planta_B,7,Eléctrica,Media,1,3126.69,No
OT00484,Nueva reparación,2026-05-06 15:57:24,Tec_06,EQ426,Prensa hidráulica,Planta_B,7,Eléctrica,Media,1,3126.69,No
OT00642,Puesta en operación,2026-05-06 16:12:28,Tec_07,EQ134,Torno CNC,Planta_B,11,Mecánica,Media,2,934.32,Sí
OT00484,Prueba,2026-05-06 16:59:48,Tec_06,EQ426,Prensa hidráulica,Planta_B,7,Eléctrica,Media,1,3126.69,No
OT00648,Falla reportada,2026-05-07 03:26:06,Operador_05,EQ029,Montacargas,Planta_A,4,Eléctrica,Baja,3,2182.01,No
OT00484,Puesta en operación,2026-05-07 07:00:00,Tec_06,EQ426,Prensa hidráulica,Planta_B,7,Eléctrica,Media,1,3126.69,No
OT00629,Recepción de repuesto,2026-05-07 07:00:00,Bodega,EQ199,Montacargas,Planta_B,14,Mecánica,Alta,3,1837.92,Sí
OT00647,Prueba,2026-05-07 07:00:00,Tec_03,EQ365,Compresor,Planta_A,10,Eléctrica,Baja,1,805.1,Sí
OT00646,Reparación,2026-05-07 07:00:00,Tec_07,EQ503,Bomba,Planta_B,7,Hidráulica,Alta,3,830.62,No
OT00648,Diagnóstico,2026-05-07 07:10:00,Tec_02,EQ029,Montacargas,Planta_A,4,Eléctrica,Baja,3,2182.01,No
OT00640,Cierre,2026-05-07 08:00:00,Administracion_Mtto,EQ349,Bomba,Planta_A,15,Eléctrica,Baja,0,896.65,No
OT00630,Cierre,2026-05-07 08:00:00,Administracion_Mtto,EQ737,Montacargas,Planta_B,18,Mecánica,Media,3,848.74,No
OT00601,Cierre,2026-05-07 08:00:00,Administracion_Mtto,EQ371,Montacargas,Planta_B,18,Mecánica,Baja,9,5784.17,No
OT00647,Puesta en operación,2026-05-07 08:05:22,Tec_03,EQ365,Compresor,Planta_A,10,Eléctrica,Baja,1,805.1,Sí
OT00622,Cierre,2026-05-07 08:13:00,Administracion_Mtto,EQ139,Compresor,Planta_B,17,Eléctrica,Baja,5,1219.04,No
OT00620,Aprobación de compra,2026-05-07 08:21:00,Gerencia,EQ123,Montacargas,Planta_A,18,Mecánica,Alta,2,6389.76,No
OT00649,Falla reportada,2026-05-07 08:53:39,Operador_01,EQ364,Torno CNC,Planta_B,10,Eléctrica,Media,4,2382.74,No
OT00646,Prueba,2026-05-07 08:57:38,Tec_07,EQ503,Bomba,Planta_B,7,Hidráulica,Alta,3,830.62,No
OT00646,Puesta en operación,2026-05-07 09:36:30,Tec_07,EQ503,Bomba,Planta_B,7,Hidráulica,Alta,3,830.62,No
OT00648,Asignación de técnico,2026-05-07 09:41:01,Jefe_Mantenimiento,EQ029,Montacargas,Planta_A,4,Eléctrica,Baja,3,2182.01,No
OT00565,Recepción de repuesto,2026-05-07 12:03:52,Bodega,EQ027,Prensa hidráulica,Planta_B,12,Mecánica,Alta,0,6723.35,Sí
OT00648,Reparación,2026-05-07 12:24:57,Tec_02,EQ029,Montacargas,Planta_A,4,Eléctrica,Baja,3,2182.01,No
OT00649,Diagnóstico,2026-05-07 12:34:10,Tec_B01,EQ364,Torno CNC,Planta_B,10,Eléctrica,Media,4,2382.74,No
OT00624,Cierre,2026-05-07 12:37:29,Administracion_Mtto,EQ577,Montacargas,Planta_A,14,Eléctrica,Baja,0,1927.58,No
OT00565,Reparación,2026-05-07 12:55:45,Tec_06,EQ027,Prensa hidráulica,Planta_B,12,Mecánica,Alta,0,6723.35,Sí
OT00651,Falla reportada,2026-05-07 13:13:23,Operador_01,EQ715,Prensa hidráulica,Planta_B,17,Hidráulica,Media,4,6287.9,No
OT00649,Asignación de técnico,2026-05-07 13:18:43,Jefe_Mantenimiento,EQ364,Torno CNC,Planta_B,10,Eléctrica,Media,4,2382.74,No
OT00649,Solicitud de repuesto,2026-05-07 13:48:44,Tec_06,EQ364,Torno CNC,Planta_B,10,Eléctrica,Media,4,2382.74,No
OT00565,Prueba fallida,2026-05-07 13:57:30,Tec_06,EQ027,Prensa hidráulica,Planta_B,12,Mecánica,Alta,0,6723.35,Sí
OT00648,Prueba fallida,2026-05-07 15:15:45,Tec_02,EQ029,Montacargas,Planta_A,4,Eléctrica,Baja,3,2182.01,No
OT00629,Reparación,2026-05-07 16:03:10,Tec_07,EQ199,Montacargas,Planta_B,14,Mecánica,Alta,3,1837.92,Sí
OT00600,Recepción de repuesto,2026-05-07 16:10:32,Bodega,EQ417,Montacargas,Planta_A,15,Eléctrica,Baja,3,3081.88,Sí
OT00650,Falla reportada,2026-05-07 16:54:08,Operador_09,EQ154,Montacargas,Planta_A,3,Mecánica,Baja,1,2310.03,Sí
OT00629,Prueba,2026-05-07 16:59:49,Tec_07,EQ199,Montacargas,Planta_B,14,Mecánica,Alta,3,1837.92,Sí
OT00652,Falla reportada,2026-05-07 20:18:47,Operador_05,EQ289,Compresor,Planta_A,4,Software,Media,1,623.92,No
OT00656,Falla reportada,2026-05-08 00:56:04,Operador_08,EQ155,Bomba,Planta_A,18,Mecánica,Baja,3,2932.75,No
OT00629,Puesta en operación,2026-05-08 07:00:00,Tec_07,EQ199,Montacargas,Planta_B,14,Mecánica,Alta,3,1837.92,Sí
OT00650,Diagnóstico,2026-05-08 07:00:00,Tec_03,EQ154,Montacargas,Planta_A,3,Mecánica,Baja,1,2310.03,Sí
OT00600,Reparación,2026-05-08 07:00:00,Tec_04,EQ417,Montacargas,Planta_A,15,Eléctrica,Baja,3,3081.88,Sí
OT00652,Diagnóstico,2026-05-08 07:00:00,Tec_02,EQ289,Compresor,Planta_A,4,Software,Media,1,623.92,No
OT00565,Nueva reparación,2026-05-08 07:00:00,Tec_06,EQ027,Prensa hidráulica,Planta_B,12,Mecánica,Alta,0,6723.35,Sí
OT00649,Recepción de repuesto,2026-05-08 07:14:00,Bodega,EQ364,Torno CNC,Planta_B,10,Eléctrica,Media,4,2382.74,No
OT00577,Recepción de repuesto,2026-05-08 07:18:00,Bodega,EQ122,Bomba,Planta_A,15,Mecánica,Media,5,3039.61,No
OT00648,Nueva reparación,2026-05-08 07:21:00,Tec_02,EQ029,Montacargas,Planta_A,4,Eléctrica,Baja,3,2182.01,No
OT00656,Diagnóstico,2026-05-08 07:22:00,Tec_03,EQ155,Bomba,Planta_A,18,Mecánica,Baja,3,2932.75,No
OT00651,Diagnóstico,2026-05-08 07:26:00,Tec_B01,EQ715,Prensa hidráulica,Planta_B,17,Hidráulica,Media,4,6287.9,No
OT00650,Asignación de técnico,2026-05-08 07:37:24,Jefe_Mantenimiento,EQ154,Montacargas,Planta_A,3,Mecánica,Baja,1,2310.03,Sí
OT00565,Prueba,2026-05-08 07:45:01,Tec_06,EQ027,Prensa hidráulica,Planta_B,12,Mecánica,Alta,0,6723.35,Sí
OT00652,Asignación de técnico,2026-05-08 07:46:42,Jefe_Mantenimiento,EQ289,Compresor,Planta_A,4,Software,Media,1,623.92,No
OT00589,Cierre,2026-05-08 08:00:00,Administracion_Mtto,EQ089,Prensa hidráulica,Planta_A,9,Mecánica,Media,2,4282.12,Sí
OT00639,Cierre,2026-05-08 08:00:00,Administracion_Mtto,EQ047,Compresor,Planta_A,14,Software,Media,6,699.91,No
OT00619,Cierre,2026-05-08 08:00:00,Administracion_Mtto,EQ519,Prensa hidráulica,Planta_A,7,Eléctrica,Media,2,3565.38,Sí
OT00609,Cierre,2026-05-08 08:00:00,Administracion_Mtto,EQ402,Montacargas,Planta_A,4,Mecánica,Media,0,2051.14,No
OT00638,Cierre,2026-05-08 08:00:00,Administracion_Mtto,EQ549,Torno CNC,Planta_A,2,Mecánica,Media,0,787.44,Sí
OT00650,Solicitud de repuesto,2026-05-08 08:07:25,Tec_02,EQ154,Montacargas,Planta_A,3,Mecánica,Baja,1,2310.03,Sí
OT00558,Cierre,2026-05-08 08:16:00,Administracion_Mtto,EQ258,Prensa hidráulica,Planta_A,9,Mecánica,Baja,0,3265.91,No
OT00614,Cierre,2026-05-08 08:17:00,Administracion_Mtto,EQ376,Compresor,Planta_A,10,Mecánica,Alta,0,1400.0,No
OT00627,Cierre,2026-05-08 08:20:00,Administracion_Mtto,EQ417,Montacargas,Planta_A,15,Hidráulica,Media,4,5301.56,Sí
OT00632,Cierre,2026-05-08 08:21:00,Administracion_Mtto,EQ031,Torno CNC,Planta_A,14,Hidráulica,Alta,3,755.64,No
OT00643,Aprobación de compra,2026-05-08 08:29:00,Gerencia,EQ532,Montacargas,Planta_A,8,Eléctrica,Baja,4,3891.47,No
OT00656,Asignación de técnico,2026-05-08 08:29:57,Jefe_Mantenimiento,EQ155,Bomba,Planta_A,18,Mecánica,Baja,3,2932.75,No
OT00651,Asignación de técnico,2026-05-08 08:35:43,Jefe_Mantenimiento,EQ715,Prensa hidráulica,Planta_B,17,Hidráulica,Media,4,6287.9,No
OT00585,Cierre,2026-05-08 08:43:39,Administracion_Mtto,EQ159,Bomba,Planta_A,18,Mecánica,Baja,5,15095.37,No
OT00656,Solicitud de repuesto,2026-05-08 08:59:58,Tec_01,EQ155,Bomba,Planta_A,18,Mecánica,Baja,3,2932.75,No
OT00651,Solicitud de repuesto,2026-05-08 09:05:44,Tec_07,EQ715,Prensa hidráulica,Planta_B,17,Hidráulica,Media,4,6287.9,No
OT00600,Prueba fallida,2026-05-08 09:13:00,Tec_04,EQ417,Montacargas,Planta_A,15,Eléctrica,Baja,3,3081.88,Sí
OT00565,Puesta en operación,2026-05-08 09:22:38,Tec_06,EQ027,Prensa hidráulica,Planta_B,12,Mecánica,Alta,0,6723.35,Sí
OT00648,Prueba,2026-05-08 09:45:37,Tec_02,EQ029,Montacargas,Planta_A,4,Eléctrica,Baja,3,2182.01,No
OT00648,Puesta en operación,2026-05-08 10:36:24,Tec_02,EQ029,Montacargas,Planta_A,4,Eléctrica,Baja,3,2182.01,No
OT00577,Reparación,2026-05-08 11:01:28,Tec_04,EQ122,Bomba,Planta_A,15,Mecánica,Media,5,3039.61,No
OT00652,Reparación,2026-05-08 11:37:37,Tec_01,EQ289,Compresor,Planta_A,4,Software,Media,1,623.92,No
OT00649,Reparación,2026-05-08 12:37:15,Tec_06,EQ364,Torno CNC,Planta_B,10,Eléctrica,Media,4,2382.74,No
OT00577,Prueba fallida,2026-05-08 12:39:06,Tec_04,EQ122,Bomba,Planta_A,15,Mecánica,Media,5,3039.61,No
OT00600,Nueva reparación,2026-05-08 13:20:05,Tec_04,EQ417,Montacargas,Planta_A,15,Eléctrica,Baja,3,3081.88,Sí
OT00652,Prueba,2026-05-08 13:21:52,Tec_01,EQ289,Compresor,Planta_A,4,Software,Media,1,623.92,No
OT00655,Falla reportada,2026-05-08 13:39:49,Operador_05,EQ115,Torno CNC,Planta_A,16,Mecánica,Media,3,4943.38,No
OT00653,Falla reportada,2026-05-08 13:58:35,Operador_05,EQ279,Torno CNC,Planta_A,17,Mecánica,Alta,1,6446.35,No
OT00600,Prueba,2026-05-08 14:02:26,Tec_04,EQ417,Montacargas,Planta_A,15,Eléctrica,Baja,3,3081.88,Sí
OT00652,Puesta en operación,2026-05-08 14:08:21,Tec_01,EQ289,Compresor,Planta_A,4,Software,Media,1,623.92,No
OT00577,Nueva reparación,2026-05-08 14:24:43,Tec_04,EQ122,Bomba,Planta_A,15,Mecánica,Media,5,3039.61,No
OT00649,Prueba,2026-05-08 14:40:49,Tec_06,EQ364,Torno CNC,Planta_B,10,Eléctrica,Media,4,2382.74,No
OT00655,Diagnóstico,2026-05-08 14:40:52,Tec_04,EQ115,Torno CNC,Planta_A,16,Mecánica,Media,3,4943.38,No
OT00600,Puesta en operación,2026-05-08 15:06:32,Tec_04,EQ417,Montacargas,Planta_A,15,Eléctrica,Baja,3,3081.88,Sí
OT00653,Diagnóstico,2026-05-08 15:16:22,Tec_04,EQ279,Torno CNC,Planta_A,17,Mecánica,Alta,1,6446.35,No
OT00618,Recepción de repuesto,2026-05-08 15:18:36,Bodega,EQ724,Prensa hidráulica,Planta_A,14,Eléctrica,Alta,2,1744.51,Sí
OT00649,Puesta en operación,2026-05-08 15:25:38,Tec_06,EQ364,Torno CNC,Planta_B,10,Eléctrica,Media,4,2382.74,No
OT00653,Asignación de técnico,2026-05-08 16:25:20,Jefe_Mantenimiento,EQ279,Torno CNC,Planta_A,17,Mecánica,Alta,1,6446.35,No
OT00577,Prueba,2026-05-08 16:29:38,Tec_04,EQ122,Bomba,Planta_A,15,Mecánica,Media,5,3039.61,No
OT00655,Asignación de técnico,2026-05-08 16:37:47,Jefe_Mantenimiento,EQ115,Torno CNC,Planta_A,16,Mecánica,Media,3,4943.38,No
OT00610,Recepción de repuesto,2026-05-08 16:48:44,Bodega,EQ582,Montacargas,Planta_A,18,Hidráulica,Media,5,3115.13,No
OT00615,Cierre,2026-05-08 16:52:04,Administracion_Mtto,EQ150,Bomba,Planta_B,18,Software,Media,4,1400.0,No
OT00653,Solicitud de repuesto,2026-05-08 16:55:21,Tec_02,EQ279,Torno CNC,Planta_A,17,Mecánica,Alta,1,6446.35,No
OT00655,Solicitud de repuesto,2026-05-08 17:07:48,Tec_03,EQ115,Torno CNC,Planta_A,16,Mecánica,Media,3,4943.38,No
OT00654,Falla reportada,2026-05-08 18:25:48,Operador_05,EQ252,Bomba,Planta_B,10,Eléctrica,Media,5,1400.0,Sí
OT00657,Falla reportada,2026-05-08 21:13:22,Operador_08,EQ294,Montacargas,Planta_A,14,Mecánica,Baja,1,8721.7,No
OT00658,Falla reportada,2026-05-08 22:57:07,Operador_03,EQ192,Prensa hidráulica,Planta_A,1,Eléctrica,Baja,0,2160.13,Sí
OT00659,Falla reportada,2026-05-08 23:27:08,Operador_04,EQ310,Torno CNC,Planta_A,13,Eléctrica,Alta,3,2296.51,No
OT00660,Falla reportada,2026-05-09 09:45:56,Operador_09,EQ263,Bomba,Planta_B,11,Mecánica,Alta,0,1762.81,No
OT00661,Falla reportada,2026-05-09 17:08:50,Operador_07,EQ738,Bomba,Planta_B,5,Eléctrica,Alta,1,1400.0,No
OT00663,Falla reportada,2026-05-10 05:25:22,Operador_01,EQ068,Compresor,Planta_B,17,Hidráulica,Media,2,3165.83,Sí
OT00664,falla reportada,2026-05-10 07:34:43,Operador_11,EQ335,Torno CNC,Planta_B,6,Hidráulica,Baja,2,1400.0,Sí
OT00666,Falla reportada,2026-05-10 10:17:10,Operador_10,EQ173,Bomba,Planta_B,10,Mecánica,Media,4,2266.26,Sí
OT00665,Falla reportada,2026-05-10 12:19:09,Operador_06,EQ043,Prensa hidráulica,Planta_B,13,Software,Alta,5,871.12,No
OT00662,Falla reportada,2026-05-10 20:52:03,Operador_11,EQ624,Bomba,Planta_A,13,Hidráulica,Baja,1,1782.21,No
OT00668,Falla reportada,2026-05-11 00:33:40,Operador_09,EQ330,Bomba,Planta_A,14,Software,Baja,4,550.97,No
OT00667,Falla reportada,2026-05-11 00:52:12,Operador_09,EQ061,Torno CNC,Planta_B,9,Mecánica,Media,2,3485.71,Sí
OT00610,Reparación,2026-05-11 07:00:00,Tec_03,EQ582,Montacargas,Planta_A,18,Hidráulica,Media,5,3115.13,No
OT00650,Recepción de repuesto,2026-05-11 07:00:00,Bodega,EQ154,Montacargas,Planta_A,3,Mecánica,Baja,1,2310.03,Sí
OT00608,Recepción de repuesto,2026-05-11 07:00:00,Bodega,EQ617,Torno CNC,Planta_A,4,Hidráulica,Alta,2,2952.14,Sí
OT00661,Diagnóstico,2026-05-11 07:00:00,Tec_B01,EQ738,Bomba,Planta_B,5,Eléctrica,Alta,1,1400.0,No
OT00665,Diagnóstico,2026-05-11 07:00:00,Tec_B01,EQ043,Prensa hidráulica,Planta_B,13,Software,Alta,5,871.12,No
OT00603,Recepción de repuesto,2026-05-11 07:00:00,Bodega,EQ427,Prensa hidráulica,Planta_A,8,Hidráulica,Baja,3,4769.84,No
OT00664,Diagnóstico,2026-05-11 07:00:00,Tec_B01,EQ335,Torno CNC,Planta_B,6,Hidráulica,Baja,2,1400.0,Sí
OT00605,Recepción de repuesto,2026-05-11 07:00:00,Bodega,EQ160,Compresor,Planta_A,4,Hidráulica,Media,1,3451.16,No
OT00659,Diagnóstico,2026-05-11 07:00:00,Tec_05,EQ310,Torno CNC,Planta_A,13,Eléctrica,Alta,3,2296.51,No
OT00663,Diagnóstico,2026-05-11 07:00:00,Tec_B01,EQ068,Compresor,Planta_B,17,Hidráulica,Media,2,3165.83,Sí
OT00577,Puesta en operación,2026-05-11 07:00:00,Tec_04,EQ122,Bomba,Planta_A,15,Mecánica,Media,5,3039.61,No
OT00654,Diagnóstico,2026-05-11 07:00:00,Tec_B01,EQ252,Bomba,Planta_B,10,Eléctrica,Media,5,1400.0,Sí
OT00666,Diagnóstico,2026-05-11 07:00:00,Tec_B01,EQ173,Bomba,Planta_B,10,Mecánica,Media,4,2266.26,Sí
OT00618,Reparación,2026-05-11 07:00:00,Tec_01,EQ724,Prensa hidráulica,Planta_A,14,Eléctrica,Alta,2,1744.51,Sí
OT00658,Diagnóstico,2026-05-11 07:00:00,Tec_01,EQ192,Prensa hidráulica,Planta_A,1,Eléctrica,Baja,0,2160.13,Sí
OT00643,Recepción de repuesto,2026-05-11 07:00:00,Bodega,EQ532,Montacargas,Planta_A,8,Eléctrica,Baja,4,3891.47,No
OT00651,Recepción de repuesto,2026-05-11 07:00:00,Bodega,EQ715,Prensa hidráulica,Planta_B,17,Hidráulica,Media,4,6287.9,No
OT00657,Diagnóstico,2026-05-11 07:00:00,Tec_05,EQ294,Montacargas,Planta_A,14,Mecánica,Baja,1,8721.7,No
OT00636,Recepción de repuesto,2026-05-11 07:00:00,Bodega,EQ660,Montacargas,Planta_A,10,Mecánica,Baja,2,3137.24,Sí
OT00662,Diagnóstico,2026-05-11 07:00:00,Tec_04,EQ624,Bomba,Planta_A,13,Hidráulica,Baja,1,1782.21,No
OT00620,Recepción de repuesto,2026-05-11 07:00:00,Bodega,EQ123,Montacargas,Planta_A,18,Mecánica,Alta,2,6389.76,No
OT00660,Diagnóstico,2026-05-11 07:00:00,Tec_B01,EQ263,Bomba,Planta_B,11,Mecánica,Alta,0,1762.81,No
OT00668,Diagnóstico,2026-05-11 07:17:00,Tec_02,EQ330,Bomba,Planta_A,14,Software,Baja,4,550.97,No
OT00657,Asignación de técnico,2026-05-11 07:17:07,Jefe_Mantenimiento,EQ294,Montacargas,Planta_A,14,Mecánica,Baja,1,8721.7,No
OT00661,Asignación de técnico,2026-05-11 07:33:12,Jefe_Mantenimiento,EQ738,Bomba,Planta_B,5,Eléctrica,Alta,1,1400.0,No
OT00665,Asignación de técnico,2026-05-11 07:35:58,Jefe_Mantenimiento,EQ043,Prensa hidráulica,Planta_B,13,Software,Alta,5,871.12,No
OT00659,Asignación de técnico,2026-05-11 07:40:05,Jefe_Mantenimiento,EQ310,Torno CNC,Planta_A,13,Eléctrica,Alta,3,2296.51,No
OT00657,Solicitud de repuesto,2026-05-11 07:47:08,Tec_04,EQ294,Montacargas,Planta_A,14,Mecánica,Baja,1,8721.7,No
OT00662,Asignación de técnico,2026-05-11 07:52:24,Jefe_Mantenimiento,EQ624,Bomba,Planta_A,13,Hidráulica,Baja,1,1782.21,No
OT00507,Cierre,2026-05-11 08:00:00,Administracion_Mtto,EQ269,Torno CNC,Planta_A,4,Eléctrica,Media,0,2947.57,Sí
OT00635,Cierre,2026-05-11 08:00:00,Administracion_Mtto,EQ107,Torno CNC,Planta_A,14,Software,Media,5,927.46,No
OT00580,Cierre,2026-05-11 08:00:00,Administracion_Mtto,EQ281,Compresor,Planta_B,18,Hidráulica,Alta,2,4003.16,No
OT00629,Cierre,2026-05-11 08:00:00,Administracion_Mtto,EQ199,Montacargas,Planta_B,14,Mecánica,Alta,3,1837.92,Sí
OT00600,Cierre,2026-05-11 08:00:00,Administracion_Mtto,EQ417,Montacargas,Planta_A,15,Eléctrica,Baja,3,3081.88,Sí
OT00649,Cierre,2026-05-11 08:00:00,Administracion_Mtto,EQ364,Torno CNC,Planta_B,10,Eléctrica,Media,4,2382.74,No
OT00647,Cierre,2026-05-11 08:00:00,Administracion_Mtto,EQ365,Compresor,Planta_A,10,Eléctrica,Baja,1,805.1,Sí
OT00623,Cierre,2026-05-11 08:00:00,Administracion_Mtto,EQ553,Bomba,Planta_A,18,Mecánica,Media,4,651.65,No
OT00655,Aprobación de compra,2026-05-11 08:00:00,Gerencia,EQ115,Torno CNC,Planta_A,16,Mecánica,Media,3,4943.38,No
OT00621,Cierre,2026-05-11 08:00:00,Administracion_Mtto,EQ155,Bomba,Planta_A,18,Mecánica,Media,2,1400.0,Sí
OT00646,Cierre,2026-05-11 08:00:00,Administracion_Mtto,EQ503,Bomba,Planta_B,7,Hidráulica,Alta,3,830.62,No
OT00529,Cierre,2026-05-11 08:00:00,Administracion_Mtto,EQ008,Prensa hidráulica,Planta_A,8,Mecánica,Media,3,1758.79,No
OT00579,Cierre,2026-05-11 08:00:00,Administracion_Mtto,EQ057,Montacargas,Planta_A,10,Mecánica,Media,0,2163.47,No
OT00565,Cierre,2026-05-11 08:00:00,Administracion_Mtto,EQ027,Prensa hidráulica,Planta_B,12,Mecánica,Alta,0,6723.35,Sí
OT00631,Cierre,2026-05-11 08:00:00,Administracion_Mtto,EQ580,Compresor,Planta_A,6,Mecánica,Media,1,376.93,No
OT00484,Cierre,2026-05-11 08:00:00,Administracion_Mtto,EQ426,Prensa hidráulica,Planta_B,7,Eléctrica,Media,1,3126.69,No
OT00633,Cierre,2026-05-11 08:00:00,Administracion_Mtto,EQ422,Torno CNC,Planta_A,6,Hidráulica,Media,1,790.52,No
OT00560,Cierre,2026-05-11 08:00:00,Administracion_Mtto,EQ335,Torno CNC,Planta_B,6,Eléctrica,Alta,1,3441.01,Sí
OT00663,Asignación de técnico,2026-05-11 08:01:38,Jefe_Mantenimiento,EQ068,Compresor,Planta_B,17,Hidráulica,Media,2,3165.83,Sí
OT00672,Falla reportada,2026-05-11 08:03:37,Operador_06,EQ282,Torno CNC,Planta_A,12,Mecánica,Media,1,814.21,No
OT00659,Solicitud de repuesto,2026-05-11 08:10:06,Tec_01,EQ310,Torno CNC,Planta_A,13,Eléctrica,Alta,3,2296.51,No
OT00664,Asignación de técnico,2026-05-11 08:10:06,Jefe_Mantenimiento,EQ335,Torno CNC,Planta_B,6,Hidráulica,Baja,2,1400.0,Sí
OT00667,Diagnóstico,2026-05-11 08:13:57,Tec_B01,EQ061,Torno CNC,Planta_B,9,Mecánica,Media,2,3485.71,Sí
OT00666,Asignación de técnico,2026-05-11 08:14:35,Jefe_Mantenimiento,EQ173,Bomba,Planta_B,10,Mecánica,Media,4,2266.26,Sí
OT00662,Solicitud de repuesto,2026-05-11 08:22:25,Tec_01,EQ624,Bomba,Planta_A,13,Hidráulica,Baja,1,1782.21,No
OT00605,Reparación,2026-05-11 08:23:23,Tec_04,EQ160,Compresor,Planta_A,4,Hidráulica,Media,1,3451.16,No
OT00663,Solicitud de repuesto,2026-05-11 08:31:39,Tec_06,EQ068,Compresor,Planta_B,17,Hidráulica,Media,2,3165.83,Sí
OT00610,Prueba,2026-05-11 08:37:58,Tec_03,EQ582,Montacargas,Planta_A,18,Hidráulica,Media,5,3115.13,No
OT00666,Solicitud de repuesto,2026-05-11 08:44:36,Tec_06,EQ173,Bomba,Planta_B,10,Mecánica,Media,4,2266.26,Sí
OT00618,Prueba,2026-05-11 08:45:09,Tec_01,EQ724,Prensa hidráulica,Planta_A,14,Eléctrica,Alta,2,1744.51,Sí
OT00608,Reparación,2026-05-11 08:46:26,Tec_05,EQ617,Torno CNC,Planta_A,4,Hidráulica,Alta,2,2952.14,Sí
OT00667,Asignación de técnico,2026-05-11 09:07:39,Jefe_Mantenimiento,EQ061,Torno CNC,Planta_B,9,Mecánica,Media,2,3485.71,Sí
OT00665,Reparación,2026-05-11 09:16:19,Tec_07,EQ043,Prensa hidráulica,Planta_B,13,Software,Alta,5,871.12,No
OT00672,Diagnóstico,2026-05-11 09:20:18,Tec_02,EQ282,Torno CNC,Planta_A,12,Mecánica,Media,1,814.21,No
OT00610,Puesta en operación,2026-05-11 09:22:18,Tec_03,EQ582,Montacargas,Planta_A,18,Hidráulica,Media,5,3115.13,No
OT00603,Reparación,2026-05-11 09:23:11,Tec_05,EQ427,Prensa hidráulica,Planta_A,8,Hidráulica,Baja,3,4769.84,No
OT00654,Asignación de técnico,2026-05-11 09:30:21,Jefe_Mantenimiento,EQ252,Bomba,Planta_B,10,Eléctrica,Media,5,1400.0,Sí
OT00661,Reparación,2026-05-11 09:30:31,Tec_07,EQ738,Bomba,Planta_B,5,Eléctrica,Alta,1,1400.0,No
OT00617,Cierre,2026-05-11 09:31:08,Administracion_Mtto,EQ153,Torno CNC,Planta_A,4,Software,Media,0,1400.0,No
OT00620,Reparación,2026-05-11 09:33:59,Tec_04,EQ123,Montacargas,Planta_A,18,Mecánica,Alta,2,6389.76,No
OT00650,Reparación,2026-05-11 09:37:26,Tec_02,EQ154,Montacargas,Planta_A,3,Mecánica,Baja,1,2310.03,Sí
OT00667,solicitud de repuesto,2026-05-11 09:37:40,Tec_06,EQ061,Torno CNC,Planta_B,9,Mecánica,Media,2,3485.71,Sí
OT00608,Prueba,2026-05-11 10:00:18,Tec_05,EQ617,Torno CNC,Planta_A,4,Hidráulica,Alta,2,2952.14,Sí
OT00660,Asignación de técnico,2026-05-11 10:07:24,Jefe_Mantenimiento,EQ263,Bomba,Planta_B,11,Mecánica,Alta,0,1762.81,No
OT00618,Puesta en operación,2026-05-11 10:20:37,Tec_01,EQ724,Prensa hidráulica,Planta_A,14,Eléctrica,Alta,2,1744.51,Sí
OT00672,Asignación de técnico,2026-05-11 10:21:12,Jefe_Mantenimiento,EQ282,Torno CNC,Planta_A,12,Mecánica,Media,1,814.21,No
OT00608,Puesta en operación,2026-05-11 10:31:58,Tec_05,EQ617,Torno CNC,Planta_A,4,Hidráulica,Alta,2,2952.14,Sí
OT00605,Prueba,2026-05-11 10:34:17,Tec_04,EQ160,Compresor,Planta_A,4,Hidráulica,Media,1,3451.16,No
OT00643,Reparación,2026-05-11 10:37:02,Tec_02,EQ532,Montacargas,Planta_A,8,Eléctrica,Baja,4,3891.47,No
OT00660,Solicitud de repuesto,2026-05-11 10:37:25,Tec_06,EQ263,Bomba,Planta_B,11,Mecánica,Alta,0,1762.81,No
OT00658,Asignación de técnico,2026-05-11 10:50:24,Jefe_Mantenimiento,EQ192,Prensa hidráulica,Planta_A,1,Eléctrica,Baja,0,2160.13,Sí
OT00620,Prueba,2026-05-11 10:58:22,Tec_04,EQ123,Montacargas,Planta_A,18,Mecánica,Alta,2,6389.76,No
OT00661,Prueba,2026-05-11 11:05:00,Tec_07,EQ738,Bomba,Planta_B,5,Eléctrica,Alta,1,1400.0,No
OT00651,Reparación,2026-05-11 11:06:13,Tec_07,EQ715,Prensa hidráulica,Planta_B,17,Hidráulica,Media,4,6287.9,No
OT00603,Prueba,2026-05-11 11:06:42,Tec_05,EQ427,Prensa hidráulica,Planta_A,8,Hidráulica,Baja,3,4769.84,No
OT00658,Solicitud de repuesto,2026-05-11 11:20:25,Tec_05,EQ192,Prensa hidráulica,Planta_A,1,Eléctrica,Baja,0,2160.13,Sí
OT00668,Asignación de técnico,2026-05-11 11:24:41,Jefe_Mantenimiento,EQ330,Bomba,Planta_A,14,Software,Baja,4,550.97,No
OT00605,Puesta en operación,2026-05-11 11:37:49,Tec_04,EQ160,Compresor,Planta_A,4,Hidráulica,Media,1,3451.16,No
OT00665,Prueba,2026-05-11 12:14:07,Tec_07,EQ043,Prensa hidráulica,Planta_B,13,Software,Alta,5,871.12,No
OT00603,Puesta en operación,2026-05-11 12:14:48,Tec_05,EQ427,Prensa hidráulica,Planta_A,8,Hidráulica,Baja,3,4769.84,No
OT00661,Puesta en operación,2026-05-11 12:15:47,Tec_07,EQ738,Bomba,Planta_B,5,Eléctrica,Alta,1,1400.0,No
OT00654,Reparación,2026-05-11 12:44:37,Tec_06,EQ252,Bomba,Planta_B,10,Eléctrica,Media,5,1400.0,Sí
OT00620,Puesta en operación,2026-05-11 12:46:20,Tec_04,EQ123,Montacargas,Planta_A,18,Mecánica,Alta,2,6389.76,No
OT00651,Prueba fallida,2026-05-11 12:55:12,Tec_07,EQ715,Prensa hidráulica,Planta_B,17,Hidráulica,Media,4,6287.9,No
OT00665,Puesta en operación,2026-05-11 13:12:30,Tec_07,EQ043,Prensa hidráulica,Planta_B,13,Software,Alta,5,871.12,No
OT00643,Prueba,2026-05-11 13:14:15,Tec_02,EQ532,Montacargas,Planta_A,8,Eléctrica,Baja,4,3891.47,No
OT00643,Puesta en operación,2026-05-11 14:05:25,Tec_02,EQ532,Montacargas,Planta_A,8,Eléctrica,Baja,4,3891.47,No
OT00668,Reparación,2026-05-11 14:25:58,Tec_02,EQ330,Bomba,Planta_A,14,Software,Baja,4,550.97,No
OT00650,Prueba,2026-05-11 14:28:21,Tec_02,EQ154,Montacargas,Planta_A,3,Mecánica,Baja,1,2310.03,Sí
OT00636,Reparación,2026-05-11 14:28:33,Tec_05,EQ660,Montacargas,Planta_A,10,Mecánica,Baja,2,3137.24,Sí
OT00651,Nueva reparación,2026-05-11 14:52:04,Tec_07,EQ715,Prensa hidráulica,Planta_B,17,Hidráulica,Media,4,6287.9,No
OT00664,Reparación,2026-05-11 15:01:01,Tec_06,EQ335,Torno CNC,Planta_B,6,Hidráulica,Baja,2,1400.0,Sí
OT00654,Prueba,2026-05-11 15:14:36,Tec_06,EQ252,Bomba,Planta_B,10,Eléctrica,Media,5,1400.0,Sí
OT00650,Puesta en operación,2026-05-11 15:28:47,Tec_02,EQ154,Montacargas,Planta_A,3,Mecánica,Baja,1,2310.03,Sí
OT00668,Prueba,2026-05-11 15:37:55,Tec_02,EQ330,Bomba,Planta_A,14,Software,Baja,4,550.97,No
OT00636,Prueba fallida,2026-05-11 16:06:39,Tec_05,EQ660,Montacargas,Planta_A,10,Mecánica,Baja,2,3137.24,Sí
OT00672,Reparación,2026-05-11 16:08:49,Tec_05,EQ282,Torno CNC,Planta_A,12,Mecánica,Media,1,814.21,No
OT00668,Puesta en operación,2026-05-11 16:18:11,Tec_02,EQ330,Bomba,Planta_A,14,Software,Baja,4,550.97,No
OT00654,Puesta en operación,2026-05-11 16:20:04,Tec_06,EQ252,Bomba,Planta_B,10,Eléctrica,Media,5,1400.0,Sí
OT00664,Prueba,2026-05-11 16:33:31,Tec_06,EQ335,Torno CNC,Planta_B,6,Hidráulica,Baja,2,1400.0,Sí
OT00671,Falla reportada,2026-05-11 19:08:06,Operador_05,EQ035,Compresor,Planta_B,8,Mecánica,Baja,3,3830.21,Sí
OT00669,Falla reportada,2026-05-11 21:52:29,Operador_02,EQ488,Prensa hidráulica,Planta_A,7,Eléctrica,Baja,4,490.37,Sí
OT00670,Falla reportada,2026-05-11 23:02:44,Operador_01,EQ662,Torno CNC,Planta_A,8,Mecánica,Alta,2,1286.79,Sí
OT00677,Falla reportada,2026-05-12 00:19:49,Operador_07,EQ655,Torno CNC,Planta_B,6,Mecánica,Baja,1,1848.07,Sí
OT00675,Falla reportada,2026-05-12 04:17:44,Operador_07,EQ085,Bomba,Planta_A,5,Eléctrica,Media,1,299.23,No
OT00672,Prueba,2026-05-12 07:00:00,Tec_05,EQ282,Torno CNC,Planta_A,12,Mecánica,Media,1,814.21,No
OT00651,Prueba fallida,2026-05-12 07:00:00,Tec_07,EQ715,Prensa hidráulica,Planta_B,17,Hidráulica,Media,4,6287.9,No
OT00671,Diagnóstico,2026-05-12 07:00:00,Tec_B01,EQ035,Compresor,Planta_B,8,Mecánica,Baja,3,3830.21,Sí
OT00664,Puesta en operación,2026-05-12 07:00:00,Tec_06,EQ335,Torno CNC,Planta_B,6,Hidráulica,Baja,2,1400.0,Sí
OT00666,Recepción de repuesto,2026-05-12 07:00:00,Bodega,EQ173,Bomba,Planta_B,10,Mecánica,Media,4,2266.26,Sí
OT00669,Diagnóstico,2026-05-12 07:04:00,Tec_02,EQ488,Prensa hidráulica,Planta_A,7,Eléctrica,Baja,4,490.37,Sí
OT00659,Recepción de repuesto,2026-05-12 07:04:00,Bodega,EQ310,Torno CNC,Planta_A,13,Eléctrica,Alta,3,2296.51,No
OT00662,Recepción de repuesto,2026-05-12 07:06:00,Bodega,EQ624,Bomba,Planta_A,13,Hidráulica,Baja,1,1782.21,No
OT00595,Recepción de repuesto,2026-05-12 07:07:00,Bodega,EQ400,Montacargas,Planta_B,9,Software,Baja,2,3000.79,Sí
OT00598,Recepción de repuesto,2026-05-12 07:07:29,Bodega,EQ334,Prensa hidráulica,Planta_A,7,Mecánica,Media,3,1764.54,No
OT00636,Nueva reparación,2026-05-12 07:08:00,Tec_05,EQ660,Montacargas,Planta_A,10,Mecánica,Baja,2,3137.24,Sí
OT00672,Puesta en operación,2026-05-12 07:19:24,Tec_05,EQ282,Torno CNC,Planta_A,12,Mecánica,Media,1,814.21,No
OT00675,Diagnóstico,2026-05-12 07:21:00,Tec_03,EQ085,Bomba,Planta_A,5,Eléctrica,Media,1,299.23,No
OT00670,Diagnóstico,2026-05-12 07:28:00,Tec_02,EQ662,Torno CNC,Planta_A,8,Mecánica,Alta,2,1286.79,Sí
OT00669,Asignación de técnico,2026-05-12 07:48:10,Jefe_Mantenimiento,EQ488,Prensa hidráulica,Planta_A,7,Eléctrica,Baja,4,490.37,Sí
OT00568,Cierre,2026-05-12 08:00:00,Administracion_Mtto,EQ252,Bomba,Planta_B,10,Hidráulica,Media,4,5569.97,Sí
OT00648,Cierre,2026-05-12 08:00:00,Administracion_Mtto,EQ029,Montacargas,Planta_A,4,Eléctrica,Baja,3,2182.01,No
OT00642,Cierre,2026-05-12 08:00:00,Administracion_Mtto,EQ134,Torno CNC,Planta_B,11,Mecánica,Media,2,934.32,Sí
OT00592,Cierre,2026-05-12 08:00:00,Administracion_Mtto,EQ545,Bomba,Planta_A,8,Eléctrica,Alta,0,2617.54,No
OT00653,Aprobación de compra,2026-05-12 08:00:00,Gerencia,EQ279,Torno CNC,Planta_A,17,Mecánica,Alta,1,6446.35,No
OT00628,Cierre,2026-05-12 08:00:00,Administracion_Mtto,EQ073,Prensa hidráulica,Planta_A,11,Mecánica,Alta,4,2800.0,Sí
OT00675,Asignación de técnico,2026-05-12 08:15:30,Jefe_Mantenimiento,EQ085,Bomba,Planta_A,5,Eléctrica,Media,1,299.23,No
OT00611,Cierre,2026-05-12 08:17:00,Administracion_Mtto,EQ471,Torno CNC,Planta_A,12,Eléctrica,Media,3,1400.0,No
OT00671,Asignación de técnico,2026-05-12 08:25:55,Jefe_Mantenimiento,EQ035,Compresor,Planta_B,8,Mecánica,Baja,3,3830.21,Sí
OT00666,Reparación,2026-05-12 08:31:32,Tec_06,EQ173,Bomba,Planta_B,10,Mecánica,Media,4,2266.26,Sí
OT00651,Nueva reparación,2026-05-12 08:33:53,Tec_07,EQ715,Prensa hidráulica,Planta_B,17,Hidráulica,Media,4,6287.9,No
OT00636,Prueba,2026-05-12 08:34:11,Tec_05,EQ660,Montacargas,Planta_A,10,Mecánica,Baja,2,3137.24,Sí
OT00670,Asignación de técnico,2026-05-12 08:46:46,Jefe_Mantenimiento,EQ662,Torno CNC,Planta_A,8,Mecánica,Alta,2,1286.79,Sí
OT00671,Solicitud de repuesto,2026-05-12 08:55:56,Tec_07,EQ035,Compresor,Planta_B,8,Mecánica,Baja,3,3830.21,Sí
OT00636,Puesta en operación,2026-05-12 09:21:48,Tec_05,EQ660,Montacargas,Planta_A,10,Mecánica,Baja,2,3137.24,Sí
OT00662,Reparación,2026-05-12 09:42:56,Tec_01,EQ624,Bomba,Planta_A,13,Hidráulica,Baja,1,1782.21,No
OT00675,Reparación,2026-05-12 09:43:24,Tec_03,EQ085,Bomba,Planta_A,5,Eléctrica,Media,1,299.23,No
OT00659,Reparación,2026-05-12 09:49:18,Tec_01,EQ310,Torno CNC,Planta_A,13,Eléctrica,Alta,3,2296.51,No
OT00669,Reparación,2026-05-12 09:50:00,Tec_02,EQ488,Prensa hidráulica,Planta_A,7,Eléctrica,Baja,4,490.37,Sí
OT00666,Prueba,2026-05-12 09:53:49,Tec_06,EQ173,Bomba,Planta_B,10,Mecánica,Media,4,2266.26,Sí
OT00595,Reparación,2026-05-12 10:06:26,Tec_07,EQ400,Montacargas,Planta_B,9,Software,Baja,2,3000.79,Sí
OT00598,Reparación,2026-05-12 10:16:11,Tec_02,EQ334,Prensa hidráulica,Planta_A,7,Mecánica,Media,3,1764.54,No
OT00662,Prueba,2026-05-12 10:26:30,Tec_01,EQ624,Bomba,Planta_A,13,Hidráulica,Baja,1,1782.21,No
OT00676,Falla reportada,2026-05-12 10:48:36,Operador_03,EQ715,Prensa hidráulica,Planta_B,17,Mecánica,Media,5,2682.57,No
OT00595,Prueba,2026-05-12 11:01:14,Tec_07,EQ400,Montacargas,Planta_B,9,Software,Baja,2,3000.79,Sí
OT00659,Prueba,2026-05-12 11:05:07,Tec_01,EQ310,Torno CNC,Planta_A,13,Eléctrica,Alta,3,2296.51,No
OT00669,Prueba,2026-05-12 11:20:58,Tec_02,EQ488,Prensa hidráulica,Planta_A,7,Eléctrica,Baja,4,490.37,Sí
OT00651,Prueba fallida,2026-05-12 11:25:46,Tec_07,EQ715,Prensa hidráulica,Planta_B,17,Hidráulica,Media,4,6287.9,No
OT00675,Prueba,2026-05-12 11:41:49,Tec_03,EQ085,Bomba,Planta_A,5,Eléctrica,Media,1,299.23,No
OT00669,Puesta en operación,2026-05-12 11:53:07,Tec_02,EQ488,Prensa hidráulica,Planta_A,7,Eléctrica,Baja,4,490.37,Sí
OT00659,Puesta en operación,2026-05-12 12:13:33,Tec_01,EQ310,Torno CNC,Planta_A,13,Eléctrica,Alta,3,2296.51,No
OT00666,Puesta en operación,2026-05-12 12:18:34,Tec_06,EQ173,Bomba,Planta_B,10,Mecánica,Media,4,2266.26,Sí
OT00598,Prueba,2026-05-12 12:31:29,Tec_02,EQ334,Prensa hidráulica,Planta_A,7,Mecánica,Media,3,1764.54,No
OT00675,Puesta en operación,2026-05-12 12:50:43,Tec_03,EQ085,Bomba,Planta_A,5,Eléctrica,Media,1,299.23,No
OT00598,Puesta en operación,2026-05-12 13:26:54,Tec_02,EQ334,Prensa hidráulica,Planta_A,7,Mecánica,Media,3,1764.54,No
OT00673,Falla reportada,2026-05-12 13:41:40,Operador_06,EQ018,Compresor,Planta_A,11,Mecánica,Media,3,776.83,No
OT00595,Puesta en operación,2026-05-12 14:30:17,Tec_07,EQ400,Montacargas,Planta_B,9,Software,Baja,2,3000.79,Sí
OT00662,Puesta en operación,2026-05-12 14:44:28,Tec_01,EQ624,Bomba,Planta_A,13,Hidráulica,Baja,1,1782.21,No
OT00674,Falla reportada,2026-05-12 15:15:46,Operador_02,EQ528,Bomba,Planta_B,17,Mecánica,Alta,1,2062.45,Sí
OT00651,Nueva reparación,2026-05-12 15:43:18,Tec_07,EQ715,Prensa hidráulica,Planta_B,17,Hidráulica,Media,4,6287.9,No
OT00673,Diagnóstico,2026-05-12 16:06:31,Tec_04,EQ018,Compresor,Planta_A,11,Mecánica,Media,3,776.83,No
OT00674,Diagnóstico,2026-05-12 16:06:37,Tec_B01,EQ528,Bomba,Planta_B,17,Mecánica,Alta,1,2062.45,Sí
OT00678,Falla reportada,2026-05-12 16:21:52,Operador_11,EQ026,Bomba,Planta_A,18,Hidráulica,Alta,1,2800.0,Sí
OT00673,Asignación de técnico,2026-05-12 16:46:08,Jefe_Mantenimiento,EQ018,Compresor,Planta_A,11,Mecánica,Media,3,776.83,No
OT00651,Prueba,2026-05-13 07:00:00,Tec_07,EQ715,Prensa hidráulica,Planta_B,17,Hidráulica,Media,4,6287.9,No
OT00677,Diagnóstico,2026-05-13 07:00:00,Tec_B01,EQ655,Torno CNC,Planta_B,6,Mecánica,Baja,1,1848.07,Sí
OT00582,Recepción de repuesto,2026-05-13 07:00:00,Bodega,EQ568,Bomba,Planta_A,16,Mecánica,Media,6,18137.9,No
OT00670,Reparación,2026-05-13 07:00:00,Tec_02,EQ662,Torno CNC,Planta_A,8,Mecánica,Alta,2,1286.79,Sí
OT00673,Reparación,2026-05-13 07:00:00,Tec_05,EQ018,Compresor,Planta_A,11,Mecánica,Media,3,776.83,No
OT00674,Asignación de técnico,2026-05-13 07:00:00,Jefe_Mantenimiento,EQ528,Bomba,Planta_B,17,Mecánica,Alta,1,2062.45,Sí
OT00676,Diagnóstico,2026-05-13 07:00:00,Tec_B01,EQ715,Prensa hidráulica,Planta_B,17,Mecánica,Media,5,2682.57,No
OT00678,Diagnóstico,2026-05-13 07:00:00,Tec_02,EQ026,Bomba,Planta_A,18,Hidráulica,Alta,1,2800.0,Sí
OT00653,Recepción de repuesto,2026-05-13 07:27:59,Bodega,EQ279,Torno CNC,Planta_A,17,Mecánica,Alta,1,6446.35,No
OT00663,Recepción de repuesto,2026-05-13 07:28:00,Bodega,EQ068,Compresor,Planta_B,17,Hidráulica,Media,2,3165.83,Sí
OT00674,Solicitud de repuesto,2026-05-13 07:30:01,Tec_06,EQ528,Bomba,Planta_B,17,Mecánica,Alta,1,2062.45,Sí
OT00677,Asignación de técnico,2026-05-13 07:41:13,Jefe_Mantenimiento,EQ655,Torno CNC,Planta_B,6,Mecánica,Baja,1,1848.07,Sí
OT00678,Asignación de técnico,2026-05-13 07:51:21,Jefe_Mantenimiento,EQ026,Bomba,Planta_A,18,Hidráulica,Alta,1,2800.0,Sí
OT00651,Puesta en operación,2026-05-13 07:55:35,Tec_07,EQ715,Prensa hidráulica,Planta_B,17,Hidráulica,Media,4,6287.9,No
OT00644,Cierre,2026-05-13 08:00:00,Administracion_Mtto,EQ568,Bomba,Planta_A,16,Hidráulica,Media,7,794.04,No
OT00650,Cierre,2026-05-13 08:00:00,Administracion_Mtto,EQ154,Montacargas,Planta_A,3,Mecánica,Baja,1,2310.03,Sí
OT00677,Solicitud de repuesto,2026-05-13 08:11:14,Tec_07,EQ655,Torno CNC,Planta_B,6,Mecánica,Baja,1,1848.07,Sí
OT00663,Reparación,2026-05-13 09:08:01,Tec_06,EQ068,Compresor,Planta_B,17,Hidráulica,Media,2,3165.83,Sí
OT00676,Asignación de técnico,2026-05-13 09:55:16,Jefe_Mantenimiento,EQ715,Prensa hidráulica,Planta_B,17,Mecánica,Media,5,2682.57,No
OT00663,Prueba,2026-05-13 10:19:05,Tec_06,EQ068,Compresor,Planta_B,17,Hidráulica,Media,2,3165.83,Sí
OT00676,Solicitud de repuesto,2026-05-13 10:25:17,Tec_06,EQ715,Prensa hidráulica,Planta_B,17,Mecánica,Media,5,2682.57,No
OT00660,Recepción de repuesto,2026-05-13 10:48:22,Bodega,EQ263,Bomba,Planta_B,11,Mecánica,Alta,0,1762.81,No
OT00670,Prueba,2026-05-13 11:12:46,Tec_02,EQ662,Torno CNC,Planta_A,8,Mecánica,Alta,2,1286.79,Sí
OT00673,Prueba,2026-05-13 11:14:09,Tec_05,EQ018,Compresor,Planta_A,11,Mecánica,Media,3,776.83,No
OT00673,Prueba,2026-05-13 11:14:09,Tec_05,EQ018,Compresor,Planta_A,11,Mecánica,Media,3,776.83,No
OT00663,Puesta en operación,2026-05-13 11:30:07,Tec_06,EQ068,Compresor,Planta_B,17,Hidráulica,Media,2,3165.83,Sí
OT00670,Puesta en operación,2026-05-13 11:48:39,Tec_02,EQ662,Torno CNC,Planta_A,8,Mecánica,Alta,2,1286.79,Sí
OT00673,Puesta en operación,2026-05-13 11:53:23,Tec_05,EQ018,Compresor,Planta_A,11,Mecánica,Media,3,776.83,No
OT00680,Falla reportada,2026-05-13 11:59:35,Operador_03,EQ457,Torno CNC,Planta_B,17,Eléctrica,Media,1,4552.19,Sí
OT00582,Reparación,2026-05-13 12:11:12,Tec_04,EQ568,Bomba,Planta_A,16,Mecánica,Media,6,18137.9,No
OT00618,Cierre,2026-05-13 12:41:42,Administracion_Mtto,EQ724,Prensa hidráulica,Planta_A,14,Eléctrica,Alta,2,1744.51,Sí
OT00660,Reparación,2026-05-13 12:42:49,Tec_06,EQ263,Bomba,Planta_B,11,Mecánica,Alta,0,1762.81,No
OT00678,Reparación,2026-05-13 12:47:40,Tec_03,EQ026,Bomba,Planta_A,18,Hidráulica,Alta,1,2800.0,Sí
OT00654,Cierre,2026-05-13 13:11:03,Administracion_Mtto,EQ252,Bomba,Planta_B,10,Eléctrica,Media,5,1400.0,Sí
OT00582,Prueba,2026-05-13 13:42:33,Tec_04,EQ568,Bomba,Planta_A,16,Mecánica,Media,6,18137.9,No
OT00660,Prueba,2026-05-13 13:59:39,Tec_06,EQ263,Bomba,Planta_B,11,Mecánica,Alta,0,1762.81,No
OT00653,Reparación,2026-05-13 14:07:10,Tec_02,EQ279,Torno CNC,Planta_A,17,Mecánica,Alta,1,6446.35,No
OT00582,Puesta en operación,2026-05-13 14:44:21,Tec_04,EQ568,Bomba,Planta_A,16,Mecánica,Media,6,18137.9,No
OT00678,Prueba fallida,2026-05-13 15:02:57,Tec_03,EQ026,Bomba,Planta_A,18,Hidráulica,Alta,1,2800.0,Sí
OT00660,Puesta en operación,2026-05-13 15:04:03,Tec_06,EQ263,Bomba,Planta_B,11,Mecánica,Alta,0,1762.81,No
OT00667,Aprobación de compra,2026-05-13 15:06:22,Gerencia,EQ061,Torno CNC,Planta_B,9,Mecánica,Media,2,3485.71,Sí
OT00680,Diagnóstico,2026-05-13 15:22:38,Tec_B01,EQ457,Torno CNC,Planta_B,17,Eléctrica,Media,1,4552.19,Sí
OT00653,Prueba fallida,2026-05-13 15:35:01,Tec_02,EQ279,Torno CNC,Planta_A,17,Mecánica,Alta,1,6446.35,No
OT00680,Asignación de técnico,2026-05-13 16:34:18,Jefe_Mantenimiento,EQ457,Torno CNC,Planta_B,17,Eléctrica,Media,1,4552.19,Sí
OT00680,Solicitud de repuesto,2026-05-13 17:04:19,Tec_07,EQ457,Torno CNC,Planta_B,17,Eléctrica,Media,1,4552.19,Sí
OT00679,Falla reportada,2026-05-13 21:16:02,Operador_05,EQ252,Bomba,Planta_B,10,Mecánica,Media,6,1270.79,No
OT00686,Falla reportada,2026-05-14 06:01:48,Operador_01,EQ557,Bomba,Planta_A,14,Eléctrica,Media,6,873.94,No
OT00678,Nueva reparación,2026-05-14 07:00:00,Tec_03,EQ026,Bomba,Planta_A,18,Hidráulica,Alta,1,2800.0,Sí
OT00550,Recepción de repuesto,2026-05-14 07:00:00,Bodega,EQ717,Montacargas,Planta_A,16,Hidráulica,Media,1,1715.47,Sí
OT00653,Nueva reparación,2026-05-14 07:00:00,Tec_02,EQ279,Torno CNC,Planta_A,17,Mecánica,Alta,1,6446.35,No
OT00676,Recepción de repuesto,2026-05-14 07:14:00,Bodega,EQ715,Prensa hidráulica,Planta_B,17,Mecánica,Media,5,2682.57,No
OT00683,Falla reportada,2026-05-14 07:19:47,Operador_05,EQ511,Torno CNC,Planta_A,3,Eléctrica,Alta,3,3526.24,No
OT00677,Recepción de repuesto,2026-05-14 07:24:00,Bodega,EQ655,Torno CNC,Planta_B,6,Mecánica,Baja,1,1848.07,Sí
OT00656,Recepción de repuesto,2026-05-14 07:54:23,Bodega,EQ155,Bomba,Planta_A,18,Mecánica,Baja,3,2932.75,No
OT00678,Prueba,2026-05-14 07:55:36,Tec_03,EQ026,Bomba,Planta_A,18,Hidráulica,Alta,1,2800.0,Sí
OT00657,Aprobación de compra,2026-05-14 08:00:00,Gerencia,EQ294,Montacargas,Planta_A,14,Mecánica,Baja,1,8721.7,No
OT00620,Cierre,2026-05-14 08:00:00,Administracion_Mtto,EQ123,Montacargas,Planta_A,18,Mecánica,Alta,2,6389.76,No
OT00665,Cierre,2026-05-14 08:00:00,Administracion_Mtto,EQ043,Prensa hidráulica,Planta_B,13,Software,Alta,5,871.12,No
OT00671,Aprobación de compra,2026-05-14 08:00:00,Gerencia,EQ035,Compresor,Planta_B,8,Mecánica,Baja,3,3830.21,Sí
OT00683,Diagnóstico,2026-05-14 08:17:35,Tec_04,EQ511,Torno CNC,Planta_A,3,Eléctrica,Alta,3,3526.24,No
OT00636,Cierre,2026-05-14 08:26:00,Administracion_Mtto,EQ660,Montacargas,Planta_A,10,Mecánica,Baja,2,3137.24,Sí
OT00653,Prueba,2026-05-14 08:31:35,Tec_02,EQ279,Torno CNC,Planta_A,17,Mecánica,Alta,1,6446.35,No
OT00645,Recepción de repuesto,2026-05-14 08:35:32,Bodega,EQ530,Montacargas,Planta_B,18,Eléctrica,Media,1,1605.36,Sí
OT00653,Puesta en operación,2026-05-14 09:01:37,Tec_02,EQ279,Torno CNC,Planta_A,17,Mecánica,Alta,1,6446.35,No
OT00683,Asignación de técnico,2026-05-14 09:28:53,Jefe_Mantenimiento,EQ511,Torno CNC,Planta_A,3,Eléctrica,Alta,3,3526.24,No
OT00686,Diagnóstico,2026-05-14 09:34:55,Tec_02,EQ557,Bomba,Planta_A,14,Eléctrica,Media,6,873.94,No
OT00550,Reparación,2026-05-14 09:58:03,Tec_01,EQ717,Montacargas,Planta_A,16,Hidráulica,Media,1,1715.47,Sí
OT00683,Solicitud de repuesto,2026-05-14 09:58:54,Tec_01,EQ511,Torno CNC,Planta_A,3,Eléctrica,Alta,3,3526.24,No
OT00677,Reparación,2026-05-14 10:00:02,Tec_07,EQ655,Torno CNC,Planta_B,6,Mecánica,Baja,1,1848.07,Sí
OT00686,Asignación de técnico,2026-05-14 10:01:11,Jefe_Mantenimiento,EQ557,Bomba,Planta_A,14,Eléctrica,Media,6,873.94,No
OT00678,Puesta en operación,2026-05-14 10:01:27,Tec_03,EQ026,Bomba,Planta_A,18,Hidráulica,Alta,1,2800.0,Sí
OT00645,Reparación,2026-05-14 10:42:27,Tec_06,EQ530,Montacargas,Planta_B,18,Eléctrica,Media,1,1605.36,Sí
OT00656,Reparación,2026-05-14 11:08:56,Tec_01,EQ155,Bomba,Planta_A,18,Mecánica,Baja,3,2932.75,No
OT00677,Prueba,2026-05-14 11:12:35,Tec_07,EQ655,Torno CNC,Planta_B,6,Mecánica,Baja,1,1848.07,Sí
OT00676,Reparación,2026-05-14 11:43:37,Tec_06,EQ715,Prensa hidráulica,Planta_B,17,Mecánica,Media,5,2682.57,No
OT00686,Reparación,2026-05-14 12:11:11,Tec_03,EQ557,Bomba,Planta_A,14,Eléctrica,Media,6,873.94,No
OT00677,Puesta en operación,2026-05-14 12:16:14,Tec_07,EQ655,Torno CNC,Planta_B,6,Mecánica,Baja,1,1848.07,Sí
OT00645,Prueba,2026-05-14 12:16:25,Tec_06,EQ530,Montacargas,Planta_B,18,Eléctrica,Media,1,1605.36,Sí
OT00682,Falla reportada,2026-05-14 12:46:06,Operador_11,EQ254,Bomba,Planta_A,18,Mecánica,Media,3,1914.42,Sí
OT00550,Prueba,2026-05-14 12:46:47,Tec_01,EQ717,Montacargas,Planta_A,16,Hidráulica,Media,1,1715.47,Sí
OT00645,Puesta en operación,2026-05-14 13:03:25,Tec_06,EQ530,Montacargas,Planta_B,18,Eléctrica,Media,1,1605.36,Sí
OT00684,Falla reportada,2026-05-14 13:10:32,Operador_10,EQ271,Torno CNC,Planta_A,15,Mecánica,Alta,2,661.65,No
OT00550,Puesta en operación,2026-05-14 13:39:40,Tec_01,EQ717,Montacargas,Planta_A,16,Hidráulica,Media,1,1715.47,Sí
OT00682,Diagnóstico,2026-05-14 13:48:00,Tec_05,EQ254,Bomba,Planta_A,18,Mecánica,Media,3,1914.42,Sí
OT00676,Prueba,2026-05-14 14:00:51,Tec_06,EQ715,Prensa hidráulica,Planta_B,17,Mecánica,Media,5,2682.57,No
OT00684,Diagnóstico,2026-05-14 14:17:00,Tec_01,EQ271,Torno CNC,Planta_A,15,Mecánica,Alta,2,661.65,No
OT00684,Asignación de técnico,2026-05-14 14:33:22,Jefe_Mantenimiento,EQ271,Torno CNC,Planta_A,15,Mecánica,Alta,2,661.65,No
OT00679,Diagnóstico,2026-05-14 15:04:02,Tec_B01,EQ252,Bomba,Planta_B,10,Mecánica,Media,6,1270.79,No
OT00656,Prueba fallida,2026-05-14 15:16:09,Tec_01,EQ155,Bomba,Planta_A,18,Mecánica,Baja,3,2932.75,No
OT00686,Prueba,2026-05-14 15:31:43,Tec_03,EQ557,Bomba,Planta_A,14,Eléctrica,Media,6,873.94,No
OT00605,Cierre,2026-05-14 15:33:38,Administracion_Mtto,EQ160,Compresor,Planta_A,4,Hidráulica,Media,1,3451.16,No
OT00676,Puesta en operación,2026-05-14 15:42:45,Tec_06,EQ715,Prensa hidráulica,Planta_B,17,Mecánica,Media,5,2682.57,No
OT00682,Asignación de técnico,2026-05-14 15:46:48,Jefe_Mantenimiento,EQ254,Bomba,Planta_A,18,Mecánica,Media,3,1914.42,Sí
OT00681,Falla reportada,2026-05-14 15:52:45,Operador_02,EQ257,Torno CNC,Planta_A,13,Eléctrica,Media,3,4352.06,
OT00679,Asignación de técnico,2026-05-14 16:19:41,Jefe_Mantenimiento,EQ252,Bomba,Planta_B,10,Mecánica,Media,6,1270.79,No
OT00684,Reparación,2026-05-14 16:43:42,Tec_05,EQ271,Torno CNC,Planta_A,15,Mecánica,Alta,2,661.65,No
OT00685,Falla reportada,2026-05-14 19:07:46,Operador_06,EQ478,Compresor,Planta_A,3,Mecánica,Media,0,634.55,No
OT00687,Falla reportada,2026-05-15 01:53:01,Operador_12,EQ249,Bomba,Planta_A,7,Mecánica,Baja,2,506.9,No
OT00688,Falla reportada,2026-05-15 05:03:03,Operador_06,EQ296,Compresor,Planta_A,12,Mecánica,Media,3,1400.0,Sí
OT00685,Diagnóstico,2026-05-15 07:00:00,Tec_01,EQ478,Compresor,Planta_A,3,Mecánica,Media,0,634.55,No
OT00686,Puesta en operación,2026-05-15 07:00:00,Tec_03,EQ557,Bomba,Planta_A,14,Eléctrica,Media,6,873.94,No
OT00656,Nueva reparación,2026-05-15 07:00:00,Tec_01,EQ155,Bomba,Planta_A,18,Mecánica,Baja,3,2932.75,No
OT00684,Prueba,2026-05-15 07:00:00,Tec_05,EQ271,Torno CNC,Planta_A,15,Mecánica,Alta,2,661.65,No
OT00682,Reparación,2026-05-15 07:00:00,Tec_05,EQ254,Bomba,Planta_A,18,Mecánica,Media,3,1914.42,Sí
OT00681,Diagnóstico,2026-05-15 07:00:00,Tec_05,EQ257,Torno CNC,Planta_A,13,Eléctrica,Media,3,4352.06,
OT00679,Reparación,2026-05-15 07:00:00,Tec_06,EQ252,Bomba,Planta_B,10,Mecánica,Media,6,1270.79,No
OT00688,Diagnóstico,2026-05-15 07:03:00,Tec_04,EQ296,Compresor,Planta_A,12,Mecánica,Media,3,1400.0,Sí
OT00657,Recepción de repuesto,2026-05-15 07:07:00,Bodega,EQ294,Montacargas,Planta_A,14,Mecánica,Baja,1,8721.7,No
OT00687,Diagnóstico,2026-05-15 07:21:00,Tec_03,EQ249,Bomba,Planta_A,7,Mecánica,Baja,2,506.9,No
OT00687,Asignación de técnico,2026-05-15 07:57:51,Jefe_Mantenimiento,EQ249,Bomba,Planta_A,7,Mecánica,Baja,2,506.9,No
OT00595,Cierre,2026-05-15 08:00:00,Administracion_Mtto,EQ400,Montacargas,Planta_B,9,Software,Baja,2,3000.79,Sí
OT00684,Puesta en operación,2026-05-15 08:04:47,Tec_05,EQ271,Torno CNC,Planta_A,15,Mecánica,Alta,2,661.65,No
OT00598,Cierre,2026-05-15 08:22:00,Administracion_Mtto,EQ334,Prensa hidráulica,Planta_A,7,Mecánica,Media,3,1764.54,No
OT00685,Asignación de técnico,2026-05-15 08:24:35,Jefe_Mantenimiento,EQ478,Compresor,Planta_A,3,Mecánica,Media,0,634.55,No
OT00643,Cierre,2026-05-15 08:29:00,Administracion_Mtto,EQ532,Montacargas,Planta_A,8,Eléctrica,Baja,4,3891.47,No
OT00682,Prueba fallida,2026-05-15 08:46:23,Tec_05,EQ254,Bomba,Planta_A,18,Mecánica,Media,3,1914.42,Sí
OT00656,Prueba,2026-05-15 08:54:14,Tec_01,EQ155,Bomba,Planta_A,18,Mecánica,Baja,3,2932.75,No
OT00681,Asignación de técnico,2026-05-15 09:00:45,Jefe_Mantenimiento,EQ257,Torno CNC,Planta_A,13,Eléctrica,Media,3,4352.06,
OT00688,Asignación de técnico,2026-05-15 09:03:10,Jefe_Mantenimiento,EQ296,Compresor,Planta_A,12,Mecánica,Media,3,1400.0,Sí
OT00679,Prueba,2026-05-15 09:03:38,Tec_06,EQ252,Bomba,Planta_B,10,Mecánica,Media,6,1270.79,No
OT00656,Puesta en operación,2026-05-15 09:13:44,Tec_01,EQ155,Bomba,Planta_A,18,Mecánica,Baja,3,2932.75,No
OT00681,Solicitud de repuesto,2026-05-15 09:30:46,Tec_05,EQ257,Torno CNC,Planta_A,13,Eléctrica,Media,3,4352.06,
OT00679,Puesta en operación,2026-05-15 09:34:31,Tec_06,EQ252,Bomba,Planta_B,10,Mecánica,Media,6,1270.79,No
OT00685,Reparación,2026-05-15 09:40:36,Tec_01,EQ478,Compresor,Planta_A,3,Mecánica,Media,0,634.55,No
OT00691,Falla reportada,2026-05-15 09:53:43,Operador_04,EQ409,Compresor,Planta_A,10,Eléctrica,Media,3,2380.07,No
OT00690,Falla reportada,2026-05-15 09:59:35,Operador_03,EQ431,Prensa hidráulica,Planta_A,6,Eléctrica,Media,2,1400.0,No
OT00603,Cierre,2026-05-15 11:24:31,Administracion_Mtto,EQ427,Prensa hidráulica,Planta_A,8,Hidráulica,Baja,3,4769.84,No
OT00690,Diagnóstico,2026-05-15 11:29:03,Tec_03,EQ431,Prensa hidráulica,Planta_A,6,Eléctrica,Media,2,1400.0,No
OT00685,Prueba,2026-05-15 11:29:48,Tec_01,EQ478,Compresor,Planta_A,3,Mecánica,Media,0,634.55,No
OT00693,Falla reportada,2026-05-15 11:38:03,Operador_05,EQ017,Bomba,Planta_A,17,Eléctrica,Media,1,1400.0,Sí
OT00673,Cierre,2026-05-15 11:44:19,Administracion_Mtto,EQ018,Compresor,Planta_A,11,Mecánica,Media,3,776.83,No
OT00588,Recepción de repuesto,2026-05-15 11:56:54,Bodega,EQ089,Prensa hidráulica,Planta_A,9,Eléctrica,Media,1,2775.22,Sí
OT00690,Asignación de técnico,2026-05-15 12:01:41,Jefe_Mantenimiento,EQ431,Prensa hidráulica,Planta_A,6,Eléctrica,Media,2,1400.0,No
OT00661,Cierre,2026-05-15 12:02:55,Administracion_Mtto,EQ738,Bomba,Planta_B,5,Eléctrica,Alta,1,1400.0,No
OT00687,Reparación,2026-05-15 12:12:37,Tec_03,EQ249,Bomba,Planta_A,7,Mecánica,Baja,2,506.9,No
OT00695,Falla reportada,2026-05-15 12:13:58,Operador_08,EQ350,Torno CNC,Planta_B,16,Software,Baja,2,2800.0,Sí
OT00695,Falla reportada,2026-05-15 12:13:58,Operador_08,EQ350,Torno CNC,Planta_B,16,Software,Baja,2,2800.0,Sí
OT00577,Cierre,2026-05-15 12:28:20,Administracion_Mtto,EQ122,Bomba,Planta_A,15,Mecánica,Media,5,3039.61,No
OT00668,Cierre,2026-05-15 12:38:47,Administracion_Mtto,EQ330,Bomba,Planta_A,14,Software,Baja,4,550.97,No
OT00677,Cierre,2026-05-15 12:38:50,Administracion_Mtto,EQ655,Torno CNC,Planta_B,6,Mecánica,Baja,1,1848.07,Sí
OT00691,Diagnóstico,2026-05-15 12:46:45,Tec_02,EQ409,Compresor,Planta_A,10,Eléctrica,Media,3,2380.07,No
OT00682,Nueva reparación,2026-05-15 13:01:27,Tec_05,EQ254,Bomba,Planta_A,18,Mecánica,Media,3,1914.42,Sí
OT00626,Cierre,2026-05-15 13:09:11,Administracion_Mtto,EQ065,Bomba,Planta_A,14,Hidráulica,Alta,3,1561.06,Sí
OT00685,Puesta en operación,2026-05-15 13:15:34,Tec_01,EQ478,Compresor,Planta_A,3,Mecánica,Media,0,634.55,No
OT00693,Diagnóstico,2026-05-15 13:23:25,Tec_02,EQ017,Bomba,Planta_A,17,Eléctrica,Media,1,1400.0,Sí
OT00588,Reparación,2026-05-15 13:32:04,Tec_02,EQ089,Prensa hidráulica,Planta_A,9,Eléctrica,Media,1,2775.22,Sí
OT00657,Reparación,2026-05-15 13:37:33,Tec_04,EQ294,Montacargas,Planta_A,14,Mecánica,Baja,1,8721.7,No
OT00691,Asignación de técnico,2026-05-15 13:52:46,Jefe_Mantenimiento,EQ409,Compresor,Planta_A,10,Eléctrica,Media,3,2380.07,No
OT00693,Asignación de técnico,2026-05-15 14:11:20,Jefe_Mantenimiento,EQ017,Bomba,Planta_A,17,Eléctrica,Media,1,1400.0,Sí
OT00691,Solicitud de repuesto,2026-05-15 14:22:47,Tec_04,EQ409,Compresor,Planta_A,10,Eléctrica,Media,3,2380.07,No
OT00688,Reparación,2026-05-15 14:39:23,Tec_04,EQ296,Compresor,Planta_A,12,Mecánica,Media,3,1400.0,Sí
OT00659,Cierre,2026-05-15 14:57:59,Administracion_Mtto,EQ310,Torno CNC,Planta_A,13,Eléctrica,Alta,3,2296.51,No
OT00682,Prueba,2026-05-15 15:00:53,Tec_05,EQ254,Bomba,Planta_A,18,Mecánica,Media,3,1914.42,Sí
OT00690,Reparación,2026-05-15 15:13:35,Tec_05,EQ431,Prensa hidráulica,Planta_A,6,Eléctrica,Media,2,1400.0,No
OT00657,Prueba,2026-05-15 15:48:26,Tec_04,EQ294,Montacargas,Planta_A,14,Mecánica,Baja,1,8721.7,No
OT00687,Prueba,2026-05-15 15:57:43,Tec_03,EQ249,Bomba,Planta_A,7,Mecánica,Baja,2,506.9,No
OT00682,Puesta en operación,2026-05-15 16:07:01,Tec_05,EQ254,Bomba,Planta_A,18,Mecánica,Media,3,1914.42,Sí
OT00687,Puesta en operación,2026-05-15 16:21:59,Tec_03,EQ249,Bomba,Planta_A,7,Mecánica,Baja,2,506.9,No
OT00657,Puesta en operación,2026-05-15 16:34:09,Tec_04,EQ294,Montacargas,Planta_A,14,Mecánica,Baja,1,8721.7,No
OT00688,Prueba,2026-05-15 16:55:22,Tec_04,EQ296,Compresor,Planta_A,12,Mecánica,Media,3,1400.0,Sí
OT00689,Falla reportada,2026-05-15 17:34:24,Operador_06,EQ068,Compresor,Planta_B,17,Mecánica,Media,3,2243.55,Sí
OT00692,Falla reportada,2026-05-15 18:39:46,Operador_05,EQ065,Bomba,Planta_A,14,Software,Media,4,1400.0,No
OT00694,Falla reportada,2026-05-15 22:19:32,Operador_07,EQ466,Bomba,Planta_A,18,Mecánica,Alta,3,1947.79,
OT00696,Falla reportada,2026-05-16 18:29:04,Operador_09,EQ721,Torno CNC,Planta_B,12,Hidráulica,Media,1,1653.93,
OT00697,Falla reportada,2026-05-16 21:22:01,Operador_12,EQ215,Compresor,Planta_A,10,Eléctrica,Alta,2,2094.53,No
OT00698,Falla reportada,2026-05-17 05:26:40,Operador_03,EQ548,Bomba,Planta_B,11,Mecánica,Alta,4,1129.31,No
OT00701,Falla reportada,2026-05-17 10:22:15,Operador_02,EQ173,Bomba,Planta_B,10,Mecánica,Media,5,1025.92,Sí
OT00700,Falla reportada,2026-05-17 10:29:15,Operador_09,EQ199,Montacargas,Planta_B,14,Software,Media,4,1019.75,No
OT00702,Falla reportada,2026-05-17 12:18:54,Operador_07,EQ529,Bomba,Planta_B,14,Eléctrica,Media,4,2475.36,Sí
OT00699,Falla reportada,2026-05-17 16:24:06,Operador_07,EQ149,Torno CNC,Planta_A,4,Hidráulica,Media,0,848.73,No
OT00708,Falla reportada,2026-05-18 05:34:24,Operador_01,EQ614,Bomba,Planta_B,8,Eléctrica,Alta,3,394.52,No
OT00706,Falla reportada,2026-05-18 05:34:26,Operador_02,EQ507,Montacargas,Planta_A,9,Mecánica,Media,2,242.33,No
OT00703,Falla reportada,2026-05-18 05:42:54,Operador_06,EQ458,Bomba,Planta_A,6,Eléctrica,Media,5,384.73,No
OT00691,Recepción de repuesto,2026-05-18 07:00:00,Bodega,EQ409,Compresor,Planta_A,10,Eléctrica,Media,3,2380.07,No
OT00696,Diagnóstico,2026-05-18 07:00:00,Tec_B01,EQ721,Torno CNC,Planta_B,12,Hidráulica,Media,1,1653.93,
OT00588,Prueba,2026-05-18 07:00:00,Tec_02,EQ089,Prensa hidráulica,Planta_A,9,Eléctrica,Media,1,2775.22,Sí
OT00697,Diagnóstico,2026-05-18 07:00:00,Tec_03,EQ215,Compresor,Planta_A,10,Eléctrica,Alta,2,2094.53,No
OT00671,Recepción de repuesto,2026-05-18 07:00:00,Bodega,EQ035,Compresor,Planta_B,8,Mecánica,Baja,3,3830.21,Sí
OT00698,Diagnóstico,2026-05-18 07:00:00,Tec_B01,EQ548,Bomba,Planta_B,11,Mecánica,Alta,4,1129.31,No
OT00613,Recepción de repuesto,2026-05-18 07:00:00,Bodega,EQ378,Prensa hidráulica,Planta_B,16,Hidráulica,Media,3,2939.21,No
OT00695,Diagnóstico,2026-05-18 07:00:00,Tec_B01,EQ350,Torno CNC,Planta_B,16,Software,Baja,2,2800.0,Sí
OT00693,Reparación,2026-05-18 07:00:00,Tec_01,EQ017,Bomba,Planta_A,17,Eléctrica,Media,1,1400.0,Sí
OT00634,Recepción de repuesto,2026-05-18 07:00:00,Bodega,EQ320,Torno CNC,Planta_B,16,Hidráulica,Media,1,4451.19,Sí
OT00688,Puesta en operación,2026-05-18 07:00:00,Tec_04,EQ296,Compresor,Planta_A,12,Mecánica,Media,3,1400.0,Sí
OT00694,Diagnóstico,2026-05-18 07:00:00,Tec_05,EQ466,Bomba,Planta_A,18,Mecánica,Alta,3,1947.79,
OT00692,Diagnóstico,2026-05-18 07:00:00,Tec_02,EQ065,Bomba,Planta_A,14,Software,Media,4,1400.0,No
OT00689,Diagnóstico,2026-05-18 07:00:00,Tec_B01,EQ068,Compresor,Planta_B,17,Mecánica,Media,3,2243.55,Sí
OT00625,Recepción de repuesto,2026-05-18 07:00:00,Bodega,EQ290,Prensa hidráulica,Planta_A,6,Hidráulica,Baja,1,2500.65,Sí
OT00699,Diagnóstico,2026-05-18 07:00:00,Tec_03,EQ149,Torno CNC,Planta_A,4,Hidráulica,Media,0,848.73,No
OT00637,Recepción de repuesto,2026-05-18 07:00:00,Bodega,EQ442,Torno CNC,Planta_A,17,Eléctrica,Media,3,5909.49,Sí
OT00690,Prueba,2026-05-18 07:00:00,Tec_05,EQ431,Prensa hidráulica,Planta_A,6,Eléctrica,Media,2,1400.0,No
OT00700,Diagnóstico,2026-05-18 07:04:00,Tec_B01,EQ199,Montacargas,Planta_B,14,Software,Media,4,1019.75,No
OT00706,Diagnóstico,2026-05-18 07:09:00,Tec_04,EQ507,Montacargas,Planta_A,9,Mecánica,Media,2,242.33,No
OT00701,Diagnóstico,2026-05-18 07:14:00,Tec_B01,EQ173,Bomba,Planta_B,10,Mecánica,Media,5,1025.92,Sí
OT00697,Asignación de técnico,2026-05-18 07:25:13,Jefe_Mantenimiento,EQ215,Compresor,Planta_A,10,Eléctrica,Alta,2,2094.53,No
OT00707,Falla reportada,2026-05-18 07:25:59,Operador_07,EQ395,Torno CNC,Planta_A,1,Mecánica,Media,1,1925.23,No
OT00702,Diagnóstico,2026-05-18 07:28:00,Tec_B01,EQ529,Bomba,Planta_B,14,Eléctrica,Media,4,2475.36,Sí
OT00690,Puesta en operación,2026-05-18 07:29:24,Tec_05,EQ431,Prensa hidráulica,Planta_A,6,Eléctrica,Media,2,1400.0,No
OT00692,Asignación de técnico,2026-05-18 07:35:25,Jefe_Mantenimiento,EQ065,Bomba,Planta_A,14,Software,Media,4,1400.0,No
OT00694,Asignación de técnico,2026-05-18 07:40:57,Jefe_Mantenimiento,EQ466,Bomba,Planta_A,18,Mecánica,Alta,3,1947.79,
OT00693,Prueba,2026-05-18 07:46:12,Tec_01,EQ017,Bomba,Planta_A,17,Eléctrica,Media,1,1400.0,Sí
OT00708,Diagnóstico,2026-05-18 07:49:45,Tec_B01,EQ614,Bomba,Planta_B,8,Eléctrica,Alta,3,394.52,No
OT00695,Asignación de técnico,2026-05-18 07:51:46,Jefe_Mantenimiento,EQ350,Torno CNC,Planta_B,16,Software,Baja,2,2800.0,Sí
OT00697,Solicitud de repuesto,2026-05-18 07:55:14,Tec_05,EQ215,Compresor,Planta_A,10,Eléctrica,Alta,2,2094.53,No
OT00670,Cierre,2026-05-18 08:00:00,Administracion_Mtto,EQ662,Torno CNC,Planta_A,8,Mecánica,Alta,2,1286.79,Sí
OT00610,Cierre,2026-05-18 08:00:00,Administracion_Mtto,EQ582,Montacargas,Planta_A,18,Hidráulica,Media,5,3115.13,No
OT00678,Cierre,2026-05-18 08:00:00,Administracion_Mtto,EQ026,Bomba,Planta_A,18,Hidráulica,Alta,1,2800.0,Sí
OT00687,Cierre,2026-05-18 08:00:00,Administracion_Mtto,EQ249,Bomba,Planta_A,7,Mecánica,Baja,2,506.9,No
OT00582,Cierre,2026-05-18 08:00:00,Administracion_Mtto,EQ568,Bomba,Planta_A,16,Mecánica,Media,6,18137.9,No
OT00675,Cierre,2026-05-18 08:00:00,Administracion_Mtto,EQ085,Bomba,Planta_A,5,Eléctrica,Media,1,299.23,No
OT00653,Cierre,2026-05-18 08:00:00,Administracion_Mtto,EQ279,Torno CNC,Planta_A,17,Mecánica,Alta,1,6446.35,No
OT00680,Aprobación de compra,2026-05-18 08:00:00,Gerencia,EQ457,Torno CNC,Planta_B,17,Eléctrica,Media,1,4552.19,Sí
OT00656,Cierre,2026-05-18 08:00:00,Administracion_Mtto,EQ155,Bomba,Planta_A,18,Mecánica,Baja,3,2932.75,No
OT00669,Cierre,2026-05-18 08:00:00,Administracion_Mtto,EQ488,Prensa hidráulica,Planta_A,7,Eléctrica,Baja,4,490.37,Sí
OT00660,Cierre,2026-05-18 08:00:00,Administracion_Mtto,EQ263,Bomba,Planta_B,11,Mecánica,Alta,0,1762.81,No
OT00684,Cierre,2026-05-18 08:00:00,Administracion_Mtto,EQ271,Torno CNC,Planta_A,15,Mecánica,Alta,2,661.65,No
OT00608,Cierre,2026-05-18 08:00:00,Administracion_Mtto,EQ617,Torno CNC,Planta_A,4,Hidráulica,Alta,2,2952.14,Sí
OT00699,Asignación de técnico,2026-05-18 08:04:59,Jefe_Mantenimiento,EQ149,Torno CNC,Planta_A,4,Hidráulica,Media,0,848.73,No
OT00588,Puesta en operación,2026-05-18 08:08:53,Tec_02,EQ089,Prensa hidráulica,Planta_A,9,Eléctrica,Media,1,2775.22,Sí
OT00696,Asignación de técnico,2026-05-18 08:08:59,Jefe_Mantenimiento,EQ721,Torno CNC,Planta_B,12,Hidráulica,Media,1,1653.93,
OT00664,Cierre,2026-05-18 08:09:56,Administracion_Mtto,EQ335,Torno CNC,Planta_B,6,Hidráulica,Baja,2,1400.0,Sí
OT00694,Solicitud de repuesto,2026-05-18 08:10:58,Tec_03,EQ466,Bomba,Planta_A,18,Mecánica,Alta,3,1947.79,
OT00657,Cierre,2026-05-18 08:20:00,Administracion_Mtto,EQ294,Montacargas,Planta_A,14,Mecánica,Baja,1,8721.7,No
OT00701,Asignación de técnico,2026-05-18 08:20:55,Jefe_Mantenimiento,EQ173,Bomba,Planta_B,10,Mecánica,Media,5,1025.92,Sí
OT00679,Cierre,2026-05-18 08:23:00,Administracion_Mtto,EQ252,Bomba,Planta_B,10,Mecánica,Media,6,1270.79,No
OT00700,Asignación de técnico,2026-05-18 08:25:00,Jefe_Mantenimiento,EQ199,Montacargas,Planta_B,14,Software,Media,4,1019.75,No
OT00707,Diagnóstico,2026-05-18 08:31:09,Tec_03,EQ395,Torno CNC,Planta_A,1,Mecánica,Media,1,1925.23,No
OT00698,Asignación de técnico,2026-05-18 08:31:18,Jefe_Mantenimiento,EQ548,Bomba,Planta_B,11,Mecánica,Alta,4,1129.31,No
OT00696,Solicitud de repuesto,2026-05-18 08:39:00,Tec_06,EQ721,Torno CNC,Planta_B,12,Hidráulica,Media,1,1653.93,
OT00706,Asignación de técnico,2026-05-18 08:39:00,Jefe_Mantenimiento,EQ507,Montacargas,Planta_A,9,Mecánica,Media,2,242.33,No
OT00689,Asignación de técnico,2026-05-18 08:42:37,Jefe_Mantenimiento,EQ068,Compresor,Planta_B,17,Mecánica,Media,3,2243.55,Sí
OT00693,Puesta en operación,2026-05-18 08:51:30,Tec_01,EQ017,Bomba,Planta_A,17,Eléctrica,Media,1,1400.0,Sí
OT00702,Asignación de técnico,2026-05-18 08:53:40,Jefe_Mantenimiento,EQ529,Bomba,Planta_B,14,Eléctrica,Media,4,2475.36,Sí
OT00703,Diagnóstico,2026-05-18 08:58:19,Tec_05,EQ458,Bomba,Planta_A,6,Eléctrica,Media,5,384.73,No
OT00708,Asignación de técnico,2026-05-18 09:02:29,Jefe_Mantenimiento,EQ614,Bomba,Planta_B,8,Eléctrica,Alta,3,394.52,No
OT00625,Reparación,2026-05-18 09:04:39,Tec_01,EQ290,Prensa hidráulica,Planta_A,6,Hidráulica,Baja,1,2500.65,Sí
OT00613,Reparación,2026-05-18 09:11:59,Tec_07,EQ378,Prensa hidráulica,Planta_B,16,Hidráulica,Media,3,2939.21,No
OT00689,Solicitud de repuesto,2026-05-18 09:12:38,Tec_07,EQ068,Compresor,Planta_B,17,Mecánica,Media,3,2243.55,Sí
OT00703,Asignación de técnico,2026-05-18 09:15:50,Jefe_Mantenimiento,EQ458,Bomba,Planta_A,6,Eléctrica,Media,5,384.73,No
OT00702,Solicitud de repuesto,2026-05-18 09:23:41,Tec_06,EQ529,Bomba,Planta_B,14,Eléctrica,Media,4,2475.36,Sí
OT00707,Asignación de técnico,2026-05-18 09:40:09,Jefe_Mantenimiento,EQ395,Torno CNC,Planta_A,1,Mecánica,Media,1,1925.23,No
OT00704,Falla reportada,2026-05-18 09:43:47,Operador_04,EQ477,Montacargas,Planta_A,18,Hidráulica,Baja,3,1022.33,No
OT00634,Reparación,2026-05-18 09:57:36,Tec_06,EQ320,Torno CNC,Planta_B,16,Hidráulica,Media,1,4451.19,Sí
OT00691,Reparación,2026-05-18 10:02:53,Tec_04,EQ409,Compresor,Planta_A,10,Eléctrica,Media,3,2380.07,No
OT00706,Reparación,2026-05-18 10:08:14,Tec_04,EQ507,Montacargas,Planta_A,9,Mecánica,Media,2,242.33,No
OT00707,Solicitud de repuesto,2026-05-18 10:10:10,Tec_01,EQ395,Torno CNC,Planta_A,1,Mecánica,Media,1,1925.23,No
OT00692,Reparación,2026-05-18 10:28:28,Tec_03,EQ065,Bomba,Planta_A,14,Software,Media,4,1400.0,No
OT00701,Reparación,2026-05-18 10:44:10,Tec_07,EQ173,Bomba,Planta_B,10,Mecánica,Media,5,1025.92,Sí
OT00625,Prueba,2026-05-18 10:46:25,Tec_01,EQ290,Prensa hidráulica,Planta_A,6,Hidráulica,Baja,1,2500.65,Sí
OT00637,Reparación,2026-05-18 11:02:05,Tec_05,EQ442,Torno CNC,Planta_A,17,Eléctrica,Media,3,5909.49,Sí
OT00706,Prueba,2026-05-18 11:04:29,Tec_04,EQ507,Montacargas,Planta_A,9,Mecánica,Media,2,242.33,No
OT00625,Puesta en operación,2026-05-18 11:24:30,Tec_01,EQ290,Prensa hidráulica,Planta_A,6,Hidráulica,Baja,1,2500.65,Sí
OT00698,Reparación,2026-05-18 11:42:08,Tec_07,EQ548,Bomba,Planta_B,11,Mecánica,Alta,4,1129.31,No
OT00634,Prueba,2026-05-18 11:51:08,Tec_06,EQ320,Torno CNC,Planta_B,16,Hidráulica,Media,1,4451.19,Sí
OT00701,Prueba,2026-05-18 12:08:48,Tec_07,EQ173,Bomba,Planta_B,10,Mecánica,Media,5,1025.92,Sí
OT00613,Prueba,2026-05-18 12:09:29,Tec_07,EQ378,Prensa hidráulica,Planta_B,16,Hidráulica,Media,3,2939.21,No
OT00691,Prueba,2026-05-18 12:09:33,Tec_04,EQ409,Compresor,Planta_A,10,Eléctrica,Media,3,2380.07,No
OT00700,Reparación,2026-05-18 12:19:06,Tec_06,EQ199,Montacargas,Planta_B,14,Software,Media,4,1019.75,No
OT00711,Falla reportada,2026-05-18 12:27:51,Operador_07,EQ417,Montacargas,Planta_A,15,Hidráulica,Media,5,1475.65,No
OT00671,Reparación,2026-05-18 12:28:29,Tec_07,EQ035,Compresor,Planta_B,8,Mecánica,Baja,3,3830.21,Sí
OT00710,Falla reportada,2026-05-18 12:29:45,Operador_10,EQ167,Compresor,Planta_A,11,Hidráulica,Alta,0,1359.25,Sí
OT00706,Puesta en operación,2026-05-18 12:29:51,Tec_04,EQ507,Montacargas,Planta_A,9,Mecánica,Media,2,242.33,No
OT00692,Prueba,2026-05-18 12:58:56,Tec_03,EQ065,Bomba,Planta_A,14,Software,Media,4,1400.0,No
OT00613,Puesta en operación,2026-05-18 13:14:19,Tec_07,EQ378,Prensa hidráulica,Planta_B,16,Hidráulica,Media,3,2939.21,No
OT00698,Prueba,2026-05-18 13:17:45,Tec_07,EQ548,Bomba,Planta_B,11,Mecánica,Alta,4,1129.31,No
OT00710,Diagnóstico,2026-05-18 13:20:19,Tec_01,EQ167,Compresor,Planta_A,11,Hidráulica,Alta,0,1359.25,Sí
OT00691,Puesta en operación,2026-05-18 13:27:23,Tec_04,EQ409,Compresor,Planta_A,10,Eléctrica,Media,3,2380.07,No
OT00692,Puesta en operación,2026-05-18 13:32:12,Tec_03,EQ065,Bomba,Planta_A,14,Software,Media,4,1400.0,No
OT00634,Puesta en operación,2026-05-18 13:38:57,Tec_06,EQ320,Torno CNC,Planta_B,16,Hidráulica,Media,1,4451.19,Sí
OT00699,Reparación,2026-05-18 13:42:23,Tec_04,EQ149,Torno CNC,Planta_A,4,Hidráulica,Media,0,848.73,No
OT00698,Puesta en operación,2026-05-18 13:42:37,Tec_07,EQ548,Bomba,Planta_B,11,Mecánica,Alta,4,1129.31,No
OT00700,Prueba,2026-05-18 13:52:14,Tec_06,EQ199,Montacargas,Planta_B,14,Software,Media,4,1019.75,No
OT00703,Reparación,2026-05-18 13:52:50,Tec_02,EQ458,Bomba,Planta_A,6,Eléctrica,Media,5,384.73,No
OT00704,Diagnóstico,2026-05-18 14:03:29,Tec_02,EQ477,Montacargas,Planta_A,18,Hidráulica,Baja,3,1022.33,No
OT00637,Prueba fallida,2026-05-18 14:08:58,Tec_05,EQ442,Torno CNC,Planta_A,17,Eléctrica,Media,3,5909.49,Sí
OT00710,Asignación de técnico,2026-05-18 14:15:50,Jefe_Mantenimiento,EQ167,Compresor,Planta_A,11,Hidráulica,Alta,0,1359.25,Sí
OT00695,Reparación,2026-05-18 14:16:42,Tec_07,EQ350,Torno CNC,Planta_B,16,Software,Baja,2,2800.0,Sí
OT00671,Prueba,2026-05-18 14:29:27,Tec_07,EQ035,Compresor,Planta_B,8,Mecánica,Baja,3,3830.21,Sí
OT00708,Reparación,2026-05-18 14:41:38,Tec_06,EQ614,Bomba,Planta_B,8,Eléctrica,Alta,3,394.52,No
OT00710,Solicitud de repuesto,2026-05-18 14:45:51,Tec_05,EQ167,Compresor,Planta_A,11,Hidráulica,Alta,0,1359.25,Sí
OT00705,Falla reportada,2026-05-18 14:50:00,Operador_02,EQ093,Compresor,Planta_A,9,Mecánica,Alta,1,3250.83,No
OT00704,Asignación de técnico,2026-05-18 14:51:26,Jefe_Mantenimiento,EQ477,Montacargas,Planta_A,18,Hidráulica,Baja,3,1022.33,No
OT00699,Prueba,2026-05-18 15:20:23,Tec_04,EQ149,Torno CNC,Planta_A,4,Hidráulica,Media,0,848.73,No
OT00704,Solicitud de repuesto,2026-05-18 15:21:27,Tec_03,EQ477,Montacargas,Planta_A,18,Hidráulica,Baja,3,1022.33,No
OT00705,Diagnóstico,2026-05-18 15:27:38,Tec_02,EQ093,Compresor,Planta_A,9,Mecánica,Alta,1,3250.83,No
OT00671,Puesta en operación,2026-05-18 15:28:55,Tec_07,EQ035,Compresor,Planta_B,8,Mecánica,Baja,3,3830.21,Sí
OT00686,Cierre,2026-05-18 15:32:49,Administracion_Mtto,EQ557,Bomba,Planta_A,14,Eléctrica,Media,6,873.94,No
OT00700,Puesta en operación,2026-05-18 15:37:23,Tec_06,EQ199,Montacargas,Planta_B,14,Software,Media,4,1019.75,No
OT00701,Puesta en operación,2026-05-18 15:40:59,Tec_07,EQ173,Bomba,Planta_B,10,Mecánica,Media,5,1025.92,Sí
OT00703,Prueba,2026-05-18 15:52:32,Tec_02,EQ458,Bomba,Planta_A,6,Eléctrica,Media,5,384.73,No
OT00705,Asignación de técnico,2026-05-18 16:03:19,Jefe_Mantenimiento,EQ093,Compresor,Planta_A,9,Mecánica,Alta,1,3250.83,No
OT00711,Diagnóstico,2026-05-18 16:03:25,Tec_03,EQ417,Montacargas,Planta_A,15,Hidráulica,Media,5,1475.65,No
OT00708,Prueba,2026-05-18 16:23:34,Tec_06,EQ614,Bomba,Planta_B,8,Eléctrica,Alta,3,394.52,No
OT00695,Prueba fallida,2026-05-18 16:33:15,Tec_07,EQ350,Torno CNC,Planta_B,16,Software,Baja,2,2800.0,Sí
OT00705,Solicitud de repuesto,2026-05-18 16:33:20,Tec_03,EQ093,Compresor,Planta_A,9,Mecánica,Alta,1,3250.83,No
OT00699,Puesta en operación,2026-05-18 16:39:04,Tec_04,EQ149,Torno CNC,Planta_A,4,Hidráulica,Media,0,848.73,No
OT00703,Puesta en operación,2026-05-18 16:42:27,Tec_02,EQ458,Bomba,Planta_A,6,Eléctrica,Media,5,384.73,No
OT00708,Puesta en operación,2026-05-18 16:50:43,Tec_06,EQ614,Bomba,Planta_B,8,Eléctrica,Alta,3,394.52,No
OT00709,Falla reportada,2026-05-18 23:05:26,Operador_10,EQ655,Torno CNC,Planta_B,6,Hidráulica,Media,2,1287.46,Sí
OT00715,Falla reportada,2026-05-19 04:02:19,Operador_11,EQ073,Prensa hidráulica,Planta_A,11,Software,Baja,5,335.14,Sí
OT00712,Falla reportada,2026-05-19 05:18:47,Operador_12,EQ154,Montacargas,Planta_A,3,Hidráulica,Media,2,408.75,No
OT00711,Asignación de técnico,2026-05-19 07:00:00,Jefe_Mantenimiento,EQ417,Montacargas,Planta_A,15,Hidráulica,Media,5,1475.65,No
OT00637,Nueva reparación,2026-05-19 07:00:00,Tec_05,EQ442,Torno CNC,Planta_A,17,Eléctrica,Media,3,5909.49,Sí
OT00695,Nueva reparación ,2026-05-19 07:00:00,Tec_07,EQ350,Torno CNC,Planta_B,16,Software,Baja,2,2800.0,Sí
OT00704,Recepción de repuesto,2026-05-19 07:00:00,Bodega,EQ477,Montacargas,Planta_A,18,Hidráulica,Baja,3,1022.33,No
OT00612,Recepción de repuesto,2026-05-19 07:00:00,Bodega,EQ105,Bomba,Planta_B,14,Eléctrica,Baja,1,1719.71,Sí
OT00689,Recepción de repuesto,2026-05-19 07:00:00,Bodega,EQ068,Compresor,Planta_B,17,Mecánica,Media,3,2243.55,Sí
OT00710,Recepción de repuesto,2026-05-19 07:16:00,Bodega,EQ167,Compresor,Planta_A,11,Hidráulica,Alta,0,1359.25,Sí
OT00710,Recepción de repuesto,2026-05-19 07:16:00,Bodega,EQ167,Compresor,Planta_A,11,Hidráulica,Alta,0,1359.25,Sí
OT00715,Diagnóstico,2026-05-19 07:16:00,Tec_03,EQ073,Prensa hidráulica,Planta_A,11,Software,Baja,5,335.14,Sí
OT00697,Recepción de repuesto,2026-05-19 07:25:00,Bodega,EQ215,Compresor,Planta_A,10,Eléctrica,Alta,2,2094.53,No
OT00711,Solicitud de repuesto,2026-05-19 07:30:01,Tec_02,EQ417,Montacargas,Planta_A,15,Hidráulica,Media,5,1475.65,No
OT00715,Asignación de técnico,2026-05-19 07:58:05,Jefe_Mantenimiento,EQ073,Prensa hidráulica,Planta_A,11,Software,Baja,5,335.14,Sí
OT00682,Cierre,2026-05-19 08:00:00,Administracion_Mtto,EQ254,Bomba,Planta_A,18,Mecánica,Media,3,1914.42,Sí
OT00685,Cierre,2026-05-19 08:03:00,Administracion_Mtto,EQ478,Compresor,Planta_A,3,Mecánica,Media,0,634.55,No
OT00672,Cierre,2026-05-19 08:11:00,Administracion_Mtto,EQ282,Torno CNC,Planta_A,12,Mecánica,Media,1,814.21,No
OT00704,Reparación,2026-05-19 08:40:52,Tec_03,EQ477,Montacargas,Planta_A,18,Hidráulica,Baja,3,1022.33,No
OT00651,Cierre,2026-05-19 08:52:55,Administracion_Mtto,EQ715,Prensa hidráulica,Planta_B,17,Hidráulica,Media,4,6287.9,No
OT00637,Prueba fallida,2026-05-19 09:24:15,Tec_05,EQ442,Torno CNC,Planta_A,17,Eléctrica,Media,3,5909.49,Sí
OT00695,Prueba,2026-05-19 09:32:25,Tec_07,EQ350,Torno CNC,Planta_B,16,Software,Baja,2,2800.0,Sí
OT00695,Puesta en operación,2026-05-19 09:54:18,Tec_07,EQ350,Torno CNC,Planta_B,16,Software,Baja,2,2800.0,Sí
OT00704,Prueba,2026-05-19 10:25:15,Tec_03,EQ477,Montacargas,Planta_A,18,Hidráulica,Baja,3,1022.33,No
OT00689,Reparación,2026-05-19 10:43:31,Tec_07,EQ068,Compresor,Planta_B,17,Mecánica,Media,3,2243.55,Sí
OT00612,Reparación,2026-05-19 10:56:55,Tec_06,EQ105,Bomba,Planta_B,14,Eléctrica,Baja,1,1719.71,Sí
OT00550,Cierre,2026-05-19 11:02:00,Administracion_Mtto,EQ717,Montacargas,Planta_A,16,Hidráulica,Media,1,1715.47,Sí
OT00710,Reparación,2026-05-19 11:25:19,Tec_05,EQ167,Compresor,Planta_A,11,Hidráulica,Alta,0,1359.25,Sí
OT00697,Reparación,2026-05-19 11:26:52,Tec_05,EQ215,Compresor,Planta_A,10,Eléctrica,Alta,2,2094.53,No
OT00712,Diagnóstico,2026-05-19 11:29:39,Tec_02,EQ154,Montacargas,Planta_A,3,Hidráulica,Media,2,408.75,No
OT00715,Reparación,2026-05-19 11:40:11,Tec_02,EQ073,Prensa hidráulica,Planta_A,11,Software,Baja,5,335.14,Sí
OT00704,Puesta en operación,2026-05-19 12:00:32,Tec_03,EQ477,Montacargas,Planta_A,18,Hidráulica,Baja,3,1022.33,No
OT00712,Asignación de técnico,2026-05-19 12:22:40,Jefe_Mantenimiento,EQ154,Montacargas,Planta_A,3,Hidráulica,Media,2,408.75,No
OT00689,Prueba,2026-05-19 12:28:56,Tec_07,EQ068,Compresor,Planta_B,17,Mecánica,Media,3,2243.55,Sí
OT00666,Cierre,2026-05-19 12:29:27,Administracion_Mtto,EQ173,Bomba,Planta_B,10,Mecánica,Media,4,2266.26,Sí
OT00715,Prueba,2026-05-19 12:58:17,Tec_02,EQ073,Prensa hidráulica,Planta_A,11,Software,Baja,5,335.14,Sí
OT00697,Prueba,2026-05-19 13:17:50,Tec_05,EQ215,Compresor,Planta_A,10,Eléctrica,Alta,2,2094.53,No
OT00713,Falla reportada,2026-05-19 13:19:46,Operador_11,EQ367,Torno CNC,Planta_A,15,Eléctrica,Baja,6,1495.38,No
OT00710,Prueba,2026-05-19 13:27:24,Tec_05,EQ167,Compresor,Planta_A,11,Hidráulica,Alta,0,1359.25,Sí
OT00612,Prueba,2026-05-19 13:31:39,Tec_06,EQ105,Bomba,Planta_B,14,Eléctrica,Baja,1,1719.71,Sí
OT00715,Puesta en operación,2026-05-19 13:36:51,Tec_02,EQ073,Prensa hidráulica,Planta_A,11,Software,Baja,5,335.14,Sí
OT00612,Puesta en operación,2026-05-19 14:18:12,Tec_06,EQ105,Bomba,Planta_B,14,Eléctrica,Baja,1,1719.71,Sí
OT00697,Puesta en operación,2026-05-19 14:29:19,Tec_05,EQ215,Compresor,Planta_A,10,Eléctrica,Alta,2,2094.53,No
OT00641,Recepción de repuesto,2026-05-19 14:34:33,Bodega,EQ416,Torno CNC,Planta_B,11,Eléctrica,Media,0,2510.21,Sí
OT00710,Puesta en operación,2026-05-19 14:39:11,Tec_05,EQ167,Compresor,Planta_A,11,Hidráulica,Alta,0,1359.25,Sí
OT00689,Puesta en operación,2026-05-19 14:39:17,Tec_07,EQ068,Compresor,Planta_B,17,Mecánica,Media,3,2243.55,Sí
OT00717,Falla reportada,2026-05-19 14:55:40,Operador_10,EQ357,Montacargas,Planta_A,13,Eléctrica,Baja,0,824.14,Sí
OT00712,Reparación,2026-05-19 15:00:46,Tec_01,EQ154,Montacargas,Planta_A,3,Hidráulica,Media,2,408.75,No
OT00714,Falla reportada,2026-05-19 15:05:36,Operador_03,EQ197,Prensa hidráulica,Planta_A,15,Mecánica,Alta,8,5622.6,
OT00713,Diagnóstico,2026-05-19 15:07:18,Tec_05,EQ367,Torno CNC,Planta_A,15,Eléctrica,Baja,6,1495.38,No
OT00714,Diagnóstico,2026-05-19 15:21:25,Tec_01,EQ197,Prensa hidráulica,Planta_A,15,Mecánica,Alta,8,5622.6,
OT00641,Reparación,2026-05-19 15:40:19,Tec_06,EQ416,Torno CNC,Planta_B,11,Eléctrica,Media,0,2510.21,Sí
OT00716,Falla reportada,2026-05-19 15:44:55,Operador_09,EQ724,Prensa hidráulica,Planta_A,14,Hidráulica,Media,3,2190.85,No
OT00712,Prueba,2026-05-19 16:06:12,Tec_01,EQ154,Montacargas,Planta_A,3,Hidráulica,Media,2,408.75,No
OT00714,Asignación de técnico,2026-05-19 16:13:11,Jefe_Mantenimiento,EQ197,Prensa hidráulica,Planta_A,15,Mecánica,Alta,8,5622.6,
OT00713,Asignación de técnico,2026-05-19 16:21:32,Jefe_Mantenimiento,EQ367,Torno CNC,Planta_A,15,Eléctrica,Baja,6,1495.38,No
OT00714,Solicitud de repuesto,2026-05-19 16:43:12,Tec_04,EQ197,Prensa hidráulica,Planta_A,15,Mecánica,Alta,8,5622.6,
OT00714,Solicitud de repuesto,2026-05-19 16:43:12,Tec_04,EQ197,Prensa hidráulica,Planta_A,15,Mecánica,Alta,8,5622.6,
OT00713,Solicitud de repuesto,2026-05-19 16:51:33,Tec_05,EQ367,Torno CNC,Planta_A,15,Eléctrica,Baja,6,1495.38,No
OT00637,Nueva reparación,2026-05-19 16:55:34,Tec_05,EQ442,Torno CNC,Planta_A,17,Eléctrica,Media,3,5909.49,Sí
OT00712,Puesta en operación,2026-05-19 16:59:30,Tec_01,EQ154,Montacargas,Planta_A,3,Hidráulica,Media,2,408.75,No
OT00718,Falla reportada,2026-05-19 17:56:55,Operador_11,EQ436,Montacargas,Planta_B,6,Mecánica,Media,0,2800.0,Sí
OT00720,Falla reportada,2026-05-20 03:56:45,Operador_05,EQ073,Prensa hidráulica,Planta_A,11,Software,Baja,6,2056.54,Sí
OT00716,Diagnóstico,2026-05-20 07:00:00,Tec_05,EQ724,Prensa hidráulica,Planta_A,14,Hidráulica,Media,3,2190.85,No
OT00641,Prueba,2026-05-20 07:00:00,Tec_06,EQ416,Torno CNC,Planta_B,11,Eléctrica,Media,0,2510.21,Sí
OT00702,Recepción de repuesto,2026-05-20 07:00:00,Bodega,EQ529,Bomba,Planta_B,14,Eléctrica,Media,4,2475.36,Sí
OT00709,Diagnóstico,2026-05-20 07:00:00,Tec_B01,EQ655,Torno CNC,Planta_B,6,Hidráulica,Media,2,1287.46,Sí
OT00705,Recepción de repuesto,2026-05-20 07:00:00,Bodega,EQ093,Compresor,Planta_A,9,Mecánica,Alta,1,3250.83,No
OT00655,Recepción de repuesto,2026-05-20 07:00:00,Bodega,EQ115,Torno CNC,Planta_A,16,Mecánica,Media,3,4943.38,No
OT00717,Diagnóstico,2026-05-20 07:00:00,Tec_04,EQ357,Montacargas,Planta_A,13,Eléctrica,Baja,0,824.14,Sí
OT00637,Prueba fallida,2026-05-20 07:00:00,Tec_05,EQ442,Torno CNC,Planta_A,17,Eléctrica,Media,3,5909.49,Sí
OT00711,Recepción de repuesto,2026-05-20 07:13:00,Bodega,EQ417,Montacargas,Planta_A,15,Hidráulica,Media,5,1475.65,No
OT00713,Recepción de repuesto,2026-05-20 07:13:00,Bodega,EQ367,Torno CNC,Planta_A,15,Eléctrica,Baja,6,1495.38,No
OT00718,Diagnóstico,2026-05-20 07:19:00,Tec_B01,EQ436,Montacargas,Planta_B,6,Mecánica,Media,0,2800.0,Sí
OT00709,Asignación de técnico,2026-05-20 07:53:32,Jefe_Mantenimiento,EQ655,Torno CNC,Planta_B,6,Hidráulica,Media,2,1287.46,Sí
OT00717,Asignación de técnico,2026-05-20 07:55:56,Jefe_Mantenimiento,EQ357,Montacargas,Planta_A,13,Eléctrica,Baja,0,824.14,Sí
OT00676,Cierre,2026-05-20 08:09:00,Administracion_Mtto,EQ715,Prensa hidráulica,Planta_B,17,Mecánica,Media,5,2682.57,No
OT00652,Cierre,2026-05-20 08:12:00,Administracion_Mtto,EQ289,Compresor,Planta_A,4,Software,Media,1,623.92,No
OT00692,Cierre,2026-05-20 08:18:00,Administracion_Mtto,EQ065,Bomba,Planta_A,14,Software,Media,4,1400.0,No
OT00702,Reparación,2026-05-20 08:32:38,Tec_06,EQ529,Bomba,Planta_B,14,Eléctrica,Media,4,2475.36,Sí
OT00720,Diagnóstico,2026-05-20 08:43:09,Tec_02,EQ073,Prensa hidráulica,Planta_A,11,Software,Baja,6,2056.54,Sí
OT00718,Asignación de técnico,2026-05-20 08:44:28,Jefe_Mantenimiento,EQ436,Montacargas,Planta_B,6,Mecánica,Media,0,2800.0,Sí
OT00713,Reparación,2026-05-20 08:52:42,Tec_05,EQ367,Torno CNC,Planta_A,15,Eléctrica,Baja,6,1495.38,No
OT00722,Falla reportada,2026-05-20 09:11:21,Operador_12,EQ529,Bomba,Planta_B,14,Mecánica,Alta,5,3452.16,Sí
OT00716,Asignación de técnico,2026-05-20 09:37:25,Jefe_Mantenimiento,EQ724,Prensa hidráulica,Planta_A,14,Hidráulica,Media,3,2190.85,No
OT00641,Puesta en operación,2026-05-20 09:38:52,Tec_06,EQ416,Torno CNC,Planta_B,11,Eléctrica,Media,0,2510.21,Sí
OT00720,Asignación de técnico,2026-05-20 09:52:37,Jefe_Mantenimiento,EQ073,Prensa hidráulica,Planta_A,11,Software,Baja,6,2056.54,Sí
OT00716,Solicitud de repuesto,2026-05-20 10:07:26,Tec_01,EQ724,Prensa hidráulica,Planta_A,14,Hidráulica,Media,3,2190.85,No
OT00709,Reparación,2026-05-20 10:17:44,Tec_07,EQ655,Torno CNC,Planta_B,6,Hidráulica,Media,2,1287.46,Sí
OT00702,Prueba,2026-05-20 10:20:37,Tec_06,EQ529,Bomba,Planta_B,14,Eléctrica,Media,4,2475.36,Sí
OT00717,Reparación,2026-05-20 10:56:00,Tec_04,EQ357,Montacargas,Planta_A,13,Eléctrica,Baja,0,824.14,Sí
OT00713,Prueba,2026-05-20 11:09:10,Tec_05,EQ367,Torno CNC,Planta_A,15,Eléctrica,Baja,6,1495.38,No
OT00709,Prueba,2026-05-20 11:21:46,Tec_07,EQ655,Torno CNC,Planta_B,6,Hidráulica,Media,2,1287.46,Sí
OT00655,Reparación,2026-05-20 11:28:43,Tec_03,EQ115,Torno CNC,Planta_A,16,Mecánica,Media,3,4943.38,No
OT00705,Reparación,2026-05-20 11:41:04,Tec_03,EQ093,Compresor,Planta_A,9,Mecánica,Alta,1,3250.83,No
OT00720,Reparación,2026-05-20 11:43:21,Tec_03,EQ073,Prensa hidráulica,Planta_A,11,Software,Baja,6,2056.54,Sí
OT00709,Puesta en operación,2026-05-20 11:52:30,Tec_07,EQ655,Torno CNC,Planta_B,6,Hidráulica,Media,2,1287.46,Sí
OT00702,Puesta en operacion,2026-05-20 12:07:02,Tec_06,EQ529,Bomba,Planta_B,14,Eléctrica,Media,4,2475.36,Sí
OT00711,Reparación,2026-05-20 12:19:50,Tec_02,EQ417,Montacargas,Planta_A,15,Hidráulica,Media,5,1475.65,No
OT00718,Reparación,2026-05-20 12:41:02,Tec_06,EQ436,Montacargas,Planta_B,6,Mecánica,Media,0,2800.0,Sí
OT00722,Diagnóstico,2026-05-20 12:41:43,Tec_B01,EQ529,Bomba,Planta_B,14,Mecánica,Alta,5,3452.16,Sí
OT00713,Puesta en operación,2026-05-20 12:48:41,Tec_05,EQ367,Torno CNC,Planta_A,15,Eléctrica,Baja,6,1495.38,No
OT00717,Prueba,2026-05-20 13:19:50,Tec_04,EQ357,Montacargas,Planta_A,13,Eléctrica,Baja,0,824.14,Sí
OT00655,Prueba fallida,2026-05-20 13:21:18,Tec_03,EQ115,Torno CNC,Planta_A,16,Mecánica,Media,3,4943.38,No
OT00722,Asignación de técnico,2026-05-20 13:22:18,Jefe_Mantenimiento,EQ529,Bomba,Planta_B,14,Mecánica,Alta,5,3452.16,Sí
OT00720,Prueba fallida,2026-05-20 13:29:50,Tec_03,EQ073,Prensa hidráulica,Planta_A,11,Software,Baja,6,2056.54,Sí
OT00703,Cierre,2026-05-20 13:44:13,Administracion_Mtto,EQ458,Bomba,Planta_A,6,Eléctrica,Media,5,384.73,No
OT00718,Prueba fallida,2026-05-20 13:51:25,Tec_06,EQ436,Montacargas,Planta_B,6,Mecánica,Media,0,2800.0,Sí
OT00722,Solicitud de repuesto,2026-05-20 13:52:19,Tec_06,EQ529,Bomba,Planta_B,14,Mecánica,Alta,5,3452.16,Sí
OT00705,Prueba,2026-05-20 14:14:11,Tec_03,EQ093,Compresor,Planta_A,9,Mecánica,Alta,1,3250.83,No
OT00637,Nueva reparación,2026-05-20 14:25:48,Tec_05,EQ442,Torno CNC,Planta_A,17,Eléctrica,Media,3,5909.49,Sí
OT00711,Prueba,2026-05-20 14:26:18,Tec_02,EQ417,Montacargas,Planta_A,15,Hidráulica,Media,5,1475.65,No
OT00717,Puesta en operación,2026-05-20 14:28:28,Tec_04,EQ357,Montacargas,Planta_A,13,Eléctrica,Baja,0,824.14,Sí
OT00612,Cierre,2026-05-20 14:52:04,Administracion_Mtto,EQ105,Bomba,Planta_B,14,Eléctrica,Baja,1,1719.71,Sí
OT00690,Cierre,2026-05-20 15:35:55,Administracion_Mtto,EQ431,Prensa hidráulica,Planta_A,6,Eléctrica,Media,2,1400.0,No
OT00711,Puesta en operación,2026-05-20 15:41:36,Tec_02,EQ417,Montacargas,Planta_A,15,Hidráulica,Media,5,1475.65,No
OT00720,Nueva reparación,2026-05-20 16:22:55,Tec_03,EQ073,Prensa hidráulica,Planta_A,11,Software,Baja,6,2056.54,Sí
OT00705,Puesta en operación,2026-05-20 16:31:14,Tec_03,EQ093,Compresor,Planta_A,9,Mecánica,Alta,1,3250.83,No
OT00721,Falla reportada,2026-05-20 16:53:16,Operador_04,EQ724,Prensa hidráulica,Planta_A,14,Eléctrica,Media,4,3603.92,
OT00719,Falla reportada,2026-05-20 19:31:39,Operador_05,EQ197,Prensa hidráulica,Planta_A,15,Eléctrica,Media,9,1318.64,No
OT00721,Diagnóstico,2026-05-21 07:00:00,Tec_02,EQ724,Prensa hidráulica,Planta_A,14,Eléctrica,Media,4,3603.92,
OT00719,Diagnóstico,2026-05-21 07:00:00,Tec_05,EQ197,Prensa hidráulica,Planta_A,15,Eléctrica,Media,9,1318.64,No
OT00637,Prueba,2026-05-21 07:00:00,Tec_05,EQ442,Torno CNC,Planta_A,17,Eléctrica,Media,3,5909.49,Sí
OT00596,Recepción de repuesto,2026-05-21 07:00:00,Bodega,EQ441,Montacargas,Planta_A,12,Mecánica,Baja,5,2230.8,No
OT00720,Prueba,2026-05-21 07:00:00,Tec_03,EQ073,Prensa hidráulica,Planta_A,11,Software,Baja,6,2056.54,Sí
OT00718,Nueva reparación,2026-05-21 07:00:00,Tec_06,EQ436,Montacargas,Planta_B,6,Mecánica,Media,0,2800.0,Sí
OT00655,Nueva reparación,2026-05-21 07:24:00,Tec_03,EQ115,Torno CNC,Planta_A,16,Mecánica,Media,3,4943.38,No
OT00719,Asignación de técnico,2026-05-21 07:51:02,Jefe_Mantenimiento,EQ197,Prensa hidráulica,Planta_A,15,Eléctrica,Media,9,1318.64,No
OT00637,Puesta en operación,2026-05-21 07:55:13,Tec_05,EQ442,Torno CNC,Planta_A,17,Eléctrica,Media,3,5909.49,Sí
OT00691,Cierre,2026-05-21 08:00:00,Administracion_Mtto,EQ409,Compresor,Planta_A,10,Eléctrica,Media,3,2380.07,No
OT00706,Cierre,2026-05-21 08:00:00,Administracion_Mtto,EQ507,Montacargas,Planta_A,9,Mecánica,Media,2,242.33,No
OT00613,Cierre,2026-05-21 08:00:00,Administracion_Mtto,EQ378,Prensa hidráulica,Planta_B,16,Hidráulica,Media,3,2939.21,No
OT00693,Cierre,2026-05-21 08:00:00,Administracion_Mtto,EQ017,Bomba,Planta_A,17,Eléctrica,Media,1,1400.0,Sí
OT00688,Cierre,2026-05-21 08:00:00,Administracion_Mtto,EQ296,Compresor,Planta_A,12,Mecánica,Media,3,1400.0,Sí
OT00699,Cierre,2026-05-21 08:01:00,Administracion_Mtto,EQ149,Torno CNC,Planta_A,4,Hidráulica,Media,0,848.73,No
OT00701,Cierre,2026-05-21 08:06:00,Administracion_Mtto,EQ173,Bomba,Planta_B,10,Mecánica,Media,5,1025.92,Sí
OT00588,Cierre,2026-05-21 08:10:00,Administracion_Mtto,EQ089,Prensa hidráulica,Planta_A,9,Eléctrica,Media,1,2775.22,Sí
OT00721,Asignación de técnico,2026-05-21 08:10:17,Jefe_Mantenimiento,EQ724,Prensa hidráulica,Planta_A,14,Eléctrica,Media,4,3603.92,
OT00715,Cierre,2026-05-21 08:18:00,Administracion_Mtto,EQ073,Prensa hidráulica,Planta_A,11,Software,Baja,5,335.14,Sí
OT00662,Cierre,2026-05-21 08:28:00,Administracion_Mtto,EQ624,Bomba,Planta_A,13,Hidráulica,Baja,1,1782.21,No
OT00721,Solicitud de repuesto,2026-05-21 08:40:18,Tec_01,EQ724,Prensa hidráulica,Planta_A,14,Eléctrica,Media,4,3603.92,
OT00718,Prueba,2026-05-21 08:51:34,Tec_06,EQ436,Montacargas,Planta_B,6,Mecánica,Media,0,2800.0,Sí
OT00655,Prueba,2026-05-21 08:55:34,Tec_03,EQ115,Torno CNC,Planta_A,16,Mecánica,Media,3,4943.38,No
OT00720,Puesta en operación,2026-05-21 09:19:30,Tec_03,EQ073,Prensa hidráulica,Planta_A,11,Software,Baja,6,2056.54,Sí
OT00655,Puesta en operación,2026-05-21 09:23:39,Tec_03,EQ115,Torno CNC,Planta_A,16,Mecánica,Media,3,4943.38,No
OT00723,Falla reportada,2026-05-21 09:28:18,Operador_05,EQ530,Montacargas,Planta_B,18,Hidráulica,Baja,2,3998.83,Sí
OT00596,Reparación,2026-05-21 10:45:10,Tec_03,EQ441,Montacargas,Planta_A,12,Mecánica,Baja,5,2230.8,No
OT00718,Puesta en operación,2026-05-21 11:55:42,Tec_06,EQ436,Montacargas,Planta_B,6,Mecánica,Media,0,2800.0,Sí
OT00596,Prueba,2026-05-21 13:05:57,Tec_03,EQ441,Montacargas,Planta_A,12,Mecánica,Baja,5,2230.8,No
OT00596,Puesta en operación,2026-05-21 14:32:39,Tec_03,EQ441,Montacargas,Planta_A,12,Mecánica,Baja,5,2230.8,No
OT00724,Falla reportada,2026-05-21 19:55:21,Operador_06,EQ324,Torno CNC,Planta_A,12,Software,Media,6,663.43,No
OT00728,Falla reportada,2026-05-22 00:23:01,Operador_04,EQ196,Montacargas,Planta_B,10,Mecánica,Media,1,1400.0,No
OT00723,Diagnóstico,2026-05-22 07:00:00,Tec_B01,EQ530,Montacargas,Planta_B,18,Hidráulica,Baja,2,3998.83,Sí
OT00719,Reparación,2026-05-22 07:00:00,Tec_03,EQ197,Prensa hidráulica,Planta_A,15,Eléctrica,Media,9,1318.64,No
OT00724,Diagnóstico,2026-05-22 07:14:00,Tec_05,EQ324,Torno CNC,Planta_A,12,Software,Media,6,663.43,No
OT00722,Recepción de repuesto,2026-05-22 07:14:00,Bodega,EQ529,Bomba,Planta_B,14,Mecánica,Alta,5,3452.16,Sí
OT00723,Asignación de técnico,2026-05-22 07:29:31,Jefe_Mantenimiento,EQ530,Montacargas,Planta_B,18,Hidráulica,Baja,2,3998.83,Sí
OT00723,Solicitud de repuesto,2026-05-22 07:59:32,Tec_07,EQ530,Montacargas,Planta_B,18,Hidráulica,Baja,2,3998.83,Sí
OT00625,Cierre,2026-05-22 08:00:00,Administracion_Mtto,EQ290,Prensa hidráulica,Planta_A,6,Hidráulica,Baja,1,2500.65,Sí
OT00704,Cierre,2026-05-22 08:01:00,Administracion_Mtto,EQ477,Montacargas,Planta_A,18,Hidráulica,Baja,3,1022.33,No
OT00645,Cierre,2026-05-22 08:07:00,Administracion_Mtto,EQ530,Montacargas,Planta_B,18,Eléctrica,Media,1,1605.36,Sí
OT00717,Cierre,2026-05-22 08:17:00,Administracion_Mtto,EQ357,Montacargas,Planta_A,13,Eléctrica,Baja,0,824.14,Sí
OT00658,Recepción de repuesto,2026-05-22 08:32:32,Bodega,EQ192,Prensa hidráulica,Planta_A,1,Eléctrica,Baja,0,2160.13,Sí
OT00709,Cierre,2026-05-22 08:40:50,Administracion_Mtto,EQ655,Torno CNC,Planta_B,6,Hidráulica,Media,2,1287.46,Sí
OT00719,Prueba,2026-05-22 08:44:44,Tec_03,EQ197,Prensa hidráulica,Planta_A,15,Eléctrica,Media,9,1318.64,No
OT00724,Asignación de técnico,2026-05-22 08:59:21,Jefe_Mantenimiento,EQ324,Torno CNC,Planta_A,12,Software,Media,6,663.43,No
OT00719,Puesta en operación,2026-05-22 09:12:11,Tec_03,EQ197,Prensa hidráulica,Planta_A,15,Eléctrica,Media,9,1318.64,No
OT00697,Cierre,2026-05-22 09:36:28,Administracion_Mtto,EQ215,Compresor,Planta_A,10,Eléctrica,Alta,2,2094.53,No
OT00671,Cierre,2026-05-22 09:54:26,Administracion_Mtto,EQ035,Compresor,Planta_B,8,Mecánica,Baja,3,3830.21,Sí
OT00728,Diagnóstico,2026-05-22 10:34:24,Tec_B01,EQ196,Montacargas,Planta_B,10,Mecánica,Media,1,1400.0,No
OT00658,Reparación,2026-05-22 10:53:38,Tec_05,EQ192,Prensa hidráulica,Planta_A,1,Eléctrica,Baja,0,2160.13,Sí
OT00722,Reparación,2026-05-22 11:06:34,Tec_06,EQ529,Bomba,Planta_B,14,Mecánica,Alta,5,3452.16,Sí
OT00728,Asignación de técnico,2026-05-22 12:05:45,Jefe_Mantenimiento,EQ196,Montacargas,Planta_B,10,Mecánica,Media,1,1400.0,No
OT00724,Reparación,2026-05-22 12:18:27,Tec_02,EQ324,Torno CNC,Planta_A,12,Software,Media,6,663.43,No
OT00658,Prueba,2026-05-22 12:18:56,Tec_05,EQ192,Prensa hidráulica,Planta_A,1,Eléctrica,Baja,0,2160.13,Sí
OT00714,Aprobación de compra,2026-05-22 13:11:16,Gerencia,EQ197,Prensa hidráulica,Planta_A,15,Mecánica,Alta,8,5622.6,
OT00695,Cierre,2026-05-22 13:11:57,Administracion_Mtto,EQ350,Torno CNC,Planta_B,16,Software,Baja,2,2800.0,Sí
OT00658,Puesta en operación,2026-05-22 13:18:40,Tec_05,EQ192,Prensa hidráulica,Planta_A,1,Eléctrica,Baja,0,2160.13,Sí
OT00724,Prueba,2026-05-22 13:34:31,Tec_02,EQ324,Torno CNC,Planta_A,12,Software,Media,6,663.43,No
OT00683,Recepción de repuesto,2026-05-22 13:35:03,Bodega,EQ511,Torno CNC,Planta_A,3,Eléctrica,Alta,3,3526.24,No
OT00722,Prueba fallida,2026-05-22 13:51:29,Tec_06,EQ529,Bomba,Planta_B,14,Mecánica,Alta,5,3452.16,Sí
OT00724,Puesta en operación,2026-05-22 14:52:40,Tec_02,EQ324,Torno CNC,Planta_A,12,Software,Media,6,663.43,No
OT00728,Reparación,2026-05-22 14:52:59,Tec_06,EQ196,Montacargas,Planta_B,10,Mecánica,Media,1,1400.0,No
OT00674,Recepción de repuesto,2026-05-22 15:17:59,Bodega,EQ528,Bomba,Planta_B,17,Mecánica,Alta,1,2062.45,Sí
OT00727,Falla reportada,2026-05-22 18:38:24,Operador_11,EQ406,Prensa hidráulica,Planta_B,8,Eléctrica,Media,3,1400.0,No
OT00729,Falla reportada,2026-05-22 19:11:01,Operador_11,EQ117,Montacargas,Planta_A,14,Eléctrica,Alta,4,1400.0,No
OT00726,Falla reportada,2026-05-22 19:29:15,Operador_02,EQ027,Prensa hidráulica,Planta_B,12,Hidráulica,Media,1,1815.65,
OT00725,Falla reportada,2026-05-22 20:16:55,Operador_01,EQ206,Bomba,Planta_A,13,Hidráulica,Media,6,2036.27,
OT00734,Falla reportada,2026-05-23 04:15:52,Operador_03,EQ238,Prensa hidráulica,Planta_B,9,Mecánica,Media,1,2983.86,No
OT00733,Falla reportada,2026-05-23 05:17:21,Operador_09,EQ519,Prensa hidráulica,Planta_A,7,Eléctrica,Baja,3,1400.0,No
OT00738,Falla reportada,2026-05-23 05:21:44,Operador_04,EQ229,Montacargas,Planta_B,2,Mecánica,Media,2,1400.0,No
OT00736,Falla reportada,2026-05-23 06:15:45,Operador_01,EQ403,Compresor,Planta_A,13,Eléctrica,Media,4,3266.65,
OT00731,Falla reportada,2026-05-23 07:13:20,Operador_01,EQ017,Bomba,Planta_A,17,Eléctrica,Baja,2,2940.26,Sí
OT00730,Falla reportada,2026-05-23 08:06:23,Operador_08,EQ488,Prensa hidráulica,Planta_A,7,Hidráulica,Media,5,1845.03,
OT00735,Falla reportada,2026-05-23 15:59:30,Operador_02,EQ749,Prensa hidráulica,Planta_A,8,Hidráulica,Baja,1,2516.47,
OT00737,Falla reportada,2026-05-23 21:36:41,Operador_06,EQ436,Montacargas,Planta_B,6,Mecánica,Baja,1,1367.21,No
OT00732,Falla reportada,2026-05-23 22:39:19,Operador_07,EQ717,Montacargas,Planta_A,16,Mecánica,Alta,2,1400.0,No
OT00739,Falla reportada,2026-05-24 04:59:27,Operador_05,EQ515,Prensa hidráulica,Planta_B,16,Software,Alta,1,1400.0,No
OT00742,Falla reportada,2026-05-24 09:55:23,Operador_12,EQ254,Bomba,Planta_A,18,Software,Media,4,1042.57,Sí
OT00741,Falla reportada,2026-05-24 12:20:20,Operador_11,EQ551,Montacargas,Planta_B,8,Mecánica,Alta,2,881.21,No
OT00743,Falla reportada,2026-05-24 14:13:10,Operador_03,EQ023,Compresor,Planta_A,5,Eléctrica,Baja,1,4200.0,No
OT00740,Falla reportada,2026-05-24 19:02:40,Operador_05,EQ068,Compresor,Planta_B,17,Eléctrica,Baja,4,610.15,Sí
OT00745,Falla reportada,2026-05-25 06:03:06,Operador_08,EQ217,Bomba,Planta_A,7,Eléctrica,Media,1,379.1,No
OT00722,Nueva reparación,2026-05-25 07:00:00,Tec_06,EQ529,Bomba,Planta_B,14,Mecánica,Alta,5,3452.16,Sí
OT00742,Diagnóstico,2026-05-25 07:00:00,Tec_02,EQ254,Bomba,Planta_A,18,Software,Media,4,1042.57,Sí
OT00734,Diagnóstico,2026-05-25 07:00:00,Tec_B01,EQ238,Prensa hidráulica,Planta_B,9,Mecánica,Media,1,2983.86,No
OT00736,Diagnóstico,2026-05-25 07:00:00,Tec_04,EQ403,Compresor,Planta_A,13,Eléctrica,Media,4,3266.65,
OT00723,Recepción de repuesto,2026-05-25 07:00:00,Bodega,EQ530,Montacargas,Planta_B,18,Hidráulica,Baja,2,3998.83,Sí
OT00683,Reparación,2026-05-25 07:00:00,Tec_01,EQ511,Torno CNC,Planta_A,3,Eléctrica,Alta,3,3526.24,No
OT00737,Diagnóstico,2026-05-25 07:00:00,Tec_B01,EQ436,Montacargas,Planta_B,6,Mecánica,Baja,1,1367.21,No
OT00739,Diagnóstico,2026-05-25 07:00:00,Tec_B01,EQ515,Prensa hidráulica,Planta_B,16,Software,Alta,1,1400.0,No
OT00738,Diagnóstico,2026-05-25 07:00:00,Tec_B01,EQ229,Montacargas,Planta_B,2,Mecánica,Media,2,1400.0,No
OT00725,Diagnóstico,2026-05-25 07:00:00,Tec_05,EQ206,Bomba,Planta_A,13,Hidráulica,Media,6,2036.27,
OT00726,Diagnóstico,2026-05-25 07:00:00,Tec_B01,EQ027,Prensa hidráulica,Planta_B,12,Hidráulica,Media,1,1815.65,
OT00728,Prueba,2026-05-25 07:00:00,Tec_06,EQ196,Montacargas,Planta_B,10,Mecánica,Media,1,1400.0,No
OT00741,Diagnóstico,2026-05-25 07:00:00,Tec_B01,EQ551,Montacargas,Planta_B,8,Mecánica,Alta,2,881.21,No
OT00731,Diagnóstico,2026-05-25 07:00:00,Tec_05,EQ017,Bomba,Planta_A,17,Eléctrica,Baja,2,2940.26,Sí
OT00743,Diagnóstico,2026-05-25 07:00:00,Tec_03,EQ023,Compresor,Planta_A,5,Eléctrica,Baja,1,4200.0,No
OT00733,Diagnóstico,2026-05-25 07:00:00,Tec_01,EQ519,Prensa hidráulica,Planta_A,7,Eléctrica,Baja,3,1400.0,No
OT00674,Reparación,2026-05-25 07:00:00,Tec_06,EQ528,Bomba,Planta_B,17,Mecánica,Alta,1,2062.45,Sí
OT00732,Diagnóstico,2026-05-25 07:00:00,Tec_02,EQ717,Montacargas,Planta_A,16,Mecánica,Alta,2,1400.0,No
OT00667,Recepción de repuesto,2026-05-25 07:00:00,Bodega,EQ061,Torno CNC,Planta_B,9,Mecánica,Media,2,3485.71,Sí
OT00735,Diagnóstico,2026-05-25 07:00:00,Tec_03,EQ749,Prensa hidráulica,Planta_A,8,Hidráulica,Baja,1,2516.47,
OT00729,Diagnóstico,2026-05-25 07:00:00,Tec_03,EQ117,Montacargas,Planta_A,14,Eléctrica,Alta,4,1400.0,No
OT00730,Diagnóstico,2026-05-25 07:00:00,Tec_01,EQ488,Prensa hidráulica,Planta_A,7,Hidráulica,Media,5,1845.03,
OT00727,Diagnóstico,2026-05-25 07:00:00,Tec_B01,EQ406,Prensa hidráulica,Planta_B,8,Eléctrica,Media,3,1400.0,No
OT00740,Diagnóstico,2026-05-25 07:14:00,Tec_B01,EQ068,Compresor,Planta_B,17,Eléctrica,Baja,4,610.15,Sí
OT00745,Diagnóstico,2026-05-25 07:26:23,Tec_02,EQ217,Bomba,Planta_A,7,Eléctrica,Media,1,379.1,No
OT00734,Asignación de técnico,2026-05-25 07:28:38,Jefe_Mantenimiento,EQ238,Prensa hidráulica,Planta_B,9,Mecánica,Media,1,2983.86,No
OT00733,Asignación de técnico,2026-05-25 07:33:09,Jefe_Mantenimiento,EQ519,Prensa hidráulica,Planta_A,7,Eléctrica,Baja,3,1400.0,No
OT00725,Asignación de técnico,2026-05-25 07:34:55,Jefe_Mantenimiento,EQ206,Bomba,Planta_A,13,Hidráulica,Media,6,2036.27,
OT00728,Puesta en operación,2026-05-25 07:36:56,Tec_06,EQ196,Montacargas,Planta_B,10,Mecánica,Media,1,1400.0,No
OT00738,Asignación de técnico,2026-05-25 07:45:00,Jefe_Mantenimiento,EQ229,Montacargas,Planta_B,2,Mecánica,Media,2,1400.0,No
OT00739,Asignación de técnico,2026-05-25 07:46:19,Jefe_Mantenimiento,EQ515,Prensa hidráulica,Planta_B,16,Software,Alta,1,1400.0,No
OT00750,Falla reportada,2026-05-25 07:53:52,Operador_10,EQ723,Bomba,Planta_B,17,Eléctrica,Baja,4,1149.79,No
OT00729,Asignación de técnico,2026-05-25 07:54:11,Jefe_Mantenimiento,EQ117,Montacargas,Planta_A,14,Eléctrica,Alta,4,1400.0,No
OT00731,Asignación de técnico,2026-05-25 07:56:31,Jefe_Mantenimiento,EQ017,Bomba,Planta_A,17,Eléctrica,Baja,2,2940.26,Sí
OT00727,Asignación de técnico,2026-05-25 07:57:20,Jefe_Mantenimiento,EQ406,Prensa hidráulica,Planta_B,8,Eléctrica,Media,3,1400.0,No
OT00734,Solicitud de repuesto,2026-05-25 07:58:39,Tec_07,EQ238,Prensa hidráulica,Planta_B,9,Mecánica,Media,1,2983.86,No
OT00726,Asignación de técnico,2026-05-25 07:59:54,Jefe_Mantenimiento,EQ027,Prensa hidráulica,Planta_B,12,Hidráulica,Media,1,1815.65,
OT00702,Cierre,2026-05-25 08:00:00,Administracion_Mtto,EQ529,Bomba,Planta_B,14,Eléctrica,Media,4,2475.36,Sí
OT00719,Cierre,2026-05-25 08:00:00,Administracion_Mtto,EQ197,Prensa hidráulica,Planta_A,15,Eléctrica,Media,9,1318.64,No
OT00689,Cierre,2026-05-25 08:00:00,Administracion_Mtto,EQ068,Compresor,Planta_B,17,Mecánica,Media,3,2243.55,Sí
OT00700,Cierre,2026-05-25 08:00:00,Administracion_Mtto,EQ199,Montacargas,Planta_B,14,Software,Media,4,1019.75,No
OT00663,Cierre,2026-05-25 08:00:00,Administracion_Mtto,EQ068,Compresor,Planta_B,17,Hidráulica,Media,2,3165.83,Sí
OT00718,Cierre,2026-05-25 08:00:00,Administracion_Mtto,EQ436,Montacargas,Planta_B,6,Mecánica,Media,0,2800.0,Sí
OT00641,Cierre,2026-05-25 08:00:00,Administracion_Mtto,EQ416,Torno CNC,Planta_B,11,Eléctrica,Media,0,2510.21,Sí
OT00710,Cierre,2026-05-25 08:00:00,Administracion_Mtto,EQ167,Compresor,Planta_A,11,Hidráulica,Alta,0,1359.25,Sí
OT00637,Cierre,2026-05-25 08:00:00,Administracion_Mtto,EQ442,Torno CNC,Planta_A,17,Eléctrica,Media,3,5909.49,Sí
OT00658,Cierre,2026-05-25 08:00:00,Administracion_Mtto,EQ192,Prensa hidráulica,Planta_A,1,Eléctrica,Baja,0,2160.13,Sí
OT00724,Cierre,2026-05-25 08:00:00,Administracion_Mtto,EQ324,Torno CNC,Planta_A,12,Software,Media,6,663.43,No
OT00720,Cierre,2026-05-25 08:00:00,Administracion_Mtto,EQ073,Prensa hidráulica,Planta_A,11,Software,Baja,6,2056.54,Sí
OT00708,Cierre,2026-05-25 08:00:00,Administracion_Mtto,EQ614,Bomba,Planta_B,8,Eléctrica,Alta,3,394.52,No
OT00705,Cierre,2026-05-25 08:00:00,Administracion_Mtto,EQ093,Compresor,Planta_A,9,Mecánica,Alta,1,3250.83,No
OT00712,Cierre,2026-05-25 08:00:00,Administracion_Mtto,EQ154,Montacargas,Planta_A,3,Hidráulica,Media,2,408.75,No
OT00634,Cierre,2026-05-25 08:00:00,Administracion_Mtto,EQ320,Torno CNC,Planta_B,16,Hidráulica,Media,1,4451.19,Sí
OT00725,Solicitud de repuesto,2026-05-25 08:04:56,Tec_01,EQ206,Bomba,Planta_A,13,Hidráulica,Media,6,2036.27,
OT00667,Reparación,2026-05-25 08:05:11,Tec_06,EQ061,Torno CNC,Planta_B,9,Mecánica,Media,2,3485.71,Sí
OT00735,Asignación de técnico,2026-05-25 08:06:00,Jefe_Mantenimiento,EQ749,Prensa hidráulica,Planta_A,8,Hidráulica,Baja,1,2516.47,
OT00730,Asignación de técnico,2026-05-25 08:06:33,Jefe_Mantenimiento,EQ488,Prensa hidráulica,Planta_A,7,Hidráulica,Media,5,1845.03,
OT00736,Asignación de técnico,2026-05-25 08:16:51,Jefe_Mantenimiento,EQ403,Compresor,Planta_A,13,Eléctrica,Media,4,3266.65,
OT00743,Asignación de técnico,2026-05-25 08:22:24,Jefe_Mantenimiento,EQ023,Compresor,Planta_A,5,Eléctrica,Baja,1,4200.0,No
OT00731,Solicitud de repuesto,2026-05-25 08:26:32,Tec_03,EQ017,Bomba,Planta_A,17,Eléctrica,Baja,2,2940.26,Sí
OT00742,Asignación de técnico,2026-05-25 08:27:16,Jefe_Mantenimiento,EQ254,Bomba,Planta_A,18,Software,Media,4,1042.57,Sí
OT00726,Solicitud de repuesto,2026-05-25 08:29:55,Tec_06,EQ027,Prensa hidráulica,Planta_B,12,Hidráulica,Media,1,1815.65,
OT00740,Asignación de técnico,2026-05-25 08:34:21,Jefe_Mantenimiento,EQ068,Compresor,Planta_B,17,Eléctrica,Baja,4,610.15,Sí
OT00735,Solicitud de repuesto,2026-05-25 08:36:01,Tec_02,EQ749,Prensa hidráulica,Planta_A,8,Hidráulica,Baja,1,2516.47,
OT00730,Solicitud de repuesto,2026-05-25 08:36:34,Tec_01,EQ488,Prensa hidráulica,Planta_A,7,Hidráulica,Media,5,1845.03,
OT00741,Asignación de técnico,2026-05-25 08:41:36,Jefe_Mantenimiento,EQ551,Montacargas,Planta_B,8,Mecánica,Alta,2,881.21,No
OT00737,Asignación de técnico,2026-05-25 08:41:43,Jefe_Mantenimiento,EQ436,Montacargas,Planta_B,6,Mecánica,Baja,1,1367.21,No
OT00736,Solicitud de repuesto,2026-05-25 08:46:52,Tec_02,EQ403,Compresor,Planta_A,13,Eléctrica,Media,4,3266.65,
OT00745,Asignación de técnico,2026-05-25 09:07:19,Jefe_Mantenimiento,EQ217,Bomba,Planta_A,7,Eléctrica,Media,1,379.1,No
OT00738,Reparación,2026-05-25 09:28:00,Tec_07,EQ229,Montacargas,Planta_B,2,Mecánica,Media,2,1400.0,No
OT00722,Prueba,2026-05-25 09:37:24,Tec_06,EQ529,Bomba,Planta_B,14,Mecánica,Alta,5,3452.16,Sí
OT00732,Asignación de técnico,2026-05-25 09:45:39,Jefe_Mantenimiento,EQ717,Montacargas,Planta_A,16,Mecánica,Alta,2,1400.0,No
OT00747,Falla reportada,2026-05-25 09:54:05,Operador_07,EQ681,Torno CNC,Planta_A,13,Eléctrica,Baja,2,4200.0,Sí
OT00733,Reparación,2026-05-25 10:10:24,Tec_05,EQ519,Prensa hidráulica,Planta_A,7,Eléctrica,Baja,3,1400.0,No
OT00741,Reparación,2026-05-25 10:16:55,Tec_06,EQ551,Montacargas,Planta_B,8,Mecánica,Alta,2,881.21,No
OT00674,Prueba,2026-05-25 10:25:06,Tec_06,EQ528,Bomba,Planta_B,17,Mecánica,Alta,1,2062.45,Sí
OT00737,Reparación,2026-05-25 10:25:13,Tec_06,EQ436,Montacargas,Planta_B,6,Mecánica,Baja,1,1367.21,No
OT00740,Reparación,2026-05-25 10:28:57,Tec_07,EQ068,Compresor,Planta_B,17,Eléctrica,Baja,4,610.15,Sí
OT00722,Puesta en operación,2026-05-25 10:57:24,Tec_06,EQ529,Bomba,Planta_B,14,Mecánica,Alta,5,3452.16,Sí
OT00667,Prueba,2026-05-25 11:03:13,Tec_06,EQ061,Torno CNC,Planta_B,9,Mecánica,Media,2,3485.71,Sí
OT00674,Puesta en operación,2026-05-25 11:11:26,Tec_06,EQ528,Bomba,Planta_B,17,Mecánica,Alta,1,2062.45,Sí
OT00727,Reparación,2026-05-25 11:18:58,Tec_06,EQ406,Prensa hidráulica,Planta_B,8,Eléctrica,Media,3,1400.0,No
OT00747,Diagnóstico,2026-05-25 11:29:48,Tec_05,EQ681,Torno CNC,Planta_A,13,Eléctrica,Baja,2,4200.0,Sí
OT00740,Prueba,2026-05-25 11:34:08,Tec_07,EQ068,Compresor,Planta_B,17,Eléctrica,Baja,4,610.15,Sí
OT00667,Puesta en operación,2026-05-25 11:38:15,Tec_06,EQ061,Torno CNC,Planta_B,9,Mecánica,Media,2,3485.71,Sí
OT00737,Prueba,2026-05-25 12:00:18,Tec_06,EQ436,Montacargas,Planta_B,6,Mecánica,Baja,1,1367.21,No
OT00732,Reparación,2026-05-25 12:08:59,Tec_02,EQ717,Montacargas,Planta_A,16,Mecánica,Alta,2,1400.0,No
OT00742,Reparación,2026-05-25 12:22:59,Tec_05,EQ254,Bomba,Planta_A,18,Software,Media,4,1042.57,Sí
OT00742,Reparación,2026-05-25 12:22:59,Tec_05,EQ254,Bomba,Planta_A,18,Software,Media,4,1042.57,Sí
OT00747,Asignación de técnico,2026-05-25 12:25:52,Jefe_Mantenimiento,EQ681,Torno CNC,Planta_A,13,Eléctrica,Baja,2,4200.0,Sí
OT00741,Prueba,2026-05-25 12:26:39,Tec_06,EQ551,Montacargas,Planta_B,8,Mecánica,Alta,2,881.21,No
OT00740,Puesta en operación,2026-05-25 12:28:38,Tec_07,EQ068,Compresor,Planta_B,17,Eléctrica,Baja,4,610.15,Sí
OT00738,Prueba,2026-05-25 12:33:55,Tec_07,EQ229,Montacargas,Planta_B,2,Mecánica,Media,2,1400.0,No
OT00737,Puesta en operación,2026-05-25 12:40:28,Tec_06,EQ436,Montacargas,Planta_B,6,Mecánica,Baja,1,1367.21,No
OT00727,Prueba,2026-05-25 12:46:17,Tec_06,EQ406,Prensa hidráulica,Planta_B,8,Eléctrica,Media,3,1400.0,No
OT00745,Reparación,2026-05-25 12:59:14,Tec_01,EQ217,Bomba,Planta_A,7,Eléctrica,Media,1,379.1,No
OT00727,Puesta en operación,2026-05-25 13:08:46,Tec_06,EQ406,Prensa hidráulica,Planta_B,8,Eléctrica,Media,3,1400.0,No
OT00733,Prueba,2026-05-25 13:17:33,Tec_05,EQ519,Prensa hidráulica,Planta_A,7,Eléctrica,Baja,3,1400.0,No
OT00741,Puesta en operación,2026-05-25 13:30:58,Tec_06,EQ551,Montacargas,Planta_B,8,Mecánica,Alta,2,881.21,No
OT00732,Prueba,2026-05-25 13:42:06,Tec_02,EQ717,Montacargas,Planta_A,16,Mecánica,Alta,2,1400.0,No
OT00738,Puesta en operación,2026-05-25 13:42:23,Tec_07,EQ229,Montacargas,Planta_B,2,Mecánica,Media,2,1400.0,No
OT00683,Prueba fallida,2026-05-25 13:53:15,Tec_01,EQ511,Torno CNC,Planta_A,3,Eléctrica,Alta,3,3526.24,No
OT00733,Puesta en operación,2026-05-25 14:01:49,Tec_05,EQ519,Prensa hidráulica,Planta_A,7,Eléctrica,Baja,3,1400.0,No
OT00723,Reparación,2026-05-25 14:36:11,Tec_07,EQ530,Montacargas,Planta_B,18,Hidráulica,Baja,2,3998.83,Sí
OT00745,Prueba,2026-05-25 14:40:02,Tec_01,EQ217,Bomba,Planta_A,7,Eléctrica,Media,1,379.1,No
OT00743,Reparación,2026-05-25 14:44:06,Tec_04,EQ023,Compresor,Planta_A,5,Eléctrica,Baja,1,4200.0,No
OT00743,Reparación,2026-05-25 14:44:06,Tec_04,EQ023,Compresor,Planta_A,5,Eléctrica,Baja,1,4200.0,No
OT00742,Prueba,2026-05-25 15:05:01,Tec_05,EQ254,Bomba,Planta_A,18,Software,Media,4,1042.57,Sí
OT00732,Puesta en operación,2026-05-25 15:23:25,Tec_02,EQ717,Montacargas,Planta_A,16,Mecánica,Alta,2,1400.0,No
OT00742,Puesta en operación,2026-05-25 15:42:38,Tec_05,EQ254,Bomba,Planta_A,18,Software,Media,4,1042.57,Sí
OT00683,Nueva reparación,2026-05-25 15:45:49,Tec_01,EQ511,Torno CNC,Planta_A,3,Eléctrica,Alta,3,3526.24,No
OT00729,Reparación,2026-05-25 16:12:02,Tec_02,EQ117,Montacargas,Planta_A,14,Eléctrica,Alta,4,1400.0,No
OT00739,Reparación,2026-05-25 16:28:41,Tec_07,EQ515,Prensa hidráulica,Planta_B,16,Software,Alta,1,1400.0,No
OT00747,Reparación,2026-05-25 16:34:47,Tec_05,EQ681,Torno CNC,Planta_A,13,Eléctrica,Baja,2,4200.0,Sí
OT00749,Falla reportada,2026-05-25 16:44:55,Operador_04,EQ357,Montacargas,Planta_A,13,Mecánica,Media,1,725.88,No
OT00745,Puesta en operación,2026-05-25 16:52:58,Tec_01,EQ217,Bomba,Planta_A,7,Eléctrica,Media,1,379.1,No
OT00683,Prueba,2026-05-25 16:55:20,Tec_01,EQ511,Torno CNC,Planta_A,3,Eléctrica,Alta,3,3526.24,No
OT00744,Falla reportada,2026-05-25 18:33:04,Operador_02,EQ730,Bomba,Planta_A,18,Mecánica,Media,4,2709.89,No
OT00748,Falla reportada,2026-05-25 18:35:44,Operador_02,EQ387,Compresor,Planta_A,11,Eléctrica,Media,5,4200.0,No
OT00746,Falla reportada,2026-05-25 23:03:38,Operador_01,EQ485,Compresor,Planta_A,7,Mecánica,Alta,0,464.85,No
OT00751,Falla reportada,2026-05-26 01:44:49,Operador_12,EQ684,Montacargas,Planta_A,13,Hidráulica,Media,3,6385.54,Sí
OT00758,Falla reportada,2026-05-26 04:24:13,Operador_12,EQ108,Montacargas,Planta_A,1,Mecánica,Baja,0,293.66,No
OT00750,Diagnóstico,2026-05-26 07:00:00,Tec_B01,EQ723,Bomba,Planta_B,17,Eléctrica,Baja,4,1149.79,No
OT00748,Diagnóstico,2026-05-26 07:00:00,Tec_04,EQ387,Compresor,Planta_A,11,Eléctrica,Media,5,4200.0,No
OT00747,Prueba fallida,2026-05-26 07:00:00,Tec_05,EQ681,Torno CNC,Planta_A,13,Eléctrica,Baja,2,4200.0,Sí
OT00723,Prueba fallida,2026-05-26 07:00:00,Tec_07,EQ530,Montacargas,Planta_B,18,Hidráulica,Baja,2,3998.83,Sí
OT00746,Diagnóstico,2026-05-26 07:00:00,Tec_02,EQ485,Compresor,Planta_A,7,Mecánica,Alta,0,464.85,No
OT00743,Prueba fallida,2026-05-26 07:00:00,Tec_04,EQ023,Compresor,Planta_A,5,Eléctrica,Baja,1,4200.0,No
OT00683,Puesta en operación,2026-05-26 07:00:00,Tec_01,EQ511,Torno CNC,Planta_A,3,Eléctrica,Alta,3,3526.24,No
OT00729,Prueba,2026-05-26 07:00:00,Tec_02,EQ117,Montacargas,Planta_A,14,Eléctrica,Alta,4,1400.0,No
OT00749,Diagnóstico,2026-05-26 07:00:00,Tec_03,EQ357,Montacargas,Planta_A,13,Mecánica,Media,1,725.88,No
OT00739,Prueba,2026-05-26 07:00:00,Tec_07,EQ515,Prensa hidráulica,Planta_B,16,Software,Alta,1,1400.0,No
OT00744,Diagnóstico,2026-05-26 07:00:00,Tec_03,EQ730,Bomba,Planta_A,18,Mecánica,Media,4,2709.89,No
OT00731,Recepción de repuesto,2026-05-26 07:05:00,Bodega,EQ017,Bomba,Planta_A,17,Eléctrica,Baja,2,2940.26,Sí
OT00758,Diagnóstico,2026-05-26 07:12:00,Tec_02,EQ108,Montacargas,Planta_A,1,Mecánica,Baja,0,293.66,No
OT00755,Falla reportada,2026-05-26 07:16:27,Operador_11,EQ089,Prensa hidráulica,Planta_A,9,Hidráulica,Baja,3,1828.95,
OT00734,Recepción de repuesto,2026-05-26 07:29:00,Bodega,EQ238,Prensa hidráulica,Planta_B,9,Mecánica,Media,1,2983.86,No
OT00751,Diagnóstico,2026-05-26 07:29:00,Tec_05,EQ684,Montacargas,Planta_A,13,Hidráulica,Media,3,6385.54,Sí
OT00744,Asignación de técnico,2026-05-26 07:35:31,Jefe_Mantenimiento,EQ730,Bomba,Planta_A,18,Mecánica,Media,4,2709.89,No
OT00729,Puesta en operación,2026-05-26 07:55:40,Tec_02,EQ117,Montacargas,Planta_A,14,Eléctrica,Alta,4,1400.0,No
OT00746,Asignación de técnico,2026-05-26 07:58:07,Jefe_Mantenimiento,EQ485,Compresor,Planta_A,7,Mecánica,Alta,0,464.85,No
OT00721,Aprobación de compra,2026-05-26 08:00:00,Gerencia,EQ724,Prensa hidráulica,Planta_A,14,Eléctrica,Media,4,3603.92,
OT00711,Cierre,2026-05-26 08:01:00,Administracion_Mtto,EQ417,Montacargas,Planta_A,15,Hidráulica,Media,5,1475.65,No
OT00757,Falla reportada,2026-05-26 08:03:49,Operador_05,EQ333,Compresor,Planta_A,6,Hidráulica,Media,2,1295.85,Sí
OT00748,Asignación de técnico,2026-05-26 08:05:13,Jefe_Mantenimiento,EQ387,Compresor,Planta_A,11,Eléctrica,Media,5,4200.0,No
OT00751,Asignación de técnico,2026-05-26 08:12:59,Jefe_Mantenimiento,EQ684,Montacargas,Planta_A,13,Hidráulica,Media,3,6385.54,Sí
OT00698,Cierre,2026-05-26 08:27:00,Administracion_Mtto,EQ548,Bomba,Planta_B,11,Mecánica,Alta,4,1129.31,No
OT00758,Asignación de técnico,2026-05-26 08:29:37,Jefe_Mantenimiento,EQ108,Montacargas,Planta_A,1,Mecánica,Baja,0,293.66,No
OT00751,Solicitud de repuesto,2026-05-26 08:43:00,Tec_03,EQ684,Montacargas,Planta_A,13,Hidráulica,Media,3,6385.54,Sí
OT00749,Asignación de técnico,2026-05-26 08:45:34,Jefe_Mantenimiento,EQ357,Montacargas,Planta_A,13,Mecánica,Media,1,725.88,No
OT00750,Asignación de técnico,2026-05-26 09:06:35,Jefe_Mantenimiento,EQ723,Bomba,Planta_B,17,Eléctrica,Baja,4,1149.79,No
OT00747,Nueva reparación,2026-05-26 09:07:43,Tec_05,EQ681,Torno CNC,Planta_A,13,Eléctrica,Baja,2,4200.0,Sí
OT00755,Diagnóstico,2026-05-26 09:28:08,Tec_04,EQ089,Prensa hidráulica,Planta_A,9,Hidráulica,Baja,3,1828.95,
OT00746,Reparación,2026-05-26 09:58:53,Tec_03,EQ485,Compresor,Planta_A,7,Mecánica,Alta,0,464.85,No
OT00748,Reparación,2026-05-26 10:07:00,Tec_04,EQ387,Compresor,Planta_A,11,Eléctrica,Media,5,4200.0,No
OT00758,Reparación,2026-05-26 10:14:34,Tec_01,EQ108,Montacargas,Planta_A,1,Mecánica,Baja,0,293.66,No
OT00739,Puesta en operación,2026-05-26 10:44:49,Tec_07,EQ515,Prensa hidráulica,Planta_B,16,Software,Alta,1,1400.0,No
OT00734,Reparación,2026-05-26 10:45:27,Tec_07,EQ238,Prensa hidráulica,Planta_B,9,Mecánica,Media,1,2983.86,No
OT00747,Prueba fallida,2026-05-26 10:49:06,Tec_05,EQ681,Torno CNC,Planta_A,13,Eléctrica,Baja,2,4200.0,Sí
OT00757,Diagnóstico,2026-05-26 10:58:31,Tec_04,EQ333,Compresor,Planta_A,6,Hidráulica,Media,2,1295.85,Sí
OT00748,Prueba fallida,2026-05-26 11:12:54,Tec_04,EQ387,Compresor,Planta_A,11,Eléctrica,Media,5,4200.0,No
OT00749,Reparación,2026-05-26 11:14:23,Tec_05,EQ357,Montacargas,Planta_A,13,Mecánica,Media,1,725.88,No
OT00746,Prueba,2026-05-26 11:33:58,Tec_03,EQ485,Compresor,Planta_A,7,Mecánica,Alta,0,464.85,No
OT00758,Prueba,2026-05-26 11:37:53,Tec_01,EQ108,Montacargas,Planta_A,1,Mecánica,Baja,0,293.66,No
OT00755,Asignación de técnico,2026-05-26 11:49:12,Jefe_Mantenimiento,EQ089,Prensa hidráulica,Planta_A,9,Hidráulica,Baja,3,1828.95,
OT00750,Reparación,2026-05-26 11:56:16,Tec_06,EQ723,Bomba,Planta_B,17,Eléctrica,Baja,4,1149.79,No
OT00743,Nueva reparación,2026-05-26 12:08:23,Tec_04,EQ023,Compresor,Planta_A,5,Eléctrica,Baja,1,4200.0,No
OT00749,Prueba,2026-05-26 12:08:56,Tec_05,EQ357,Montacargas,Planta_A,13,Mecánica,Media,1,725.88,No
OT00716,Recepción de repuesto,2026-05-26 12:17:28,Bodega,EQ724,Prensa hidráulica,Planta_A,14,Hidráulica,Media,3,2190.85,No
OT00755,Solicitud de repuesto,2026-05-26 12:19:13,Tec_03,EQ089,Prensa hidráulica,Planta_A,9,Hidráulica,Baja,3,1828.95,
OT00746,Puesta en operación,2026-05-26 12:20:31,Tec_03,EQ485,Compresor,Planta_A,7,Mecánica,Alta,0,464.85,No
OT00757,Asignación de técnico,2026-05-26 12:38:33,Jefe_Mantenimiento,EQ333,Compresor,Planta_A,6,Hidráulica,Media,2,1295.85,Sí
OT00758,Puesta en operación,2026-05-26 12:47:38,Tec_01,EQ108,Montacargas,Planta_A,1,Mecánica,Baja,0,293.66,No
OT00723,Nueva reparación,2026-05-26 12:55:34,Tec_07,EQ530,Montacargas,Planta_B,18,Hidráulica,Baja,2,3998.83,Sí
OT00757,Solicitud de repuesto,2026-05-26 13:08:34,Tec_02,EQ333,Compresor,Planta_A,6,Hidráulica,Media,2,1295.85,Sí
OT00734,Prueba,2026-05-26 13:12:13,Tec_07,EQ238,Prensa hidráulica,Planta_B,9,Mecánica,Media,1,2983.86,No
OT00749,Puesta en operación,2026-05-26 13:29:17,Tec_05,EQ357,Montacargas,Planta_A,13,Mecánica,Media,1,725.88,No
OT00734,Puesta en operación,2026-05-26 14:00:32,Tec_07,EQ238,Prensa hidráulica,Planta_B,9,Mecánica,Media,1,2983.86,No
OT00743,Prueba fallida,2026-05-26 14:15:08,Tec_04,EQ023,Compresor,Planta_A,5,Eléctrica,Baja,1,4200.0,No
OT00723,Prueba,2026-05-26 14:25:07,Tec_07,EQ530,Montacargas,Planta_B,18,Hidráulica,Baja,2,3998.83,Sí
OT00753,Falla reportada,2026-05-26 14:40:57,Operador_11,EQ663,Compresor,Planta_B,15,Eléctrica,Alta,1,687.34,Sí
OT00756,Falla reportada,2026-05-26 15:12:50,Operador_10,EQ559,Compresor,Planta_A,9,Eléctrica,Baja,2,737.21,No
OT00716,Reparación,2026-05-26 15:14:09,Tec_01,EQ724,Prensa hidráulica,Planta_A,14,Hidráulica,Media,3,2190.85,No
OT00723,Puesta en operación,2026-05-26 15:16:24,Tec_07,EQ530,Montacargas,Planta_B,18,Hidráulica,Baja,2,3998.83,Sí
OT00731,Reparación,2026-05-26 15:18:20,Tec_03,EQ017,Bomba,Planta_A,17,Eléctrica,Baja,2,2940.26,Sí
OT00744,Reparación,2026-05-26 15:22:01,Tec_03,EQ730,Bomba,Planta_A,18,Mecánica,Media,4,2709.89,No
OT00750,Prueba,2026-05-26 15:38:47,Tec_06,EQ723,Bomba,Planta_B,17,Eléctrica,Baja,4,1149.79,No
OT00748,Nueva reparación,2026-05-26 16:09:34,Tec_04,EQ387,Compresor,Planta_A,11,Eléctrica,Media,5,4200.0,No
OT00744,Prueba fallida,2026-05-26 16:34:37,Tec_03,EQ730,Bomba,Planta_A,18,Mecánica,Media,4,2709.89,No
OT00753,Diagnóstico,2026-05-26 16:36:12,Tec_B01,EQ663,Compresor,Planta_B,15,Eléctrica,Alta,1,687.34,Sí
OT00750,Puesta en operación,2026-05-26 16:44:56,Tec_06,EQ723,Bomba,Planta_B,17,Eléctrica,Baja,4,1149.79,No
OT00759,Falla reportada,2026-05-26 16:56:25,Operador_08,EQ082,Compresor,Planta_A,3,Hidráulica,Media,0,3510.81,Sí
OT00752,Falla reportada,2026-05-26 17:22:24,Operador_05,EQ365,Compresor,Planta_A,10,Mecánica,Alta,2,2092.14,Sí
OT00754,Falla reportada,2026-05-26 20:48:53,Operador_07,EQ022,Bomba,Planta_A,11,Hidráulica,Media,1,2071.3,No
OT00762,Falla reportada,2026-05-27 01:23:50,Operador_09,EQ134,Torno CNC,Planta_B,11,Mecánica,Alta,3,4645.65,
OT00760,Falla reportada,2026-05-27 03:28:25,Operador_10,EQ276,Prensa hidráulica,Planta_B,8,Mecánica,Alta,0,2426.13,
OT00759,Diagnóstico,2026-05-27 07:00:00,Tec_04,EQ082,Compresor,Planta_A,3,Hidráulica,Media,0,3510.81,Sí
OT00731,Prueba,2026-05-27 07:00:00,Tec_03,EQ017,Bomba,Planta_A,17,Eléctrica,Baja,2,2940.26,Sí
OT00743,Nueva reparación,2026-05-27 07:00:00,Tec_04,EQ023,Compresor,Planta_A,5,Eléctrica,Baja,1,4200.0,No
OT00748,Prueba fallida,2026-05-27 07:00:00,Tec_04,EQ387,Compresor,Planta_A,11,Eléctrica,Media,5,4200.0,No
OT00756,Diagnóstico,2026-05-27 07:00:00,Tec_01,EQ559,Compresor,Planta_A,9,Eléctrica,Baja,2,737.21,No
OT00744,Nueva reparación,2026-05-27 07:00:00,Tec_03,EQ730,Bomba,Planta_A,18,Mecánica,Media,4,2709.89,No
OT00754,Diagnóstico,2026-05-27 07:00:00,Tec_05,EQ022,Bomba,Planta_A,11,Hidráulica,Media,1,2071.3,No
OT00716,Prueba,2026-05-27 07:00:00,Tec_01,EQ724,Prensa hidráulica,Planta_A,14,Hidráulica,Media,3,2190.85,No
OT00752,Diagnóstico,2026-05-27 07:00:00,Tec_02,EQ365,Compresor,Planta_A,10,Mecánica,Alta,2,2092.14,Sí
OT00747,Nueva reparación,2026-05-27 07:00:00,Tec_05,EQ681,Torno CNC,Planta_A,13,Eléctrica,Baja,2,4200.0,Sí
OT00753,Asignación de técnico,2026-05-27 07:00:00,Jefe_Mantenimiento,EQ663,Compresor,Planta_B,15,Eléctrica,Alta,1,687.34,Sí
OT00760,Diagnóstico,2026-05-27 07:07:00,Tec_B01,EQ276,Prensa hidráulica,Planta_B,8,Mecánica,Alta,0,2426.13,
OT00707,Recepción de repuesto,2026-05-27 07:12:00,Bodega,EQ395,Torno CNC,Planta_A,1,Mecánica,Media,1,1925.23,No
OT00762,Diagnóstico,2026-05-27 07:16:00,Tec_B01,EQ134,Torno CNC,Planta_B,11,Mecánica,Alta,3,4645.65,
OT00751,Recepción de repuesto,2026-05-27 07:25:00,Bodega,EQ684,Montacargas,Planta_A,13,Hidráulica,Media,3,6385.54,Sí
OT00752,Asignación de técnico,2026-05-27 07:41:16,Jefe_Mantenimiento,EQ365,Compresor,Planta_A,10,Mecánica,Alta,2,2092.14,Sí
OT00716,Puesta en operación,2026-05-27 07:45:17,Tec_01,EQ724,Prensa hidráulica,Planta_A,14,Hidráulica,Media,3,2190.85,No
OT00762,Asignación de técnico,2026-05-27 07:59:00,Jefe_Mantenimiento,EQ134,Torno CNC,Planta_B,11,Mecánica,Alta,3,4645.65,
OT00737,Cierre,2026-05-27 08:00:00,Administracion_Mtto,EQ436,Montacargas,Planta_B,6,Mecánica,Baja,1,1367.21,No
OT00655,Cierre,2026-05-27 08:00:00,Administracion_Mtto,EQ115,Torno CNC,Planta_A,16,Mecánica,Media,3,4943.38,No
OT00728,Cierre,2026-05-27 08:00:00,Administracion_Mtto,EQ196,Montacargas,Planta_B,10,Mecánica,Media,1,1400.0,No
OT00596,Cierre,2026-05-27 08:00:00,Administracion_Mtto,EQ441,Montacargas,Planta_A,12,Mecánica,Baja,5,2230.8,No
OT00759,Asignación de técnico,2026-05-27 08:02:06,Jefe_Mantenimiento,EQ082,Compresor,Planta_A,3,Hidráulica,Media,0,3510.81,Sí
OT00752,Solicitud de repuesto,2026-05-27 08:11:17,Tec_01,EQ365,Compresor,Planta_A,10,Mecánica,Alta,2,2092.14,Sí
OT00754,Asignación de técnico,2026-05-27 08:22:45,Jefe_Mantenimiento,EQ022,Bomba,Planta_A,11,Hidráulica,Media,1,2071.3,No
OT00756,Asignación de técnico,2026-05-27 08:28:33,Jefe_Mantenimiento,EQ559,Compresor,Planta_A,9,Eléctrica,Baja,2,737.21,No
OT00762,Solicitud de repuesto,2026-05-27 08:29:01,Tec_07,EQ134,Torno CNC,Planta_B,11,Mecánica,Alta,3,4645.65,
OT00759,Solicitud de repuesto,2026-05-27 08:32:07,Tec_05,EQ082,Compresor,Planta_A,3,Hidráulica,Media,0,3510.81,Sí
OT00744,Prueba,2026-05-27 08:32:20,Tec_03,EQ730,Bomba,Planta_A,18,Mecánica,Media,4,2709.89,No
OT00753,Reparación,2026-05-27 08:35:46,Tec_06,EQ663,Compresor,Planta_B,15,Eléctrica,Alta,1,687.34,Sí
OT00760,Asignación de técnico,2026-05-27 08:38:32,Jefe_Mantenimiento,EQ276,Prensa hidráulica,Planta_B,8,Mecánica,Alta,0,2426.13,
OT00754,Solicitud de repuesto,2026-05-27 08:52:46,Tec_03,EQ022,Bomba,Planta_A,11,Hidráulica,Media,1,2071.3,No
OT00757,Recepción de repuesto,2026-05-27 08:53:18,Bodega,EQ333,Compresor,Planta_A,6,Hidráulica,Media,2,1295.85,Sí
OT00731,Puesta en operación,2026-05-27 09:01:23,Tec_03,EQ017,Bomba,Planta_A,17,Eléctrica,Baja,2,2940.26,Sí
OT00760,Solicitud de repuesto,2026-05-27 09:08:33,Tec_06,EQ276,Prensa hidráulica,Planta_B,8,Mecánica,Alta,0,2426.13,
OT00744,Puesta en operación,2026-05-27 09:15:50,Tec_03,EQ730,Bomba,Planta_A,18,Mecánica,Media,4,2709.89,No
OT00743,Prueba,2026-05-27 09:36:43,Tec_04,EQ023,Compresor,Planta_A,5,Eléctrica,Baja,1,4200.0,No
OT00753,Prueba,2026-05-27 09:45:06,Tec_06,EQ663,Compresor,Planta_B,15,Eléctrica,Alta,1,687.34,Sí
OT00667,Cierre,2026-05-27 10:04:35,Administracion_Mtto,EQ061,Torno CNC,Planta_B,9,Mecánica,Media,2,3485.71,Sí
OT00751,Reparación,2026-05-27 10:04:57,Tec_03,EQ684,Montacargas,Planta_A,13,Hidráulica,Media,3,6385.54,Sí
OT00743,Puesta en operación,2026-05-27 10:11:19,Tec_04,EQ023,Compresor,Planta_A,5,Eléctrica,Baja,1,4200.0,No
OT00756,Reparación,2026-05-27 10:15:20,Tec_01,EQ559,Compresor,Planta_A,9,Eléctrica,Baja,2,737.21,No
OT00753,Puesta en operación,2026-05-27 10:19:15,Tec_06,EQ663,Compresor,Planta_B,15,Eléctrica,Alta,1,687.34,Sí
OT00747,Prueba,2026-05-27 10:28:13,Tec_05,EQ681,Torno CNC,Planta_A,13,Eléctrica,Baja,2,4200.0,Sí
OT00707,Reparación,2026-05-27 10:41:12,Tec_01,EQ395,Torno CNC,Planta_A,1,Mecánica,Media,1,1925.23,No
OT00747,Puesta en operación,2026-05-27 11:13:31,Tec_05,EQ681,Torno CNC,Planta_A,13,Eléctrica,Baja,2,4200.0,Sí
OT00756,Prueba,2026-05-27 11:21:15,Tec_01,EQ559,Compresor,Planta_A,9,Eléctrica,Baja,2,737.21,No
OT00757,Reparación,2026-05-27 11:38:49,Tec_02,EQ333,Compresor,Planta_A,6,Hidráulica,Media,2,1295.85,Sí
OT00756,Puesta en operación,2026-05-27 12:16:37,Tec_01,EQ559,Compresor,Planta_A,9,Eléctrica,Baja,2,737.21,No
OT00707,Prueba,2026-05-27 12:57:47,Tec_01,EQ395,Torno CNC,Planta_A,1,Mecánica,Media,1,1925.23,No
OT00707,Puesta en operación,2026-05-27 13:50:34,Tec_01,EQ395,Torno CNC,Planta_A,1,Mecánica,Media,1,1925.23,No
OT00751,Prueba fallida,2026-05-27 14:00:16,Tec_03,EQ684,Montacargas,Planta_A,13,Hidráulica,Media,3,6385.54,Sí
OT00674,Cierre,2026-05-27 14:12:13,Administracion_Mtto,EQ528,Bomba,Planta_B,17,Mecánica,Alta,1,2062.45,Sí
OT00757,Prueba,2026-05-27 14:52:01,Tec_02,EQ333,Compresor,Planta_A,6,Hidráulica,Media,2,1295.85,Sí
OT00732,Cierre,2026-05-27 15:13:22,Administracion_Mtto,EQ717,Montacargas,Planta_A,16,Mecánica,Alta,2,1400.0,No
OT00757,Puesta en operación,2026-05-27 16:06:18,Tec_02,EQ333,Compresor,Planta_A,6,Hidráulica,Media,2,1295.85,Sí
OT00761,Falla reportada,2026-05-27 20:57:22,Operador_05,EQ086,Prensa hidráulica,Planta_B,10,Eléctrica,Alta,3,1191.54,Sí
OT00768,Falla reportada,2026-05-28 05:56:54,Operador_06,EQ339,Montacargas,Planta_B,9,Mecánica,Media,1,3709.76,
OT00751,Nueva reparación,2026-05-28 07:00:00,Tec_03,EQ684,Montacargas,Planta_A,13,Hidráulica,Media,3,6385.54,Sí
OT00748,Nueva reparación,2026-05-28 07:00:00,Tec_04,EQ387,Compresor,Planta_A,11,Eléctrica,Media,5,4200.0,No
OT00761,Diagnóstico,2026-05-28 07:03:00,Tec_B01,EQ086,Prensa hidráulica,Planta_B,10,Eléctrica,Alta,3,1191.54,Sí
OT00752,Recepción de repuesto,2026-05-28 07:04:00,Bodega,EQ365,Compresor,Planta_A,10,Mecánica,Alta,2,2092.14,Sí
OT00754,Recepción de repuesto,2026-05-28 07:15:00,Bodega,EQ022,Bomba,Planta_A,11,Hidráulica,Media,1,2071.3,No
OT00759,Recepción de repuesto,2026-05-28 07:19:00,Bodega,EQ082,Compresor,Planta_A,3,Hidráulica,Media,0,3510.81,Sí
OT00680,Recepción de repuesto,2026-05-28 07:24:00,Bodega,EQ457,Torno CNC,Planta_B,17,Eléctrica,Media,1,4552.19,Sí
OT00713,Cierre,2026-05-28 08:00:00,Administracion_Mtto,EQ367,Torno CNC,Planta_A,15,Eléctrica,Baja,6,1495.38,No
OT00761,Asignación de técnico,2026-05-28 08:04:49,Jefe_Mantenimiento,EQ086,Prensa hidráulica,Planta_B,10,Eléctrica,Alta,3,1191.54,Sí
OT00745,Cierre,2026-05-28 08:12:00,Administracion_Mtto,EQ217,Bomba,Planta_A,7,Eléctrica,Media,1,379.1,No
OT00683,Cierre,2026-05-28 08:24:00,Administracion_Mtto,EQ511,Torno CNC,Planta_A,3,Eléctrica,Alta,3,3526.24,No
OT00741,Cierre,2026-05-28 08:26:00,Administracion_Mtto,EQ551,Montacargas,Planta_B,8,Mecánica,Alta,2,881.21,No
OT00752,Reparación,2026-05-28 08:39:43,Tec_01,EQ365,Compresor,Planta_A,10,Mecánica,Alta,2,2092.14,Sí
OT00751,Prueba fallida,2026-05-28 09:07:42,Tec_03,EQ684,Montacargas,Planta_A,13,Hidráulica,Media,3,6385.54,Sí
OT00748,Prueba,2026-05-28 09:12:53,Tec_04,EQ387,Compresor,Planta_A,11,Eléctrica,Media,5,4200.0,No
OT00748,Puesta en operación,2026-05-28 09:51:59,Tec_04,EQ387,Compresor,Planta_A,11,Eléctrica,Media,5,4200.0,No
OT00752,Prueba,2026-05-28 10:03:25,Tec_01,EQ365,Compresor,Planta_A,10,Mecánica,Alta,2,2092.14,Sí
OT00680,Reparación,2026-05-28 10:30:38,Tec_07,EQ457,Torno CNC,Planta_B,17,Eléctrica,Media,1,4552.19,Sí
OT00761,Reparación,2026-05-28 10:57:16,Tec_07,EQ086,Prensa hidráulica,Planta_B,10,Eléctrica,Alta,3,1191.54,Sí
OT00680,Prueba,2026-05-28 11:07:41,Tec_07,EQ457,Torno CNC,Planta_B,17,Eléctrica,Media,1,4552.19,Sí
OT00752,Puesta en operación,2026-05-28 11:15:07,Tec_01,EQ365,Compresor,Planta_A,10,Mecánica,Alta,2,2092.14,Sí
OT00767,Falla reportada,2026-05-28 11:39:18,Operador_08,EQ726,Montacargas,Planta_B,14,Eléctrica,Media,4,4827.08,
OT00759,Reparación,2026-05-28 11:52:13,Tec_05,EQ082,Compresor,Planta_A,3,Hidráulica,Media,0,3510.81,Sí
OT00680,Puesta en operación,2026-05-28 12:02:34,Tec_07,EQ457,Torno CNC,Planta_B,17,Eléctrica,Media,1,4552.19,Sí
OT00751,Nueva reparación,2026-05-28 12:33:27,Tec_03,EQ684,Montacargas,Planta_A,13,Hidráulica,Media,3,6385.54,Sí
OT00749,Cierre,2026-05-28 12:49:48,Administracion_Mtto,EQ357,Montacargas,Planta_A,13,Mecánica,Media,1,725.88,No
OT00754,Reparación,2026-05-28 13:40:29,Tec_03,EQ022,Bomba,Planta_A,11,Hidráulica,Media,1,2071.3,No
OT00753,Cierre,2026-05-28 13:50:57,Administracion_Mtto,EQ663,Compresor,Planta_B,15,Eléctrica,Alta,1,687.34,Sí
OT00743,Cierre,2026-05-28 13:56:36,Administracion_Mtto,EQ023,Compresor,Planta_A,5,Eléctrica,Baja,1,4200.0,No
OT00765,Falla reportada,2026-05-28 13:59:43,Operador_05,EQ333,Compresor,Planta_A,6,Mecánica,Media,3,2043.02,No
OT00751,Prueba fallida,2026-05-28 14:02:52,Tec_03,EQ684,Montacargas,Planta_A,13,Hidráulica,Media,3,6385.54,Sí
OT00768,Diagnóstico,2026-05-28 14:10:58,Tec_B01,EQ339,Montacargas,Planta_B,9,Mecánica,Media,1,3709.76,
OT00768,Asignación de técnico,2026-05-28 14:37:33,Jefe_Mantenimiento,EQ339,Montacargas,Planta_B,9,Mecánica,Media,1,3709.76,
OT00759,Prueba fallida,2026-05-28 14:48:41,Tec_05,EQ082,Compresor,Planta_A,3,Hidráulica,Media,0,3510.81,Sí
OT00754,Prueba,2026-05-28 15:01:33,Tec_03,EQ022,Bomba,Planta_A,11,Hidráulica,Media,1,2071.3,No
OT00765,Diagnóstico,2026-05-28 15:03:40,Tec_02,EQ333,Compresor,Planta_A,6,Mecánica,Media,3,2043.02,No
OT00768,Solicitud de repuesto,2026-05-28 15:07:34,Tec_07,EQ339,Montacargas,Planta_B,9,Mecánica,Media,1,3709.76,
OT00761,Prueba,2026-05-28 15:14:20,Tec_07,EQ086,Prensa hidráulica,Planta_B,10,Eléctrica,Alta,3,1191.54,Sí
OT00765,Asignación de técnico,2026-05-28 15:53:05,Jefe_Mantenimiento,EQ333,Compresor,Planta_A,6,Mecánica,Media,3,2043.02,No
OT00766,Falla reportada,2026-05-28 16:20:04,Operador_08,EQ528,Bomba,Planta_B,17,Hidráulica,Baja,2,1866.74,
OT00765,Solicitud de repuesto,2026-05-28 16:23:06,Tec_01,EQ333,Compresor,Planta_A,6,Mecánica,Media,3,2043.02,No
OT00754,Puesta en operación,2026-05-28 16:40:07,Tec_03,EQ022,Bomba,Planta_A,11,Hidráulica,Media,1,2071.3,No
OT00769,Falla reportada,2026-05-28 21:37:02,Operador_06,EQ654,Montacargas,Planta_A,3,Hidráulica,Alta,0,5390.48,
OT00763,Falla reportada,2026-05-28 22:46:45,Operador_07,EQ144,Bomba,Planta_A,18,Mecánica,Media,6,2363.77,
OT00764,Falla reportada,2026-05-28 23:04:06,Operador_12,EQ087,Bomba,Planta_B,5,Mecánica,Alta,3,2534.67,
OT00770,Falla reportada,2026-05-28 23:34:54,Operador_09,EQ068,Compresor,Planta_B,17,Hidráulica,Media,5,1400.0,
OT00772,Falla reportada,2026-05-29 05:01:56,Operador_05,EQ269,Torno CNC,Planta_A,4,Eléctrica,Media,1,246.43,No
OT00769,Diagnóstico,2026-05-29 07:00:00,Tec_05,EQ654,Montacargas,Planta_A,3,Hidráulica,Alta,0,5390.48,
OT00767,Diagnóstico,2026-05-29 07:00:00,Tec_B01,EQ726,Montacargas,Planta_B,14,Eléctrica,Media,4,4827.08,
OT00761,Puesta en operación,2026-05-29 07:00:00,Tec_07,EQ086,Prensa hidráulica,Planta_B,10,Eléctrica,Alta,3,1191.54,Sí
OT00751,Nueva reparación,2026-05-29 07:00:00,Tec_03,EQ684,Montacargas,Planta_A,13,Hidráulica,Media,3,6385.54,Sí
OT00759,Nueva reparación,2026-05-29 07:00:00,Tec_05,EQ082,Compresor,Planta_A,3,Hidráulica,Media,0,3510.81,Sí
OT00772,Diagnóstico,2026-05-29 07:01:19,Tec_05,EQ269,Torno CNC,Planta_A,4,Eléctrica,Media,1,246.43,No
OT00763,Diagnóstico,2026-05-29 07:03:00,Tec_02,EQ144,Bomba,Planta_A,18,Mecánica,Media,6,2363.77,
OT00764,Diagnóstico,2026-05-29 07:16:00,Tec_B01,EQ087,Bomba,Planta_B,5,Mecánica,Alta,3,2534.67,
OT00767,Asignación de técnico,2026-05-29 07:46:37,Jefe_Mantenimiento,EQ726,Montacargas,Planta_B,14,Eléctrica,Media,4,4827.08,
OT00769,Asignación de técnico,2026-05-29 07:47:02,Jefe_Mantenimiento,EQ654,Montacargas,Planta_A,3,Hidráulica,Alta,0,5390.48,
OT00772,Asignación de técnico,2026-05-29 07:57:54,Jefe_Mantenimiento,EQ269,Torno CNC,Planta_A,4,Eléctrica,Media,1,246.43,No
OT00757,Cierre,2026-05-29 08:00:00,Administracion_Mtto,EQ333,Compresor,Planta_A,6,Hidráulica,Media,2,1295.85,Sí
OT00733,Cierre,2026-05-29 08:00:00,Administracion_Mtto,EQ519,Prensa hidráulica,Planta_A,7,Eléctrica,Baja,3,1400.0,No
OT00756,Cierre,2026-05-29 08:02:00,Administracion_Mtto,EQ559,Compresor,Planta_A,9,Eléctrica,Baja,2,737.21,No
OT00764,Asignación de técnico,2026-05-29 08:04:22,Jefe_Mantenimiento,EQ087,Bomba,Planta_B,5,Mecánica,Alta,3,2534.67,
OT00744,Cierre,2026-05-29 08:08:00,Administracion_Mtto,EQ730,Bomba,Planta_A,18,Mecánica,Media,4,2709.89,No
OT00751,Prueba,2026-05-29 08:09:22,Tec_03,EQ684,Montacargas,Planta_A,13,Hidráulica,Media,3,6385.54,Sí
OT00729,Cierre,2026-05-29 08:11:00,Administracion_Mtto,EQ117,Montacargas,Planta_A,14,Eléctrica,Alta,4,1400.0,No
OT00731,Cierre,2026-05-29 08:14:29,Administracion_Mtto,EQ017,Bomba,Planta_A,17,Eléctrica,Baja,2,2940.26,Sí
OT00767,Solicitud de repuesto,2026-05-29 08:16:38,Tec_06,EQ726,Montacargas,Planta_B,14,Eléctrica,Media,4,4827.08,
OT00769,Solicitud de repuesto,2026-05-29 08:17:03,Tec_05,EQ654,Montacargas,Planta_A,3,Hidráulica,Alta,0,5390.48,
OT00739,Cierre,2026-05-29 08:24:00,Administracion_Mtto,EQ515,Prensa hidráulica,Planta_B,16,Software,Alta,1,1400.0,No
OT00763,Asignación de técnico,2026-05-29 08:25:18,Jefe_Mantenimiento,EQ144,Bomba,Planta_A,18,Mecánica,Media,6,2363.77,
OT00764,Solicitud de repuesto,2026-05-29 08:34:23,Tec_07,EQ087,Bomba,Planta_B,5,Mecánica,Alta,3,2534.67,
OT00768,Aprobación de compra,2026-05-29 08:48:39,Gerencia,EQ339,Montacargas,Planta_B,9,Mecánica,Media,1,3709.76,
OT00763,Solicitud de repuesto,2026-05-29 08:55:19,Tec_05,EQ144,Bomba,Planta_A,18,Mecánica,Media,6,2363.77,
OT00751,Puesta en operación,2026-05-29 09:40:48,Tec_03,EQ684,Montacargas,Planta_A,13,Hidráulica,Media,3,6385.54,Sí
OT00759,Prueba,2026-05-29 09:54:37,Tec_05,EQ082,Compresor,Planta_A,3,Hidráulica,Media,0,3510.81,Sí
OT00772,Reparación,2026-05-29 10:18:44,Tec_05,EQ269,Torno CNC,Planta_A,4,Eléctrica,Media,1,246.43,No
OT00772,Prueba,2026-05-29 11:11:20,Tec_05,EQ269,Torno CNC,Planta_A,4,Eléctrica,Media,1,246.43,No
OT00759,Puesta en operación,2026-05-29 11:33:15,Tec_05,EQ082,Compresor,Planta_A,3,Hidráulica,Media,0,3510.81,Sí
OT00765,Recepción de repuesto,2026-05-29 11:48:19,Bodega,EQ333,Compresor,Planta_A,6,Mecánica,Media,3,2043.02,No
OT00772,Puesta en operación,2026-05-29 12:04:23,Tec_05,EQ269,Torno CNC,Planta_A,4,Eléctrica,Media,1,246.43,No
OT00765,Reparación,2026-05-29 13:32:00,Tec_01,EQ333,Compresor,Planta_A,6,Mecánica,Media,3,2043.02,No
OT00747,Cierre,2026-05-29 14:20:59,Administracion_Mtto,EQ681,Torno CNC,Planta_A,13,Eléctrica,Baja,2,4200.0,Sí
OT00723,Cierre,2026-05-29 14:29:47,Administracion_Mtto,EQ530,Montacargas,Planta_B,18,Hidráulica,Baja,2,3998.83,Sí
OT00765,Prueba,2026-05-29 15:57:27,Tec_01,EQ333,Compresor,Planta_A,6,Mecánica,Media,3,2043.02,No
OT00770,Diagnóstico,2026-05-29 16:13:28,Tec_B01,EQ068,Compresor,Planta_B,17,Hidráulica,Media,5,1400.0,
OT00765,Puesta en operación,2026-05-29 16:40:11,Tec_01,EQ333,Compresor,Planta_A,6,Mecánica,Media,3,2043.02,No
OT00771,Falla reportada,2026-05-29 17:30:43,Operador_08,EQ617,Torno CNC,Planta_A,4,Software,Media,3,1400.0,
OT00774,Falla reportada,2026-05-30 05:09:19,Operador_01,EQ350,Torno CNC,Planta_B,16,Software,Baja,3,1400.0,
OT00778,Falla reportada,2026-05-30 06:53:10,Operador_02,EQ293,Montacargas,Planta_B,3,Mecánica,Media,1,3354.64,
OT00773,Falla reportada,2026-05-30 11:10:29,Operador_06,EQ442,Torno CNC,Planta_A,17,Mecánica,Media,4,1400.0,
OT00776,Falla reportada,2026-05-30 13:00:11,Operador_12,EQ347,Bomba,Planta_B,15,Hidráulica,Alta,2,3752.03,
OT00777,Falla reportada,2026-05-30 14:28:17,Operador_01,EQ430,Compresor,Planta_A,13,Eléctrica,Baja,0,3129.22,
OT00775,Falla reportada,2026-05-30 16:52:53,Operador_07,EQ158,Bomba,Planta_A,12,Eléctrica,Baja,1,1400.0,
OT00779,Falla reportada,2026-05-31 01:25:13,Operador_07,EQ253,Prensa hidráulica,Planta_B,15,Eléctrica,Media,3,1333.5,
OT00782,Falla reportada,2026-05-31 03:56:09,Operador_04,EQ137,Torno CNC,Planta_A,13,Eléctrica,Media,2,1143.78,
OT00781,Falla reportada,2026-05-31 09:52:50,Operador_01,EQ017,Bomba,Planta_A,17,Eléctrica,Media,3,5600.0,
OT00780,Falla reportada,2026-05-31 10:48:56,Operador_08,EQ209,Compresor,Planta_A,14,Mecánica,Baja,2,2800.0,
OT00771,Diagnóstico,2026-06-01 07:00:00,Tec_03,EQ617,Torno CNC,Planta_A,4,Software,Media,3,1400.0,
OT00778,Diagnóstico,2026-06-01 07:00:00,Tec_B01,EQ293,Montacargas,Planta_B,3,Mecánica,Media,1,3354.64,
OT00773,Diagnóstico,2026-06-01 07:00:00,Tec_04,EQ442,Torno CNC,Planta_A,17,Mecánica,Media,4,1400.0,
OT00766,Diagnóstico,2026-06-01 07:00:00,Tec_B01,EQ528,Bomba,Planta_B,17,Hidráulica,Baja,2,1866.74,
OT00760,Recepción de repuesto,2026-06-01 07:00:00,Bodega,EQ276,Prensa hidráulica,Planta_B,8,Mecánica,Alta,0,2426.13,
OT00763,Recepción de repuesto,2026-06-01 07:00:00,Bodega,EQ144,Bomba,Planta_A,18,Mecánica,Media,6,2363.77,
OT00776,Diagnóstico,2026-06-01 07:00:00,Tec_B01,EQ347,Bomba,Planta_B,15,Hidráulica,Alta,2,3752.03,
OT00782,Diagnóstico,2026-06-01 07:00:00,Tec_04,EQ137,Torno CNC,Planta_A,13,Eléctrica,Media,2,1143.78,
OT00768,Recepción de repuesto,2026-06-01 07:00:00,Bodega,EQ339,Montacargas,Planta_B,9,Mecánica,Media,1,3709.76,
OT00780,Diagnóstico,2026-06-01 07:00:00,Tec_02,EQ209,Compresor,Planta_A,14,Mecánica,Baja,2,2800.0,
OT00777,Diagnóstico,2026-06-01 07:00:00,Tec_02,EQ430,Compresor,Planta_A,13,Eléctrica,Baja,0,3129.22,
OT00781,Diagnóstico,2026-06-01 07:00:00,Tec_05,EQ017,Bomba,Planta_A,17,Eléctrica,Media,3,5600.0,
OT00769,Recepción de repuesto,2026-06-01 07:00:00,Bodega,EQ654,Montacargas,Planta_A,3,Hidráulica,Alta,0,5390.48,
OT00764,Recepción de repuesto,2026-06-01 07:00:00,Bodega,EQ087,Bomba,Planta_B,5,Mecánica,Alta,3,2534.67,
OT00714,Recepción de repuesto,2026-06-01 07:00:00,Bodega,EQ197,Prensa hidráulica,Planta_A,15,Mecánica,Alta,8,5622.6,
OT00696,Recepción de repuesto,2026-06-01 07:00:00,Bodega,EQ721,Torno CNC,Planta_B,12,Hidráulica,Media,1,1653.93,
OT00770,Asignación de técnico,2026-06-01 07:00:00,Jefe_Mantenimiento,EQ068,Compresor,Planta_B,17,Hidráulica,Media,5,1400.0,
OT00774,Diagnóstico,2026-06-01 07:00:00,Tec_B01,EQ350,Torno CNC,Planta_B,16,Software,Baja,3,1400.0,
OT00681,Recepción de repuesto,2026-06-01 07:00:00,Bodega,EQ257,Torno CNC,Planta_A,13,Eléctrica,Media,3,4352.06,
OT00779,Diagnóstico,2026-06-01 07:00:00,Tec_B01,EQ253,Prensa hidráulica,Planta_B,15,Eléctrica,Media,3,1333.5,
OT00775,Diagnóstico,2026-06-01 07:00:00,Tec_02,EQ158,Bomba,Planta_A,12,Eléctrica,Baja,1,1400.0,
OT00782,Asignación de técnico,2026-06-01 07:35:19,Jefe_Mantenimiento,EQ137,Torno CNC,Planta_A,13,Eléctrica,Media,2,1143.78,
OT00778,Asignación de técnico,2026-06-01 07:54:58,Jefe_Mantenimiento,EQ293,Montacargas,Planta_B,3,Mecánica,Media,1,3354.64,
OT00766,Asignación de técnico,2026-06-01 07:58:23,Jefe_Mantenimiento,EQ528,Bomba,Planta_B,17,Hidráulica,Baja,2,1866.74,
OT00771,Asignación de técnico,2026-06-01 07:58:50,Jefe_Mantenimiento,EQ617,Torno CNC,Planta_A,4,Software,Media,3,1400.0,
OT00779,Asignación de técnico,2026-06-01 07:59:08,Jefe_Mantenimiento,EQ253,Prensa hidráulica,Planta_B,15,Eléctrica,Media,3,1333.5,
OT00781,Asignación de técnico,2026-06-01 07:59:49,Jefe_Mantenimiento,EQ017,Bomba,Planta_A,17,Eléctrica,Media,3,5600.0,
OT00772,Cierre,2026-06-01 08:00:00,Administracion_Mtto,EQ269,Torno CNC,Planta_A,4,Eléctrica,Media,1,246.43,No
OT00727,Cierre,2026-06-01 08:00:00,Administracion_Mtto,EQ406,Prensa hidráulica,Planta_B,8,Eléctrica,Media,3,1400.0,No
OT00680,Cierre,2026-06-01 08:00:00,Administracion_Mtto,EQ457,Torno CNC,Planta_B,17,Eléctrica,Media,1,4552.19,Sí
OT00750,Cierre,2026-06-01 08:00:00,Administracion_Mtto,EQ723,Bomba,Planta_B,17,Eléctrica,Baja,4,1149.79,No
OT00722,Cierre,2026-06-01 08:00:00,Administracion_Mtto,EQ529,Bomba,Planta_B,14,Mecánica,Alta,5,3452.16,Sí
OT00758,Cierre,2026-06-01 08:00:00,Administracion_Mtto,EQ108,Montacargas,Planta_A,1,Mecánica,Baja,0,293.66,No
OT00748,Cierre,2026-06-01 08:00:00,Administracion_Mtto,EQ387,Compresor,Planta_A,11,Eléctrica,Media,5,4200.0,No
OT00742,Cierre,2026-06-01 08:00:00,Administracion_Mtto,EQ254,Bomba,Planta_A,18,Software,Media,4,1042.57,Sí
OT00759,Cierre,2026-06-01 08:00:00,Administracion_Mtto,EQ082,Compresor,Planta_A,3,Hidráulica,Media,0,3510.81,Sí
OT00738,Cierre,2026-06-01 08:00:00,Administracion_Mtto,EQ229,Montacargas,Planta_B,2,Mecánica,Media,2,1400.0,No
OT00746,Cierre,2026-06-01 08:00:00,Administracion_Mtto,EQ485,Compresor,Planta_A,7,Mecánica,Alta,0,464.85,No
OT00762,Aprobación de compra,2026-06-01 08:00:00,Gerencia,EQ134,Torno CNC,Planta_B,11,Mecánica,Alta,3,4645.65,
OT00681,Reparación,2026-06-01 08:00:45,Tec_05,EQ257,Torno CNC,Planta_A,13,Eléctrica,Media,3,4352.06,
OT00777,Asignación de técnico,2026-06-01 08:04:31,Jefe_Mantenimiento,EQ430,Compresor,Planta_A,13,Eléctrica,Baja,0,3129.22,
OT00775,Asignación de técnico,2026-06-01 08:06:55,Jefe_Mantenimiento,EQ158,Bomba,Planta_A,12,Eléctrica,Baja,1,1400.0,
OT00752,Cierre,2026-06-01 08:10:00,Administracion_Mtto,EQ365,Compresor,Planta_A,10,Mecánica,Alta,2,2092.14,Sí
OT00776,Asignación de técnico,2026-06-01 08:17:17,Jefe_Mantenimiento,EQ347,Bomba,Planta_B,15,Hidráulica,Alta,2,3752.03,
OT00707,Cierre,2026-06-01 08:18:00,Administracion_Mtto,EQ395,Torno CNC,Planta_A,1,Mecánica,Media,1,1925.23,No
OT00778,Solicitud de repuesto,2026-06-01 08:24:59,Tec_07,EQ293,Montacargas,Planta_B,3,Mecánica,Media,1,3354.64,
OT00766,Solicitud de repuesto,2026-06-01 08:28:24,Tec_07,EQ528,Bomba,Planta_B,17,Hidráulica,Baja,2,1866.74,
OT00777,Solicitud de repuesto,2026-06-01 08:34:32,Tec_04,EQ430,Compresor,Planta_A,13,Eléctrica,Baja,0,3129.22,
OT00780,Asignación de técnico,2026-06-01 08:41:02,Jefe_Mantenimiento,EQ209,Compresor,Planta_A,14,Mecánica,Baja,2,2800.0,
OT00761,Cierre,2026-06-01 08:44:36,Administracion_Mtto,EQ086,Prensa hidráulica,Planta_B,10,Eléctrica,Alta,3,1191.54,Sí
OT00776,Solicitud de repuesto,2026-06-01 08:47:18,Tec_06,EQ347,Bomba,Planta_B,15,Hidráulica,Alta,2,3752.03,
OT00774,Asignación de técnico,2026-06-01 08:47:33,Jefe_Mantenimiento,EQ350,Torno CNC,Planta_B,16,Software,Baja,3,1400.0,
OT00770,Reparación,2026-06-01 09:21:10,Tec_07,EQ068,Compresor,Planta_B,17,Hidráulica,Media,5,1400.0,
OT00779,Reparación,2026-06-01 09:26:10,Tec_06,EQ253,Prensa hidráulica,Planta_B,15,Eléctrica,Media,3,1333.5,
OT00763,Reparación,2026-06-01 09:39:07,Tec_05,EQ144,Bomba,Planta_A,18,Mecánica,Media,6,2363.77,
OT00764,Reparación,2026-06-01 09:53:23,Tec_07,EQ087,Bomba,Planta_B,5,Mecánica,Alta,3,2534.67,
OT00768,Reparación,2026-06-01 10:02:45,Tec_07,EQ339,Montacargas,Planta_B,9,Mecánica,Media,1,3709.76,
OT00760,Reparación,2026-06-01 10:06:46,Tec_06,EQ276,Prensa hidráulica,Planta_B,8,Mecánica,Alta,0,2426.13,
OT00681,Prueba fallida,2026-06-01 10:12:43,Tec_05,EQ257,Torno CNC,Planta_A,13,Eléctrica,Media,3,4352.06,
OT00782,Reparación,2026-06-01 10:14:15,Tec_02,EQ137,Torno CNC,Planta_A,13,Eléctrica,Media,2,1143.78,
OT00775,Reparación,2026-06-01 10:15:30,Tec_04,EQ158,Bomba,Planta_A,12,Eléctrica,Baja,1,1400.0,
OT00773,Asignación de técnico,2026-06-01 10:16:23,Jefe_Mantenimiento,EQ442,Torno CNC,Planta_A,17,Mecánica,Media,4,1400.0,
OT00773,Reparación,2026-06-01 11:09:48,Tec_02,EQ442,Torno CNC,Planta_A,17,Mecánica,Media,4,1400.0,
OT00714,Reparación,2026-06-01 11:13:11,Tec_04,EQ197,Prensa hidráulica,Planta_A,15,Mecánica,Alta,8,5622.6,
OT00780,Reparación,2026-06-01 11:24:37,Tec_01,EQ209,Compresor,Planta_A,14,Mecánica,Baja,2,2800.0,
OT00764,Prueba,2026-06-01 11:30:08,Tec_07,EQ087,Bomba,Planta_B,5,Mecánica,Alta,3,2534.67,
OT00771,Reparación,2026-06-01 11:31:33,Tec_03,EQ617,Torno CNC,Planta_A,4,Software,Media,3,1400.0,
OT00760,Prueba,2026-06-01 11:44:22,Tec_06,EQ276,Prensa hidráulica,Planta_B,8,Mecánica,Alta,0,2426.13,
OT00782,Prueba,2026-06-01 11:48:19,Tec_02,EQ137,Torno CNC,Planta_A,13,Eléctrica,Media,2,1143.78,
OT00775,Prueba,2026-06-01 11:54:57,Tec_04,EQ158,Bomba,Planta_A,12,Eléctrica,Baja,1,1400.0,
OT00764,Puesta en operación,2026-06-01 11:55:18,Tec_07,EQ087,Bomba,Planta_B,5,Mecánica,Alta,3,2534.67,
OT00783,Falla reportada,2026-06-01 11:57:49,Operador_12,EQ129,Compresor,Planta_A,13,Mecánica,Media,0,2800.0,
OT00768,Prueba,2026-06-01 12:02:11,Tec_07,EQ339,Montacargas,Planta_B,9,Mecánica,Media,1,3709.76,
OT00785,Falla reportada,2026-06-01 12:03:21,Operador_02,EQ631,Compresor,Planta_B,18,Mecánica,Media,2,1000.58,
OT00773,Prueba,2026-06-01 12:05:16,Tec_02,EQ442,Torno CNC,Planta_A,17,Mecánica,Media,4,1400.0,
OT00770,Prueba,2026-06-01 12:17:40,Tec_07,EQ068,Compresor,Planta_B,17,Hidráulica,Media,5,1400.0,
OT00773,Puesta en operación ,2026-06-01 12:31:42,Tec_02,EQ442,Torno CNC,Planta_A,17,Mecánica,Media,4,1400.0,
OT00760,Puesta en operación,2026-06-01 12:32:49,Tec_06,EQ276,Prensa hidráulica,Planta_B,8,Mecánica,Alta,0,2426.13,
OT00775,Puesta en operación,2026-06-01 12:34:21,Tec_04,EQ158,Bomba,Planta_A,12,Eléctrica,Baja,1,1400.0,
OT00782,Puesta en operación,2026-06-01 12:36:55,Tec_02,EQ137,Torno CNC,Planta_A,13,Eléctrica,Media,2,1143.78,
OT00770,Puesta en operación,2026-06-01 12:54:35,Tec_07,EQ068,Compresor,Planta_B,17,Hidráulica,Media,5,1400.0,
OT00768,Puesta en operación,2026-06-01 13:01:11,Tec_07,EQ339,Montacargas,Planta_B,9,Mecánica,Media,1,3709.76,
OT00774,Reparación,2026-06-01 13:13:46,Tec_06,EQ350,Torno CNC,Planta_B,16,Software,Baja,3,1400.0,
OT00763,Prueba,2026-06-01 13:21:32,Tec_05,EQ144,Bomba,Planta_A,18,Mecánica,Media,6,2363.77,
OT00779,Prueba,2026-06-01 13:31:59,Tec_06,EQ253,Prensa hidráulica,Planta_B,15,Eléctrica,Media,3,1333.5,
OT00726,Recepción de repuesto,2026-06-01 13:45:49,Bodega,EQ027,Prensa hidráulica,Planta_B,12,Hidráulica,Media,1,1815.65,
OT00696,Reparación,2026-06-01 13:51:25,Tec_06,EQ721,Torno CNC,Planta_B,12,Hidráulica,Media,1,1653.93,
OT00771,Prueba,2026-06-01 13:54:30,Tec_03,EQ617,Torno CNC,Planta_A,4,Software,Media,3,1400.0,
OT00763,Puesta en operación,2026-06-01 14:04:41,Tec_05,EQ144,Bomba,Planta_A,18,Mecánica,Media,6,2363.77,
OT00781,Reparación,2026-06-01 14:05:51,Tec_02,EQ017,Bomba,Planta_A,17,Eléctrica,Media,3,5600.0,
OT00714,Prueba fallida,2026-06-01 14:06:43,Tec_04,EQ197,Prensa hidráulica,Planta_A,15,Mecánica,Alta,8,5622.6,
OT00780,Prueba fallida,2026-06-01 14:28:24,Tec_01,EQ209,Compresor,Planta_A,14,Mecánica,Baja,2,2800.0,
OT00681,Nueva reparación,2026-06-01 15:21:08,Tec_05,EQ257,Torno CNC,Planta_A,13,Eléctrica,Media,3,4352.06,
OT00774,Prueba,2026-06-01 15:24:46,Tec_06,EQ350,Torno CNC,Planta_B,16,Software,Baja,3,1400.0,
OT00779,Puesta en operación,2026-06-01 15:31:13,Tec_06,EQ253,Prensa hidráulica,Planta_B,15,Eléctrica,Media,3,1333.5,
OT00771,Puesta en operación,2026-06-01 15:42:30,Tec_03,EQ617,Torno CNC,Planta_A,4,Software,Media,3,1400.0,
OT00754,Cierre,2026-06-01 15:51:24,Administracion_Mtto,EQ022,Bomba,Planta_A,11,Hidráulica,Media,1,2071.3,No
OT00781,Prueba fallida,2026-06-01 16:24:24,Tec_02,EQ017,Bomba,Planta_A,17,Eléctrica,Media,3,5600.0,
OT00774,Puesta en operación,2026-06-01 16:29:48,Tec_06,EQ350,Torno CNC,Planta_B,16,Software,Baja,3,1400.0,
OT00786,Falla reportada,2026-06-01 18:01:12,Operador_06,EQ491,Prensa hidráulica,Planta_B,10,Hidráulica,Media,4,3419.14,
OT00789,Falla reportada,2026-06-01 21:15:57,Operador_04,EQ080,Prensa hidráulica,Planta_A,5,Mecánica,Baja,2,586.3,
OT00784,Falla reportada,2026-06-01 21:25:17,Operador_06,EQ479,Bomba,Planta_A,17,Eléctrica,Baja,3,2523.61,
OT00788,Falla reportada,2026-06-01 22:38:49,Operador_01,EQ350,Torno CNC,Planta_B,16,Mecánica,Media,4,543.73,
OT00787,Falla reportada,2026-06-01 22:58:36,Operador_11,EQ549,Torno CNC,Planta_A,2,Hidráulica,Media,1,1659.42,
OT00791,Falla reportada,2026-06-02 04:03:48,Operador_10,EQ062,Prensa hidráulica,Planta_A,1,Software,Alta,0,977.81,
OT00792,Falla reportada,2026-06-02 05:17:32,Operador_09,EQ542,Torno CNC,Planta_A,16,Mecánica,Baja,2,1474.01,
OT00769,Reparación,2026-06-02 07:00:00,Tec_05,EQ654,Montacargas,Planta_A,3,Hidráulica,Alta,0,5390.48,
OT00696,Prueba,2026-06-02 07:00:00,Tec_06,EQ721,Torno CNC,Planta_B,12,Hidráulica,Media,1,1653.93,
OT00681,Prueba,2026-06-02 07:00:00,Tec_05,EQ257,Torno CNC,Planta_A,13,Eléctrica,Media,3,4352.06,
OT00784,Diagnóstico,2026-06-02 07:00:00,Tec_03,EQ479,Bomba,Planta_A,17,Eléctrica,Baja,3,2523.61,
OT00726,Reparación,2026-06-02 07:00:00,Tec_06,EQ027,Prensa hidráulica,Planta_B,12,Hidráulica,Media,1,1815.65,
OT00780,Nueva reparación,2026-06-02 07:00:00,Tec_01,EQ209,Compresor,Planta_A,14,Mecánica,Baja,2,2800.0,
OT00783,Diagnóstico,2026-06-02 07:00:00,Tec_04,EQ129,Compresor,Planta_A,13,Mecánica,Media,0,2800.0,
OT00789,Diagnóstico,2026-06-02 07:00:00,Tec_03,EQ080,Prensa hidráulica,Planta_A,5,Mecánica,Baja,2,586.3,
OT00781,Nueva reparación,2026-06-02 07:00:00,Tec_02,EQ017,Bomba,Planta_A,17,Eléctrica,Media,3,5600.0,
OT00791,Diagnóstico,2026-06-02 07:08:00,Tec_02,EQ062,Prensa hidráulica,Planta_A,1,Software,Alta,0,977.81,
OT00786,Diagnóstico,2026-06-02 07:12:00,Tec_B01,EQ491,Prensa hidráulica,Planta_B,10,Hidráulica,Media,4,3419.14,
OT00714,Nueva reparación,2026-06-02 07:13:00,Tec_04,EQ197,Prensa hidráulica,Planta_A,15,Mecánica,Alta,8,5622.6,
OT00787,Diagnóstico,2026-06-02 07:14:00,Tec_03,EQ549,Torno CNC,Planta_A,2,Hidráulica,Media,1,1659.42,
OT00777,Recepción de repuesto,2026-06-02 07:25:00,Bodega,EQ430,Compresor,Planta_A,13,Eléctrica,Baja,0,3129.22,
OT00785,Diagnóstico,2026-06-02 07:27:00,Tec_B01,EQ631,Compresor,Planta_B,18,Mecánica,Media,2,1000.58,
OT00696,Puesta en operación,2026-06-02 07:27:16,Tec_06,EQ721,Torno CNC,Planta_B,12,Hidráulica,Media,1,1653.93,
OT00786,Asignación de técnico,2026-06-02 07:44:44,Jefe_Mantenimiento,EQ491,Prensa hidráulica,Planta_B,10,Hidráulica,Media,4,3419.14,
OT00784,Asignación de técnico,2026-06-02 07:52:44,Jefe_Mantenimiento,EQ479,Bomba,Planta_A,17,Eléctrica,Baja,3,2523.61,
OT00788,Diagnóstico,2026-06-02 07:53:05,Tec_B01,EQ350,Torno CNC,Planta_B,16,Mecánica,Media,4,543.73,
OT00765,Cierre,2026-06-02 08:00:00,Administracion_Mtto,EQ333,Compresor,Planta_A,6,Mecánica,Media,3,2043.02,No
OT00734,Cierre,2026-06-02 08:03:00,Administracion_Mtto,EQ238,Prensa hidráulica,Planta_B,9,Mecánica,Media,1,2983.86,No
OT00789,Asignación de técnico,2026-06-02 08:12:20,Jefe_Mantenimiento,EQ080,Prensa hidráulica,Planta_A,5,Mecánica,Baja,2,586.3,
OT00786,Solicitud de repuesto,2026-06-02 08:14:45,Tec_06,EQ491,Prensa hidráulica,Planta_B,10,Hidráulica,Media,4,3419.14,
OT00681,Puesta en operación,2026-06-02 08:17:37,Tec_05,EQ257,Torno CNC,Planta_A,13,Eléctrica,Media,3,4352.06,
OT00792,Diagnóstico,2026-06-02 08:18:30,Tec_03,EQ542,Torno CNC,Planta_A,16,Mecánica,Baja,2,1474.01,
OT00784,Solicitud de repuesto,2026-06-02 08:22:45,Tec_05,EQ479,Bomba,Planta_A,17,Eléctrica,Baja,3,2523.61,
OT00788,Asignación de técnico,2026-06-02 08:32:56,Jefe_Mantenimiento,EQ350,Torno CNC,Planta_B,16,Mecánica,Media,4,543.73,
OT00785,Asignación de técnico,2026-06-02 08:38:21,Jefe_Mantenimiento,EQ631,Compresor,Planta_B,18,Mecánica,Media,2,1000.58,
OT00783,Asignación de técnico,2026-06-02 08:43:42,Jefe_Mantenimiento,EQ129,Compresor,Planta_A,13,Mecánica,Media,0,2800.0,
OT00780,Prueba,2026-06-02 08:50:58,Tec_01,EQ209,Compresor,Planta_A,14,Mecánica,Baja,2,2800.0,
OT00791,Asignación de técnico,2026-06-02 08:51:32,Jefe_Mantenimiento,EQ062,Prensa hidráulica,Planta_A,1,Software,Alta,0,977.81,
OT00726,Prueba,2026-06-02 09:01:06,Tec_06,EQ027,Prensa hidráulica,Planta_B,12,Hidráulica,Media,1,1815.65,
OT00769,Prueba fallida,2026-06-02 09:13:57,Tec_05,EQ654,Montacargas,Planta_A,3,Hidráulica,Alta,0,5390.48,
OT00793,Falla reportada,2026-06-02 09:26:04,Operador_12,EQ192,Prensa hidráulica,Planta_A,1,Hidráulica,Media,1,789.02,
OT00792,Asignación de técnico,2026-06-02 09:31:48,Jefe_Mantenimiento,EQ542,Torno CNC,Planta_A,16,Mecánica,Baja,2,1474.01,
OT00780,Puesta en operación,2026-06-02 09:40:43,Tec_01,EQ209,Compresor,Planta_A,14,Mecánica,Baja,2,2800.0,
OT00781,Prueba fallida,2026-06-02 09:40:47,Tec_02,EQ017,Bomba,Planta_A,17,Eléctrica,Media,3,5600.0,
OT00787,Asignación de técnico,2026-06-02 10:00:35,Jefe_Mantenimiento,EQ549,Torno CNC,Planta_A,2,Hidráulica,Media,1,1659.42,
OT00792,Solicitud de repuesto,2026-06-02 10:01:49,Tec_02,EQ542,Torno CNC,Planta_A,16,Mecánica,Baja,2,1474.01,
OT00714,Prueba,2026-06-02 10:16:45,Tec_04,EQ197,Prensa hidráulica,Planta_A,15,Mecánica,Alta,8,5622.6,
OT00726,Puesta en operación,2026-06-02 10:28:40,Tec_06,EQ027,Prensa hidráulica,Planta_B,12,Hidráulica,Media,1,1815.65,
OT00787,Solicitud de repuesto,2026-06-02 10:30:36,Tec_04,EQ549,Torno CNC,Planta_A,2,Hidráulica,Media,1,1659.42,
OT00793,Diagnóstico,2026-06-02 10:46:10,Tec_02,EQ192,Prensa hidráulica,Planta_A,1,Hidráulica,Media,1,789.02,
OT00788,Reparación,2026-06-02 10:57:48,Tec_07,EQ350,Torno CNC,Planta_B,16,Mecánica,Media,4,543.73,
OT00725,Recepción de repuesto,2026-06-02 11:13:05,Bodega,EQ206,Bomba,Planta_A,13,Hidráulica,Media,6,2036.27,
OT00714,Puesta en operación,2026-06-02 11:18:02,Tec_04,EQ197,Prensa hidráulica,Planta_A,15,Mecánica,Alta,8,5622.6,
OT00777,Reparación,2026-06-02 11:27:59,Tec_04,EQ430,Compresor,Planta_A,13,Eléctrica,Baja,0,3129.22,
OT00789,Reparación,2026-06-02 11:30:57,Tec_01,EQ080,Prensa hidráulica,Planta_A,5,Mecánica,Baja,2,586.3,
OT00788,Prueba,2026-06-02 11:33:12,Tec_07,EQ350,Torno CNC,Planta_B,16,Mecánica,Media,4,543.73,
OT00793,Asignación de técnico,2026-06-02 11:34:16,Jefe_Mantenimiento,EQ192,Prensa hidráulica,Planta_A,1,Hidráulica,Media,1,789.02,
OT00783,Reparación,2026-06-02 12:25:24,Tec_01,EQ129,Compresor,Planta_A,13,Mecánica,Media,0,2800.0,
OT00789,Prueba,2026-06-02 13:12:30,Tec_01,EQ080,Prensa hidráulica,Planta_A,5,Mecánica,Baja,2,586.3,
OT00785,Reparación,2026-06-02 13:42:08,Tec_07,EQ631,Compresor,Planta_B,18,Mecánica,Media,2,1000.58,
OT00769,Nueva reparación,2026-06-02 13:53:40,Tec_05,EQ654,Montacargas,Planta_A,3,Hidráulica,Alta,0,5390.48,
OT00790,Falla reportada,2026-06-02 14:00:09,Operador_05,EQ186,Montacargas,Planta_B,11,Eléctrica,Media,1,824.89,
OT00789,Puesta en operación,2026-06-02 14:01:02,Tec_01,EQ080,Prensa hidráulica,Planta_A,5,Mecánica,Baja,2,586.3,
OT00788,Puesta en operación,2026-06-02 14:10:56,Tec_07,EQ350,Torno CNC,Planta_B,16,Mecánica,Media,4,543.73,
OT00791,Reparación,2026-06-02 14:22:51,Tec_03,EQ062,Prensa hidráulica,Planta_A,1,Software,Alta,0,977.81,
OT00777,Prueba fallida,2026-06-02 14:31:05,Tec_04,EQ430,Compresor,Planta_A,13,Eléctrica,Baja,0,3129.22,
OT00783,Prueba fallida,2026-06-02 15:04:33,Tec_01,EQ129,Compresor,Planta_A,13,Mecánica,Media,0,2800.0,
OT00725,Reparación,2026-06-02 15:11:07,Tec_01,EQ206,Bomba,Planta_A,13,Hidráulica,Media,6,2036.27,
OT00781,Nueva reparación,2026-06-02 15:12:13,Tec_02,EQ017,Bomba,Planta_A,17,Eléctrica,Media,3,5600.0,
OT00785,Prueba,2026-06-02 15:21:17,Tec_07,EQ631,Compresor,Planta_B,18,Mecánica,Media,2,1000.58,
OT00793,Reparación,2026-06-02 15:21:55,Tec_04,EQ192,Prensa hidráulica,Planta_A,1,Hidráulica,Media,1,789.02,
OT00777,Nueva reparación,2026-06-02 16:12:44,Tec_04,EQ430,Compresor,Planta_A,13,Eléctrica,Baja,0,3129.22,
OT00785,Puesta en operación,2026-06-02 16:38:37,Tec_07,EQ631,Compresor,Planta_B,18,Mecánica,Media,2,1000.58,
OT00769,Prueba fallida,2026-06-02 16:43:57,Tec_05,EQ654,Montacargas,Planta_A,3,Hidráulica,Alta,0,5390.48,
OT00794,Falla reportada,2026-06-02 19:18:15,Operador_03,EQ496,Compresor,Planta_B,13,Mecánica,Media,0,1286.86,
OT00795,Falla reportada,2026-06-02 20:08:47,Operador_11,EQ523,Torno CNC,Planta_B,15,Hidráulica,Alta,3,4380.38,
OT00796,Falla reportada,2026-06-02 20:09:07,Operador_06,EQ665,Bomba,Planta_A,11,Mecánica,Alta,1,7069.91,
OT00799,Falla reportada,2026-06-03 00:33:56,Operador_06,EQ529,Bomba,Planta_B,14,Hidráulica,Alta,6,3315.64,
OT00801,Falla reportada,2026-06-03 01:45:16,Operador_02,EQ089,Prensa hidráulica,Planta_A,9,Hidráulica,Media,4,457.53,
OT00800,Falla reportada,2026-06-03 05:37:21,Operador_10,EQ320,Torno CNC,Planta_B,16,Software,Media,2,1400.0,
OT00798,Falla reportada,2026-06-03 05:43:29,Operador_05,EQ218,Bomba,Planta_A,14,Hidráulica,Baja,1,2034.54,
OT00777,Prueba,2026-06-03 07:00:00,Tec_04,EQ430,Compresor,Planta_A,13,Eléctrica,Baja,0,3129.22,
OT00783,Nueva reparación,2026-06-03 07:00:00,Tec_01,EQ129,Compresor,Planta_A,13,Mecánica,Media,0,2800.0,
OT00781,Prueba fallida,2026-06-03 07:00:00,Tec_02,EQ017,Bomba,Planta_A,17,Eléctrica,Media,3,5600.0,
OT00784,Recepción de repuesto,2026-06-03 07:00:00,Bodega,EQ479,Bomba,Planta_A,17,Eléctrica,Baja,3,2523.61,
OT00791,Prueba,2026-06-03 07:00:00,Tec_03,EQ062,Prensa hidráulica,Planta_A,1,Software,Alta,0,977.81,
OT00725,Prueba,2026-06-03 07:00:00,Tec_01,EQ206,Bomba,Planta_A,13,Hidráulica,Media,6,2036.27,
OT00794,Diagnóstico,2026-06-03 07:00:00,Tec_B01,EQ496,Compresor,Planta_B,13,Mecánica,Media,0,1286.86,
OT00793,Prueba,2026-06-03 07:00:00,Tec_04,EQ192,Prensa hidráulica,Planta_A,1,Hidráulica,Media,1,789.02,
OT00796,Diagnóstico,2026-06-03 07:00:00,Tec_05,EQ665,Bomba,Planta_A,11,Mecánica,Alta,1,7069.91,
OT00790,Diagnóstico,2026-06-03 07:00:00,Tec_B01,EQ186,Montacargas,Planta_B,11,Eléctrica,Media,1,824.89,
OT00769,Nueva reparación,2026-06-03 07:00:00,Tec_05,EQ654,Montacargas,Planta_A,3,Hidráulica,Alta,0,5390.48,
OT00795,Diagnóstico,2026-06-03 07:00:00,Tec_B01,EQ523,Torno CNC,Planta_B,15,Hidráulica,Alta,3,4380.38,
OT00799,Diagnóstico,2026-06-03 07:14:00,Tec_B01,EQ529,Bomba,Planta_B,14,Hidráulica,Alta,6,3315.64,
OT00801,Diagnóstico,2026-06-03 07:17:00,Tec_01,EQ089,Prensa hidráulica,Planta_A,9,Hidráulica,Media,4,457.53,
OT00795,Asignación de técnico,2026-06-03 07:34:10,Jefe_Mantenimiento,EQ523,Torno CNC,Planta_B,15,Hidráulica,Alta,3,4380.38,
OT00790,Asignación de técnico,2026-06-03 07:39:21,Jefe_Mantenimiento,EQ186,Montacargas,Planta_B,11,Eléctrica,Media,1,824.89,
OT00725,Puesta en operación,2026-06-03 07:39:24,Tec_01,EQ206,Bomba,Planta_A,13,Hidráulica,Media,6,2036.27,
OT00783,Prueba,2026-06-03 07:39:51,Tec_01,EQ129,Compresor,Planta_A,13,Mecánica,Media,0,2800.0,
OT00796,Asignación de técnico,2026-06-03 07:44:05,Jefe_Mantenimiento,EQ665,Bomba,Planta_A,11,Mecánica,Alta,1,7069.91,
OT00793,Puesta en operación,2026-06-03 07:58:40,Tec_04,EQ192,Prensa hidráulica,Planta_A,1,Hidráulica,Media,1,789.02,
OT00740,Cierre,2026-06-03 08:00:00,Administracion_Mtto,EQ068,Compresor,Planta_B,17,Eléctrica,Baja,4,610.15,Sí
OT00782,Cierre,2026-06-03 08:00:00,Administracion_Mtto,EQ137,Torno CNC,Planta_A,13,Eléctrica,Media,2,1143.78,
OT00791,Puesta en operación,2026-06-03 08:00:04,Tec_03,EQ062,Prensa hidráulica,Planta_A,1,Software,Alta,0,977.81,
OT00769,Prueba,2026-06-03 08:02:58,Tec_05,EQ654,Montacargas,Planta_A,3,Hidráulica,Alta,0,5390.48,
OT00795,Solicitud de repuesto,2026-06-03 08:04:11,Tec_06,EQ523,Torno CNC,Planta_B,15,Hidráulica,Alta,3,4380.38,
OT00716,Cierre,2026-06-03 08:10:00,Administracion_Mtto,EQ724,Prensa hidráulica,Planta_A,14,Hidráulica,Media,3,2190.85,No
OT00779,Cierre,2026-06-03 08:13:00,Administracion_Mtto,EQ253,Prensa hidráulica,Planta_B,15,Eléctrica,Media,3,1333.5,
OT00796,Solicitud de repuesto,2026-06-03 08:14:06,Tec_05,EQ665,Bomba,Planta_A,11,Mecánica,Alta,1,7069.91,
OT00751,Cierre,2026-06-03 08:16:00,Administracion_Mtto,EQ684,Montacargas,Planta_A,13,Hidráulica,Media,3,6385.54,Sí
OT00801,Asignación de técnico,2026-06-03 08:19:55,Jefe_Mantenimiento,EQ089,Prensa hidráulica,Planta_A,9,Hidráulica,Media,4,457.53,
OT00799,Asignación de técnico,2026-06-03 08:33:02,Jefe_Mantenimiento,EQ529,Bomba,Planta_B,14,Hidráulica,Alta,6,3315.64,
OT00794,Asignación de técnico,2026-06-03 08:37:55,Jefe_Mantenimiento,EQ496,Compresor,Planta_B,13,Mecánica,Media,0,1286.86,
OT00777,Puesta en operación,2026-06-03 08:38:09,Tec_04,EQ430,Compresor,Planta_A,13,Eléctrica,Baja,0,3129.22,
OT00787,Recepción de repuesto,2026-06-03 08:41:36,Bodega,EQ549,Torno CNC,Planta_A,2,Hidráulica,Media,1,1659.42,
OT00769,Puesta en operación,2026-06-03 08:59:18,Tec_05,EQ654,Montacargas,Planta_A,3,Hidráulica,Alta,0,5390.48,
OT00763,Cierre,2026-06-03 09:00:52,Administracion_Mtto,EQ144,Bomba,Planta_A,18,Mecánica,Media,6,2363.77,
OT00799,Solicitud de repuesto,2026-06-03 09:03:03,Tec_06,EQ529,Bomba,Planta_B,14,Hidráulica,Alta,6,3315.64,
OT00766,Recepción de repuesto,2026-06-03 09:04:10,Bodega,EQ528,Bomba,Planta_B,17,Hidráulica,Baja,2,1866.74,
OT00790,Reparación,2026-06-03 09:19:59,Tec_06,EQ186,Montacargas,Planta_B,11,Eléctrica,Media,1,824.89,
OT00783,Puesta en operación,2026-06-03 09:26:52,Tec_01,EQ129,Compresor,Planta_A,13,Mecánica,Media,0,2800.0,
OT00798,Diagnóstico,2026-06-03 09:35:41,Tec_05,EQ218,Bomba,Planta_A,14,Hidráulica,Baja,1,2034.54,
OT00801,Reparación,2026-06-03 09:59:30,Tec_04,EQ089,Prensa hidráulica,Planta_A,9,Hidráulica,Media,4,457.53,
OT00784,Reparación,2026-06-03 10:53:49,Tec_05,EQ479,Bomba,Planta_A,17,Eléctrica,Baja,3,2523.61,
OT00766,Reparación,2026-06-03 11:08:11,Tec_07,EQ528,Bomba,Planta_B,17,Hidráulica,Baja,2,1866.74,
OT00781,Nueva reparación,2026-06-03 11:20:13,Tec_02,EQ017,Bomba,Planta_A,17,Eléctrica,Media,3,5600.0,
OT00787,Reparación,2026-06-03 11:43:59,Tec_04,EQ549,Torno CNC,Planta_A,2,Hidráulica,Media,1,1659.42,
OT00798,Asignación de técnico,2026-06-03 12:02:09,Jefe_Mantenimiento,EQ218,Bomba,Planta_A,14,Hidráulica,Baja,1,2034.54,
OT00798,Solicitud de repuesto,2026-06-03 12:32:10,Tec_04,EQ218,Bomba,Planta_A,14,Hidráulica,Baja,1,2034.54,
OT00781,Prueba,2026-06-03 12:34:23,Tec_02,EQ017,Bomba,Planta_A,17,Eléctrica,Media,3,5600.0,
OT00797,Falla reportada,2026-06-03 12:45:27,Operador_03,EQ144,Bomba,Planta_A,18,Mecánica,Media,7,6245.8,
OT00797,Falla reportada,2026-06-03 12:45:27,Operador_03,EQ144,Bomba,Planta_A,18,Mecánica,Media,7,6245.8,
OT00790,Prueba,2026-06-03 12:45:27,Tec_06,EQ186,Montacargas,Planta_B,11,Eléctrica,Media,1,824.89,
OT00770,Cierre,2026-06-03 13:00:25,Administracion_Mtto,EQ068,Compresor,Planta_B,17,Hidráulica,Media,5,1400.0,
OT00784,Prueba,2026-06-03 13:06:23,Tec_05,EQ479,Bomba,Planta_A,17,Eléctrica,Baja,3,2523.61,
OT00781,Puesta en operación,2026-06-03 13:30:21,Tec_02,EQ017,Bomba,Planta_A,17,Eléctrica,Media,3,5600.0,
OT00801,Prueba,2026-06-03 13:33:56,Tec_04,EQ089,Prensa hidráulica,Planta_A,9,Hidráulica,Media,4,457.53,
OT00790,Puesta en operación,2026-06-03 13:34:16,Tec_06,EQ186,Montacargas,Planta_B,11,Eléctrica,Media,1,824.89,
OT00766,Prueba,2026-06-03 13:46:59,Tec_07,EQ528,Bomba,Planta_B,17,Hidráulica,Baja,2,1866.74,
OT00787,Prueba,2026-06-03 14:11:57,Tec_04,EQ549,Torno CNC,Planta_A,2,Hidráulica,Media,1,1659.42,
OT00784,Puesta en operación,2026-06-03 14:24:00,Tec_05,EQ479,Bomba,Planta_A,17,Eléctrica,Baja,3,2523.61,
OT00797,Diagnóstico,2026-06-03 14:27:58,Tec_01,EQ144,Bomba,Planta_A,18,Mecánica,Media,7,6245.8,
OT00766,Puesta en operación,2026-06-03 14:32:59,Tec_07,EQ528,Bomba,Planta_B,17,Hidráulica,Baja,2,1866.74,
OT00801,Puesta en operación,2026-06-03 14:49:36,Tec_04,EQ089,Prensa hidráulica,Planta_A,9,Hidráulica,Media,4,457.53,
OT00794,Reparación,2026-06-03 14:59:23,Tec_07,EQ496,Compresor,Planta_B,13,Mecánica,Media,0,1286.86,
OT00787,Puesta en operación,2026-06-03 15:01:15,Tec_04,EQ549,Torno CNC,Planta_A,2,Hidráulica,Media,1,1659.42,
OT00760,Cierre,2026-06-03 15:49:51,Administracion_Mtto,EQ276,Prensa hidráulica,Planta_B,8,Mecánica,Alta,0,2426.13,
OT00797,Asignación de técnico,2026-06-03 16:27:18,Jefe_Mantenimiento,EQ144,Bomba,Planta_A,18,Mecánica,Media,7,6245.8,
OT00797,Solicitud de repuesto,2026-06-03 16:57:19,Tec_01,EQ144,Bomba,Planta_A,18,Mecánica,Media,7,6245.8,
OT00803,Falla reportada,2026-06-04 00:23:35,Operador_08,EQ087,Bomba,Planta_B,5,Hidráulica,Baja,4,1336.25,
OT00804,Falla reportada,2026-06-04 06:02:46,Operador_09,EQ127,Montacargas,Planta_A,11,Eléctrica,Alta,0,380.35,
OT00794,Prueba,2026-06-04 07:00:00,Tec_07,EQ496,Compresor,Planta_B,13,Mecánica,Media,0,1286.86,
OT00800,Diagnóstico,2026-06-04 07:09:00,Tec_B01,EQ320,Torno CNC,Planta_B,16,Software,Media,2,1400.0,
OT00804,Diagnóstico,2026-06-04 07:27:00,Tec_03,EQ127,Montacargas,Planta_A,11,Eléctrica,Alta,0,380.35,
OT00726,Cierre,2026-06-04 08:00:00,Administracion_Mtto,EQ027,Prensa hidráulica,Planta_B,12,Hidráulica,Media,1,1815.65,
OT00786,Aprobación de compra,2026-06-04 08:02:31,Gerencia,EQ491,Prensa hidráulica,Planta_B,10,Hidráulica,Media,4,3419.14,
OT00794,Puesta en operación,2026-06-04 08:04:18,Tec_07,EQ496,Compresor,Planta_B,13,Mecánica,Media,0,1286.86,
OT00771,Cierre,2026-06-04 08:10:00,Administracion_Mtto,EQ617,Torno CNC,Planta_A,4,Software,Media,3,1400.0,
OT00800,Asignación de técnico,2026-06-04 08:13:53,Jefe_Mantenimiento,EQ320,Torno CNC,Planta_B,16,Software,Media,2,1400.0,
OT00804,Asignación de técnico,2026-06-04 09:46:02,Jefe_Mantenimiento,EQ127,Montacargas,Planta_A,11,Eléctrica,Alta,0,380.35,
OT00799,Recepción de repuesto,2026-06-04 10:05:12,Bodega,EQ529,Bomba,Planta_B,14,Hidráulica,Alta,6,3315.64,
OT00774,Cierre,2026-06-04 10:37:24,Administracion_Mtto,EQ350,Torno CNC,Planta_B,16,Software,Baja,3,1400.0,
OT00776,Aprobación de compra,2026-06-04 11:02:27,Gerencia,EQ347,Bomba,Planta_B,15,Hidráulica,Alta,2,3752.03,
OT00800,Reparación,2026-06-04 11:34:25,Tec_07,EQ320,Torno CNC,Planta_B,16,Software,Media,2,1400.0,
OT00799,Reparación,2026-06-04 13:18:22,Tec_06,EQ529,Bomba,Planta_B,14,Hidráulica,Alta,6,3315.64,
OT00802,Falla reportada,2026-06-04 14:04:09,Operador_05,EQ137,Torno CNC,Planta_A,13,Hidráulica,Media,3,1669.64,
OT00804,Reparación,2026-06-04 14:30:41,Tec_03,EQ127,Montacargas,Planta_A,11,Eléctrica,Alta,0,380.35,
OT00802,Diagnóstico,2026-06-04 15:04:42,Tec_04,EQ137,Torno CNC,Planta_A,13,Hidráulica,Media,3,1669.64,
OT00800,Prueba,2026-06-04 15:23:19,Tec_07,EQ320,Torno CNC,Planta_B,16,Software,Media,2,1400.0,
OT00805,Falla reportada,2026-06-04 15:30:24,Operador_04,EQ365,Compresor,Planta_A,10,Eléctrica,Alta,3,817.61,
OT00802,Asignación de técnico,2026-06-04 15:36:44,Jefe_Mantenimiento,EQ137,Torno CNC,Planta_A,13,Hidráulica,Media,3,1669.64,
OT00804,Prueba,2026-06-04 15:43:08,Tec_03,EQ127,Montacargas,Planta_A,11,Eléctrica,Alta,0,380.35,
OT00802,Solicitud de repuesto,2026-06-04 16:06:45,Tec_04,EQ137,Torno CNC,Planta_A,13,Hidráulica,Media,3,1669.64,
OT00806,Falla reportada,2026-06-04 16:17:48,Operador_05,EQ660,Montacargas,Planta_A,10,Mecánica,Baja,3,808.22,
OT00804,Puesta en operación,2026-06-04 16:54:47,Tec_03,EQ127,Montacargas,Planta_A,11,Eléctrica,Alta,0,380.35,
OT00810,Falla reportada,2026-06-05 04:03:59,Operador_09,EQ296,Compresor,Planta_A,12,Mecánica,Media,4,378.1,
OT00803,Diagnóstico,2026-06-05 07:00:00,Tec_B01,EQ087,Bomba,Planta_B,5,Hidráulica,Baja,4,1336.25,
OT00799,Prueba fallida,2026-06-05 07:00:00,Tec_06,EQ529,Bomba,Planta_B,14,Hidráulica,Alta,6,3315.64,
OT00806,Diagnóstico,2026-06-05 07:00:00,Tec_01,EQ660,Montacargas,Planta_A,10,Mecánica,Baja,3,808.22,
OT00800,Puesta en operación,2026-06-05 07:00:00,Tec_07,EQ320,Torno CNC,Planta_B,16,Software,Media,2,1400.0,
OT00805,Diagnóstico,2026-06-05 07:00:00,Tec_05,EQ365,Compresor,Planta_A,10,Eléctrica,Alta,3,817.61,
OT00810,Diagnóstico,2026-06-05 07:01:00,Tec_05,EQ296,Compresor,Planta_A,12,Mecánica,Media,4,378.1,
OT00803,Asignación de técnico,2026-06-05 07:29:33,Jefe_Mantenimiento,EQ087,Bomba,Planta_B,5,Hidráulica,Baja,4,1336.25,
OT00806,Asignación de técnico,2026-06-05 07:34:59,Jefe_Mantenimiento,EQ660,Montacargas,Planta_A,10,Mecánica,Baja,3,808.22,
OT00805,Asignación de técnico,2026-06-05 07:43:41,Jefe_Mantenimiento,EQ365,Compresor,Planta_A,10,Eléctrica,Alta,3,817.61,
OT00775,Cierre,2026-06-05 08:00:00,Administracion_Mtto,EQ158,Bomba,Planta_A,12,Eléctrica,Baja,1,1400.0,
OT00809,Falla reportada,2026-06-05 08:17:19,Operador_11,EQ459,Bomba,Planta_A,15,Mecánica,Baja,0,3555.76,
OT00810,Asignación de técnico,2026-06-05 08:19:39,Jefe_Mantenimiento,EQ296,Compresor,Planta_A,12,Mecánica,Media,4,378.1,
OT00799,Nueva reparación,2026-06-05 08:59:44,Tec_06,EQ529,Bomba,Planta_B,14,Hidráulica,Alta,6,3315.64,
OT00803,Reparación,2026-06-05 09:50:07,Tec_07,EQ087,Bomba,Planta_B,5,Hidráulica,Baja,4,1336.25,
OT00809,Diagnóstico,2026-06-05 10:33:10,Tec_02,EQ459,Bomba,Planta_A,15,Mecánica,Baja,0,3555.76,
OT00809,Asignación de técnico,2026-06-05 11:27:01,Jefe_Mantenimiento,EQ459,Bomba,Planta_A,15,Mecánica,Baja,0,3555.76,
OT00806,Reparación,2026-06-05 11:44:53,Tec_01,EQ660,Montacargas,Planta_A,10,Mecánica,Baja,3,808.22,
OT00809,Solicitud de repuesto,2026-06-05 11:57:02,Tec_05,EQ459,Bomba,Planta_A,15,Mecánica,Baja,0,3555.76,
OT00803,Prueba,2026-06-05 12:04:04,Tec_07,EQ087,Bomba,Planta_B,5,Hidráulica,Baja,4,1336.25,
OT00805,Reparación,2026-06-05 12:14:51,Tec_05,EQ365,Compresor,Planta_A,10,Eléctrica,Alta,3,817.61,
OT00799,Prueba,2026-06-05 12:19:40,Tec_06,EQ529,Bomba,Planta_B,14,Hidráulica,Alta,6,3315.64,
OT00789,Cierre,2026-06-05 12:50:38,Administracion_Mtto,EQ080,Prensa hidráulica,Planta_A,5,Mecánica,Baja,2,586.3,
OT00810,Reparación,2026-06-05 12:54:28,Tec_05,EQ296,Compresor,Planta_A,12,Mecánica,Media,4,378.1,
OT00808,Falla reportada,2026-06-05 12:59:00,Operador_07,EQ053,Compresor,Planta_A,16,Mecánica,Media,7,1400.0,
OT00799,Puesta en operación,2026-06-05 12:59:27,Tec_06,EQ529,Bomba,Planta_B,14,Hidráulica,Alta,6,3315.64,
OT00805,Prueba,2026-06-05 13:05:28,Tec_05,EQ365,Compresor,Planta_A,10,Eléctrica,Alta,3,817.61,
OT00784,Cierre,2026-06-05 13:15:43,Administracion_Mtto,EQ479,Bomba,Planta_A,17,Eléctrica,Baja,3,2523.61,
OT00811,Falla reportada,2026-06-05 13:17:38,Operador_09,EQ061,Torno CNC,Planta_B,9,Eléctrica,Alta,3,3695.16,
OT00810,Prueba,2026-06-05 14:04:54,Tec_05,EQ296,Compresor,Planta_A,12,Mecánica,Media,4,378.1,
OT00803,Puesta en operación,2026-06-05 14:34:19,Tec_07,EQ087,Bomba,Planta_B,5,Hidráulica,Baja,4,1336.25,
OT00806,Prueba,2026-06-05 14:40:53,Tec_01,EQ660,Montacargas,Planta_A,10,Mecánica,Baja,3,808.22,
OT00807,Falla reportada,2026-06-05 14:42:25,Operador_01,EQ335,Torno CNC,Planta_B,6,Hidráulica,Media,3,3414.94,
OT00808,Diagnóstico,2026-06-05 14:48:01,Tec_05,EQ053,Compresor,Planta_A,16,Mecánica,Media,7,1400.0,
OT00805,Puesta en operación,2026-06-05 14:52:02,Tec_05,EQ365,Compresor,Planta_A,10,Eléctrica,Alta,3,817.61,
OT00810,Puesta en operación,2026-06-05 14:52:09,Tec_05,EQ296,Compresor,Planta_A,12,Mecánica,Media,4,378.1,
OT00806,Puesta en operación,2026-06-05 15:23:19,Tec_01,EQ660,Montacargas,Planta_A,10,Mecánica,Baja,3,808.22,
OT00786,Recepción de repuesto,2026-06-05 15:51:35,Bodega,EQ491,Prensa hidráulica,Planta_B,10,Hidráulica,Media,4,3419.14,
OT00783,Cierre,2026-06-05 16:03:25,Administracion_Mtto,EQ129,Compresor,Planta_A,13,Mecánica,Media,0,2800.0,
OT00808,Asignación de técnico,2026-06-05 16:08:53,Jefe_Mantenimiento,EQ053,Compresor,Planta_A,16,Mecánica,Media,7,1400.0,
OT00811,Diagnóstico,2026-06-05 16:18:09,Tec_B01,EQ061,Torno CNC,Planta_B,9,Eléctrica,Alta,3,3695.16,
OT00811,Asignación de técnico,2026-06-05 16:51:59,Jefe_Mantenimiento,EQ061,Torno CNC,Planta_B,9,Eléctrica,Alta,3,3695.16,
OT00762,Recepción de repuesto,2026-06-05 16:56:20,Bodega,EQ134,Torno CNC,Planta_B,11,Mecánica,Alta,3,4645.65,
OT00811,Solicitud de repuesto,2026-06-05 17:22:00,Tec_06,EQ061,Torno CNC,Planta_B,9,Eléctrica,Alta,3,3695.16,
OT00816,Falla reportada,2026-06-06 12:10:27,Operador_05,EQ167,Compresor,Planta_A,11,Hidráulica,Alta,1,4025.01,
OT00814,Falla reportada,2026-06-06 12:22:50,Operador_01,EQ265,Compresor,Planta_B,17,Eléctrica,Media,3,1400.0,
OT00813,Falla reportada,2026-06-06 14:49:18,Operador_02,EQ688,Montacargas,Planta_A,18,Eléctrica,Baja,2,4541.59,
OT00812,Falla reportada,2026-06-06 16:52:40,Operador_02,EQ681,Torno CNC,Planta_A,13,Mecánica,Alta,3,1400.0,
OT00815,Falla reportada,2026-06-06 18:21:12,Operador_09,EQ542,Torno CNC,Planta_A,16,Eléctrica,Media,3,2800.0,
OT00818,Falla reportada,2026-06-07 04:57:05,Operador_08,EQ250,Bomba,Planta_A,2,Hidráulica,Media,0,1158.59,
OT00817,Falla reportada,2026-06-07 05:03:24,Operador_09,EQ434,Compresor,Planta_B,10,Mecánica,Media,0,3202.93,
OT00819,Falla reportada,2026-06-07 12:56:32,Operador_09,EQ400,Montacargas,Planta_B,9,Mecánica,Baja,3,957.62,
OT00820,Falla reportada,2026-06-07 19:15:19,Operador_07,EQ046,Prensa hidráulica,Planta_B,10,Software,Baja,1,677.0,
OT00821,Falla reportada,2026-06-08 00:09:06,Operador_06,EQ663,Compresor,Planta_B,15,Software,Media,2,1128.81,
OT00826,Falla reportada,2026-06-08 01:29:57,Operador_12,EQ392,Montacargas,Planta_A,13,Mecánica,Alta,3,2601.53,
OT00822,Falla reportada,2026-06-08 03:02:45,Operador_12,EQ035,Compresor,Planta_B,8,Mecánica,Alta,4,323.36,
OT00776,Recepción de repuesto,2026-06-08 07:00:00,Bodega,EQ347,Bomba,Planta_B,15,Hidráulica,Alta,2,3752.03,
OT00816,Diagnóstico,2026-06-08 07:00:00,Tec_02,EQ167,Compresor,Planta_A,11,Hidráulica,Alta,1,4025.01,
OT00694,Recepción de repuesto,2026-06-08 07:00:00,Bodega,EQ466,Bomba,Planta_A,18,Mecánica,Alta,3,1947.79,
OT00807,Diagnóstico,2026-06-08 07:00:00,Tec_B01,EQ335,Torno CNC,Planta_B,6,Hidráulica,Media,3,3414.94,
OT00815,Diagnóstico,2026-06-08 07:00:00,Tec_04,EQ542,Torno CNC,Planta_A,16,Eléctrica,Media,3,2800.0,
OT00814,Diagnóstico,2026-06-08 07:00:00,Tec_B01,EQ265,Compresor,Planta_B,17,Eléctrica,Media,3,1400.0,
OT00809,Recepción de repuesto,2026-06-08 07:00:00,Bodega,EQ459,Bomba,Planta_A,15,Mecánica,Baja,0,3555.76,
OT00818,Diagnóstico,2026-06-08 07:00:00,Tec_02,EQ250,Bomba,Planta_A,2,Hidráulica,Media,0,1158.59,
OT00817,Diagnóstico,2026-06-08 07:00:00,Tec_B01,EQ434,Compresor,Planta_B,10,Mecánica,Media,0,3202.93,
OT00813,Diagnóstico,2026-06-08 07:00:00,Tec_03,EQ688,Montacargas,Planta_A,18,Eléctrica,Baja,2,4541.59,
OT00812,Diagnóstico,2026-06-08 07:00:00,Tec_05,EQ681,Torno CNC,Planta_A,13,Mecánica,Alta,3,1400.0,
OT00778,Recepción de repuesto,2026-06-08 07:00:00,Bodega,EQ293,Montacargas,Planta_B,3,Mecánica,Media,1,3354.64,
OT00819,Diagnóstico,2026-06-08 07:00:00,Tec_B01,EQ400,Montacargas,Planta_B,9,Mecánica,Baja,3,957.62,
OT00721,Recepción de repuesto,2026-06-08 07:00:00,Bodega,EQ724,Prensa hidráulica,Planta_A,14,Eléctrica,Media,4,3603.92,
OT00762,Reparación,2026-06-08 07:00:00,Tec_07,EQ134,Torno CNC,Planta_B,11,Mecánica,Alta,3,4645.65,
OT00730,Recepción de repuesto,2026-06-08 07:00:00,Bodega,EQ488,Prensa hidráulica,Planta_A,7,Hidráulica,Media,5,1845.03,
OT00808,Reparación,2026-06-08 07:00:00,Tec_04,EQ053,Compresor,Planta_A,16,Mecánica,Media,7,1400.0,
OT00786,Reparación,2026-06-08 07:00:00,Tec_06,EQ491,Prensa hidráulica,Planta_B,10,Hidráulica,Media,4,3419.14,
OT00826,Diagnóstico,2026-06-08 07:01:00,Tec_01,EQ392,Montacargas,Planta_A,13,Mecánica,Alta,3,2601.53,
OT00820,Diagnóstico,2026-06-08 07:08:00,Tec_B01,EQ046,Prensa hidráulica,Planta_B,10,Software,Baja,1,677.0,
OT00736,Recepción de repuesto,2026-06-08 07:18:00,Bodega,EQ403,Compresor,Planta_A,13,Eléctrica,Media,4,3266.65,
OT00822,Diagnóstico,2026-06-08 07:25:00,Tec_B01,EQ035,Compresor,Planta_B,8,Mecánica,Alta,4,323.36,
OT00817,Asignación de técnico,2026-06-08 07:47:40,Jefe_Mantenimiento,EQ434,Compresor,Planta_B,10,Mecánica,Media,0,3202.93,
OT00814,Asignación de técnico,2026-06-08 07:47:48,Jefe_Mantenimiento,EQ265,Compresor,Planta_B,17,Eléctrica,Media,3,1400.0,
OT00826,Asignación de técnico,2026-06-08 07:48:54,Jefe_Mantenimiento,EQ392,Montacargas,Planta_A,13,Mecánica,Alta,3,2601.53,
OT00820,Asignación de técnico,2026-06-08 07:55:36,Jefe_Mantenimiento,EQ046,Prensa hidráulica,Planta_B,10,Software,Baja,1,677.0,
OT00819,Asignación de técnico,2026-06-08 07:56:10,Jefe_Mantenimiento,EQ400,Montacargas,Planta_B,9,Mecánica,Baja,3,957.62,
OT00816,Asignación de técnico,2026-06-08 07:59:35,Jefe_Mantenimiento,EQ167,Compresor,Planta_A,11,Hidráulica,Alta,1,4025.01,
OT00785,Cierre,2026-06-08 08:00:00,Administracion_Mtto,EQ631,Compresor,Planta_B,18,Mecánica,Media,2,1000.58,
OT00797,Aprobación de compra,2026-06-08 08:00:00,Gerencia,EQ144,Bomba,Planta_A,18,Mecánica,Media,7,6245.8,
OT00769,Cierre,2026-06-08 08:00:00,Administracion_Mtto,EQ654,Montacargas,Planta_A,3,Hidráulica,Alta,0,5390.48,
OT00780,Cierre,2026-06-08 08:00:00,Administracion_Mtto,EQ209,Compresor,Planta_A,14,Mecánica,Baja,2,2800.0,
OT00681,Cierre,2026-06-08 08:00:00,Administracion_Mtto,EQ257,Torno CNC,Planta_A,13,Eléctrica,Media,3,4352.06,
OT00790,Cierre,2026-06-08 08:00:00,Administracion_Mtto,EQ186,Montacargas,Planta_B,11,Eléctrica,Media,1,824.89,
OT00801,Cierre,2026-06-08 08:00:00,Administracion_Mtto,EQ089,Prensa hidráulica,Planta_A,9,Hidráulica,Media,4,457.53,
OT00714,Cierre,2026-06-08 08:00:00,Administracion_Mtto,EQ197,Prensa hidráulica,Planta_A,15,Mecánica,Alta,8,5622.6,
OT00696,Cierre,2026-06-08 08:00:00,Administracion_Mtto,EQ721,Torno CNC,Planta_B,12,Hidráulica,Media,1,1653.93,
OT00766,Cierre,2026-06-08 08:00:00,Administracion_Mtto,EQ528,Bomba,Planta_B,17,Hidráulica,Baja,2,1866.74,
OT00787,Cierre,2026-06-08 08:00:00,Administracion_Mtto,EQ549,Torno CNC,Planta_A,2,Hidráulica,Media,1,1659.42,
OT00799,Cierre,2026-06-08 08:00:00,Administracion_Mtto,EQ529,Bomba,Planta_B,14,Hidráulica,Alta,6,3315.64,
OT00793,Cierre,2026-06-08 08:00:00,Administracion_Mtto,EQ192,Prensa hidráulica,Planta_A,1,Hidráulica,Media,1,789.02,
OT00822,Asignación de técnico,2026-06-08 08:05:03,Jefe_Mantenimiento,EQ035,Compresor,Planta_B,8,Mecánica,Alta,4,323.36,
OT00773,Cierre,2026-06-08 08:09:00,Administracion_Mtto,EQ442,Torno CNC,Planta_A,17,Mecánica,Media,4,1400.0,
OT00805,Cierre,2026-06-08 08:13:00,Administracion_Mtto,EQ365,Compresor,Planta_A,10,Eléctrica,Alta,3,817.61,
OT00813,Asignación de técnico,2026-06-08 08:14:19,Jefe_Mantenimiento,EQ688,Montacargas,Planta_A,18,Eléctrica,Baja,2,4541.59,
OT00818,Asignación de técnico,2026-06-08 08:15:09,Jefe_Mantenimiento,EQ250,Bomba,Planta_A,2,Hidráulica,Media,0,1158.59,
OT00817,Solicitud de repuesto,2026-06-08 08:17:41,Tec_07,EQ434,Compresor,Planta_B,10,Mecánica,Media,0,3202.93,
OT00826,Solicitud de repuesto,2026-06-08 08:18:55,Tec_04,EQ392,Montacargas,Planta_A,13,Mecánica,Alta,3,2601.53,
OT00812,Asignación de técnico,2026-06-08 08:19:26,Jefe_Mantenimiento,EQ681,Torno CNC,Planta_A,13,Mecánica,Alta,3,1400.0,
OT00725,Cierre,2026-06-08 08:21:00,Administracion_Mtto,EQ206,Bomba,Planta_A,13,Hidráulica,Media,6,2036.27,
OT00807,Asignación de técnico,2026-06-08 08:23:49,Jefe_Mantenimiento,EQ335,Torno CNC,Planta_B,6,Hidráulica,Media,3,3414.94,
OT00824,Falla reportada,2026-06-08 08:27:41,Operador_02,EQ137,Torno CNC,Planta_A,13,Mecánica,Baja,4,868.46,
OT00816,Solicitud de repuesto,2026-06-08 08:29:36,Tec_04,EQ167,Compresor,Planta_A,11,Hidráulica,Alta,1,4025.01,
OT00786,Prueba,2026-06-08 08:39:36,Tec_06,EQ491,Prensa hidráulica,Planta_B,10,Hidráulica,Media,4,3419.14,
OT00813,Solicitud de repuesto,2026-06-08 08:44:20,Tec_04,EQ688,Montacargas,Planta_A,18,Eléctrica,Baja,2,4541.59,
OT00809,Reparación,2026-06-08 08:50:47,Tec_05,EQ459,Bomba,Planta_A,15,Mecánica,Baja,0,3555.76,
OT00721,Reparación,2026-06-08 08:51:11,Tec_01,EQ724,Prensa hidráulica,Planta_A,14,Eléctrica,Media,4,3603.92,
OT00807,Solicitud de repuesto,2026-06-08 08:53:50,Tec_07,EQ335,Torno CNC,Planta_B,6,Hidráulica,Media,3,3414.94,
OT00806,Cierre,2026-06-08 08:53:55,Administracion_Mtto,EQ660,Montacargas,Planta_A,10,Mecánica,Baja,3,808.22,
OT00815,Asignación de técnico,2026-06-08 09:08:10,Jefe_Mantenimiento,EQ542,Torno CNC,Planta_A,16,Eléctrica,Media,3,2800.0,
OT00823,Falla reportada,2026-06-08 09:21:34,Operador_09,EQ181,Prensa hidráulica,Planta_B,3,Software,Media,0,4200.0,
OT00736,Reparación,2026-06-08 09:25:31,Tec_02,EQ403,Compresor,Planta_A,13,Eléctrica,Media,4,3266.65,
OT00808,Prueba,2026-06-08 09:28:25,Tec_04,EQ053,Compresor,Planta_A,16,Mecánica,Media,7,1400.0,
OT00694,Reparación,2026-06-08 09:32:30,Tec_03,EQ466,Bomba,Planta_A,18,Mecánica,Alta,3,1947.79,
OT00786,Puesta en operación,2026-06-08 09:33:43,Tec_06,EQ491,Prensa hidráulica,Planta_B,10,Hidráulica,Media,4,3419.14,
OT00809,Prueba fallida,2026-06-08 10:02:46,Tec_05,EQ459,Bomba,Planta_A,15,Mecánica,Baja,0,3555.76,
OT00815,Reparación,2026-06-08 10:21:31,Tec_04,EQ542,Torno CNC,Planta_A,16,Eléctrica,Media,3,2800.0,
OT00821,Diagnóstico,2026-06-08 10:24:54,Tec_B01,EQ663,Compresor,Planta_B,15,Software,Media,2,1128.81,
OT00762,Prueba,2026-06-08 10:37:02,Tec_07,EQ134,Torno CNC,Planta_B,11,Mecánica,Alta,3,4645.65,
OT00822,Reparación,2026-06-08 10:38:44,Tec_07,EQ035,Compresor,Planta_B,8,Mecánica,Alta,4,323.36,
OT00778,Reparación,2026-06-08 10:39:25,Tec_07,EQ293,Montacargas,Planta_B,3,Mecánica,Media,1,3354.64,
OT00808,Puesta en operación,2026-06-08 10:39:58,Tec_04,EQ053,Compresor,Planta_A,16,Mecánica,Media,7,1400.0,
OT00736,Prueba,2026-06-08 10:54:31,Tec_02,EQ403,Compresor,Planta_A,13,Eléctrica,Media,4,3266.65,
OT00762,Puesta en operación,2026-06-08 11:03:41,Tec_07,EQ134,Torno CNC,Planta_B,11,Mecánica,Alta,3,4645.65,
OT00819,Reparación,2026-06-08 11:08:38,Tec_07,EQ400,Montacargas,Planta_B,9,Mecánica,Baja,3,957.62,
OT00694,Prueba,2026-06-08 11:08:47,Tec_03,EQ466,Bomba,Planta_A,18,Mecánica,Alta,3,1947.79,
OT00818,Reparación,2026-06-08 11:09:26,Tec_05,EQ250,Bomba,Planta_A,2,Hidráulica,Media,0,1158.59,
OT00825,Falla reportada,2026-06-08 11:09:45,Operador_06,EQ374,Torno CNC,Planta_A,12,Software,Alta,4,694.31,
OT00824,Diagnóstico,2026-06-08 11:13:40,Tec_05,EQ137,Torno CNC,Planta_A,13,Mecánica,Baja,4,868.46,
OT00768,Cierre,2026-06-08 11:19:41,Administracion_Mtto,EQ339,Montacargas,Planta_B,9,Mecánica,Media,1,3709.76,
OT00820,Reparación,2026-06-08 11:24:13,Tec_06,EQ046,Prensa hidráulica,Planta_B,10,Software,Baja,1,677.0,
OT00822,Prueba,2026-06-08 11:27:08,Tec_07,EQ035,Compresor,Planta_B,8,Mecánica,Alta,4,323.36,
OT00814,Reparación,2026-06-08 11:30:19,Tec_06,EQ265,Compresor,Planta_B,17,Eléctrica,Media,3,1400.0,
OT00776,Reparación,2026-06-08 11:42:49,Tec_06,EQ347,Bomba,Planta_B,15,Hidráulica,Alta,2,3752.03,
OT00721,Prueba,2026-06-08 11:44:50,Tec_01,EQ724,Prensa hidráulica,Planta_A,14,Eléctrica,Media,4,3603.92,
OT00821,Asignación de técnico,2026-06-08 11:56:02,Jefe_Mantenimiento,EQ663,Compresor,Planta_B,15,Software,Media,2,1128.81,
OT00822,Puesta en operación,2026-06-08 12:17:05,Tec_07,EQ035,Compresor,Planta_B,8,Mecánica,Alta,4,323.36,
OT00736,Puesta en operación,2026-06-08 12:31:53,Tec_02,EQ403,Compresor,Planta_A,13,Eléctrica,Media,4,3266.65,
OT00730,Reparación,2026-06-08 12:48:54,Tec_01,EQ488,Prensa hidráulica,Planta_A,7,Hidráulica,Media,5,1845.03,
OT00825,Diagnóstico,2026-06-08 12:51:31,Tec_01,EQ374,Torno CNC,Planta_A,12,Software,Alta,4,694.31,
OT00818,Prueba,2026-06-08 12:55:23,Tec_05,EQ250,Bomba,Planta_A,2,Hidráulica,Media,0,1158.59,
OT00776,Prueba,2026-06-08 12:57:57,Tec_06,EQ347,Bomba,Planta_B,15,Hidráulica,Alta,2,3752.03,
OT00694,Puesta en operación,2026-06-08 13:06:17,Tec_03,EQ466,Bomba,Planta_A,18,Mecánica,Alta,3,1947.79,
OT00820,Prueba,2026-06-08 13:16:10,Tec_06,EQ046,Prensa hidráulica,Planta_B,10,Software,Baja,1,677.0,
OT00721,Puesta en operación,2026-06-08 13:25:30,Tec_01,EQ724,Prensa hidráulica,Planta_A,14,Eléctrica,Media,4,3603.92,
OT00825,Asignación de técnico,2026-06-08 13:26:26,Jefe_Mantenimiento,EQ374,Torno CNC,Planta_A,12,Software,Alta,4,694.31,
OT00824,Asignación de técnico,2026-06-08 13:30:32,Jefe_Mantenimiento,EQ137,Torno CNC,Planta_A,13,Mecánica,Baja,4,868.46,
OT00730,Prueba,2026-06-08 13:38:34,Tec_01,EQ488,Prensa hidráulica,Planta_A,7,Hidráulica,Media,5,1845.03,
OT00815,Prueba fallida,2026-06-08 13:39:12,Tec_04,EQ542,Torno CNC,Planta_A,16,Eléctrica,Media,3,2800.0,
OT00809,Nueva reparación,2026-06-08 13:51:50,Tec_05,EQ459,Bomba,Planta_A,15,Mecánica,Baja,0,3555.76,
OT00776,Puesta en operación,2026-06-08 13:55:45,Tec_06,EQ347,Bomba,Planta_B,15,Hidráulica,Alta,2,3752.03,
OT00818,Puesta en operación,2026-06-08 14:03:15,Tec_05,EQ250,Bomba,Planta_A,2,Hidráulica,Media,0,1158.59,
OT00821,Reparación,2026-06-08 14:30:33,Tec_07,EQ663,Compresor,Planta_B,15,Software,Media,2,1128.81,
OT00820,Puesta en operación,2026-06-08 14:35:53,Tec_06,EQ046,Prensa hidráulica,Planta_B,10,Software,Baja,1,677.0,
OT00800,Cierre,2026-06-08 14:42:54,Administracion_Mtto,EQ320,Torno CNC,Planta_B,16,Software,Media,2,1400.0,
OT00735,Recepción de repuesto,2026-06-08 14:44:12,Bodega,EQ749,Prensa hidráulica,Planta_A,8,Hidráulica,Baja,1,2516.47,
OT00812,Reparación,2026-06-08 14:45:02,Tec_01,EQ681,Torno CNC,Planta_A,13,Mecánica,Alta,3,1400.0,
OT00778,Prueba,2026-06-08 14:59:25,Tec_07,EQ293,Montacargas,Planta_B,3,Mecánica,Media,1,3354.64,
OT00825,Reparación,2026-06-08 15:06:00,Tec_04,EQ374,Torno CNC,Planta_A,12,Software,Alta,4,694.31,
OT00814,Prueba,2026-06-08 15:12:41,Tec_06,EQ265,Compresor,Planta_B,17,Eléctrica,Media,3,1400.0,
OT00819,Prueba,2026-06-08 15:15:14,Tec_07,EQ400,Montacargas,Planta_B,9,Mecánica,Baja,3,957.62,
OT00809,Prueba,2026-06-08 15:19:41,Tec_05,EQ459,Bomba,Planta_A,15,Mecánica,Baja,0,3555.76,
OT00823,Diagnóstico,2026-06-08 15:29:11,Tec_B01,EQ181,Prensa hidráulica,Planta_B,3,Software,Media,0,4200.0,
OT00778,Puesta en operación,2026-06-08 15:42:47,Tec_07,EQ293,Montacargas,Planta_B,3,Mecánica,Media,1,3354.64,
OT00814,Puesta en operación,2026-06-08 15:50:02,Tec_06,EQ265,Compresor,Planta_B,17,Eléctrica,Media,3,1400.0,
OT00815,Nueva reparación,2026-06-08 16:15:27,Tec_04,EQ542,Torno CNC,Planta_A,16,Eléctrica,Media,3,2800.0,
OT00819,Puesta en operación,2026-06-08 16:18:11,Tec_07,EQ400,Montacargas,Planta_B,9,Mecánica,Baja,3,957.62,
OT00825,Prueba,2026-06-08 16:26:56,Tec_04,EQ374,Torno CNC,Planta_A,12,Software,Alta,4,694.31,
OT00809,Puesta en operación,2026-06-08 16:37:39,Tec_05,EQ459,Bomba,Planta_A,15,Mecánica,Baja,0,3555.76,
OT00735,Reparación,2026-06-08 16:55:41,Tec_02,EQ749,Prensa hidráulica,Planta_A,8,Hidráulica,Baja,1,2516.47,
OT00827,Falla reportada,2026-06-08 18:06:27,Operador_12,EQ152,Torno CNC,Planta_A,12,Eléctrica,Alta,4,754.66,
OT00828,Falla reportada,2026-06-08 21:44:53,Operador_03,EQ641,Montacargas,Planta_A,18,Mecánica,Media,6,570.65,
OT00823,Asignación de técnico,2026-06-09 07:00:00,Jefe_Mantenimiento,EQ181,Prensa hidráulica,Planta_B,3,Software,Media,0,4200.0,
OT00824,Reparación,2026-06-09 07:00:00,Tec_03,EQ137,Torno CNC,Planta_A,13,Mecánica,Baja,4,868.46,
OT00825,Puesta en operación,2026-06-09 07:00:00,Tec_04,EQ374,Torno CNC,Planta_A,12,Software,Alta,4,694.31,
OT00821,Prueba,2026-06-09 07:00:00,Tec_07,EQ663,Compresor,Planta_B,15,Software,Media,2,1128.81,
OT00815,Prueba,2026-06-09 07:00:00,Tec_04,EQ542,Torno CNC,Planta_A,16,Eléctrica,Media,3,2800.0,
OT00827,Diagnóstico,2026-06-09 07:00:00,Tec_01,EQ152,Torno CNC,Planta_A,12,Eléctrica,Alta,4,754.66,
OT00828,Diagnóstico,2026-06-09 07:00:00,Tec_03,EQ641,Montacargas,Planta_A,18,Mecánica,Media,6,570.65,
OT00812,Prueba,2026-06-09 07:00:00,Tec_01,EQ681,Torno CNC,Planta_A,13,Mecánica,Alta,3,1400.0,
OT00730,Puesta en operación,2026-06-09 07:00:00,Tec_01,EQ488,Prensa hidráulica,Planta_A,7,Hidráulica,Media,5,1845.03,
OT00730,Puesta en operación,2026-06-09 07:00:00,Tec_01,EQ488,Prensa hidráulica,Planta_A,7,Hidráulica,Media,5,1845.03,
OT00735,Prueba,2026-06-09 07:00:00,Tec_02,EQ749,Prensa hidráulica,Planta_A,8,Hidráulica,Baja,1,2516.47,
OT00826,Recepción de repuesto,2026-06-09 07:18:00,Bodega,EQ392,Montacargas,Planta_A,13,Mecánica,Alta,3,2601.53,
OT00797,Recepción de repuesto,2026-06-09 07:21:00,Bodega,EQ144,Bomba,Planta_A,18,Mecánica,Media,7,6245.8,
OT00828,Asignación de técnico,2026-06-09 07:50:05,Jefe_Mantenimiento,EQ641,Montacargas,Planta_A,18,Mecánica,Media,6,570.65,
OT00827,Asignación de técnico,2026-06-09 07:59:15,Jefe_Mantenimiento,EQ152,Torno CNC,Planta_A,12,Eléctrica,Alta,4,754.66,
OT00735,Puesta en operación,2026-06-09 07:59:23,Tec_02,EQ749,Prensa hidráulica,Planta_A,8,Hidráulica,Baja,1,2516.47,
OT00807,Aprobación de compra,2026-06-09 08:00:00,Gerencia,EQ335,Torno CNC,Planta_B,6,Hidráulica,Media,3,3414.94,
OT00812,Puesta en operación,2026-06-09 08:03:30,Tec_01,EQ681,Torno CNC,Planta_A,13,Mecánica,Alta,3,1400.0,
OT00810,Cierre,2026-06-09 08:08:00,Administracion_Mtto,EQ296,Compresor,Planta_A,12,Mecánica,Media,4,378.1,
OT00824,Prueba,2026-06-09 08:10:05,Tec_03,EQ137,Torno CNC,Planta_A,13,Mecánica,Baja,4,868.46,
OT00794,Cierre,2026-06-09 08:15:00,Administracion_Mtto,EQ496,Compresor,Planta_B,13,Mecánica,Media,0,1286.86,
OT00821,Puesta en operación,2026-06-09 08:24:12,Tec_07,EQ663,Compresor,Planta_B,15,Software,Media,2,1128.81,
OT00815,Puesta en operación,2026-06-09 08:36:55,Tec_04,EQ542,Torno CNC,Planta_A,16,Eléctrica,Media,3,2800.0,
OT00826,Reparación,2026-06-09 08:45:31,Tec_04,EQ392,Montacargas,Planta_A,13,Mecánica,Alta,3,2601.53,
OT00824,Puesta en operación,2026-06-09 09:16:29,Tec_03,EQ137,Torno CNC,Planta_A,13,Mecánica,Baja,4,868.46,
OT00831,Falla reportada,2026-06-09 09:27:23,Operador_07,EQ173,Bomba,Planta_B,10,Mecánica,Alta,6,2466.57,
OT00832,Falla reportada,2026-06-09 09:55:28,Operador_11,EQ662,Torno CNC,Planta_A,8,Eléctrica,Alta,3,2056.92,
OT00826,Prueba,2026-06-09 09:58:38,Tec_04,EQ392,Montacargas,Planta_A,13,Mecánica,Alta,3,2601.53,
OT00797,Reparación,2026-06-09 10:29:24,Tec_01,EQ144,Bomba,Planta_A,18,Mecánica,Media,7,6245.8,
OT00823,Reparación,2026-06-09 10:29:49,Tec_07,EQ181,Prensa hidráulica,Planta_B,3,Software,Media,0,4200.0,
OT00832,Diagnóstico,2026-06-09 10:39:48,Tec_05,EQ662,Torno CNC,Planta_A,8,Eléctrica,Alta,3,2056.92,
OT00829,Falla reportada,2026-06-09 11:00:03,Operador_09,EQ472,Torno CNC,Planta_A,7,Mecánica,Alta,1,699.97,
OT00829,Diagnóstico,2026-06-09 11:20:33,Tec_04,EQ472,Torno CNC,Planta_A,7,Mecánica,Alta,1,699.97,
OT00832,Asignación de técnico,2026-06-09 11:35:10,Jefe_Mantenimiento,EQ662,Torno CNC,Planta_A,8,Eléctrica,Alta,3,2056.92,
OT00830,Falla reportada,2026-06-09 11:37:53,Operador_12,EQ017,Bomba,Planta_A,17,Hidráulica,Media,4,4469.95,
OT00826,Puesta en operación,2026-06-09 11:49:54,Tec_04,EQ392,Montacargas,Planta_A,13,Mecánica,Alta,3,2601.53,
OT00827,Reparación,2026-06-09 11:52:52,Tec_01,EQ152,Torno CNC,Planta_A,12,Eléctrica,Alta,4,754.66,
OT00828,Reparación,2026-06-09 11:57:33,Tec_02,EQ641,Montacargas,Planta_A,18,Mecánica,Media,6,570.65,
OT00832,Solicitud de repuesto,2026-06-09 12:05:11,Tec_03,EQ662,Torno CNC,Planta_A,8,Eléctrica,Alta,3,2056.92,
OT00829,Asignación de técnico,2026-06-09 12:38:12,Jefe_Mantenimiento,EQ472,Torno CNC,Planta_A,7,Mecánica,Alta,1,699.97,
OT00823,Prueba fallida,2026-06-09 13:00:57,Tec_07,EQ181,Prensa hidráulica,Planta_B,3,Software,Media,0,4200.0,
OT00828,Prueba,2026-06-09 13:39:45,Tec_02,EQ641,Montacargas,Planta_A,18,Mecánica,Media,6,570.65,
OT00828,Puesta en operación,2026-06-09 14:03:09,Tec_02,EQ641,Montacargas,Planta_A,18,Mecánica,Media,6,570.65,
OT00830,Diagnóstico,2026-06-09 14:06:15,Tec_01,EQ017,Bomba,Planta_A,17,Hidráulica,Media,4,4469.95,
OT00829,Reparación,2026-06-09 14:26:14,Tec_03,EQ472,Torno CNC,Planta_A,7,Mecánica,Alta,1,699.97,
OT00827,Prueba,2026-06-09 14:41:39,Tec_01,EQ152,Torno CNC,Planta_A,12,Eléctrica,Alta,4,754.66,
OT00830,Asignación de técnico,2026-06-09 14:42:12,Jefe_Mantenimiento,EQ017,Bomba,Planta_A,17,Hidráulica,Media,4,4469.95,
OT00797,Prueba fallida,2026-06-09 15:04:21,Tec_01,EQ144,Bomba,Planta_A,18,Mecánica,Media,7,6245.8,
OT00830,Solicitud de repuesto,2026-06-09 15:12:13,Tec_02,EQ017,Bomba,Planta_A,17,Hidráulica,Media,4,4469.95,
OT00823,Nueva reparación,2026-06-09 15:30:24,Tec_07,EQ181,Prensa hidráulica,Planta_B,3,Software,Media,0,4200.0,
OT00827,Puesta en operación,2026-06-09 15:40:09,Tec_01,EQ152,Torno CNC,Planta_A,12,Eléctrica,Alta,4,754.66,
OT00786,Cierre,2026-06-09 15:46:32,Administracion_Mtto,EQ491,Prensa hidráulica,Planta_B,10,Hidráulica,Media,4,3419.14,
OT00829,Prueba,2026-06-09 15:56:59,Tec_03,EQ472,Torno CNC,Planta_A,7,Mecánica,Alta,1,699.97,
OT00831,Diagnóstico,2026-06-09 16:23:05,Tec_B01,EQ173,Bomba,Planta_B,10,Mecánica,Alta,6,2466.57,
OT00823,Prueba fallida,2026-06-09 16:54:48,Tec_07,EQ181,Prensa hidráulica,Planta_B,3,Software,Media,0,4200.0,
OT00834,Falla reportada,2026-06-10 05:01:37,Operador_06,EQ654,Montacargas,Planta_A,3,Hidráulica,Baja,1,328.12,
OT00817,Recepción de repuesto,2026-06-10 07:00:00,Bodega,EQ434,Compresor,Planta_B,10,Mecánica,Media,0,3202.93,
OT00831,Asignación de técnico,2026-06-10 07:00:00,Jefe_Mantenimiento,EQ173,Bomba,Planta_B,10,Mecánica,Alta,6,2466.57,
OT00829,Puesta en operación,2026-06-10 07:00:00,Tec_03,EQ472,Torno CNC,Planta_A,7,Mecánica,Alta,1,699.97,
OT00823,Nueva reparación,2026-06-10 07:00:00,Tec_07,EQ181,Prensa hidráulica,Planta_B,3,Software,Media,0,4200.0,
OT00797,Nueva reparación,2026-06-10 07:00:00,Tec_01,EQ144,Bomba,Planta_A,18,Mecánica,Media,7,6245.8,
OT00792,Recepción de repuesto,2026-06-10 07:00:00,Bodega,EQ542,Torno CNC,Planta_A,16,Mecánica,Baja,2,1474.01,
OT00831,Solicitud de repuesto,2026-06-10 07:30:01,Tec_07,EQ173,Bomba,Planta_B,10,Mecánica,Alta,6,2466.57,
OT00735,Cierre,2026-06-10 08:00:00,Administracion_Mtto,EQ749,Prensa hidráulica,Planta_A,8,Hidráulica,Baja,1,2516.47,
OT00788,Cierre,2026-06-10 08:01:00,Administracion_Mtto,EQ350,Torno CNC,Planta_B,16,Mecánica,Media,4,543.73,
OT00808,Cierre,2026-06-10 08:03:00,Administracion_Mtto,EQ053,Compresor,Planta_A,16,Mecánica,Media,7,1400.0,
OT00777,Cierre,2026-06-10 08:05:00,Administracion_Mtto,EQ430,Compresor,Planta_A,13,Eléctrica,Baja,0,3129.22,
OT00819,Cierre,2026-06-10 08:07:00,Administracion_Mtto,EQ400,Montacargas,Planta_B,9,Mecánica,Baja,3,957.62,
OT00834,Diagnóstico,2026-06-10 08:11:16,Tec_04,EQ654,Montacargas,Planta_A,3,Hidráulica,Baja,1,328.12,
OT00791,Cierre,2026-06-10 08:16:00,Administracion_Mtto,EQ062,Prensa hidráulica,Planta_A,1,Software,Alta,0,977.81,
OT00736,Cierre,2026-06-10 08:19:00,Administracion_Mtto,EQ403,Compresor,Planta_A,13,Eléctrica,Media,4,3266.65,
OT00834,Asignación de técnico,2026-06-10 08:47:06,Jefe_Mantenimiento,EQ654,Montacargas,Planta_A,3,Hidráulica,Baja,1,328.12,
OT00823,Prueba,2026-06-10 10:21:25,Tec_07,EQ181,Prensa hidráulica,Planta_B,3,Software,Media,0,4200.0,
OT00797,Prueba,2026-06-10 10:33:26,Tec_01,EQ144,Bomba,Planta_A,18,Mecánica,Media,7,6245.8,
OT00823,Puesta en operación,2026-06-10 10:58:55,Tec_07,EQ181,Prensa hidráulica,Planta_B,3,Software,Media,0,4200.0,
OT00817,Reparación,2026-06-10 11:03:59,Tec_07,EQ434,Compresor,Planta_B,10,Mecánica,Media,0,3202.93,
OT00834,Reparación,2026-06-10 11:13:49,Tec_03,EQ654,Montacargas,Planta_A,3,Hidráulica,Baja,1,328.12,
OT00797,Puesta en operación,2026-06-10 11:19:07,Tec_01,EQ144,Bomba,Planta_A,18,Mecánica,Media,7,6245.8,
OT00792,Reparación,2026-06-10 11:33:48,Tec_02,EQ542,Torno CNC,Planta_A,16,Mecánica,Baja,2,1474.01,
OT00833,Falla reportada ,2026-06-10 12:04:47,Operador_03,EQ100,Bomba,Planta_B,13,Mecánica,Alta,4,687.57,
OT00817,Prueba fallida,2026-06-10 12:52:46,Tec_07,EQ434,Compresor,Planta_B,10,Mecánica,Media,0,3202.93,
OT00834,Prueba,2026-06-10 13:17:44,Tec_03,EQ654,Montacargas,Planta_A,3,Hidráulica,Baja,1,328.12,
OT00833,Diagnóstico,2026-06-10 13:17:57,Tec_B01,EQ100,Bomba,Planta_B,13,Mecánica,Alta,4,687.57,
OT00833,Asignación de técnico,2026-06-10 13:48:22,Jefe_Mantenimiento,EQ100,Bomba,Planta_B,13,Mecánica,Alta,4,687.57,
OT00792,Prueba,2026-06-10 13:58:03,Tec_02,EQ542,Torno CNC,Planta_A,16,Mecánica,Baja,2,1474.01,
OT00834,Puesta en operación,2026-06-10 14:24:06,Tec_03,EQ654,Montacargas,Planta_A,3,Hidráulica,Baja,1,328.12,
OT00792,Puesta en operación,2026-06-10 15:03:22,Tec_02,EQ542,Torno CNC,Planta_A,16,Mecánica,Baja,2,1474.01,
OT00817,Nueva reparación,2026-06-10 16:30:29,Tec_07,EQ434,Compresor,Planta_B,10,Mecánica,Media,0,3202.93,
OT00833,Reparación,2026-06-10 16:53:08,Tec_07,EQ100,Bomba,Planta_B,13,Mecánica,Alta,4,687.57,
OT00812,Cierre,2026-06-10 16:56:45,Administracion_Mtto,EQ681,Torno CNC,Planta_A,13,Mecánica,Alta,3,1400.0,
OT00836,Falla reportada,2026-06-11 06:43:10,Operador_08,EQ599,Compresor,Planta_A,8,Mecánica,Media,4,849.82,
OT00755,Recepción de repuesto,2026-06-11 07:00:00,Bodega,EQ089,Prensa hidráulica,Planta_A,9,Hidráulica,Baja,3,1828.95,
OT00833,Prueba,2026-06-11 07:00:00,Tec_07,EQ100,Bomba,Planta_B,13,Mecánica,Alta,4,687.57,
OT00817,Prueba,2026-06-11 07:00:00,Tec_07,EQ434,Compresor,Planta_B,10,Mecánica,Media,0,3202.93,
OT00767,Recepción de repuesto,2026-06-11 07:23:00,Bodega,EQ726,Montacargas,Planta_B,14,Eléctrica,Media,4,4827.08,
OT00833,Puesta en operacion,2026-06-11 07:43:29,Tec_07,EQ100,Bomba,Planta_B,13,Mecánica,Alta,4,687.57,
OT00818,Cierre,2026-06-11 08:00:00,Administracion_Mtto,EQ250,Bomba,Planta_A,2,Hidráulica,Media,0,1158.59,
OT00822,Cierre,2026-06-11 08:00:00,Administracion_Mtto,EQ035,Compresor,Planta_B,8,Mecánica,Alta,4,323.36,
OT00803,Cierre,2026-06-11 08:00:00,Administracion_Mtto,EQ087,Bomba,Planta_B,5,Hidráulica,Baja,4,1336.25,
OT00826,Cierre,2026-06-11 08:00:00,Administracion_Mtto,EQ392,Montacargas,Planta_A,13,Mecánica,Alta,3,2601.53,
OT00817,Puesta en operación,2026-06-11 08:00:18,Tec_07,EQ434,Compresor,Planta_B,10,Mecánica,Media,0,3202.93,
OT00836,Diagnóstico,2026-06-11 08:16:22,Tec_05,EQ599,Compresor,Planta_A,8,Mecánica,Media,4,849.82,
OT00809,Cierre,2026-06-11 08:18:00,Administracion_Mtto,EQ459,Bomba,Planta_A,15,Mecánica,Baja,0,3555.76,
OT00838,Falla reportada,2026-06-11 08:59:50,Operador_03,EQ216,Bomba,Planta_A,14,Mecánica,Media,1,1726.14,
OT00831,Recepción de repuesto,2026-06-11 09:24:38,Bodega,EQ173,Bomba,Planta_B,10,Mecánica,Alta,6,2466.57,
OT00836,Asignación de técnico,2026-06-11 09:31:51,Jefe_Mantenimiento,EQ599,Compresor,Planta_A,8,Mecánica,Media,4,849.82,
OT00755,Reparación,2026-06-11 10:49:18,Tec_03,EQ089,Prensa hidráulica,Planta_A,9,Hidráulica,Baja,3,1828.95,
OT00838,Diagnóstico,2026-06-11 10:56:19,Tec_04,EQ216,Bomba,Planta_A,14,Mecánica,Media,1,1726.14,
OT00838,Asignación de técnico,2026-06-11 11:25:51,Jefe_Mantenimiento,EQ216,Bomba,Planta_A,14,Mecánica,Media,1,1726.14,
OT00839,Falla reportada,2026-06-11 11:48:16,Operador_09,EQ290,Prensa hidráulica,Planta_A,6,Eléctrica,Media,2,1621.91,
OT00838,Solicitud de repuesto,2026-06-11 11:55:52,Tec_05,EQ216,Bomba,Planta_A,14,Mecánica,Media,1,1726.14,
OT00755,Prueba,2026-06-11 12:07:32,Tec_03,EQ089,Prensa hidráulica,Planta_A,9,Hidráulica,Baja,3,1828.95,
OT00831,Reparación,2026-06-11 12:07:43,Tec_07,EQ173,Bomba,Planta_B,10,Mecánica,Alta,6,2466.57,
OT00828,Cierre,2026-06-11 12:20:37,Administracion_Mtto,EQ641,Montacargas,Planta_A,18,Mecánica,Media,6,570.65,
OT00767,Reparación,2026-06-11 12:31:01,Tec_06,EQ726,Montacargas,Planta_B,14,Eléctrica,Media,4,4827.08,
OT00836,Reparación,2026-06-11 12:45:03,Tec_01,EQ599,Compresor,Planta_A,8,Mecánica,Media,4,849.82,
OT00831,Prueba,2026-06-11 12:50:22,Tec_07,EQ173,Bomba,Planta_B,10,Mecánica,Alta,6,2466.57,
OT00767,Prueba fallida,2026-06-11 13:01:03,Tec_06,EQ726,Montacargas,Planta_B,14,Eléctrica,Media,4,4827.08,
OT00755,Puesta en operación,2026-06-11 13:16:02,Tec_03,EQ089,Prensa hidráulica,Planta_A,9,Hidráulica,Baja,3,1828.95,
OT00839,Diagnóstico,2026-06-11 14:36:21,Tec_01,EQ290,Prensa hidráulica,Planta_A,6,Eléctrica,Media,2,1621.91,
OT00839,Asignación de técnico,2026-06-11 15:09:54,Jefe_Mantenimiento,EQ290,Prensa hidráulica,Planta_A,6,Eléctrica,Media,2,1621.91,
OT00837,Falla reportada,2026-06-11 15:10:57,Operador_12,EQ042,Montacargas,Planta_B,15,Mecánica,Alta,0,856.04,
OT00831,Puesta en operación,2026-06-11 15:14:06,Tec_07,EQ173,Bomba,Planta_B,10,Mecánica,Alta,6,2466.57,
OT00839,Solicitud de repuesto,2026-06-11 15:39:55,Tec_03,EQ290,Prensa hidráulica,Planta_A,6,Eléctrica,Media,2,1621.91,
OT00767,Nueva reparación,2026-06-11 16:37:27,Tec_06,EQ726,Montacargas,Planta_B,14,Eléctrica,Media,4,4827.08,
OT00836,Prueba,2026-06-11 16:58:14,Tec_01,EQ599,Compresor,Planta_A,8,Mecánica,Media,4,849.82,
OT00835,Falla reportada,2026-06-11 22:01:12,Operador_04,EQ416,Torno CNC,Planta_B,11,Hidráulica,Alta,1,3087.95,
OT00842,Falla reportada,2026-06-12 00:22:21,Operador_10,EQ721,Torno CNC,Planta_B,12,Hidráulica,Media,2,2800.0,
OT00844,Falla reportada,2026-06-12 03:32:34,Operador_01,EQ523,Torno CNC,Planta_B,15,Hidráulica,Media,4,1848.19,
OT00845,Falla reportada,2026-06-12 04:26:07,Operador_03,EQ086,Prensa hidráulica,Planta_B,10,Software,Baja,4,1400.0,
OT00837,Diagnóstico,2026-06-12 07:00:00,Tec_B01,EQ042,Montacargas,Planta_B,15,Mecánica,Alta,0,856.04,
OT00836,puesta en operación,2026-06-12 07:00:00,Tec_01,EQ599,Compresor,Planta_A,8,Mecánica,Media,4,849.82,
OT00767,Prueba fallida,2026-06-12 07:00:00,Tec_06,EQ726,Montacargas,Planta_B,14,Eléctrica,Media,4,4827.08,
OT00835,Diagnóstico,2026-06-12 07:15:00,Tec_B01,EQ416,Torno CNC,Planta_B,11,Hidráulica,Alta,1,3087.95,
OT00840,Falla reportada,2026-06-12 07:17:30,Operador_08,EQ655,Torno CNC,Planta_B,6,Hidráulica,Media,3,3449.14,
OT00776,Cierre,2026-06-12 08:00:00,Administracion_Mtto,EQ347,Bomba,Planta_B,15,Hidráulica,Alta,2,3752.03,
OT00730,Cierre,2026-06-12 08:00:00,Administracion_Mtto,EQ488,Prensa hidráulica,Planta_A,7,Hidráulica,Media,5,1845.03,
OT00816,Aprobación de compra,2026-06-12 08:05:00,Gerencia,EQ167,Compresor,Planta_A,11,Hidráulica,Alta,1,4025.01,
OT00837,Asignación de técnico,2026-06-12 08:17:24,Jefe_Mantenimiento,EQ042,Montacargas,Planta_B,15,Mecánica,Alta,0,856.04,
OT00820,Cierre,2026-06-12 08:20:00,Administracion_Mtto,EQ046,Prensa hidráulica,Planta_B,10,Software,Baja,1,677.0,
OT00762,Cierre,2026-06-12 08:27:00,Administracion_Mtto,EQ134,Torno CNC,Planta_B,11,Mecánica,Alta,3,4645.65,
OT00835,Asignación de técnico,2026-06-12 08:50:24,Jefe_Mantenimiento,EQ416,Torno CNC,Planta_B,11,Hidráulica,Alta,1,3087.95,
OT00835,Solicitud de repuesto,2026-06-12 09:20:25,Tec_06,EQ416,Torno CNC,Planta_B,11,Hidráulica,Alta,1,3087.95,
OT00825,Cierre,2026-06-12 09:32:48,Administracion_Mtto,EQ374,Torno CNC,Planta_A,12,Software,Alta,4,694.31,
OT00840,Diagnóstico,2026-06-12 09:34:37,Tec_B01,EQ655,Torno CNC,Planta_B,6,Hidráulica,Media,3,3449.14,
OT00844,Diagnóstico,2026-06-12 10:13:06,Tec_B01,EQ523,Torno CNC,Planta_B,15,Hidráulica,Media,4,1848.19,
OT00840,Asignación de técnico,2026-06-12 10:41:33,Jefe_Mantenimiento,EQ655,Torno CNC,Planta_B,6,Hidráulica,Media,3,3449.14,
OT00845,Diagnóstico,2026-06-12 11:00:35,Tec_B01,EQ086,Prensa hidráulica,Planta_B,10,Software,Baja,4,1400.0,
OT00815,Cierre,2026-06-12 11:11:10,Administracion_Mtto,EQ542,Torno CNC,Planta_A,16,Eléctrica,Media,3,2800.0,
OT00840,Solicitud de repuesto,2026-06-12 11:11:34,Tec_06,EQ655,Torno CNC,Planta_B,6,Hidráulica,Media,3,3449.14,
OT00844,Asignación de técnico,2026-06-12 11:22:33,Jefe_Mantenimiento,EQ523,Torno CNC,Planta_B,15,Hidráulica,Media,4,1848.19,
OT00843,Falla reportada,2026-06-12 11:41:47,Operador_07,EQ407,Torno CNC,Planta_B,17,Hidráulica,Alta,2,3013.63,
OT00844,Solicitud de repuesto,2026-06-12 11:52:34,Tec_06,EQ523,Torno CNC,Planta_B,15,Hidráulica,Media,4,1848.19,
OT00837,Reparación,2026-06-12 12:08:35,Tec_06,EQ042,Montacargas,Planta_B,15,Mecánica,Alta,0,856.04,
OT00813,Aprobación de compra,2026-06-12 12:58:14,Gerencia,EQ688,Montacargas,Planta_A,18,Eléctrica,Baja,2,4541.59,
OT00827,cierre,2026-06-12 13:06:12,Administracion_Mtto,EQ152,Torno CNC,Planta_A,12,Eléctrica,Alta,4,754.66,
OT00845,Asignación de técnico,2026-06-12 13:42:59,Jefe_Mantenimiento,EQ086,Prensa hidráulica,Planta_B,10,Software,Baja,4,1400.0,
OT00767,Nueva reparación,2026-06-12 13:56:46,Tec_06,EQ726,Montacargas,Planta_B,14,Eléctrica,Media,4,4827.08,
OT00837,Prueba,2026-06-12 15:03:57,Tec_06,EQ042,Montacargas,Planta_B,15,Mecánica,Alta,0,856.04,
OT00837,Puesta en operación,2026-06-12 15:38:26,Tec_06,EQ042,Montacargas,Planta_B,15,Mecánica,Alta,0,856.04,
OT00843,Diagnóstico,2026-06-12 15:48:04,Tec_B01,EQ407,Torno CNC,Planta_B,17,Hidráulica,Alta,2,3013.63,
OT00767,Prueba,2026-06-12 15:54:08,Tec_06,EQ726,Montacargas,Planta_B,14,Eléctrica,Media,4,4827.08,
OT00845,Reparación,2026-06-12 15:54:59,Tec_07,EQ086,Prensa hidráulica,Planta_B,10,Software,Baja,4,1400.0,
OT00843,Asignación de técnico,2026-06-12 16:23:40,Jefe_Mantenimiento,EQ407,Torno CNC,Planta_B,17,Hidráulica,Alta,2,3013.63,
OT00845,Prueba,2026-06-12 16:27:27,Tec_07,EQ086,Prensa hidráulica,Planta_B,10,Software,Baja,4,1400.0,
OT00767,Puesta en operación,2026-06-12 16:28:10,Tec_06,EQ726,Montacargas,Planta_B,14,Eléctrica,Media,4,4827.08,
OT00843,Solicitud de repuesto,2026-06-12 16:53:41,Tec_07,EQ407,Torno CNC,Planta_B,17,Hidráulica,Alta,2,3013.63,
OT00846,Falla reportada,2026-06-12 19:13:01,Operador_08,EQ545,Bomba,Planta_A,8,Mecánica,Media,1,1400.0,
OT00847,Falla reportada,2026-06-12 23:25:58,Operador_09,EQ457,Torno CNC,Planta_B,17,Software,Baja,2,1400.0,
OT00841,Falla reportada,2026-06-12 23:41:03,Operador_04,EQ026,Bomba,Planta_A,18,Eléctrica,Baja,2,2800.0,
OT00848,Falla reportada,2026-06-13 02:54:27,Operador_10,EQ412,Compresor,Planta_A,11,Mecánica,Alta,1,1400.0,
OT00853,Falla reportada,2026-06-13 07:34:18,Operador_04,EQ028,Montacargas,Planta_A,8,Hidráulica,Media,2,1400.0,
OT00851,Falla reportada,2026-06-13 08:13:10,Operador_04,EQ073,Prensa hidráulica,Planta_A,11,Eléctrica,Media,7,4200.0,
OT00854,Falla reportada,2026-06-13 08:46:37,Operador_02,EQ251,Montacargas,Planta_A,6,Mecánica,Alta,1,1400.0,
OT00849,Falla reportada,2026-06-13 12:11:46,Operador_09,EQ363,Bomba,Planta_A,12,Software,Media,1,2208.02,
OT00850,Falla reportada,2026-06-13 14:10:42,Operador_04,EQ530,Montacargas,Planta_B,18,Software,Media,3,5600.0,
OT00852,Falla reportada,2026-06-13 20:59:20,Operador_05,EQ735,Bomba,Planta_A,15,Eléctrica,Media,4,3557.02,
OT00858,Falla reportada,2026-06-14 04:31:00,Operador_07,EQ396,Bomba,Planta_B,16,Mecánica,Media,2,1097.98,
OT00859,Falla reportada,2026-06-14 06:21:06,Operador_08,EQ257,Torno CNC,Planta_A,13,Eléctrica,Baja,4,3283.07,
OT00860,Falla reportada ,2026-06-14 09:35:45,Operador_01,EQ352,Torno CNC,Planta_A,18,Mecánica,Alta,4,2800.0,
OT00856,Falla reportada,2026-06-14 09:52:09,Operador_11,EQ520,Torno CNC,Planta_B,13,Mecánica,Media,2,1400.0,
OT00857,Falla reportada,2026-06-14 12:32:18,Operador_06,EQ468,Compresor,Planta_B,3,Mecánica,Baja,1,891.36,
OT00855,Falla reportada,2026-06-14 21:17:37,Operador_02,EQ684,Montacargas,Planta_A,13,Hidráulica,Media,4,644.46,
OT00862,Falla reportada,2026-06-15 04:25:10,Operador_11,EQ207,Bomba,Planta_A,3,Hidráulica,Media,0,2041.27,
OT00857,Diagnóstico,2026-06-15 07:00:00,Tec_B01,EQ468,Compresor,Planta_B,3,Mecánica,Baja,1,891.36,
OT00851,Diagnóstico,2026-06-15 07:00:00,Tec_04,EQ073,Prensa hidráulica,Planta_A,11,Eléctrica,Media,7,4200.0,
OT00852,Diagnóstico,2026-06-15 07:00:00,Tec_05,EQ735,Bomba,Planta_A,15,Eléctrica,Media,4,3557.02,
OT00860,Diagnóstico,2026-06-15 07:00:00,Tec_03,EQ352,Torno CNC,Planta_A,18,Mecánica,Alta,4,2800.0,
OT00798,Recepción de repuesto,2026-06-15 07:00:00,Bodega,EQ218,Bomba,Planta_A,14,Hidráulica,Baja,1,2034.54,
OT00856,Diagnóstico,2026-06-15 07:00:00,Tec_B01,EQ520,Torno CNC,Planta_B,13,Mecánica,Media,2,1400.0,
OT00850,Diagnóstico,2026-06-15 07:00:00,Tec_B01,EQ530,Montacargas,Planta_B,18,Software,Media,3,5600.0,
OT00853,Diagnóstico,2026-06-15 07:00:00,Tec_02,EQ028,Montacargas,Planta_A,8,Hidráulica,Media,2,1400.0,
OT00854,Diagnóstico,2026-06-15 07:00:00,Tec_04,EQ251,Montacargas,Planta_A,6,Mecánica,Alta,1,1400.0,
OT00858,Diagnóstico,2026-06-15 07:00:00,Tec_B01,EQ396,Bomba,Planta_B,16,Mecánica,Media,2,1097.98,
OT00796,Recepción de repuesto,2026-06-15 07:00:00,Bodega,EQ665,Bomba,Planta_A,11,Mecánica,Alta,1,7069.91,
OT00813,Recepción de repuesto,2026-06-15 07:00:00,Bodega,EQ688,Montacargas,Planta_A,18,Eléctrica,Baja,2,4541.59,
OT00859,Diagnóstico,2026-06-15 07:00:00,Tec_04,EQ257,Torno CNC,Planta_A,13,Eléctrica,Baja,4,3283.07,
OT00847,Diagnóstico,2026-06-15 07:00:00,Tec_B01,EQ457,Torno CNC,Planta_B,17,Software,Baja,2,1400.0,
OT00846,Diagnóstico,2026-06-15 07:00:00,Tec_05,EQ545,Bomba,Planta_A,8,Mecánica,Media,1,1400.0,
OT00845,Puesta en operación,2026-06-15 07:00:00,Tec_07,EQ086,Prensa hidráulica,Planta_B,10,Software,Baja,4,1400.0,
OT00842,Diagnóstico,2026-06-15 07:00:00,Tec_B01,EQ721,Torno CNC,Planta_B,12,Hidráulica,Media,2,2800.0,
OT00848,Diagnóstico,2026-06-15 07:00:00,Tec_05,EQ412,Compresor,Planta_A,11,Mecánica,Alta,1,1400.0,
OT00855,Diagnóstico,2026-06-15 07:00:00,Tec_01,EQ684,Montacargas,Planta_A,13,Hidráulica,Media,4,644.46,
OT00849,Diagnóstico,2026-06-15 07:00:00,Tec_05,EQ363,Bomba,Planta_A,12,Software,Media,1,2208.02,
OT00844,Recepción de repuesto,2026-06-15 07:00:00,Bodega,EQ523,Torno CNC,Planta_B,15,Hidráulica,Media,4,1848.19,
OT00816,Recepción de repuesto,2026-06-15 07:00:00,Bodega,EQ167,Compresor,Planta_A,11,Hidráulica,Alta,1,4025.01,
OT00841,Diagnóstico,2026-06-15 07:00:00,Tec_05,EQ026,Bomba,Planta_A,18,Eléctrica,Baja,2,2800.0,
OT00802,Recepción de repuesto,2026-06-15 07:00:00,Bodega,EQ137,Torno CNC,Planta_A,13,Hidráulica,Media,3,1669.64,
OT00835,Recepción de repuesto,2026-06-15 07:00:00,Bodega,EQ416,Torno CNC,Planta_B,11,Hidráulica,Alta,1,3087.95,
OT00862,Diagnóstico,2026-06-15 07:02:39,Tec_01,EQ207,Bomba,Planta_A,3,Hidráulica,Media,0,2041.27,
OT00853,Asignación de técnico,2026-06-15 07:15:56,Jefe_Mantenimiento,EQ028,Montacargas,Planta_A,8,Hidráulica,Media,2,1400.0,
OT00850,Asignación de técnico,2026-06-15 07:29:08,Jefe_Mantenimiento,EQ530,Montacargas,Planta_B,18,Software,Media,3,5600.0,
OT00848,Asignación de técnico,2026-06-15 07:39:07,Jefe_Mantenimiento,EQ412,Compresor,Planta_A,11,Mecánica,Alta,1,1400.0,
OT00860,Asignación de técnico,2026-06-15 07:41:03,Jefe_Mantenimiento,EQ352,Torno CNC,Planta_A,18,Mecánica,Alta,4,2800.0,
OT00858,asignación de técnico,2026-06-15 07:49:13,Jefe_Mantenimiento,EQ396,Bomba,Planta_B,16,Mecánica,Media,2,1097.98,
OT00852,Asignación de técnico,2026-06-15 07:49:19,Jefe_Mantenimiento,EQ735,Bomba,Planta_A,15,Eléctrica,Media,4,3557.02,
OT00857,Asignación de técnico,2026-06-15 07:50:50,Jefe_Mantenimiento,EQ468,Compresor,Planta_B,3,Mecánica,Baja,1,891.36,
OT00847,Asignación de técnico,2026-06-15 07:53:28,Jefe_Mantenimiento,EQ457,Torno CNC,Planta_B,17,Software,Baja,2,1400.0,
OT00859,Asignación de técnico,2026-06-15 07:55:12,Jefe_Mantenimiento,EQ257,Torno CNC,Planta_A,13,Eléctrica,Baja,4,3283.07,
OT00856,Asignación de técnico,2026-06-15 07:55:17,Jefe_Mantenimiento,EQ520,Torno CNC,Planta_B,13,Mecánica,Media,2,1400.0,
OT00846,Asignación de técnico,2026-06-15 07:58:35,Jefe_Mantenimiento,EQ545,Bomba,Planta_A,8,Mecánica,Media,1,1400.0,
OT00792,Cierre,2026-06-15 08:00:00,Administracion_Mtto,EQ542,Torno CNC,Planta_A,16,Mecánica,Baja,2,1474.01,
OT00781,Cierre,2026-06-15 08:00:00,Administracion_Mtto,EQ017,Bomba,Planta_A,17,Eléctrica,Media,3,5600.0,
OT00804,Cierre,2026-06-15 08:00:00,Administracion_Mtto,EQ127,Montacargas,Planta_A,11,Eléctrica,Alta,0,380.35,
OT00831,Cierre,2026-06-15 08:00:00,Administracion_Mtto,EQ173,Bomba,Planta_B,10,Mecánica,Alta,6,2466.57,
OT00833,Cierre,2026-06-15 08:00:00,Administracion_Mtto,EQ100,Bomba,Planta_B,13,Mecánica,Alta,4,687.57,
OT00837,Cierre,2026-06-15 08:00:00,Administracion_Mtto,EQ042,Montacargas,Planta_B,15,Mecánica,Alta,0,856.04,
OT00821,Cierre,2026-06-15 08:00:00,Administracion_Mtto,EQ663,Compresor,Planta_B,15,Software,Media,2,1128.81,
OT00767,Cierre,2026-06-15 08:00:00,Administracion_Mtto,EQ726,Montacargas,Planta_B,14,Eléctrica,Media,4,4827.08,
OT00694,Cierre,2026-06-15 08:00:00,Administracion_Mtto,EQ466,Bomba,Planta_A,18,Mecánica,Alta,3,1947.79,
OT00764,Cierre,2026-06-15 08:00:00,Administracion_Mtto,EQ087,Bomba,Planta_B,5,Mecánica,Alta,3,2534.67,
OT00814,Cierre,2026-06-15 08:00:00,Administracion_Mtto,EQ265,Compresor,Planta_B,17,Eléctrica,Media,3,1400.0,
OT00830,Aprobación de compra,2026-06-15 08:00:00,Gerencia,EQ017,Bomba,Planta_A,17,Hidráulica,Media,4,4469.95,
OT00721,Cierre,2026-06-15 08:00:00,Administracion_Mtto,EQ724,Prensa hidráulica,Planta_A,14,Eléctrica,Media,4,3603.92,
OT00829,Cierre,2026-06-15 08:00:00,Administracion_Mtto,EQ472,Torno CNC,Planta_A,7,Mecánica,Alta,1,699.97,
OT00797,Cierre,2026-06-15 08:00:00,Administracion_Mtto,EQ144,Bomba,Planta_A,18,Mecánica,Media,7,6245.8,
OT00834,Cierre,2026-06-15 08:05:00,Administracion_Mtto,EQ654,Montacargas,Planta_A,3,Hidráulica,Baja,1,328.12,
OT00842,Asignación de técnico,2026-06-15 08:06:15,Jefe_Mantenimiento,EQ721,Torno CNC,Planta_B,12,Hidráulica,Media,2,2800.0,
OT00854,Asignación de técnico,2026-06-15 08:11:00,Jefe_Mantenimiento,EQ251,Montacargas,Planta_A,6,Mecánica,Alta,1,1400.0,
OT00849,Asignación de técnico,2026-06-15 08:16:49,Jefe_Mantenimiento,EQ363,Bomba,Planta_A,12,Software,Media,1,2208.02,
OT00862,Asignación de técnico,2026-06-15 08:17:16,Jefe_Mantenimiento,EQ207,Bomba,Planta_A,3,Hidráulica,Media,0,2041.27,
OT00852,Solicitud de repuesto,2026-06-15 08:19:20,Tec_03,EQ735,Bomba,Planta_A,15,Eléctrica,Media,4,3557.02,
OT00859,Solicitud de repuesto,2026-06-15 08:25:13,Tec_01,EQ257,Torno CNC,Planta_A,13,Eléctrica,Baja,4,3283.07,
OT00851,Asignación de técnico,2026-06-15 08:28:33,Jefe_Mantenimiento,EQ073,Prensa hidráulica,Planta_A,11,Eléctrica,Media,7,4200.0,
OT00755,Cierre,2026-06-15 08:29:00,Administracion_Mtto,EQ089,Prensa hidráulica,Planta_A,9,Hidráulica,Baja,3,1828.95,
OT00849,Solicitud de repuesto,2026-06-15 08:46:50,Tec_03,EQ363,Bomba,Planta_A,12,Software,Media,1,2208.02,
OT00796,Reparación,2026-06-15 08:52:49,Tec_05,EQ665,Bomba,Planta_A,11,Mecánica,Alta,1,7069.91,
OT00841,Asignación de técnico,2026-06-15 09:21:23,Jefe_Mantenimiento,EQ026,Bomba,Planta_A,18,Eléctrica,Baja,2,2800.0,
OT00842,Reparación,2026-06-15 09:21:46,Tec_07,EQ721,Torno CNC,Planta_B,12,Hidráulica,Media,2,2800.0,
OT00813,Reparación,2026-06-15 09:50:56,Tec_04,EQ688,Montacargas,Planta_A,18,Eléctrica,Baja,2,4541.59,
OT00855,Asignación de técnico,2026-06-15 09:55:46,Jefe_Mantenimiento,EQ684,Montacargas,Planta_A,13,Hidráulica,Media,4,644.46,
OT00858,Reparación,2026-06-15 10:07:20,Tec_07,EQ396,Bomba,Planta_B,16,Mecánica,Media,2,1097.98,
OT00802,Reparación,2026-06-15 10:09:47,Tec_04,EQ137,Torno CNC,Planta_A,13,Hidráulica,Media,3,1669.64,
OT00796,Prueba fallida,2026-06-15 10:29:04,Tec_05,EQ665,Bomba,Planta_A,11,Mecánica,Alta,1,7069.91,
OT00854,Reparación,2026-06-15 10:45:22,Tec_01,EQ251,Montacargas,Planta_A,6,Mecánica,Alta,1,1400.0,
OT00846,Reparación,2026-06-15 10:55:54,Tec_01,EQ545,Bomba,Planta_A,8,Mecánica,Media,1,1400.0,
OT00862,Reparación,2026-06-15 10:56:30,Tec_05,EQ207,Bomba,Planta_A,3,Hidráulica,Media,0,2041.27,
OT00847,Reparación,2026-06-15 10:56:46,Tec_07,EQ457,Torno CNC,Planta_B,17,Software,Baja,2,1400.0,
OT00816,Reparación,2026-06-15 10:59:33,Tec_04,EQ167,Compresor,Planta_A,11,Hidráulica,Alta,1,4025.01,
OT00853,Reparación,2026-06-15 11:16:20,Tec_01,EQ028,Montacargas,Planta_A,8,Hidráulica,Media,2,1400.0,
OT00858,Prueba,2026-06-15 11:22:28,Tec_07,EQ396,Bomba,Planta_B,16,Mecánica,Media,2,1097.98,
OT00813,Prueba,2026-06-15 11:33:22,Tec_04,EQ688,Montacargas,Planta_A,18,Eléctrica,Baja,2,4541.59,
OT00857,Reparación,2026-06-15 11:35:32,Tec_06,EQ468,Compresor,Planta_B,3,Mecánica,Baja,1,891.36,
OT00851,Reparación,2026-06-15 11:42:24,Tec_01,EQ073,Prensa hidráulica,Planta_A,11,Eléctrica,Media,7,4200.0,
OT00835,Reparación,2026-06-15 11:49:32,Tec_06,EQ416,Torno CNC,Planta_B,11,Hidráulica,Alta,1,3087.95,
OT00858,Puesta en operación,2026-06-15 11:53:14,Tec_07,EQ396,Bomba,Planta_B,16,Mecánica,Media,2,1097.98,
OT00855,Reparación,2026-06-15 12:01:11,Tec_03,EQ684,Montacargas,Planta_A,13,Hidráulica,Media,4,644.46,
OT00816,Prueba,2026-06-15 12:09:31,Tec_04,EQ167,Compresor,Planta_A,11,Hidráulica,Alta,1,4025.01,
OT00844,Reparación,2026-06-15 12:11:25,Tec_06,EQ523,Torno CNC,Planta_B,15,Hidráulica,Media,4,1848.19,
OT00813,Puesta en operación,2026-06-15 12:11:51,Tec_04,EQ688,Montacargas,Planta_A,18,Eléctrica,Baja,2,4541.59,
OT00842,Prueba fallida,2026-06-15 12:15:50,Tec_07,EQ721,Torno CNC,Planta_B,12,Hidráulica,Media,2,2800.0,
OT00846,Prueba,2026-06-15 12:23:16,Tec_01,EQ545,Bomba,Planta_A,8,Mecánica,Media,1,1400.0,
OT00860,Reparación,2026-06-15 12:31:53,Tec_05,EQ352,Torno CNC,Planta_A,18,Mecánica,Alta,4,2800.0,
OT00798,Reparación,2026-06-15 12:41:07,Tec_04,EQ218,Bomba,Planta_A,14,Hidráulica,Baja,1,2034.54,
OT00848,Reparación,2026-06-15 12:52:16,Tec_02,EQ412,Compresor,Planta_A,11,Mecánica,Alta,1,1400.0,
OT00851,Prueba fallida,2026-06-15 12:58:52,Tec_01,EQ073,Prensa hidráulica,Planta_A,11,Eléctrica,Media,7,4200.0,
OT00853,Prueba,2026-06-15 13:04:21,Tec_01,EQ028,Montacargas,Planta_A,8,Hidráulica,Media,2,1400.0,
OT00847,Prueba,2026-06-15 13:12:26,Tec_07,EQ457,Torno CNC,Planta_B,17,Software,Baja,2,1400.0,
OT00816,Puesta en operación,2026-06-15 13:12:31,Tec_04,EQ167,Compresor,Planta_A,11,Hidráulica,Alta,1,4025.01,
OT00854,Prueba,2026-06-15 13:13:28,Tec_01,EQ251,Montacargas,Planta_A,6,Mecánica,Alta,1,1400.0,
OT00862,Prueba fallida,,Tec_05,EQ207,Bomba,Planta_A,3,Hidráulica,Media,0,2041.27,
OT00835,Prueba fallida,2026-06-15 13:19:21,Tec_06,EQ416,Torno CNC,Planta_B,11,Hidráulica,Alta,1,3087.95,
OT00857,Prueba,2026-06-15 13:20:15,Tec_06,EQ468,Compresor,Planta_B,3,Mecánica,Baja,1,891.36,
OT00844,Prueba,2026-06-15 13:20:54,Tec_06,EQ523,Torno CNC,Planta_B,15,Hidráulica,Media,4,1848.19,
OT00846,Puesta en operación,2026-06-15 13:30:06,Tec_01,EQ545,Bomba,Planta_A,8,Mecánica,Media,1,1400.0,
OT00850,Reparación,2026-06-15 13:33:17,Tec_06,EQ530,Montacargas,Planta_B,18,Software,Media,3,5600.0,
OT00854,Puesta en operación,2026-06-15 13:40:58,Tec_01,EQ251,Montacargas,Planta_A,6,Mecánica,Alta,1,1400.0,
OT00841,Reparación,2026-06-15 13:42:54,Tec_02,EQ026,Bomba,Planta_A,18,Eléctrica,Baja,2,2800.0,
OT00802,Prueba,2026-06-15 13:53:11,Tec_04,EQ137,Torno CNC,Planta_A,13,Hidráulica,Media,3,1669.64,
OT00848,Prueba,2026-06-15 13:56:07,Tec_02,EQ412,Compresor,Planta_A,11,Mecánica,Alta,1,1400.0,
OT00857,Puesta en operación,2026-06-15 14:00:21,Tec_06,EQ468,Compresor,Planta_B,3,Mecánica,Baja,1,891.36,
OT00847,Puesta en operación,2026-06-15 14:02:42,Tec_07,EQ457,Torno CNC,Planta_B,17,Software,Baja,2,1400.0,
OT00844,Puesta en operación,2026-06-15 14:08:09,Tec_06,EQ523,Torno CNC,Planta_B,15,Hidráulica,Media,4,1848.19,
OT00853,Puesta en operación,2026-06-15 14:35:39,Tec_01,EQ028,Montacargas,Planta_A,8,Hidráulica,Media,2,1400.0,
OT00860,Prueba fallida,2026-06-15 14:45:50,Tec_05,EQ352,Torno CNC,Planta_A,18,Mecánica,Alta,4,2800.0,
OT00802,Puesta en operación,2026-06-15 14:57:45,Tec_04,EQ137,Torno CNC,Planta_A,13,Hidráulica,Media,3,1669.64,
OT00848,Puesta en operación,2026-06-15 15:05:58,Tec_02,EQ412,Compresor,Planta_A,11,Mecánica,Alta,1,1400.0,
OT00836,Cierre,2026-06-15 15:10:04,Administracion_Mtto,EQ599,Compresor,Planta_A,8,Mecánica,Media,4,849.82,
OT00855,Prueba,2026-06-15 15:13:00,Tec_03,EQ684,Montacargas,Planta_A,13,Hidráulica,Media,4,644.46,
OT00798,Prueba,2026-06-15 15:38:56,Tec_04,EQ218,Bomba,Planta_A,14,Hidráulica,Baja,1,2034.54,
OT00855,Puesta en operación,2026-06-15 15:42:24,Tec_03,EQ684,Montacargas,Planta_A,13,Hidráulica,Media,4,644.46,
OT00841,Prueba fallida,2026-06-15 16:10:57,Tec_02,EQ026,Bomba,Planta_A,18,Eléctrica,Baja,2,2800.0,
OT00842,Nueva reparación,2026-06-15 16:14:30,Tec_07,EQ721,Torno CNC,Planta_B,12,Hidráulica,Media,2,2800.0,
OT00851,Nueva reparación,2026-06-15 16:16:11,Tec_01,EQ073,Prensa hidráulica,Planta_A,11,Eléctrica,Media,7,4200.0,
OT00860,Nueva reparación,2026-06-15 16:33:03,Tec_05,EQ352,Torno CNC,Planta_A,18,Mecánica,Alta,4,2800.0,
OT00798,Puesta en operación,2026-06-15 16:40:05,Tec_04,EQ218,Bomba,Planta_A,14,Hidráulica,Baja,1,2034.54,
OT00861,Falla reportada,2026-06-15 18:25:48,Operador_05,EQ733,Bomba,Planta_B,1,Eléctrica,Baja,0,2800.0,
OT00868,Falla reportada,2026-06-16 03:59:04,Operador_11,EQ254,Bomba,Planta_A,18,Mecánica,Media,5,287.76,
OT00866,Falla reportada,2026-06-16 05:46:15,Operador_12,EQ273,Compresor,Planta_A,10,Eléctrica,Baja,0,342.9,
OT00842,Prueba,2026-06-16 07:00:00,Tec_07,EQ721,Torno CNC,Planta_B,12,Hidráulica,Media,2,2800.0,
OT00796,Nueva reparación,2026-06-16 07:00:00,Tec_05,EQ665,Bomba,Planta_A,11,Mecánica,Alta,1,7069.91,
OT00851,Prueba fallida,2026-06-16 07:00:00,Tec_01,EQ073,Prensa hidráulica,Planta_A,11,Eléctrica,Media,7,4200.0,
OT00856,Reparación,2026-06-16 07:00:00,Tec_07,EQ520,Torno CNC,Planta_B,13,Mecánica,Media,2,1400.0,
OT00862,Nueva reparación,2026-06-16 07:00:00,Tec_05,EQ207,Bomba,Planta_A,3,Hidráulica,Media,0,2041.27,
OT00841,Nueva reparación,2026-06-16 07:00:00,Tec_02,EQ026,Bomba,Planta_A,18,Eléctrica,Baja,2,2800.0,
OT00835,Nueva reparación,2026-06-16 07:00:00,Tec_06,EQ416,Torno CNC,Planta_B,11,Hidráulica,Alta,1,3087.95,
OT00860,Prueba,2026-06-16 07:00:00,Tec_05,EQ352,Torno CNC,Planta_A,18,Mecánica,Alta,4,2800.0,
OT00850,Prueba fallida,2026-06-16 07:00:00,Tec_06,EQ530,Montacargas,Planta_B,18,Software,Media,3,5600.0,
OT00849,Recepción de repuesto,2026-06-16 07:01:00,Bodega,EQ363,Bomba,Planta_A,12,Software,Media,1,2208.02,
OT00859,Recepción de repuesto,2026-06-16 07:06:00,Bodega,EQ257,Torno CNC,Planta_A,13,Eléctrica,Baja,4,3283.07,
OT00868,Diagnóstico,2026-06-16 07:09:00,Tec_01,EQ254,Bomba,Planta_A,18,Mecánica,Media,5,287.76,
OT00852,Recepción de repuesto,2026-06-16 07:22:00,Bodega,EQ735,Bomba,Planta_A,15,Eléctrica,Media,4,3557.02,
OT00830,Recepción de repuesto,2026-06-16 07:28:00,Bodega,EQ017,Bomba,Planta_A,17,Hidráulica,Media,4,4469.95,
OT00842,Puesta en operación,2026-06-16 07:54:04,Tec_07,EQ721,Torno CNC,Planta_B,12,Hidráulica,Media,2,2800.0,
OT00868,Asignación de técnico,2026-06-16 07:58:02,Jefe_Mantenimiento,EQ254,Bomba,Planta_A,18,Mecánica,Media,5,287.76,
OT00840,Aprobación de compra,2026-06-16 08:00:00,Gerencia,EQ655,Torno CNC,Planta_B,6,Hidráulica,Media,3,3449.14,
OT00865,Falla reportada,2026-06-16 08:10:14,Operador_09,EQ135,Montacargas,Planta_A,15,Software,Baja,1,864.94,
OT00851,Nueva reparación,2026-06-16 08:12:49,Tec_01,EQ073,Prensa hidráulica,Planta_A,11,Eléctrica,Media,7,4200.0,
OT00823,Cierre,2026-06-16 08:18:00,Administracion_Mtto,EQ181,Prensa hidráulica,Planta_B,3,Software,Media,0,4200.0,
OT00862,Prueba,2026-06-16 08:20:26,Tec_05,EQ207,Bomba,Planta_A,3,Hidráulica,Media,0,2041.27,
OT00852,Reparación,2026-06-16 08:31:23,Tec_03,EQ735,Bomba,Planta_A,15,Eléctrica,Media,4,3557.02,
OT00835,Prueba,2026-06-16 08:36:38,Tec_06,EQ416,Torno CNC,Planta_B,11,Hidráulica,Alta,1,3087.95,
OT00849,Reparacion,2026-06-16 08:46:45,Tec_03,EQ363,Bomba,Planta_A,12,Software,Media,1,2208.02,
OT00860,Puesta en operación,2026-06-16 08:56:52,Tec_05,EQ352,Torno CNC,Planta_A,18,Mecánica,Alta,4,2800.0,
OT00841,Prueba,2026-06-16 09:11:42,Tec_02,EQ026,Bomba,Planta_A,18,Eléctrica,Baja,2,2800.0,
OT00830,Reparación,2026-06-16 09:14:11,Tec_02,EQ017,Bomba,Planta_A,17,Hidráulica,Media,4,4469.95,
OT00868,Reparación,2026-06-16 09:26:46,Tec_01,EQ254,Bomba,Planta_A,18,Mecánica,Media,5,287.76,
OT00796,Prueba fallida,2026-06-16 09:28:49,Tec_05,EQ665,Bomba,Planta_A,11,Mecánica,Alta,1,7069.91,
OT00835,Puesta en operación,2026-06-16 09:33:18,Tec_06,EQ416,Torno CNC,Planta_B,11,Hidráulica,Alta,1,3087.95,
OT00862,Puesta en operacion,2026-06-16 09:34:49,Tec_05,EQ207,Bomba,Planta_A,3,Hidráulica,Media,0,2041.27,
OT00866,Diagnóstico,2026-06-16 09:45:29,Tec_05,EQ273,Compresor,Planta_A,10,Eléctrica,Baja,0,342.9,
OT00852,Prueba fallida,2026-06-16 09:47:05,Tec_03,EQ735,Bomba,Planta_A,15,Eléctrica,Media,4,3557.02,
OT00863,Falla reportada,2026-06-16 09:47:47,Operador_09,EQ734,Bomba,Planta_A,15,Eléctrica,Media,6,1594.45,
OT00841,Puesta en operación,2026-06-16 10:03:50,Tec_02,EQ026,Bomba,Planta_A,18,Eléctrica,Baja,2,2800.0,
OT00865,Diagnóstico,2026-06-16 10:19:45,Tec_05,EQ135,Montacargas,Planta_A,15,Software,Baja,1,864.94,
OT00849,Prueba,2026-06-16 10:24:42,Tec_03,EQ363,Bomba,Planta_A,12,Software,Media,1,2208.02,
OT00830,Prueba,2026-06-16 10:54:51,Tec_02,EQ017,Bomba,Planta_A,17,Hidráulica,Media,4,4469.95,
OT00866,Asignación de técnico,2026-06-16 10:58:09,Jefe_Mantenimiento,EQ273,Compresor,Planta_A,10,Eléctrica,Baja,0,342.9,
OT00849,Puesta en operación,2026-06-16 11:01:26,Tec_03,EQ363,Bomba,Planta_A,12,Software,Media,1,2208.02,
OT00868,Prueba,2026-06-16 11:03:33,Tec_01,EQ254,Bomba,Planta_A,18,Mecánica,Media,5,287.76,
OT00865,Asignación de técnico,2026-06-16 11:07:45,Jefe_Mantenimiento,EQ135,Montacargas,Planta_A,15,Software,Baja,1,864.94,
OT00856,Prueba,2026-06-16 11:37:16,Tec_07,EQ520,Torno CNC,Planta_B,13,Mecánica,Media,2,1400.0,
OT00830,Puesta en operación,2026-06-16 11:37:54,Tec_02,EQ017,Bomba,Planta_A,17,Hidráulica,Media,4,4469.95,
OT00851,Prueba,2026-06-16 11:43:41,Tec_01,EQ073,Prensa hidráulica,Planta_A,11,Eléctrica,Media,7,4200.0,
OT00859,Reparación,2026-06-16 12:06:43,Tec_01,EQ257,Torno CNC,Planta_A,13,Eléctrica,Baja,4,3283.07,
OT00868,Puesta en operación,2026-06-16 12:12:21,Tec_01,EQ254,Bomba,Planta_A,18,Mecánica,Media,5,287.76,
OT00863,Diagnóstico,2026-06-16 12:19:53,Tec_01,EQ734,Bomba,Planta_A,15,Eléctrica,Media,6,1594.45,
OT00866,Reparación,2026-06-16 12:40:52,Tec_04,EQ273,Compresor,Planta_A,10,Eléctrica,Baja,0,342.9,
OT00851,Puesta en operación,2026-06-16 12:44:12,Tec_01,EQ073,Prensa hidráulica,Planta_A,11,Eléctrica,Media,7,4200.0,
OT00863,Asignación de técnico,2026-06-16 13:05:08,Jefe_Mantenimiento,EQ734,Bomba,Planta_A,15,Eléctrica,Media,6,1594.45,
OT00796,Nueva reparación,2026-06-16 13:14:56,Tec_05,EQ665,Bomba,Planta_A,11,Mecánica,Alta,1,7069.91,
OT00856,Puesta en operación,2026-06-16 13:19:05,Tec_07,EQ520,Torno CNC,Planta_B,13,Mecánica,Media,2,1400.0,
OT00863,Solicitud de repuesto,2026-06-16 13:35:09,Tec_01,EQ734,Bomba,Planta_A,15,Eléctrica,Media,6,1594.45,
OT00850,Nueva reparación,2026-06-16 13:39:35,Tec_06,EQ530,Montacargas,Planta_B,18,Software,Media,3,5600.0,
OT00852,Nueva reparación,2026-06-16 14:12:30,Tec_03,EQ735,Bomba,Planta_A,15,Eléctrica,Media,4,3557.02,
OT00866,Prueba,2026-06-16 14:50:48,Tec_04,EQ273,Compresor,Planta_A,10,Eléctrica,Baja,0,342.9,
OT00859,Prueba,2026-06-16 15:00:16,Tec_01,EQ257,Torno CNC,Planta_A,13,Eléctrica,Baja,4,3283.07,
OT00796,Prueba fallida,2026-06-16 15:19:04,Tec_05,EQ665,Bomba,Planta_A,11,Mecánica,Alta,1,7069.91,
OT00866,Puesta en operación,2026-06-16 15:34:04,Tec_04,EQ273,Compresor,Planta_A,10,Eléctrica,Baja,0,342.9,
OT00850,Prueba fallida,2026-06-16 15:34:40,Tec_06,EQ530,Montacargas,Planta_B,18,Software,Media,3,5600.0,
OT00865,Reparación,2026-06-16 16:19:02,Tec_03,EQ135,Montacargas,Planta_A,15,Software,Baja,1,864.94,
OT00859,Puesta en operación,2026-06-16 16:33:18,Tec_01,EQ257,Torno CNC,Planta_A,13,Eléctrica,Baja,4,3283.07,
OT00864,Falla reportada,2026-06-16 19:43:31,Operador_07,EQ412,Compresor,Planta_A,11,Eléctrica,Alta,2,1234.61,
OT00867,Falla reportada,2026-06-16 21:12:37,Operador_03,EQ105,Bomba,Planta_B,14,Hidráulica,Media,2,3394.1,
OT00796,Nueva reparación,,Tec_05,EQ665,Bomba,Planta_A,11,Mecánica,Alta,1,7069.91,
OT00865,Prueba,2026-06-17 07:00:00,Tec_03,EQ135,Montacargas,Planta_A,15,Software,Baja,1,864.94,
OT00852,Prueba,2026-06-17 07:00:00,Tec_03,EQ735,Bomba,Planta_A,15,Eléctrica,Media,4,3557.02,
OT00864,Diagnostico,2026-06-17 07:00:00,Tec_04,EQ412,Compresor,Planta_A,11,Eléctrica,Alta,2,1234.61,
OT00807,Recepción de repuesto,2026-06-17 07:00:00,Bodega,EQ335,Torno CNC,Planta_B,6,Hidráulica,Media,3,3414.94,
OT00861,Diagnóstico,2026-06-17 07:23:00,Tec_B01,EQ733,Bomba,Planta_B,1,Eléctrica,Baja,0,2800.0,
OT00850,Nueva reparación,,Tec_06,EQ530,Montacargas,Planta_B,18,Software,Media,3,5600.0,
OT00852,Puesta en operación,2026-06-17 07:53:58,Tec_03,EQ735,Bomba,Planta_A,15,Eléctrica,Media,4,3557.02,
OT00778,Cierre,2026-06-17 08:21:00,Administracion_Mtto,EQ293,Montacargas,Planta_B,3,Mecánica,Media,1,3354.64,
OT00861,Asignación de técnico,2026-06-17 08:29:22,Jefe_Mantenimiento,EQ733,Bomba,Planta_B,1,Eléctrica,Baja,0,2800.0,
OT00864,Asignación de técnico,2026-06-17 08:36:20,Jefe_Mantenimiento,EQ412,Compresor,Planta_A,11,Eléctrica,Alta,2,1234.61,
OT00865,Puesta en operación,2026-06-17 08:52:59,Tec_03,EQ135,Montacargas,Planta_A,15,Software,Baja,1,864.94,
OT00807,Reparación,2026-06-17 09:30:17,Tec_07,EQ335,Torno CNC,Planta_B,6,Hidráulica,Media,3,3414.94,
OT00796,Prueba,2026-06-17 09:50:37,Tec_05,EQ665,Bomba,Planta_A,11,Mecánica,Alta,1,7069.91,
OT00816,Cierre,2026-06-17 09:54:50,Administracion_Mtto,EQ167,Compresor,Planta_A,11,Hidráulica,Alta,1,4025.01,
OT00796,Puesta en operación,2026-06-17 10:31:38,Tec_05,EQ665,Bomba,Planta_A,11,Mecánica,Alta,1,7069.91,
OT00867,Diagnóstico,2026-06-17 11:08:00,Tec_B01,EQ105,Bomba,Planta_B,14,Hidráulica,Media,2,3394.1,
OT00807,Prueba,2026-06-17 11:17:33,Tec_07,EQ335,Torno CNC,Planta_B,6,Hidráulica,Media,3,3414.94,
OT00864,Reparación,2026-06-17 11:35:05,Tec_01,EQ412,Compresor,Planta_A,11,Eléctrica,Alta,2,1234.61,
OT00807,Puesta en operación,2026-06-17 12:00:18,Tec_07,EQ335,Torno CNC,Planta_B,6,Hidráulica,Media,3,3414.94,
OT00867,Asignación de técnico,2026-06-17 12:00:43,Jefe_Mantenimiento,EQ105,Bomba,Planta_B,14,Hidráulica,Media,2,3394.1,
OT00861,Reparación,2026-06-17 12:29:19,Tec_07,EQ733,Bomba,Planta_B,1,Eléctrica,Baja,0,2800.0,
OT00867,Solicitud de repuesto,2026-06-17 12:30:44,Tec_06,EQ105,Bomba,Planta_B,14,Hidráulica,Media,2,3394.1,
OT00850,Prueba fallida,2026-06-17 13:45:43,Tec_06,EQ530,Montacargas,Planta_B,18,Software,Media,3,5600.0,
OT00861,Prueba fallida,2026-06-17 15:00:38,Tec_07,EQ733,Bomba,Planta_B,1,Eléctrica,Baja,0,2800.0,
OT00846,Cierre,2026-06-17 15:26:03,Administracion_Mtto,EQ545,Bomba,Planta_A,8,Mecánica,Media,1,1400.0,
OT00864,Prueba,2026-06-17 15:49:09,Tec_01,EQ412,Compresor,Planta_A,11,Eléctrica,Alta,2,1234.61,
OT00817,Cierre,2026-06-17 16:27:57,Administracion_Mtto,EQ434,Compresor,Planta_B,10,Mecánica,Media,0,3202.93,
OT00870,Falla reportada,2026-06-18 00:52:56,Operador_09,EQ341,Montacargas,Planta_A,9,Eléctrica,Alta,1,1625.12,
OT00871,Falla reportada,2026-06-18 01:39:58,Operador_10,EQ206,Bomba,Planta_A,13,Eléctrica,Media,7,398.38,
OT00869,Falla reportada,2026-06-18 05:15:23,Operador_06,EQ558,Prensa hidráulica,Planta_B,12,Mecánica,Alta,0,1977.2,
OT00867,Recepción de repuesto,2026-06-18 07:00:00,Bodega,EQ105,Bomba,Planta_B,14,Hidráulica,Media,2,3394.1,
OT00864,Puesta en operación,2026-06-18 07:00:00,Tec_01,EQ412,Compresor,Planta_A,11,Eléctrica,Alta,2,1234.61,
OT00861,Nueva reparación,2026-06-18 07:00:00,Tec_07,EQ733,Bomba,Planta_B,1,Eléctrica,Baja,0,2800.0,
OT00850,Nueva reparación,2026-06-18 07:00:00,Tec_06,EQ530,Montacargas,Planta_B,18,Software,Media,3,5600.0,
OT00871,Diagnóstico,2026-06-18 07:06:00,Tec_04,EQ206,Bomba,Planta_A,13,Eléctrica,Media,7,398.38,
OT00811,Recepción de repuesto,2026-06-18 07:16:00,Bodega,EQ061,Torno CNC,Planta_B,9,Eléctrica,Alta,3,3695.16,
OT00870,Diagnóstico,2026-06-18 07:17:00,Tec_02,EQ341,Montacargas,Planta_A,9,Eléctrica,Alta,1,1625.12,
OT00871,Asignación de técnico,2026-06-18 07:43:54,Jefe_Mantenimiento,EQ206,Bomba,Planta_A,13,Eléctrica,Media,7,398.38,
OT00845,Cierre,2026-06-18 08:00:00,Administracion_Mtto,EQ086,Prensa hidráulica,Planta_B,10,Software,Baja,4,1400.0,
OT00860,Cierre,2026-06-18 08:00:00,Administracion_Mtto,EQ352,Torno CNC,Planta_A,18,Mecánica,Alta,4,2800.0,
OT00841,Cierre,2026-06-18 08:00:00,Administracion_Mtto,EQ026,Bomba,Planta_A,18,Eléctrica,Baja,2,2800.0,
OT00798,Cierre,2026-06-18 08:00:00,Administracion_Mtto,EQ218,Bomba,Planta_A,14,Hidráulica,Baja,1,2034.54,
OT00859,Cierre,2026-06-18 08:00:00,Administracion_Mtto,EQ257,Torno CNC,Planta_A,13,Eléctrica,Baja,4,3283.07,
OT00869,Diagnóstico,2026-06-18 08:00:44,Tec_B01,EQ558,Prensa hidráulica,Planta_B,12,Mecánica,Alta,0,1977.2,
OT00854,Cierre,2026-06-18 08:15:00,Administracion_Mtto,EQ251,Montacargas,Planta_A,6,Mecánica,Alta,1,1400.0,
OT00861,Prueba,2026-06-18 08:15:21,Tec_07,EQ733,Bomba,Planta_B,1,Eléctrica,Baja,0,2800.0,
OT00830,Cierre,2026-06-18 08:18:00,Administracion_Mtto,EQ017,Bomba,Planta_A,17,Hidráulica,Media,4,4469.95,
OT00870,Asignación de técnico,2026-06-18 08:25:01,Jefe_Mantenimiento,EQ341,Montacargas,Planta_A,9,Eléctrica,Alta,1,1625.12,
OT00870,Solicitud de repuesto,2026-06-18 08:55:02,Tec_01,EQ341,Montacargas,Planta_A,9,Eléctrica,Alta,1,1625.12,
OT00867,Reparación,2026-06-18 09:01:34,Tec_06,EQ105,Bomba,Planta_B,14,Hidráulica,Media,2,3394.1,
OT00871,Reparación,2026-06-18 09:09:17,Tec_02,EQ206,Bomba,Planta_A,13,Eléctrica,Media,7,398.38,
OT00861,Puesta en operación,2026-06-18 09:17:48,Tec_07,EQ733,Bomba,Planta_B,1,Eléctrica,Baja,0,2800.0,
OT00869,Asignación de técnico,2026-06-18 09:21:52,Jefe_Mantenimiento,EQ558,Prensa hidráulica,Planta_B,12,Mecánica,Alta,0,1977.2,
OT00869,Solicitud de repuesto,2026-06-18 09:51:53,Tec_06,EQ558,Prensa hidráulica,Planta_B,12,Mecánica,Alta,0,1977.2,
OT00867,Prueba fallida,2026-06-18 10:08:10,Tec_06,EQ105,Bomba,Planta_B,14,Hidráulica,Media,2,3394.1,
OT00850,Prueba,2026-06-18 11:10:16,Tec_06,EQ530,Montacargas,Planta_B,18,Software,Media,3,5600.0,
OT00850,Puesta en operación,2026-06-18 11:56:30,Tec_06,EQ530,Montacargas,Planta_B,18,Software,Media,3,5600.0,
OT00871,Prueba,2026-06-18 12:06:59,Tec_02,EQ206,Bomba,Planta_A,13,Eléctrica,Media,7,398.38,
OT00867,Nueva reparación,2026-06-18 12:27:13,Tec_06,EQ105,Bomba,Planta_B,14,Hidráulica,Media,2,3394.1,
OT00871,Puesta en operación,2026-06-18 13:02:54,Tec_02,EQ206,Bomba,Planta_A,13,Eléctrica,Media,7,398.38,
OT00811,Reparación,2026-06-18 13:14:30,Tec_06,EQ061,Torno CNC,Planta_B,9,Eléctrica,Alta,3,3695.16,
OT00835,Cierre,2026-06-18 14:42:34,Administracion_Mtto,EQ416,Torno CNC,Planta_B,11,Hidráulica,Alta,1,3087.95,
OT00811,Prueba fallida,2026-06-18 14:58:33,Tec_06,EQ061,Torno CNC,Planta_B,9,Eléctrica,Alta,3,3695.16,
OT00863,Recepción de repuesto,2026-06-18 15:22:59,Bodega,EQ734,Bomba,Planta_A,15,Eléctrica,Media,6,1594.45,
OT00867,Prueba,2026-06-18 15:44:25,Tec_06,EQ105,Bomba,Planta_B,14,Hidráulica,Media,2,3394.1,
OT00867,Puesta en operación,2026-06-18 16:13:05,Tec_06,EQ105,Bomba,Planta_B,14,Hidráulica,Media,2,3394.1,
OT00872,Falla reportada,2026-06-18 17:40:36,Operador_04,EQ158,Bomba,Planta_A,12,Hidráulica,Baja,2,2233.74,
OT00863,Reparación,2026-06-19 07:00:00,Tec_01,EQ734,Bomba,Planta_A,15,Eléctrica,Media,6,1594.45,
OT00811,Nueva reparación,2026-06-19 07:00:00,Tec_06,EQ061,Torno CNC,Planta_B,9,Eléctrica,Alta,3,3695.16,
OT00872,Diagnóstico,2026-06-19 07:00:00,Tec_01,EQ158,Bomba,Planta_A,12,Hidráulica,Baja,2,2233.74,
OT00839,Recepción de repuesto,2026-06-19 07:00:00,Bodega,EQ290,Prensa hidráulica,Planta_A,6,Eléctrica,Media,2,1621.91,
OT00795,Recepción de repuesto,2026-06-19 07:00:00,Bodega,EQ523,Torno CNC,Planta_B,15,Hidráulica,Alta,3,4380.38,
OT00874,Falla reportada,2026-06-19 07:51:56,Operador_09,EQ129,Compresor,Planta_A,13,Hidráulica,Baja,1,1400.0,
OT00853,Cierre,2026-06-19 08:00:00,Administracion_Mtto,EQ028,Montacargas,Planta_A,8,Hidráulica,Media,2,1400.0,
OT00844,Cierre,2026-06-19 08:00:00,Administracion_Mtto,EQ523,Torno CNC,Planta_B,15,Hidráulica,Media,4,1848.19,
OT00848,Cierre,2026-06-19 08:00:00,Administracion_Mtto,EQ412,Compresor,Planta_A,11,Mecánica,Alta,1,1400.0,
OT00866,Cierre,2026-06-19 08:00:00,Administracion_Mtto,EQ273,Compresor,Planta_A,10,Eléctrica,Baja,0,342.9,
OT00862,Cierre,2026-06-19 08:05:00,Administracion_Mtto,EQ207,Bomba,Planta_A,3,Hidráulica,Media,0,2041.27,
OT00863,Prueba,2026-06-19 08:23:20,Tec_01,EQ734,Bomba,Planta_A,15,Eléctrica,Media,6,1594.45,
OT00872,Asignación de técnico,2026-06-19 08:40:13,Jefe_Mantenimiento,EQ158,Bomba,Planta_A,12,Hidráulica,Baja,2,2233.74,
OT00872,Solicitud de repuesto,2026-06-19 09:10:14,Tec_02,EQ158,Bomba,Planta_A,12,Hidráulica,Baja,2,2233.74,
OT00839,Reparación,2026-06-19 09:29:53,Tec_03,EQ290,Prensa hidráulica,Planta_A,6,Eléctrica,Media,2,1621.91,
OT00811,Prueba,2026-06-19 09:38:08,Tec_06,EQ061,Torno CNC,Planta_B,9,Eléctrica,Alta,3,3695.16,
OT00811,Puesta en operación,2026-06-19 10:34:22,Tec_06,EQ061,Torno CNC,Planta_B,9,Eléctrica,Alta,3,3695.16,
OT00863,Puesta en operación,2026-06-19 11:08:35,Tec_01,EQ734,Bomba,Planta_A,15,Eléctrica,Media,6,1594.45,
OT00839,Prueba,2026-06-19 11:11:49,Tec_03,EQ290,Prensa hidráulica,Planta_A,6,Eléctrica,Media,2,1621.91,
OT00824,Cierre,2026-06-19 11:18:35,Administracion_Mtto,EQ137,Torno CNC,Planta_A,13,Mecánica,Baja,4,868.46,
OT00875,Falla reportada,2026-06-19 11:38:45,Operador_06,EQ236,Torno CNC,Planta_A,5,Mecánica,Media,2,1400.0,
OT00874,Diagnóstico,2026-06-19 11:52:24,Tec_05,EQ129,Compresor,Planta_A,13,Hidráulica,Baja,1,1400.0,
OT00839,Puesta en operación,2026-06-19 12:13:07,Tec_03,EQ290,Prensa hidráulica,Planta_A,6,Eléctrica,Media,2,1621.91,
OT00874,Asignación de técnico,2026-06-19 12:25:09,Jefe_Mantenimiento,EQ129,Compresor,Planta_A,13,Hidráulica,Baja,1,1400.0,
OT00875,Diagnóstico,2026-06-19 13:08:47,Tec_05,EQ236,Torno CNC,Planta_A,5,Mecánica,Media,2,1400.0,
OT00874,Reparación,2026-06-19 13:13:40,Tec_01,EQ129,Compresor,Planta_A,13,Hidráulica,Baja,1,1400.0,
OT00855,Cierre,2026-06-19 13:41:35,Administracion_Mtto,EQ684,Montacargas,Planta_A,13,Hidráulica,Media,4,644.46,
OT00875,Asignación de técnico,2026-06-19 14:09:41,Jefe_Mantenimiento,EQ236,Torno CNC,Planta_A,5,Mecánica,Media,2,1400.0,
OT00795,Reparación,2026-06-19 14:09:53,Tec_06,EQ523,Torno CNC,Planta_B,15,Hidráulica,Alta,3,4380.38,
OT00795,Prueba fallida,2026-06-19 15:27:08,Tec_06,EQ523,Torno CNC,Planta_B,15,Hidráulica,Alta,3,4380.38,
OT00874,Prueba,2026-06-19 15:41:23,Tec_01,EQ129,Compresor,Planta_A,13,Hidráulica,Baja,1,1400.0,
OT00870,Recepción de repuesto,2026-06-19 15:42:04,Bodega,EQ341,Montacargas,Planta_A,9,Eléctrica,Alta,1,1625.12,
OT00876,Falla reportada,2026-06-19 17:04:27,Operador_04,EQ520,Torno CNC,Planta_B,13,Software,Alta,3,1400.0,
OT00873,Falla reportada,2026-06-19 20:48:32,Operador_04,EQ130,Montacargas,Planta_A,9,Mecánica,Alta,1,1400.0,
OT00879,Falla reportada,2026-06-20 00:20:28,Operador_06,EQ296,Compresor,Planta_A,12,Hidráulica,Baja,5,1400.0,
OT00880,Falla reportada,2026-06-20 02:14:00,Operador_10,EQ268,Prensa hidráulica,Planta_A,10,Mecánica,Alta,0,1400.0,
OT00884,Falla reportada,2026-06-20 05:38:55,Operador_02,EQ289,Compresor,Planta_A,4,Hidráulica,Baja,2,1400.0,
OT00877,Falla reportada,2026-06-20 14:03:04,Operador_08,EQ082,Compresor,Planta_A,3,Mecánica,Baja,1,1400.0,
OT00878,Falla reportada,2026-06-20 19:17:04,Operador_05,EQ207,Bomba,Planta_A,3,Mecánica,Baja,1,5013.19,
OT00881,Falla reportada,2026-06-20 19:57:39,Operador_11,EQ214,Compresor,Planta_A,16,Hidráulica,Baja,2,4122.18,
OT00883,Falla reportada,2026-06-20 20:42:06,Operador_03,EQ487,Prensa hidráulica,Planta_A,4,Eléctrica,Media,1,1400.0,
OT00882,Falla reportada,2026-06-20 23:23:43,Operador_03,EQ407,Torno CNC,Planta_B,17,Hidráulica,Media,3,1681.72,
OT00886,Falla reportada,2026-06-21 00:42:15,Operador_09,EQ002,Bomba,Planta_A,12,Eléctrica,Media,2,4200.0,
OT00888,Falla reportada,2026-06-21 04:58:00,Operador_12,EQ199,Montacargas,Planta_B,14,Mecánica,Alta,5,2800.0,
OT00887,Falla reportada,2026-06-21 08:12:31,Operador_03,EQ687,Montacargas,Planta_B,12,Mecánica,Media,0,1827.8,
OT00889,Falla reportada,2026-06-21 15:20:39,Operador_08,EQ347,Bomba,Planta_B,15,Software,Baja,3,1400.0,
OT00885,Falla reportada,2026-06-21 22:05:24,Operador_03,EQ306,Prensa hidráulica,Planta_B,10,Hidráulica,Alta,1,1722.54,
OT00891,Falla reportada,2026-06-22 02:05:31,Operador_06,EQ144,Bomba,Planta_A,18,Mecánica,Alta,8,3066.94,
OT00893,Falla reportada,2026-06-22 04:10:01,Operador_10,EQ615,Compresor,Planta_B,15,Mecánica,Media,1,366.85,
OT00878,Diagnóstico,2026-06-22 07:00:00,Tec_01,EQ207,Bomba,Planta_A,3,Mecánica,Baja,1,5013.19,
OT00876,Diagnóstico,2026-06-22 07:00:00,Tec_B01,EQ520,Torno CNC,Planta_B,13,Software,Alta,3,1400.0,
OT00880,Diagnóstico,2026-06-22 07:00:00,Tec_04,EQ268,Prensa hidráulica,Planta_A,10,Mecánica,Alta,0,1400.0,
OT00874,Puesta en operación,2026-06-22 07:00:00,Tec_01,EQ129,Compresor,Planta_A,13,Hidráulica,Baja,1,1400.0,
OT00886,Diagnóstico,2026-06-22 07:00:00,Tec_01,EQ002,Bomba,Planta_A,12,Eléctrica,Media,2,4200.0,
OT00881,Diagnóstico,2026-06-22 07:00:00,Tec_04,EQ214,Compresor,Planta_A,16,Hidráulica,Baja,2,4122.18,
OT00870,Reparación,2026-06-22 07:00:00,Tec_01,EQ341,Montacargas,Planta_A,9,Eléctrica,Alta,1,1625.12,
OT00883,Diagnóstico,2026-06-22 07:00:00,Tec_05,EQ487,Prensa hidráulica,Planta_A,4,Eléctrica,Media,1,1400.0,
OT00875,Reparación,2026-06-22 07:00:00,Tec_05,EQ236,Torno CNC,Planta_A,5,Mecánica,Media,2,1400.0,
OT00888,Diagnóstico,2026-06-22 07:00:00,Tec_B01,EQ199,Montacargas,Planta_B,14,Mecánica,Alta,5,2800.0,
OT00873,Diagnóstico,2026-06-22 07:00:00,Tec_03,EQ130,Montacargas,Planta_A,9,Mecánica,Alta,1,1400.0,
OT00882,Diagnóstico,2026-06-22 07:00:00,Tec_B01,EQ407,Torno CNC,Planta_B,17,Hidráulica,Media,3,1681.72,
OT00877,Diagnóstico,2026-06-22 07:00:00,Tec_05,EQ082,Compresor,Planta_A,3,Mecánica,Baja,1,1400.0,
OT00872,Recepción de repuesto,2026-06-22 07:00:00,Bodega,EQ158,Bomba,Planta_A,12,Hidráulica,Baja,2,2233.74,
OT00879,Diagnóstico,2026-06-22 07:00:00,Tec_05,EQ296,Compresor,Planta_A,12,Hidráulica,Baja,5,1400.0,
OT00795,Nueva reparación,2026-06-22 07:00:00,Tec_06,EQ523,Torno CNC,Planta_B,15,Hidráulica,Alta,3,4380.38,
OT00838,Recepción de repuesto,2026-06-22 07:00:00,Bodega,EQ216,Bomba,Planta_A,14,Mecánica,Media,1,1726.14,
OT00884,Diagnóstico,2026-06-22 07:00:00,Tec_05,EQ289,Compresor,Planta_A,4,Hidráulica,Baja,2,1400.0,
OT00893,Diagnóstico ,2026-06-22 07:01:00,Tec_B01,EQ615,Compresor,Planta_B,15,Mecánica,Media,1,366.85,
OT00891,Diagnóstico,2026-06-22 07:10:00,Tec_04,EQ144,Bomba,Planta_A,18,Mecánica,Alta,8,3066.94,
OT00885,Diagnóstico,2026-06-22 07:15:00,Tec_B01,EQ306,Prensa hidráulica,Planta_B,10,Hidráulica,Alta,1,1722.54,
OT00892,Falla reportada,2026-06-22 07:19:21,Operador_02,EQ431,Prensa hidráulica,Planta_A,6,Eléctrica,Alta,3,2418.24,
OT00887,Diagnóstico,2026-06-22 07:24:00,Tec_B01,EQ687,Montacargas,Planta_B,12,Mecánica,Media,0,1827.8,
OT00883,Asignación de técnico,2026-06-22 07:25:55,Jefe_Mantenimiento,EQ487,Prensa hidráulica,Planta_A,4,Eléctrica,Media,1,1400.0,
OT00881,Asignación de técnico,2026-06-22 07:38:28,Jefe_Mantenimiento,EQ214,Compresor,Planta_A,16,Hidráulica,Baja,2,4122.18,
OT00888,Asignación de técnico,2026-06-22 07:39:34,Jefe_Mantenimiento,EQ199,Montacargas,Planta_B,14,Mecánica,Alta,5,2800.0,
OT00884,Asignación de técnico,2026-06-22 07:39:51,Jefe_Mantenimiento,EQ289,Compresor,Planta_A,4,Hidráulica,Baja,2,1400.0,
OT00873,Asignación de técnico,2026-06-22 07:48:11,Jefe_Mantenimiento,EQ130,Montacargas,Planta_A,9,Mecánica,Alta,1,1400.0,
OT00891,Asignación de técnico,2026-06-22 07:50:29,Jefe_Mantenimiento,EQ144,Bomba,Planta_A,18,Mecánica,Alta,8,3066.94,
OT00882,Asignación de técnico,2026-06-22 07:51:13,Jefe_Mantenimiento,EQ407,Torno CNC,Planta_B,17,Hidráulica,Media,3,1681.72,
OT00892,Diagnóstico,2026-06-22 07:57:07,Tec_05,EQ431,Prensa hidráulica,Planta_A,6,Eléctrica,Alta,3,2418.24,
OT00865,Cierre,2026-06-22 08:00:00,Administracion_Mtto,EQ135,Montacargas,Planta_A,15,Software,Baja,1,864.94,
OT00861,Cierre,2026-06-22 08:00:00,Administracion_Mtto,EQ733,Bomba,Planta_B,1,Eléctrica,Baja,0,2800.0,
OT00857,Cierre,2026-06-22 08:00:00,Administracion_Mtto,EQ468,Compresor,Planta_B,3,Mecánica,Baja,1,891.36,
OT00807,Cierre,2026-06-22 08:00:00,Administracion_Mtto,EQ335,Torno CNC,Planta_B,6,Hidráulica,Media,3,3414.94,
OT00842,Cierre,2026-06-22 08:00:00,Administracion_Mtto,EQ721,Torno CNC,Planta_B,12,Hidráulica,Media,2,2800.0,
OT00849,Cierre,2026-06-22 08:00:00,Administracion_Mtto,EQ363,Bomba,Planta_A,12,Software,Media,1,2208.02,
OT00858,Cierre,2026-06-22 08:00:00,Administracion_Mtto,EQ396,Bomba,Planta_B,16,Mecánica,Media,2,1097.98,
OT00847,Cierre,2026-06-22 08:00:00,Administracion_Mtto,EQ457,Torno CNC,Planta_B,17,Software,Baja,2,1400.0,
OT00850,Cierre,2026-06-22 08:00:00,Administracion_Mtto,EQ530,Montacargas,Planta_B,18,Software,Media,3,5600.0,
OT00871,Cierre,2026-06-22 08:00:00,Administracion_Mtto,EQ206,Bomba,Planta_A,13,Eléctrica,Media,7,398.38,
OT00802,Cierre,2026-06-22 08:00:00,Administracion_Mtto,EQ137,Torno CNC,Planta_A,13,Hidráulica,Media,3,1669.64,
OT00811,Cierre,2026-06-22 08:00:00,Administracion_Mtto,EQ061,Torno CNC,Planta_B,9,Eléctrica,Alta,3,3695.16,
OT00796,Cierre,2026-06-22 08:00:00,Administracion_Mtto,EQ665,Bomba,Planta_A,11,Mecánica,Alta,1,7069.91,
OT00868,Cierre,2026-06-22 08:00:00,Administracion_Mtto,EQ254,Bomba,Planta_A,18,Mecánica,Media,5,287.76,
OT00856,Cierre,2026-06-22 08:00:00,Administracion_Mtto,EQ520,Torno CNC,Planta_B,13,Mecánica,Media,2,1400.0,
OT00863,Cierre,2026-06-22 08:00:00,Administracion_Mtto,EQ734,Bomba,Planta_A,15,Eléctrica,Media,6,1594.45,
OT00867,Cierre,2026-06-22 08:00:00,Administracion_Mtto,EQ105,Bomba,Planta_B,14,Hidráulica,Media,2,3394.1,
OT00813,Cierre,2026-06-22 08:00:00,Administracion_Mtto,EQ688,Montacargas,Planta_A,18,Eléctrica,Baja,2,4541.59,
OT00893,Asignación de técnico,2026-06-22 08:00:23,Jefe_Mantenimiento,EQ615,Compresor,Planta_B,15,Mecánica,Media,1,366.85,
OT00880,Asignación de técnico,2026-06-22 08:02:08,Jefe_Mantenimiento,EQ268,Prensa hidráulica,Planta_A,10,Mecánica,Alta,0,1400.0,
OT00876,Asignación de técnico,2026-06-22 08:02:23,Jefe_Mantenimiento,EQ520,Torno CNC,Planta_B,13,Software,Alta,3,1400.0,
OT00887,Asignación de técnico,2026-06-22 08:05:26,Jefe_Mantenimiento,EQ687,Montacargas,Planta_B,12,Mecánica,Media,0,1827.8,
OT00881,Solicitud de repuesto,2026-06-22 08:08:29,Tec_05,EQ214,Compresor,Planta_A,16,Hidráulica,Baja,2,4122.18,
OT00891,Solicitud de repuesto,2026-06-22 08:20:30,Tec_01,EQ144,Bomba,Planta_A,18,Mecánica,Alta,8,3066.94,
OT00882,Solicitud de repuesto,2026-06-22 08:21:14,Tec_06,EQ407,Torno CNC,Planta_B,17,Hidráulica,Media,3,1681.72,
OT00877,Asignación de técnico,2026-06-22 08:22:07,Jefe_Mantenimiento,EQ082,Compresor,Planta_A,3,Mecánica,Baja,1,1400.0,
OT00892,Asignación de técnico,2026-06-22 08:28:17,Jefe_Mantenimiento,EQ431,Prensa hidráulica,Planta_A,6,Eléctrica,Alta,3,2418.24,
OT00887,Solicitud de repuesto,2026-06-22 08:35:27,Tec_06,EQ687,Montacargas,Planta_B,12,Mecánica,Media,0,1827.8,
OT00879,Asignación de técnico,2026-06-22 08:37:38,Jefe_Mantenimiento,EQ296,Compresor,Planta_A,12,Hidráulica,Baja,5,1400.0,
OT00886,Asignación de técnico,2026-06-22 08:38:18,Jefe_Mantenimiento,EQ002,Bomba,Planta_A,12,Eléctrica,Media,2,4200.0,
OT00838,Reparación,2026-06-22 08:43:18,Tec_05,EQ216,Bomba,Planta_A,14,Mecánica,Media,1,1726.14,
OT00878,Asignación de técnico,2026-06-22 08:52:22,Jefe_Mantenimiento,EQ207,Bomba,Planta_A,3,Mecánica,Baja,1,5013.19,
OT00885,Asignación de técnico,2026-06-22 08:53:30,Jefe_Mantenimiento,EQ306,Prensa hidráulica,Planta_B,10,Hidráulica,Alta,1,1722.54,
OT00892,Solicitud de repuesto,2026-06-22 08:58:18,Tec_01,EQ431,Prensa hidráulica,Planta_A,6,Eléctrica,Alta,3,2418.24,
OT00795,Prueba,2026-06-22 09:06:21,Tec_06,EQ523,Torno CNC,Planta_B,15,Hidráulica,Alta,3,4380.38,
OT00878,Solicitud de repuesto,2026-06-22 09:22:23,Tec_02,EQ207,Bomba,Planta_A,3,Mecánica,Baja,1,5013.19,
OT00885,Solicitud de repuesto,2026-06-22 09:23:31,Tec_07,EQ306,Prensa hidráulica,Planta_B,10,Hidráulica,Alta,1,1722.54,
OT00838,Prueba,2026-06-22 09:43:35,Tec_05,EQ216,Bomba,Planta_A,14,Mecánica,Media,1,1726.14,
OT00875,Prueba,2026-06-22 09:45:24,Tec_05,EQ236,Torno CNC,Planta_A,5,Mecánica,Media,2,1400.0,
OT00884,Reparación,2026-06-22 10:01:45,Tec_01,EQ289,Compresor,Planta_A,4,Hidráulica,Baja,2,1400.0,
OT00870,Prueba,2026-06-22 10:10:16,Tec_01,EQ341,Montacargas,Planta_A,9,Eléctrica,Alta,1,1625.12,
OT00888,Reparación,2026-06-22 10:25:44,Tec_07,EQ199,Montacargas,Planta_B,14,Mecánica,Alta,5,2800.0,
OT00875,Puesta en operación,2026-06-22 10:35:08,Tec_05,EQ236,Torno CNC,Planta_A,5,Mecánica,Media,2,1400.0,
OT00879,Reparación,2026-06-22 10:38:18,Tec_03,EQ296,Compresor,Planta_A,12,Hidráulica,Baja,5,1400.0,
OT00883,Reparación,2026-06-22 10:42:05,Tec_04,EQ487,Prensa hidráulica,Planta_A,4,Eléctrica,Media,1,1400.0,
OT00838,Puesta en operación,2026-06-22 10:52:55,Tec_05,EQ216,Bomba,Planta_A,14,Mecánica,Media,1,1726.14,
OT00795,Puesta en operación,2026-06-22 11:19:36,Tec_06,EQ523,Torno CNC,Planta_B,15,Hidráulica,Alta,3,4380.38,
OT00870,Puesta en operación,2026-06-22 11:27:23,Tec_01,EQ341,Montacargas,Planta_A,9,Eléctrica,Alta,1,1625.12,
OT00870,Puesta en operación,2026-06-22 11:27:23,Tec_01,EQ341,Montacargas,Planta_A,9,Eléctrica,Alta,1,1625.12,
OT00893,Reparación,2026-06-22 11:36:08,Tec_06,EQ615,Compresor,Planta_B,15,Mecánica,Media,1,366.85,
OT00873,Reparación,2026-06-22 11:39:28,Tec_04,EQ130,Montacargas,Planta_A,9,Mecánica,Alta,1,1400.0,
OT00872,Reparación,2026-06-22 11:46:03,Tec_02,EQ158,Bomba,Planta_A,12,Hidráulica,Baja,2,2233.74,
OT00877,Reparación,2026-06-22 11:50:44,Tec_02,EQ082,Compresor,Planta_A,3,Mecánica,Baja,1,1400.0,
OT00879,Prueba,2026-06-22 12:02:49,Tec_03,EQ296,Compresor,Planta_A,12,Hidráulica,Baja,5,1400.0,
OT00880,Reparación,2026-06-22 12:08:19,Tec_04,EQ268,Prensa hidráulica,Planta_A,10,Mecánica,Alta,0,1400.0,
OT00879,Puesta en operación,2026-06-22 12:38:04,Tec_03,EQ296,Compresor,Planta_A,12,Hidráulica,Baja,5,1400.0,
OT00888,Prueba fallida,2026-06-22 12:40:56,Tec_07,EQ199,Montacargas,Planta_B,14,Mecánica,Alta,5,2800.0,
OT00883,Prueba,2026-06-22 12:44:47,Tec_04,EQ487,Prensa hidráulica,Planta_A,4,Eléctrica,Media,1,1400.0,
OT00884,Prueba,2026-06-22 13:15:23,Tec_01,EQ289,Compresor,Planta_A,4,Hidráulica,Baja,2,1400.0,
OT00883,Puesta en operación,2026-06-22 13:15:26,Tec_04,EQ487,Prensa hidráulica,Planta_A,4,Eléctrica,Media,1,1400.0,
OT00886,Reparación,2026-06-22 13:16:37,Tec_05,EQ002,Bomba,Planta_A,12,Eléctrica,Media,2,4200.0,
OT00873,Prueba,2026-06-22 13:30:10,Tec_04,EQ130,Montacargas,Planta_A,9,Mecánica,Alta,1,1400.0,
OT00872,Prueba,2026-06-22 13:30:46,Tec_02,EQ158,Bomba,Planta_A,12,Hidráulica,Baja,2,2233.74,
OT00893,Prueba,2026-06-22 13:53:46,Tec_06,EQ615,Compresor,Planta_B,15,Mecánica,Media,1,366.85,
OT00877,prueba,2026-06-22 14:03:36,Tec_02,EQ082,Compresor,Planta_A,3,Mecánica,Baja,1,1400.0,
OT00880,Prueba,2026-06-22 14:12:16,Tec_04,EQ268,Prensa hidráulica,Planta_A,10,Mecánica,Alta,0,1400.0,
OT00884,Puesta en operación,2026-06-22 14:12:23,Tec_01,EQ289,Compresor,Planta_A,4,Hidráulica,Baja,2,1400.0,
OT00876,Reparación,2026-06-22 14:31:49,Tec_06,EQ520,Torno CNC,Planta_B,13,Software,Alta,3,1400.0,
OT00877,Puesta en operación,2026-06-22 14:34:46,Tec_02,EQ082,Compresor,Planta_A,3,Mecánica,Baja,1,1400.0,
OT00880,Puesta en operación,2026-06-22 14:35:53,Tec_04,EQ268,Prensa hidráulica,Planta_A,10,Mecánica,Alta,0,1400.0,
OT00893,Puesta en operación,2026-06-22 14:38:54,Tec_06,EQ615,Compresor,Planta_B,15,Mecánica,Media,1,366.85,
OT00872,Puesta en operación,2026-06-22 14:45:58,Tec_02,EQ158,Bomba,Planta_A,12,Hidráulica,Baja,2,2233.74,
OT00890,Falla reportada,2026-06-22 14:48:11,Operador_04,EQ704,Torno CNC,Planta_B,18,Eléctrica,Baja,2,4508.34,
OT00873,Puesta en operación,2026-06-22 14:53:30,Tec_04,EQ130,Montacargas,Planta_A,9,Mecánica,Alta,1,1400.0,
OT00886,Prueba fallida,2026-06-22 15:24:19,Tec_05,EQ002,Bomba,Planta_A,12,Eléctrica,Media,2,4200.0,
OT00889,Diagnóstico,2026-06-22 15:24:34,Tec_B01,EQ347,Bomba,Planta_B,15,Software,Baja,3,1400.0,
OT00889,Asignación de técnico,2026-06-22 16:19:37,Jefe_Mantenimiento,EQ347,Bomba,Planta_B,15,Software,Baja,3,1400.0,
OT00896,Falla reportada,2026-06-23 02:26:11,Operador_10,EQ715,Prensa hidráulica,Planta_B,17,Mecánica,Media,6,397.06,
OT00895,Falla reportada,2026-06-23 06:59:28,Operador_06,EQ636,Montacargas,Planta_A,13,Eléctrica,Alta,2,4200.0,
OT00889,Reparación,2026-06-23 07:00:00,Tec_06,EQ347,Bomba,Planta_B,15,Software,Baja,3,1400.0,
OT00886,Nueva reparación,2026-06-23 07:00:00,Tec_05,EQ002,Bomba,Planta_A,12,Eléctrica,Media,2,4200.0,
OT00888,Nueva reparación,2026-06-23 07:00:00,Tec_07,EQ199,Montacargas,Planta_B,14,Mecánica,Alta,5,2800.0,
OT00876,Prueba,2026-06-23 07:00:00,Tec_06,EQ520,Torno CNC,Planta_B,13,Software,Alta,3,1400.0,
OT00887,Recepción de repuesto,2026-06-23 07:16:00,Bodega,EQ687,Montacargas,Planta_B,12,Mecánica,Media,0,1827.8,
OT00832,Recepción de repuesto,2026-06-23 07:17:00,Bodega,EQ662,Torno CNC,Planta_A,8,Eléctrica,Alta,3,2056.92,
OT00891,Recepción de repuesto,2026-06-23 07:19:00,Bodega,EQ144,Bomba,Planta_A,18,Mecánica,Alta,8,3066.94,
OT00896,Diagnóstico,2026-06-23 07:29:00,Tec_B01,EQ715,Prensa hidráulica,Planta_B,17,Mecánica,Media,6,397.06,
OT00895,Diagnóstico,2026-06-23 07:43:50,Tec_04,EQ636,Montacargas,Planta_A,13,Eléctrica,Alta,2,4200.0,
OT00864,Cierre,2026-06-23 08:00:00,Administracion_Mtto,EQ412,Compresor,Planta_A,11,Eléctrica,Alta,2,1234.61,
OT00839,Cierre,2026-06-23 08:18:00,Administracion_Mtto,EQ290,Prensa hidráulica,Planta_A,6,Eléctrica,Media,2,1621.91,
OT00852,Cierre,2026-06-23 08:29:00,Administracion_Mtto,EQ735,Bomba,Planta_A,15,Eléctrica,Media,4,3557.02,
OT00895,Asignación de técnico,2026-06-23 08:32:55,Jefe_Mantenimiento,EQ636,Montacargas,Planta_A,13,Eléctrica,Alta,2,4200.0,
OT00896,Asignación de técnico,2026-06-23 08:38:50,Jefe_Mantenimiento,EQ715,Prensa hidráulica,Planta_B,17,Mecánica,Media,6,397.06,
OT00887,Reparación,2026-06-23 09:05:36,Tec_06,EQ687,Montacargas,Planta_B,12,Mecánica,Media,0,1827.8,
OT00832,Reparación,2026-06-23 09:23:50,Tec_03,EQ662,Torno CNC,Planta_A,8,Eléctrica,Alta,3,2056.92,
OT00888,Prueba,2026-06-23 09:38:56,Tec_07,EQ199,Montacargas,Planta_B,14,Mecánica,Alta,5,2800.0,
OT00876,puesta en operación,2026-06-23 09:46:03,Tec_06,EQ520,Torno CNC,Planta_B,13,Software,Alta,3,1400.0,
OT00889,Prueba,2026-06-23 09:46:28,Tec_06,EQ347,Bomba,Planta_B,15,Software,Baja,3,1400.0,
OT00888,Puesta en operación,2026-06-23 10:17:26,Tec_07,EQ199,Montacargas,Planta_B,14,Mecánica,Alta,5,2800.0,
OT00896,Reparación,2026-06-23 10:56:22,Tec_06,EQ715,Prensa hidráulica,Planta_B,17,Mecánica,Media,6,397.06,
OT00832,Prueba,2026-06-23 10:56:32,Tec_03,EQ662,Torno CNC,Planta_A,8,Eléctrica,Alta,3,2056.92,
OT00889,Puesta en operación,2026-06-23 10:57:35,Tec_06,EQ347,Bomba,Planta_B,15,Software,Baja,3,1400.0,
OT00892,Recepción de repuesto,2026-06-23 11:42:35,Bodega,EQ431,Prensa hidráulica,Planta_A,6,Eléctrica,Alta,3,2418.24,
OT00832,Puesta en operación,2026-06-23 11:48:18,Tec_03,EQ662,Torno CNC,Planta_A,8,Eléctrica,Alta,3,2056.92,
OT00895,Reparación,2026-06-23 12:18:18,Tec_02,EQ636,Montacargas,Planta_A,13,Eléctrica,Alta,2,4200.0,
OT00896,Prueba,2026-06-23 12:22:15,Tec_06,EQ715,Prensa hidráulica,Planta_B,17,Mecánica,Media,6,397.06,
OT00886,Prueba fallida,2026-06-23 12:29:02,Tec_05,EQ002,Bomba,Planta_A,12,Eléctrica,Media,2,4200.0,
OT00887,Prueba,2026-06-23 12:38:10,Tec_06,EQ687,Montacargas,Planta_B,12,Mecánica,Media,0,1827.8,
OT00891,Reparación,2026-06-23 13:04:58,Tec_01,EQ144,Bomba,Planta_A,18,Mecánica,Alta,8,3066.94,
OT00892,Reparación,2026-06-23 13:14:04,Tec_01,EQ431,Prensa hidráulica,Planta_A,6,Eléctrica,Alta,3,2418.24,
OT00890,Diagnóstico,2026-06-23 13:19:02,Tec_B01,EQ704,Torno CNC,Planta_B,18,Eléctrica,Baja,2,4508.34,
OT00887,Puesta en operación,2026-06-23 13:22:15,Tec_06,EQ687,Montacargas,Planta_B,12,Mecánica,Media,0,1827.8,
OT00896,Puesta en operacion,2026-06-23 13:46:51,Tec_06,EQ715,Prensa hidráulica,Planta_B,17,Mecánica,Media,6,397.06,
OT00892,Prueba,2026-06-23 14:11:49,Tec_01,EQ431,Prensa hidráulica,Planta_A,6,Eléctrica,Alta,3,2418.24,
OT00890,Asignación de técnico,2026-06-23 14:20:06,Jefe_Mantenimiento,EQ704,Torno CNC,Planta_B,18,Eléctrica,Baja,2,4508.34,
OT00891,Prueba,2026-06-23 14:20:31,Tec_01,EQ144,Bomba,Planta_A,18,Mecánica,Alta,8,3066.94,
OT00890,Solicitud de repuesto,2026-06-23 14:50:07,Tec_06,EQ704,Torno CNC,Planta_B,18,Eléctrica,Baja,2,4508.34,
OT00886,Nueva reparación,2026-06-23 15:05:07,Tec_05,EQ002,Bomba,Planta_A,12,Eléctrica,Media,2,4200.0,
OT00891,Puesta en operación,,Tec_01,EQ144,Bomba,Planta_A,18,Mecánica,Alta,8,3066.94,
OT00892,Puesta en operación,2026-06-23 15:10:02,Tec_01,EQ431,Prensa hidráulica,Planta_A,6,Eléctrica,Alta,3,2418.24,
OT00894,Falla reportada,2026-06-23 17:50:17,Operador_06,EQ429,Torno CNC,Planta_A,16,Mecánica,Media,3,2800.0,
OT00894,Diagnóstico,2026-06-24 07:00:00,Tec_05,EQ429,Torno CNC,Planta_A,16,Mecánica,Media,3,2800.0,
OT00895,Prueba fallida,2026-06-24 07:00:00,Tec_02,EQ636,Montacargas,Planta_A,13,Eléctrica,Alta,2,4200.0,
OT00843,Recepción de repuesto,2026-06-24 07:00:00,Bodega,EQ407,Torno CNC,Planta_B,17,Hidráulica,Alta,2,3013.63,
OT00843,Recepción de repuesto,2026-06-24 07:00:00,Bodega,EQ407,Torno CNC,Planta_B,17,Hidráulica,Alta,2,3013.63,
OT00886,Prueba,2026-06-24 07:00:00,Tec_05,EQ002,Bomba,Planta_A,12,Eléctrica,Media,2,4200.0,
OT00900,Falla reportada,2026-06-24 07:15:06,Operador_12,EQ726,Montacargas,Planta_B,14,Hidráulica,Baja,5,3108.36,
OT00851,Cierre,2026-06-24 08:04:00,Administracion_Mtto,EQ073,Prensa hidráulica,Planta_A,11,Eléctrica,Media,7,4200.0,
OT00886,Puesta en operación,2026-06-24 08:04:11,Tec_05,EQ002,Bomba,Planta_A,12,Eléctrica,Media,2,4200.0,
OT00875,Cierre,2026-06-24 08:11:00,Administracion_Mtto,EQ236,Torno CNC,Planta_A,5,Mecánica,Media,2,1400.0,
OT00894,Asignación de técnico,2026-06-24 08:17:20,Jefe_Mantenimiento,EQ429,Torno CNC,Planta_A,16,Mecánica,Media,3,2800.0,
OT00901,Falla reportada,2026-06-24 08:53:14,Operador_03,EQ226,Prensa hidráulica,Planta_A,14,Mecánica,Media,0,4386.96,
OT00884,Cierre,2026-06-24 09:58:14,Administracion_Mtto,EQ289,Compresor,Planta_A,4,Hidráulica,Baja,2,1400.0,
OT00894,Reparación,2026-06-24 10:15:45,Tec_02,EQ429,Torno CNC,Planta_A,16,Mecánica,Media,3,2800.0,
OT00901,Diagnóstico,2026-06-24 10:44:32,Tec_02,EQ226,Prensa hidráulica,Planta_A,14,Mecánica,Media,0,4386.96,
OT00843,Reparación,2026-06-24 10:46:47,Tec_07,EQ407,Torno CNC,Planta_B,17,Hidráulica,Alta,2,3013.63,
OT00901,Asignación de técnico,2026-06-24 11:39:03,Jefe_Mantenimiento,EQ226,Prensa hidráulica,Planta_A,14,Mecánica,Media,0,4386.96,
OT00898,Falla reportada,2026-06-24 12:37:13,Operador_09,EQ552,Compresor,Planta_A,17,Eléctrica,Alta,2,734.47,
OT00899,Falla reportada,2026-06-24 12:51:49,Operador_04,EQ734,Bomba,Planta_A,15,Software,Media,7,917.97,
OT00894,Prueba fallida,2026-06-24 13:09:28,Tec_02,EQ429,Torno CNC,Planta_A,16,Mecánica,Media,3,2800.0,
OT00901,Reparación,2026-06-24 13:14:46,Tec_05,EQ226,Prensa hidráulica,Planta_A,14,Mecánica,Media,0,4386.96,
OT00898,Diagnóstico,2026-06-24 13:23:34,Tec_05,EQ552,Compresor,Planta_A,17,Eléctrica,Alta,2,734.47,
OT00843,Prueba,2026-06-24 13:31:07,Tec_07,EQ407,Torno CNC,Planta_B,17,Hidráulica,Alta,2,3013.63,
OT00900,Diagnóstico,2026-06-24 13:39:52,Tec_B01,EQ726,Montacargas,Planta_B,14,Hidráulica,Baja,5,3108.36,
OT00895,Nueva reparación,2026-06-24 14:08:15,Tec_02,EQ636,Montacargas,Planta_A,13,Eléctrica,Alta,2,4200.0,
OT00898,Asignación de técnico,2026-06-24 14:27:26,Jefe_Mantenimiento,EQ552,Compresor,Planta_A,17,Eléctrica,Alta,2,734.47,
OT00900,Asignación de técnico,2026-06-24 14:37:01,Jefe_Mantenimiento,EQ726,Montacargas,Planta_B,14,Hidráulica,Baja,5,3108.36,
OT00843,Puesta en operación,2026-06-24 15:01:30,Tec_07,EQ407,Torno CNC,Planta_B,17,Hidráulica,Alta,2,3013.63,
OT00900,Solicitud de repuesto,2026-06-24 15:07:02,Tec_06,EQ726,Montacargas,Planta_B,14,Hidráulica,Baja,5,3108.36,
OT00891,Cierre,2026-06-24 15:18:33,Administracion_Mtto,EQ144,Bomba,Planta_A,18,Mecánica,Alta,8,3066.94,
OT00870,Cierre,2026-06-24 15:23:12,Administracion_Mtto,EQ341,Montacargas,Planta_A,9,Eléctrica,Alta,1,1625.12,
OT00901,Prueba fallida,2026-06-24 15:45:25,Tec_05,EQ226,Prensa hidráulica,Planta_A,14,Mecánica,Media,0,4386.96,
OT00895,Prueba fallida,2026-06-24 16:24:25,Tec_02,EQ636,Montacargas,Planta_A,13,Eléctrica,Alta,2,4200.0,
OT00897,Falla reportada,2026-06-24 18:02:52,Operador_06,EQ350,Torno CNC,Planta_B,16,Hidráulica,Media,5,3206.17,
OT00907,Falla reportada,2026-06-25 00:31:24,Operador_02,EQ188,Compresor,Planta_A,5,Mecánica,Alta,0,5375.13,
OT00906,Falla reportada,2026-06-25 01:37:42,Operador_05,EQ255,Montacargas,Planta_A,7,Eléctrica,Alta,2,2155.93,
OT00903,Falla reportada,2026-06-25 02:23:21,Operador_10,EQ313,Montacargas,Planta_A,10,Eléctrica,Media,1,338.92,
OT00904,Falla reportada,2026-06-25 05:18:00,Operador_05,EQ032,Montacargas,Planta_A,4,Hidráulica,Media,0,923.5,
OT00909,Falla reportada,2026-06-25 06:00:04,Operador_02,EQ189,Torno CNC,Planta_A,12,Mecánica,Baja,1,1755.45,
OT00901,Nueva reparación,2026-06-25 07:00:00,Tec_05,EQ226,Prensa hidráulica,Planta_A,14,Mecánica,Media,0,4386.96,
OT00894,Nueva reparación,2026-06-25 07:00:00,Tec_02,EQ429,Torno CNC,Planta_A,16,Mecánica,Media,3,2800.0,
OT00898,Reparación,2026-06-25 07:00:00,Tec_03,EQ552,Compresor,Planta_A,17,Eléctrica,Alta,2,734.47,
OT00899,Diagnóstico,2026-06-25 07:00:00,Tec_04,EQ734,Bomba,Planta_A,15,Software,Media,7,917.97,
OT00895,Nueva reparación,2026-06-25 07:00:00,Tec_02,EQ636,Montacargas,Planta_A,13,Eléctrica,Alta,2,4200.0,
OT00897,Diagnóstico,2026-06-25 07:04:00,Tec_B01,EQ350,Torno CNC,Planta_B,16,Hidráulica,Media,5,3206.17,
OT00903,Diagnóstico,2026-06-25 07:11:00,Tec_01,EQ313,Montacargas,Planta_A,10,Eléctrica,Media,1,338.92,
OT00906,Diagnóstico,2026-06-25 07:21:00,Tec_02,EQ255,Montacargas,Planta_A,7,Eléctrica,Alta,2,2155.93,
OT00907,Diagnóstico,2026-06-25 07:26:00,Tec_02,EQ188,Compresor,Planta_A,5,Mecánica,Alta,0,5375.13,
OT00903,Asignación de técnico,2026-06-25 07:47:07,Jefe_Mantenimiento,EQ313,Montacargas,Planta_A,10,Eléctrica,Media,1,338.92,
OT00899,Asignación de técnico,2026-06-25 07:50:09,Jefe_Mantenimiento,EQ734,Bomba,Planta_A,15,Software,Media,7,917.97,
OT00899,Asignación de técnico,2026-06-25 07:50:09,Jefe_Mantenimiento,EQ734,Bomba,Planta_A,15,Software,Media,7,917.97,
OT00893,Cierre,2026-06-25 08:00:00,Administracion_Mtto,EQ615,Compresor,Planta_B,15,Mecánica,Media,1,366.85,
OT00889,Cierre,2026-06-25 08:00:00,Administracion_Mtto,EQ347,Bomba,Planta_B,15,Software,Baja,3,1400.0,
OT00897,Asignación de técnico,2026-06-25 08:03:43,Jefe_Mantenimiento,EQ350,Torno CNC,Planta_B,16,Hidráulica,Media,5,3206.17,
OT00906,Asignación de técnico,2026-06-25 08:06:04,Jefe_Mantenimiento,EQ255,Montacargas,Planta_A,7,Eléctrica,Alta,2,2155.93,
OT00901,Prueba fallida,2026-06-25 08:07:15,Tec_05,EQ226,Prensa hidráulica,Planta_A,14,Mecánica,Media,0,4386.96,
OT00879,Cierre,2026-06-25 08:13:00,Administracion_Mtto,EQ296,Compresor,Planta_A,12,Hidráulica,Baja,5,1400.0,
OT00878,Aprobación de compra,2026-06-25 08:19:00,Gerencia,EQ207,Bomba,Planta_A,3,Mecánica,Baja,1,5013.19,
OT00904,Diagnóstico,2026-06-25 08:21:14,Tec_04,EQ032,Montacargas,Planta_A,4,Hidráulica,Media,0,923.5,
OT00897,Solicitud de repuesto,2026-06-25 08:33:44,Tec_06,EQ350,Torno CNC,Planta_B,16,Hidráulica,Media,5,3206.17,
OT00906,Solicitud de repuesto,2026-06-25 08:36:05,Tec_02,EQ255,Montacargas,Planta_A,7,Eléctrica,Alta,2,2155.93,
OT00880,Cierre,2026-06-25 08:56:13,Administracion_Mtto,EQ268,Prensa hidráulica,Planta_A,10,Mecánica,Alta,0,1400.0,
OT00898,Prueba,2026-06-25 09:02:25,Tec_03,EQ552,Compresor,Planta_A,17,Eléctrica,Alta,2,734.47,
OT00909,Diagnóstico,2026-06-25 09:14:17,Tec_01,EQ189,Torno CNC,Planta_A,12,Mecánica,Baja,1,1755.45,
OT00895,Prueba,2026-06-25 09:29:03,Tec_02,EQ636,Montacargas,Planta_A,13,Eléctrica,Alta,2,4200.0,
OT00898,Puesta en operación,2026-06-25 09:36:18,Tec_03,EQ552,Compresor,Planta_A,17,Eléctrica,Alta,2,734.47,
OT00909,Asignación de técnico,2026-06-25 09:39:28,Jefe_Mantenimiento,EQ189,Torno CNC,Planta_A,12,Mecánica,Baja,1,1755.45,
OT00907,Asignación de técnico,2026-06-25 09:40:41,Jefe_Mantenimiento,EQ188,Compresor,Planta_A,5,Mecánica,Alta,0,5375.13,
OT00894,Prueba,2026-06-25 10:06:15,Tec_02,EQ429,Torno CNC,Planta_A,16,Mecánica,Media,3,2800.0,
OT00909,Solicitud de repuesto,2026-06-25 10:09:29,Tec_05,EQ189,Torno CNC,Planta_A,12,Mecánica,Baja,1,1755.45,
OT00907,Solicitud de repuesto,2026-06-25 10:10:42,Tec_04,EQ188,Compresor,Planta_A,5,Mecánica,Alta,0,5375.13,
OT00905,Falla reportada,2026-06-25 10:14:29,Operador_12,EQ690,Torno CNC,Planta_A,8,Eléctrica,Baja,2,1684.98,
OT00903,Reparación,2026-06-25 10:53:24,Tec_01,EQ313,Montacargas,Planta_A,10,Eléctrica,Media,1,338.92,
OT00904,Asignación de técnico,2026-06-25 10:54:15,Jefe_Mantenimiento,EQ032,Montacargas,Planta_A,4,Hidráulica,Media,0,923.5,
OT00908,Falla reportada,2026-06-25 10:55:00,Operador_01,EQ529,Bomba,Planta_B,14,Eléctrica,Media,7,4917.7,
OT00895,Puesta en operación,2026-06-25 11:18:25,Tec_02,EQ636,Montacargas,Planta_A,13,Eléctrica,Alta,2,4200.0,
OT00901,Nueva reparación,2026-06-25 11:20:35,Tec_05,EQ226,Prensa hidráulica,Planta_A,14,Mecánica,Media,0,4386.96,
OT00901,Nueva reparación,2026-06-25 11:20:35,Tec_05,EQ226,Prensa hidráulica,Planta_A,14,Mecánica,Media,0,4386.96,
OT00903,Prueba,2026-06-25 11:27:28,Tec_01,EQ313,Montacargas,Planta_A,10,Eléctrica,Media,1,338.92,
OT00894,Puesta en operación,2026-06-25 11:54:42,Tec_02,EQ429,Torno CNC,Planta_A,16,Mecánica,Media,3,2800.0,
OT00896,Cierre,2026-06-25 11:54:58,Administracion_Mtto,EQ715,Prensa hidráulica,Planta_B,17,Mecánica,Media,6,397.06,
OT00903,Puesta en operación,2026-06-25 12:04:22,Tec_01,EQ313,Montacargas,Planta_A,10,Eléctrica,Media,1,338.92,
OT00899,Reparación,2026-06-25 12:21:53,Tec_02,EQ734,Bomba,Planta_A,15,Software,Media,7,917.97,
OT00901,Prueba fallida,2026-06-25 12:31:36,Tec_05,EQ226,Prensa hidráulica,Planta_A,14,Mecánica,Media,0,4386.96,
OT00902,Falla reportada,2026-06-25 12:44:44,Operador_02,EQ320,Torno CNC,Planta_B,16,Software,Media,3,965.35,
OT00905,Diagnóstico,2026-06-25 13:51:09,Tec_02,EQ690,Torno CNC,Planta_A,8,Eléctrica,Baja,2,1684.98,
OT00899,Prueba,2026-06-25 14:13:39,Tec_02,EQ734,Bomba,Planta_A,15,Software,Media,7,917.97,
OT00901,Nueva reparación,2026-06-25 14:25:45,Tec_05,EQ226,Prensa hidráulica,Planta_A,14,Mecánica,Media,0,4386.96,
OT00901,Prueba,2026-06-25 15:05:27,Tec_05,EQ226,Prensa hidráulica,Planta_A,14,Mecánica,Media,0,4386.96,
OT00899,Puesta en operación,2026-06-25 15:05:30,Tec_02,EQ734,Bomba,Planta_A,15,Software,Media,7,917.97,
OT00905,Asignación de técnico,2026-06-25 15:54:45,Jefe_Mantenimiento,EQ690,Torno CNC,Planta_A,8,Eléctrica,Baja,2,1684.98,
OT00901,Puesta en operación,2026-06-25 16:13:22,Tec_05,EQ226,Prensa hidráulica,Planta_A,14,Mecánica,Media,0,4386.96,
OT00905,Solicitud de repuesto,2026-06-25 16:24:46,Tec_05,EQ690,Torno CNC,Planta_A,8,Eléctrica,Baja,2,1684.98,
OT00904,Reparación,2026-06-25 16:49:31,Tec_04,EQ032,Montacargas,Planta_A,4,Hidráulica,Media,0,923.5,
OT00908,Diagnóstico,2026-06-26 07:00:00,Tec_B01,EQ529,Bomba,Planta_B,14,Eléctrica,Media,7,4917.7,
OT00904,Prueba,2026-06-26 07:00:00,Tec_04,EQ032,Montacargas,Planta_A,4,Hidráulica,Media,0,923.5,
OT00878,Recepción de repuesto,2026-06-26 07:03:00,Bodega,EQ207,Bomba,Planta_A,3,Mecánica,Baja,1,5013.19,
OT00900,Recepción de repuesto,2026-06-26 07:07:00,Bodega,EQ726,Montacargas,Planta_B,14,Hidráulica,Baja,5,3108.36,
OT00902,Diagnóstico,2026-06-26 07:24:00,Tec_B01,EQ320,Torno CNC,Planta_B,16,Software,Media,3,965.35,
OT00904,Puesta en operación,2026-06-26 07:41:08,Tec_04,EQ032,Montacargas,Planta_A,4,Hidráulica,Media,0,923.5,
OT00908,Asignación de técnico,2026-06-26 07:41:53,Jefe_Mantenimiento,EQ529,Bomba,Planta_B,14,Eléctrica,Media,7,4917.7,
OT00832,Cierre,2026-06-26 08:01:00,Administracion_Mtto,EQ662,Torno CNC,Planta_A,8,Eléctrica,Alta,3,2056.92,
OT00795,Cierre,2026-06-26 08:11:51,Administracion_Mtto,EQ523,Torno CNC,Planta_B,15,Hidráulica,Alta,3,4380.38,
OT00908,Solicitud de repuesto,2026-06-26 08:11:54,Tec_07,EQ529,Bomba,Planta_B,14,Eléctrica,Media,7,4917.7,
OT00883,Cierre,2026-06-26 08:13:00,Administracion_Mtto,EQ487,Prensa hidráulica,Planta_A,4,Eléctrica,Media,1,1400.0,
OT00902,Asignación de técnico,2026-06-26 08:53:23,Jefe_Mantenimiento,EQ320,Torno CNC,Planta_B,16,Software,Media,3,965.35,
OT00878,Reparación,2026-06-26 09:20:55,Tec_02,EQ207,Bomba,Planta_A,3,Mecánica,Baja,1,5013.19,
OT00900,Reparación,2026-06-26 10:14:26,Tec_06,EQ726,Montacargas,Planta_B,14,Hidráulica,Baja,5,3108.36,
OT00900,Prueba,2026-06-26 11:23:41,Tec_06,EQ726,Montacargas,Planta_B,14,Hidráulica,Baja,5,3108.36,
OT00878,Prueba,2026-06-26 12:00:03,Tec_02,EQ207,Bomba,Planta_A,3,Mecánica,Baja,1,5013.19,
OT00902,Reparación,2026-06-26 12:01:49,Tec_07,EQ320,Torno CNC,Planta_B,16,Software,Media,3,965.35,
OT00900,Puesta en operación,2026-06-26 12:35:49,Tec_06,EQ726,Montacargas,Planta_B,14,Hidráulica,Baja,5,3108.36,
OT00878,Puesta en operación,2026-06-26 12:58:16,Tec_02,EQ207,Bomba,Planta_A,3,Mecánica,Baja,1,5013.19,
OT00895,Cierre,2026-06-26 13:33:10,Administracion_Mtto,EQ636,Montacargas,Planta_A,13,Eléctrica,Alta,2,4200.0,
OT00903,Cierre,2026-06-26 13:45:39,Administracion_Mtto,EQ313,Montacargas,Planta_A,10,Eléctrica,Media,1,338.92,
OT00902,Prueba,2026-06-26 15:21:06,Tec_07,EQ320,Torno CNC,Planta_B,16,Software,Media,3,965.35,
OT00902,Puesta en operación,2026-06-26 16:19:37,Tec_07,EQ320,Torno CNC,Planta_B,16,Software,Media,3,965.35,
OT00906,Recepción de repuesto,2026-06-29 07:00:00,Bodega,EQ255,Montacargas,Planta_A,7,Eléctrica,Alta,2,2155.93,
OT00881,Recepción de repuesto,2026-06-29 07:00:00,Bodega,EQ214,Compresor,Planta_A,16,Hidráulica,Baja,2,4122.18,
OT00890,Recepción de repuesto,2026-06-29 07:00:00,Bodega,EQ704,Torno CNC,Planta_B,18,Eléctrica,Baja,2,4508.34,
OT00840,Recepción de repuesto,2026-06-29 07:00:00,Bodega,EQ655,Torno CNC,Planta_B,6,Hidráulica,Media,3,3449.14,
OT00894,Cierre,2026-06-29 08:00:00,Administracion_Mtto,EQ429,Torno CNC,Planta_A,16,Mecánica,Media,3,2800.0,
OT00874,Cierre,2026-06-29 08:00:00,Administracion_Mtto,EQ129,Compresor,Planta_A,13,Hidráulica,Baja,1,1400.0,
OT00899,Cierre,2026-06-29 08:00:00,Administracion_Mtto,EQ734,Bomba,Planta_A,15,Software,Media,7,917.97,
OT00838,Cierre,2026-06-29 08:00:00,Administracion_Mtto,EQ216,Bomba,Planta_A,14,Mecánica,Media,1,1726.14,
OT00886,Cierre,2026-06-29 08:00:00,Administracion_Mtto,EQ002,Bomba,Planta_A,12,Eléctrica,Media,2,4200.0,
OT00843,Cierre,2026-06-29 08:00:00,Administracion_Mtto,EQ407,Torno CNC,Planta_B,17,Hidráulica,Alta,2,3013.63,
OT00904,Cierre,2026-06-29 08:00:00,Administracion_Mtto,EQ032,Montacargas,Planta_A,4,Hidráulica,Media,0,923.5,
OT00878,Cierre,2026-06-29 08:00:00,Administracion_Mtto,EQ207,Bomba,Planta_A,3,Mecánica,Baja,1,5013.19,
OT00888,Cierre,2026-06-29 08:00:00,Administracion_Mtto,EQ199,Montacargas,Planta_B,14,Mecánica,Alta,5,2800.0,
OT00872,Cierre,2026-06-29 08:24:00,Administracion_Mtto,EQ158,Bomba,Planta_A,12,Hidráulica,Baja,2,2233.74,
OT00840,Reparación,2026-06-29 09:47:57,Tec_06,EQ655,Torno CNC,Planta_B,6,Hidráulica,Media,3,3449.14,
OT00906,Reparación,2026-06-29 10:10:24,Tec_02,EQ255,Montacargas,Planta_A,7,Eléctrica,Alta,2,2155.93,
OT00877,Cierre,2026-06-29 11:49:09,Administracion_Mtto,EQ082,Compresor,Planta_A,3,Mecánica,Baja,1,1400.0,
OT00881,Reparación,2026-06-29 12:58:41,Tec_05,EQ214,Compresor,Planta_A,16,Hidráulica,Baja,2,4122.18,
OT00907,Aprobación de compra,2026-06-29 14:01:53,Gerencia,EQ188,Compresor,Planta_A,5,Mecánica,Alta,0,5375.13,
OT00890,Reparación,2026-06-29 14:06:48,Tec_06,EQ704,Torno CNC,Planta_B,18,Eléctrica,Baja,2,4508.34,
OT00840,Prueba,2026-06-29 14:25:06,Tec_06,EQ655,Torno CNC,Planta_B,6,Hidráulica,Media,3,3449.14,
OT00890,Prueba fallida,2026-06-29 15:15:17,Tec_06,EQ704,Torno CNC,Planta_B,18,Eléctrica,Baja,2,4508.34,
OT00906,Prueba,2026-06-29 15:41:24,Tec_02,EQ255,Montacargas,Planta_A,7,Eléctrica,Alta,2,2155.93,
OT00906,Puesta en operación,2026-06-29 16:30:32,Tec_02,EQ255,Montacargas,Planta_A,7,Eléctrica,Alta,2,2155.93,
OT00840,Puesta en operación,2026-06-29 16:37:39,Tec_06,EQ655,Torno CNC,Planta_B,6,Hidráulica,Media,3,3449.14,
OT00881,Prueba fallida,2026-06-30 07:00:00,Tec_05,EQ214,Compresor,Planta_A,16,Hidráulica,Baja,2,4122.18,
OT00890,Nueva reparación,2026-06-30 07:00:00,Tec_06,EQ704,Torno CNC,Planta_B,18,Eléctrica,Baja,2,4508.34,
OT00901,Cierre,2026-06-30 08:00:00,Administracion_Mtto,EQ226,Prensa hidráulica,Planta_A,14,Mecánica,Media,0,4386.96,
OT00898,Cierre,2026-06-30 08:00:00,Administracion_Mtto,EQ552,Compresor,Planta_A,17,Eléctrica,Alta,2,734.47,
OT00887,Cierre,2026-06-30 08:00:00,Administracion_Mtto,EQ687,Montacargas,Planta_B,12,Mecánica,Media,0,1827.8,
OT00890,Prueba,2026-06-30 08:00:12,Tec_06,EQ704,Torno CNC,Planta_B,18,Eléctrica,Baja,2,4508.34,
OT00890,Puesta en operación,2026-06-30 08:41:41,Tec_06,EQ704,Torno CNC,Planta_B,18,Eléctrica,Baja,2,4508.34,
OT00907,Recepción de repuesto,2026-06-30 09:28:54,Bodega,EQ188,Compresor,Planta_A,5,Mecánica,Alta,0,5375.13,
OT00907,Reparación,2026-06-30 12:29:22,Tec_04,EQ188,Compresor,Planta_A,5,Mecánica,Alta,0,5375.13,
OT00881,Nueva reparación,2026-06-30 13:53:37,Tec_05,EQ214,Compresor,Planta_A,16,Hidráulica,Baja,2,4122.18,
OT00907,Prueba,2026-06-30 14:21:54,Tec_04,EQ188,Compresor,Planta_A,5,Mecánica,Alta,0,5375.13,
OT00907,Puesta en operación,2026-06-30 15:37:29,Tec_04,EQ188,Compresor,Planta_A,5,Mecánica,Alta,0,5375.13,
OT00881,Prueba,2026-06-30 16:12:52,Tec_05,EQ214,Compresor,Planta_A,16,Hidráulica,Baja,2,4122.18,
