case_id,activity,timestamp,resource,tipo_examen,edad,sexo,prioridad,area,resultado_final
EP00464,Registro del paciente,2026-01-05 02:37:56,Admision_02,,50,M,4,Emergencias,Alta
EP00464,Triage,2026-01-05 03:03:50,Enf_Triage_02,,50,M,4,Emergencias,Alta
EP00464,Consulta médica,2026-01-05 04:47:45,Dr_Emerge_03,,50,M,4,Emergencias,Alta
EP00464,Tratamiento,2026-01-05 05:23:32,Enf_Emerge_04,,50,M,4,Emergencias,Alta
EP00464,Alta,2026-01-05 06:43:26,Dr_Emerge_03,,50,M,4,Emergencias,Alta
EP00883,Registro del paciente,2026-01-05 09:55:55,Admision_01,,45,M,1,Medicina Interna,Alta
EP00883,Triage,2026-01-05 09:58:56,Enf_Triage_01,,45,M,1,Medicina Interna,Alta
EP00883,Consulta médica,2026-01-05 10:02:56,Dr_Medici_02,,45,M,1,Medicina Interna,Alta
EP00883,Consulta médica,2026-01-05 10:51:43,Dr_Medici_02,,45,M,1,Medicina Interna,Alta
EP00883,Tratamiento,2026-01-05 11:40:42,Enf_Medici_04,,45,M,1,Medicina Interna,Alta
EP00883,Alta,2026-01-05 12:09:33,Dr_Medici_02,,45,M,1,Medicina Interna,Alta
EP00025,Registro del paciente,2026-01-05 12:55:21,Admision_03,,95,M,3,Emergencias,Hospitalización
EP00025,Triage,2026-01-05 13:23:00,Enf_Triage_01,,95,M,3,Emergencias,Hospitalización
EP00025,Consulta médica,2026-01-05 14:39:47,Dr_Emerge_02,,95,M,3,Emergencias,Hospitalización
EP00025,Tratamiento,2026-01-05 15:11:58,Enf_Emerge_04,,95,M,3,Emergencias,Hospitalización
EP01302,Registro del paciente,2026-01-05 18:06:16,Admision_02,,15,M,4,Medicina Interna,Alta
EP01302,Triage,2026-01-05 18:40:28,Enf_Triage_02,,15,M,4,Medicina Interna,Alta
EP01266,Registro del paciente,2026-01-05 19:31:12,Admision_02,,7,F,4,Pediatría,Hospitalización
EP01302,Consulta médica,2026-01-05 19:45:31,Dr_Medici_01,,15,M,4,Medicina Interna,Alta
EP01302,Solicitud de examen,2026-01-05 20:01:45,Dr_Medici_01,Imagenología,15,M,4,Medicina Interna,Alta
EP01266,Triage,2026-01-05 20:27:47,Enf_Triage_02,,7,F,4,Pediatría,Hospitalización
EP00025,Ingreso a hospitalización,2026-01-05 22:28:39,Gestion_Camas,,95,M,3,Emergencias,Hospitalización
EP01266,Consulta médica,2026-01-05 22:55:33,Dr_Pediat_01,,7,F,4,Pediatría,Hospitalización
EP01266,Tratamiento,2026-01-05 23:35:09,Enf_Pediat_01,,7,F,4,Pediatría,Hospitalización
EP00226,Registro del paciente,2026-01-06 03:51:45,Admision_03,,45,M,2,Traumatología,Hospitalización
EP01302,Realización de examen,2026-01-06 04:12:06,Imagenologia,Imagenología,15,M,4,Medicina Interna,Alta
EP00226,Triage,2026-01-06 04:19:18,Enf_Triage_02,,45,M,2,Traumatología,Hospitalización
EP00479,Registro del paciente,2026-01-06 04:33:20,Admision_01,,24,F,3,Emergencias,Alta
EP00226,Consulta médica,2026-01-06 04:52:59,Dr_Trauma_02,,45,M,2,Traumatología,Hospitalización
EP00226,Solicitud de examen,2026-01-06 05:05:13,Dr_Trauma_02,Imagenología,45,M,2,Traumatología,Hospitalización
EP00479,Triage,2026-01-06 05:10:57,Enf_Triage_03,,24,F,3,Emergencias,Alta
EP01302,Evaluación de resultados,2026-01-06 05:52:35,Dr_Medici_01,Imagenología,15,M,4,Medicina Interna,Alta
EP01302,Tratamiento,2026-01-06 06:30:02,Enf_Medici_01,,15,M,4,Medicina Interna,Alta
EP01302,Alta,2026-01-06 07:05:03,Dr_Medici_01,,15,M,4,Medicina Interna,Alta
EP00973,Registro del paciente,2026-01-06 08:34:54,Admision_02,,59,F,3,Emergencias,Alta
EP00226,Realización de examen,2026-01-06 08:35:17,Imagenologia,Imagenología,45,M,2,Traumatología,Hospitalización
EP00479,Consulta médica,2026-01-06 08:51:11,Dr_Emerge_01,,24,F,3,Emergencias,Alta
EP00973,Triage,2026-01-06 09:12:05,Enf_Triage_02,,59,F,3,Emergencias,Alta
EP01266,Ingreso a hospitalización,2026-01-06 09:12:55,Gestion_Camas,,7,F,4,Pediatría,Hospitalización
EP00226,Evaluación de resultados,2026-01-06 09:37:01,Dr_Trauma_02,Imagenología,45,M,2,Traumatología,Hospitalización
EP00479,Tratamiento,2026-01-06 09:42:09,Enf_Emerge_02,,24,F,3,Emergencias,Alta
EP00479,Tratamiento,2026-01-06 09:42:09,Enf_Emerge_02,,24,F,3,Emergencias,Alta
EP00096,Registro del paciente,2026-01-06 09:43:16,Admision_03,,39,F,3,Traumatología,Alta
EP00973,Consulta médica,2026-01-06 09:53:39,Dr_Emerge_02,,59,F,3,Emergencias,Alta
EP00226,Tratamiento,2026-01-06 09:57:16,Enf_Trauma_01,,45,M,2,Traumatología,Hospitalización
EP00096,Triage,2026-01-06 10:07:39,Enf_Triage_03,,39,F,3,Traumatología,Alta
EP00479,Alta,2026-01-06 10:42:22,Dr_Emerge_01,,24,F,3,Emergencias,Alta
EP00973,Tratamiento,2026-01-06 10:46:23,Enf_Emerge_04,,59,F,3,Emergencias,Alta
EP00520,Registro del paciente,2026-01-06 11:03:30,Admision_02,,63,F,4,Medicina Interna,Alta
EP00973,Alta,2026-01-06 11:13:06,Dr_Emerge_02,,59,F,3,Emergencias,Alta
EP00674,Registro del paciente,2026-01-06 11:13:20,Admision_03,,50,F,2,Emergencias,Alta
EP00520,Triage,2026-01-06 11:23:30,Enf_Triage_03,,63,F,4,Medicina Interna,Alta
EP00674,Triage,2026-01-06 11:51:01,Enf_Triage_03,,50,F,2,Emergencias,Alta
EP00674,Consulta médica,2026-01-06 12:17:45,Dr_Emerge_04,,50,F,2,Emergencias,Alta
EP00096,Consulta médica,2026-01-06 12:44:39,Dr_Trauma_04,,39,F,3,Traumatología,Alta
EP01277,Registro del paciente,2026-01-06 12:48:43,Admision_03,,33,M,3,Emergencias,Alta
EP01277,Triage,2026-01-06 13:09:13,Enf_Triage_02,,33,M,3,Emergencias,Alta
EP00226,Ingreso a hospitalización,2026-01-06 13:14:00,Gestion_Camas,,45,M,2,Traumatología,Hospitalización
EP00096,Tratamiento,2026-01-06 13:23:22,Enf_Trauma_04,,39,F,3,Traumatología,Alta
EP01082,Registro del paciente,2026-01-06 14:43:26,Admision_01,,42,M,4,Emergencias,Alta
EP00096,Alta,2026-01-06 14:58:06,Dr_Trauma_04,,39,F,3,Traumatología,Alta
EP01277,Consulta médica,2026-01-06 15:09:09,Dr_Emerge_03,,33,M,3,Emergencias,Alta
EP01082,Triage,2026-01-06 15:11:32,Enf_Triage_03,,42,M,4,Emergencias,Alta
EP00928,Registro del paciente,2026-01-06 15:21:57,Admision_02,,39,M,5,Emergencias,Hospitalización
EP00869,Registro del paciente,2026-01-06 15:41:13,Admision_02,,19,M,4,Emergencias,Alta
EP00928,Triage,2026-01-06 15:50:43,Enf_Triage_03,,39,M,5,Emergencias,Hospitalización
EP00047,Registro del paciente,2026-01-06 16:06:44,Admision_01,,74,M,5,Emergencias,Alta
EP01277,Tratamiento,2026-01-06 16:08:54,Enf_Emerge_03,,33,M,3,Emergencias,Alta
EP01277,Alta,2026-01-06 16:46:21,Dr_Emerge_03,,33,M,3,Emergencias,Alta
EP00047,Triage,2026-01-06 16:52:25,Enf_Triage_01,,74,M,5,Emergencias,Alta
EP00869,Triage,2026-01-06 16:58:23,Enf_Triage_01,,19,M,4,Emergencias,Alta
EP00520,Consulta médica,2026-01-06 17:06:02,Dr_Medici_03,,63,F,4,Medicina Interna,Alta
EP00674,Interconsulta especialista,2026-01-06 17:08:12,Especialista_02,,50,F,2,Emergencias,Alta
EP00520,Solicitud de examen,2026-01-06 17:15:59,Dr_Medici_03,Imagenología,63,F,4,Medicina Interna,Alta
EP00674,Tratamiento,2026-01-06 18:06:59,Enf_Emerge_02,,50,F,2,Emergencias,Alta
EP00892,Registro del paciente,2026-01-06 18:39:33,Admision_03,,9,F,4,Pediatría,Alta
EP00674,Alta,2026-01-06 18:55:05,Dr_Emerge_04,,50,F,2,Emergencias,Alta
EP00892,Triage,2026-01-06 19:11:38,Enf_Triage_02,,9,F,4,Pediatría,Alta
EP01082,Consulta médica,2026-01-06 19:26:39,Dr_Emerge_02,,42,M,4,Emergencias,Alta
EP01082,Tratamiento,2026-01-06 20:05:44,Enf_Emerge_01,,42,M,4,Emergencias,Alta
EP00869,Consulta médica,2026-01-06 20:19:01,Dr_Emerge_04,,19,M,4,Emergencias,Alta
EP00869,Tratamiento,2026-01-06 20:45:35,Enf_Emerge_02,,19,M,4,Emergencias,Alta
EP01082,Alta,2026-01-06 21:05:21,Dr_Emerge_02,,42,M,4,Emergencias,Alta
EP00892,Consulta médica,2026-01-06 21:43:57,Dr_Pediat_03,,9,F,4,Pediatría,Alta
EP00892,Tratamiento,2026-01-06 22:25:31,Enf_Pediat_02,,9,F,4,Pediatría,Alta
EP00869,Alta,2026-01-06 22:28:45,Dr_Emerge_04,,19,M,4,Emergencias,Alta
EP00047,Consulta médica,2026-01-06 22:33:27,Dr_Emerge_02,,74,M,5,Emergencias,Alta
EP00520,Realización de examen,2026-01-06 22:39:20,Imagenologia,Imagenología,63,F,4,Medicina Interna,Alta
EP00047,Tratamiento,2026-01-06 23:14:58,Enf_Emerge_03,,74,M,5,Emergencias,Alta
EP01411,Registro del paciente,2026-01-06 23:31:26,Admision_01,,50,F,4,Medicina Interna,Alta
EP00892,Alta,2026-01-06 23:57:27,Dr_Pediat_03,,9,F,4,Pediatría,Alta
EP01411,Triage,2026-01-07 00:16:06,Enf_Triage_03,,50,F,4,Medicina Interna,Alta
EP00047,Alta,2026-01-07 00:19:52,Dr_Emerge_02,,74,M,5,Emergencias,Alta
EP00928,Consulta médica,2026-01-07 00:45:01,Dr_Emerge_04,,39,M,5,Emergencias,Hospitalización
EP00928,Solicitud de examen,2026-01-07 00:58:24,Dr_Emerge_04,Laboratorio,39,M,5,Emergencias,Hospitalización
EP00520,Evaluación de resultados,2026-01-07 01:41:41,Dr_Medici_03,Imagenología,63,F,4,Medicina Interna,Alta
EP00520,Solicitud de examen,2026-01-07 01:46:50,Dr_Medici_03,Laboratorio,63,F,4,Medicina Interna,Alta
EP00928,Realización de examen,2026-01-07 02:14:42,Laboratorio_Clinico,Laboratorio,39,M,5,Emergencias,Hospitalización
EP00520,Realización de examen,2026-01-07 02:37:58,Laboratorio_Clinico,Laboratorio,63,F,4,Medicina Interna,Alta
EP01411,Consulta médica,2026-01-07 02:57:17,Dr_Medici_04,,50,F,4,Medicina Interna,Alta
EP00928,Evaluación de resultados,2026-01-07 03:25:16,Dr_Emerge_04,Laboratorio,39,M,5,Emergencias,Hospitalización
EP01411,Tratamiento,2026-01-07 03:59:51,Enf_Medici_03,,50,F,4,Medicina Interna,Alta
EP00928,Tratamiento,2026-01-07 04:08:30,Enf_Emerge_03,,39,M,5,Emergencias,Hospitalización
EP00520,Evaluación de resultados,2026-01-07 04:38:24,Dr_Medici_03,Laboratorio,63,F,4,Medicina Interna,Alta
EP01411,Alta,2026-01-07 04:57:04,Dr_Medici_04,,50,F,4,Medicina Interna,Alta
EP00520,Tratamiento,2026-01-07 05:06:55,Enf_Medici_03,,63,F,4,Medicina Interna,Alta
EP01067,Registro del paciente,2026-01-07 06:03:33,Admision_03,,37,F,4,Emergencias,Alta
EP00520,Alta,2026-01-07 06:08:21,Dr_Medici_03,,63,F,4,Medicina Interna,Alta
EP00928,Ingreso a hospitalización,2026-01-07 06:20:41,Gestion_Camas,,39,M,5,Emergencias,Hospitalización
EP01067,Triage,2026-01-07 06:48:27,Enf_Triage_03,,37,F,4,Emergencias,Alta
EP01237,Registro del paciente,2026-01-07 08:28:48,Admision_03,,25,M,5,Medicina Interna,Alta
EP01031,Registro del paciente,2026-01-07 08:48:48,Admision_01,,36,M,3,Emergencias,Alta
EP01067,Consulta médica,2026-01-07 08:53:50,Dr_Emerge_04,,37,F,4,Emergencias,Alta
EP00051,Registro del paciente,2026-01-07 08:56:53,Admision_02,,13,M,2,Pediatría,Hospitalización
EP01237,Triage,2026-01-07 09:02:27,Enf_Triage_01,,25,M,5,Medicina Interna,Alta
EP00579,Registro del paciente,2026-01-07 09:26:50,Admision_03,,20,M,4,Medicina Interna,Alta
EP01031,Triage,2026-01-07 09:32:08,Enf_Triage_03,,36,M,3,Emergencias,Alta
EP00051,Triage,2026-01-07 09:35:35,Enf_Triage_02,,13,M,2,Pediatría,Hospitalización
EP01067,Tratamiento,2026-01-07 09:43:29,Enf_Emerge_03,,37,F,4,Emergencias,Alta
EP00579,Triage,2026-01-07 09:49:21,Enf_Triage_01,,20,M,4,Medicina Interna,Alta
EP00992,Registro del paciente,2026-01-07 10:14:16,Admision_03,,67,F,5,Emergencias,Alta
EP01237,Consulta médica,2026-01-07 10:17:28,Dr_Medici_04,,25,M,5,Medicina Interna,Alta
EP00051,Consulta médica,2026-01-07 10:19:27,Dr_Pediat_02,,13,M,2,Pediatría,Hospitalización
EP01237,Solicitud de examen,,Dr_Medici_04,Laboratorio,25,M,5,Medicina Interna,Alta
EP00567,Registro del paciente,2026-01-07 10:29:35,Admision_03,,48,F,3,Medicina Interna,Alta
EP00567,Triage,2026-01-07 10:58:04,Enf_Triage_02,,48,F,3,Medicina Interna,Alta
EP00992,Triage,2026-01-07 10:59:29,Enf_Triage_01,,67,F,5,Emergencias,Alta
EP01067,Alta,2026-01-07 11:02:00,Dr_Emerge_04,,37,F,4,Emergencias,Alta
EP00163,Registro del paciente,2026-01-07 11:06:27,Admision_02,,34,M,3,Traumatología,Alta
EP00051,Tratamiento,2026-01-07 11:28:35,Enf_Pediat_04,,13,M,2,Pediatría,Hospitalización
EP01237,Realización de examen,2026-01-07 11:36:09,Laboratorio_Clinico,Laboratorio,25,M,5,Medicina Interna,Alta
EP00163,Triage,2026-01-07 11:50:31,Enf_Triage_01,,34,M,3,Traumatología,Alta
EP01031,Consulta médica,2026-01-07 12:12:37,Dr_Emerge_02,,36,M,3,Emergencias,Alta
EP00579,Consulta médica,2026-01-07 12:23:14,Dr_Medici_02,,20,M,4,Medicina Interna,Alta
EP01237,Evaluación de resultados,2026-01-07 12:35:36,Dr_Medici_04,Laboratorio,25,M,5,Medicina Interna,Alta
EP00567,Consulta médica,2026-01-07 12:53:31,Dr_Medici_04,,48,F,3,Medicina Interna,Alta
EP00567,Solicitud de examen,2026-01-07 13:03:08,Dr_Medici_04,Laboratorio,48,F,3,Medicina Interna,Alta
EP01031,Tratamiento,2026-01-07 13:08:09,Enf_Emerge_01,,36,M,3,Emergencias,Alta
EP00567,Realización de examen,2026-01-07 14:06:46,Laboratorio_Clinico,Laboratorio,48,F,3,Medicina Interna,Alta
EP01226,Registro del paciente,2026-01-07 14:14:41,Admision_03,,56,M,5,Medicina Interna,Hospitalización
EP00567,Evaluación de resultados,2026-01-07 14:29:53,Dr_Medici_04,Laboratorio,48,F,3,Medicina Interna,Alta
EP01031,Alta,2026-01-07 14:36:45,Dr_Emerge_02,,36,M,3,Emergencias,Alta
EP00567,Tratamiento,2026-01-07 14:55:20,Enf_Medici_03,,48,F,3,Medicina Interna,Alta
EP00837,Registro del paciente,2026-01-07 14:59:54,Admision_01,,55,F,3,Medicina Interna,Alta
EP01226,Triage,2026-01-07 15:05:32,Enf_Triage_03,,56,M,5,Medicina Interna,Hospitalización
EP01226,Triage,2026-01-07 15:05:32,Enf_Triage_03,,56,M,5,Medicina Interna,Hospitalización
EP00837,Triage,2026-01-07 15:28:33,Enf_Triage_02,,55,F,3,Medicina Interna,Alta
EP00567,Alta,2026-01-07 15:31:35,Dr_Medici_04,,48,F,3,Medicina Interna,Alta
EP00051,Ingreso a hospitalización,2026-01-07 15:39:43,Gestion_Camas,,13,M,2,Pediatría,Hospitalización
EP00878,Registro del paciente,2026-01-07 16:26:34,Admision_02,,61,M,3,Emergencias,Alta
EP00992,Consulta médica,2026-01-07 16:28:41,Dr_Emerge_03,,67,F,5,Emergencias,Alta
EP00837,Consulta médica,2026-01-07 16:40:14,Dr_Medici_02,,55,F,3,Medicina Interna,Alta
EP00837,Solicitud de examen,2026-01-07 16:56:22,Dr_Medici_02,Laboratorio,55,F,3,Medicina Interna,Alta
EP01237,Consulta médica,2026-01-07 17:02:26,Dr_Medici_04,,25,M,5,Medicina Interna,Alta
EP00992,Tratamiento,2026-01-07 17:13:23,Enf_Emerge_01,,67,F,5,Emergencias,Alta
EP00878,Triage,2026-01-07 17:16:02,Enf_Triage_02,,61,M,3,Emergencias,Alta
EP00163,Consulta médica,2026-01-07 17:21:00,Dr_Trauma_03,,34,M,3,Traumatología,Alta
EP00163,Solicitud de examen,2026-01-07 17:29:22,Dr_Trauma_03,Imagenología,34,M,3,Traumatología,Alta
EP01237,Tratamiento,2026-01-07 17:42:01,Enf_Medici_02,,25,M,5,Medicina Interna,Alta
EP00837,Realización de examen,2026-01-07 18:03:39,Laboratorio_Clinico,Laboratorio,55,F,3,Medicina Interna,Alta
EP00992,Alta,2026-01-07 18:08:41,Dr_Emerge_03,,67,F,5,Emergencias,Alta
EP01237,Alta,2026-01-07 18:09:53,Dr_Medici_04,,25,M,5,Medicina Interna,Alta
EP00837,Evaluación de resultados,2026-01-07 18:46:07,Dr_Medici_02,Laboratorio,55,F,3,Medicina Interna,Alta
EP00878,Consulta médica,2026-01-07 18:54:47,Dr_Emerge_02,,61,M,3,Emergencias,Alta
EP00837,Tratamiento,2026-01-07 19:31:57,Enf_Medici_01,,55,F,3,Medicina Interna,Alta
EP01226,Consulta médica,2026-01-07 20:03:26,Dr_Medici_04,,56,M,5,Medicina Interna,Hospitalización
EP00163,Realización de examen,2026-01-07 20:16:25,Imagenologia,Imagenología,34,M,3,Traumatología,Alta
EP01226,Solicitud de examen,2026-01-07 20:19:03,Dr_Medici_04,Laboratorio,56,M,5,Medicina Interna,Hospitalización
EP00837,Alta,2026-01-07 20:24:05,Dr_Medici_02,,55,F,3,Medicina Interna,Alta
EP00579,Interconsulta especialista,2026-01-07 20:31:42,Especialista_02,,20,M,4,Medicina Interna,Alta
EP01226,Realización de examen,2026-01-07 20:57:22,Laboratorio_Clinico,Laboratorio,56,M,5,Medicina Interna,Hospitalización
EP00579,Tratamiento,2026-01-07 21:13:30,Enf_Medici_04,,20,M,4,Medicina Interna,Alta
EP01226,Evaluación de resultados,2026-01-07 21:31:00,Dr_Medici_04,Laboratorio,56,M,5,Medicina Interna,Hospitalización
EP01226,Solicitud de examen,2026-01-07 21:39:00,Dr_Medici_04,Laboratorio,56,M,5,Medicina Interna,Hospitalización
EP00163,Evaluación de resultados,2026-01-07 21:58:32,Dr_Trauma_03,Imagenología,34,M,3,Traumatología,Alta
EP01012,Registro del paciente,2026-01-07 22:01:03,Admision_01,,31,M,1,Emergencias,Alta
EP01012,Triage,2026-01-07 22:04:04,Enf_Triage_03,,31,M,1,Emergencias,Alta
EP01012,Consulta médica,2026-01-07 22:10:17,Dr_Emerge_03,,31,M,1,Emergencias,Alta
EP01012,Solicitud de examen,2026-01-07 22:17:28,Dr_Emerge_03,Imagenología,31,M,1,Emergencias,Alta
EP01226,Realización de examen,2026-01-07 23:09:01,Laboratorio_Clinico,Laboratorio,56,M,5,Medicina Interna,Hospitalización
EP00579,Alta,2026-01-07 23:13:03,Dr_Medici_02,,20,M,4,Medicina Interna,Alta
EP01226,Evaluación de resultados,2026-01-08 00:03:40,Dr_Medici_04,Laboratorio,56,M,5,Medicina Interna,Hospitalización
EP01226,Tratamiento,2026-01-08 00:49:17,Enf_Medici_03,,56,M,5,Medicina Interna,Hospitalización
EP01226,Ingreso a hospitalización,2026-01-08 02:11:03,Gestion_Camas,,56,M,5,Medicina Interna,Hospitalización
EP00878,Interconsulta especialista,2026-01-08 05:05:54,Especialista_03,,61,M,3,Emergencias,Alta
EP00878,Tratamiento,2026-01-08 05:59:06,Enf_Emerge_02,,61,M,3,Emergencias,Alta
EP00163,Interconsulta especialista,2026-01-08 05:59:48,Especialista_05,,34,M,3,Traumatología,Alta
EP00878,Alta,2026-01-08 06:37:54,Dr_Emerge_02,,61,M,3,Emergencias,Alta
EP00163,Tratamiento,2026-01-08 06:38:58,Enf_Trauma_04,,34,M,3,Traumatología,Alta
EP00163,Alta,2026-01-08 07:32:42,Dr_Trauma_03,,34,M,3,Traumatología,Alta
EP01027,Registro del paciente,2026-01-08 08:00:22,Admision_02,,25,F,4,Traumatología,Alta
EP00871,Registro del paciente,2026-01-08 08:31:14,Admision_01,,2,M,4,Pediatría,Alta
EP01027,Triage,2026-01-08 08:32:27,Enf_Triage_01,,25,F,4,Traumatología,Alta
EP00871,Triage,2026-01-08 08:59:50,Enf_Triage_01,,2,M,4,Pediatría,Alta
EP00871,Consulta médica,2026-01-08 10:56:01,Dr_Pediat_01,,2,M,4,Pediatría,Alta
EP01012,Realización de examen,2026-01-08 11:20:01,Imagenologia,Imagenología,31,M,1,Emergencias,Alta
EP00871,Tratamiento,2026-01-08 11:44:05,Enf_Pediat_03,,2,M,4,Pediatría,Alta
EP01012,Evaluación de resultados,2026-01-08 11:58:20,Dr_Emerge_03,Imagenología,31,M,1,Emergencias,Alta
EP00346,Registro del paciente,2026-01-08 12:02:01,Admision_02,,32,F,3,Emergencias,Alta
EP01012,Tratamiento,2026-01-08 12:32:24,Enf_Emerge_04,,31,M,1,Emergencias,Alta
EP00346,Triage,2026-01-08 12:40:43,Enf_Triage_02,,32,F,3,Emergencias,Alta
EP01027,Consulta médica,2026-01-08 13:08:19,Dr_Trauma_03,,25,F,4,Traumatología,Alta
EP01012,Alta,2026-01-08 13:29:52,Dr_Emerge_03,,31,M,1,Emergencias,Alta
EP00871,Alta,2026-01-08 13:39:21,Dr_Pediat_01,,2,M,4,Pediatría,Alta
EP01027,Tratamiento,2026-01-08 13:49:02,Enf_Trauma_04,,25,F,4,Traumatología,Alta
EP00346,Consulta médica,2026-01-08 15:50:20,Dr_Emerge_02,,32,F,3,Emergencias,Alta
EP01027,Alta,2026-01-08 15:55:28,Dr_Trauma_03,,25,F,4,Traumatología,Alta
EP00416,Registro del paciente,2026-01-08 16:02:35,Admision_03,,43,F,3,Medicina Interna,Hospitalización
EP00416,Triage,2026-01-08 16:33:11,Enf_Triage_02,,43,F,3,Medicina Interna,Hospitalización
EP01383,Registro del paciente,2026-01-08 16:44:53,Admision_01,,32,M,5,Medicina Interna,Alta
EP00346,Tratamiento,2026-01-08 16:50:03,Enf_Emerge_04,,32,F,3,Emergencias,Alta
EP01134,Registro del paciente,2026-01-08 17:19:26,Admision_03,,57,M,1,Medicina Interna,Alta
EP01134,Triage,2026-01-08 17:22:27,Enf_Triage_02,,57,M,1,Medicina Interna,Alta
EP01134,Consulta médica,2026-01-08 17:25:18,Dr_Medici_03,,57,M,1,Medicina Interna,Alta
EP01383,Triage,2026-01-08 17:29:38,Enf_Triage_01,,32,M,5,Medicina Interna,Alta
EP00346,Alta,2026-01-08 17:46:58,Dr_Emerge_02,,32,F,3,Emergencias,Alta
EP00581,Registro del paciente,2026-01-08 17:59:53,Admision_03,,54,M,2,Emergencias,Alta
EP00416,Consulta médica,2026-01-08 18:09:45,Dr_Medici_02,,43,F,3,Medicina Interna,Hospitalización
EP00581,Triage,2026-01-08 18:21:18,Enf_Triage_01,,54,M,2,Emergencias,Alta
EP00416,Solicitud de examen,2026-01-08 18:24:25,Dr_Medici_02,Imagenología,43,F,3,Medicina Interna,Hospitalización
EP01134,Tratamiento,2026-01-08 18:30:52,Enf_Medici_03,,57,M,1,Medicina Interna,Alta
EP00581,Consulta médica,2026-01-08 19:31:00,Dr_Emerge_02,,54,M,2,Emergencias,Alta
EP01220,Registro del paciente,2026-01-08 19:49:17,Admision_03,,2,F,4,Pediatría,Alta
EP00581,Tratamiento,2026-01-08 20:13:46,Enf_Emerge_02,,54,M,2,Emergencias,Alta
EP01220,Triage,2026-01-08 20:15:14,Enf_Triage_02,,2,F,4,Pediatría,Alta
EP00416,Realización de examen,2026-01-08 20:28:45,Imagenologia,Imagenología,43,F,3,Medicina Interna,Hospitalización
EP01134,Alta,2026-01-08 20:50:21,Dr_Medici_03,,57,M,1,Medicina Interna,Alta
EP00581,Alta,2026-01-08 21:05:59,Dr_Emerge_02,,54,M,2,Emergencias,Alta
EP00416,Evaluación de resultados,2026-01-08 21:38:16,Dr_Medici_02,Imagenología,43,F,3,Medicina Interna,Hospitalización
EP00416,Tratamiento,2026-01-08 22:06:29,Enf_Medici_04,,43,F,3,Medicina Interna,Hospitalización
EP00222,Registro del paciente,2026-01-08 23:16:19,Admision_02,,38,F,2,Medicina Interna,Alta
EP01220,Consulta médica,2026-01-08 23:23:57,Dr_Pediat_04,,2,F,4,Pediatría,Alta
EP01220,Solicitud de examen,2026-01-08 23:31:16,Dr_Pediat_04,Imagenología,2,F,4,Pediatría,Alta
EP00222,Triage,2026-01-08 23:34:22,Enf_Triage_01,,38,F,2,Medicina Interna,Alta
EP01383,Consulta médica,2026-01-08 23:59:40,Dr_Medici_01,,32,M,5,Medicina Interna,Alta
EP00222,Consulta médica,2026-01-09 00:14:15,Dr_Medici_02,,38,F,2,Medicina Interna,Alta
EP01383,Solicitud de examen,2026-01-09 00:23:44,Dr_Medici_01,Imagenología,32,M,5,Medicina Interna,Alta
EP00222,Solicitud de examen,2026-01-09 00:36:32,Dr_Medici_02,Laboratorio,38,F,2,Medicina Interna,Alta
EP00416,Ingreso a hospitalización,2026-01-09 01:18:12,Gestion_Camas,,43,F,3,Medicina Interna,Hospitalización
EP00222,Realización de examen,2026-01-09 01:59:46,Laboratorio_Clinico,Laboratorio,38,F,2,Medicina Interna,Alta
EP00222,Evaluación de resultados,2026-01-09 03:28:38,Dr_Medici_02,Laboratorio,38,F,2,Medicina Interna,Alta
EP00222,Solicitud de examen,2026-01-09 03:45:45,Dr_Medici_02,Imagenología,38,F,2,Medicina Interna,Alta
EP01220,Realización de examen,2026-01-09 05:29:58,Imagenologia,Imagenología,2,F,4,Pediatría,Alta
EP01346,Registro del paciente,2026-01-09 07:39:51,Admision_01,,36,F,2,Emergencias,Alta
EP01220,Evaluación de resultados,2026-01-09 07:47:12,Dr_Pediat_04,Imagenología,2,F,4,Pediatría,Alta
EP01346,Triage,2026-01-09 08:07:59,Enf_Triage_02,,36,F,2,Emergencias,Alta
EP01220,Tratamiento,2026-01-09 08:21:03,Enf_Pediat_01,,2,F,4,Pediatría,Alta
EP01346,Consulta médica,2026-01-09 08:45:08,Dr_Emerge_01,,36,F,2,Emergencias,Alta
EP01383,Realización de examen,2026-01-09 08:49:54,Imagenologia,Imagenología,32,M,5,Medicina Interna,Alta
EP01346,Solicitud de examen,2026-01-09 09:14:19,Dr_Emerge_01,Laboratorio,36,F,2,Emergencias,Alta
EP01346,Solicitud de examen,2026-01-09 09:14:19,Dr_Emerge_01,Laboratorio,36,F,2,Emergencias,Alta
EP01220,Alta,2026-01-09 09:26:03,Dr_Pediat_04,,2,F,4,Pediatría,Alta
EP01346,Realización de examen,2026-01-09 09:37:46,Laboratorio_Clinico,Laboratorio,36,F,2,Emergencias,Alta
EP00222,Realización de examen,2026-01-09 09:49:20,Imagenologia,Imagenología,38,F,2,Medicina Interna,Alta
EP01174,Registro del paciente,2026-01-09 09:51:08,Admision_03,,57,F,2,Traumatología,Hospitalización
EP01346,Evaluación de resultados,2026-01-09 10:02:58,Dr_Emerge_01,Laboratorio,36,F,2,Emergencias,Alta
EP01174,Triage,2026-01-09 10:14:17,Enf_Triage_03,,57,F,2,Traumatología,Hospitalización
EP01383,Evaluación de resultados,2026-01-09 10:24:53,Dr_Medici_01,Imagenología,32,M,5,Medicina Interna,Alta
EP01346,Tratamiento,2026-01-09 10:42:55,Enf_Emerge_01,,36,F,2,Emergencias,Alta
EP01174,Consulta médica,2026-01-09 10:45:54,Dr_Trauma_03,,57,F,2,Traumatología,Hospitalización
EP01383,Tratamiento,2026-01-09 11:07:57,Enf_Medici_03,,32,M,5,Medicina Interna,Alta
EP00222,Evaluación de resultados,2026-01-09 11:26:43,Dr_Medici_02,Imagenología,38,F,2,Medicina Interna,Alta
EP00441,Registro del paciente,2026-01-09 11:30:43,Admision_03,,69,M,4,Medicina Interna,Alta
EP01383,Alta,2026-01-09 11:34:00,Dr_Medici_01,,32,M,5,Medicina Interna,Alta
EP01174,Tratamiento,2026-01-09 11:42:53,Enf_Trauma_01,,57,F,2,Traumatología,Hospitalización
EP00222,Solicitud de examen,2026-01-09 12:19:07,Dr_Medici_02,Laboratorio,38,F,2,Medicina Interna,Alta
EP00441,Triage,2026-01-09 12:27:57,Enf_Triage_01,,69,M,4,Medicina Interna,Alta
EP01346,Alta,2026-01-09 12:29:49,Dr_Emerge_01,,36,F,2,Emergencias,Alta
EP00222,Realización de examen,2026-01-09 13:14:25,Laboratorio_Clinico,Laboratorio,38,F,2,Medicina Interna,Alta
EP00222,Evaluación de resultados,2026-01-09 14:05:19,Dr_Medici_02,Laboratorio,38,F,2,Medicina Interna,Alta
EP00441,Consulta médica,2026-01-09 14:11:14,Dr_Medici_01,,69,M,4,Medicina Interna,Alta
EP00441,Tratamiento,2026-01-09 14:44:27,Enf_Medici_01,,69,M,4,Medicina Interna,Alta
EP01174,Ingreso a hospitalización,2026-01-09 15:08:42,Gestion_Camas,,57,F,2,Traumatología,Hospitalización
EP00222,Tratamiento,2026-01-09 15:28:13,Enf_Medici_03,,38,F,2,Medicina Interna,Alta
EP00441,Alta,2026-01-09 15:52:36,Dr_Medici_01,,69,M,4,Medicina Interna,Alta
EP01395,Registro del paciente,2026-01-09 16:28:07,Admision_02,,60,F,3,Emergencias,Alta
EP00222,Alta,2026-01-09 16:51:19,Dr_Medici_02,,38,F,2,Medicina Interna,Alta
EP01399,Registro del paciente,2026-01-09 17:00:53,Admision_03,,79,M,4,Emergencias,Alta
EP01395,Triage,2026-01-09 17:04:39,Enf_Triage_02,,60,F,3,Emergencias,Alta
EP01399,Triage,2026-01-09 17:24:01,Enf_Triage_02,,79,M,4,Emergencias,Alta
EP01395,Consulta médica,2026-01-09 17:51:49,Dr_Emerge_03,,60,F,3,Emergencias,Alta
EP01395,Tratamiento,2026-01-09 18:45:19,Enf_Emerge_02,,60,F,3,Emergencias,Alta
EP01427,Registro del paciente,2026-01-09 19:09:38,Admision_03,,70,F,2,Traumatología,Alta
EP01395,Alta,2026-01-09 19:19:04,Dr_Emerge_03,,60,F,3,Emergencias,Alta
EP01427,Triage,2026-01-09 20:11:40,Enf_Triage_03,,70,F,2,Traumatología,Alta
EP01427,Consulta médica,2026-01-09 20:36:50,Dr_Trauma_02,,70,F,2,Traumatología,Alta
EP01399,Consulta médica,2026-01-09 20:41:04,Dr_Emerge_03,,79,M,4,Emergencias,Alta
EP01427,Tratamiento,2026-01-09 20:55:29,Enf_Trauma_03,,70,F,2,Traumatología,Alta
EP01399,Solicitud de examen,2026-01-09 20:57:45,Dr_Emerge_03,Imagenología,79,M,4,Emergencias,Alta
EP01427,Alta,2026-01-09 21:49:23,Dr_Trauma_02,,70,F,2,Traumatología,Alta
EP01081,Registro del paciente,2026-01-09 22:44:20,Admision_03,,30,F,3,Medicina Interna,Alta
EP01081,Triage,2026-01-09 23:28:31,Enf_Triage_03,,30,F,3,Medicina Interna,Alta
EP01081,Consulta médica,2026-01-10 00:20:37,Dr_Medici_01,,30,F,3,Medicina Interna,Alta
EP01081,Consulta médica,2026-01-10 00:20:37,Dr_Medici_01,,30,F,3,Medicina Interna,Alta
EP01081,Solicitud de examen,2026-01-10 00:42:02,Dr_Medici_01,Imagenología,30,F,3,Medicina Interna,Alta
EP01399,Realización de examen,2026-01-10 01:03:04,Imagenologia,Imagenología,79,M,4,Emergencias,Alta
EP00983,Registro del paciente,2026-01-10 02:07:28,Admision_01,,95,F,2,Traumatología,Alta
EP00983,Triage,2026-01-10 02:25:20,Enf_Triage_03,,95,F,2,Traumatología,Alta
EP00983,Consulta médica,2026-01-10 02:57:53,Dr_Trauma_02,,95,F,2,Traumatología,Alta
EP01399,Evaluación de resultados,2026-01-10 02:58:40,Dr_Emerge_03,Imagenología,79,M,4,Emergencias,Alta
EP01399,Tratamiento,2026-01-10 03:19:53,Enf_Emerge_01,,79,M,4,Emergencias,Alta
EP01399,Alta,2026-01-10 05:23:50,Dr_Emerge_03,,79,M,4,Emergencias,Alta
EP01081,Realización de examen,2026-01-10 06:12:45,Imagenologia,Imagenología,30,F,3,Medicina Interna,Alta
EP00983,Interconsulta especialista,2026-01-10 07:44:21,Especialista_04,,95,F,2,Traumatología,Alta
EP00946,Registro del paciente,2026-01-10 08:06:47,Admision_01,,88,F,4,Medicina Interna,Alta
EP00946,Triage,2026-01-10 08:48:39,Enf_Triage_03,,88,F,4,Medicina Interna,Alta
EP00983,Tratamiento,2026-01-10 08:54:28,Enf_Trauma_04,,95,F,2,Traumatología,Alta
EP00946,Consulta médica,2026-01-10 10:13:31,Dr_Medici_03,,88,F,4,Medicina Interna,Alta
EP00983,Alta,2026-01-10 10:15:20,Dr_Trauma_02,,95,F,2,Traumatología,Alta
EP01081,Evaluación de resultados,2026-01-10 10:18:06,Dr_Medici_01,Imagenología,30,F,3,Medicina Interna,Alta
EP01141,Registro del paciente,2026-01-10 10:34:46,Admision_03,,21,F,3,Emergencias,Alta
EP00946,Solicitud de examen,2026-01-10 10:40:38,Dr_Medici_03,Laboratorio,88,F,4,Medicina Interna,Alta
EP01141,Triage,2026-01-10 11:00:22,Enf_Triage_01,,21,F,3,Emergencias,Alta
EP01081,Tratamiento,2026-01-10 11:00:29,Enf_Medici_02,,30,F,3,Medicina Interna,Alta
EP00946,Realización de examen,2026-01-10 11:24:29,Laboratorio_Clinico,Laboratorio,88,F,4,Medicina Interna,Alta
EP01081,Alta,2026-01-10 11:49:07,Dr_Medici_01,,30,F,3,Medicina Interna,Alta
EP00946,Evaluación de resultados,2026-01-10 12:15:28,Dr_Medici_03,Laboratorio,88,F,4,Medicina Interna,Alta
EP01141,Consulta médica,2026-01-10 12:26:30,Dr_Emerge_03,,21,F,3,Emergencias,Alta
EP01141,Solicitud de examen,2026-01-10 12:59:32,Dr_Emerge_03,Laboratorio,21,F,3,Emergencias,Alta
EP00145,Registro del paciente,2026-01-10 14:13:41,Admision_03,,56,F,4,Traumatología,Alta
EP00946,Interconsulta especialista,2026-01-10 14:17:13,Especialista_01,,88,F,4,Medicina Interna,Alta
EP01141,Realización de examen,2026-01-10 14:40:44,Laboratorio_Clinico,Laboratorio,21,F,3,Emergencias,Alta
EP00145,Triage,2026-01-10 14:45:53,Enf_Triage_02,,56,F,4,Traumatología,Alta
EP00946,Tratamiento,2026-01-10 15:00:27,Enf_Medici_01,,88,F,4,Medicina Interna,Alta
EP01141,Evaluación de resultados,2026-01-10 15:17:48,Dr_Emerge_03,Laboratorio,21,F,3,Emergencias,Alta
EP01141,Tratamiento,2026-01-10 15:48:42,Enf_Emerge_03,,21,F,3,Emergencias,Alta
EP00946,Alta,2026-01-10 16:11:06,Dr_Medici_03,,88,F,4,Medicina Interna,Alta
EP01141,Alta,2026-01-10 16:25:32,Dr_Emerge_03,,21,F,3,Emergencias,Alta
EP00548,Registro del paciente,2026-01-10 17:22:08,Admision_01,,69,M,2,Medicina Interna,Alta
EP00548,Triage,2026-01-10 17:38:21,Enf_Triage_02,,69,M,2,Medicina Interna,Alta
EP00158,Registro del paciente,2026-01-10 17:55:01,Admision_02,,15,F,4,Emergencias,Alta
EP00104,Registro del paciente,2026-01-10 18:07:20,Admision_02,,39,F,4,Traumatología,Alta
EP00158,Triage,2026-01-10 18:14:37,Enf_Triage_01,,15,F,4,Emergencias,Alta
EP01058,Registro del paciente,2026-01-10 18:26:27,Admision_03,,63,M,5,Emergencias,Alta
EP00548,Consulta médica,2026-01-10 18:28:28,Dr_Medici_01,,69,M,2,Medicina Interna,Alta
EP00145,Consulta médica,2026-01-10 18:29:34,Dr_Trauma_04,,56,F,4,Traumatología,Alta
EP00667,Registro del paciente,,Admision_02,,3,F,4,Pediatría,Alta
EP00104,Triage,2026-01-10 18:36:41,Enf_Triage_01,,39,F,4,Traumatología,Alta
EP00667,Triage,2026-01-10 18:56:47,Enf_Triage_01,,3,F,4,Pediatría,Alta
EP01058,Triage,2026-01-10 19:06:20,Enf_Triage_01,,63,M,5,Emergencias,Alta
EP00145,Tratamiento,2026-01-10 19:14:29,Enf_Trauma_02,,56,F,4,Traumatología,Alta
EP01310,Registro del paciente,2026-01-10 19:22:00,Admision_03,,45,F,5,Medicina Interna,Alta
EP01310,Triage,2026-01-10 19:48:57,Enf_Triage_03,,45,F,5,Medicina Interna,Alta
EP00104,Consulta médica,2026-01-10 19:52:49,Dr_Trauma_04,,39,F,4,Traumatología,Alta
EP00548,Consulta médica,2026-01-10 20:15:09,Dr_Medici_01,,69,M,2,Medicina Interna,Alta
EP00145,Alta,2026-01-10 20:25:52,Dr_Trauma_04,,56,F,4,Traumatología,Alta
EP00104,Tratamiento,2026-01-10 20:49:16,Enf_Trauma_01,,39,F,4,Traumatología,Alta
EP00158,Consulta médica,2026-01-10 21:21:12,Dr_Emerge_01,,15,F,4,Emergencias,Alta
EP00158,Solicitud de examen,2026-01-10 21:26:50,Dr_Emerge_01,Laboratorio,15,F,4,Emergencias,Alta
EP01310,Consulta médica,2026-01-10 21:49:31,Dr_Medici_01,,45,F,5,Medicina Interna,Alta
EP00158,Realización de examen,2026-01-10 22:26:54,Laboratorio_Clinico,Laboratorio,15,F,4,Emergencias,Alta
EP00104,Alta,2026-01-10 22:40:57,Dr_Trauma_04,,39,F,4,Traumatología,Alta
EP00158,Evaluación de resultados,2026-01-10 23:05:50,Dr_Emerge_01,Laboratorio,15,F,4,Emergencias,Alta
EP00158,Tratamiento,2026-01-10 23:38:59,Enf_Emerge_04,,15,F,4,Emergencias,Alta
EP00548,Interconsulta especialista,2026-01-10 23:43:19,Especialista_03,,69,M,2,Medicina Interna,Alta
EP00667,Consulta médica,2026-01-10 23:51:06,Dr_Pediat_04,,3,F,4,Pediatría,Alta
EP01310,Consulta médica,2026-01-10 23:51:28,Dr_Medici_01,,45,F,5,Medicina Interna,Alta
EP01310,Tratamiento,2026-01-11 00:09:23,Enf_Medici_03,,45,F,5,Medicina Interna,Alta
EP00667,Tratamiento,2026-01-11 00:39:59,Enf_Pediat_01,,3,F,4,Pediatría,Alta
EP00548,Tratamiento,2026-01-11 00:51:59,Enf_Medici_03,,69,M,2,Medicina Interna,Alta
EP00158,Alta,2026-01-11 00:55:05,Dr_Emerge_01,,15,F,4,Emergencias,Alta
EP00548,Alta,2026-01-11 01:20:45,Dr_Medici_01,,69,M,2,Medicina Interna,Alta
EP00667,Alta,2026-01-11 01:30:22,Dr_Pediat_04,,3,F,4,Pediatría,Alta
EP01310,Alta,2026-01-11 02:26:47,Dr_Medici_01,,45,F,5,Medicina Interna,Alta
EP01281,Registro del paciente,2026-01-11 03:18:58,Admision_01,,29,F,5,Emergencias,Alta
EP01281,Triage,2026-01-11 04:15:22,Enf_Triage_01,,29,F,5,Emergencias,Alta
EP00880,Registro del paciente,2026-01-11 06:35:10,Admision_03,,43,F,4,Emergencias,Alta
EP01058,Consulta médica,2026-01-11 07:11:47,Dr_Emerge_02,,63,M,5,Emergencias,Alta
EP00880,Triage,2026-01-11 07:24:53,Enf_Triage_01,,43,F,4,Emergencias,Alta
EP01164,Registro del paciente,2026-01-11 08:02:58,Admision_01,,31,F,4,Emergencias,Alta
EP01164,Triage,2026-01-11 08:21:36,Enf_Triage_01,,31,F,4,Emergencias,Alta
EP00860,Registro del paciente,2026-01-11 08:34:57,Admision_01,,50,F,2,Medicina Interna,Hospitalización
EP00284,Registro del paciente,2026-01-11 08:52:07,Admision_02,,15,M,4,Emergencias,Alta
EP00611,Registro del paciente,2026-01-11 08:59:59,Admision_03,,42,F,3,Traumatología,Alta
EP00860,Triage,2026-01-11 09:07:45,Enf_Triage_03,,50,F,2,Medicina Interna,Hospitalización
EP00611,Triage,2026-01-11 09:20:09,Enf_Triage_01,,42,F,3,Traumatología,Alta
EP00860,Consulta médica,2026-01-11 09:23:18,Dr_Medici_03,,50,F,2,Medicina Interna,Hospitalización
EP00860,Solicitud de examen,2026-01-11 09:29:58,Dr_Medici_03,Imagenología,50,F,2,Medicina Interna,Hospitalización
EP00284,Triage,2026-01-11 10:11:55,Enf_Triage_01,,15,M,4,Emergencias,Alta
EP00574,Registro del paciente,2026-01-11 10:22:24,Admision_03,,35,F,2,Emergencias,Alta
EP00574,Triage,2026-01-11 10:36:22,Enf_Triage_01,,35,F,2,Emergencias,Alta
EP01164,Consulta médica,2026-01-11 10:45:46,Dr_Emerge_02,,31,F,4,Emergencias,Alta
EP01281,Consulta médica,2026-01-11 11:00:48,Dr_Emerge_02,,29,F,5,Emergencias,Alta
EP01164,Tratamiento,2026-01-11 11:18:09,Enf_Emerge_04,,31,F,4,Emergencias,Alta
EP00574,consulta médica,2026-01-11 11:22:44,Dr_Emerge_02,,35,F,2,Emergencias,Alta
EP00611,Consulta médica,2026-01-11 11:23:44,Dr_Trauma_02,,42,F,3,Traumatología,Alta
EP01164,Alta,2026-01-11 11:51:16,Dr_Emerge_02,,31,F,4,Emergencias,Alta
EP00611,Tratamiento,2026-01-11 11:58:19,Enf_Trauma_01,,42,F,3,Traumatología,Alta
EP00574,Tratamiento,2026-01-11 12:33:25,Enf_Emerge_01,,35,F,2,Emergencias,Alta
EP00611,Alta,2026-01-11 12:34:51,Dr_Trauma_02,,42,F,3,Traumatología,Alta
EP01058,Consulta médica,2026-01-11 13:16:32,Dr_Emerge_02,,63,M,5,Emergencias,Alta
EP00574,Alta,2026-01-11 13:23:29,Dr_Emerge_02,,35,F,2,Emergencias,Alta
EP01058,Tratamiento,2026-01-11 13:52:53,Enf_Emerge_01,,63,M,5,Emergencias,Alta
EP00880,Consulta médica,2026-01-11 14:16:10,Dr_Emerge_01,,43,F,4,Emergencias,Alta
EP00680,Registro del paciente,2026-01-11 14:28:38,Admision_01,,47,F,2,Traumatología,Hospitalización
EP00880,Tratamiento,2026-01-11 14:39:30,Enf_Emerge_04,,43,F,4,Emergencias,Alta
EP01058,Alta,2026-01-11 14:41:37,Dr_Emerge_02,,63,M,5,Emergencias,Alta
EP00680,Triage,2026-01-11 14:41:44,Enf_Triage_01,,47,F,2,Traumatología,Hospitalización
EP01281,Interconsulta especialista,2026-01-11 14:43:23,Especialista_01,,29,F,5,Emergencias,Alta
EP00284,Consulta médica,2026-01-11 14:58:23,Dr_Emerge_02,,15,M,4,Emergencias,Alta
EP01281,Tratamiento,2026-01-11 15:17:26,Enf_Emerge_03,,29,F,5,Emergencias,Alta
EP00680,Consulta médica,2026-01-11 15:25:14,Dr_Trauma_02,,47,F,2,Traumatología,Hospitalización
EP00880,Alta,2026-01-11 15:35:11,Dr_Emerge_01,,43,F,4,Emergencias,Alta
EP00680,tratamiento,2026-01-11 16:07:10,Enf_Trauma_04,,47,F,2,Traumatología,Hospitalización
EP01329,Registro del paciente,2026-01-11 16:07:35,Admision_02,,37,F,5,Emergencias,Alta
EP00284,Tratamiento,2026-01-11 16:09:25,Enf_Emerge_02,,15,M,4,Emergencias,Alta
EP01281,Alta,2026-01-11 16:11:54,Dr_Emerge_02,,29,F,5,Emergencias,Alta
EP01329,Triage,2026-01-11 16:53:40,Enf_Triage_01,,37,F,5,Emergencias,Alta
EP00284,Alta,2026-01-11 17:07:11,Dr_Emerge_02,,15,M,4,Emergencias,Alta
EP00680,Ingreso a hospitalización,2026-01-11 20:47:06,Gestion_Camas,,47,F,2,Traumatología,Hospitalización
EP00860,Realización de examen,2026-01-11 21:19:52,Imagenologia,Imagenología,50,F,2,Medicina Interna,Hospitalización
EP00860,Evaluación de resultados,2026-01-11 23:23:13,Dr_Medici_03,Imagenología,50,F,2,Medicina Interna,Hospitalización
EP01329,Consulta médica,2026-01-11 23:39:07,Dr_Emerge_02,,37,F,5,Emergencias,Alta
EP00524,Registro del paciente,2026-01-11 23:57:10,Admision_03,,78,M,4,Emergencias,Hospitalización
EP01329,Tratamiento,2026-01-12 00:00:46,Enf_Emerge_02,,37,F,5,Emergencias,Alta
EP00860,Tratamiento,2026-01-12 00:15:21,Enf_Medici_04,,50,F,2,Medicina Interna,Hospitalización
EP00524,Triage,2026-01-12 00:16:58,Enf_Triage_02,,78,M,4,Emergencias,Hospitalización
EP01329,Alta,2026-01-12 01:44:01,Dr_Emerge_02,,37,F,5,Emergencias,Alta
EP00524,Consulta médica,2026-01-12 03:17:46,Dr_Emerge_04,,78,M,4,Emergencias,Hospitalización
EP00524,Solicitud de examen,2026-01-12 03:32:29,Dr_Emerge_04,Imagenología,78,M,4,Emergencias,Hospitalización
EP00860,Ingreso a hospitalización,2026-01-12 09:07:27,Gestion_Camas,,50,F,2,Medicina Interna,Hospitalización
EP00452,Registro del paciente,2026-01-12 10:27:33,Admision_02,,54,F,4,Emergencias,Alta
EP00452,Triage,2026-01-12 10:49:16,Enf_Triage_01,,54,F,4,Emergencias,Alta
EP01414,Registro del paciente,2026-01-12 12:15:33,Admision_03,,73,F,4,Traumatología,Alta
EP01414,Triage,2026-01-12 12:49:07,Enf_Triage_01,,73,F,4,Traumatología,Alta
EP00524,Realización de examen,2026-01-12 13:22:55,Imagenologia,Imagenología,78,M,4,Emergencias,Hospitalización
EP00575,Registro del paciente,2026-01-12 13:39:23,Admision_01,,51,M,2,Traumatología,Alta
EP00575,Triage,2026-01-12 13:59:25,Enf_Triage_03,,51,M,2,Traumatología,Alta
EP00859,Registro del paciente,2026-01-12 14:10:33,Admision_03,,31,M,4,Emergencias,Hospitalización
EP00575,Consulta médica,2026-01-12 14:12:40,Dr_Trauma_02,,51,M,2,Traumatología,Alta
EP00308,Registro del paciente,2026-01-12 14:18:28,Admision_02,,70,F,5,Traumatología,Alta
EP01414,Consulta médica,2026-01-12 14:24:34,Dr_Trauma_02,,73,F,4,Traumatología,Alta
EP00929,Registro del paciente,2026-01-12 14:25:07,Admision_03,,62,M,4,Emergencias,Alta
EP00308,Triage,2026-01-12 14:35:00,Enf_Triage_01,,70,F,5,Traumatología,Alta
EP01414,Tratamiento,2026-01-12 14:58:44,Enf_Trauma_01,,73,F,4,Traumatología,Alta
EP00859,triage,2026-01-12 15:01:11,Enf_Triage_03,,31,M,4,Emergencias,Hospitalización
EP00929,Triage,2026-01-12 15:14:26,Enf_Triage_03,,62,M,4,Emergencias,Alta
EP00575,Tratamiento,2026-01-12 15:22:00,Enf_Trauma_04,,51,M,2,Traumatología,Alta
EP00524,Evaluación de resultados,2026-01-12 15:47:58,Dr_Emerge_04,Imagenología,78,M,4,Emergencias,Hospitalización
EP00524,Solicitud de examen,2026-01-12 16:03:18,Dr_Emerge_04,Laboratorio,78,M,4,Emergencias,Hospitalización
EP00452,Consulta médica,2026-01-12 16:04:09,Dr_Emerge_03,,54,F,4,Emergencias,Alta
EP01414,Alta,2026-01-12 16:06:15,Dr_Trauma_02,,73,F,4,Traumatología,Alta
EP00452,Solicitud de examen,2026-01-12 16:12:05,Dr_Emerge_03,Laboratorio,54,F,4,Emergencias,Alta
EP00716,Registro del paciente,2026-01-12 16:20:01,Admision_02,,35,M,3,Emergencias,Traslado
EP00865,Registro del paciente,2026-01-12 16:22:30,Admision_02,,47,F,4,Traumatología,Alta
EP00707,Registro del paciente,2026-01-12 16:31:20,Admision_03,,72,F,5,Traumatología,Alta
EP00857,Registro del paciente,2026-01-12 16:38:02,Admision_02,,37,M,3,Medicina Interna,Alta
EP00865,Triage,2026-01-12 16:47:06,Enf_Triage_02,,47,F,4,Traumatología,Alta
EP00716,Triage,2026-01-12 16:48:31,Enf_Triage_03,,35,M,3,Emergencias,Traslado
EP00575,Alta,2026-01-12 16:55:00,Dr_Trauma_02,,51,M,2,Traumatología,Alta
EP00452,Realización de examen,2026-01-12 17:00:58,Laboratorio_Clinico,Laboratorio,54,F,4,Emergencias,Alta
EP00859,Consulta médica,2026-01-12 17:09:36,Dr_Emerge_02,,31,M,4,Emergencias,Hospitalización
EP00857,Triage,2026-01-12 17:15:13,Enf_Triage_02,,37,M,3,Medicina Interna,Alta
EP00524,Realización de examen,2026-01-12 17:22:02,Laboratorio_Clinico,Laboratorio,78,M,4,Emergencias,Hospitalización
EP00859,Tratamiento,2026-01-12 17:32:08,Enf_Emerge_03,,31,M,4,Emergencias,Hospitalización
EP00716,Consulta médica,2026-01-12 17:33:37,Dr_Emerge_02,,35,M,3,Emergencias,Traslado
EP00707,Triage,2026-01-12 17:49:00,Enf_Triage_02,,72,F,5,Traumatología,Alta
EP00345,Registro del paciente,2026-01-12 17:49:21,Admision_03,,33,F,2,Medicina Interna,Alta
EP00857,Consulta médica,2026-01-12 17:54:40,Dr_Medici_03,,37,M,3,Medicina Interna,Alta
EP00452,Evaluación de resultados,2026-01-12 18:03:03,Dr_Emerge_03,Laboratorio,54,F,4,Emergencias,Alta
EP00857,Solicitud de examen,2026-01-12 18:07:16,Dr_Medici_03,Imagenología,37,M,3,Medicina Interna,Alta
EP00345,Triage,2026-01-12 18:07:44,Enf_Triage_03,,33,F,2,Medicina Interna,Alta
EP00716,Tratamiento,2026-01-12 18:13:27,Enf_Emerge_04,,35,M,3,Emergencias,Traslado
EP00452,Solicitud de examen,2026-01-12 18:15:53,Dr_Emerge_03,Laboratorio,54,F,4,Emergencias,Alta
EP00524,Evaluación de resultados,2026-01-12 18:24:57,Dr_Emerge_04,Laboratorio,78,M,4,Emergencias,Hospitalización
EP00524,Solicitud de examen,2026-01-12 18:36:09,Dr_Emerge_04,Laboratorio,78,M,4,Emergencias,Hospitalización
EP00345,Consulta médica,2026-01-12 18:40:38,Dr_Medici_02,,33,F,2,Medicina Interna,Alta
EP00452,Realización de examen,2026-01-12 19:07:03,Laboratorio_Clinico,Laboratorio,54,F,4,Emergencias,Alta
EP01451,Registro del paciente,2026-01-12 19:14:21,Admision_01,,61,M,2,Medicina Interna,Hospitalización
EP00345,Tratamiento,2026-01-12 19:15:12,Enf_Medici_01,,33,F,2,Medicina Interna,Alta
EP00857,Realización de examen,2026-01-12 19:31:39,Imagenologia,Imagenología,37,M,3,Medicina Interna,Alta
EP01451,Triage,2026-01-12 19:35:42,Enf_Triage_03,,61,M,2,Medicina Interna,Hospitalización
EP00524,Realización de examen,2026-01-12 19:42:22,Laboratorio_Clinico,Laboratorio,78,M,4,Emergencias,Hospitalización
EP00452,Evaluación de resultados,2026-01-12 19:52:00,Dr_Emerge_03,Laboratorio,54,F,4,Emergencias,Alta
EP01451,Consulta médica,2026-01-12 20:06:19,Dr_Medici_03,,61,M,2,Medicina Interna,Hospitalización
EP00345,Alta,2026-01-12 20:09:21,Dr_Medici_02,,33,F,2,Medicina Interna,Alta
EP00452,Tratamiento,2026-01-12 20:17:47,Enf_Emerge_01,,54,F,4,Emergencias,Alta
EP00524,Evaluación de resultados,2026-01-12 20:41:20,Dr_Emerge_04,Laboratorio,78,M,4,Emergencias,Hospitalización
EP01451,Tratamiento,2026-01-12 20:52:46,Enf_Medici_02,,61,M,2,Medicina Interna,Hospitalización
EP00857,Evaluación de resultados,2026-01-12 20:54:47,Dr_Medici_03,Imagenología,37,M,3,Medicina Interna,Alta
EP00716,Traslado a otro centro,2026-01-12 20:55:12,Admision_01,,35,M,3,Emergencias,Traslado
EP01387,Registro del paciente,2026-01-12 20:57:29,Admision_01,,49,M,5,Traumatología,Alta
EP00865,Consulta médica,2026-01-12 20:59:11,Dr_Trauma_04,,47,F,4,Traumatología,Alta
EP00524,Tratamiento,2026-01-12 21:01:11,Enf_Emerge_03,,78,M,4,Emergencias,Hospitalización
EP00929,Consulta médica,2026-01-12 21:05:21,Dr_Emerge_01,,62,M,4,Emergencias,Alta
EP00929,Solicitud de examen,2026-01-12 21:18:20,Dr_Emerge_01,Laboratorio,62,M,4,Emergencias,Alta
EP00857,Tratamiento,2026-01-12 21:28:31,Enf_Medici_01,,37,M,3,Medicina Interna,Alta
EP00865,Tratamiento,2026-01-12 21:40:05,Enf_Trauma_03,,47,F,4,Traumatología,Alta
EP00929,Realización de examen,2026-01-12 21:53:32,Laboratorio_Clinico,Laboratorio,62,M,4,Emergencias,Alta
EP00707,Consulta médica,2026-01-12 22:00:42,Dr_Trauma_02,,72,F,5,Traumatología,Alta
EP01387,Triage,2026-01-12 22:01:55,Enf_Triage_03,,49,M,5,Traumatología,Alta
EP00452,Alta,2026-01-12 22:06:51,Dr_Emerge_03,,54,F,4,Emergencias,Alta
EP00929,Evaluación de resultados,2026-01-12 22:12:06,Dr_Emerge_01,Laboratorio,62,M,4,Emergencias,Alta
EP00609,Registro del paciente,2026-01-12 22:21:50,Admision_02,,42,M,3,Medicina Interna,Traslado
EP00609,Triage,2026-01-12 22:56:15,Enf_Triage_01,,42,M,3,Medicina Interna,Traslado
EP00865,Alta,,Dr_Trauma_04,,47,F,4,Traumatología,Alta
EP00857,Alta,2026-01-12 23:08:49,Dr_Medici_03,,37,M,3,Medicina Interna,Alta
EP00608,Registro del paciente,2026-01-12 23:15:42,Admision_02,,50,M,4,Traumatología,Alta
EP00707,Tratamiento,2026-01-12 23:47:11,Enf_Trauma_03,,72,F,5,Traumatología,Alta
EP00608,Triage,2026-01-12 23:53:35,Enf_Triage_02,,50,M,4,Traumatología,Alta
EP00609,Consulta médica,2026-01-13 00:05:42,Dr_Medici_04,,42,M,3,Medicina Interna,Traslado
EP00929,Interconsulta especialista,2026-01-13 00:19:53,Especialista_05,,62,M,4,Emergencias,Alta
EP00609,Tratamiento,2026-01-13 00:42:14,Enf_Medici_03,,42,M,3,Medicina Interna,Traslado
EP00929,Tratamiento,2026-01-13 00:50:11,Enf_Emerge_03,,62,M,4,Emergencias,Alta
EP00859,Ingreso a hospitalización,2026-01-13 00:58:01,Gestion_Camas,,31,M,4,Emergencias,Hospitalización
EP00707,Alta,2026-01-13 00:58:37,Dr_Trauma_02,,72,F,5,Traumatología,Alta
EP00524,Ingreso a hospitalización,2026-01-13 01:19:29,Gestion_Camas,,78,M,4,Emergencias,Hospitalización
EP00929,Alta,2026-01-13 01:43:02,Dr_Emerge_01,,62,M,4,Emergencias,Alta
EP01387,Consulta médica,2026-01-13 01:55:07,Dr_Trauma_02,,49,M,5,Traumatología,Alta
EP01387,Solicitud de examen,2026-01-13 02:03:20,Dr_Trauma_02,Imagenología,49,M,5,Traumatología,Alta
EP01451,Ingreso a hospitalización,2026-01-13 02:51:42,Gestion_Camas,,61,M,2,Medicina Interna,Hospitalización
EP00308,Consulta médica,2026-01-13 02:58:23,Dr_Trauma_01,,70,F,5,Traumatología,Alta
EP00308,Tratamiento,2026-01-13 03:41:52,Enf_Trauma_02,,70,F,5,Traumatología,Alta
EP00608,Consulta médica,2026-01-13 04:03:08,Dr_Trauma_02,,50,M,4,Traumatología,Alta
EP00608,Tratamiento,2026-01-13 04:59:32,Enf_Trauma_02,,50,M,4,Traumatología,Alta
EP00308,Alta,2026-01-13 05:13:20,Dr_Trauma_01,,70,F,5,Traumatología,Alta
EP00608,Alta,2026-01-13 05:37:20,Dr_Trauma_02,,50,M,4,Traumatología,Alta
EP00609,Traslado a otro centro,2026-01-13 07:56:55,Admision_01,,42,M,3,Medicina Interna,Traslado
EP00984,Registro del paciente,2026-01-13 08:10:42,Admision_03,,51,M,5,Traumatología,Alta
EP00984,Triage,2026-01-13 08:46:02,Enf_Triage_03,,51,M,5,Traumatología,Alta
EP01387,Realización de examen,2026-01-13 10:56:14,Imagenologia,Imagenología,49,M,5,Traumatología,Alta
EP00886,Registro del paciente,2026-01-13 11:10:29,Admision_03,,69,F,4,Emergencias,Alta
EP00886,Triage,2026-01-13 12:01:39,Enf_Triage_01,,69,F,4,Emergencias,Alta
EP00984,Consulta médica,2026-01-13 13:03:23,Dr_Trauma_04,,51,M,5,Traumatología,Alta
EP01387,Evaluación de resultados,2026-01-13 13:16:50,Dr_Trauma_02,Imagenología,49,M,5,Traumatología,Alta
EP01387,Tratamiento,2026-01-13 13:56:24,Enf_Trauma_03,,49,M,5,Traumatología,Alta
EP00984,Tratamiento,2026-01-13 14:00:23,Enf_Trauma_02,,51,M,5,Traumatología,Alta
EP00886,Consulta médica,2026-01-13 14:23:10,Dr_Emerge_02,,69,F,4,Emergencias,Alta
EP00984,Alta,2026-01-13 14:31:35,Dr_Trauma_04,,51,M,5,Traumatología,Alta
EP01387,Alta,2026-01-13 14:49:34,Dr_Trauma_02,,49,M,5,Traumatología,Alta
EP00886,Tratamiento,2026-01-13 15:20:42,Enf_Emerge_02,,69,F,4,Emergencias,Alta
EP01172,Registro del paciente,2026-01-13 15:27:48,Admision_01,,36,M,3,Medicina Interna,Hospitalización
EP00141,Registro del paciente,2026-01-13 15:44:21,Admision_02,,15,F,3,Emergencias,Alta
EP01172,Triage,2026-01-13 15:52:06,Enf_Triage_03,,36,M,3,Medicina Interna,Hospitalización
EP00141,Triage,2026-01-13 16:23:24,Enf_Triage_02,,15,F,3,Emergencias,Alta
EP00141,Consulta médica,2026-01-13 16:45:24,Dr_Emerge_01,,15,F,3,Emergencias,Alta
EP00886,Alta,2026-01-13 16:51:17,Dr_Emerge_02,,69,F,4,Emergencias,Alta
EP00141,Solicitud de examen,2026-01-13 17:01:56,Dr_Emerge_01,Imagenología,15,F,3,Emergencias,Alta
EP01172,Consulta médica,2026-01-13 18:26:52,Dr_Medici_01,,36,M,3,Medicina Interna,Hospitalización
EP01172,Solicitud de examen,2026-01-13 18:42:32,Dr_Medici_01,Imagenología,36,M,3,Medicina Interna,Hospitalización
EP00089,Registro del paciente,2026-01-13 19:38:08,Admision_02,,35,F,5,Emergencias,Alta
EP00141,Realización de examen,2026-01-13 20:18:48,Imagenologia,Imagenología,15,F,3,Emergencias,Alta
EP00089,Triage,2026-01-13 21:09:26,Enf_Triage_03,,35,F,5,Emergencias,Alta
EP01010,Registro del paciente,2026-01-13 21:15:12,Admision_03,,25,F,5,Emergencias,Alta
EP00141,Evaluación de resultados,2026-01-13 21:56:36,Dr_Emerge_01,Imagenología,15,F,3,Emergencias,Alta
EP01010,Triage,2026-01-13 22:00:51,Enf_Triage_03,,25,F,5,Emergencias,Alta
EP01172,Realización de examen,2026-01-13 22:07:38,Imagenologia,Imagenología,36,M,3,Medicina Interna,Hospitalización
EP00141,Tratamiento,2026-01-13 22:36:39,Enf_Emerge_03,,15,F,3,Emergencias,Alta
EP00141,Alta,2026-01-13 23:20:49,Dr_Emerge_01,,15,F,3,Emergencias,Alta
EP01172,Evaluación de resultados,2026-01-13 23:46:43,Dr_Medici_01,Imagenología,36,M,3,Medicina Interna,Hospitalización
EP01172,Tratamiento,2026-01-14 01:21:39,Enf_Medici_04,,36,M,3,Medicina Interna,Hospitalización
EP01172,Ingreso a hospitalización,2026-01-14 04:57:22,Gestion_Camas,,36,M,3,Medicina Interna,Hospitalización
EP00089,Consulta médica,2026-01-14 05:07:34,Dr_Emerge_04,,35,F,5,Emergencias,Alta
EP00089,Solicitud de examen,2026-01-14 05:20:43,Dr_Emerge_04,Laboratorio,35,F,5,Emergencias,Alta
EP00089,Realización de examen,2026-01-14 07:01:52,Laboratorio_Clinico,Laboratorio,35,F,5,Emergencias,Alta
EP00089,Evaluación de resultados,2026-01-14 08:11:56,Dr_Emerge_04,Laboratorio,35,F,5,Emergencias,Alta
EP00089,Tratamiento,2026-01-14 09:01:43,Enf_Emerge_01,,35,F,5,Emergencias,Alta
EP00089,Alta,2026-01-14 09:56:45,Dr_Emerge_04,,35,F,5,Emergencias,Alta
EP01492,Registro del paciente,2026-01-14 09:58:47,Admision_02,,62,M,5,Medicina Interna,Alta
EP01492,Triage,2026-01-14 10:44:25,Enf_Triage_03,,62,M,5,Medicina Interna,Alta
EP00526,Registro del paciente,2026-01-14 12:13:27,Admision_02,,50,M,3,Traumatología,Hospitalización
EP00637,Registro del paciente,2026-01-14 12:38:01,Admision_03,,48,M,3,Emergencias,Hospitalización
EP00526,Triage,2026-01-14 12:59:18,Enf_Triage_03,,50,M,3,Traumatología,Hospitalización
EP00637,Triage,2026-01-14 13:01:20,Enf_Triage_01,,48,M,3,Emergencias,Hospitalización
EP01300,Registro del paciente,2026-01-14 13:25:13,Admision_03,,45,F,3,Traumatología,Alta
EP01300,Triage,2026-01-14 13:49:20,Enf_Triage_02,,45,F,3,Traumatología,Alta
EP00637,Consulta médica,2026-01-14 13:51:34,Dr_Emerge_03,,48,M,3,Emergencias,Hospitalización
EP01010,Consulta médica,2026-01-14 13:53:00,Dr_Emerge_02,,25,F,5,Emergencias,Alta
EP00637,Solicitud de examen,2026-01-14 14:01:50,Dr_Emerge_03,Laboratorio,48,M,3,Emergencias,Hospitalización
EP01010,Solicitud de examen,2026-01-14 14:04:22,Dr_Emerge_02,Laboratorio,25,F,5,Emergencias,Alta
EP01010,Realización de examen,2026-01-14 14:39:30,Laboratorio_Clinico,Laboratorio,25,F,5,Emergencias,Alta
EP00637,Realización de examen,2026-01-14 14:42:52,Laboratorio_Clinico,Laboratorio,48,M,3,Emergencias,Hospitalización
EP00839,registro del paciente,2026-01-14 15:01:27,Admision_03,,34,F,4,Emergencias,Alta
EP00526,Consulta médica,2026-01-14 15:13:05,Dr_Trauma_04,,50,M,3,Traumatología,Hospitalización
EP00526,Solicitud de examen,2026-01-14 15:23:02,Dr_Trauma_04,Imagenología,50,M,3,Traumatología,Hospitalización
EP01492,Consulta médica,2026-01-14 15:41:57,Dr_Medici_01,,62,M,5,Medicina Interna,Alta
EP00839,Triage,2026-01-14 15:52:16,Enf_Triage_02,,34,F,4,Emergencias,Alta
EP01300,Consulta médica,2026-01-14 15:52:55,Dr_Trauma_04,,45,F,3,Traumatología,Alta
EP01010,Evaluación de resultados,2026-01-14 15:55:38,Dr_Emerge_02,Laboratorio,25,F,5,Emergencias,Alta
EP01492,Solicitud de examen,2026-01-14 16:04:54,Dr_Medici_01,Laboratorio,62,M,5,Medicina Interna,Alta
EP00637,Evaluación de resultados,2026-01-14 16:22:24,Dr_Emerge_03,Laboratorio,48,M,3,Emergencias,Hospitalización
EP00206,Registro del paciente,2026-01-14 16:26:33,Admision_02,,37,F,3,Emergencias,Alta
EP01010,Tratamiento,2026-01-14 16:27:09,Enf_Emerge_03,,25,F,5,Emergencias,Alta
EP00249,Registro del paciente,2026-01-14 16:27:29,Admision_01,,39,M,4,Medicina Interna,Alta
EP01300,Tratamiento,2026-01-14 16:48:47,Enf_Trauma_04,,45,F,3,Traumatología,Alta
EP01492,Realización de examen,2026-01-14 17:03:03,Laboratorio_Clinico,Laboratorio,62,M,5,Medicina Interna,Alta
EP00249,Triage,2026-01-14 17:04:47,Enf_Triage_02,,39,M,4,Medicina Interna,Alta
EP00206,Triage,2026-01-14 17:18:19,Enf_Triage_03,,37,F,3,Emergencias,Alta
EP01010,Alta,2026-01-14 17:43:27,Dr_Emerge_02,,25,F,5,Emergencias,Alta
EP00839,Consulta médica,2026-01-14 17:45:57,Dr_Emerge_03,,34,F,4,Emergencias,Alta
EP01492,Evaluación de resultados,2026-01-14 17:51:31,Dr_Medici_01,Laboratorio,62,M,5,Medicina Interna,Alta
EP01492,Solicitud de examen,2026-01-14 17:56:40,Dr_Medici_01,Laboratorio,62,M,5,Medicina Interna,Alta
EP01334,Registro del paciente,2026-01-14 17:58:23,Admision_03,,78,M,3,Medicina Interna,Alta
EP00839,Tratamiento,2026-01-14 18:17:18,Enf_Emerge_03,,34,F,4,Emergencias,Alta
EP00206,Consulta médica,2026-01-14 18:19:55,Dr_Emerge_04,,37,F,3,Emergencias,Alta
EP00637,Interconsulta especialista,2026-01-14 18:21:47,Especialista_02,,48,M,3,Emergencias,Hospitalización
EP01300,Alta,2026-01-14 18:33:10,Dr_Trauma_04,,45,F,3,Traumatología,Alta
EP00526,Realización de examen,2026-01-14 18:48:51,Imagenologia,Imagenología,50,M,3,Traumatología,Hospitalización
EP01334,Triage,2026-01-14 18:50:14,Enf_Triage_01,,78,M,3,Medicina Interna,Alta
EP00637,Tratamiento,2026-01-14 18:52:22,Enf_Emerge_04,,48,M,3,Emergencias,Hospitalización
EP01492,Realización de examen,2026-01-14 18:56:41,Laboratorio_Clinico,Laboratorio,62,M,5,Medicina Interna,Alta
EP00206,Tratamiento,2026-01-14 19:01:03,Enf_Emerge_04,,37,F,3,Emergencias,Alta
EP01492,Evaluación de resultados,2026-01-14 19:42:53,Dr_Medici_01,Laboratorio,62,M,5,Medicina Interna,Alta
EP00839,Alta,2026-01-14 20:21:20,Dr_Emerge_03,,34,F,4,Emergencias,Alta
EP00526,Evaluación de resultados,2026-01-14 20:24:48,Dr_Trauma_04,Imagenología,50,M,3,Traumatología,Hospitalización
EP00249,Consulta médica,2026-01-14 20:26:24,Dr_Medici_04,,39,M,4,Medicina Interna,Alta
EP01492,Tratamiento,2026-01-14 20:36:36,Enf_Medici_02,,62,M,5,Medicina Interna,Alta
EP00249,Solicitud de examen,2026-01-14 20:44:43,Dr_Medici_04,Laboratorio,39,M,4,Medicina Interna,Alta
EP00526,Tratamiento,2026-01-14 21:18:56,Enf_Trauma_03,,50,M,3,Traumatología,Hospitalización
EP01334,Consulta médica,2026-01-14 21:22:18,Dr_Medici_02,,78,M,3,Medicina Interna,Alta
EP01492,Alta,2026-01-14 21:31:35,Dr_Medici_01,,62,M,5,Medicina Interna,Alta
EP00206,Alta,2026-01-14 22:03:10,Dr_Emerge_04,,37,F,3,Emergencias,Alta
EP00526,Ingreso a hospitalización,2026-01-14 22:05:39,Gestion_Camas,,50,M,3,Traumatología,Hospitalización
EP00249,Realización de examen,2026-01-14 22:12:50,Laboratorio_Clinico,Laboratorio,39,M,4,Medicina Interna,Alta
EP00637,Ingreso a hospitalización,2026-01-14 22:31:19,Gestion_Camas,,48,M,3,Emergencias,Hospitalización
EP00249,Evaluación de resultados,2026-01-14 22:54:55,Dr_Medici_04,Laboratorio,39,M,4,Medicina Interna,Alta
EP00249,Consulta médica,2026-01-15 01:44:27,Dr_Medici_04,,39,M,4,Medicina Interna,Alta
EP01170,Registro del paciente,2026-01-15 02:29:35,Admision_03,,79,M,4,Emergencias,Alta
EP01170,Triage,2026-01-15 03:27:58,Enf_Triage_02,,79,M,4,Emergencias,Alta
EP01334,Interconsulta especialista,2026-01-15 04:40:10,Especialista_02,,78,M,3,Medicina Interna,Alta
EP01334,Tratamiento,2026-01-15 05:53:32,Enf_Medici_02,,78,M,3,Medicina Interna,Alta
EP01334,Alta,2026-01-15 06:24:22,Dr_Medici_02,,78,M,3,Medicina Interna,Alta
EP01075,Registro del paciente,2026-01-15 08:38:10,Admision_01,,54,M,2,Emergencias,Alta
EP01075,Triage,2026-01-15 09:03:33,Enf_Triage_02,,54,M,2,Emergencias,Alta
EP01366,Registro del paciente,2026-01-15 09:08:35,Admision_03,,65,F,4,Emergencias,Alta
EP01075,Consulta médica,2026-01-15 09:32:30,Dr_Emerge_01,,54,M,2,Emergencias,Alta
EP01366,Triage,2026-01-15 09:41:45,Enf_Triage_01,,65,F,4,Emergencias,Alta
EP00249,Interconsulta especialista,2026-01-15 09:47:41,Especialista_01,,39,M,4,Medicina Interna,Alta
EP00216,Registro del paciente,2026-01-15 09:57:36,Admision_03,,36,F,4,Medicina Interna,Alta
EP00305,Registro del paciente,2026-01-15 10:12:28,Admision_02,,67,M,4,Emergencias,Alta
EP00249,Tratamiento,2026-01-15 10:15:58,Enf_Medici_01,,39,M,4,Medicina Interna,Alta
EP00305,Triage,2026-01-15 10:48:26,Enf_Triage_03,,67,M,4,Emergencias,Alta
EP00216,Triage,2026-01-15 11:46:37,Enf_Triage_03,,36,F,4,Medicina Interna,Alta
EP00249,Alta,2026-01-15 12:30:48,Dr_Medici_04,,39,M,4,Medicina Interna,Alta
EP00665,Registro del paciente,2026-01-15 13:07:44,Admision_01,,68,M,4,Emergencias,Hospitalización
EP00305,Consulta médica,2026-01-15 13:08:36,Dr_Emerge_01,,67,M,4,Emergencias,Alta
EP00305,Tratamiento,2026-01-15 13:33:29,Enf_Emerge_01,,67,M,4,Emergencias,Alta
EP00216,Consulta médica,2026-01-15 13:39:36,Dr_Medici_03,,36,F,4,Medicina Interna,Alta
EP01351,Registro del paciente,2026-01-15 13:40:05,Admision_03,,70,F,5,Medicina Interna,Alta
EP00665,Triage,2026-01-15 13:42:24,Enf_Triage_01,,68,M,4,Emergencias,Hospitalización
EP01075,Interconsulta especialista,2026-01-15 13:46:02,Especialista_03,,54,M,2,Emergencias,Alta
EP00216,Solicitud de examen,2026-01-15 14:03:41,Dr_Medici_03,Imagenología,36,F,4,Medicina Interna,Alta
EP01351,Triage,2026-01-15 14:10:02,Enf_Triage_03,,70,F,5,Medicina Interna,Alta
EP01262,Registro del paciente,2026-01-15 14:46:59,Admision_03,,15,F,3,Emergencias,Alta
EP01262,Triage,2026-01-15 15:14:15,Enf_Triage_01,,15,F,3,Emergencias,Alta
EP00305,Alta,2026-01-15 15:27:16,Dr_Emerge_01,,67,M,4,Emergencias,Alta
EP01351,Consulta médica,2026-01-15 15:50:03,Dr_Medici_03,,70,F,5,Medicina Interna,Alta
EP01075,Tratamiento,2026-01-15 15:58:10,Enf_Emerge_04,,54,M,2,Emergencias,Alta
EP01351,Solicitud de examen,2026-01-15 16:00:30,Dr_Medici_03,Imagenología,70,F,5,Medicina Interna,Alta
EP01366,Consulta médica,2026-01-15 16:49:00,Dr_Emerge_04,,65,F,4,Emergencias,Alta
EP01262,Consulta médica,2026-01-15 16:53:13,Dr_Emerge_03,,15,F,3,Emergencias,Alta
EP01075,Alta,2026-01-15 17:05:05,Dr_Emerge_01,,54,M,2,Emergencias,Alta
EP01262,Tratamiento,2026-01-15 17:13:09,Enf_Emerge_03,,15,F,3,Emergencias,Alta
EP01366,Tratamiento,2026-01-15 17:35:00,Enf_Emerge_02,,65,F,4,Emergencias,Alta
EP01351,Realización de examen,2026-01-15 17:47:23,Imagenologia,Imagenología,70,F,5,Medicina Interna,Alta
EP00584,Registro del paciente,2026-01-15 18:14:04,Admision_01,,33,F,3,Emergencias,Alta
EP00216,Realización de examen,2026-01-15 18:19:33,Imagenologia,Imagenología,36,F,4,Medicina Interna,Alta
EP00584,Triage,2026-01-15 18:32:24,Enf_Triage_01,,33,F,3,Emergencias,Alta
EP01262,Alta,2026-01-15 18:39:40,Dr_Emerge_03,,15,F,3,Emergencias,Alta
EP00397,Registro del paciente,2026-01-15 19:03:54,Admision_01,,15,M,2,Medicina Interna,Hospitalización
EP01351,Evaluación de resultados,2026-01-15 19:11:56,Dr_Medici_03,Imagenología,70,F,5,Medicina Interna,Alta
EP00397,Triage,2026-01-15 19:34:12,Enf_Triage_02,,15,M,2,Medicina Interna,Hospitalización
EP00397,Triage,2026-01-15 19:34:12,Enf_Triage_02,,15,M,2,Medicina Interna,Hospitalización
EP01366,Alta,2026-01-15 19:40:52,Dr_Emerge_04,,65,F,4,Emergencias,Alta
EP00216,Evaluación de resultados,2026-01-15 19:41:28,Dr_Medici_03,Imagenología,36,F,4,Medicina Interna,Alta
EP00619,Registro del paciente,2026-01-15 20:04:19,Admision_03,,0,F,3,Pediatría,Alta
EP00216,Tratamiento,2026-01-15 20:13:23,Enf_Medici_02,,36,F,4,Medicina Interna,Alta
EP01170,Consulta médica,2026-01-15 20:28:41,Dr_Emerge_01,,79,M,4,Emergencias,Alta
EP00216,Alta,2026-01-15 20:46:45,Dr_Medici_03,,36,F,4,Medicina Interna,Alta
EP00397,Consulta médica,2026-01-15 20:47:14,Dr_Medici_02,,15,M,2,Medicina Interna,Hospitalización
EP00619,Triage,2026-01-15 20:48:13,Enf_Triage_02,,0,F,3,Pediatría,Alta
EP00665,Consulta médica,2026-01-15 21:02:34,Dr_Emerge_04,,68,M,4,Emergencias,Hospitalización
EP01170,Tratamiento,2026-01-15 21:08:35,Enf_Emerge_03,,79,M,4,Emergencias,Alta
EP00397,Solicitud de examen,2026-01-15 21:15:12,Dr_Medici_02,Laboratorio,15,M,2,Medicina Interna,Hospitalización
EP00584,Consulta médica,2026-01-15 21:17:50,Dr_Emerge_04,,33,F,3,Emergencias,Alta
EP00584,Solicitud de examen,2026-01-15 21:28:19,Dr_Emerge_04,Imagenología,33,F,3,Emergencias,Alta
EP01351,Consulta médica,2026-01-15 21:44:05,Dr_Medici_03,,70,F,5,Medicina Interna,Alta
EP00665,Tratamiento,2026-01-15 21:49:15,Enf_Emerge_04,,68,M,4,Emergencias,Hospitalización
EP00397,Realización de examen,2026-01-15 22:03:04,Laboratorio_Clinico,Laboratorio,15,M,2,Medicina Interna,Hospitalización
EP00619,Consulta médica,2026-01-15 22:09:36,Dr_Pediat_02,,0,F,3,Pediatría,Alta
EP01170,Alta,2026-01-15 22:14:04,Dr_Emerge_01,,79,M,4,Emergencias,Alta
EP01351,Tratamiento,2026-01-15 22:17:19,Enf_Medici_04,,70,F,5,Medicina Interna,Alta
EP00397,Evaluación de resultados,2026-01-15 22:30:15,Dr_Medici_02,Laboratorio,15,M,2,Medicina Interna,Hospitalización
EP00665,Ingreso a hospitalización,2026-01-15 22:53:14,Gestion_Camas,,68,M,4,Emergencias,Hospitalización
EP01351,Alta,2026-01-15 23:03:39,Dr_Medici_03,,70,F,5,Medicina Interna,Alta
EP00619,Tratamiento,2026-01-15 23:11:36,Enf_Pediat_04,,0,F,3,Pediatría,Alta
EP00397,Tratamiento,2026-01-15 23:14:51,Enf_Medici_02,,15,M,2,Medicina Interna,Hospitalización
EP00619,Alta,2026-01-16 00:02:15,Dr_Pediat_02,,0,F,3,Pediatría,Alta
EP00331,Registro del paciente,2026-01-16 00:02:54,Admision_02,,15,M,5,Traumatología,Alta
EP00331,Triage,2026-01-16 00:56:22,Enf_Triage_02,,15,M,5,Traumatología,Alta
EP00331,Consulta médica,2026-01-16 02:20:19,Dr_Trauma_04,,15,M,5,Traumatología,Alta
EP00331,Solicitud de examen,2026-01-16 02:32:29,Dr_Trauma_04,Laboratorio,15,M,5,Traumatología,Alta
EP00331,Realización de examen,2026-01-16 02:55:03,Laboratorio_Clinico,Laboratorio,15,M,5,Traumatología,Alta
EP00331,Evaluación de resultados,2026-01-16 03:25:24,Dr_Trauma_04,Laboratorio,15,M,5,Traumatología,Alta
EP00331,Tratamiento,2026-01-16 03:56:40,Enf_Trauma_03,,15,M,5,Traumatología,Alta
EP00331,Alta,2026-01-16 04:59:05,Dr_Trauma_04,,15,M,5,Traumatología,Alta
EP01336,Registro del paciente,2026-01-16 06:06:19,Admision_01,,4,F,5,Pediatría,Alta
EP01336,Triage,2026-01-16 06:38:43,Enf_Triage_03,,4,F,5,Pediatría,Alta
EP00584,Realización de examen,2026-01-16 06:51:39,Imagenologia,Imagenología,33,F,3,Emergencias,Alta
EP00584,Evaluación de resultados,2026-01-16 07:53:57,Dr_Emerge_04,Imagenología,33,F,3,Emergencias,Alta
EP00584,Tratamiento,2026-01-16 08:33:07,Enf_Emerge_04,,33,F,3,Emergencias,Alta
EP01336,Consulta médica,2026-01-16 08:39:40,Dr_Pediat_04,,4,F,5,Pediatría,Alta
EP01287,Registro del paciente,2026-01-16 09:19:26,Admision_03,,72,F,3,Emergencias,Alta
EP01336,Tratamiento,2026-01-16 09:20:05,Enf_Pediat_02,,4,F,5,Pediatría,Alta
EP00584,Alta,2026-01-16 09:32:50,Dr_Emerge_04,,33,F,3,Emergencias,Alta
EP01287,Triage,2026-01-16 09:48:10,Enf_Triage_03,,72,F,3,Emergencias,Alta
EP00397,Ingreso a hospitalización,2026-01-16 10:01:29,Gestion_Camas,,15,M,2,Medicina Interna,Hospitalización
EP01336,Alta,2026-01-16 10:27:48,Dr_Pediat_04,,4,F,5,Pediatría,Alta
EP01287,Consulta médica,2026-01-16 10:56:39,Dr_Emerge_01,,72,F,3,Emergencias,Alta
EP01287,Solicitud de examen,2026-01-16 11:08:38,Dr_Emerge_01,Laboratorio,72,F,3,Emergencias,Alta
EP00091,Registro del paciente,2026-01-16 11:59:54,Admision_03,,66,M,5,Medicina Interna,Hospitalización
EP00091,Triage,2026-01-16 12:38:03,Enf_Triage_01,,66,M,5,Medicina Interna,Hospitalización
EP01287,Realización de examen,2026-01-16 13:11:51,Laboratorio_Clinico,Laboratorio,72,F,3,Emergencias,Alta
EP00232,Registro del paciente,2026-01-16 13:44:00,Admision_02,,63,F,2,Emergencias,Alta
EP01079,Registro del paciente,2026-01-16 13:53:36,Admision_01,,45,F,5,Emergencias,Alta
EP01002,Registro del paciente,2026-01-16 13:59:43,Admision_03,,58,M,4,Emergencias,Hospitalización
EP01287,Evaluación de resultados,2026-01-16 14:16:09,Dr_Emerge_01,Laboratorio,72,F,3,Emergencias,Alta
EP00232,Triage,2026-01-16 14:31:47,Enf_Triage_01,,63,F,2,Emergencias,Alta
EP01002,Triage,2026-01-16 14:32:59,Enf_Triage_01,,58,M,4,Emergencias,Hospitalización
EP01079,Triage,2026-01-16 14:35:52,Enf_Triage_01,,45,F,5,Emergencias,Alta
EP00232,Consulta médica,2026-01-16 15:03:28,Dr_Emerge_04,,63,F,2,Emergencias,Alta
EP01287,Tratamiento,2026-01-16 15:03:45,Enf_Emerge_04,,72,F,3,Emergencias,Alta
EP01002,Consulta médica,2026-01-16 15:41:49,Dr_Emerge_01,,58,M,4,Emergencias,Hospitalización
EP01287,Alta,2026-01-16 16:23:18,Dr_Emerge_01,,72,F,3,Emergencias,Alta
EP01002,Tratamiento,2026-01-16 16:27:59,Enf_Emerge_03,,58,M,4,Emergencias,Hospitalización
EP00232,Interconsulta especialista,2026-01-16 16:55:34,Especialista_02,,63,F,2,Emergencias,Alta
EP00232,Tratamiento,2026-01-16 17:20:50,Enf_Emerge_04,,63,F,2,Emergencias,Alta
EP00232,Alta,2026-01-16 18:11:52,Dr_Emerge_04,,63,F,2,Emergencias,Alta
EP00723,Registro del paciente,2026-01-16 18:43:00,Admision_01,,46,M,3,Medicina Interna,Alta
EP00723,Triage,2026-01-16 19:03:20,Enf_Triage_02,,46,M,3,Medicina Interna,Alta
EP00091,Consulta médica,2026-01-16 19:48:09,Dr_Medici_04,,66,M,5,Medicina Interna,Hospitalización
EP01079,Consulta médica,2026-01-16 20:10:10,Dr_Emerge_04,,45,F,5,Emergencias,Alta
EP00091,Solicitud de examen,2026-01-16 20:13:40,Dr_Medici_04,Imagenología,66,M,5,Medicina Interna,Hospitalización
EP01079,Solicitud de examen,2026-01-16 20:30:27,Dr_Emerge_04,Laboratorio,45,F,5,Emergencias,Alta
EP00723,Consulta médica,2026-01-16 21:12:58,Dr_Medici_04,,46,M,3,Medicina Interna,Alta
EP00723,Solicitud de examen,2026-01-16 21:20:11,Dr_Medici_04,Laboratorio,46,M,3,Medicina Interna,Alta
EP01079,Realización de examen,2026-01-16 21:37:18,Laboratorio_Clinico,Laboratorio,45,F,5,Emergencias,Alta
EP01079,Evaluación de resultados,2026-01-16 22:04:38,Dr_Emerge_04,Laboratorio,45,F,5,Emergencias,Alta
EP01079,Consulta médica,2026-01-16 22:42:12,Dr_Emerge_04,,45,F,5,Emergencias,Alta
EP01079,Tratamiento,2026-01-16 23:09:49,Enf_Emerge_03,,45,F,5,Emergencias,Alta
EP01002,Ingreso a hospitalización,2026-01-16 23:39:11,Gestion_Camas,,58,M,4,Emergencias,Hospitalización
EP00723,Realización de examen,2026-01-16 23:47:10,Laboratorio_Clinico,Laboratorio,46,M,3,Medicina Interna,Alta
EP00723,Evaluación de resultados,2026-01-17 00:15:48,Dr_Medici_04,Laboratorio,46,M,3,Medicina Interna,Alta
EP01472,Registro del paciente,2026-01-17 00:49:29,Admision_02,,55,M,1,Traumatología,Alta
EP01472,Triage,2026-01-17 00:52:30,Enf_Triage_02,,55,M,1,Traumatología,Alta
EP01472,Consulta médica,2026-01-17 00:58:18,Dr_Trauma_03,,55,M,1,Traumatología,Alta
EP01079,Alta,2026-01-17 01:05:40,Dr_Emerge_04,,45,F,5,Emergencias,Alta
EP01472,Tratamiento,2026-01-17 01:31:47,Enf_Trauma_04,,55,M,1,Traumatología,Alta
EP00091,Realización de examen,2026-01-17 01:43:58,Imagenologia,Imagenología,66,M,5,Medicina Interna,Hospitalización
EP00723,Consulta médica,2026-01-17 02:38:23,Dr_Medici_04,,46,M,3,Medicina Interna,Alta
EP00505,Registro del paciente,2026-01-17 03:14:13,Admision_03,,53,M,4,Medicina Interna,Alta
EP00091,Evaluación de resultados,2026-01-17 03:20:06,Dr_Medici_04,Imagenología,66,M,5,Medicina Interna,Hospitalización
EP00723,Tratamiento,2026-01-17 03:38:50,Enf_Medici_03,,46,M,3,Medicina Interna,Alta
EP00505,Triage,2026-01-17 03:58:15,Enf_Triage_03,,53,M,4,Medicina Interna,Alta
EP00091,Tratamiento,2026-01-17 04:08:53,Enf_Medici_04,,66,M,5,Medicina Interna,Hospitalización
EP01472,Alta,2026-01-17 04:09:23,Dr_Trauma_03,,55,M,1,Traumatología,Alta
EP00723,Alta,2026-01-17 04:17:07,Dr_Medici_04,,46,M,3,Medicina Interna,Alta
EP00505,Consulta médica,2026-01-17 06:30:56,Dr_Medici_01,,53,M,4,Medicina Interna,Alta
EP00091,Ingreso a hospitalización,2026-01-17 07:46:17,Gestion_Camas,,66,M,5,Medicina Interna,Hospitalización
EP00746,Registro del paciente,2026-01-17 08:10:13,Admision_03,,37,F,3,Emergencias,Alta
EP00505,Interconsulta especialista,2026-01-17 08:20:37,Especialista_01,,53,M,4,Medicina Interna,Alta
EP00115,Registro del paciente,2026-01-17 08:32:22,Admision_01,,95,M,5,Medicina Interna,Alta
EP00746,Triage,2026-01-17 08:35:41,Enf_Triage_01,,37,F,3,Emergencias,Alta
EP00505,Tratamiento,2026-01-17 08:47:34,Enf_Medici_01,,53,M,4,Medicina Interna,Alta
EP00115,Triage,2026-01-17 09:03:52,Enf_Triage_01,,95,M,5,Medicina Interna,Alta
EP00746,Consulta médica,2026-01-17 09:05:23,Dr_Emerge_03,,37,F,3,Emergencias,Alta
EP00746,Tratamiento,2026-01-17 09:54:04,Enf_Emerge_02,,37,F,3,Emergencias,Alta
EP00505,Alta,2026-01-17 10:27:39,Dr_Medici_01,,53,M,4,Medicina Interna,Alta
EP00746,Alta,2026-01-17 11:12:53,Dr_Emerge_03,,37,F,3,Emergencias,Alta
EP00757,registro del paciente,2026-01-17 11:15:18,Admision_02,,51,F,3,Emergencias,Alta
EP00757,Triage,2026-01-17 11:42:34,Enf_Triage_01,,51,F,3,Emergencias,Alta
EP00757,Consulta médica,2026-01-17 13:15:01,Dr_Emerge_03,,51,F,3,Emergencias,Alta
EP00757,Tratamiento,2026-01-17 13:47:14,Enf_Emerge_04,,51,F,3,Emergencias,Alta
EP00691,Registro del paciente,2026-01-17 14:15:07,Admision_03,,57,F,2,Emergencias,Hospitalización
EP00757,Alta,2026-01-17 14:18:29,Dr_Emerge_03,,51,F,3,Emergencias,Alta
EP00691,Triage,2026-01-17 14:29:43,Enf_Triage_01,,57,F,2,Emergencias,Hospitalización
EP00691,Consulta médica,2026-01-17 15:01:21,Dr_Emerge_04,,57,F,2,Emergencias,Hospitalización
EP01317,Registro del paciente,2026-01-17 15:43:45,Admision_03,,79,M,3,Emergencias,Alta
EP00691,Tratamiento,2026-01-17 15:48:52,Enf_Emerge_02,,57,F,2,Emergencias,Hospitalización
EP01317,Triage,2026-01-17 16:11:35,Enf_Triage_02,,79,M,3,Emergencias,Alta
EP00808,Registro del paciente,2026-01-17 16:36:12,Admision_03,,67,M,2,Medicina Interna,Alta
EP01317,Consulta médica,2026-01-17 16:53:21,Dr_Emerge_04,,79,M,3,Emergencias,Alta
EP00115,Consulta médica,2026-01-17 16:54:31,Dr_Medici_02,,95,M,5,Medicina Interna,Alta
EP00808,Triage,2026-01-17 16:56:59,Enf_Triage_01,,67,M,2,Medicina Interna,Alta
EP01317,Tratamiento,2026-01-17 17:23:45,Enf_Emerge_04,,79,M,3,Emergencias,Alta
EP00808,Consulta médica,2026-01-17 17:27:23,Dr_Medici_04,,67,M,2,Medicina Interna,Alta
EP00808,Solicitud de examen,2026-01-17 17:50:17,Dr_Medici_04,Laboratorio,67,M,2,Medicina Interna,Alta
EP00808,Realización de examen,2026-01-17 18:32:10,Laboratorio_Clinico,Laboratorio,67,M,2,Medicina Interna,Alta
EP01317,Alta,2026-01-17 18:36:37,Dr_Emerge_04,,79,M,3,Emergencias,Alta
EP00808,Evaluación de resultados,2026-01-17 19:14:19,Dr_Medici_04,Laboratorio,67,M,2,Medicina Interna,Alta
EP00115,Interconsulta especialista,2026-01-17 19:46:55,Especialista_01,,95,M,5,Medicina Interna,Alta
EP00115,tratamiento,2026-01-17 20:16:09,Enf_Medici_02,,95,M,5,Medicina Interna,Alta
EP00691,Ingreso a hospitalización,2026-01-17 20:18:07,Gestion_Camas,,57,F,2,Emergencias,Hospitalización
EP00808,Tratamiento,2026-01-17 20:21:29,Enf_Medici_01,,67,M,2,Medicina Interna,Alta
EP00808,Alta,2026-01-17 21:06:02,Dr_Medici_04,,67,M,2,Medicina Interna,Alta
EP00115,Alta,2026-01-17 22:43:38,Dr_Medici_02,,95,M,5,Medicina Interna,Alta
EP01420,Registro del paciente,2026-01-18 11:01:23,Admision_01,,33,M,3,Traumatología,Traslado
EP01420,Triage,2026-01-18 11:31:45,Enf_Triage_02,,33,M,3,Traumatología,Traslado
EP01304,Registro del paciente,2026-01-18 11:36:09,Admision_01,,34,M,3,Medicina Interna,Alta
EP01304,Triage,2026-01-18 11:55:02,Enf_Triage_01,,34,M,3,Medicina Interna,Alta
EP01420,Consulta médica,2026-01-18 13:02:23,Dr_Trauma_02,,33,M,3,Traumatología,Traslado
EP01420,Solicitud de examen,2026-01-18 13:12:27,Dr_Trauma_02,Imagenología,33,M,3,Traumatología,Traslado
EP01304,Consulta médica,2026-01-18 13:22:33,Dr_Medici_04,,34,M,3,Medicina Interna,Alta
EP01304,Tratamiento,2026-01-18 14:08:33,Enf_Medici_02,,34,M,3,Medicina Interna,Alta
EP01304,Alta,2026-01-18 15:58:24,Dr_Medici_04,,34,M,3,Medicina Interna,Alta
EP01420,Realización de examen,2026-01-18 17:08:00,Imagenologia,Imagenología,33,M,3,Traumatología,Traslado
EP01420,Evaluación de resultados,2026-01-18 18:44:19,Dr_Trauma_02,Imagenología,33,M,3,Traumatología,Traslado
EP00054,Registro del paciente,2026-01-18 19:30:19,Admision_01,,37,F,3,Traumatología,Alta
EP01420,Consulta médica,2026-01-18 19:55:48,Dr_Trauma_02,,33,M,3,Traumatología,Traslado
EP00054,Triage,2026-01-18 20:33:03,Enf_Triage_03,,37,F,3,Traumatología,Alta
EP01420,Tratamiento,2026-01-18 20:39:39,Enf_Trauma_04,,33,M,3,Traumatología,Traslado
EP01205,Registro del paciente,2026-01-18 20:46:39,Admision_03,,32,M,4,Emergencias,Hospitalización
EP01205,Triage,2026-01-18 21:20:23,Enf_Triage_01,,32,M,4,Emergencias,Hospitalización
EP00054,Consulta médica,2026-01-18 22:10:00,Dr_Trauma_02,,37,F,3,Traumatología,Alta
EP00054,Solicitud de examen,2026-01-18 22:28:37,Dr_Trauma_02,Imagenología,37,F,3,Traumatología,Alta
EP01420,Traslado a otro centro,2026-01-18 22:39:05,Admision_01,,33,M,3,Traumatología,Traslado
EP00054,Realización de examen,2026-01-19 03:32:51,Imagenologia,Imagenología,37,F,3,Traumatología,Alta
EP00054,Evaluación de resultados,2026-01-19 04:38:07,Dr_Trauma_02,Imagenología,37,F,3,Traumatología,Alta
EP01205,Consulta médica,2026-01-19 05:00:51,Dr_Emerge_04,,32,M,4,Emergencias,Hospitalización
EP00054,Tratamiento,2026-01-19 05:05:40,Enf_Trauma_02,,37,F,3,Traumatología,Alta
EP01205,Solicitud de examen,2026-01-19 05:14:21,Dr_Emerge_04,Laboratorio,32,M,4,Emergencias,Hospitalización
EP00054,Alta,2026-01-19 05:37:37,Dr_Trauma_02,,37,F,3,Traumatología,Alta
EP01416,Registro del paciente,2026-01-19 05:50:10,Admision_01,,64,M,5,Traumatología,Alta
EP01205,Realización de examen,2026-01-19 06:05:36,Laboratorio_Clinico,Laboratorio,32,M,4,Emergencias,Hospitalización
EP01416,Triage,2026-01-19 06:30:22,Enf_Triage_02,,64,M,5,Traumatología,Alta
EP01205,Evaluación de resultados,2026-01-19 06:39:23,Dr_Emerge_04,Laboratorio,32,M,4,Emergencias,Hospitalización
EP01205,Solicitud de examen,2026-01-19 06:52:27,Dr_Emerge_04,Laboratorio,32,M,4,Emergencias,Hospitalización
EP01205,Realización de examen,2026-01-19 07:30:44,Laboratorio_Clinico,Laboratorio,32,M,4,Emergencias,Hospitalización
EP00873,Registro del paciente,2026-01-19 08:18:17,Admision_02,,27,F,4,Medicina Interna,Alta
EP01416,Consulta médica,2026-01-19 08:40:33,Dr_Trauma_03,,64,M,5,Traumatología,Alta
EP00968,Registro del paciente,2026-01-19 08:44:06,Admision_03,,47,M,3,Emergencias,Alta
EP00873,Triage,2026-01-19 08:44:29,Enf_Triage_01,,27,F,4,Medicina Interna,Alta
EP01416,Solicitud de examen,2026-01-19 08:49:05,Dr_Trauma_03,Imagenología,64,M,5,Traumatología,Alta
EP00968,Triage,2026-01-19 08:55:34,Enf_Triage_03,,47,M,3,Emergencias,Alta
EP01205,Evaluación de resultados,2026-01-19 09:13:52,Dr_Emerge_04,Laboratorio,32,M,4,Emergencias,Hospitalización
EP01205,Solicitud de examen,2026-01-19 09:32:15,Dr_Emerge_04,Imagenología,32,M,4,Emergencias,Hospitalización
EP00968,Consulta médica,2026-01-19 10:02:37,Dr_Emerge_04,,47,M,3,Emergencias,Alta
EP00968,Solicitud de examen,2026-01-19 10:12:22,Dr_Emerge_04,Laboratorio,47,M,3,Emergencias,Alta
EP00968,Realización de examen,2026-01-19 11:40:32,Laboratorio_Clinico,Laboratorio,47,M,3,Emergencias,Alta
EP00873,Consulta médica,2026-01-19 12:08:41,Dr_Medici_01,,27,F,4,Medicina Interna,Alta
EP00968,Evaluación de resultados,2026-01-19 12:28:11,Dr_Emerge_04,Laboratorio,47,M,3,Emergencias,Alta
EP01416,Realización de examen,2026-01-19 12:38:34,Imagenologia,Imagenología,64,M,5,Traumatología,Alta
EP01358,Registro del paciente,2026-01-19 12:47:30,Admision_03,,63,F,4,Traumatología,Alta
EP00960,Registro del paciente,2026-01-19 12:59:47,Admision_01,,6,M,4,Pediatría,Alta
EP00873,Tratamiento,2026-01-19 13:16:54,Enf_Medici_01,,27,F,4,Medicina Interna,Alta
EP01358,Triage,2026-01-19 13:17:21,Enf_Triage_02,,63,F,4,Traumatología,Alta
EP00960,Triage,2026-01-19 13:17:56,Enf_Triage_02,,6,M,4,Pediatría,Alta
EP00968,Tratamiento,2026-01-19 13:28:04,Enf_Emerge_01,,47,M,3,Emergencias,Alta
EP00873,Alta,2026-01-19 13:46:46,Dr_Medici_01,,27,F,4,Medicina Interna,Alta
EP00968,Alta,2026-01-19 13:59:31,Dr_Emerge_04,,47,M,3,Emergencias,Alta
EP01416,Evaluación de resultados,2026-01-19 14:45:50,Dr_Trauma_03,Imagenología,64,M,5,Traumatología,Alta
EP00960,Consulta médica,2026-01-19 15:09:02,Dr_Pediat_01,,6,M,4,Pediatría,Alta
EP01416,Tratamiento,2026-01-19 15:41:20,Enf_Trauma_01,,64,M,5,Traumatología,Alta
EP01416,Alta,2026-01-19 16:17:42,Dr_Trauma_03,,64,M,5,Traumatología,Alta
EP00960,Consulta médica,2026-01-19 16:39:50,Dr_Pediat_01,,6,M,4,Pediatría,Alta
EP01189,Registro del paciente,2026-01-19 16:48:31,Admision_03,,41,M,5,Medicina Interna,Alta
EP00541,Registro del paciente,2026-01-19 16:50:56,Admision_01,,64,M,2,Medicina Interna,Traslado
EP00960,Tratamiento,2026-01-19 17:09:39,Enf_Pediat_02,,6,M,4,Pediatría,Alta
EP00541,Triage,2026-01-19 17:26:19,Enf_Triage_01,,64,M,2,Medicina Interna,Traslado
EP01189,Triage,2026-01-19 17:30:54,Enf_Triage_01,,41,M,5,Medicina Interna,Alta
EP00960,Alta,2026-01-19 17:35:31,Dr_Pediat_01,,6,M,4,Pediatría,Alta
EP00541,Consulta médica,2026-01-19 17:44:16,Dr_Medici_03,,64,M,2,Medicina Interna,Traslado
EP00541,Solicitud de examen,2026-01-19 17:57:51,Dr_Medici_03,Laboratorio,64,M,2,Medicina Interna,Traslado
EP01358,Consulta médica,2026-01-19 18:16:34,Dr_Trauma_02,,63,F,4,Traumatología,Alta
EP01020,Registro del paciente,2026-01-19 18:22:31,Admision_03,,36,F,5,Medicina Interna,Alta
EP01358,Solicitud de examen,2026-01-19 18:25:58,Dr_Trauma_02,Imagenología,63,F,4,Traumatología,Alta
EP01205,Realización de examen,2026-01-19 18:42:43,Imagenologia,Imagenología,32,M,4,Emergencias,Hospitalización
EP00541,Realización de examen,2026-01-19 18:43:33,Laboratorio_Clinico,Laboratorio,64,M,2,Medicina Interna,Traslado
EP01020,Triage,2026-01-19 18:51:29,Enf_Triage_03,,36,F,5,Medicina Interna,Alta
EP00541,Evaluación de resultados,2026-01-19 19:59:18,Dr_Medici_03,Laboratorio,64,M,2,Medicina Interna,Traslado
EP00541,Solicitud de examen,2026-01-19 20:05:04,Dr_Medici_03,Imagenología,64,M,2,Medicina Interna,Traslado
EP01189,Consulta médica,2026-01-19 20:34:16,Dr_Medici_01,,41,M,5,Medicina Interna,Alta
EP01189,Solicitud de examen,2026-01-19 20:47:11,Dr_Medici_01,Imagenología,41,M,5,Medicina Interna,Alta
EP01205,Evaluación de resultados,2026-01-19 21:47:39,Dr_Emerge_04,Imagenología,32,M,4,Emergencias,Hospitalización
EP01358,Realización de examen,2026-01-19 22:51:03,Imagenologia,Imagenología,63,F,4,Traumatología,Alta
EP01020,Consulta médica,2026-01-20 00:29:40,Dr_Medici_02,,36,F,5,Medicina Interna,Alta
EP01020,Solicitud de examen,2026-01-20 00:45:16,Dr_Medici_02,Imagenología,36,F,5,Medicina Interna,Alta
EP01205,Consulta médica,2026-01-20 00:52:27,Dr_Emerge_04,,32,M,4,Emergencias,Hospitalización
EP01358,Evaluación de resultados,2026-01-20 00:52:43,Dr_Trauma_02,Imagenología,63,F,4,Traumatología,Alta
EP01358,Solicitud de examen,2026-01-20 01:06:25,Dr_Trauma_02,Laboratorio,63,F,4,Traumatología,Alta
EP01358,Realización de examen,2026-01-20 01:40:53,Laboratorio_Clinico,Laboratorio,63,F,4,Traumatología,Alta
EP00709,Registro del paciente,2026-01-20 01:41:22,Admision_01,,39,M,2,Emergencias,Alta
EP01205,Tratamiento,2026-01-20 01:58:56,Enf_Emerge_04,,32,M,4,Emergencias,Hospitalización
EP00709,Triage,2026-01-20 02:00:16,Enf_Triage_01,,39,M,2,Emergencias,Alta
EP00709,Consulta médica,2026-01-20 02:57:26,Dr_Emerge_01,,39,M,2,Emergencias,Alta
EP00709,Solicitud de examen,2026-01-20 03:03:30,Dr_Emerge_01,Laboratorio,39,M,2,Emergencias,Alta
EP01358,Evaluación de resultados,2026-01-20 03:13:05,Dr_Trauma_02,Laboratorio,63,F,4,Traumatología,Alta
EP00709,Realización de examen,2026-01-20 03:43:53,Laboratorio_Clinico,Laboratorio,39,M,2,Emergencias,Alta
EP00709,Evaluación de resultados,2026-01-20 04:14:30,Dr_Emerge_01,Laboratorio,39,M,2,Emergencias,Alta
EP01482,Registro del paciente,2026-01-20 05:02:19,Admision_03,,39,M,4,Traumatología,Alta
EP01482,Triage,2026-01-20 05:35:04,Enf_Triage_03,,39,M,4,Traumatología,Alta
EP00541,Realización de examen,2026-01-20 05:45:29,Imagenologia,Imagenología,64,M,2,Medicina Interna,Traslado
EP00541,Evaluación de resultados,2026-01-20 06:17:17,Dr_Medici_03,Imagenología,64,M,2,Medicina Interna,Traslado
EP00709,Consulta médica,2026-01-20 06:55:21,Dr_Emerge_01,,39,M,2,Emergencias,Alta
EP01205,Ingreso a hospitalización,2026-01-20 06:58:38,Gestion_Camas,,32,M,4,Emergencias,Hospitalización
EP00541,Consulta médica,2026-01-20 07:26:20,Dr_Medici_03,,64,M,2,Medicina Interna,Traslado
EP00709,Tratamiento,2026-01-20 07:29:25,Enf_Emerge_01,,39,M,2,Emergencias,Alta
EP00709,Alta,2026-01-20 08:31:19,Dr_Emerge_01,,39,M,2,Emergencias,Alta
EP01358,Interconsulta especialista,2026-01-20 09:03:34,Especialista_01,,63,F,4,Traumatología,Alta
EP00541,Tratamiento,2026-01-20 09:17:29,Enf_Medici_01,,64,M,2,Medicina Interna,Traslado
EP00108,Registro del paciente,2026-01-20 09:35:33,Admision_01,,81,F,5,Traumatología,Hospitalización
EP01482,Consulta médica,2026-01-20 09:41:30,Dr_Trauma_04,,39,M,4,Traumatología,Alta
EP01358,Tratamiento,2026-01-20 09:44:55,Enf_Trauma_03,,63,F,4,Traumatología,Alta
EP01482,Tratamiento,2026-01-20 10:21:50,Enf_Trauma_02,,39,M,4,Traumatología,Alta
EP01358,Alta,2026-01-20 10:30:26,Dr_Trauma_02,,63,F,4,Traumatología,Alta
EP00108,Triage,2026-01-20 10:32:44,Enf_Triage_01,,81,F,5,Traumatología,Hospitalización
EP01482,Alta,2026-01-20 11:26:12,Dr_Trauma_04,,39,M,4,Traumatología,Alta
EP00541,Traslado a otro centro,2026-01-20 12:30:40,Admision_01,,64,M,2,Medicina Interna,Traslado
EP01189,Realización de examen,2026-01-20 12:40:03,Imagenologia,Imagenología,41,M,5,Medicina Interna,Alta
EP00499,Registro del paciente,2026-01-20 13:32:25,Admision_01,,50,M,3,Medicina Interna,Alta
EP01189,Evaluación de resultados,2026-01-20 14:05:39,Dr_Medici_01,Imagenología,41,M,5,Medicina Interna,Alta
EP00499,Triage,2026-01-20 14:29:01,Enf_Triage_02,,50,M,3,Medicina Interna,Alta
EP01189,Tratamiento,2026-01-20 14:59:45,Enf_Medici_01,,41,M,5,Medicina Interna,Alta
EP00499,Consulta médica,2026-01-20 15:03:41,Dr_Medici_04,,50,M,3,Medicina Interna,Alta
EP00499,Solicitud de examen,2026-01-20 15:14:18,Dr_Medici_04,Laboratorio,50,M,3,Medicina Interna,Alta
EP00661,Registro del paciente,2026-01-20 16:39:12,Admision_03,,61,M,2,Emergencias,Alta
EP00661,Triage,2026-01-20 16:55:44,Enf_Triage_03,,61,M,2,Emergencias,Alta
EP00499,Realización de examen,2026-01-20 16:58:33,Laboratorio_Clinico,Laboratorio,50,M,3,Medicina Interna,Alta
EP01189,Alta,2026-01-20 17:27:48,Dr_Medici_01,,41,M,5,Medicina Interna,Alta
EP00661,Consulta médica,2026-01-20 17:45:07,Dr_Emerge_02,,61,M,2,Emergencias,Alta
EP01020,Realización de examen,2026-01-20 17:53:50,Imagenologia,Imagenología,36,F,5,Medicina Interna,Alta
EP00499,Evaluación de resultados,2026-01-20 17:59:20,Dr_Medici_04,Laboratorio,50,M,3,Medicina Interna,Alta
EP00661,Tratamiento,2026-01-20 18:46:24,Enf_Emerge_03,,61,M,2,Emergencias,Alta
EP00661,Alta,2026-01-20 19:15:14,Dr_Emerge_02,,61,M,2,Emergencias,Alta
EP00499,Consulta médica,2026-01-20 19:34:08,Dr_Medici_04,,50,M,3,Medicina Interna,Alta
EP01020,Evaluación de resultados,2026-01-20 19:35:21,Dr_Medici_02,Imagenología,36,F,5,Medicina Interna,Alta
EP00108,Consulta médica,2026-01-20 19:51:32,Dr_Trauma_01,,81,F,5,Traumatología,Hospitalización
EP00499,Tratamiento,2026-01-20 20:12:09,Enf_Medici_02,,50,M,3,Medicina Interna,Alta
EP00108,Tratamiento,2026-01-20 21:04:21,Enf_Trauma_04,,81,F,5,Traumatología,Hospitalización
EP00499,Alta,2026-01-20 21:06:33,Dr_Medici_04,,50,M,3,Medicina Interna,Alta
EP01020,Consulta médica,2026-01-20 21:39:05,Dr_Medici_02,,36,F,5,Medicina Interna,Alta
EP01020,Tratamiento,2026-01-20 22:09:57,Enf_Medici_01,,36,F,5,Medicina Interna,Alta
EP01020,Alta,2026-01-20 23:04:30,Dr_Medici_02,,36,F,5,Medicina Interna,Alta
EP00710,Registro del paciente,2026-01-21 08:11:23,Admision_02,,48,F,5,Medicina Interna,Alta
EP00710,Triage,2026-01-21 08:30:25,Enf_Triage_03,,48,F,5,Medicina Interna,Alta
EP00553,Registro del paciente,2026-01-21 12:03:19,Admision_01,,72,F,3,Emergencias,Alta
EP00553,Triage,2026-01-21 12:29:06,Enf_Triage_02,,72,F,3,Emergencias,Alta
EP00553,Consulta médica,2026-01-21 13:15:40,Dr_Emerge_01,,72,F,3,Emergencias,Alta
EP00422,Registro del paciente,2026-01-21 13:50:29,Admision_01,,12,M,4,Pediatría,Alta
EP00553,Tratamiento,2026-01-21 14:03:37,Enf_Emerge_02,,72,F,3,Emergencias,Alta
EP00422,Triage,2026-01-21 14:14:59,Enf_Triage_02,,12,M,4,Pediatría,Alta
EP00945,Registro del paciente,2026-01-21 14:31:29,Admision_01,,6,F,3,Pediatría,Alta
EP00553,Alta,2026-01-21 14:37:39,Dr_Emerge_01,,72,F,3,Emergencias,Alta
EP00945,Triage,2026-01-21 15:05:19,Enf_Triage_02,,6,F,3,Pediatría,Alta
EP00422,Consulta médica,2026-01-21 16:37:37,Dr_Pediat_01,,12,M,4,Pediatría,Alta
EP00422,Solicitud de examen,2026-01-21 16:51:16,Dr_Pediat_01,Laboratorio,12,M,4,Pediatría,Alta
EP00945,Consulta médica,2026-01-21 16:59:52,Dr_Pediat_01,,6,F,3,Pediatría,Alta
EP00945,Solicitud de examen,2026-01-21 17:13:20,Dr_Pediat_01,Laboratorio,6,F,3,Pediatría,Alta
EP00945,Realización de examen,2026-01-21 17:51:40,Laboratorio_Clinico,Laboratorio,6,F,3,Pediatría,Alta
EP01123,Registro del paciente,2026-01-21 18:10:13,Admision_02,,32,F,4,Traumatología,Alta
EP01123,Triage,2026-01-21 18:47:49,Enf_Triage_03,,32,F,4,Traumatología,Alta
EP00108,Ingreso a hospitalización,2026-01-21 18:49:30,Gestion_Camas,,81,F,5,Traumatología,Hospitalización
EP00945,Evaluación de resultados,2026-01-21 19:00:05,Dr_Pediat_01,Laboratorio,6,F,3,Pediatría,Alta
EP00422,Realización de examen,2026-01-21 19:06:01,Laboratorio_Clinico,Laboratorio,12,M,4,Pediatría,Alta
EP00945,Solicitud de examen,2026-01-21 19:10:54,Dr_Pediat_01,Imagenología,6,F,3,Pediatría,Alta
EP00710,Consulta médica,2026-01-21 19:26:47,Dr_Medici_02,,48,F,5,Medicina Interna,Alta
EP00602,Registro del paciente,2026-01-21 19:57:15,Admision_03,,36,F,4,Emergencias,Alta
EP00422,Evaluación de resultados,2026-01-21 19:57:54,Dr_Pediat_01,Laboratorio,12,M,4,Pediatría,Alta
EP00734,Registro del paciente,2026-01-21 19:59:18,Admision_03,,34,F,3,Traumatología,Alta
EP00710,Tratamiento,2026-01-21 20:15:33,Enf_Medici_03,,48,F,5,Medicina Interna,Alta
EP00734,Triage,2026-01-21 20:30:59,Enf_Triage_01,,34,F,3,Traumatología,Alta
EP00945,Realización de examen,2026-01-21 20:35:56,Imagenologia,Imagenología,6,F,3,Pediatría,Alta
EP00422,Tratamiento,2026-01-21 20:45:03,Enf_Pediat_01,,12,M,4,Pediatría,Alta
EP00710,Alta,2026-01-21 20:53:35,Dr_Medici_02,,48,F,5,Medicina Interna,Alta
EP00602,Triage,2026-01-21 21:06:05,Enf_Triage_01,,36,F,4,Emergencias,Alta
EP00945,Evaluación de resultados,2026-01-21 21:27:29,Dr_Pediat_01,Imagenología,6,F,3,Pediatría,Alta
EP00734,Consulta médica,2026-01-21 21:38:55,Dr_Trauma_01,,34,F,3,Traumatología,Alta
EP00945,Solicitud de examen,2026-01-21 21:40:09,Dr_Pediat_01,Imagenología,6,F,3,Pediatría,Alta
EP00422,Alta,2026-01-21 22:07:14,Dr_Pediat_01,,12,M,4,Pediatría,Alta
EP00734,Tratamiento,2026-01-21 22:09:22,Enf_Trauma_04,,34,F,3,Traumatología,Alta
EP01123,consulta médica,2026-01-21 22:32:52,Dr_Trauma_04,,32,F,4,Traumatología,Alta
EP01123,Solicitud de examen,2026-01-21 22:36:26,Dr_Trauma_04,Imagenología,32,F,4,Traumatología,Alta
EP00734,Alta,2026-01-21 23:33:20,Dr_Trauma_01,,34,F,3,Traumatología,Alta
EP00602,Consulta médica,2026-01-21 23:49:21,Dr_Emerge_02,,36,F,4,Emergencias,Alta
EP00602,Tratamiento,2026-01-22 01:08:59,Enf_Emerge_03,,36,F,4,Emergencias,Alta
EP00602,Alta,2026-01-22 01:57:54,Dr_Emerge_02,,36,F,4,Emergencias,Alta
EP01123,Realización de examen,2026-01-22 02:30:49,Imagenologia,Imagenología,32,F,4,Traumatología,Alta
EP01123,Evaluación de resultados,2026-01-22 03:22:33,Dr_Trauma_04,Imagenología,32,F,4,Traumatología,Alta
EP01123,Solicitud de examen,2026-01-22 03:26:49,Dr_Trauma_04,Imagenología,32,F,4,Traumatología,Alta
EP00856,Registro del paciente,2026-01-22 05:50:43,Admision_02,,64,M,4,Traumatología,Alta
EP01123,Realización de examen,2026-01-22 06:22:57,Imagenologia,Imagenología,32,F,4,Traumatología,Alta
EP00856,Triage,2026-01-22 06:38:21,Enf_Triage_01,,64,M,4,Traumatología,Alta
EP01123,Evaluación de resultados,2026-01-22 07:40:11,Dr_Trauma_04,Imagenología,32,F,4,Traumatología,Alta
EP01123,Tratamiento,2026-01-22 07:58:27,Enf_Trauma_02,,32,F,4,Traumatología,Alta
EP00587,Registro del paciente,2026-01-22 08:25:02,Admision_02,,41,F,2,Emergencias,Alta
EP00856,Consulta médica,2026-01-22 08:33:44,Dr_Trauma_04,,64,M,4,Traumatología,Alta
EP00856,Tratamiento,2026-01-22 08:46:57,Enf_Trauma_02,,64,M,4,Traumatología,Alta
EP00587,Triage,2026-01-22 08:55:45,Enf_Triage_01,,41,F,2,Emergencias,Alta
EP00856,Alta,2026-01-22 09:56:22,Dr_Trauma_04,,64,M,4,Traumatología,Alta
EP00587,Consulta médica,2026-01-22 10:17:05,Dr_Emerge_01,,41,F,2,Emergencias,Alta
EP00587,Solicitud de examen,2026-01-22 10:38:18,Dr_Emerge_01,Laboratorio,41,F,2,Emergencias,Alta
EP01173,Registro del paciente,2026-01-22 10:50:02,Admision_03,,63,F,4,Emergencias,Hospitalización
EP00143,Registro del paciente,2026-01-22 11:05:20,Admision_01,,1,M,3,Pediatría,Alta
EP01123,Alta,2026-01-22 11:06:02,Dr_Trauma_04,,32,F,4,Traumatología,Alta
EP00143,Triage,2026-01-22 11:42:22,Enf_Triage_03,,1,M,3,Pediatría,Alta
EP01173,Triage,2026-01-22 11:45:51,Enf_Triage_01,,63,F,4,Emergencias,Hospitalización
EP00587,Realización de examen,2026-01-22 11:59:59,Laboratorio_Clinico,Laboratorio,41,F,2,Emergencias,Alta
EP00587,Evaluación de resultados,2026-01-22 13:19:57,Dr_Emerge_01,Laboratorio,41,F,2,Emergencias,Alta
EP00587,Tratamiento,2026-01-22 13:35:12,Enf_Emerge_04,,41,F,2,Emergencias,Alta
EP01173,Consulta médica,2026-01-22 13:39:11,Dr_Emerge_03,,63,F,4,Emergencias,Hospitalización
EP00143,Consulta médica,2026-01-22 14:01:39,Dr_Pediat_02,,1,M,3,Pediatría,Alta
EP00587,Alta,2026-01-22 14:07:35,Dr_Emerge_01,,41,F,2,Emergencias,Alta
EP00502,Registro del paciente,2026-01-22 14:09:14,Admision_02,,32,F,4,Medicina Interna,Alta
EP01173,Tratamiento,2026-01-22 14:23:06,Enf_Emerge_04,,63,F,4,Emergencias,Hospitalización
EP00502,Triage,2026-01-22 14:41:39,Enf_Triage_03,,32,F,4,Medicina Interna,Alta
EP00945,Realización de examen,2026-01-22 15:23:36,Imagenologia,Imagenología,6,F,3,Pediatría,Alta
EP00641,Registro del paciente,2026-01-22 16:25:54,Admision_02,,57,F,3,Emergencias,Alta
EP00502,Consulta médica,2026-01-22 16:40:36,Dr_Medici_04,,32,F,4,Medicina Interna,Alta
EP00641,Triage,2026-01-22 16:42:13,Enf_Triage_01,,57,F,3,Emergencias,Alta
EP00945,Evaluación de resultados,2026-01-22 17:32:43,Dr_Pediat_01,Imagenología,6,F,3,Pediatría,Alta
EP00502,Tratamiento,2026-01-22 17:46:37,Enf_Medici_02,,32,F,4,Medicina Interna,Alta
EP00945,Tratamiento,2026-01-22 17:51:49,Enf_Pediat_02,,6,F,3,Pediatría,Alta
EP00641,Consulta médica,2026-01-22 18:48:16,Dr_Emerge_03,,57,F,3,Emergencias,Alta
EP01196,Registro del paciente,2026-01-22 18:50:36,Admision_02,,8,M,3,Pediatría,Alta
EP00641,Solicitud de examen,2026-01-22 19:01:58,Dr_Emerge_03,Laboratorio,57,F,3,Emergencias,Alta
EP00945,Alta,2026-01-22 19:03:33,Dr_Pediat_01,,6,F,3,Pediatría,Alta
EP00502,Alta,2026-01-22 19:12:42,Dr_Medici_04,,32,F,4,Medicina Interna,Alta
EP00143,Interconsulta especialista,2026-01-22 19:19:35,Especialista_04,,1,M,3,Pediatría,Alta
EP01196,Triage,2026-01-22 19:26:02,Enf_Triage_01,,8,M,3,Pediatría,Alta
EP00641,Realización de examen,2026-01-22 19:35:02,Laboratorio_Clinico,Laboratorio,57,F,3,Emergencias,Alta
EP00143,Tratamiento,2026-01-22 19:50:27,Enf_Pediat_02,,1,M,3,Pediatría,Alta
EP01173,Ingreso a hospitalización,2026-01-22 19:58:27,Gestion_Camas,,63,F,4,Emergencias,Hospitalización
EP00143,Alta,2026-01-22 20:34:35,Dr_Pediat_02,,1,M,3,Pediatría,Alta
EP00641,Evaluación de resultados,2026-01-22 20:38:03,Dr_Emerge_03,Laboratorio,57,F,3,Emergencias,Alta
EP00641,Tratamiento,2026-01-22 21:27:55,Enf_Emerge_03,,57,F,3,Emergencias,Alta
EP00641,Alta,2026-01-22 22:25:21,Dr_Emerge_03,,57,F,3,Emergencias,Alta
EP01196,Consulta médica,2026-01-22 22:25:33,Dr_Pediat_03,,8,M,3,Pediatría,Alta
EP01196,Tratamiento,2026-01-22 22:51:33,Enf_Pediat_01,,8,M,3,Pediatría,Alta
EP01196,Alta,2026-01-22 23:37:31,Dr_Pediat_03,,8,M,3,Pediatría,Alta
EP00580,Registro del paciente,2026-01-23 01:37:57,Admision_03,,53,M,4,Traumatología,Alta
EP00580,Triage,2026-01-23 02:01:28,Enf_Triage_02,,53,M,4,Traumatología,Alta
EP00580,Consulta médica,2026-01-23 04:16:28,Dr_Trauma_04,,53,M,4,Traumatología,Alta
EP00580,Tratamiento,2026-01-23 05:17:42,Enf_Trauma_01,,53,M,4,Traumatología,Alta
EP00580,Alta,2026-01-23 06:23:45,Dr_Trauma_04,,53,M,4,Traumatología,Alta
EP01224,Registro del paciente,2026-01-23 08:28:16,Admision_03,,57,M,3,Traumatología,Alta
EP00961,Registro del paciente,2026-01-23 08:58:21,Admision_03,,35,M,3,Emergencias,Alta
EP01224,Triage,2026-01-23 09:05:02,Enf_Triage_03,,57,M,3,Traumatología,Alta
EP01486,Registro del paciente,2026-01-23 09:19:38,Admision_02,,45,M,3,Medicina Interna,Alta
EP01486,Triage,2026-01-23 09:37:30,Enf_Triage_02,,45,M,3,Medicina Interna,Alta
EP00961,Triage,2026-01-23 09:38:08,Enf_Triage_01,,35,M,3,Emergencias,Alta
EP00238,Registro del paciente,2026-01-23 09:40:28,Admision_03,,57,F,5,Emergencias,Alta
EP01122,Registro del paciente,2026-01-23 09:51:40,Admision_02,,53,M,5,Emergencias,Alta
EP00961,Consulta médica,2026-01-23 10:06:10,Dr_Emerge_02,,35,M,3,Emergencias,Alta
EP01122,Triage,2026-01-23 10:24:08,Enf_Triage_01,,53,M,5,Emergencias,Alta
EP01224,Consulta médica,2026-01-23 10:26:46,Dr_Trauma_01,,57,M,3,Traumatología,Alta
EP01118,Registro del paciente,2026-01-23 10:30:10,Admision_01,,23,F,1,Emergencias,Alta
EP00238,Triage,2026-01-23 10:31:51,Enf_Triage_03,,57,F,5,Emergencias,Alta
EP01118,Triage,2026-01-23 10:33:11,Enf_Triage_01,,23,F,1,Emergencias,Alta
EP01118,Consulta médica,2026-01-23 10:39:04,Dr_Emerge_04,,23,F,1,Emergencias,Alta
EP01224,Solicitud de examen,2026-01-23 10:39:08,Dr_Trauma_01,Laboratorio,57,M,3,Traumatología,Alta
EP00961,Tratamiento,2026-01-23 10:44:54,Enf_Emerge_03,,35,M,3,Emergencias,Alta
EP01118,Solicitud de examen,2026-01-23 10:50:25,Dr_Emerge_04,Imagenología,23,F,1,Emergencias,Alta
EP01486,Consulta médica,2026-01-23 11:02:07,Dr_Medici_04,,45,M,3,Medicina Interna,Alta
EP01486,Consulta médica,2026-01-23 11:34:32,Dr_Medici_04,,45,M,3,Medicina Interna,Alta
EP01499,Registro del paciente,2026-01-23 11:35:03,Admision_03,,62,F,4,Traumatología,Alta
EP00624,Registro del paciente,2026-01-23 11:39:40,Admision_02,,29,F,5,Medicina Interna,Alta
EP00210,Registro del paciente,2026-01-23 11:47:03,Admision_03,,95,F,5,Emergencias,Alta
EP00961,Alta,2026-01-23 11:48:46,Dr_Emerge_02,,35,M,3,Emergencias,Alta
EP01499,Triage,2026-01-23 12:17:43,Enf_Triage_03,,62,F,4,Traumatología,Alta
EP00624,Triage,2026-01-23 12:19:07,Enf_Triage_02,,29,F,5,Medicina Interna,Alta
EP00210,Triage,2026-01-23 12:24:25,Enf_Triage_01,,95,F,5,Emergencias,Alta
EP01486,Tratamiento,2026-01-23 12:34:23,Enf_Medici_03,,45,M,3,Medicina Interna,Alta
EP01224,Realización de examen,2026-01-23 13:08:27,Laboratorio_Clinico,Laboratorio,57,M,3,Traumatología,Alta
EP00238,Consulta médica,2026-01-23 13:58:53,Dr_Emerge_03,,57,F,5,Emergencias,Alta
EP01224,Evaluación de resultados,2026-01-23 14:08:23,Dr_Trauma_01,Laboratorio,57,M,3,Traumatología,Alta
EP00238,Solicitud de examen,2026-01-23 14:08:44,Dr_Emerge_03,Laboratorio,57,F,5,Emergencias,Alta
EP01486,Alta,2026-01-23 14:20:36,Dr_Medici_04,,45,M,3,Medicina Interna,Alta
EP00624,Consulta médica,2026-01-23 14:42:29,Dr_Medici_01,,29,F,5,Medicina Interna,Alta
EP01118,Realización de examen,2026-01-23 14:50:29,Imagenologia,Imagenología,23,F,1,Emergencias,Alta
EP01122,Consulta médica,2026-01-23 14:54:03,Dr_Emerge_03,,53,M,5,Emergencias,Alta
EP00210,Consulta médica,2026-01-23 14:55:30,Dr_Emerge_02,,95,F,5,Emergencias,Alta
EP00624,Solicitud de examen,2026-01-23 15:03:08,Dr_Medici_01,Imagenología,29,F,5,Medicina Interna,Alta
EP01122,Tratamiento,2026-01-23 15:21:49,Enf_Emerge_02,,53,M,5,Emergencias,Alta
EP00210,Tratamiento,2026-01-23 15:22:19,Enf_Emerge_03,,95,F,5,Emergencias,Alta
EP00797,Registro del paciente,2026-01-23 15:25:22,Admision_02,,38,M,4,Emergencias,Alta
EP01224,Tratamiento,2026-01-23 15:36:21,Enf_Trauma_04,,57,M,3,Traumatología,Alta
EP00238,Realización de examen,2026-01-23 15:43:39,Laboratorio_Clinico,Laboratorio,57,F,5,Emergencias,Alta
EP00797,Triage,2026-01-23 16:10:32,Enf_Triage_03,,38,M,4,Emergencias,Alta
EP01122,Alta,2026-01-23 16:43:42,Dr_Emerge_03,,53,M,5,Emergencias,Alta
EP01118,Evaluación de resultados,2026-01-23 16:45:02,Dr_Emerge_04,Imagenología,23,F,1,Emergencias,Alta
EP00210,Alta,2026-01-23 16:50:43,Dr_Emerge_02,,95,F,5,Emergencias,Alta
EP00238,Evaluación de resultados,2026-01-23 16:52:56,Dr_Emerge_03,Laboratorio,57,F,5,Emergencias,Alta
EP01499,Consulta médica,2026-01-23 16:58:34,Dr_Trauma_02,,62,F,4,Traumatología,Alta
EP01118,Tratamiento,2026-01-23 17:06:21,Enf_Emerge_04,,23,F,1,Emergencias,Alta
EP00238,Solicitud de examen,2026-01-23 17:11:23,Dr_Emerge_03,Laboratorio,57,F,5,Emergencias,Alta
EP01224,Alta,2026-01-23 17:21:30,Dr_Trauma_01,,57,M,3,Traumatología,Alta
EP01499,Tratamiento,2026-01-23 17:25:06,Enf_Trauma_01,,62,F,4,Traumatología,Alta
EP00624,Realización de examen,2026-01-23 17:35:18,Imagenologia,Imagenología,29,F,5,Medicina Interna,Alta
EP01118,Alta,2026-01-23 17:48:56,Dr_Emerge_04,,23,F,1,Emergencias,Alta
EP00238,Realización de examen,2026-01-23 18:05:40,Laboratorio_Clinico,Laboratorio,57,F,5,Emergencias,Alta
EP01499,Alta,2026-01-23 18:25:26,Dr_Trauma_02,,62,F,4,Traumatología,Alta
EP00797,Consulta médica,2026-01-23 18:52:16,Dr_Emerge_02,,38,M,4,Emergencias,Alta
EP00797,Tratamiento,2026-01-23 19:06:22,Enf_Emerge_01,,38,M,4,Emergencias,Alta
EP00624,Evaluación de resultados,2026-01-23 19:22:16,Dr_Medici_01,Imagenología,29,F,5,Medicina Interna,Alta
EP00238,Evaluación de resultados,2026-01-23 19:23:23,Dr_Emerge_03,Laboratorio,57,F,5,Emergencias,Alta
EP00624,Tratamiento,2026-01-23 19:53:06,Enf_Medici_02,,29,F,5,Medicina Interna,Alta
EP00797,Alta,2026-01-23 20:13:38,Dr_Emerge_02,,38,M,4,Emergencias,Alta
EP00238,Tratamiento,2026-01-23 20:24:41,Enf_Emerge_04,,57,F,5,Emergencias,Alta
EP00624,Alta,2026-01-23 20:32:43,Dr_Medici_01,,29,F,5,Medicina Interna,Alta
EP00889,Registro del paciente,2026-01-23 21:24:11,Admision_02,,58,M,3,Emergencias,Alta
EP00889,Triage,2026-01-23 21:40:15,Enf_Triage_03,,58,M,3,Emergencias,Alta
EP00238,Alta,2026-01-23 22:24:21,Dr_Emerge_03,,57,F,5,Emergencias,Alta
EP00889,Consulta médica,2026-01-24 01:50:47,Dr_Emerge_02,,58,M,3,Emergencias,Alta
EP00889,Consulta médica,2026-01-24 05:28:41,Dr_Emerge_02,,58,M,3,Emergencias,Alta
EP00889,Tratamiento,2026-01-24 06:19:22,Enf_Emerge_01,,58,M,3,Emergencias,Alta
EP00889,Alta,2026-01-24 07:09:09,Dr_Emerge_02,,58,M,3,Emergencias,Alta
EP01050,Registro del paciente,2026-01-24 14:20:40,Admision_02,,48,F,2,Emergencias,Alta
EP01050,Triage,2026-01-24 14:53:44,Enf_Triage_02,,48,F,2,Emergencias,Alta
EP01050,Consulta médica,2026-01-24 15:22:54,Dr_Emerge_01,,48,F,2,Emergencias,Alta
EP01050,Solicitud de examen,2026-01-24 15:42:18,Dr_Emerge_01,Imagenología,48,F,2,Emergencias,Alta
EP00157,Registro del paciente,2026-01-24 16:14:37,Admision_01,,74,M,3,Medicina Interna,Hospitalización
EP00546,Registro del paciente,2026-01-24 16:20:44,Admision_01,,27,F,2,Medicina Interna,Traslado
EP00546,Triage,2026-01-24 16:38:28,Enf_Triage_01,,27,F,2,Medicina Interna,Traslado
EP00157,Triage,2026-01-24 16:47:53,Enf_Triage_02,,74,M,3,Medicina Interna,Hospitalización
EP00546,Consulta médica,2026-01-24 17:13:22,Dr_Medici_03,,27,F,2,Medicina Interna,Traslado
EP00546,Solicitud de examen,2026-01-24 17:31:58,Dr_Medici_03,Laboratorio,27,F,2,Medicina Interna,Traslado
EP00157,Consulta médica,2026-01-24 17:32:32,Dr_Medici_02,,74,M,3,Medicina Interna,Hospitalización
EP00157,Solicitud de examen,2026-01-24 17:39:18,Dr_Medici_02,Laboratorio,74,M,3,Medicina Interna,Hospitalización
EP00432,Registro del paciente,2026-01-24 17:56:55,Admision_02,,14,M,3,Pediatría,Alta
EP00270,Registro del paciente,2026-01-24 18:25:40,Admision_02,,35,F,4,Medicina Interna,Alta
EP00157,Realizacion de examen,2026-01-24 18:36:04,Laboratorio_Clinico,Laboratorio,74,M,3,Medicina Interna,Hospitalización
EP00432,Triage,2026-01-24 18:41:35,Enf_Triage_01,,14,M,3,Pediatría,Alta
EP00546,Realización de examen,2026-01-24 18:45:30,Laboratorio_Clinico,Laboratorio,27,F,2,Medicina Interna,Traslado
EP00270,Triage,2026-01-24 19:01:01,Enf_Triage_01,,35,F,4,Medicina Interna,Alta
EP00157,Evaluación de resultados,2026-01-24 19:37:13,Dr_Medici_02,Laboratorio,74,M,3,Medicina Interna,Hospitalización
EP00546,Evaluación de resultados,2026-01-24 19:42:21,Dr_Medici_03,Laboratorio,27,F,2,Medicina Interna,Traslado
EP00157,Solicitud de examen,2026-01-24 19:52:29,Dr_Medici_02,Laboratorio,74,M,3,Medicina Interna,Hospitalización
EP00432,Consulta médica,2026-01-24 20:15:06,Dr_Pediat_01,,14,M,3,Pediatría,Alta
EP00546,Consulta médica,2026-01-24 20:39:08,Dr_Medici_03,,27,F,2,Medicina Interna,Traslado
EP00157,Realización de examen,2026-01-24 20:58:36,Laboratorio_Clinico,Laboratorio,74,M,3,Medicina Interna,Hospitalización
EP00546,Tratamiento,2026-01-24 21:14:45,Enf_Medici_04,,27,F,2,Medicina Interna,Traslado
EP00270,Consulta médica,2026-01-24 21:19:27,Dr_Medici_01,,35,F,4,Medicina Interna,Alta
EP00270,Solicitud de examen,2026-01-24 21:23:08,Dr_Medici_01,Laboratorio,35,F,4,Medicina Interna,Alta
EP00377,Registro del paciente,2026-01-24 21:24:05,Admision_03,,59,M,3,Emergencias,Hospitalización
EP00157,Evaluación de resultados,2026-01-24 21:26:21,Dr_Medici_02,Laboratorio,74,M,3,Medicina Interna,Hospitalización
EP00377,Triage,2026-01-24 21:45:19,Enf_Triage_03,,59,M,3,Emergencias,Hospitalización
EP00270,Realización de examen,2026-01-24 22:23:35,Laboratorio_Clinico,Laboratorio,35,F,4,Medicina Interna,Alta
EP00909,Registro del paciente,2026-01-24 22:26:41,Admision_02,,45,M,4,Traumatología,Alta
EP00157,Tratamiento,2026-01-24 22:32:35,Enf_Medici_01,,74,M,3,Medicina Interna,Hospitalización
EP00432,Consulta médica,2026-01-24 22:57:37,Dr_Pediat_01,,14,M,3,Pediatría,Alta
EP00270,Evaluación de resultados,2026-01-24 22:58:45,Dr_Medici_01,Laboratorio,35,F,4,Medicina Interna,Alta
EP00377,Consulta medica,2026-01-24 23:00:35,Dr_Emerge_02,,59,M,3,Emergencias,Hospitalización
EP00270,Solicitud de examen,2026-01-24 23:04:20,Dr_Medici_01,Laboratorio,35,F,4,Medicina Interna,Alta
EP00909,Triage,2026-01-24 23:12:39,Enf_Triage_03,,45,M,4,Traumatología,Alta
EP00377,Tratamiento,2026-01-24 23:32:55,Enf_Emerge_04,,59,M,3,Emergencias,Hospitalización
EP00432,Tratamiento,2026-01-24 23:34:48,Enf_Pediat_01,,14,M,3,Pediatría,Alta
EP00270,Realización de examen,2026-01-25 00:23:32,Laboratorio_Clinico,Laboratorio,35,F,4,Medicina Interna,Alta
EP00432,Alta,2026-01-25 00:48:32,Dr_Pediat_01,,14,M,3,Pediatría,Alta
EP00270,Evaluación de resultados,2026-01-25 00:55:13,Dr_Medici_01,Laboratorio,35,F,4,Medicina Interna,Alta
EP00909,Consulta médica,2026-01-25 01:27:21,Dr_Trauma_02,,45,M,4,Traumatología,Alta
EP00909,Tratamiento,2026-01-25 02:19:56,Enf_Trauma_04,,45,M,4,Traumatología,Alta
EP00909,Alta,2026-01-25 02:59:53,Dr_Trauma_02,,45,M,4,Traumatología,Alta
EP00157,Ingreso a hospitalización,2026-01-25 03:01:11,Gestion_Camas,,74,M,3,Medicina Interna,Hospitalización
EP00546,Traslado a otro centro,2026-01-25 03:59:48,Admision_01,,27,F,2,Medicina Interna,Traslado
EP01050,Realización de examen,2026-01-25 05:31:20,Imagenologia,Imagenología,48,F,2,Emergencias,Alta
EP00270,Consulta médica,2026-01-25 05:39:33,Dr_Medici_01,,35,F,4,Medicina Interna,Alta
EP00270,Tratamiento,2026-01-25 06:04:09,Enf_Medici_01,,35,F,4,Medicina Interna,Alta
EP01050,Evaluación de resultados,2026-01-25 07:06:15,Dr_Emerge_01,Imagenología,48,F,2,Emergencias,Alta
EP00270,Alta,2026-01-25 07:09:49,Dr_Medici_01,,35,F,4,Medicina Interna,Alta
EP01050,Tratamiento,2026-01-25 07:51:49,Enf_Emerge_01,,48,F,2,Emergencias,Alta
EP00377,Ingreso a hospitalización,2026-01-25 07:58:00,Gestion_Camas,,59,M,3,Emergencias,Hospitalización
EP01050,Alta,2026-01-25 09:13:30,Dr_Emerge_01,,48,F,2,Emergencias,Alta
EP01223,Registro del paciente,2026-01-25 10:00:01,Admision_03,,62,F,3,Medicina Interna,Alta
EP01223,Triage,2026-01-25 10:19:48,Enf_Triage_02,,62,F,3,Medicina Interna,Alta
EP01338,Registro del paciente,2026-01-25 10:24:18,Admision_01,,13,F,5,Pediatría,Alta
EP01338,Triage,2026-01-25 11:10:17,Enf_Triage_03,,13,F,5,Pediatría,Alta
EP00385,Registro del paciente,2026-01-25 12:45:56,Admision_01,,49,F,4,Emergencias,Alta
EP01223,Consulta médica,2026-01-25 13:00:34,Dr_Medici_01,,62,F,3,Medicina Interna,Alta
EP00751,Registro del paciente,2026-01-25 13:07:10,Admision_01,,14,M,2,Pediatría,Alta
EP01223,Solicitud de examen,2026-01-25 13:07:10,Dr_Medici_01,Laboratorio,62,F,3,Medicina Interna,Alta
EP00385,Triage,2026-01-25 13:17:20,Enf_Triage_02,,49,F,4,Emergencias,Alta
EP00751,Triage,2026-01-25 13:36:09,Enf_Triage_03,,14,M,2,Pediatría,Alta
EP00218,Registro del paciente,2026-01-25 13:51:51,Admision_01,,64,M,5,Emergencias,Alta
EP00849,Registro del paciente,2026-01-25 14:08:53,Admision_01,,42,F,2,Emergencias,Alta
EP00218,Triage,2026-01-25 14:14:00,Enf_Triage_01,,64,M,5,Emergencias,Alta
EP01223,Realización de examen,2026-01-25 14:14:51,Laboratorio_Clinico,Laboratorio,62,F,3,Medicina Interna,Alta
EP00751,Consulta médica,2026-01-25 14:15:58,Dr_Pediat_04,,14,M,2,Pediatría,Alta
EP00751,Tratamiento,2026-01-25 14:49:12,Enf_Pediat_03,,14,M,2,Pediatría,Alta
EP00849,Triage,2026-01-25 14:55:28,Enf_Triage_01,,42,F,2,Emergencias,Alta
EP01223,Evaluación de resultados,2026-01-25 14:58:19,Dr_Medici_01,Laboratorio,62,F,3,Medicina Interna,Alta
EP01223,Solicitud de examen,2026-01-25 15:07:46,Dr_Medici_01,Laboratorio,62,F,3,Medicina Interna,Alta
EP00751,Alta,2026-01-25 15:11:26,Dr_Pediat_04,,14,M,2,Pediatría,Alta
EP01176,Registro del paciente,2026-01-25 15:14:35,Admision_01,,50,M,4,Medicina Interna,Alta
EP00385,Consulta médica,2026-01-25 15:26:01,Dr_Emerge_02,,49,F,4,Emergencias,Alta
EP00849,Consulta médica,2026-01-25 15:39:46,Dr_Emerge_02,,42,F,2,Emergencias,Alta
EP00849,Solicitud de examen,2026-01-25 15:50:59,Dr_Emerge_02,Laboratorio,42,F,2,Emergencias,Alta
EP01176,Triage,2026-01-25 16:01:05,Enf_Triage_02,,50,M,4,Medicina Interna,Alta
EP01223,Realización de examen,2026-01-25 16:01:34,Laboratorio_Clinico,Laboratorio,62,F,3,Medicina Interna,Alta
EP00385,Tratamiento,2026-01-25 16:18:11,Enf_Emerge_03,,49,F,4,Emergencias,Alta
EP00555,Registro del paciente,2026-01-25 16:21:43,Admision_03,,2,F,3,Pediatría,Alta
EP00218,Consulta médica,2026-01-25 16:28:20,Dr_Emerge_03,,64,M,5,Emergencias,Alta
EP01223,Evaluación de resultados,2026-01-25 16:34:53,Dr_Medici_01,Laboratorio,62,F,3,Medicina Interna,Alta
EP00218,Solicitud de examen,2026-01-25 16:37:15,Dr_Emerge_03,Laboratorio,64,M,5,Emergencias,Alta
EP00385,Alta,2026-01-25 16:48:52,Dr_Emerge_02,,49,F,4,Emergencias,Alta
EP00555,Triage,2026-01-25 16:57:17,Enf_Triage_02,,2,F,3,Pediatría,Alta
EP01223,Tratamiento,2026-01-25 17:18:34,Enf_Medici_04,,62,F,3,Medicina Interna,Alta
EP00849,Realización de examen,2026-01-25 17:22:18,Laboratorio_Clinico,Laboratorio,42,F,2,Emergencias,Alta
EP00218,Realización de examen,2026-01-25 17:31:24,Laboratorio_Clinico,Laboratorio,64,M,5,Emergencias,Alta
EP01223,Alta,2026-01-25 17:57:04,Dr_Medici_01,,62,F,3,Medicina Interna,Alta
EP00241,Registro del paciente,2026-01-25 18:13:04,Admision_01,,62,F,3,Medicina Interna,Alta
EP00218,Evaluación de resultados,2026-01-25 18:18:09,Dr_Emerge_03,Laboratorio,64,M,5,Emergencias,Alta
EP01338,Consulta médica,2026-01-25 18:25:53,Dr_Pediat_03,,13,F,5,Pediatría,Alta
EP00241,Triage,2026-01-25 18:55:56,Enf_Triage_02,,62,F,3,Medicina Interna,Alta
EP00218,Tratamiento,2026-01-25 18:57:43,Enf_Emerge_04,,64,M,5,Emergencias,Alta
EP00555,Consulta médica,2026-01-25 18:59:43,Dr_Pediat_04,,2,F,3,Pediatría,Alta
EP00241,Consulta médica,2026-01-25 19:27:56,Dr_Medici_03,,62,F,3,Medicina Interna,Alta
EP01338,Tratamiento,2026-01-25 19:42:51,Enf_Pediat_02,,13,F,5,Pediatría,Alta
EP00555,Tratamiento,2026-01-25 19:44:17,Enf_Pediat_02,,2,F,3,Pediatría,Alta
EP00241,Tratamiento,2026-01-25 19:53:21,Enf_Medici_03,,62,F,3,Medicina Interna,Alta
EP00555,Alta,2026-01-25 20:27:52,Dr_Pediat_04,,2,F,3,Pediatría,Alta
EP01176,Consulta médica,2026-01-25 20:27:56,Dr_Medici_04,,50,M,4,Medicina Interna,Alta
EP00849,Evaluación de resultados,2026-01-25 20:41:16,Dr_Emerge_02,Laboratorio,42,F,2,Emergencias,Alta
EP00241,Alta,2026-01-25 20:47:44,Dr_Medici_03,,62,F,3,Medicina Interna,Alta
EP01176,Tratamiento,2026-01-25 21:08:04,Enf_Medici_04,,50,M,4,Medicina Interna,Alta
EP00218,Alta,2026-01-25 21:12:12,Dr_Emerge_03,,64,M,5,Emergencias,Alta
EP00849,Tratamiento,2026-01-25 21:28:36,Enf_Emerge_03,,42,F,2,Emergencias,Alta
EP01176,Alta,2026-01-25 21:34:10,Dr_Medici_04,,50,M,4,Medicina Interna,Alta
EP01338,Alta,2026-01-25 21:43:36,Dr_Pediat_03,,13,F,5,Pediatría,Alta
EP00849,Alta,2026-01-25 22:44:40,Dr_Emerge_02,,42,F,2,Emergencias,Alta
EP01106,Registro del paciente,2026-01-26 09:48:12,Admision_02,,22,M,3,Emergencias,Alta
EP01106,Triage,2026-01-26 10:15:28,Enf_Triage_03,,22,M,3,Emergencias,Alta
EP00153,Registro del paciente,2026-01-26 11:18:17,Admision_03,,48,F,4,Emergencias,Hospitalización
EP01106,Consulta médica,2026-01-26 11:27:48,Dr_Emerge_02,,22,M,3,Emergencias,Alta
EP00153,Triage,2026-01-26 11:52:35,Enf_Triage_01,,48,F,4,Emergencias,Hospitalización
EP00765,Registro del paciente,2026-01-26 12:05:14,Admision_02,,77,F,2,Emergencias,Hospitalización
EP01106,Consulta médica,2026-01-26 12:20:02,Dr_Emerge_02,,22,M,3,Emergencias,Alta
EP00765,Triage,2026-01-26 12:27:41,Enf_Triage_02,,77,F,2,Emergencias,Hospitalización
EP00765,Consulta médica,2026-01-26 12:55:39,Dr_Emerge_04,,77,F,2,Emergencias,Hospitalización
EP01106,Tratamiento,2026-01-26 13:02:20,Enf_Emerge_03,,22,M,3,Emergencias,Alta
EP00765,Tratamiento,2026-01-26 13:37:37,Enf_Emerge_03,,77,F,2,Emergencias,Hospitalización
EP00939,Registro del paciente,2026-01-26 14:43:16,Admision_03,,35,M,5,Emergencias,Alta
EP01106,Alta,2026-01-26 14:49:32,Dr_Emerge_02,,22,M,3,Emergencias,Alta
EP00939,Triage,2026-01-26 15:52:43,Enf_Triage_03,,35,M,5,Emergencias,Alta
EP00652,Registro del paciente,2026-01-26 16:10:34,Admision_01,,49,F,3,Traumatología,Alta
EP00714,Registro del paciente,2026-01-26 16:10:41,Admision_03,,32,F,3,Emergencias,Alta
EP00153,Consulta médica,2026-01-26 16:16:06,Dr_Emerge_01,,48,F,4,Emergencias,Hospitalización
EP00714,Triage,2026-01-26 16:29:19,Enf_Triage_01,,32,F,3,Emergencias,Alta
EP00153,Tratamiento,2026-01-26 16:56:30,Enf_Emerge_03,,48,F,4,Emergencias,Hospitalización
EP00652,Triage,2026-01-26 16:57:25,Enf_Triage_02,,49,F,3,Traumatología,Alta
EP00714,Consulta médica,2026-01-26 17:17:06,Dr_Emerge_01,,32,F,3,Emergencias,Alta
EP00351,Registro del paciente,2026-01-26 17:33:20,Admision_02,,84,F,4,Medicina Interna,Alta
EP00714,Tratamiento,2026-01-26 18:21:15,Enf_Emerge_03,,32,F,3,Emergencias,Alta
EP01496,Registro del paciente,2026-01-26 18:27:00,Admision_02,,85,F,3,Medicina Interna,Alta
EP00351,Triage,2026-01-26 18:28:19,Enf_Triage_02,,84,F,4,Medicina Interna,Alta
EP01496,Triage,2026-01-26 18:55:28,Enf_Triage_03,,85,F,3,Medicina Interna,Alta
EP00652,Consulta médica,2026-01-26 19:21:27,Dr_Trauma_04,,49,F,3,Traumatología,Alta
EP00714,Alta,2026-01-26 19:34:54,Dr_Emerge_01,,32,F,3,Emergencias,Alta
EP01496,Consulta médica,2026-01-26 19:56:00,Dr_Medici_01,,85,F,3,Medicina Interna,Alta
EP00652,Tratamiento,2026-01-26 19:58:47,Enf_Trauma_01,,49,F,3,Traumatología,Alta
EP00765,Ingreso a hospitalización,2026-01-26 20:18:09,Gestion_Camas,,77,F,2,Emergencias,Hospitalización
EP00153,Ingreso a hospitalización,2026-01-26 20:23:59,Gestion_Camas,,48,F,4,Emergencias,Hospitalización
EP00652,Alta,2026-01-26 20:35:07,Dr_Trauma_04,,49,F,3,Traumatología,Alta
EP01496,Consulta médica,2026-01-26 21:55:01,Dr_Medici_01,,85,F,3,Medicina Interna,Alta
EP01496,Tratamiento,2026-01-26 22:26:58,Enf_Medici_02,,85,F,3,Medicina Interna,Alta
EP00351,Consulta médica,2026-01-26 22:56:14,Dr_Medici_03,,84,F,4,Medicina Interna,Alta
EP00351,Solicitud de examen,2026-01-26 23:05:59,Dr_Medici_03,Laboratorio,84,F,4,Medicina Interna,Alta
EP00351,Realización de examen,2026-01-27 00:00:47,Laboratorio_Clinico,Laboratorio,84,F,4,Medicina Interna,Alta
EP01496,Alta,2026-01-27 00:18:06,Dr_Medici_01,,85,F,3,Medicina Interna,Alta
EP01467,Registro del paciente,2026-01-27 00:22:47,Admision_03,,34,M,4,Traumatología,Alta
EP00351,Evaluación de resultados,2026-01-27 00:47:51,Dr_Medici_03,Laboratorio,84,F,4,Medicina Interna,Alta
EP01467,Triage,2026-01-27 01:18:37,Enf_Triage_01,,34,M,4,Traumatología,Alta
EP01467,Consulta médica,2026-01-27 04:17:17,Dr_Trauma_03,,34,M,4,Traumatología,Alta
EP00939,Consulta médica,2026-01-27 05:18:56,Dr_Emerge_01,,35,M,5,Emergencias,Alta
EP00351,Interconsulta especialista,2026-01-27 05:22:44,Especialista_05,,84,F,4,Medicina Interna,Alta
EP00939,Solicitud de examen,2026-01-27 05:26:37,Dr_Emerge_01,Imagenología,35,M,5,Emergencias,Alta
EP00351,Tratamiento,2026-01-27 05:54:56,Enf_Medici_04,,84,F,4,Medicina Interna,Alta
EP00381,Registro del paciente,2026-01-27 06:50:01,Admision_02,,67,F,4,Emergencias,Alta
EP01467,Interconsulta especialista,2026-01-27 07:16:01,Especialista_04,,34,M,4,Traumatología,Alta
EP00381,Triage,2026-01-27 07:29:02,Enf_Triage_01,,67,F,4,Emergencias,Alta
EP00351,Alta,2026-01-27 07:46:40,Dr_Medici_03,,84,F,4,Medicina Interna,Alta
EP01467,Tratamiento,2026-01-27 07:52:53,Enf_Trauma_01,,34,M,4,Traumatología,Alta
EP00939,Realización de examen,2026-01-27 07:55:26,Imagenologia,Imagenología,35,M,5,Emergencias,Alta
EP00317,Registro del paciente,2026-01-27 09:18:02,Admision_01,,48,M,3,Emergencias,Hospitalización
EP01449,Registro del paciente,2026-01-27 09:39:42,Admision_01,,26,F,2,Traumatología,Alta
EP00317,Triage,2026-01-27 09:51:42,Enf_Triage_02,,48,M,3,Emergencias,Hospitalización
EP01467,Alta,2026-01-27 10:05:20,Dr_Trauma_03,,34,M,4,Traumatología,Alta
EP01449,Triage,2026-01-27 10:07:02,Enf_Triage_01,,26,F,2,Traumatología,Alta
EP00939,Evaluación de resultados,2026-01-27 10:27:23,Dr_Emerge_01,Imagenología,35,M,5,Emergencias,Alta
EP01449,Consulta médica,2026-01-27 10:36:18,Dr_Trauma_02,,26,F,2,Traumatología,Alta
EP00939,Tratamiento,2026-01-27 11:05:19,Enf_Emerge_03,,35,M,5,Emergencias,Alta
EP00381,Consulta médica,2026-01-27 11:12:22,Dr_Emerge_01,,67,F,4,Emergencias,Alta
EP01449,Tratamiento,2026-01-27 11:19:31,Enf_Trauma_01,,26,F,2,Traumatología,Alta
EP00939,Alta,2026-01-27 11:56:40,Dr_Emerge_01,,35,M,5,Emergencias,Alta
EP01449,Alta,2026-01-27 12:08:56,Dr_Trauma_02,,26,F,2,Traumatología,Alta
EP00317,Consulta médica,2026-01-27 12:52:11,Dr_Emerge_04,,48,M,3,Emergencias,Hospitalización
EP00317,Tratamiento,2026-01-27 13:22:13,Enf_Emerge_04,,48,M,3,Emergencias,Hospitalización
EP01063,Registro del paciente,2026-01-27 13:32:41,Admision_03,,59,M,3,Emergencias,Alta
EP01063,Triage,2026-01-27 13:50:31,Enf_Triage_02,,59,M,3,Emergencias,Alta
EP00655,Registro del paciente,2026-01-27 13:57:41,Admision_02,,57,F,4,Emergencias,Hospitalización
EP00645,Registro del paciente,2026-01-27 13:58:05,Admision_02,,23,F,3,Emergencias,Alta
EP00845,Registro del paciente,2026-01-27 14:06:29,Admision_02,,47,M,4,Traumatología,Alta
EP00381,Interconsulta especialista,2026-01-27 14:22:55,Especialista_02,,67,F,4,Emergencias,Alta
EP00472,Registro del paciente,2026-01-27 14:26:10,Admision_01,,76,M,3,Emergencias,Alta
EP00645,Triage,2026-01-27 14:28:11,Enf_Triage_03,,23,F,3,Emergencias,Alta
EP00655,Triage,2026-01-27 14:28:42,Enf_Triage_03,,57,F,4,Emergencias,Hospitalización
EP00845,Triage,2026-01-27 14:39:30,Enf_Triage_02,,47,M,4,Traumatología,Alta
EP00472,Triage,2026-01-27 14:53:55,Enf_Triage_02,,76,M,3,Emergencias,Alta
EP00381,Tratamiento,2026-01-27 15:00:58,Enf_Emerge_03,,67,F,4,Emergencias,Alta
EP01063,Consulta médica,2026-01-27 15:23:24,Dr_Emerge_01,,59,M,3,Emergencias,Alta
EP01063,Solicitud de examen,2026-01-27 15:37:45,Dr_Emerge_01,Laboratorio,59,M,3,Emergencias,Alta
EP00381,Alta,2026-01-27 15:49:10,Dr_Emerge_01,,67,F,4,Emergencias,Alta
EP01063,Realización de examen,2026-01-27 16:11:28,Laboratorio_Clinico,Laboratorio,59,M,3,Emergencias,Alta
EP00645,Consulta médica,2026-01-27 16:13:34,Dr_Emerge_03,,23,F,3,Emergencias,Alta
EP00472,Consulta médica,2026-01-27 16:19:04,Dr_Emerge_04,,76,M,3,Emergencias,Alta
EP00006,Registro del paciente,2026-01-27 16:55:04,Admision_01,,33,M,4,Medicina Interna,Alta
EP01063,Evaluación de resultados,2026-01-27 17:02:44,Dr_Emerge_01,Laboratorio,59,M,3,Emergencias,Alta
EP00472,Solicitud de examen,2026-01-27 17:12:17,Dr_Emerge_04,Laboratorio,76,M,3,Emergencias,Alta
EP00006,Triage,2026-01-27 17:30:26,Enf_Triage_02,,33,M,4,Medicina Interna,Alta
EP00645,Tratamiento,2026-01-27 17:32:08,Enf_Emerge_03,,23,F,3,Emergencias,Alta
EP01063,Tratamiento,2026-01-27 17:43:28,Enf_Emerge_01,,59,M,3,Emergencias,Alta
EP00317,Ingreso a hospitalización,2026-01-27 18:08:18,Gestion_Camas,,48,M,3,Emergencias,Hospitalización
EP00655,Consulta médica,2026-01-27 18:16:12,Dr_Emerge_03,,57,F,4,Emergencias,Hospitalización
EP00472,Realización de examen,2026-01-27 18:30:54,Laboratorio_Clinico,Laboratorio,76,M,3,Emergencias,Alta
EP00655,Solicitud de examen,2026-01-27 18:45:20,Dr_Emerge_03,Laboratorio,57,F,4,Emergencias,Hospitalización
EP00326,Registro del paciente,2026-01-27 18:46:00,Admision_02,,5,F,3,Pediatría,Hospitalización
EP00645,Alta,2026-01-27 18:47:52,Dr_Emerge_03,,23,F,3,Emergencias,Alta
EP00472,Evaluación de resultados,2026-01-27 18:55:33,Dr_Emerge_04,Laboratorio,76,M,3,Emergencias,Alta
EP00326,Triage,2026-01-27 19:07:43,Enf_Triage_03,,5,F,3,Pediatría,Hospitalización
EP00006,Consulta médica,2026-01-27 19:08:31,Dr_Medici_03,,33,M,4,Medicina Interna,Alta
EP00845,Consulta médica,2026-01-27 19:37:36,Dr_Trauma_03,,47,M,4,Traumatología,Alta
EP00655,Realización de examen,2026-01-27 19:40:13,Laboratorio_Clinico,Laboratorio,57,F,4,Emergencias,Hospitalización
EP01063,Alta,2026-01-27 19:53:17,Dr_Emerge_01,,59,M,3,Emergencias,Alta
EP00326,Consulta médica,2026-01-27 20:27:10,Dr_Pediat_03,,5,F,3,Pediatría,Hospitalización
EP00326,Solicitud de examen,2026-01-27 20:48:36,Dr_Pediat_03,Laboratorio,5,F,3,Pediatría,Hospitalización
EP00845,Tratamiento,2026-01-27 20:57:46,Enf_Trauma_01,,47,M,4,Traumatología,Alta
EP00655,Evaluación de resultados,2026-01-27 21:07:30,Dr_Emerge_03,Laboratorio,57,F,4,Emergencias,Hospitalización
EP00655,Solicitud de examen,2026-01-27 21:14:22,Dr_Emerge_03,Imagenología,57,F,4,Emergencias,Hospitalización
EP00006,Consulta médica,2026-01-27 21:32:44,Dr_Medici_03,,33,M,4,Medicina Interna,Alta
EP00326,Realización de examen,2026-01-27 21:48:04,Laboratorio_Clinico,Laboratorio,5,F,3,Pediatría,Hospitalización
EP00006,Tratamiento,2026-01-27 22:22:50,Enf_Medici_04,,33,M,4,Medicina Interna,Alta
EP00845,Alta,2026-01-27 22:52:13,Dr_Trauma_03,,47,M,4,Traumatología,Alta
EP00006,Alta,2026-01-27 23:25:46,Dr_Medici_03,,33,M,4,Medicina Interna,Alta
EP00326,Evaluación de resultados,2026-01-27 23:44:16,Dr_Pediat_03,Laboratorio,5,F,3,Pediatría,Hospitalización
EP00326,Tratamiento,2026-01-28 00:19:31,Enf_Pediat_02,,5,F,3,Pediatría,Hospitalización
EP00653,Registro del paciente,2026-01-28 00:59:56,Admision_03,,41,F,3,Medicina Interna,Alta
EP00653,Triage,2026-01-28 01:40:58,Enf_Triage_03,,41,F,3,Medicina Interna,Alta
EP00653,Consulta médica,2026-01-28 02:37:45,Dr_Medici_01,,41,F,3,Medicina Interna,Alta
EP00653,Solicitud de examen,2026-01-28 02:53:36,Dr_Medici_01,Imagenología,41,F,3,Medicina Interna,Alta
EP00326,Ingreso a hospitalización,2026-01-28 03:31:36,Gestion_Camas,,5,F,3,Pediatría,Hospitalización
EP00653,Realización de examen,2026-01-28 05:47:31,Imagenologia,Imagenología,41,F,3,Medicina Interna,Alta
EP00653,Evaluación de resultados,2026-01-28 06:31:13,Dr_Medici_01,Imagenología,41,F,3,Medicina Interna,Alta
EP00655,Realización de examen,2026-01-28 07:27:05,Imagenologia,Imagenología,57,F,4,Emergencias,Hospitalización
EP00653,Tratamiento,2026-01-28 07:56:11,Enf_Medici_03,,41,F,3,Medicina Interna,Alta
EP00653,Alta,2026-01-28 08:49:34,Dr_Medici_01,,41,F,3,Medicina Interna,Alta
EP00655,Evaluación de resultados,2026-01-28 10:01:32,Dr_Emerge_03,Imagenología,57,F,4,Emergencias,Hospitalización
EP00472,Interconsulta especialista,2026-01-28 10:14:55,Especialista_04,,76,M,3,Emergencias,Alta
EP00655,Tratamiento,2026-01-28 10:45:15,Enf_Emerge_03,,57,F,4,Emergencias,Hospitalización
EP00472,Tratamiento,2026-01-28 10:48:27,Enf_Emerge_01,,76,M,3,Emergencias,Alta
EP00472,Alta,2026-01-28 11:18:06,Dr_Emerge_04,,76,M,3,Emergencias,Alta
EP01263,Registro del paciente,2026-01-28 12:46:45,Admision_03,,11,M,4,Pediatría,Alta
EP00655,Ingreso a hospitalización,2026-01-28 12:55:10,Gestion_Camas,,57,F,4,Emergencias,Hospitalización
EP01263,Triage,2026-01-28 13:28:47,Enf_Triage_03,,11,M,4,Pediatría,Alta
EP01263,Consulta médica,2026-01-28 14:44:40,Dr_Pediat_04,,11,M,4,Pediatría,Alta
EP01263,Tratamiento,2026-01-28 15:27:46,Enf_Pediat_01,,11,M,4,Pediatría,Alta
EP01263,Alta,2026-01-28 16:17:59,Dr_Pediat_04,,11,M,4,Pediatría,Alta
EP00758,Registro del paciente,2026-01-28 16:30:36,Admision_01,,16,F,3,Traumatología,Alta
EP00758,Triage,2026-01-28 17:03:35,Enf_Triage_02,,16,F,3,Traumatología,Alta
EP00453,Registro del paciente,2026-01-28 17:10:11,Admision_03,,85,M,3,Medicina Interna,Alta
EP00453,Triage,2026-01-28 17:52:00,Enf_Triage_01,,85,M,3,Medicina Interna,Alta
EP00758,Consulta médica,2026-01-28 18:21:22,Dr_Trauma_02,,16,F,3,Traumatología,Alta
EP00758,Tratamiento,2026-01-28 18:55:35,Enf_Trauma_02,,16,F,3,Traumatología,Alta
EP00453,Consulta médica,2026-01-28 19:24:22,Dr_Medici_02,,85,M,3,Medicina Interna,Alta
EP00453,Solicitud de examen,2026-01-28 19:42:58,Dr_Medici_02,Laboratorio,85,M,3,Medicina Interna,Alta
EP00758,Alta,2026-01-28 20:34:04,Dr_Trauma_02,,16,F,3,Traumatología,Alta
EP00453,Realización de examen,2026-01-28 21:54:41,Laboratorio_Clinico,Laboratorio,85,M,3,Medicina Interna,Alta
EP00453,Evaluación de resultados,2026-01-28 22:21:30,Dr_Medici_02,Laboratorio,85,M,3,Medicina Interna,Alta
EP00453,Tratamiento,2026-01-28 23:12:19,Enf_Medici_04,,85,M,3,Medicina Interna,Alta
EP00453,Alta,2026-01-29 00:55:02,Dr_Medici_02,,85,M,3,Medicina Interna,Alta
EP00272,Registro del paciente,2026-01-29 04:19:50,Admision_03,,47,M,3,Emergencias,Alta
EP00272,Triage,2026-01-29 04:35:00,Enf_Triage_02,,47,M,3,Emergencias,Alta
EP00272,Consulta médica,2026-01-29 05:57:32,Dr_Emerge_01,,47,M,3,Emergencias,Alta
EP00272,Solicitud de examen,2026-01-29 06:13:14,Dr_Emerge_01,Laboratorio,47,M,3,Emergencias,Alta
EP00272,Realización de examen,2026-01-29 07:44:25,Laboratorio_Clinico,Laboratorio,47,M,3,Emergencias,Alta
EP00272,Evaluación de resultados,2026-01-29 08:13:23,Dr_Emerge_01,Laboratorio,47,M,3,Emergencias,Alta
EP00272,Solicitud de examen,2026-01-29 08:29:16,Dr_Emerge_01,Laboratorio,47,M,3,Emergencias,Alta
EP00489,Registro del paciente,2026-01-29 08:29:54,Admision_02,,74,M,3,Emergencias,Hospitalización
EP00489,Triage,2026-01-29 09:04:14,Enf_Triage_02,,74,M,3,Emergencias,Hospitalización
EP00272,Realización de examen,2026-01-29 09:16:22,Laboratorio_Clinico,Laboratorio,47,M,3,Emergencias,Alta
EP00272,Evaluación de resultados,2026-01-29 09:57:31,Dr_Emerge_01,Laboratorio,47,M,3,Emergencias,Alta
EP01257,Registro del paciente,2026-01-29 10:27:15,Admision_03,,55,F,1,Emergencias,Hospitalización
EP01257,Triage,2026-01-29 10:30:16,Enf_Triage_02,,55,F,1,Emergencias,Hospitalización
EP01257,Consulta médica,2026-01-29 10:34:07,Dr_Emerge_01,,55,F,1,Emergencias,Hospitalización
EP00272,Tratamiento,2026-01-29 10:42:07,Enf_Emerge_02,,47,M,3,Emergencias,Alta
EP00489,Consulta médica,2026-01-29 10:54:35,Dr_Emerge_04,,74,M,3,Emergencias,Hospitalización
EP01257,Tratamiento,2026-01-29 11:23:18,Enf_Emerge_01,,55,F,1,Emergencias,Hospitalización
EP00489,Tratamiento,2026-01-29 11:24:47,Enf_Emerge_01,,74,M,3,Emergencias,Hospitalización
EP00656,Registro del paciente,2026-01-29 11:25:40,Admision_01,,67,M,4,Traumatología,Alta
EP00272,Alta,2026-01-29 12:05:24,Dr_Emerge_01,,47,M,3,Emergencias,Alta
EP00573,Registro del paciente,2026-01-29 12:10:39,Admision_03,,32,M,4,Emergencias,Alta
EP00656,Triage,2026-01-29 12:15:44,Enf_Triage_01,,67,M,4,Traumatología,Alta
EP00573,Triage,2026-01-29 12:45:47,Enf_Triage_03,,32,M,4,Emergencias,Alta
EP00659,Registro del paciente,2026-01-29 12:50:55,Admision_03,,65,M,4,Traumatología,Alta
EP00489,Ingreso a hospitalización,2026-01-29 13:10:59,Gestion_Camas,,74,M,3,Emergencias,Hospitalización
EP01171,Registro del paciente,2026-01-29 13:23:29,Admision_01,,1,M,3,Pediatría,Alta
EP00966,Registro del paciente,2026-01-29 13:53:04,Admision_01,,47,F,2,Medicina Interna,Alta
EP01171,Triage,2026-01-29 14:18:57,Enf_Triage_03,,1,M,3,Pediatría,Alta
EP00966,Triage,2026-01-29 14:19:21,Enf_Triage_01,,47,F,2,Medicina Interna,Alta
EP01257,Ingreso a hospitalización,2026-01-29 14:24:16,Gestion_Camas,,55,F,1,Emergencias,Hospitalización
EP00659,Triage,2026-01-29 14:24:35,Enf_Triage_01,,65,M,4,Traumatología,Alta
EP00966,Consulta médica,2026-01-29 14:56:36,Dr_Medici_04,,47,F,2,Medicina Interna,Alta
EP00966,Solicitud de examen,2026-01-29 15:15:30,Dr_Medici_04,Imagenología,47,F,2,Medicina Interna,Alta
EP00656,Consulta médica,2026-01-29 15:17:29,Dr_Trauma_03,,67,M,4,Traumatología,Alta
EP01393,Registro del paciente,2026-01-29 15:24:54,Admision_03,,15,F,3,Emergencias,Alta
EP01393,Triage,2026-01-29 15:48:35,Enf_Triage_01,,15,F,3,Emergencias,Alta
EP01274,Registro del paciente,2026-01-29 15:51:42,Admision_01,,0,F,1,Pediatría,Alta
EP01274,Triage,2026-01-29 15:54:43,Enf_Triage_01,,0,F,1,Pediatría,Alta
EP01171,Consulta médica,2026-01-29 15:57:27,Dr_Pediat_01,,1,M,3,Pediatría,Alta
EP01274,Consulta médica,2026-01-29 16:03:32,Dr_Pediat_01,,0,F,1,Pediatría,Alta
EP00656,Consulta médica,2026-01-29 16:13:48,Dr_Trauma_03,,67,M,4,Traumatología,Alta
EP01393,Consulta médica,2026-01-29 16:16:48,Dr_Emerge_01,,15,F,3,Emergencias,Alta
EP00659,Consulta médica,2026-01-29 16:33:40,Dr_Trauma_02,,65,M,4,Traumatología,Alta
EP00659,Solicitud de examen,2026-01-29 16:46:13,Dr_Trauma_02,Imagenología,65,M,4,Traumatología,Alta
EP01393,Tratamiento,2026-01-29 16:50:35,Enf_Emerge_01,,15,F,3,Emergencias,Alta
EP00656,Tratamiento,2026-01-29 16:51:54,Enf_Trauma_01,,67,M,4,Traumatología,Alta
EP00573,Consulta médica,2026-01-29 16:53:57,Dr_Emerge_03,,32,M,4,Emergencias,Alta
EP00573,Tratamiento,2026-01-29 17:24:31,Enf_Emerge_04,,32,M,4,Emergencias,Alta
EP01171,Consulta médica,2026-01-29 17:34:41,Dr_Pediat_01,,1,M,3,Pediatría,Alta
EP00240,Registro del paciente,2026-01-29 17:35:05,Admision_03,,46,F,2,Traumatología,Alta
EP00966,Realización de examen,2026-01-29 17:43:06,Imagenologia,Imagenología,47,F,2,Medicina Interna,Alta
EP00240,Triage,2026-01-29 17:46:45,Enf_Triage_03,,46,F,2,Traumatología,Alta
EP01393,Alta,2026-01-29 18:04:52,Dr_Emerge_01,,15,F,3,Emergencias,Alta
EP00240,Consulta médica,2026-01-29 18:06:00,Dr_Trauma_02,,46,F,2,Traumatología,Alta
EP00573,Alta,2026-01-29 18:07:47,Dr_Emerge_03,,32,M,4,Emergencias,Alta
EP00656,Alta,2026-01-29 18:13:29,Dr_Trauma_03,,67,M,4,Traumatología,Alta
EP01171,Interconsulta especialista,2026-01-29 18:35:50,Especialista_01,,1,M,3,Pediatría,Alta
EP00240,Tratamiento,2026-01-29 18:38:56,Enf_Trauma_02,,46,F,2,Traumatología,Alta
EP01171,Tratamiento,2026-01-29 19:05:16,Enf_Pediat_01,,1,M,3,Pediatría,Alta
EP01274,Interconsulta especialista,2026-01-29 19:33:23,Especialista_04,,0,F,1,Pediatría,Alta
EP00240,Alta,2026-01-29 19:55:55,Dr_Trauma_02,,46,F,2,Traumatología,Alta
EP00966,Evaluación de resultados,2026-01-29 19:58:19,Dr_Medici_04,Imagenología,47,F,2,Medicina Interna,Alta
EP01274,Tratamiento,2026-01-29 20:13:04,Enf_Pediat_02,,0,F,1,Pediatría,Alta
EP00966,Tratamiento,2026-01-29 20:26:20,Enf_Medici_04,,47,F,2,Medicina Interna,Alta
EP00884,Registro del paciente,2026-01-29 20:36:21,Admision_02,,33,F,2,Medicina Interna,Alta
EP01171,Alta,2026-01-29 20:46:48,Dr_Pediat_01,,1,M,3,Pediatría,Alta
EP01274,Alta,2026-01-29 20:58:55,Dr_Pediat_01,,0,F,1,Pediatría,Alta
EP00966,Alta,2026-01-29 21:05:52,Dr_Medici_04,,47,F,2,Medicina Interna,Alta
EP00884,Triage,2026-01-29 21:13:01,Enf_Triage_03,,33,F,2,Medicina Interna,Alta
EP00884,Consulta médica,2026-01-29 21:41:29,Dr_Medici_02,,33,F,2,Medicina Interna,Alta
EP00884,Solicitud de examen,2026-01-29 21:56:01,Dr_Medici_02,Laboratorio,33,F,2,Medicina Interna,Alta
EP00884,Realización de examen,2026-01-29 22:29:49,Laboratorio_Clinico,Laboratorio,33,F,2,Medicina Interna,Alta
EP00884,Evaluación de resultados,2026-01-29 23:11:54,Dr_Medici_02,Laboratorio,33,F,2,Medicina Interna,Alta
EP00884,Consulta médica,2026-01-30 00:20:42,Dr_Medici_02,,33,F,2,Medicina Interna,Alta
EP00884,Tratamiento,2026-01-30 00:37:28,Enf_Medici_03,,33,F,2,Medicina Interna,Alta
EP00884,Alta,2026-01-30 01:14:08,Dr_Medici_02,,33,F,2,Medicina Interna,Alta
EP01410,Registro del paciente,2026-01-30 03:31:59,Admision_02,,54,M,2,Emergencias,Alta
EP01410,Triage,2026-01-30 03:59:00,Enf_Triage_02,,54,M,2,Emergencias,Alta
EP01410,Consulta médica,2026-01-30 05:47:02,Dr_Emerge_03,,54,M,2,Emergencias,Alta
EP01410,Tratamiento,2026-01-30 06:06:35,Enf_Emerge_03,,54,M,2,Emergencias,Alta
EP01410,Alta,2026-01-30 07:47:29,Dr_Emerge_03,,54,M,2,Emergencias,Alta
EP00659,Realización de examen,2026-01-30 09:28:38,Imagenologia,Imagenología,65,M,4,Traumatología,Alta
EP00659,Evaluación de resultados,2026-01-30 10:38:01,Dr_Trauma_02,Imagenología,65,M,4,Traumatología,Alta
EP00507,Registro del paciente,2026-01-30 11:04:45,Admision_02,,44,M,3,Emergencias,Alta
EP00905,Registro del paciente,2026-01-30 11:04:47,Admision_01,,25,M,4,Traumatología,Alta
EP00507,Triage,2026-01-30 11:28:07,Enf_Triage_02,,44,M,3,Emergencias,Alta
EP00659,Tratamiento,2026-01-30 11:28:12,Enf_Trauma_03,,65,M,4,Traumatología,Alta
EP00905,Triage,2026-01-30 12:07:39,Enf_Triage_02,,25,M,4,Traumatología,Alta
EP00659,Alta,2026-01-30 12:25:36,Dr_Trauma_02,,65,M,4,Traumatología,Alta
EP00507,Consulta médica,2026-01-30 12:53:33,Dr_Emerge_02,,44,M,3,Emergencias,Alta
EP00507,Tratamiento,2026-01-30 13:28:41,Enf_Emerge_04,,44,M,3,Emergencias,Alta
EP00507,Alta,2026-01-30 14:52:06,Dr_Emerge_02,,44,M,3,Emergencias,Alta
EP00905,Consulta médica,2026-01-30 15:38:52,Dr_Trauma_02,,25,M,4,Traumatología,Alta
EP00905,Tratamiento,2026-01-30 16:15:57,Enf_Trauma_03,,25,M,4,Traumatología,Alta
EP00905,Alta,2026-01-30 17:12:30,Dr_Trauma_02,,25,M,4,Traumatología,Alta
EP01083,Registro del paciente,2026-01-30 19:38:40,Admision_02,,52,F,3,Medicina Interna,Alta
EP01083,Triage,2026-01-30 20:14:19,Enf_Triage_01,,52,F,3,Medicina Interna,Alta
EP00506,Registro del paciente,2026-01-30 20:59:18,Admision_03,,2,M,4,Pediatría,Alta
EP00506,Triage,2026-01-30 21:15:04,Enf_Triage_01,,2,M,4,Pediatría,Alta
EP01083,Consulta médica,2026-01-30 21:57:44,Dr_Medici_03,,52,F,3,Medicina Interna,Alta
EP00683,Registro del paciente,2026-01-30 22:29:11,Admision_02,,47,F,3,Emergencias,Alta
EP01083,Tratamiento,2026-01-30 22:51:03,Enf_Medici_02,,52,F,3,Medicina Interna,Alta
EP00683,Triage,2026-01-30 22:58:34,Enf_Triage_03,,47,F,3,Emergencias,Alta
EP01083,Alta,2026-01-30 23:22:02,Dr_Medici_03,,52,F,3,Medicina Interna,Alta
EP00404,Registro del paciente,2026-01-30 23:40:58,Admision_01,,49,M,5,Emergencias,Hospitalización
EP00404,Triage,2026-01-31 00:06:01,Enf_Triage_02,,49,M,5,Emergencias,Hospitalización
EP00683,Consulta médica,2026-01-31 01:32:13,Dr_Emerge_03,,47,F,3,Emergencias,Alta
EP00683,Solicitud de examen,2026-01-31 01:43:24,Dr_Emerge_03,Imagenología,47,F,3,Emergencias,Alta
EP00506,Consulta médica,2026-01-31 01:50:49,Dr_Pediat_03,,2,M,4,Pediatría,Alta
EP00506,Tratamiento,2026-01-31 02:51:16,Enf_Pediat_01,,2,M,4,Pediatría,Alta
EP00404,Consulta médica,2026-01-31 03:44:56,Dr_Emerge_02,,49,M,5,Emergencias,Hospitalización
EP00506,Alta,2026-01-31 03:46:21,Dr_Pediat_03,,2,M,4,Pediatría,Alta
EP00404,Tratamiento,2026-01-31 04:26:30,Enf_Emerge_03,,49,M,5,Emergencias,Hospitalización
EP00683,Realización de examen,2026-01-31 08:34:13,Imagenologia,Imagenología,47,F,3,Emergencias,Alta
EP00683,Evaluación de resultados,2026-01-31 09:11:09,Dr_Emerge_03,Imagenología,47,F,3,Emergencias,Alta
EP00683,Tratamiento,2026-01-31 09:35:25,Enf_Emerge_01,,47,F,3,Emergencias,Alta
EP00683,Alta,2026-01-31 10:18:53,Dr_Emerge_03,,47,F,3,Emergencias,Alta
EP00261,Registro del paciente,2026-01-31 11:28:30,Admision_01,,24,F,3,Emergencias,Alta
EP00261,Triage,2026-01-31 12:02:25,Enf_Triage_02,,24,F,3,Emergencias,Alta
EP01327,Registro del paciente,2026-01-31 12:32:38,Admision_01,,8,M,3,Pediatría,Alta
EP01327,Triage,2026-01-31 12:56:09,Enf_Triage_03,,8,M,3,Pediatría,Alta
EP01327,Consulta médica,2026-01-31 13:54:47,Dr_Pediat_01,,8,M,3,Pediatría,Alta
EP00261,Consulta médica,2026-01-31 14:01:19,Dr_Emerge_02,,24,F,3,Emergencias,Alta
EP00774,Registro del paciente,2026-01-31 14:11:19,Admision_03,,3,M,4,Pediatría,Alta
EP01327,Solicitud de examen,2026-01-31 14:15:24,Dr_Pediat_01,Laboratorio,8,M,3,Pediatría,Alta
EP00261,Tratamiento,2026-01-31 14:32:54,Enf_Emerge_01,,24,F,3,Emergencias,Alta
EP00989,Registro del paciente,2026-01-31 14:58:32,Admision_03,,11,M,5,Pediatría,Alta
EP01251,Registro del paciente,2026-01-31 15:12:04,Admision_01,,50,F,3,Medicina Interna,Alta
EP01327,Realización de examen,2026-01-31 15:21:29,Laboratorio_Clinico,Laboratorio,8,M,3,Pediatría,Alta
EP00261,Alta,2026-01-31 15:31:10,Dr_Emerge_02,,24,F,3,Emergencias,Alta
EP01251,Triage,2026-01-31 15:37:37,Enf_Triage_02,,50,F,3,Medicina Interna,Alta
EP00774,Triage,2026-01-31 15:56:47,Enf_Triage_01,,3,M,4,Pediatría,Alta
EP00989,Triage,2026-01-31 16:00:18,Enf_Triage_02,,11,M,5,Pediatría,Alta
EP01251,Consulta médica,2026-01-31 16:11:06,Dr_Medici_01,,50,F,3,Medicina Interna,Alta
EP01327,Evaluación de resultados,2026-01-31 16:15:32,Dr_Pediat_01,Laboratorio,8,M,3,Pediatría,Alta
EP00404,Ingreso a hospitalización,2026-01-31 16:22:09,Gestion_Camas,,49,M,5,Emergencias,Hospitalización
EP01327,Solicitud de examen,2026-01-31 16:31:54,Dr_Pediat_01,Laboratorio,8,M,3,Pediatría,Alta
EP01327,Realización de examen,2026-01-31 16:52:22,Laboratorio_Clinico,Laboratorio,8,M,3,Pediatría,Alta
EP01327,Evaluación de resultados,2026-01-31 17:10:44,Dr_Pediat_01,Laboratorio,8,M,3,Pediatría,Alta
EP01327,Tratamiento,2026-01-31 17:38:06,Enf_Pediat_01,,8,M,3,Pediatría,Alta
EP00774,Consulta médica,2026-01-31 17:39:12,Dr_Pediat_02,,3,M,4,Pediatría,Alta
EP00774,Solicitud de examen,2026-01-31 17:43:26,Dr_Pediat_02,Laboratorio,3,M,4,Pediatría,Alta
EP00850,Registro del paciente,2026-01-31 17:50:45,Admision_03,,15,M,4,Emergencias,Alta
EP00850,Triage,2026-01-31 18:14:20,Enf_Triage_02,,15,M,4,Emergencias,Alta
EP01251,Consulta médica,2026-01-31 18:16:23,Dr_Medici_01,,50,F,3,Medicina Interna,Alta
EP00774,Realización de examen,2026-01-31 18:37:16,Laboratorio_Clinico,Laboratorio,3,M,4,Pediatría,Alta
EP01327,Alta,2026-01-31 18:42:40,Dr_Pediat_01,,8,M,3,Pediatría,Alta
EP01251,Tratamiento,2026-01-31 19:22:02,Enf_Medici_03,,50,F,3,Medicina Interna,Alta
EP00774,Evaluación de resultados,2026-01-31 19:41:47,Dr_Pediat_02,Laboratorio,3,M,4,Pediatría,Alta
EP00774,Tratamiento,2026-01-31 20:14:26,Enf_Pediat_04,,3,M,4,Pediatría,Alta
EP00850,Consulta médica,2026-01-31 20:30:55,Dr_Emerge_04,,15,M,4,Emergencias,Alta
EP01251,Alta,2026-01-31 20:51:05,Dr_Medici_01,,50,F,3,Medicina Interna,Alta
EP00774,Alta,2026-01-31 20:51:40,Dr_Pediat_02,,3,M,4,Pediatría,Alta
EP00989,Consulta médica,2026-01-31 21:07:49,Dr_Pediat_02,,11,M,5,Pediatría,Alta
EP00989,Solicitud de examen,2026-01-31 21:20:28,Dr_Pediat_02,Laboratorio,11,M,5,Pediatría,Alta
EP00850,Tratamiento,2026-01-31 21:27:20,Enf_Emerge_01,,15,M,4,Emergencias,Alta
EP00989,Realización de examen,2026-01-31 22:07:53,Laboratorio_Clinico,Laboratorio,11,M,5,Pediatría,Alta
EP01150,Registro del paciente,2026-01-31 22:31:35,Admision_03,,26,F,4,Emergencias,Alta
EP00850,Alta,2026-01-31 23:05:39,Dr_Emerge_04,,15,M,4,Emergencias,Alta
EP01150,Triage,2026-01-31 23:21:37,Enf_Triage_03,,26,F,4,Emergencias,Alta
EP00989,Evaluación de resultados,2026-01-31 23:42:51,Dr_Pediat_02,Laboratorio,11,M,5,Pediatría,Alta
EP00989,Tratamiento,2026-02-01 00:09:28,Enf_Pediat_01,,11,M,5,Pediatría,Alta
EP01009,Registro del paciente,2026-02-01 01:23:16,Admision_02,,3,F,5,Pediatría,Alta
EP00444,Registro del paciente,2026-02-01 01:49:22,Admision_03,,53,F,4,Emergencias,Alta
EP00989,Alta,2026-02-01 01:54:56,Dr_Pediat_02,,11,M,5,Pediatría,Alta
EP01009,Triage,2026-02-01 02:02:37,Enf_Triage_03,,3,F,5,Pediatría,Alta
EP01150,Consulta médica,2026-02-01 02:28:20,Dr_Emerge_01,,26,F,4,Emergencias,Alta
EP00444,Triage,2026-02-01 02:33:10,Enf_Triage_03,,53,F,4,Emergencias,Alta
EP01250,Registro del paciente,2026-02-01 03:04:18,Admision_01,,32,F,4,Emergencias,Alta
EP01250,Triage,2026-02-01 03:26:28,Enf_Triage_02,,32,F,4,Emergencias,Alta
EP01150,Tratamiento,2026-02-01 04:09:19,Enf_Emerge_01,,26,F,4,Emergencias,Alta
EP01150,Alta,2026-02-01 04:41:43,Dr_Emerge_01,,26,F,4,Emergencias,Alta
EP00444,Consulta médica,2026-02-01 05:02:53,Dr_Emerge_03,,53,F,4,Emergencias,Alta
EP00444,Solicitud de examen,2026-02-01 05:10:24,Dr_Emerge_03,Imagenología,53,F,4,Emergencias,Alta
EP01009,Consulta médica,2026-02-01 07:53:01,Dr_Pediat_04,,3,F,5,Pediatría,Alta
EP01009,Solicitud de examen,2026-02-01 08:06:31,Dr_Pediat_04,Laboratorio,3,F,5,Pediatría,Alta
EP00444,Realización de examen,2026-02-01 08:19:33,Imagenologia,Imagenología,53,F,4,Emergencias,Alta
EP01250,Consulta médica,2026-02-01 08:31:35,Dr_Emerge_01,,32,F,4,Emergencias,Alta
EP01250,Solicitud de examen ,2026-02-01 08:40:46,Dr_Emerge_01,Laboratorio,32,F,4,Emergencias,Alta
EP01009,Realización de examen,2026-02-01 08:53:09,Laboratorio_Clinico,Laboratorio,3,F,5,Pediatría,Alta
EP01009,Evaluación de resultados,2026-02-01 09:19:49,Dr_Pediat_04,Laboratorio,3,F,5,Pediatría,Alta
EP01009,Tratamiento,2026-02-01 09:38:15,Enf_Pediat_03,,3,F,5,Pediatría,Alta
EP01250,Realización de examen,2026-02-01 10:02:03,Laboratorio_Clinico,Laboratorio,32,F,4,Emergencias,Alta
EP00444,Evaluación de resultados,2026-02-01 10:41:42,Dr_Emerge_03,Imagenología,53,F,4,Emergencias,Alta
EP01009,Alta,2026-02-01 10:52:01,Dr_Pediat_04,,3,F,5,Pediatría,Alta
EP01250,Evaluación de resultados,2026-02-01 10:53:44,Dr_Emerge_01,Laboratorio,32,F,4,Emergencias,Alta
EP01250,Solicitud de examen,2026-02-01 11:08:19,Dr_Emerge_01,Laboratorio,32,F,4,Emergencias,Alta
EP00444,Tratamiento,2026-02-01 11:52:45,Enf_Emerge_01,,53,F,4,Emergencias,Alta
EP01250,Realización de examen,2026-02-01 12:33:43,Laboratorio_Clinico,Laboratorio,32,F,4,Emergencias,Alta
EP00444,Alta,2026-02-01 12:34:08,Dr_Emerge_03,,53,F,4,Emergencias,Alta
EP00150,Registro del paciente,2026-02-01 13:46:30,Admision_02,,25,M,4,Medicina Interna,Alta
EP00150,Triage,2026-02-01 14:12:25,Enf_Triage_01,,25,M,4,Medicina Interna,Alta
EP01250,Evaluación de resultados,2026-02-01 14:24:34,Dr_Emerge_01,Laboratorio,32,F,4,Emergencias,Alta
EP01250,Tratamiento,2026-02-01 15:08:33,Enf_Emerge_04,,32,F,4,Emergencias,Alta
EP00150,Consulta médica,2026-02-01 16:26:36,Dr_Medici_02,,25,M,4,Medicina Interna,Alta
EP01250,Alta,2026-02-01 16:50:49,Dr_Emerge_01,,32,F,4,Emergencias,Alta
EP00150,Tratamiento,2026-02-01 16:50:56,Enf_Medici_03,,25,M,4,Medicina Interna,Alta
EP00150,Alta,2026-02-01 17:20:10,Dr_Medici_02,,25,M,4,Medicina Interna,Alta
EP01051,Registro del paciente,2026-02-01 17:49:37,Admision_03,,20,M,3,Traumatología,Alta
EP01051,Triage,2026-02-01 18:20:57,Enf_Triage_02,,20,M,3,Traumatología,Alta
EP00877,Registro del paciente,2026-02-01 19:07:15,Admision_03,,93,M,5,Emergencias,Alta
EP00847,Registro del paciente,2026-02-01 19:08:34,Admision_02,,42,F,3,Medicina Interna,Alta
EP00847,triage,2026-02-01 19:25:49,Enf_Triage_01,,42,F,3,Medicina Interna,Alta
EP01051,Consulta médica,2026-02-01 19:29:45,Dr_Trauma_03,,20,M,3,Traumatología,Alta
EP00877,Triage,2026-02-01 19:38:02,Enf_Triage_02,,93,M,5,Emergencias,Alta
EP01051,Solicitud de examen,2026-02-01 19:44:13,Dr_Trauma_03,Imagenología,20,M,3,Traumatología,Alta
EP00847,Consulta médica,2026-02-01 20:21:19,Dr_Medici_02,,42,F,3,Medicina Interna,Alta
EP00847,Solicitud de examen,2026-02-01 20:38:42,Dr_Medici_02,Laboratorio,42,F,3,Medicina Interna,Alta
EP00847,Realización de examen,2026-02-01 21:26:27,Laboratorio_Clinico,Laboratorio,42,F,3,Medicina Interna,Alta
EP00847,Evaluación de resultados,2026-02-01 22:07:07,Dr_Medici_02,Laboratorio,42,F,3,Medicina Interna,Alta
EP00847,Tratamiento,2026-02-01 22:46:45,Enf_Medici_02,,42,F,3,Medicina Interna,Alta
EP00877,Consulta médica,2026-02-01 23:22:04,Dr_Emerge_02,,93,M,5,Emergencias,Alta
EP00847,Alta,2026-02-01 23:40:23,Dr_Medici_02,,42,F,3,Medicina Interna,Alta
EP00877,Solicitud de examen,2026-02-01 23:42:10,Dr_Emerge_02,Imagenología,93,M,5,Emergencias,Alta
EP01051,Realización de examen,2026-02-02 06:19:27,Imagenologia,Imagenología,20,M,3,Traumatología,Alta
EP01051,Evaluación de resultados,2026-02-02 07:16:11,Dr_Trauma_03,Imagenología,20,M,3,Traumatología,Alta
EP01051,Solicitud de examen,2026-02-02 07:30:03,Dr_Trauma_03,Imagenología,20,M,3,Traumatología,Alta
EP00831,Registro del paciente,2026-02-02 09:37:27,Admision_03,,48,F,4,Emergencias,Alta
EP00831,Triage,2026-02-02 11:35:22,Enf_Triage_01,,48,F,4,Emergencias,Alta
EP00494,Registro del paciente,2026-02-02 12:20:47,Admision_03,,13,M,4,Pediatría,Alta
EP00877,Realización de examen,2026-02-02 13:17:54,Imagenologia,Imagenología,93,M,5,Emergencias,Alta
EP00494,Triage,2026-02-02 13:23:34,Enf_Triage_03,,13,M,4,Pediatría,Alta
EP01051,Realización de examen,2026-02-02 13:38:23,Imagenologia,Imagenología,20,M,3,Traumatología,Alta
EP00877,Evaluación de resultados,2026-02-02 14:25:51,Dr_Emerge_02,Imagenología,93,M,5,Emergencias,Alta
EP01051,Evaluación de resultados,2026-02-02 14:29:41,Dr_Trauma_03,Imagenología,20,M,3,Traumatología,Alta
EP01051,Tratamiento,2026-02-02 14:59:02,Enf_Trauma_04,,20,M,3,Traumatología,Alta
EP00494,Consulta médica,2026-02-02 15:25:40,Dr_Pediat_04,,13,M,4,Pediatría,Alta
EP01051,Alta,2026-02-02 15:39:26,Dr_Trauma_03,,20,M,3,Traumatología,Alta
EP01093,Registro del paciente,2026-02-02 16:09:09,Admision_01,,7,F,3,Pediatría,Alta
EP00494,Tratamiento,2026-02-02 16:15:17,Enf_Pediat_04,,13,M,4,Pediatría,Alta
EP01093,Triage,2026-02-02 16:36:41,Enf_Triage_01,,7,F,3,Pediatría,Alta
EP00831,Consulta médica,2026-02-02 16:47:57,Dr_Emerge_03,,48,F,4,Emergencias,Alta
EP00831,Solicitud de examen,2026-02-02 16:59:58,Dr_Emerge_03,Laboratorio,48,F,4,Emergencias,Alta
EP00494,Alta,2026-02-02 17:16:36,Dr_Pediat_04,,13,M,4,Pediatría,Alta
EP00748,Registro del paciente,2026-02-02 17:49:25,Admision_03,,30,M,4,Medicina Interna,Alta
EP00831,Realización de examen,2026-02-02 18:09:27,Laboratorio_Clinico,Laboratorio,48,F,4,Emergencias,Alta
EP00748,Triage,2026-02-02 18:18:03,Enf_Triage_02,,30,M,4,Medicina Interna,Alta
EP00248,Registro del paciente,2026-02-02 18:37:49,Admision_03,,5,F,2,Pediatría,Alta
EP01093,Consulta médica,2026-02-02 18:43:20,Dr_Pediat_01,,7,F,3,Pediatría,Alta
EP00248,Triage,2026-02-02 18:52:02,Enf_Triage_02,,5,F,2,Pediatría,Alta
EP01093,Solicitud de examen,2026-02-02 18:54:49,Dr_Pediat_01,Laboratorio,7,F,3,Pediatría,Alta
EP00248,Consulta médica,2026-02-02 19:10:18,Dr_Pediat_04,,5,F,2,Pediatría,Alta
EP00831,Evaluación de resultados,2026-02-02 19:18:49,Dr_Emerge_03,Laboratorio,48,F,4,Emergencias,Alta
EP00877,Interconsulta especialista,2026-02-02 19:23:55,Especialista_02,,93,M,5,Emergencias,Alta
EP01093,Realización de examen,2026-02-02 19:37:34,Laboratorio_Clinico,Laboratorio,7,F,3,Pediatría,Alta
EP00877,Tratamiento,2026-02-02 19:44:06,Enf_Emerge_03,,93,M,5,Emergencias,Alta
EP01093,Evaluación de resultados,2026-02-02 19:58:12,Dr_Pediat_01,Laboratorio,7,F,3,Pediatría,Alta
EP01093,Solicitud de examen,2026-02-02 20:08:56,Dr_Pediat_01,Laboratorio,7,F,3,Pediatría,Alta
EP00831,Tratamiento,2026-02-02 20:10:27,Enf_Emerge_04,,48,F,4,Emergencias,Alta
EP00196,Registro del paciente,2026-02-02 20:15:00,Admision_02,,18,M,4,Emergencias,Hospitalización
EP00877,Alta,2026-02-02 20:25:38,Dr_Emerge_02,,93,M,5,Emergencias,Alta
EP00196,Triage,2026-02-02 20:57:15,Enf_Triage_01,,18,M,4,Emergencias,Hospitalización
EP01093,Realización de examen,2026-02-02 21:09:59,Laboratorio_Clinico,Laboratorio,7,F,3,Pediatría,Alta
EP00831,Alta,2026-02-02 21:23:14,Dr_Emerge_03,,48,F,4,Emergencias,Alta
EP01093,Evaluación de resultados,2026-02-02 21:58:14,Dr_Pediat_01,Laboratorio,7,F,3,Pediatría,Alta
EP01093,Tratamiento,2026-02-02 22:27:42,Enf_Pediat_02,,7,F,3,Pediatría,Alta
EP00023,Registro del paciente,2026-02-02 22:56:37,Admision_03,,95,M,4,Emergencias,Alta
EP00196,Consulta médica,2026-02-02 23:07:23,Dr_Emerge_03,,18,M,4,Emergencias,Hospitalización
EP00748,Consulta médica,2026-02-02 23:29:05,Dr_Medici_04,,30,M,4,Medicina Interna,Alta
EP00023,Triage,2026-02-02 23:35:22,Enf_Triage_02,,95,M,4,Emergencias,Alta
EP00248,Interconsulta especialista,2026-02-03 00:23:22,Especialista_01,,5,F,2,Pediatría,Alta
EP00384,Registro del paciente,2026-02-03 00:34:13,Admision_01,,62,M,3,Emergencias,Alta
EP00748,Consulta médica,2026-02-03 00:52:08,Dr_Medici_04,,30,M,4,Medicina Interna,Alta
EP00384,Triage,2026-02-03 00:55:25,Enf_Triage_02,,62,M,3,Emergencias,Alta
EP01093,Alta,2026-02-03 01:02:10,Dr_Pediat_01,,7,F,3,Pediatría,Alta
EP00023,Consulta médica,2026-02-03 01:13:21,Dr_Emerge_02,,95,M,4,Emergencias,Alta
EP00248,Tratamiento,2026-02-03 01:26:30,Enf_Pediat_01,,5,F,2,Pediatría,Alta
EP00023,Tratamiento,2026-02-03 01:44:46,Enf_Emerge_04,,95,M,4,Emergencias,Alta
EP00248,Alta,2026-02-03 01:46:16,Dr_Pediat_04,,5,F,2,Pediatría,Alta
EP00748,Tratamiento,2026-02-03 01:47:42,Enf_Medici_01,,30,M,4,Medicina Interna,Alta
EP00517,Registro del paciente,2026-02-03 02:09:11,Admision_03,,83,M,2,Emergencias,Hospitalización
EP00517,Triage,2026-02-03 02:17:03,Enf_Triage_01,,83,M,2,Emergencias,Hospitalización
EP00517,Consulta médica,2026-02-03 02:45:34,Dr_Emerge_04,,83,M,2,Emergencias,Hospitalización
EP00196,Interconsulta especialista,2026-02-03 02:48:03,Especialista_01,,18,M,4,Emergencias,Hospitalización
EP00517,Solicitud de examen,2026-02-03 02:55:28,Dr_Emerge_04,Imagenología,83,M,2,Emergencias,Hospitalización
EP00023,Alta,2026-02-03 03:00:58,Dr_Emerge_02,,95,M,4,Emergencias,Alta
EP00748,Alta,2026-02-03 03:05:51,Dr_Medici_04,,30,M,4,Medicina Interna,Alta
EP00196,Tratamiento,2026-02-03 03:13:49,Enf_Emerge_03,,18,M,4,Emergencias,Hospitalización
EP00998,Registro del paciente,2026-02-03 03:20:08,Admision_01,,64,F,1,Traumatología,Hospitalización
EP00998,Triage,2026-02-03 03:23:09,Enf_Triage_01,,64,F,1,Traumatología,Hospitalización
EP00998,Consulta médica,2026-02-03 03:39:50,Dr_Trauma_02,,64,F,1,Traumatología,Hospitalización
EP00384,Consulta médica,2026-02-03 03:40:24,Dr_Emerge_04,,62,M,3,Emergencias,Alta
EP00384,Solicitud de examen,2026-02-03 03:52:20,Dr_Emerge_04,Laboratorio,62,M,3,Emergencias,Alta
EP00998,Tratamiento,2026-02-03 04:17:30,Enf_Trauma_03,,64,F,1,Traumatología,Hospitalización
EP00384,Realización de examen,2026-02-03 04:55:36,Laboratorio_Clinico,Laboratorio,62,M,3,Emergencias,Alta
EP00384,Evaluación de resultados,2026-02-03 05:48:52,Dr_Emerge_04,Laboratorio,62,M,3,Emergencias,Alta
EP00384,Tratamiento,2026-02-03 06:16:15,Enf_Emerge_01,,62,M,3,Emergencias,Alta
EP00384,Alta,2026-02-03 06:43:54,Dr_Emerge_04,,62,M,3,Emergencias,Alta
EP00196,Ingreso a hospitalización,2026-02-03 07:53:54,Gestion_Camas,,18,M,4,Emergencias,Hospitalización
EP00517,Realización de examen,2026-02-03 08:20:14,Imagenologia,Imagenología,83,M,2,Emergencias,Hospitalización
EP00998,Ingreso a hospitalización,2026-02-03 08:55:41,Gestion_Camas,,64,F,1,Traumatología,Hospitalización
EP00517,Evaluación de resultados,2026-02-03 09:36:01,Dr_Emerge_04,Imagenología,83,M,2,Emergencias,Hospitalización
EP01415,Registro del paciente,2026-02-03 09:45:21,Admision_03,,57,F,5,Medicina Interna,Alta
EP00077,Registro del paciente,2026-02-03 09:47:34,Admision_02,,73,M,3,Emergencias,Hospitalización
EP01491,Registro del paciente,2026-02-03 09:48:05,Admision_02,,60,M,5,Emergencias,Hospitalización
EP01415,Triage,2026-02-03 10:08:11,Enf_Triage_01,,57,F,5,Medicina Interna,Alta
EP00077,Triage,2026-02-03 10:11:30,Enf_Triage_02,,73,M,3,Emergencias,Hospitalización
EP00517,Tratamiento,2026-02-03 10:30:17,Enf_Emerge_01,,83,M,2,Emergencias,Hospitalización
EP01491,Triage,2026-02-03 10:39:06,Enf_Triage_03,,60,M,5,Emergencias,Hospitalización
EP01073,Registro del paciente,2026-02-03 12:01:51,Admision_02,,15,M,3,Medicina Interna,Hospitalización
EP01415,Consulta médica,2026-02-03 12:20:48,Dr_Medici_03,,57,F,5,Medicina Interna,Alta
EP00077,Consulta médica,2026-02-03 12:24:57,Dr_Emerge_01,,73,M,3,Emergencias,Hospitalización
EP01073,Triage,2026-02-03 12:30:28,Enf_Triage_03,,15,M,3,Medicina Interna,Hospitalización
EP01415,Solicitud de examen,2026-02-03 12:36:47,Dr_Medici_03,Imagenología,57,F,5,Medicina Interna,Alta
EP00077,Solicitud de examen,2026-02-03 12:39:27,Dr_Emerge_01,Laboratorio,73,M,3,Emergencias,Hospitalización
EP01491,Consulta médica,2026-02-03 12:49:23,Dr_Emerge_03,,60,M,5,Emergencias,Hospitalización
EP00893,Registro del paciente,2026-02-03 13:15:34,Admision_01,,72,F,3,Emergencias,Alta
EP00077,Realización de examen,2026-02-03 13:20:01,Laboratorio_Clinico,Laboratorio,73,M,3,Emergencias,Hospitalización
EP01491,Tratamiento,2026-02-03 13:31:35,Enf_Emerge_04,,60,M,5,Emergencias,Hospitalización
EP00893,Triage,2026-02-03 13:42:10,Enf_Triage_02,,72,F,3,Emergencias,Alta
EP01073,Consulta médica,2026-02-03 14:00:08,Dr_Medici_04,,15,M,3,Medicina Interna,Hospitalización
EP00077,Evaluación de resultados,2026-02-03 14:20:58,Dr_Emerge_01,Laboratorio,73,M,3,Emergencias,Hospitalización
EP00077,Solicitud de examen,2026-02-03 14:30:29,Dr_Emerge_01,Laboratorio,73,M,3,Emergencias,Hospitalización
EP00893,Consulta médica,2026-02-03 14:33:45,Dr_Emerge_03,,72,F,3,Emergencias,Alta
EP00486,Registro del paciente,2026-02-03 14:40:26,Admision_03,,7,M,2,Pediatría,Alta
EP00893,Tratamiento,2026-02-03 15:04:35,Enf_Emerge_04,,72,F,3,Emergencias,Alta
EP00486,Triage,2026-02-03 15:06:13,Enf_Triage_02,,7,M,2,Pediatría,Alta
EP00077,Realización de examen,2026-02-03 15:17:39,Laboratorio_Clinico,Laboratorio,73,M,3,Emergencias,Hospitalización
EP01073,Tratamiento,2026-02-03 15:21:47,Enf_Medici_01,,15,M,3,Medicina Interna,Hospitalización
EP01475,Registro del paciente,2026-02-03 15:30:28,Admision_03,,7,F,5,Pediatría,Alta
EP00486,Consulta médica,2026-02-03 15:30:52,Dr_Pediat_03,,7,M,2,Pediatría,Alta
EP01206,Registro del paciente,2026-02-03 15:41:38,Admision_02,,44,M,4,Emergencias,Alta
EP00077,Evaluación de resultados,2026-02-03 15:44:59,Dr_Emerge_01,Laboratorio,73,M,3,Emergencias,Hospitalización
EP00486,Tratamiento,2026-02-03 16:02:57,Enf_Pediat_03,,7,M,2,Pediatría,Alta
EP00077,Tratamiento,2026-02-03 16:18:25,Enf_Emerge_01,,73,M,3,Emergencias,Hospitalización
EP00893,Alta,2026-02-03 16:20:09,Dr_Emerge_03,,72,F,3,Emergencias,Alta
EP01475,Triage,2026-02-03 16:42:22,Enf_Triage_03,,7,F,5,Pediatría,Alta
EP01206,Triage,2026-02-03 16:49:17,Enf_Triage_02,,44,M,4,Emergencias,Alta
EP00486,Alta,2026-02-03 16:51:57,Dr_Pediat_03,,7,M,2,Pediatría,Alta
EP00517,Ingreso a hospitalización,2026-02-03 17:57:00,Gestion_Camas,,83,M,2,Emergencias,Hospitalización
EP01206,Consulta médica,2026-02-03 18:41:36,Dr_Emerge_02,,44,M,4,Emergencias,Alta
EP01491,Ingreso a hospitalización,2026-02-03 18:53:55,Gestion_Camas,,60,M,5,Emergencias,Hospitalización
EP01415,Realización de examen,2026-02-03 18:56:01,Imagenologia,Imagenología,57,F,5,Medicina Interna,Alta
EP01206,Tratamiento,2026-02-03 19:46:12,Enf_Emerge_01,,44,M,4,Emergencias,Alta
EP01120,Registro del paciente,2026-02-03 19:55:11,Admision_01,,86,M,2,Emergencias,Alta
EP01120,Triage,2026-02-03 20:19:20,Enf_Triage_03,,86,M,2,Emergencias,Alta
EP00679,Registro del paciente,2026-02-03 20:20:49,Admision_01,,38,F,3,Emergencias,Alta
EP01073,Ingreso a hospitalización,2026-02-03 20:23:04,Gestion_Camas,,15,M,3,Medicina Interna,Hospitalización
EP00191,Registro del paciente,2026-02-03 20:30:33,Admision_01,,42,F,1,Emergencias,Hospitalización
EP00191,Triage,2026-02-03 20:33:34,Enf_Triage_02,,42,F,1,Emergencias,Hospitalización
EP00191,Consulta médica,2026-02-03 20:36:37,Dr_Emerge_04,,42,F,1,Emergencias,Hospitalización
EP00679,Triage,2026-02-03 20:50:08,Enf_Triage_01,,38,F,3,Emergencias,Alta
EP01206,Alta,2026-02-03 20:52:06,Dr_Emerge_02,,44,M,4,Emergencias,Alta
EP01120,Consulta médica,2026-02-03 21:11:09,Dr_Emerge_02,,86,M,2,Emergencias,Alta
EP00191,Consulta médica,2026-02-03 21:27:26,Dr_Emerge_04,,42,F,1,Emergencias,Hospitalización
EP01415,Evaluación de resultados,2026-02-03 21:41:25,Dr_Medici_03,Imagenología,57,F,5,Medicina Interna,Alta
EP00191,Tratamiento,2026-02-03 21:59:08,Enf_Emerge_04,,42,F,1,Emergencias,Hospitalización
EP00679,Consulta médica,2026-02-03 21:59:27,Dr_Emerge_01,,38,F,3,Emergencias,Alta
EP01120,Tratamiento,2026-02-03 22:04:41,Enf_Emerge_02,,86,M,2,Emergencias,Alta
EP00679,Tratamiento,2026-02-03 22:22:49,Enf_Emerge_04,,38,F,3,Emergencias,Alta
EP01120,Alta,2026-02-03 23:20:13,Dr_Emerge_02,,86,M,2,Emergencias,Alta
EP00679,Alta,2026-02-03 23:41:02,Dr_Emerge_01,,38,F,3,Emergencias,Alta
EP01415,Consulta médica,2026-02-03 23:41:51,Dr_Medici_03,,57,F,5,Medicina Interna,Alta
EP00438,Registro del paciente,2026-02-04 00:05:33,Admision_01,,76,F,2,Traumatología,Hospitalización
EP00438,Triage,2026-02-04 00:19:38,Enf_Triage_03,,76,F,2,Traumatología,Hospitalización
EP01415,Tratamiento,2026-02-04 00:31:53,Enf_Medici_02,,57,F,5,Medicina Interna,Alta
EP00823,Registro del paciente,2026-02-04 00:49:02,Admision_01,,9,F,3,Pediatría,Alta
EP00438,Consulta médica,2026-02-04 01:11:09,Dr_Trauma_01,,76,F,2,Traumatología,Hospitalización
EP00438,Solicitud de examen,2026-02-04 01:22:42,Dr_Trauma_01,Imagenología,76,F,2,Traumatología,Hospitalización
EP00823,Triage,2026-02-04 01:36:44,Enf_Triage_03,,9,F,3,Pediatría,Alta
EP01415,Alta,2026-02-04 01:39:19,Dr_Medici_03,,57,F,5,Medicina Interna,Alta
EP00823,Consulta médica,2026-02-04 02:09:30,Dr_Pediat_01,,9,F,3,Pediatría,Alta
EP00823,Solicitud de examen,2026-02-04 02:17:14,Dr_Pediat_01,Imagenología,9,F,3,Pediatría,Alta
EP01475,Consulta médica,2026-02-04 02:41:32,Dr_Pediat_02,,7,F,5,Pediatría,Alta
EP01475,Tratamiento,2026-02-04 03:37:23,Enf_Pediat_02,,7,F,5,Pediatría,Alta
EP01475,Alta,2026-02-04 04:32:11,Dr_Pediat_02,,7,F,5,Pediatría,Alta
EP00438,Realización de examen,2026-02-04 06:21:10,Imagenologia,Imagenología,76,F,2,Traumatología,Hospitalización
EP00438,Evaluación de resultados,2026-02-04 07:05:03,Dr_Trauma_01,Imagenología,76,F,2,Traumatología,Hospitalización
EP00231,Registro del paciente,2026-02-04 08:28:51,Admision_01,,83,M,5,Emergencias,Alta
EP01168,Registro del paciente,2026-02-04 08:44:18,Admision_03,,53,F,3,Medicina Interna,Alta
EP01168,Triage,2026-02-04 09:06:06,Enf_Triage_02,,53,F,3,Medicina Interna,Alta
EP00438,Interconsulta especialista,2026-02-04 09:09:07,Especialista_03,,76,F,2,Traumatología,Hospitalización
EP00231,Triage,2026-02-04 09:09:14,Enf_Triage_01,,83,M,5,Emergencias,Alta
EP00715,Registro del paciente ,2026-02-04 09:19:48,Admision_03,,44,F,4,Emergencias,Alta
EP00438,Tratamiento,2026-02-04 09:33:53,Enf_Trauma_02,,76,F,2,Traumatología,Hospitalización
EP00715,Triage,2026-02-04 09:49:02,Enf_Triage_03,,44,F,4,Emergencias,Alta
EP00231,Consulta médica,2026-02-04 10:19:32,Dr_Emerge_02,,83,M,5,Emergencias,Alta
EP01468,Registro del paciente,2026-02-04 10:21:42,Admision_01,,46,M,3,Emergencias,Alta
EP00231,Solicitud de examen,2026-02-04 10:36:40,Dr_Emerge_02,Laboratorio,83,M,5,Emergencias,Alta
EP01468,Triage,2026-02-04 10:54:09,Enf_Triage_02,,46,M,3,Emergencias,Alta
EP01168,Consulta médica,2026-02-04 11:16:47,Dr_Medici_03,,53,F,3,Medicina Interna,Alta
EP01168,Solicitud de examen,2026-02-04 11:23:55,Dr_Medici_03,Laboratorio,53,F,3,Medicina Interna,Alta
EP00231,Realización de examen,2026-02-04 11:42:13,Laboratorio_Clinico,Laboratorio,83,M,5,Emergencias,Alta
EP00191,Ingreso a hospitalización,2026-02-04 11:45:01,Gestion_Camas,,42,F,1,Emergencias,Hospitalización
EP01168,Realización de examen,2026-02-04 12:32:29,Laboratorio_Clinico,Laboratorio,53,F,3,Medicina Interna,Alta
EP00231,Evaluación de resultados,2026-02-04 12:50:59,Dr_Emerge_02,Laboratorio,83,M,5,Emergencias,Alta
EP01168,Evaluación de resultados,2026-02-04 13:03:25,Dr_Medici_03,Laboratorio,53,F,3,Medicina Interna,Alta
EP00017,Registro del paciente,2026-02-04 13:13:16,Admision_01,,63,F,3,Medicina Interna,Alta
EP00438,Ingreso a hospitalización,2026-02-04 13:24:03,Gestion_Camas,,76,F,2,Traumatología,Hospitalización
EP00823,Realización de examen,2026-02-04 13:39:26,Imagenologia,Imagenología,9,F,3,Pediatría,Alta
EP01468,Consulta médica,2026-02-04 13:46:45,Dr_Emerge_04,,46,M,3,Emergencias,Alta
EP00017,Triage,2026-02-04 13:50:13,Enf_Triage_02,,63,F,3,Medicina Interna,Alta
EP01168,Tratamiento,2026-02-04 14:16:20,Enf_Medici_03,,53,F,3,Medicina Interna,Alta
EP00715,Consulta médica,2026-02-04 14:40:37,Dr_Emerge_03,,44,F,4,Emergencias,Alta
EP01468,Tratamiento,2026-02-04 14:46:47,Enf_Emerge_03,,46,M,3,Emergencias,Alta
EP00231,Consulta médica,2026-02-04 14:54:26,Dr_Emerge_02,,83,M,5,Emergencias,Alta
EP00715,Solicitud de examen,2026-02-04 14:54:56,Dr_Emerge_03,Imagenología,44,F,4,Emergencias,Alta
EP00823,Evaluación de resultados,2026-02-04 15:01:09,Dr_Pediat_01,Imagenología,9,F,3,Pediatría,Alta
EP00823,Solicitud de examen,2026-02-04 15:11:08,Dr_Pediat_01,Laboratorio,9,F,3,Pediatría,Alta
EP00231,Tratamiento,2026-02-04 15:32:57,Enf_Emerge_02,,83,M,5,Emergencias,Alta
EP00017,Consulta médica,2026-02-04 15:54:23,Dr_Medici_01,,63,F,3,Medicina Interna,Alta
EP00823,Realización de examen,2026-02-04 15:57:06,Laboratorio_Clinico,Laboratorio,9,F,3,Pediatría,Alta
EP00231,Alta,2026-02-04 16:04:25,Dr_Emerge_02,,83,M,5,Emergencias,Alta
EP00017,Solicitud de examen,2026-02-04 16:10:38,Dr_Medici_01,Laboratorio,63,F,3,Medicina Interna,Alta
EP01243,Registro del paciente,2026-02-04 16:13:37,Admision_01,,25,F,1,Medicina Interna,Alta
EP01243,Triage,2026-02-04 16:16:38,Enf_Triage_02,,25,F,1,Medicina Interna,Alta
EP00823,Evaluación de resultados,2026-02-04 16:23:50,Dr_Pediat_01,Laboratorio,9,F,3,Pediatría,Alta
EP01243,Consulta médica,2026-02-04 16:24:03,Dr_Medici_02,,25,F,1,Medicina Interna,Alta
EP01468,Alta,2026-02-04 16:37:21,Dr_Emerge_04,,46,M,3,Emergencias,Alta
EP00021,Registro del paciente,2026-02-04 16:38:56,Admision_02,,57,F,5,Emergencias,Alta
EP00017,Realización de examen,2026-02-04 16:43:08,Laboratorio_Clinico,Laboratorio,63,F,3,Medicina Interna,Alta
EP01168,Alta,2026-02-04 16:52:36,Dr_Medici_03,,53,F,3,Medicina Interna,Alta
EP00823,Tratamiento,2026-02-04 17:12:00,Enf_Pediat_04,,9,F,3,Pediatría,Alta
EP01243,Tratamiento,2026-02-04 17:19:19,Enf_Medici_01,,25,F,1,Medicina Interna,Alta
EP00017,Evaluación de resultados,2026-02-04 17:34:43,Dr_Medici_01,Laboratorio,63,F,3,Medicina Interna,Alta
EP00021,Triage,2026-02-04 17:40:42,Enf_Triage_01,,57,F,5,Emergencias,Alta
EP00823,Alta,2026-02-04 17:58:03,Dr_Pediat_01,,9,F,3,Pediatría,Alta
EP01243,Alta,2026-02-04 18:25:09,Dr_Medici_02,,25,F,1,Medicina Interna,Alta
EP00017,Tratamiento,2026-02-04 18:46:54,Enf_Medici_02,,63,F,3,Medicina Interna,Alta
EP00421,Registro del paciente,2026-02-04 19:08:21,Admision_02,,43,F,4,Emergencias,Alta
EP00715,Realización de examen,2026-02-04 19:20:25,Imagenologia,Imagenología,44,F,4,Emergencias,Alta
EP00017,Alta,2026-02-04 19:21:26,Dr_Medici_01,,63,F,3,Medicina Interna,Alta
EP00421,Triage,2026-02-04 19:39:55,Enf_Triage_01,,43,F,4,Emergencias,Alta
EP00715,Evaluación de resultados,2026-02-04 20:17:46,Dr_Emerge_03,Imagenología,44,F,4,Emergencias,Alta
EP00715,Tratamiento,2026-02-04 20:44:15,Enf_Emerge_04,,44,F,4,Emergencias,Alta
EP00021,Consulta médica,2026-02-04 21:02:45,Dr_Emerge_01,,57,F,5,Emergencias,Alta
EP00021,Solicitud de examen,2026-02-04 21:07:31,Dr_Emerge_01,Imagenología,57,F,5,Emergencias,Alta
EP00715,Alta,2026-02-04 21:27:48,Dr_Emerge_03,,44,F,4,Emergencias,Alta
EP00122,Registro del paciente,2026-02-04 22:42:57,Admision_01,,65,F,4,Traumatología,Alta
EP00122,Triage,2026-02-04 23:21:18,Enf_Triage_02,,65,F,4,Traumatología,Alta
EP00421,Consulta médica,2026-02-05 00:24:09,Dr_Emerge_04,,43,F,4,Emergencias,Alta
EP00421,Solicitud de examen,2026-02-05 00:48:42,Dr_Emerge_04,Laboratorio,43,F,4,Emergencias,Alta
EP00122,Consulta médica,2026-02-05 02:12:29,Dr_Trauma_01,,65,F,4,Traumatología,Alta
EP00122,Tratamiento,2026-02-05 02:48:50,Enf_Trauma_04,,65,F,4,Traumatología,Alta
EP00421,Realización de examen,2026-02-05 03:02:00,Laboratorio_Clinico,Laboratorio,43,F,4,Emergencias,Alta
EP00421,Evaluación de resultados,2026-02-05 03:17:05,Dr_Emerge_04,Laboratorio,43,F,4,Emergencias,Alta
EP00421,Tratamiento,2026-02-05 03:48:47,Enf_Emerge_01,,43,F,4,Emergencias,Alta
EP00421,Alta,2026-02-05 04:29:12,Dr_Emerge_04,,43,F,4,Emergencias,Alta
EP00122,Alta,2026-02-05 04:38:40,Dr_Trauma_01,,65,F,4,Traumatología,Alta
EP00021,Realización de examen,2026-02-05 06:17:55,Imagenologia,Imagenología,57,F,5,Emergencias,Alta
EP00021,Evaluación de resultados,2026-02-05 07:57:32,Dr_Emerge_01,Imagenología,57,F,5,Emergencias,Alta
EP00021,Solicitud de examen,2026-02-05 08:05:15,Dr_Emerge_01,Laboratorio,57,F,5,Emergencias,Alta
EP00021,Realización de examen,2026-02-05 08:35:14,Laboratorio_Clinico,Laboratorio,57,F,5,Emergencias,Alta
EP00021,Evaluación de resultados,2026-02-05 09:02:26,Dr_Emerge_01,Laboratorio,57,F,5,Emergencias,Alta
EP00021,Tratamiento,2026-02-05 10:08:08,Enf_Emerge_03,,57,F,5,Emergencias,Alta
EP00021,Alta,2026-02-05 10:24:30,Dr_Emerge_01,,57,F,5,Emergencias,Alta
EP00777,Registro del paciente,2026-02-05 11:19:29,Admision_01,,44,F,2,Traumatología,Hospitalización
EP00777,Triage,2026-02-05 11:34:47,Enf_Triage_01,,44,F,2,Traumatología,Hospitalización
EP00777,Consulta médica,2026-02-05 12:11:47,Dr_Trauma_04,,44,F,2,Traumatología,Hospitalización
EP00777,Solicitud de examen,2026-02-05 12:24:48,Dr_Trauma_04,Imagenología,44,F,2,Traumatología,Hospitalización
EP00777,Realización de examen,2026-02-05 13:52:46,Imagenologia,Imagenología,44,F,2,Traumatología,Hospitalización
EP00777,Evaluación de resultados,2026-02-05 15:33:41,Dr_Trauma_04,Imagenología,44,F,2,Traumatología,Hospitalización
EP00777,Tratamiento,2026-02-05 16:22:53,Enf_Trauma_01,,44,F,2,Traumatología,Hospitalización
EP00621,Registro del paciente,2026-02-05 17:56:02,Admision_02,,49,F,5,Emergencias,Alta
EP00621,Triage,2026-02-05 18:23:58,Enf_Triage_02,,49,F,5,Emergencias,Alta
EP01312,Registro del paciente,2026-02-05 19:06:37,Admision_03,,41,F,2,Emergencias,Alta
EP00379,Registro del paciente,2026-02-05 19:12:02,Admision_01,,46,F,1,Emergencias,Alta
EP00379,Triage,2026-02-05 19:15:03,Enf_Triage_03,,46,F,1,Emergencias,Alta
EP00379,Consulta médica,2026-02-05 19:18:14,Dr_Emerge_02,,46,F,1,Emergencias,Alta
EP00379,Solicitud de examen,2026-02-05 19:27:14,Dr_Emerge_02,Laboratorio,46,F,1,Emergencias,Alta
EP01312,Triage,2026-02-05 19:49:49,Enf_Triage_02,,41,F,2,Emergencias,Alta
EP00379,Realizacion de examen,2026-02-05 20:28:57,Laboratorio_Clinico,Laboratorio,46,F,1,Emergencias,Alta
EP00777,Ingreso a hospitalización,2026-02-05 20:34:45,Gestion_Camas,,44,F,2,Traumatología,Hospitalización
EP01312,Consulta médica,2026-02-05 20:48:51,Dr_Emerge_04,,41,F,2,Emergencias,Alta
EP01312,Tratamiento,2026-02-05 21:14:46,Enf_Emerge_02,,41,F,2,Emergencias,Alta
EP00379,Evaluación de resultados,2026-02-05 21:46:48,Dr_Emerge_02,Laboratorio,46,F,1,Emergencias,Alta
EP00379,Tratamiento,2026-02-05 22:15:27,Enf_Emerge_02,,46,F,1,Emergencias,Alta
EP00379,Alta,2026-02-05 22:52:25,Dr_Emerge_02,,46,F,1,Emergencias,Alta
EP01312,Alta,2026-02-05 23:10:52,Dr_Emerge_04,,41,F,2,Emergencias,Alta
EP00621,Consulta médica,2026-02-06 00:10:26,Dr_Emerge_02,,49,F,5,Emergencias,Alta
EP00621,Solicitud de examen,2026-02-06 00:18:46,Dr_Emerge_02,Laboratorio,49,F,5,Emergencias,Alta
EP00621,Realización de examen,2026-02-06 00:57:52,Laboratorio_Clinico,Laboratorio,49,F,5,Emergencias,Alta
EP00621,Evaluación de resultados,2026-02-06 01:23:43,Dr_Emerge_02,Laboratorio,49,F,5,Emergencias,Alta
EP00621,Tratamiento,2026-02-06 02:04:05,Enf_Emerge_04,,49,F,5,Emergencias,Alta
EP00621,Alta,2026-02-06 04:06:55,Dr_Emerge_02,,49,F,5,Emergencias,Alta
EP00459,Registro del paciente,2026-02-06 14:38:49,Admision_01,,37,F,5,Emergencias,Alta
EP00459,Triage,2026-02-06 15:30:49,Enf_Triage_01,,37,F,5,Emergencias,Alta
EP01078,Registro del paciente,2026-02-06 17:23:51,Admision_02,,39,F,4,Emergencias,Alta
EP01078,Triage,2026-02-06 18:13:12,Enf_Triage_03,,39,F,4,Emergencias,Alta
EP01199,Registro del paciente,2026-02-06 18:17:46,Admision_01,,69,F,3,Traumatología,Alta
EP01199,Triage,2026-02-06 18:45:33,Enf_Triage_02,,69,F,3,Traumatología,Alta
EP01199,Consulta médica,2026-02-06 20:12:57,Dr_Trauma_01,,69,F,3,Traumatología,Alta
EP00077,Ingreso a hospitalización,2026-02-06 21:14:38,Gestion_Camas,,73,M,3,Emergencias,Hospitalización
EP00287,Registro del paciente,2026-02-06 21:34:50,Admision_01,,38,F,4,Emergencias,Alta
EP00287,Triage,2026-02-06 22:20:44,Enf_Triage_03,,38,F,4,Emergencias,Alta
EP00459,Consulta médica,2026-02-06 22:39:32,Dr_Emerge_03,,37,F,5,Emergencias,Alta
EP00459,Tratamiento,2026-02-06 23:27:40,Enf_Emerge_03,,37,F,5,Emergencias,Alta
EP00459,Alta,2026-02-07 00:15:12,Dr_Emerge_03,,37,F,5,Emergencias,Alta
EP01078,Consulta médica,2026-02-07 00:56:27,Dr_Emerge_04,,39,F,4,Emergencias,Alta
EP00287,Consulta médica,2026-02-07 01:43:38,Dr_Emerge_02,,38,F,4,Emergencias,Alta
EP01078,Tratamiento,2026-02-07 02:03:47,Enf_Emerge_02,,39,F,4,Emergencias,Alta
EP01199,Interconsulta especialista,2026-02-07 02:34:02,Especialista_05,,69,F,3,Traumatología,Alta
EP01078,Alta,2026-02-07 02:37:44,Dr_Emerge_04,,39,F,4,Emergencias,Alta
EP01199,Tratamiento,2026-02-07 03:16:54,Enf_Trauma_03,,69,F,3,Traumatología,Alta
EP01199,Alta,2026-02-07 03:59:11,Dr_Trauma_01,,69,F,3,Traumatología,Alta
EP00212,Registro del paciente,2026-02-07 05:11:10,Admision_03,,3,F,3,Pediatría,Alta
EP00212,Triage,2026-02-07 05:48:03,Enf_Triage_01,,3,F,3,Pediatría,Alta
EP00287,Interconsulta especialista,2026-02-07 07:48:15,Especialista_02,,38,F,4,Emergencias,Alta
EP00212,Consulta médica,2026-02-07 08:03:50,Dr_Pediat_01,,3,F,3,Pediatría,Alta
EP00569,Registro del paciente,2026-02-07 08:12:33,Admision_01,,45,F,2,Emergencias,Alta
EP00287,Tratamiento,2026-02-07 08:22:47,Enf_Emerge_04,,38,F,4,Emergencias,Alta
EP00569,Triage,2026-02-07 08:25:35,Enf_Triage_02,,45,F,2,Emergencias,Alta
EP00212,Tratamiento,2026-02-07 08:45:52,Enf_Pediat_04,,3,F,3,Pediatría,Alta
EP00569,Consulta médica,2026-02-07 08:58:09,Dr_Emerge_04,,45,F,2,Emergencias,Alta
EP00287,Alta,2026-02-07 09:26:51,Dr_Emerge_02,,38,F,4,Emergencias,Alta
EP00569,Tratamiento,2026-02-07 09:48:33,Enf_Emerge_01,,45,F,2,Emergencias,Alta
EP00212,Alta,2026-02-07 09:54:57,Dr_Pediat_01,,3,F,3,Pediatría,Alta
EP00569,Alta,2026-02-07 10:33:51,Dr_Emerge_04,,45,F,2,Emergencias,Alta
EP00806,Registro del paciente,2026-02-07 11:56:16,Admision_03,,83,F,3,Emergencias,Alta
EP00806,Triage,2026-02-07 12:24:39,Enf_Triage_03,,83,F,3,Emergencias,Alta
EP00182,Registro del paciente,2026-02-07 12:45:53,Admision_03,,23,M,5,Emergencias,Alta
EP00182,Triage,2026-02-07 13:20:20,Enf_Triage_02,,23,M,5,Emergencias,Alta
EP00806,Consulta médica,2026-02-07 13:21:42,Dr_Emerge_03,,83,F,3,Emergencias,Alta
EP00669,Registro del paciente,2026-02-07 13:32:35,Admision_02,,49,M,3,Traumatología,Alta
EP00669,Triage,2026-02-07 13:55:20,Enf_Triage_03,,49,M,3,Traumatología,Alta
EP00806,Tratamiento,2026-02-07 14:11:20,Enf_Emerge_02,,83,F,3,Emergencias,Alta
EP00806,Alta,2026-02-07 14:42:54,Dr_Emerge_03,,83,F,3,Emergencias,Alta
EP00669,Consulta médica,2026-02-07 14:51:29,Dr_Trauma_02,,49,M,3,Traumatología,Alta
EP00789,Registro del paciente,2026-02-07 14:54:06,Admision_02,,37,F,3,Medicina Interna,Alta
EP00669,Solicitud de examen,2026-02-07 15:07:30,Dr_Trauma_02,Imagenología,49,M,3,Traumatología,Alta
EP00789,Triage,2026-02-07 16:04:10,Enf_Triage_01,,37,F,3,Medicina Interna,Alta
EP00182,Consulta médica,2026-02-07 16:27:27,Dr_Emerge_04,,23,M,5,Emergencias,Alta
EP00182,Solicitud de examen,2026-02-07 16:34:57,Dr_Emerge_04,Imagenología,23,M,5,Emergencias,Alta
EP00789,Consulta médica,2026-02-07 16:57:58,Dr_Medici_01,,37,F,3,Medicina Interna,Alta
EP00789,Tratamiento,2026-02-07 18:20:39,Enf_Medici_01,,37,F,3,Medicina Interna,Alta
EP00788,Registro del paciente,2026-02-07 18:32:45,Admision_02,,66,F,3,Medicina Interna,Alta
EP01016,Registro del paciente,2026-02-07 18:36:34,Admision_02,,17,F,5,Traumatología,Alta
EP00788,Triage,2026-02-07 18:57:24,Enf_Triage_02,,66,F,3,Medicina Interna,Alta
EP00405,Registro del paciente,2026-02-07 19:04:53,Admision_03,,30,M,4,Emergencias,Alta
EP01016,Triage,2026-02-07 19:06:03,Enf_Triage_02,,17,F,5,Traumatología,Alta
EP00405,Triage,2026-02-07 19:48:32,Enf_Triage_01,,30,M,4,Emergencias,Alta
EP00789,Alta,2026-02-07 20:09:46,Dr_Medici_01,,37,F,3,Medicina Interna,Alta
EP00788,Consulta médica,2026-02-07 20:40:36,Dr_Medici_02,,66,F,3,Medicina Interna,Alta
EP00788,Solicitud de examen,2026-02-07 20:59:15,Dr_Medici_02,Laboratorio,66,F,3,Medicina Interna,Alta
EP00788,Realización de examen,2026-02-07 21:50:47,Laboratorio_Clinico,Laboratorio,66,F,3,Medicina Interna,Alta
EP00405,Consulta médica,2026-02-07 21:52:29,Dr_Emerge_04,,30,M,4,Emergencias,Alta
EP00405,Solicitud de examen,2026-02-07 22:00:52,Dr_Emerge_04,Imagenología,30,M,4,Emergencias,Alta
EP00788,Evaluación de resultados,2026-02-07 22:36:38,Dr_Medici_02,Laboratorio,66,F,3,Medicina Interna,Alta
EP00669,Realización de examen,2026-02-07 23:19:50,Imagenologia,Imagenología,49,M,3,Traumatología,Alta
EP01016,Consulta médica,2026-02-08 00:43:58,Dr_Trauma_01,,17,F,5,Traumatología,Alta
EP00788,Consulta médica,2026-02-08 01:06:30,Dr_Medici_02,,66,F,3,Medicina Interna,Alta
EP00669,Evaluación de resultados,2026-02-08 01:10:09,Dr_Trauma_02,Imagenología,49,M,3,Traumatología,Alta
EP01016,Tratamiento,2026-02-08 01:16:23,Enf_Trauma_02,,17,F,5,Traumatología,Alta
EP00120,Registro del paciente,2026-02-08 01:31:04,Admision_02,,63,F,3,Traumatología,Alta
EP00405,Realización de examen,2026-02-08 01:39:16,Imagenologia,Imagenología,30,M,4,Emergencias,Alta
EP00788,Tratamiento,2026-02-08 01:43:01,Enf_Medici_04,,66,F,3,Medicina Interna,Alta
EP00669,Tratamiento,2026-02-08 01:46:07,Enf_Trauma_04,,49,M,3,Traumatología,Alta
EP00788,Alta,2026-02-08 02:22:40,Dr_Medici_02,,66,F,3,Medicina Interna,Alta
EP00120,Triage,2026-02-08 02:23:51,Enf_Triage_03,,63,F,3,Traumatología,Alta
EP01016,Alta,2026-02-08 02:39:48,Dr_Trauma_01,,17,F,5,Traumatología,Alta
EP00669,Alta,2026-02-08 03:08:54,Dr_Trauma_02,,49,M,3,Traumatología,Alta
EP00405,Evaluación de resultados,2026-02-08 03:31:35,Dr_Emerge_04,Imagenología,30,M,4,Emergencias,Alta
EP00120,Consulta médica,2026-02-08 03:43:08,Dr_Trauma_01,,63,F,3,Traumatología,Alta
EP00120,Solicitud de examen,2026-02-08 03:49:49,Dr_Trauma_01,Imagenología,63,F,3,Traumatología,Alta
EP00405,Interconsulta especialista,2026-02-08 07:26:18,Especialista_01,,30,M,4,Emergencias,Alta
EP00405,Tratamiento,2026-02-08 07:48:46,Enf_Emerge_02,,30,M,4,Emergencias,Alta
EP00405,Alta,2026-02-08 08:15:35,Dr_Emerge_04,,30,M,4,Emergencias,Alta
EP00058,Registro del paciente,2026-02-08 08:52:48,Admision_03,,67,F,4,Emergencias,Alta
EP00058,Triage,2026-02-08 10:07:55,Enf_Triage_02,,67,F,4,Emergencias,Alta
EP00058,Consulta médica,2026-02-08 11:45:45,Dr_Emerge_02,,67,F,4,Emergencias,Alta
EP00058,Solicitud de examen,2026-02-08 11:58:29,Dr_Emerge_02,Laboratorio,67,F,4,Emergencias,Alta
EP00058,Realización de examen,2026-02-08 12:43:11,Laboratorio_Clinico,Laboratorio,67,F,4,Emergencias,Alta
EP01381,Registro del paciente,2026-02-08 13:07:53,Admision_02,,66,F,2,Emergencias,Hospitalización
EP01381,Triage,2026-02-08 13:27:06,Enf_Triage_02,,66,F,2,Emergencias,Hospitalización
EP00058,Evaluación de resultados,2026-02-08 13:52:12,Dr_Emerge_02,Laboratorio,67,F,4,Emergencias,Alta
EP00058,Solicitud de examen,2026-02-08 13:59:55,Dr_Emerge_02,Laboratorio,67,F,4,Emergencias,Alta
EP01381,Consulta médica,2026-02-08 14:20:07,Dr_Emerge_03,,66,F,2,Emergencias,Hospitalización
EP01381,Consulta médica,2026-02-08 14:20:07,Dr_Emerge_03,,66,F,2,Emergencias,Hospitalización
EP01381,Solicitud de examen,2026-02-08 14:35:45,Dr_Emerge_03,Imagenología,66,F,2,Emergencias,Hospitalización
EP00058,realización de examen,2026-02-08 15:51:55,Laboratorio_Clinico,Laboratorio,67,F,4,Emergencias,Alta
EP00058,Evaluación de resultados,2026-02-08 16:14:37,Dr_Emerge_02,Laboratorio,67,F,4,Emergencias,Alta
EP00182,Realización de examen,2026-02-08 17:18:27,Imagenologia,Imagenología,23,M,5,Emergencias,Alta
EP00058,Tratamiento,2026-02-08 17:23:19,Enf_Emerge_03,,67,F,4,Emergencias,Alta
EP00182,Evaluación de resultados,2026-02-08 18:14:59,Dr_Emerge_04,Imagenología,23,M,5,Emergencias,Alta
EP00058,Alta,2026-02-08 18:24:57,Dr_Emerge_02,,67,F,4,Emergencias,Alta
EP00026,Registro del paciente,2026-02-08 18:41:25,Admision_03,,79,M,3,Emergencias,Alta
EP00026,Triage,2026-02-08 19:15:54,Enf_Triage_03,,79,M,3,Emergencias,Alta
EP00182,Tratamiento,2026-02-08 19:25:23,Enf_Emerge_03,,23,M,5,Emergencias,Alta
EP01353,Registro del paciente,2026-02-08 20:04:39,Admision_03,,34,M,5,Traumatología,Alta
EP00182,Alta,2026-02-08 20:09:14,Dr_Emerge_04,,23,M,5,Emergencias,Alta
EP01381,Realización de examen,2026-02-08 20:26:16,Imagenologia,Imagenología,66,F,2,Emergencias,Hospitalización
EP01353,Triage,2026-02-08 20:48:50,Enf_Triage_02,,34,M,5,Traumatología,Alta
EP00026,consulta médica,2026-02-08 21:02:40,Dr_Emerge_02,,79,M,3,Emergencias,Alta
EP00026,Tratamiento,2026-02-08 21:56:54,Enf_Emerge_02,,79,M,3,Emergencias,Alta
EP00120,Realización de examen,2026-02-08 22:38:01,Imagenologia,Imagenología,63,F,3,Traumatología,Alta
EP00026,Alta,2026-02-08 22:46:19,Dr_Emerge_02,,79,M,3,Emergencias,Alta
EP01381,Evaluación de resultados,2026-02-08 22:58:23,Dr_Emerge_03,Imagenología,66,F,2,Emergencias,Hospitalización
EP01381,Solicitud de examen,2026-02-08 23:10:46,Dr_Emerge_03,Laboratorio,66,F,2,Emergencias,Hospitalización
EP00120,Evaluación de resultados,2026-02-09 00:03:20,Dr_Trauma_01,Imagenología,63,F,3,Traumatología,Alta
EP01353,Consulta médica,2026-02-09 00:13:42,Dr_Trauma_04,,34,M,5,Traumatología,Alta
EP01381,Realización de examen,2026-02-09 00:23:02,Laboratorio_Clinico,Laboratorio,66,F,2,Emergencias,Hospitalización
EP01381,Evaluación de resultados,2026-02-09 00:39:55,Dr_Emerge_03,Laboratorio,66,F,2,Emergencias,Hospitalización
EP01353,Tratamiento,2026-02-09 00:40:00,Enf_Trauma_02,,34,M,5,Traumatología,Alta
EP00120,Tratamiento,2026-02-09 01:01:06,Enf_Trauma_02,,63,F,3,Traumatología,Alta
EP01409,Registro del paciente,2026-02-09 01:30:09,Admision_03,,60,F,5,Emergencias,Hospitalización
EP01381,Tratamiento,2026-02-09 01:31:22,Enf_Emerge_04,,66,F,2,Emergencias,Hospitalización
EP00120,Alta,2026-02-09 01:51:56,Dr_Trauma_01,,63,F,3,Traumatología,Alta
EP01409,Triage,2026-02-09 02:14:39,Enf_Triage_02,,60,F,5,Emergencias,Hospitalización
EP01353,Alta,2026-02-09 02:22:05,Dr_Trauma_04,,34,M,5,Traumatología,Alta
EP01409,Consulta médica,2026-02-09 05:27:24,Dr_Emerge_03,,60,F,5,Emergencias,Hospitalización
EP01409,Solicitud de examen,2026-02-09 05:36:03,Dr_Emerge_03,Laboratorio,60,F,5,Emergencias,Hospitalización
EP01409,Realización de examen,2026-02-09 06:27:40,Laboratorio_Clinico,Laboratorio,60,F,5,Emergencias,Hospitalización
EP01409,Evaluación de resultados,2026-02-09 06:58:57,Dr_Emerge_03,Laboratorio,60,F,5,Emergencias,Hospitalización
EP01409,Solicitud de examen,2026-02-09 07:13:51,Dr_Emerge_03,Laboratorio,60,F,5,Emergencias,Hospitalización
EP01409,Realización de examen,2026-02-09 08:34:29,Laboratorio_Clinico,Laboratorio,60,F,5,Emergencias,Hospitalización
EP01409,Evaluación de resultados,2026-02-09 09:34:46,Dr_Emerge_03,Laboratorio,60,F,5,Emergencias,Hospitalización
EP00545,Registro del paciente,2026-02-09 10:14:26,Admision_02,,6,M,3,Pediatría,Alta
EP01409,Tratamiento,2026-02-09 10:35:32,Enf_Emerge_04,,60,F,5,Emergencias,Hospitalización
EP00545,Triage,2026-02-09 10:43:38,Enf_Triage_01,,6,M,3,Pediatría,Alta
EP01132,Registro del paciente,2026-02-09 11:30:09,Admision_01,,69,M,2,Emergencias,Alta
EP00563,Registro del paciente,2026-02-09 11:57:29,Admision_02,,12,F,2,Pediatría,Alta
EP00545,Consulta médica,2026-02-09 12:01:56,Dr_Pediat_02,,6,M,3,Pediatría,Alta
EP00563,Triage,2026-02-09 12:23:33,Enf_Triage_03,,12,F,2,Pediatría,Alta
EP01132,Triage,2026-02-09 12:30:19,Enf_Triage_03,,69,M,2,Emergencias,Alta
EP01488,Registro del paciente,2026-02-09 13:01:34,Admision_01,,68,M,3,Emergencias,Alta
EP01132,Consulta médica,2026-02-09 13:03:31,Dr_Emerge_03,,69,M,2,Emergencias,Alta
EP00563,Consulta médica,2026-02-09 13:04:59,Dr_Pediat_03,,12,F,2,Pediatría,Alta
EP00563,Solicitud de examen,2026-02-09 13:19:44,Dr_Pediat_03,Imagenología,12,F,2,Pediatría,Alta
EP01488,Triage,2026-02-09 13:23:07,Enf_Triage_02,,68,M,3,Emergencias,Alta
EP00545,Tratamiento,2026-02-09 13:24:26,Enf_Pediat_01,,6,M,3,Pediatría,Alta
EP01409,Ingreso a hospitalización,2026-02-09 13:47:42,Gestion_Camas,,60,F,5,Emergencias,Hospitalización
EP01488,Consulta médica,2026-02-09 14:15:40,Dr_Emerge_01,,68,M,3,Emergencias,Alta
EP00545,Alta,2026-02-09 14:27:20,Dr_Pediat_02,,6,M,3,Pediatría,Alta
EP01132,Consulta médica,2026-02-09 14:30:26,Dr_Emerge_03,,69,M,2,Emergencias,Alta
EP01488,Tratamiento,2026-02-09 15:30:07,Enf_Emerge_04,,68,M,3,Emergencias,Alta
EP01488,Alta,2026-02-09 16:00:27,Dr_Emerge_01,,68,M,3,Emergencias,Alta
EP01381,Ingreso a hospitalización,2026-02-09 16:06:08,Gestion_Camas,,66,F,2,Emergencias,Hospitalización
EP01470,Registro del paciente,2026-02-09 18:14:17,Admision_03,,7,M,4,Pediatría,Alta
EP00085,Registro del paciente,2026-02-09 18:50:07,Admision_01,,8,F,5,Pediatría,Alta
EP01470,Triage,2026-02-09 19:15:50,Enf_Triage_02,,7,M,4,Pediatría,Alta
EP00085,Triage,2026-02-09 19:16:26,Enf_Triage_01,,8,F,5,Pediatría,Alta
EP00563,Realización de examen,2026-02-09 19:41:45,Imagenologia,Imagenología,12,F,2,Pediatría,Alta
EP00219,Registro del paciente,2026-02-09 19:53:43,Admision_02,,0,F,3,Pediatría,Alta
EP00219,Triage,2026-02-09 20:36:48,Enf_Triage_01,,0,F,3,Pediatría,Alta
EP00563,Evaluación de resultados,2026-02-09 20:48:01,Dr_Pediat_03,Imagenología,12,F,2,Pediatría,Alta
EP00085,Consulta médica,2026-02-09 21:43:27,Dr_Pediat_01,,8,F,5,Pediatría,Alta
EP00045,Registro del paciente,2026-02-09 21:43:59,Admision_02,,60,M,3,Emergencias,Alta
EP00219,Consulta médica,2026-02-09 21:47:27,Dr_Pediat_01,,0,F,3,Pediatría,Alta
EP00085,Solicitud de examen,2026-02-09 21:48:28,Dr_Pediat_01,Laboratorio,8,F,5,Pediatría,Alta
EP00219,Solicitud de examen,2026-02-09 22:02:24,Dr_Pediat_01,Laboratorio,0,F,3,Pediatría,Alta
EP00045,Triage,2026-02-09 22:08:12,Enf_Triage_03,,60,M,3,Emergencias,Alta
EP01470,Consulta médica,2026-02-09 22:40:46,Dr_Pediat_04,,7,M,4,Pediatría,Alta
EP00219,Realización de examen,2026-02-09 22:46:09,Laboratorio_Clinico,Laboratorio,0,F,3,Pediatría,Alta
EP00085,Realización de examen,2026-02-09 22:46:19,Laboratorio_Clinico,Laboratorio,8,F,5,Pediatría,Alta
EP01470,Tratamiento,2026-02-09 23:01:15,Enf_Pediat_04,,7,M,4,Pediatría,Alta
EP01132,Interconsulta especialista,2026-02-09 23:32:35,Especialista_03,,69,M,2,Emergencias,Alta
EP00219,Evaluación de resultados,2026-02-09 23:38:44,Dr_Pediat_01,Laboratorio,0,F,3,Pediatría,Alta
EP00085,Evaluación de resultados,2026-02-09 23:43:37,Dr_Pediat_01,Laboratorio,8,F,5,Pediatría,Alta
EP00045,Consulta médica,2026-02-09 23:46:22,Dr_Emerge_04,,60,M,3,Emergencias,Alta
EP00219,Tratamiento,2026-02-10 00:20:57,Enf_Pediat_03,,0,F,3,Pediatría,Alta
EP00085,Tratamiento,2026-02-10 00:23:37,Enf_Pediat_03,,8,F,5,Pediatría,Alta
EP00045,Tratamiento,2026-02-10 00:41:48,Enf_Emerge_04,,60,M,3,Emergencias,Alta
EP01132,Tratamiento,2026-02-10 00:46:18,Enf_Emerge_04,,69,M,2,Emergencias,Alta
EP00219,Alta,2026-02-10 00:55:22,Dr_Pediat_01,,0,F,3,Pediatría,Alta
EP01470,Alta,2026-02-10 01:01:19,Dr_Pediat_04,,7,M,4,Pediatría,Alta
EP00563,Interconsulta especialista,2026-02-10 01:18:34,Especialista_04,,12,F,2,Pediatría,Alta
EP01132,Alta,2026-02-10 01:32:22,Dr_Emerge_03,,69,M,2,Emergencias,Alta
EP00045,Alta,2026-02-10 01:40:38,Dr_Emerge_04,,60,M,3,Emergencias,Alta
EP00563,Tratamiento,2026-02-10 01:44:37,Enf_Pediat_02,,12,F,2,Pediatría,Alta
EP00085,Alta,2026-02-10 02:09:36,Dr_Pediat_01,,8,F,5,Pediatría,Alta
EP00563,Alta,2026-02-10 02:19:54,Dr_Pediat_03,,12,F,2,Pediatría,Alta
EP00980,Registro del paciente,2026-02-10 02:23:44,Admision_03,,81,M,5,Traumatología,Alta
EP00980,Triage,2026-02-10 02:55:57,Enf_Triage_02,,81,M,5,Traumatología,Alta
EP00980,Consulta médica,2026-02-10 08:20:21,Dr_Trauma_04,,81,M,5,Traumatología,Alta
EP00980,Consulta médica,2026-02-10 10:36:01,Dr_Trauma_04,,81,M,5,Traumatología,Alta
EP00980,Tratamiento,2026-02-10 11:04:24,Enf_Trauma_04,,81,M,5,Traumatología,Alta
EP01222,Registro del paciente,2026-02-10 11:11:40,Admision_03,,48,M,5,Medicina Interna,Alta
EP01222,Triage,2026-02-10 12:37:45,Enf_Triage_03,,48,M,5,Medicina Interna,Alta
EP00980,Alta,2026-02-10 12:56:46,Dr_Trauma_04,,81,M,5,Traumatología,Alta
EP00097,Registro del paciente,2026-02-10 16:04:17,Admision_02,,65,M,4,Medicina Interna,Hospitalización
EP00102,Registro del paciente,2026-02-10 16:07:35,Admision_03,,32,M,4,Medicina Interna,Alta
EP00097,Triage,2026-02-10 16:28:48,Enf_Triage_01,,65,M,4,Medicina Interna,Hospitalización
EP00531,Registro del paciente,2026-02-10 16:51:11,Admision_02,,6,F,2,Pediatría,Alta
EP00102,Triage,2026-02-10 17:01:27,Enf_Triage_02,,32,M,4,Medicina Interna,Alta
EP00531,Triage,2026-02-10 17:17:17,Enf_Triage_01,,6,F,2,Pediatría,Alta
EP00531,Consulta médica,2026-02-10 18:03:40,Dr_Pediat_04,,6,F,2,Pediatría,Alta
EP00531,Tratamiento,2026-02-10 18:31:58,Enf_Pediat_03,,6,F,2,Pediatría,Alta
EP01400,Registro del paciente,2026-02-10 18:34:01,Admision_03,,40,M,3,Emergencias,Alta
EP01222,Consulta médica,2026-02-10 18:36:46,Dr_Medici_04,,48,M,5,Medicina Interna,Alta
EP00097,Consulta médica,2026-02-10 18:37:43,Dr_Medici_02,,65,M,4,Medicina Interna,Hospitalización
EP00897,Registro del paciente,2026-02-10 18:56:49,Admision_01,,48,M,4,Medicina Interna,Alta
EP00097,Solicitud de examen ,2026-02-10 18:59:15,Dr_Medici_02,Imagenología,65,M,4,Medicina Interna,Hospitalización
EP01222,Solicitud de examen,2026-02-10 19:02:50,Dr_Medici_04,Laboratorio,48,M,5,Medicina Interna,Alta
EP01400,Triage,2026-02-10 19:07:43,Enf_Triage_03,,40,M,3,Emergencias,Alta
EP00897,Triage,2026-02-10 19:17:52,Enf_Triage_01,,48,M,4,Medicina Interna,Alta
EP01222,Realización de examen,2026-02-10 19:40:14,Laboratorio_Clinico,Laboratorio,48,M,5,Medicina Interna,Alta
EP00531,Alta,2026-02-10 19:48:40,Dr_Pediat_04,,6,F,2,Pediatría,Alta
EP01222,Evaluacion de resultados,2026-02-10 20:03:52,Dr_Medici_04,Laboratorio,48,M,5,Medicina Interna,Alta
EP01222,Solicitud de examen,2026-02-10 20:08:43,Dr_Medici_04,Imagenología,48,M,5,Medicina Interna,Alta
EP00097,Realización de examen,2026-02-10 20:43:25,Imagenologia,Imagenología,65,M,4,Medicina Interna,Hospitalización
EP01400,Consulta médica,2026-02-10 21:35:44,Dr_Emerge_04,,40,M,3,Emergencias,Alta
EP00097,Evaluación de resultados,2026-02-10 21:54:08,Dr_Medici_02,Imagenología,65,M,4,Medicina Interna,Hospitalización
EP01400,Solicitud de examen,2026-02-10 21:57:18,Dr_Emerge_04,Imagenología,40,M,3,Emergencias,Alta
EP00897,Consulta médica,2026-02-10 22:05:19,Dr_Medici_02,,48,M,4,Medicina Interna,Alta
EP00102,Consulta médica,2026-02-10 22:08:11,Dr_Medici_01,,32,M,4,Medicina Interna,Alta
EP00897,Solicitud de examen,2026-02-10 22:14:11,Dr_Medici_02,Laboratorio,48,M,4,Medicina Interna,Alta
EP00102,Solicitud de examen,2026-02-10 22:29:15,Dr_Medici_01,Laboratorio,32,M,4,Medicina Interna,Alta
EP00097,Tratamiento,2026-02-10 22:55:26,Enf_Medici_01,,65,M,4,Medicina Interna,Hospitalización
EP00102,Realización de examen,2026-02-10 23:09:08,Laboratorio_Clinico,Laboratorio,32,M,4,Medicina Interna,Alta
EP00897,Realización de examen,2026-02-10 23:10:26,Laboratorio_Clinico,Laboratorio,48,M,4,Medicina Interna,Alta
EP00102,Evaluación de resultados,2026-02-11 00:05:54,Dr_Medici_01,Laboratorio,32,M,4,Medicina Interna,Alta
EP00897,Evaluación de resultados,2026-02-11 00:09:46,Dr_Medici_02,Laboratorio,48,M,4,Medicina Interna,Alta
EP01222,Realización de examen,2026-02-11 00:24:50,Imagenologia,Imagenología,48,M,5,Medicina Interna,Alta
EP00897,Tratamiento,2026-02-11 01:02:33,Enf_Medici_03,,48,M,4,Medicina Interna,Alta
EP01222,Evaluación de resultados,2026-02-11 01:43:24,Dr_Medici_04,Imagenología,48,M,5,Medicina Interna,Alta
EP00102,Consulta médica,2026-02-11 02:02:24,Dr_Medici_01,,32,M,4,Medicina Interna,Alta
EP00116,Registro del paciente,2026-02-11 02:53:42,Admision_01,,13,M,1,Pediatría,Alta
EP01222,Tratamiento,2026-02-11 02:56:37,Enf_Medici_04,,48,M,5,Medicina Interna,Alta
EP00116,Triage,2026-02-11 02:56:43,Enf_Triage_03,,13,M,1,Pediatría,Alta
EP00102,Tratamiento,2026-02-11 03:00:33,Enf_Medici_04,,32,M,4,Medicina Interna,Alta
EP00116,Consulta médica,2026-02-11 03:01:16,Dr_Pediat_03,,13,M,1,Pediatría,Alta
EP00897,Alta,2026-02-11 03:40:05,Dr_Medici_02,,48,M,4,Medicina Interna,Alta
EP00102,Alta,2026-02-11 04:05:42,Dr_Medici_01,,32,M,4,Medicina Interna,Alta
EP00116,Tratamiento,2026-02-11 04:08:09,Enf_Pediat_04,,13,M,1,Pediatría,Alta
EP01222,Alta,2026-02-11 05:18:10,Dr_Medici_04,,48,M,5,Medicina Interna,Alta
EP00116,Alta,2026-02-11 06:28:14,Dr_Pediat_03,,13,M,1,Pediatría,Alta
EP00005,Registro del paciente,2026-02-11 06:47:29,Admision_01,,92,F,2,Emergencias,Hospitalización
EP00005,Triage,2026-02-11 07:01:21,Enf_Triage_01,,92,F,2,Emergencias,Hospitalización
EP01400,Realización de examen,2026-02-11 07:11:13,Imagenologia,Imagenología,40,M,3,Emergencias,Alta
EP00005,Consulta médica,2026-02-11 07:21:03,Dr_Emerge_02,,92,F,2,Emergencias,Hospitalización
EP00005,Solicitud de examen,2026-02-11 07:40:34,Dr_Emerge_02,Laboratorio,92,F,2,Emergencias,Hospitalización
EP00906,Registro del paciente,2026-02-11 08:04:58,Admision_03,,70,M,4,Emergencias,Alta
EP00097,Ingreso a hospitalización,2026-02-11 08:11:40,Gestion_Camas,,65,M,4,Medicina Interna,Hospitalización
EP00070,Registro del paciente,2026-02-11 08:13:14,Admision_01,,54,F,3,Medicina Interna,Alta
EP00005,Realización de examen,2026-02-11 08:30:19,Laboratorio_Clinico,Laboratorio,92,F,2,Emergencias,Hospitalización
EP00070,Triage,2026-02-11 08:34:44,Enf_Triage_03,,54,F,3,Medicina Interna,Alta
EP00906,Triage,2026-02-11 08:46:38,Enf_Triage_03,,70,M,4,Emergencias,Alta
EP00005,Evaluación de resultados,2026-02-11 09:26:32,Dr_Emerge_02,Laboratorio,92,F,2,Emergencias,Hospitalización
EP00504,Registro del paciente,2026-02-11 09:39:26,Admision_02,,6,F,3,Pediatría,Alta
EP00005,Solicitud de examen,2026-02-11 09:47:12,Dr_Emerge_02,Laboratorio,92,F,2,Emergencias,Hospitalización
EP01400,Evaluación de resultados,2026-02-11 09:51:17,Dr_Emerge_04,Imagenología,40,M,3,Emergencias,Alta
EP00504,Triage,2026-02-11 10:04:51,Enf_Triage_02,,6,F,3,Pediatría,Alta
EP00005,Realización de examen,2026-02-11 10:17:47,Laboratorio_Clinico,Laboratorio,92,F,2,Emergencias,Hospitalización
EP01400,Tratamiento,2026-02-11 10:22:38,Enf_Emerge_03,,40,M,3,Emergencias,Alta
EP01323,Registro del paciente,2026-02-11 10:24:17,Admision_01,,49,F,2,Medicina Interna,Hospitalización
EP00070,Consulta médica,2026-02-11 10:39:13,Dr_Medici_01,,54,F,3,Medicina Interna,Alta
EP00005,Evaluación de resultados,2026-02-11 10:44:50,Dr_Emerge_02,Laboratorio,92,F,2,Emergencias,Hospitalización
EP01323,Triage,2026-02-11 11:08:16,Enf_Triage_03,,49,F,2,Medicina Interna,Hospitalización
EP00402,Registro del paciente,2026-02-11 11:15:52,Admision_03,,33,M,4,Emergencias,Alta
EP00005,Consulta médica,2026-02-11 11:30:44,Dr_Emerge_02,,92,F,2,Emergencias,Hospitalización
EP01323,Consulta médica,2026-02-11 11:32:44,Dr_Medici_03,,49,F,2,Medicina Interna,Hospitalización
EP01323,Solicitud de examen,2026-02-11 11:38:42,Dr_Medici_03,Imagenología,49,F,2,Medicina Interna,Hospitalización
EP00402,Triage,2026-02-11 11:52:48,Enf_Triage_02,,33,M,4,Emergencias,Alta
EP01400,Alta,2026-02-11 11:58:21,Dr_Emerge_04,,40,M,3,Emergencias,Alta
EP00005,Tratamiento,2026-02-11 12:04:38,Enf_Emerge_03,,92,F,2,Emergencias,Hospitalización
EP00070,Consulta médica,2026-02-11 12:49:21,Dr_Medici_01,,54,F,3,Medicina Interna,Alta
EP00504,Consulta médica,2026-02-11 13:07:23,Dr_Pediat_01,,6,F,3,Pediatría,Alta
EP00070,Tratamiento,2026-02-11 13:08:59,Enf_Medici_03,,54,F,3,Medicina Interna,Alta
EP00171,Registro del paciente,2026-02-11 13:26:27,Admision_01,,60,M,3,Medicina Interna,Alta
EP01323,Realización de examen,2026-02-11 13:45:02,Imagenologia,Imagenología,49,F,2,Medicina Interna,Hospitalización
EP00171,Triage,2026-02-11 13:53:50,Enf_Triage_01,,60,M,3,Medicina Interna,Alta
EP00402,Consulta médica,2026-02-11 13:55:01,Dr_Emerge_03,,33,M,4,Emergencias,Alta
EP00005,Ingreso a hospitalización,2026-02-11 13:59:07,Gestion_Camas,,92,F,2,Emergencias,Hospitalización
EP00402,Solicitud de examen,2026-02-11 14:03:43,Dr_Emerge_03,Imagenología,33,M,4,Emergencias,Alta
EP00504,Tratamiento,2026-02-11 14:39:56,Enf_Pediat_04,,6,F,3,Pediatría,Alta
EP01105,Registro del paciente,2026-02-11 14:43:16,Admision_03,,25,F,4,Emergencias,Alta
EP00924,Registro del paciente,2026-02-11 14:57:12,Admision_01,,53,F,1,Emergencias,Hospitalización
EP01323,Evaluación de resultados,2026-02-11 14:57:13,Dr_Medici_03,Imagenología,49,F,2,Medicina Interna,Hospitalización
EP00070,Alta,2026-02-11 14:58:59,Dr_Medici_01,,54,F,3,Medicina Interna,Alta
EP00924,Triage,2026-02-11 15:00:13,Enf_Triage_03,,53,F,1,Emergencias,Hospitalización
EP00924,Consulta médica,2026-02-11 15:11:28,Dr_Emerge_03,,53,F,1,Emergencias,Hospitalización
EP00924,Solicitud de examen,2026-02-11 15:25:10,Dr_Emerge_03,Laboratorio,53,F,1,Emergencias,Hospitalización
EP01105,Triage,2026-02-11 15:26:54,Enf_Triage_02,,25,F,4,Emergencias,Alta
EP00906,Consulta médica,2026-02-11 15:35:57,Dr_Emerge_01,,70,M,4,Emergencias,Alta
EP00504,Alta,2026-02-11 15:37:59,Dr_Pediat_01,,6,F,3,Pediatría,Alta
EP01323,Consulta médica,2026-02-11 16:08:14,Dr_Medici_03,,49,F,2,Medicina Interna,Hospitalización
EP00171,Consulta médica,2026-02-11 16:17:25,Dr_Medici_02,,60,M,3,Medicina Interna,Alta
EP00906,Solicitud de examen,2026-02-11 16:21:40,Dr_Emerge_01,Laboratorio,70,M,4,Emergencias,Alta
EP00171,Solicitud de examen,2026-02-11 16:25:29,Dr_Medici_02,Laboratorio,60,M,3,Medicina Interna,Alta
EP00924,Realización de examen,2026-02-11 16:36:49,Laboratorio_Clinico,Laboratorio,53,F,1,Emergencias,Hospitalización
EP01323,Tratamiento,2026-02-11 16:53:25,Enf_Medici_04,,49,F,2,Medicina Interna,Hospitalización
EP00402,Realización de examen,2026-02-11 17:02:00,Imagenologia,Imagenología,33,M,4,Emergencias,Alta
EP00171,Realización de examen,2026-02-11 17:17:44,Laboratorio_Clinico,Laboratorio,60,M,3,Medicina Interna,Alta
EP00402,Evaluación de resultados,2026-02-11 17:18:47,Dr_Emerge_03,Imagenología,33,M,4,Emergencias,Alta
EP00924,Evaluación de resultados,2026-02-11 17:23:27,Dr_Emerge_03,Laboratorio,53,F,1,Emergencias,Hospitalización
EP00906,Realización de examen,2026-02-11 17:27:53,Laboratorio_Clinico,Laboratorio,70,M,4,Emergencias,Alta
EP00450,Registro del paciente,2026-02-11 17:41:30,Admision_01,,55,F,2,Traumatología,Alta
EP00402,Tratamiento,2026-02-11 17:43:41,Enf_Emerge_03,,33,M,4,Emergencias,Alta
EP00171,Evaluación de resultados,2026-02-11 17:47:41,Dr_Medici_02,Laboratorio,60,M,3,Medicina Interna,Alta
EP00906,Evaluación de resultados,2026-02-11 17:50:55,Dr_Emerge_01,Laboratorio,70,M,4,Emergencias,Alta
EP00171,Solicitud de examen,2026-02-11 17:57:54,Dr_Medici_02,Laboratorio,60,M,3,Medicina Interna,Alta
EP01105,Consulta médica,2026-02-11 17:59:10,Dr_Emerge_04,,25,F,4,Emergencias,Alta
EP00924,Tratamiento,2026-02-11 18:08:26,Enf_Emerge_03,,53,F,1,Emergencias,Hospitalización
EP00450,Triage,2026-02-11 18:09:39,Enf_Triage_03,,55,F,2,Traumatología,Alta
EP00906,Solicitud de examen,2026-02-11 18:09:44,Dr_Emerge_01,Imagenología,70,M,4,Emergencias,Alta
EP01105,Tratamiento,2026-02-11 18:35:16,Enf_Emerge_04,,25,F,4,Emergencias,Alta
EP00450,Consulta médica,2026-02-11 18:45:48,Dr_Trauma_02,,55,F,2,Traumatología,Alta
EP00171,Realización de examen,2026-02-11 18:51:57,Laboratorio_Clinico,Laboratorio,60,M,3,Medicina Interna,Alta
EP00450,Solicitud de examen,2026-02-11 18:55:25,Dr_Trauma_02,Imagenología,55,F,2,Traumatología,Alta
EP00110,Registro del paciente,2026-02-11 19:10:31,Admision_03,,59,F,5,Emergencias,Alta
EP00402,Alta,2026-02-11 19:18:17,Dr_Emerge_03,,33,M,4,Emergencias,Alta
EP00273,Registro del paciente,2026-02-11 19:23:17,Admision_03,,38,M,3,Medicina Interna,Alta
EP00110,Triage,2026-02-11 19:35:13,Enf_Triage_02,,59,F,5,Emergencias,Alta
EP00171,Evaluación de resultados,2026-02-11 19:37:46,Dr_Medici_02,Laboratorio,60,M,3,Medicina Interna,Alta
EP01105,Alta,2026-02-11 19:38:20,Dr_Emerge_04,,25,F,4,Emergencias,Alta
EP00273,Triage,2026-02-11 20:04:37,Enf_Triage_01,,38,M,3,Medicina Interna,Alta
EP00171,Consulta médica,2026-02-11 21:05:42,Dr_Medici_02,,60,M,3,Medicina Interna,Alta
EP00273,Consulta médica,2026-02-11 22:11:48,Dr_Medici_01,,38,M,3,Medicina Interna,Alta
EP00906,Realización de examen,2026-02-11 23:14:39,Imagenologia,Imagenología,70,M,4,Emergencias,Alta
EP00171,Tratamiento,2026-02-11 23:16:23,Enf_Medici_01,,60,M,3,Medicina Interna,Alta
EP00273,Consulta médica,2026-02-12 00:10:12,Dr_Medici_01,,38,M,3,Medicina Interna,Alta
EP00906,Evaluación de resultados,2026-02-12 00:11:50,Dr_Emerge_01,Imagenología,70,M,4,Emergencias,Alta
EP00171,Alta,2026-02-12 00:21:33,Dr_Medici_02,,60,M,3,Medicina Interna,Alta
EP00906,Tratamiento,2026-02-12 00:47:57,Enf_Emerge_04,,70,M,4,Emergencias,Alta
EP00273,Tratamiento,2026-02-12 00:57:09,Enf_Medici_01,,38,M,3,Medicina Interna,Alta
EP00450,Realización de examen,2026-02-12 01:02:45,Imagenologia,Imagenología,55,F,2,Traumatología,Alta
EP00906,Alta,2026-02-12 01:25:28,Dr_Emerge_01,,70,M,4,Emergencias,Alta
EP00924,Ingreso a hospitalización,2026-02-12 01:34:25,Gestion_Camas,,53,F,1,Emergencias,Hospitalización
EP00273,Alta,2026-02-12 02:20:44,Dr_Medici_01,,38,M,3,Medicina Interna,Alta
EP00450,Evaluación de resultados,2026-02-12 02:51:35,Dr_Trauma_02,Imagenología,55,F,2,Traumatología,Alta
EP01323,Ingreso a hospitalización,2026-02-12 03:23:01,Gestion_Camas,,49,F,2,Medicina Interna,Hospitalización
EP00450,Tratamiento,2026-02-12 03:48:15,Enf_Trauma_04,,55,F,2,Traumatología,Alta
EP00923,Registro del paciente,2026-02-12 04:00:01,Admision_01,,57,F,3,Emergencias,Alta
EP00923,Triage,2026-02-12 04:49:26,Enf_Triage_01,,57,F,3,Emergencias,Alta
EP00923,Consulta médica,2026-02-12 05:56:09,Dr_Emerge_03,,57,F,3,Emergencias,Alta
EP00450,Alta,2026-02-12 06:12:55,Dr_Trauma_02,,55,F,2,Traumatología,Alta
EP00923,Tratamiento,2026-02-12 06:32:45,Enf_Emerge_01,,57,F,3,Emergencias,Alta
EP00110,Consulta médica,2026-02-12 06:44:26,Dr_Emerge_04,,59,F,5,Emergencias,Alta
EP00110,Tratamiento,2026-02-12 07:16:35,Enf_Emerge_02,,59,F,5,Emergencias,Alta
EP01041,Registro del paciente,2026-02-12 07:54:13,Admision_03,,61,F,5,Medicina Interna,Alta
EP01069,Registro del paciente,2026-02-12 08:13:08,Admision_03,,69,F,3,Emergencias,Alta
EP00110,Alta,2026-02-12 08:23:14,Dr_Emerge_04,,59,F,5,Emergencias,Alta
EP01069,Triage,2026-02-12 08:45:59,Enf_Triage_03,,69,F,3,Emergencias,Alta
EP01041,Triage,2026-02-12 09:11:39,Enf_Triage_02,,61,F,5,Medicina Interna,Alta
EP00923,Alta,2026-02-12 09:13:15,Dr_Emerge_03,,57,F,3,Emergencias,Alta
EP00862,Registro del paciente,2026-02-12 09:34:08,Admision_03,,3,M,3,Pediatría,Traslado
EP01231,Registro del paciente,2026-02-12 09:44:37,Admision_03,,24,F,3,Emergencias,Alta
EP00915,Registro del paciente,2026-02-12 10:02:15,Admision_03,,78,M,3,Medicina Interna,Alta
EP01231,Triage,2026-02-12 10:11:23,Enf_Triage_01,,24,F,3,Emergencias,Alta
EP01069,Consulta médica,2026-02-12 10:16:43,Dr_Emerge_04,,69,F,3,Emergencias,Alta
EP00862,Triage,2026-02-12 10:27:30,Enf_Triage_03,,3,M,3,Pediatría,Traslado
EP01069,Solicitud de examen,2026-02-12 10:33:49,Dr_Emerge_04,Laboratorio,69,F,3,Emergencias,Alta
EP00915,Triage,2026-02-12 10:36:04,Enf_Triage_02,,78,M,3,Medicina Interna,Alta
EP01041,Consulta médica,2026-02-12 11:04:10,Dr_Medici_03,,61,F,5,Medicina Interna,Alta
EP01231,Consulta médica,2026-02-12 11:10:47,Dr_Emerge_03,,24,F,3,Emergencias,Alta
EP01069,Realización de examen,2026-02-12 11:12:46,Laboratorio_Clinico,Laboratorio,69,F,3,Emergencias,Alta
EP01041,Solicitud de examen,2026-02-12 11:16:09,Dr_Medici_03,Laboratorio,61,F,5,Medicina Interna,Alta
EP01231,Solicitud de examen,2026-02-12 11:22:59,Dr_Emerge_03,Imagenología,24,F,3,Emergencias,Alta
EP00862,Consulta médica,2026-02-12 11:33:12,Dr_Pediat_01,,3,M,3,Pediatría,Traslado
EP00915,Consulta médica,2026-02-12 11:45:59,Dr_Medici_03,,78,M,3,Medicina Interna,Alta
EP01069,Evaluación de resultados,2026-02-12 11:54:10,Dr_Emerge_04,Laboratorio,69,F,3,Emergencias,Alta
EP00105,Registro del paciente,2026-02-12 11:55:40,Admision_03,,7,F,5,Pediatría,Alta
EP01069,Solicitud de examen,2026-02-12 12:00:02,Dr_Emerge_04,Imagenología,69,F,3,Emergencias,Alta
EP00915,Solicitud de examen,2026-02-12 12:00:24,Dr_Medici_03,Laboratorio,78,M,3,Medicina Interna,Alta
EP01041,Realización de examen,2026-02-12 12:02:50,Laboratorio_Clinico,Laboratorio,61,F,5,Medicina Interna,Alta
EP00862,Tratamiento,2026-02-12 12:09:51,Enf_Pediat_04,,3,M,3,Pediatría,Traslado
EP00915,Realización de examen,2026-02-12 12:29:00,Laboratorio_Clinico,Laboratorio,78,M,3,Medicina Interna,Alta
EP00915,Evaluación de resultados,2026-02-12 12:50:33,Dr_Medici_03,Laboratorio,78,M,3,Medicina Interna,Alta
EP00915,Solicitud de examen,2026-02-12 13:02:16,Dr_Medici_03,Laboratorio,78,M,3,Medicina Interna,Alta
EP01453,Registro del paciente,2026-02-12 13:04:52,Admision_01,,3,M,3,Pediatría,Alta
EP01231,Realización de examen,2026-02-12 13:14:14,Imagenologia,Imagenología,24,F,3,Emergencias,Alta
EP00495,Registro del paciente,2026-02-12 13:18:16,Admision_01,,81,M,3,Traumatología,Hospitalización
EP00105,Triage,2026-02-12 13:21:04,Enf_Triage_03,,7,F,5,Pediatría,Alta
EP01041,Evaluación de resultados,2026-02-12 13:23:53,Dr_Medici_03,Laboratorio,61,F,5,Medicina Interna,Alta
EP01453,Triage,2026-02-12 13:38:41,Enf_Triage_02,,3,M,3,Pediatría,Alta
EP00495,Triage,2026-02-12 13:52:13,Enf_Triage_01,,81,M,3,Traumatología,Hospitalización
EP01069,Realización de examen,2026-02-12 14:10:23,Imagenologia,Imagenología,69,F,3,Emergencias,Alta
EP00457,Registro del paciente,2026-02-12 14:22:48,Admision_01,,65,M,4,Medicina Interna,Alta
EP01041,Tratamiento,2026-02-12 14:25:50,Enf_Medici_01,,61,F,5,Medicina Interna,Alta
EP00915,Realización de examen,2026-02-12 14:40:27,Laboratorio_Clinico,Laboratorio,78,M,3,Medicina Interna,Alta
EP00457,Triage,2026-02-12 14:46:06,Enf_Triage_03,,65,M,4,Medicina Interna,Alta
EP00105,Consulta médica,2026-02-12 15:10:05,Dr_Pediat_01,,7,F,5,Pediatría,Alta
EP01453,Consulta médica,2026-02-12 15:10:22,Dr_Pediat_01,,3,M,3,Pediatría,Alta
EP00495,Consulta médica,2026-02-12 15:11:10,Dr_Trauma_02,,81,M,3,Traumatología,Hospitalización
EP00495,Solicitud de examen,2026-02-12 15:21:11,Dr_Trauma_02,Imagenología,81,M,3,Traumatología,Hospitalización
EP01069,Evaluación de resultados,2026-02-12 15:27:37,Dr_Emerge_04,Imagenología,69,F,3,Emergencias,Alta
EP01041,Alta,2026-02-12 15:32:17,Dr_Medici_03,,61,F,5,Medicina Interna,Alta
EP01213,Registro del paciente,2026-02-12 15:34:31,Admision_01,,55,M,3,Emergencias,Alta
EP01231,Evaluación de resultados,2026-02-12 15:36:22,Dr_Emerge_03,Imagenología,24,F,3,Emergencias,Alta
EP00915,Evaluación de resultados,2026-02-12 15:53:33,Dr_Medici_03,Laboratorio,78,M,3,Medicina Interna,Alta
EP00862,Traslado a otro centro,2026-02-12 15:55:28,Admision_01,,3,M,3,Pediatría,Traslado
EP01231,Solicitud de examen,2026-02-12 16:00:39,Dr_Emerge_03,Laboratorio,24,F,3,Emergencias,Alta
EP01213,Triage,2026-02-12 16:08:59,Enf_Triage_01,,55,M,3,Emergencias,Alta
EP00105,Tratamiento,2026-02-12 16:13:59,Enf_Pediat_03,,7,F,5,Pediatría,Alta
EP00135,Registro del paciente,2026-02-12 16:35:06,Admision_03,,30,M,2,Traumatología,Alta
EP01069,Tratamiento,2026-02-12 16:39:03,Enf_Emerge_02,,69,F,3,Emergencias,Alta
EP01231,Realización de examen,2026-02-12 16:39:49,Laboratorio_Clinico,Laboratorio,24,F,3,Emergencias,Alta
EP00135,Triage,2026-02-12 16:58:59,Enf_Triage_02,,30,M,2,Traumatología,Alta
EP01069,Alta,2026-02-12 17:20:14,Dr_Emerge_04,,69,F,3,Emergencias,Alta
EP00457,Consulta médica,2026-02-12 17:25:48,Dr_Medici_03,,65,M,4,Medicina Interna,Alta
EP00457,Solicitud de examen,2026-02-12 17:31:59,Dr_Medici_03,Imagenología,65,M,4,Medicina Interna,Alta
EP00135,Consulta médica,2026-02-12 17:42:58,Dr_Trauma_01,,30,M,2,Traumatología,Alta
EP00135,Solicitud de examen,2026-02-12 17:50:40,Dr_Trauma_01,Imagenología,30,M,2,Traumatología,Alta
EP01231,Evaluación de resultados,2026-02-12 18:00:03,Dr_Emerge_03,Laboratorio,24,F,3,Emergencias,Alta
EP01213,Consulta médica,2026-02-12 18:33:21,Dr_Emerge_03,,55,M,3,Emergencias,Alta
EP01231,Tratamiento,2026-02-12 18:36:03,Enf_Emerge_04,,24,F,3,Emergencias,Alta
EP01213,Tratamiento,2026-02-12 19:15:08,Enf_Emerge_01,,55,M,3,Emergencias,Alta
EP01231,Alta,2026-02-12 19:17:18,Dr_Emerge_03,,24,F,3,Emergencias,Alta
EP00673,Registro del paciente,2026-02-12 19:29:48,Admision_02,,57,F,2,Emergencias,Alta
EP00495,Realización de examen,2026-02-12 19:33:51,Imagenologia,Imagenología,81,M,3,Traumatología,Hospitalización
EP00105,Alta,2026-02-12 19:34:41,Dr_Pediat_01,,7,F,5,Pediatría,Alta
EP00457,Realización de examen,2026-02-12 19:46:41,Imagenologia,Imagenología,65,M,4,Medicina Interna,Alta
EP01453,Consulta médica,2026-02-12 20:00:27,Dr_Pediat_01,,3,M,3,Pediatría,Alta
EP00673,Triage,2026-02-12 20:01:08,Enf_Triage_01,,57,F,2,Emergencias,Alta
EP01213,Alta,2026-02-12 20:15:54,Dr_Emerge_03,,55,M,3,Emergencias,Alta
EP00135,Realización de examen,2026-02-12 20:19:49,Imagenologia,Imagenología,30,M,2,Traumatología,Alta
EP01453,Tratamiento,2026-02-12 20:40:28,Enf_Pediat_03,,3,M,3,Pediatría,Alta
EP00457,Evaluación de resultados,2026-02-12 20:50:58,Dr_Medici_03,Imagenología,65,M,4,Medicina Interna,Alta
EP00673,Consulta médica,2026-02-12 20:52:15,Dr_Emerge_03,,57,F,2,Emergencias,Alta
EP00135,Evaluación de resultados,2026-02-12 21:10:51,Dr_Trauma_01,Imagenología,30,M,2,Traumatología,Alta
EP00673,Tratamiento,2026-02-12 21:56:05,Enf_Emerge_01,,57,F,2,Emergencias,Alta
EP01453,Alta,2026-02-12 22:38:34,Dr_Pediat_01,,3,M,3,Pediatría,Alta
EP00457,Consulta médica,2026-02-12 22:49:59,Dr_Medici_03,,65,M,4,Medicina Interna,Alta
EP00495,Evaluación de resultados,2026-02-12 22:50:52,Dr_Trauma_02,Imagenología,81,M,3,Traumatología,Hospitalización
EP00673,Alta,2026-02-12 23:07:31,Dr_Emerge_03,,57,F,2,Emergencias,Alta
EP00495,Tratamiento,2026-02-12 23:27:02,Enf_Trauma_01,,81,M,3,Traumatología,Hospitalización
EP00915,Interconsulta especialista,2026-02-13 00:01:46,Especialista_01,,78,M,3,Medicina Interna,Alta
EP00457,Tratamiento,2026-02-13 00:08:43,Enf_Medici_03,,65,M,4,Medicina Interna,Alta
EP00135,Interconsulta especialista,2026-02-13 00:14:34,Especialista_04,,30,M,2,Traumatología,Alta
EP00135,Tratamiento,2026-02-13 00:50:24,Enf_Trauma_01,,30,M,2,Traumatología,Alta
EP00915,Tratamiento,2026-02-13 00:53:33,Enf_Medici_01,,78,M,3,Medicina Interna,Alta
EP00915,Alta,2026-02-13 01:41:43,Dr_Medici_03,,78,M,3,Medicina Interna,Alta
EP00457,Alta,2026-02-13 01:52:46,Dr_Medici_03,,65,M,4,Medicina Interna,Alta
EP00135,Alta,2026-02-13 02:10:22,Dr_Trauma_01,,30,M,2,Traumatología,Alta
EP00495,Ingreso a hospitalización,2026-02-13 04:44:51,Gestion_Camas,,81,M,3,Traumatología,Hospitalización
EP00589,Registro del paciente,2026-02-13 09:13:02,Admision_01,,10,M,4,Pediatría,Alta
EP00589,Triage,2026-02-13 09:47:15,Enf_Triage_02,,10,M,4,Pediatría,Alta
EP00429,Registro del paciente,2026-02-13 11:04:37,Admision_01,,45,F,3,Traumatología,Alta
EP00429,Triage,2026-02-13 11:31:17,Enf_Triage_03,,45,F,3,Traumatología,Alta
EP00245,Registro del paciente,2026-02-13 11:43:31,Admision_01,,24,F,2,Traumatología,Alta
EP00245,Triage,2026-02-13 12:10:20,Enf_Triage_01,,24,F,2,Traumatología,Alta
EP00589,Consulta médica,2026-02-13 12:22:41,Dr_Pediat_04,,10,M,4,Pediatría,Alta
EP00245,Consulta médica,2026-02-13 12:47:33,Dr_Trauma_02,,24,F,2,Traumatología,Alta
EP00589,Tratamiento,2026-02-13 12:59:31,Enf_Pediat_01,,10,M,4,Pediatría,Alta
EP00429,Consulta médica,2026-02-13 13:41:58,Dr_Trauma_01,,45,F,3,Traumatología,Alta
EP01379,Registro del paciente,2026-02-13 13:57:03,Admision_02,,34,F,1,Medicina Interna,Hospitalización
EP00429,Solicitud de examen,2026-02-13 13:59:17,Dr_Trauma_01,Imagenología,45,F,3,Traumatología,Alta
EP01379,Triage,2026-02-13 14:00:04,Enf_Triage_03,,34,F,1,Medicina Interna,Hospitalización
EP01379,Consulta médica,2026-02-13 14:07:22,Dr_Medici_02,,34,F,1,Medicina Interna,Hospitalización
EP00245,Tratamiento,2026-02-13 14:07:47,Enf_Trauma_03,,24,F,2,Traumatología,Alta
EP01379,Tratamiento,2026-02-13 14:51:40,Enf_Medici_02,,34,F,1,Medicina Interna,Hospitalización
EP01379,Tratamiento,2026-02-13 14:51:40,Enf_Medici_02,,34,F,1,Medicina Interna,Hospitalización
EP00245,Alta,2026-02-13 15:22:03,Dr_Trauma_02,,24,F,2,Traumatología,Alta
EP00589,Alta,2026-02-13 16:34:54,Dr_Pediat_04,,10,M,4,Pediatría,Alta
EP01241,Registro del paciente,2026-02-13 20:00:01,Admision_01,,57,F,4,Traumatología,Alta
EP01241,Triage,2026-02-13 20:14:42,Enf_Triage_03,,57,F,4,Traumatología,Alta
EP00429,Realización de examen,2026-02-13 20:25:48,Imagenologia,Imagenología,45,F,3,Traumatología,Alta
EP01236,Registro del paciente,2026-02-13 21:06:14,Admision_02,,83,F,3,Medicina Interna,Alta
EP00429,Evaluación de resultados,2026-02-13 21:17:36,Dr_Trauma_01,Imagenología,45,F,3,Traumatología,Alta
EP01236,Triage,2026-02-13 21:25:07,Enf_Triage_02,,83,F,3,Medicina Interna,Alta
EP00429,Tratamiento,2026-02-13 21:54:32,Enf_Trauma_01,,45,F,3,Traumatología,Alta
EP01236,Consulta médica,2026-02-13 22:31:30,Dr_Medici_03,,83,F,3,Medicina Interna,Alta
EP00429,Alta,2026-02-13 23:08:24,Dr_Trauma_01,,45,F,3,Traumatología,Alta
EP01236,Tratamiento,2026-02-13 23:18:00,Enf_Medici_01,,83,F,3,Medicina Interna,Alta
EP01379,Ingreso a hospitalización,2026-02-14 00:13:33,Gestion_Camas,,34,F,1,Medicina Interna,Hospitalización
EP01241,Consulta médica,2026-02-14 00:23:19,Dr_Trauma_04,,57,F,4,Traumatología,Alta
EP01241,Solicitud de examen,2026-02-14 00:33:39,Dr_Trauma_04,Imagenología,57,F,4,Traumatología,Alta
EP01236,Alta,2026-02-14 02:17:08,Dr_Medici_03,,83,F,3,Medicina Interna,Alta
EP00852,Registro del paciente,2026-02-14 06:06:34,Admision_02,,24,F,2,Medicina Interna,Hospitalización
EP01241,Realización de examen,2026-02-14 06:23:22,Imagenologia,Imagenología,57,F,4,Traumatología,Alta
EP00852,Triage,2026-02-14 06:28:30,Enf_Triage_02,,24,F,2,Medicina Interna,Hospitalización
EP00852,Consulta médica,2026-02-14 06:57:54,Dr_Medici_02,,24,F,2,Medicina Interna,Hospitalización
EP00852,Solicitud de examen,2026-02-14 07:03:18,Dr_Medici_02,Imagenología,24,F,2,Medicina Interna,Hospitalización
EP01241,Evaluación de resultados,2026-02-14 07:49:26,Dr_Trauma_04,Imagenología,57,F,4,Traumatología,Alta
EP01241,Tratamiento,2026-02-14 08:34:53,Enf_Trauma_03,,57,F,4,Traumatología,Alta
EP01241,Alta,2026-02-14 09:27:16,Dr_Trauma_04,,57,F,4,Traumatología,Alta
EP01014,Registro del paciente,2026-02-14 10:58:20,Admision_01,,34,F,4,Traumatología,Hospitalización
EP01014,Triage,2026-02-14 11:33:55,Enf_Triage_03,,34,F,4,Traumatología,Hospitalización
EP00566,Registro del paciente,2026-02-14 11:53:15,Admision_03,,40,F,3,Emergencias,Alta
EP00566,Triage,2026-02-14 12:23:09,Enf_Triage_02,,40,F,3,Emergencias,Alta
EP00186,Registro del paciente,2026-02-14 12:41:44,Admision_02,,64,F,3,Emergencias,Alta
EP00186,Triage,2026-02-14 12:56:53,Enf_Triage_01,,64,F,3,Emergencias,Alta
EP00074,Registro del paciente,2026-02-14 13:25:42,Admision_01,,12,F,3,Pediatría,Alta
EP00186,Consulta médica,2026-02-14 13:32:39,Dr_Emerge_03,,64,F,3,Emergencias,Alta
EP00186,Solicitud de examen,2026-02-14 13:39:29,Dr_Emerge_03,Imagenología,64,F,3,Emergencias,Alta
EP00074,Triage,2026-02-14 14:07:00,Enf_Triage_02,,12,F,3,Pediatría,Alta
EP00566,Consulta médica,2026-02-14 14:19:41,Dr_Emerge_04,,40,F,3,Emergencias,Alta
EP00566,Tratamiento,2026-02-14 15:04:07,Enf_Emerge_03,,40,F,3,Emergencias,Alta
EP01014,Consulta médica,2026-02-14 15:20:45,Dr_Trauma_03,,34,F,4,Traumatología,Hospitalización
EP01014,Solicitud de examen,2026-02-14 15:38:14,Dr_Trauma_03,Imagenología,34,F,4,Traumatología,Hospitalización
EP00566,Alta,2026-02-14 15:42:41,Dr_Emerge_04,,40,F,3,Emergencias,Alta
EP01131,Registro del paciente,2026-02-14 15:52:38,Admision_02,,22,F,4,Emergencias,Alta
EP00852,Realización de examen,2026-02-14 16:01:13,Imagenologia,Imagenología,24,F,2,Medicina Interna,Hospitalización
EP01131,Triage,2026-02-14 16:19:58,Enf_Triage_03,,22,F,4,Emergencias,Alta
EP00074,Consulta médica,2026-02-14 16:26:57,Dr_Pediat_01,,12,F,3,Pediatría,Alta
EP00074,Tratamiento,2026-02-14 17:41:44,Enf_Pediat_03,,12,F,3,Pediatría,Alta
EP01131,Consulta médica,2026-02-14 19:00:16,Dr_Emerge_04,,22,F,4,Emergencias,Alta
EP00074,Alta,2026-02-14 19:37:46,Dr_Pediat_01,,12,F,3,Pediatría,Alta
EP01131,Tratamiento,2026-02-14 19:46:09,Enf_Emerge_04,,22,F,4,Emergencias,Alta
EP01074,Registro del paciente,2026-02-14 19:54:13,Admision_01,,15,M,2,Traumatología,Hospitalización
EP01074,Triage,2026-02-14 20:23:19,Enf_Triage_03,,15,M,2,Traumatología,Hospitalización
EP01131,Alta,2026-02-14 20:25:08,Dr_Emerge_04,,22,F,4,Emergencias,Alta
EP00852,Evaluación de resultados,2026-02-14 20:34:19,Dr_Medici_02,Imagenología,24,F,2,Medicina Interna,Hospitalización
EP00186,Realización de examen,2026-02-14 20:45:49,Imagenologia,Imagenología,64,F,3,Emergencias,Alta
EP00852,Solicitud de examen,2026-02-14 20:48:49,Dr_Medici_02,Imagenología,24,F,2,Medicina Interna,Hospitalización
EP01074,Consulta médica,2026-02-14 21:12:53,Dr_Trauma_01,,15,M,2,Traumatología,Hospitalización
EP01254,Registro del paciente,2026-02-14 21:21:36,Admision_01,,87,F,3,Medicina Interna,Hospitalización
EP01254,Triage,2026-02-14 21:38:50,Enf_Triage_01,,87,F,3,Medicina Interna,Hospitalización
EP01074,Tratamiento,2026-02-14 21:44:27,Enf_Trauma_01,,15,M,2,Traumatología,Hospitalización
EP00186,Evaluación de resultados,2026-02-14 22:52:42,Dr_Emerge_03,Imagenología,64,F,3,Emergencias,Alta
EP01254,Consulta médica,2026-02-14 23:13:02,Dr_Medici_02,,87,F,3,Medicina Interna,Hospitalización
EP00186,Tratamiento,2026-02-14 23:31:23,Enf_Emerge_03,,64,F,3,Emergencias,Alta
EP01254,Tratamiento,2026-02-14 23:40:10,Enf_Medici_03,,87,F,3,Medicina Interna,Hospitalización
EP01014,Realización de examen,2026-02-15 00:36:49,Imagenologia,Imagenología,34,F,4,Traumatología,Hospitalización
EP00186,Alta,2026-02-15 00:37:56,Dr_Emerge_03,,64,F,3,Emergencias,Alta
EP01204,Registro del paciente,2026-02-15 01:01:44,Admision_02,,63,M,4,Traumatología,Alta
EP01204,Triage,2026-02-15 02:19:06,Enf_Triage_02,,63,M,4,Traumatología,Alta
EP01074,Ingreso a hospitalización,2026-02-15 02:31:39,Gestion_Camas,,15,M,2,Traumatología,Hospitalización
EP01204,Consulta médica,2026-02-15 03:12:36,Dr_Trauma_02,,63,M,4,Traumatología,Alta
EP01014,Evaluación de resultados,2026-02-15 03:24:05,Dr_Trauma_03,Imagenología,34,F,4,Traumatología,Hospitalización
EP01204,Tratamiento,2026-02-15 03:50:21,Enf_Trauma_02,,63,M,4,Traumatología,Alta
EP00852,Realización de examen,2026-02-15 03:51:41,Imagenologia,Imagenología,24,F,2,Medicina Interna,Hospitalización
EP01014,Tratamiento,2026-02-15 04:56:05,Enf_Trauma_03,,34,F,4,Traumatología,Hospitalización
EP01254,Ingreso a hospitalización,2026-02-15 05:22:51,Gestion_Camas,,87,F,3,Medicina Interna,Hospitalización
EP01204,Alta,2026-02-15 05:36:53,Dr_Trauma_02,,63,M,4,Traumatología,Alta
EP00852,Evaluación de resultados,2026-02-15 05:53:04,Dr_Medici_02,Imagenología,24,F,2,Medicina Interna,Hospitalización
EP00852,Tratamiento,2026-02-15 06:24:21,Enf_Medici_03,,24,F,2,Medicina Interna,Hospitalización
EP00303,Registro del paciente,2026-02-15 08:23:04,Admision_02,,26,M,5,Medicina Interna,Alta
EP01260,Registro del paciente,2026-02-15 08:30:24,Admision_02,,37,F,2,Emergencias,Alta
EP01260,Triage,2026-02-15 08:49:41,Enf_Triage_03,,37,F,2,Emergencias,Alta
EP01260,Consulta médica,2026-02-15 09:04:52,Dr_Emerge_01,,37,F,2,Emergencias,Alta
EP00303,Triage,2026-02-15 09:22:15,Enf_Triage_02,,26,M,5,Medicina Interna,Alta
EP01260,Tratamiento,2026-02-15 09:29:00,Enf_Emerge_04,,37,F,2,Emergencias,Alta
EP01283,Registro del paciente,2026-02-15 10:26:50,Admision_02,,44,F,3,Emergencias,Hospitalización
EP01283,Triage,2026-02-15 10:43:19,Enf_Triage_01,,44,F,3,Emergencias,Hospitalización
EP01159,Registro del paciente,2026-02-15 10:53:27,Admision_03,,67,F,4,Medicina Interna,Alta
EP01260,Alta,2026-02-15 11:03:18,Dr_Emerge_01,,37,F,2,Emergencias,Alta
EP01159,Triage,2026-02-15 11:32:26,Enf_Triage_03,,67,F,4,Medicina Interna,Alta
EP01283,Consulta médica,2026-02-15 13:34:14,Dr_Emerge_01,,44,F,3,Emergencias,Hospitalización
EP01283,Solicitud de examen,2026-02-15 13:46:28,Dr_Emerge_01,Imagenología,44,F,3,Emergencias,Hospitalización
EP00852,Ingreso a hospitalización,2026-02-15 14:28:39,Gestion_Camas,,24,F,2,Medicina Interna,Hospitalización
EP00016,Registro del paciente,2026-02-15 15:09:26,Admision_03,,44,F,3,Traumatología,Alta
EP00488,Registro del paciente,2026-02-15 15:33:19,Admision_02,,27,M,2,Traumatología,Alta
EP00016,Triage,2026-02-15 15:34:34,Enf_Triage_03,,44,F,3,Traumatología,Alta
EP01283,Realización de examen,2026-02-15 15:50:24,Imagenologia,Imagenología,44,F,3,Emergencias,Hospitalización
EP00488,Triage,2026-02-15 16:04:07,Enf_Triage_01,,27,M,2,Traumatología,Alta
EP01014,Ingreso a hospitalización,2026-02-15 16:06:02,Gestion_Camas,,34,F,4,Traumatología,Hospitalización
EP00488,Consulta médica,2026-02-15 16:37:15,Dr_Trauma_03,,27,M,2,Traumatología,Alta
EP00488,Tratamiento,2026-02-15 17:10:49,Enf_Trauma_01,,27,M,2,Traumatología,Alta
EP00488,Alta,2026-02-15 17:50:30,Dr_Trauma_03,,27,M,2,Traumatología,Alta
EP00016,Consulta médica,2026-02-15 18:05:19,Dr_Trauma_01,,44,F,3,Traumatología,Alta
EP01283,Evaluación de resultados,2026-02-15 18:09:05,Dr_Emerge_01,Imagenología,44,F,3,Emergencias,Hospitalización
EP00033,Registro del paciente,2026-02-15 18:19:15,Admision_02,,53,M,3,Emergencias,Alta
EP00016,Solicitud de examen,2026-02-15 18:30:12,Dr_Trauma_01,Imagenología,44,F,3,Traumatología,Alta
EP00303,Consulta médica,2026-02-15 18:40:59,Dr_Medici_03,,26,M,5,Medicina Interna,Alta
EP00033,Triage,2026-02-15 18:50:21,Enf_Triage_02,,53,M,3,Emergencias,Alta
EP01283,Tratamiento,2026-02-15 19:08:42,Enf_Emerge_03,,44,F,3,Emergencias,Hospitalización
EP00551,Registro del paciente,2026-02-15 19:35:49,Admision_02,,52,F,3,Emergencias,Alta
EP00303,Tratamiento,2026-02-15 19:41:46,Enf_Medici_02,,26,M,5,Medicina Interna,Alta
EP00551,Triage,2026-02-15 20:01:43,Enf_Triage_02,,52,F,3,Emergencias,Alta
EP00303,Alta,2026-02-15 20:26:07,Dr_Medici_03,,26,M,5,Medicina Interna,Alta
EP01159,Consulta médica,2026-02-15 21:44:26,Dr_Medici_04,,67,F,4,Medicina Interna,Alta
EP01159,Solicitud de examen,2026-02-15 22:06:09,Dr_Medici_04,Laboratorio,67,F,4,Medicina Interna,Alta
EP00551,Consulta médica,2026-02-15 22:32:24,Dr_Emerge_02,,52,F,3,Emergencias,Alta
EP00410,Registro del paciente,2026-02-15 22:40:42,Admision_02,,46,M,2,Emergencias,Alta
EP00551,Solicitud de examen,2026-02-15 22:42:56,Dr_Emerge_02,Laboratorio,52,F,3,Emergencias,Alta
EP01159,Realización de examen,2026-02-15 23:20:03,Laboratorio_Clinico,Laboratorio,67,F,4,Medicina Interna,Alta
EP00410,Triage,2026-02-15 23:21:23,Enf_Triage_03,,46,M,2,Emergencias,Alta
EP00551,Realización de examen,2026-02-15 23:36:36,Laboratorio_Clinico,Laboratorio,52,F,3,Emergencias,Alta
EP00410,Consulta médica,2026-02-15 23:59:05,Dr_Emerge_02,,46,M,2,Emergencias,Alta
EP00033,Consulta médica,2026-02-16 00:14:37,Dr_Emerge_04,,53,M,3,Emergencias,Alta
EP01283,Ingreso a hospitalización,2026-02-16 00:17:25,Gestion_Camas,,44,F,3,Emergencias,Hospitalización
EP00551,Evaluación de resultados,2026-02-16 00:31:16,Dr_Emerge_02,Laboratorio,52,F,3,Emergencias,Alta
EP01159,Evaluación de resultados,2026-02-16 01:09:19,Dr_Medici_04,Laboratorio,67,F,4,Medicina Interna,Alta
EP01159,Solicitud de examen,2026-02-16 01:18:09,Dr_Medici_04,Laboratorio,67,F,4,Medicina Interna,Alta
EP00551,Tratamiento,2026-02-16 01:20:22,Enf_Emerge_03,,52,F,3,Emergencias,Alta
EP01159,Realización de examen,2026-02-16 02:06:45,Laboratorio_Clinico,Laboratorio,67,F,4,Medicina Interna,Alta
EP01159,Evaluación de resultados,2026-02-16 02:46:47,Dr_Medici_04,Laboratorio,67,F,4,Medicina Interna,Alta
EP00551,Alta,2026-02-16 03:36:29,Dr_Emerge_02,,52,F,3,Emergencias,Alta
EP00016,Realización de examen,2026-02-16 03:56:16,Imagenologia,Imagenología,44,F,3,Traumatología,Alta
EP00410,Interconsulta especialista,2026-02-16 04:22:16,Especialista_02,,46,M,2,Emergencias,Alta
EP01159,Consulta médica,2026-02-16 04:33:54,Dr_Medici_04,,67,F,4,Medicina Interna,Alta
EP00410,Tratamiento,2026-02-16 04:45:19,Enf_Emerge_03,,46,M,2,Emergencias,Alta
EP00016,Evaluación de resultados,2026-02-16 05:17:41,Dr_Trauma_01,Imagenología,44,F,3,Traumatología,Alta
EP01159,Tratamiento,2026-02-16 05:38:14,Enf_Medici_03,,67,F,4,Medicina Interna,Alta
EP00016,Tratamiento,2026-02-16 06:12:53,Enf_Trauma_04,,44,F,3,Traumatología,Alta
EP00410,Alta,2026-02-16 06:33:42,Dr_Emerge_02,,46,M,2,Emergencias,Alta
EP00033,Interconsulta especialista,2026-02-16 07:08:41,Especialista_04,,53,M,3,Emergencias,Alta
EP00016,Alta,2026-02-16 07:24:33,Dr_Trauma_01,,44,F,3,Traumatología,Alta
EP01159,Alta,2026-02-16 08:10:17,Dr_Medici_04,,67,F,4,Medicina Interna,Alta
EP00033,Tratamiento,2026-02-16 08:15:47,Enf_Emerge_04,,53,M,3,Emergencias,Alta
EP01473,Registro del paciente,2026-02-16 08:41:40,Admision_01,,70,M,4,Medicina Interna,Alta
EP00033,Alta,2026-02-16 09:25:43,Dr_Emerge_04,,53,M,3,Emergencias,Alta
EP01473,Triage,2026-02-16 09:31:51,Enf_Triage_03,,70,M,4,Medicina Interna,Alta
EP00082,Registro del paciente,2026-02-16 09:43:08,Admision_01,,83,F,4,Traumatología,Hospitalización
EP00082,Triage,2026-02-16 10:19:06,Enf_Triage_03,,83,F,4,Traumatología,Hospitalización
EP01473,Consulta médica,2026-02-16 12:07:08,Dr_Medici_03,,70,M,4,Medicina Interna,Alta
EP01473,Consulta médica,2026-02-16 12:07:08,Dr_Medici_03,,70,M,4,Medicina Interna,Alta
EP01473,Tratamiento,2026-02-16 12:53:51,Enf_Medici_02,,70,M,4,Medicina Interna,Alta
EP00082,Consulta médica,2026-02-16 13:13:04,Dr_Trauma_04,,83,F,4,Traumatología,Hospitalización
EP00082,Solicitud de examen,2026-02-16 13:27:21,Dr_Trauma_04,Imagenología,83,F,4,Traumatología,Hospitalización
EP01473,Alta,2026-02-16 13:43:22,Dr_Medici_03,,70,M,4,Medicina Interna,Alta
EP00082,Realización de examen,2026-02-16 19:51:46,Imagenologia,Imagenología,83,F,4,Traumatología,Hospitalización
EP00082,Evaluación de resultados,2026-02-16 21:06:47,Dr_Trauma_04,Imagenología,83,F,4,Traumatología,Hospitalización
EP00082,Tratamiento,2026-02-16 21:32:28,Enf_Trauma_03,,83,F,4,Traumatología,Hospitalización
EP01038,Registro del paciente,2026-02-17 02:19:58,Admision_02,,59,M,3,Emergencias,Alta
EP01038,Triage,2026-02-17 03:16:27,Enf_Triage_02,,59,M,3,Emergencias,Alta
EP00082,Ingreso a hospitalización,2026-02-17 04:11:03,Gestion_Camas,,83,F,4,Traumatología,Hospitalización
EP01038,Consulta médica,2026-02-17 08:43:16,Dr_Emerge_01,,59,M,3,Emergencias,Alta
EP00164,Registro del paciente,2026-02-17 09:09:04,Admision_03,,38,F,2,Traumatología,Hospitalización
EP01038,Tratamiento,2026-02-17 09:20:39,Enf_Emerge_03,,59,M,3,Emergencias,Alta
EP00164,Triage,2026-02-17 09:27:50,Enf_Triage_01,,38,F,2,Traumatología,Hospitalización
EP00336,Registro del paciente,2026-02-17 09:45:16,Admision_03,,7,F,4,Pediatría,Alta
EP00164,Consulta médica,2026-02-17 09:55:16,Dr_Trauma_03,,38,F,2,Traumatología,Hospitalización
EP00164,Solicitud de examen,2026-02-17 10:01:13,Dr_Trauma_03,Laboratorio,38,F,2,Traumatología,Hospitalización
EP00336,Triage,2026-02-17 10:18:35,Enf_Triage_02,,7,F,4,Pediatría,Alta
EP01038,Alta,2026-02-17 10:31:52,Dr_Emerge_01,,59,M,3,Emergencias,Alta
EP00164,Realización de examen,2026-02-17 10:53:22,Laboratorio_Clinico,Laboratorio,38,F,2,Traumatología,Hospitalización
EP00164,Evaluación de resultados,2026-02-17 11:28:30,Dr_Trauma_03,Laboratorio,38,F,2,Traumatología,Hospitalización
EP00164,Solicitud de examen,2026-02-17 11:38:36,Dr_Trauma_03,Imagenología,38,F,2,Traumatología,Hospitalización
EP00336,Consulta médica,2026-02-17 13:52:55,Dr_Pediat_02,,7,F,4,Pediatría,Alta
EP00336,Solicitud de examen,2026-02-17 14:06:01,Dr_Pediat_02,Imagenología,7,F,4,Pediatría,Alta
EP00164,Realización de examen,2026-02-17 14:33:16,Imagenologia,Imagenología,38,F,2,Traumatología,Hospitalización
EP00327,Registro del paciente,2026-02-17 16:07:51,Admision_03,,25,M,2,Medicina Interna,Alta
EP00327,Triage,2026-02-17 16:28:54,Enf_Triage_02,,25,M,2,Medicina Interna,Alta
EP00201,Registro del paciente,2026-02-17 16:34:46,Admision_02,,15,M,3,Traumatología,Traslado
EP00164,Evaluación de resultados,2026-02-17 16:51:29,Dr_Trauma_03,Imagenología,38,F,2,Traumatología,Hospitalización
EP00336,Realización de examen,2026-02-17 16:57:46,Imagenologia,Imagenología,7,F,4,Pediatría,Alta
EP00201,Triage,2026-02-17 17:05:06,Enf_Triage_02,,15,M,3,Traumatología,Traslado
EP00327,Consulta médica,2026-02-17 17:11:30,Dr_Medici_03,,25,M,2,Medicina Interna,Alta
EP00327,Solicitud de examen,2026-02-17 17:20:58,Dr_Medici_03,Imagenología,25,M,2,Medicina Interna,Alta
EP00164,Tratamiento,2026-02-17 17:44:05,Enf_Trauma_03,,38,F,2,Traumatología,Hospitalización
EP00201,Consulta médica,2026-02-17 17:47:25,Dr_Trauma_03,,15,M,3,Traumatología,Traslado
EP00201,Solicitud de examen,2026-02-17 18:01:18,Dr_Trauma_03,Imagenología,15,M,3,Traumatología,Traslado
EP00149,Registro del paciente,2026-02-17 18:16:28,Admision_02,,31,F,4,Emergencias,Alta
EP00149,Triage,2026-02-17 18:49:24,Enf_Triage_02,,31,F,4,Emergencias,Alta
EP00336,Evaluación de resultados,2026-02-17 18:59:46,Dr_Pediat_02,Imagenología,7,F,4,Pediatría,Alta
EP00336,Tratamiento,2026-02-17 19:23:22,Enf_Pediat_03,,7,F,4,Pediatría,Alta
EP00514,Registro del paciente,2026-02-17 19:27:32,Admision_01,,74,F,4,Emergencias,Alta
EP00336,Alta,2026-02-17 19:49:24,Dr_Pediat_02,,7,F,4,Pediatría,Alta
EP00327,Realización de examen,2026-02-17 20:08:04,Imagenologia,Imagenología,25,M,2,Medicina Interna,Alta
EP00327,Evaluación de resultados,2026-02-17 21:10:37,Dr_Medici_03,Imagenología,25,M,2,Medicina Interna,Alta
EP00514,Triage,2026-02-17 21:11:57,Enf_Triage_03,,74,F,4,Emergencias,Alta
EP00149,Consulta médica,2026-02-17 22:34:32,Dr_Emerge_02,,31,F,4,Emergencias,Alta
EP00327,Tratamiento,2026-02-17 22:44:00,Enf_Medici_04,,25,M,2,Medicina Interna,Alta
EP00149,Tratamiento,2026-02-17 23:01:44,Enf_Emerge_01,,31,F,4,Emergencias,Alta
EP00631,Registro del paciente,2026-02-18 00:01:43,Admision_02,,20,F,2,Medicina Interna,Hospitalización
EP01483,Registro del paciente,2026-02-18 00:14:19,Admision_03,,20,F,4,Traumatología,Alta
EP00631,Triage,2026-02-18 00:18:05,Enf_Triage_01,,20,F,2,Medicina Interna,Hospitalización
EP00201,Realización de examen,2026-02-18 00:38:35,Imagenologia,Imagenología,15,M,3,Traumatología,Traslado
EP00327,Alta,2026-02-18 00:40:14,Dr_Medici_03,,25,M,2,Medicina Interna,Alta
EP00631,Consulta médica,2026-02-18 00:43:19,Dr_Medici_03,,20,F,2,Medicina Interna,Hospitalización
EP00149,Alta,2026-02-18 00:50:04,Dr_Emerge_02,,31,F,4,Emergencias,Alta
EP01483,Triage,2026-02-18 00:51:38,Enf_Triage_01,,20,F,4,Traumatología,Alta
EP00631,Solicitud de examen,2026-02-18 00:52:55,Dr_Medici_03,Laboratorio,20,F,2,Medicina Interna,Hospitalización
EP01017,Registro del paciente,2026-02-18 01:02:37,Admision_02,,52,F,3,Medicina Interna,Hospitalización
EP01017,Triage,2026-02-18 01:49:23,Enf_Triage_03,,52,F,3,Medicina Interna,Hospitalización
EP00201,Evaluación de resultados,2026-02-18 01:56:03,Dr_Trauma_03,Imagenología,15,M,3,Traumatología,Traslado
EP00514,Consulta médica,2026-02-18 02:02:04,Dr_Emerge_04,,74,F,4,Emergencias,Alta
EP00631,Realización de examen,2026-02-18 02:11:32,Laboratorio_Clinico,Laboratorio,20,F,2,Medicina Interna,Hospitalización
EP00201,Tratamiento,2026-02-18 02:18:10,Enf_Trauma_01,,15,M,3,Traumatología,Traslado
EP00514,Tratamiento,2026-02-18 02:29:41,Enf_Emerge_02,,74,F,4,Emergencias,Alta
EP00514,Alta,2026-02-18 03:49:22,Dr_Emerge_04,,74,F,4,Emergencias,Alta
EP01483,Consulta médica,2026-02-18 03:55:11,Dr_Trauma_03,,20,F,4,Traumatología,Alta
EP01483,Solicitud de examen,2026-02-18 04:00:38,Dr_Trauma_03,Imagenología,20,F,4,Traumatología,Alta
EP01017,Consulta médica,2026-02-18 04:02:12,Dr_Medici_03,,52,F,3,Medicina Interna,Hospitalización
EP01017,Solicitud de examen,2026-02-18 04:09:07,Dr_Medici_03,Imagenología,52,F,3,Medicina Interna,Hospitalización
EP00201,Traslado a otro centro,2026-02-18 05:06:25,Admision_01,,15,M,3,Traumatología,Traslado
EP00433,Registro del paciente,2026-02-18 05:14:02,Admision_03,,58,M,1,Emergencias,Hospitalización
EP00433,Triage,2026-02-18 05:17:03,Enf_Triage_02,,58,M,1,Emergencias,Hospitalización
EP00433,Consulta médica,2026-02-18 05:21:45,Dr_Emerge_03,,58,M,1,Emergencias,Hospitalización
EP00164,Ingreso a hospitalización,2026-02-18 05:35:25,Gestion_Camas,,38,F,2,Traumatología,Hospitalización
EP00433,Tratamiento,2026-02-18 05:56:37,Enf_Emerge_02,,58,M,1,Emergencias,Hospitalización
EP00631,Evaluación de resultados,2026-02-18 06:00:30,Dr_Medici_03,Laboratorio,20,F,2,Medicina Interna,Hospitalización
EP00631,Solicitud de examen,2026-02-18 06:07:00,Dr_Medici_03,Laboratorio,20,F,2,Medicina Interna,Hospitalización
EP00631,Realización de examen,2026-02-18 07:03:56,Laboratorio_Clinico,Laboratorio,20,F,2,Medicina Interna,Hospitalización
EP00631,Evaluación de resultados,2026-02-18 07:33:43,Dr_Medici_03,Laboratorio,20,F,2,Medicina Interna,Hospitalización
EP00631,Tratamiento,2026-02-18 08:28:21,Enf_Medici_03,,20,F,2,Medicina Interna,Hospitalización
EP00364,Registro del paciente,2026-02-18 09:32:27,Admision_01,,55,M,5,Emergencias,Alta
EP00558,Registro del paciente,2026-02-18 09:53:52,Admision_01,,47,M,4,Traumatología,Alta
EP00558,Triage,2026-02-18 10:19:57,Enf_Triage_03,,47,M,4,Traumatología,Alta
EP00433,Ingreso a hospitalización,2026-02-18 10:25:21,Gestion_Camas,,58,M,1,Emergencias,Hospitalización
EP00364,Triage,2026-02-18 10:29:07,Enf_Triage_02,,55,M,5,Emergencias,Alta
EP01290,Registro del paciente,2026-02-18 10:58:19,Admision_03,,30,F,3,Emergencias,Alta
EP01290,Triage,2026-02-18 11:38:53,Enf_Triage_02,,30,F,3,Emergencias,Alta
EP01290,Consulta médica,2026-02-18 12:38:47,Dr_Emerge_04,,30,F,3,Emergencias,Alta
EP00364,Consulta médica,2026-02-18 13:21:35,Dr_Emerge_03,,55,M,5,Emergencias,Alta
EP00364,Solicitud de examen,2026-02-18 13:46:22,Dr_Emerge_03,Laboratorio,55,M,5,Emergencias,Alta
EP00631,Ingreso a hospitalización,2026-02-18 14:07:13,Gestion_Camas,,20,F,2,Medicina Interna,Hospitalización
EP00819,Registro del paciente,2026-02-18 14:13:39,Admision_02,,50,F,5,Traumatología,Alta
EP00364,Realización de examen,2026-02-18 14:36:17,Laboratorio_Clinico,Laboratorio,55,M,5,Emergencias,Alta
EP00819,Triage,2026-02-18 15:04:53,Enf_Triage_02,,50,F,5,Traumatología,Alta
EP00364,Evaluación de resultados,2026-02-18 15:17:54,Dr_Emerge_03,Laboratorio,55,M,5,Emergencias,Alta
EP00364,Solicitud de examen,2026-02-18 15:28:06,Dr_Emerge_03,Imagenología,55,M,5,Emergencias,Alta
EP01290,Consulta médica,2026-02-18 16:01:49,Dr_Emerge_04,,30,F,3,Emergencias,Alta
EP00487,Registro del paciente,2026-02-18 16:12:17,Admision_02,,92,M,3,Traumatología,Alta
EP01186,Registro del paciente,2026-02-18 16:27:24,Admision_02,,46,F,2,Emergencias,Hospitalización
EP01290,Tratamiento,2026-02-18 16:31:52,Enf_Emerge_01,,30,F,3,Emergencias,Alta
EP01186,Triage,2026-02-18 16:47:39,Enf_Triage_03,,46,F,2,Emergencias,Hospitalización
EP00487,Triage,2026-02-18 16:48:03,Enf_Triage_03,,92,M,3,Traumatología,Alta
EP00179,Registro del paciente,2026-02-18 16:53:24,Admision_03,,53,F,3,Emergencias,Alta
EP01186,Consulta médica,2026-02-18 17:31:42,Dr_Emerge_01,,46,F,2,Emergencias,Hospitalización
EP00179,Triage,2026-02-18 17:37:47,Enf_Triage_01,,53,F,3,Emergencias,Alta
EP01186,Solicitud de examen,2026-02-18 17:48:55,Dr_Emerge_01,Imagenología,46,F,2,Emergencias,Hospitalización
EP00935,Registro del paciente,2026-02-18 18:05:21,Admision_03,,48,M,5,Emergencias,Alta
EP00098,Registro del paciente,2026-02-18 18:17:36,Admision_02,,31,M,1,Emergencias,Hospitalización
EP01290,Alta,2026-02-18 18:18:06,Dr_Emerge_04,,30,F,3,Emergencias,Alta
EP00098,Triage,2026-02-18 18:20:37,Enf_Triage_02,,31,M,1,Emergencias,Hospitalización
EP00819,Consulta médica,2026-02-18 18:29:15,Dr_Trauma_03,,50,F,5,Traumatología,Alta
EP00098,Consulta médica,2026-02-18 18:31:06,Dr_Emerge_04,,31,M,1,Emergencias,Hospitalización
EP00558,Consulta médica,2026-02-18 18:33:52,Dr_Trauma_03,,47,M,4,Traumatología,Alta
EP00558,Solicitud de examen,2026-02-18 18:45:26,Dr_Trauma_03,Imagenología,47,M,4,Traumatología,Alta
EP00819,Tratamiento,2026-02-18 19:08:12,Enf_Trauma_04,,50,F,5,Traumatología,Alta
EP00179,Consulta médica,2026-02-18 19:08:35,Dr_Emerge_01,,53,F,3,Emergencias,Alta
EP00935,Triage,2026-02-18 19:12:36,Enf_Triage_03,,48,M,5,Emergencias,Alta
EP00098,Tratamiento,2026-02-18 19:29:37,Enf_Emerge_03,,31,M,1,Emergencias,Hospitalización
EP00819,Alta,2026-02-18 19:29:49,Dr_Trauma_03,,50,F,5,Traumatología,Alta
EP00487,Consulta médica,2026-02-18 19:35:52,Dr_Trauma_02,,92,M,3,Traumatología,Alta
EP00364,Realización de examen,2026-02-18 19:37:13,Imagenologia,Imagenología,55,M,5,Emergencias,Alta
EP00179,Tratamiento,2026-02-18 19:38:41,Enf_Emerge_01,,53,F,3,Emergencias,Alta
EP00487,Solicitud de examen,2026-02-18 19:50:04,Dr_Trauma_02,Laboratorio,92,M,3,Traumatología,Alta
EP00903,Registro del paciente,2026-02-18 20:01:05,Admision_02,,15,F,3,Emergencias,Alta
EP00903,Triage,2026-02-18 20:24:57,Enf_Triage_01,,15,F,3,Emergencias,Alta
EP00487,Realización de examen,2026-02-18 20:25:51,Laboratorio_Clinico,Laboratorio,92,M,3,Traumatología,Alta
EP01483,Realización de examen,2026-02-18 20:40:36,Imagenologia,Imagenología,20,F,4,Traumatología,Alta
EP00179,Alta,2026-02-18 20:40:55,Dr_Emerge_01,,53,F,3,Emergencias,Alta
EP00364,Evaluación de resultados,2026-02-18 20:47:43,Dr_Emerge_03,Imagenología,55,M,5,Emergencias,Alta
EP01186,Realización de examen,2026-02-18 20:49:38,Imagenologia,Imagenología,46,F,2,Emergencias,Hospitalización
EP00487,Evaluación de resultados,2026-02-18 21:25:44,Dr_Trauma_02,Laboratorio,92,M,3,Traumatología,Alta
EP00364,Tratamiento,2026-02-18 21:30:31,Enf_Emerge_02,,55,M,5,Emergencias,Alta
EP00487,Solicitud de examen,2026-02-18 21:43:30,Dr_Trauma_02,Imagenología,92,M,3,Traumatología,Alta
EP00364,Alta,2026-02-18 22:01:58,Dr_Emerge_03,,55,M,5,Emergencias,Alta
EP00558,Realización de examen,2026-02-18 22:11:45,Imagenologia,Imagenología,47,M,4,Traumatología,Alta
EP01483,Evaluación de resultados,2026-02-18 22:29:36,Dr_Trauma_03,Imagenología,20,F,4,Traumatología,Alta
EP00098,Ingreso a hospitalización,2026-02-18 22:33:08,Gestion_Camas,,31,M,1,Emergencias,Hospitalización
EP01483,Tratamiento,2026-02-18 22:56:39,Enf_Trauma_03,,20,F,4,Traumatología,Alta
EP01017,Realización de examen,2026-02-18 23:29:44,Imagenologia,Imagenología,52,F,3,Medicina Interna,Hospitalización
EP00558,Evaluación de resultados,2026-02-18 23:47:40,Dr_Trauma_03,Imagenología,47,M,4,Traumatología,Alta
EP01483,Alta,2026-02-19 00:37:44,Dr_Trauma_03,,20,F,4,Traumatología,Alta
EP00903,Consulta médica,2026-02-19 01:06:55,Dr_Emerge_01,,15,F,3,Emergencias,Alta
EP01186,Evaluación de resultados,2026-02-19 01:08:25,Dr_Emerge_01,Imagenología,46,F,2,Emergencias,Hospitalización
EP00487,Realización de examen,2026-02-19 01:31:02,Imagenologia,Imagenología,92,M,3,Traumatología,Alta
EP01186,Solicitud de examen,2026-02-19 01:32:09,Dr_Emerge_01,Imagenología,46,F,2,Emergencias,Hospitalización
EP01017,Evaluación de resultados,2026-02-19 01:54:36,Dr_Medici_03,Imagenología,52,F,3,Medicina Interna,Hospitalización
EP00903,Tratamiento,2026-02-19 01:56:41,Enf_Emerge_04,,15,F,3,Emergencias,Alta
EP00903,Alta,2026-02-19 02:44:17,Dr_Emerge_01,,15,F,3,Emergencias,Alta
EP01458,Registro del paciente,2026-02-19 02:59:19,Admision_03,,27,F,3,Medicina Interna,Alta
EP00487,Evaluación de resultados,2026-02-19 03:04:35,Dr_Trauma_02,Imagenología,92,M,3,Traumatología,Alta
EP00487,Solicitud de examen,2026-02-19 03:07:08,Dr_Trauma_02,Imagenología,92,M,3,Traumatología,Alta
EP01169,Registro del paciente,2026-02-19 03:09:46,Admision_03,,80,M,4,Emergencias,Alta
EP01458,Triage,2026-02-19 03:12:34,Enf_Triage_02,,27,F,3,Medicina Interna,Alta
EP01458,Triage,2026-02-19 03:12:34,Enf_Triage_02,,27,F,3,Medicina Interna,Alta
EP01017,Tratamiento,2026-02-19 03:38:37,Enf_Medici_03,,52,F,3,Medicina Interna,Hospitalización
EP01169,Triage,2026-02-19 03:45:10,Enf_Triage_03,,80,M,4,Emergencias,Alta
EP01458,Consulta médica,2026-02-19 04:58:30,Dr_Medici_01,,27,F,3,Medicina Interna,Alta
EP01458,Tratamiento,2026-02-19 05:48:45,Enf_Medici_01,,27,F,3,Medicina Interna,Alta
EP01458,Alta,2026-02-19 07:00:40,Dr_Medici_01,,27,F,3,Medicina Interna,Alta
EP01017,Ingreso a hospitalización,2026-02-19 08:00:02,Gestion_Camas,,52,F,3,Medicina Interna,Hospitalización
EP01169,Consulta médica,2026-02-19 08:02:00,Dr_Emerge_01,,80,M,4,Emergencias,Alta
EP01169,Solicitud de examen,2026-02-19 08:09:25,Dr_Emerge_01,Imagenología,80,M,4,Emergencias,Alta
EP00826,Registro del paciente,2026-02-19 08:25:40,Admision_01,,37,M,2,Medicina Interna,Hospitalización
EP01234,Registro del paciente,2026-02-19 08:31:24,Admision_01,,56,F,4,Traumatología,Traslado
EP00826,Triage,2026-02-19 08:41:34,Enf_Triage_01,,37,M,2,Medicina Interna,Hospitalización
EP01234,Triage,2026-02-19 09:00:22,Enf_Triage_03,,56,F,4,Traumatología,Traslado
EP00826,consulta médica,2026-02-19 09:16:39,Dr_Medici_04,,37,M,2,Medicina Interna,Hospitalización
EP00826,Solicitud de examen,2026-02-19 09:32:51,Dr_Medici_04,Laboratorio,37,M,2,Medicina Interna,Hospitalización
EP01234,Consulta médica,2026-02-19 10:02:10,Dr_Trauma_01,,56,F,4,Traumatología,Traslado
EP01186,Realización de examen,2026-02-19 10:14:16,Imagenologia,Imagenología,46,F,2,Emergencias,Hospitalización
EP00826,Realización de examen,2026-02-19 10:29:12,Laboratorio_Clinico,Laboratorio,37,M,2,Medicina Interna,Hospitalización
EP01186,Evaluación de resultados,2026-02-19 10:39:06,Dr_Emerge_01,Imagenología,46,F,2,Emergencias,Hospitalización
EP01169,Realización de examen,2026-02-19 11:16:51,Imagenologia,Imagenología,80,M,4,Emergencias,Alta
EP01234,Tratamiento,2026-02-19 11:22:57,Enf_Trauma_02,,56,F,4,Traumatología,Traslado
EP00870,Registro del paciente,2026-02-19 12:10:11,Admision_03,,81,F,3,Emergencias,Alta
EP01186,Consulta médica,2026-02-19 12:15:38,Dr_Emerge_01,,46,F,2,Emergencias,Hospitalización
EP00826,Evaluación de resultados,2026-02-19 12:20:22,Dr_Medici_04,Laboratorio,37,M,2,Medicina Interna,Hospitalización
EP00445,Registro del paciente,2026-02-19 12:39:56,Admision_01,,68,F,3,Medicina Interna,Alta
EP00826,Tratamiento,2026-02-19 12:40:25,Enf_Medici_01,,37,M,2,Medicina Interna,Hospitalización
EP00870,Triage,2026-02-19 13:12:13,Enf_Triage_01,,81,F,3,Emergencias,Alta
EP01234,Traslado a otro centro,2026-02-19 13:15:13,Admision_01,,56,F,4,Traumatología,Traslado
EP00445,Triage,2026-02-19 13:16:53,Enf_Triage_02,,68,F,3,Medicina Interna,Alta
EP01186,Tratamiento,2026-02-19 13:22:06,Enf_Emerge_04,,46,F,2,Emergencias,Hospitalización
EP01169,Evaluación de resultados,2026-02-19 13:38:49,Dr_Emerge_01,Imagenología,80,M,4,Emergencias,Alta
EP00445,Consulta médica,2026-02-19 13:45:32,Dr_Medici_01,,68,F,3,Medicina Interna,Alta
EP00995,Registro del paciente,2026-02-19 14:04:24,Admision_01,,53,F,3,Medicina Interna,Alta
EP00995,Triage,2026-02-19 14:40:08,Enf_Triage_02,,53,F,3,Medicina Interna,Alta
EP01169,Tratamiento,2026-02-19 14:52:30,Enf_Emerge_03,,80,M,4,Emergencias,Alta
EP00870,Consulta médica,2026-02-19 15:14:13,Dr_Emerge_04,,81,F,3,Emergencias,Alta
EP00935,Consulta médica,2026-02-19 15:28:09,Dr_Emerge_03,,48,M,5,Emergencias,Alta
EP00445,Consulta médica,2026-02-19 15:31:56,Dr_Medici_01,,68,F,3,Medicina Interna,Alta
EP01169,Alta,2026-02-19 15:57:18,Dr_Emerge_01,,80,M,4,Emergencias,Alta
EP00870,Tratamiento,2026-02-19 16:20:20,Enf_Emerge_04,,81,F,3,Emergencias,Alta
EP00826,Ingreso a hospitalización,2026-02-19 16:26:44,Gestion_Camas,,37,M,2,Medicina Interna,Hospitalización
EP00935,Tratamiento,2026-02-19 16:38:56,Enf_Emerge_03,,48,M,5,Emergencias,Alta
EP00445,Tratamiento,2026-02-19 16:42:52,Enf_Medici_04,,68,F,3,Medicina Interna,Alta
EP00487,Realización de examen,2026-02-19 16:47:18,Imagenologia,Imagenología,92,M,3,Traumatología,Alta
EP00995,Consulta médica,2026-02-19 16:53:24,Dr_Medici_02,,53,F,3,Medicina Interna,Alta
EP00558,Interconsulta especialista,2026-02-19 16:59:30,Especialista_03,,47,M,4,Traumatología,Alta
EP00995,Solicitud de examen,2026-02-19 17:06:39,Dr_Medici_02,Laboratorio,53,F,3,Medicina Interna,Alta
EP00870,Alta,2026-02-19 17:12:56,Dr_Emerge_04,,81,F,3,Emergencias,Alta
EP00086,Registro del paciente,2026-02-19 17:30:45,Admision_01,,15,F,3,Emergencias,Alta
EP00558,Tratamiento,2026-02-19 17:35:48,Enf_Trauma_02,,47,M,4,Traumatología,Alta
EP00487,Evaluación de resultados,2026-02-19 17:52:00,Dr_Trauma_02,Imagenología,92,M,3,Traumatología,Alta
EP00086,Triage,2026-02-19 17:55:05,Enf_Triage_01,,15,F,3,Emergencias,Alta
EP00445,Alta,2026-02-19 18:05:38,Dr_Medici_01,,68,F,3,Medicina Interna,Alta
EP00935,Alta,2026-02-19 18:15:11,Dr_Emerge_03,,48,M,5,Emergencias,Alta
EP00487,Tratamiento,2026-02-19 18:29:38,Enf_Trauma_02,,92,M,3,Traumatología,Alta
EP00995,Realización de examen,2026-02-19 18:42:14,Laboratorio_Clinico,Laboratorio,53,F,3,Medicina Interna,Alta
EP00086,Consulta médica,2026-02-19 18:50:44,Dr_Emerge_03,,15,F,3,Emergencias,Alta
EP00558,Alta,2026-02-19 19:23:13,Dr_Trauma_03,,47,M,4,Traumatología,Alta
EP00995,Evaluación de resultados,2026-02-19 19:28:05,Dr_Medici_02,Laboratorio,53,F,3,Medicina Interna,Alta
EP00086,Tratamiento,2026-02-19 19:38:31,Enf_Emerge_03,,15,F,3,Emergencias,Alta
EP00487,Alta,2026-02-19 20:00:55,Dr_Trauma_02,,92,M,3,Traumatología,Alta
EP01186,Ingreso a hospitalización,2026-02-19 20:19:18,Gestion_Camas,,46,F,2,Emergencias,Hospitalización
EP00995,Tratamiento,2026-02-19 20:20:35,Enf_Medici_03,,53,F,3,Medicina Interna,Alta
EP00995,Alta,2026-02-19 21:36:27,Dr_Medici_02,,53,F,3,Medicina Interna,Alta
EP00086,Alta,2026-02-19 21:45:42,Dr_Emerge_03,,15,F,3,Emergencias,Alta
EP00720,Registro del paciente,2026-02-19 22:33:25,Admision_02,,69,M,5,Emergencias,Alta
EP00720,Triage,2026-02-19 23:23:43,Enf_Triage_03,,69,M,5,Emergencias,Alta
EP00360,Registro del paciente,2026-02-19 23:58:24,Admision_02,,64,F,4,Emergencias,Alta
EP00360,Triage,2026-02-20 00:16:46,Enf_Triage_01,,64,F,4,Emergencias,Alta
EP01268,Registro del paciente,2026-02-20 02:15:40,Admision_03,,4,F,5,Pediatría,Alta
EP00360,Consulta médica,2026-02-20 02:27:35,Dr_Emerge_01,,64,F,4,Emergencias,Alta
EP00360,Solicitud de examen,2026-02-20 02:47:42,Dr_Emerge_01,Imagenología,64,F,4,Emergencias,Alta
EP01268,Triage,2026-02-20 03:05:10,Enf_Triage_01,,4,F,5,Pediatría,Alta
EP00815,Registro del paciente,2026-02-20 03:47:54,Admision_01,,5,F,3,Pediatría,Alta
EP00815,Triage,2026-02-20 04:18:58,Enf_Triage_02,,5,F,3,Pediatría,Alta
EP00815,Consulta médica,2026-02-20 05:16:51,Dr_Pediat_03,,5,F,3,Pediatría,Alta
EP00815,Tratamiento,2026-02-20 05:54:47,Enf_Pediat_02,,5,F,3,Pediatría,Alta
EP00616,Registro del paciente,2026-02-20 05:58:37,Admision_01,,60,F,5,Emergencias,Alta
EP00360,Realización de examen,2026-02-20 06:22:45,Imagenologia,Imagenología,64,F,4,Emergencias,Alta
EP00815,Alta,2026-02-20 07:06:47,Dr_Pediat_03,,5,F,3,Pediatría,Alta
EP00616,Triage,2026-02-20 07:08:44,Enf_Triage_03,,60,F,5,Emergencias,Alta
EP00360,Evaluación de resultados,2026-02-20 07:42:50,Dr_Emerge_01,Imagenología,64,F,4,Emergencias,Alta
EP00720,Consulta médica,2026-02-20 08:04:14,Dr_Emerge_03,,69,M,5,Emergencias,Alta
EP00360,Tratamiento,2026-02-20 08:08:49,Enf_Emerge_02,,64,F,4,Emergencias,Alta
EP00360,Alta,2026-02-20 08:43:42,Dr_Emerge_01,,64,F,4,Emergencias,Alta
EP00720,Tratamiento ,2026-02-20 08:53:02,Enf_Emerge_02,,69,M,5,Emergencias,Alta
EP00720,Alta,2026-02-20 10:11:49,Dr_Emerge_03,,69,M,5,Emergencias,Alta
EP01268,Consulta médica,2026-02-20 10:18:14,Dr_Pediat_03,,4,F,5,Pediatría,Alta
EP00277,Registro del paciente,2026-02-20 11:20:52,Admision_02,,69,M,4,Emergencias,Alta
EP01268,Tratamiento,2026-02-20 11:46:34,Enf_Pediat_02,,4,F,5,Pediatría,Alta
EP00277,Triage,2026-02-20 12:06:44,Enf_Triage_01,,69,M,4,Emergencias,Alta
EP01268,Alta,2026-02-20 12:23:33,Dr_Pediat_03,,4,F,5,Pediatría,Alta
EP01440,Registro del paciente,2026-02-20 12:42:16,Admision_02,,77,F,3,Emergencias,Hospitalización
EP00616,Consulta médica,2026-02-20 13:07:23,Dr_Emerge_04,,60,F,5,Emergencias,Alta
EP01440,Triage,2026-02-20 13:20:41,Enf_Triage_01,,77,F,3,Emergencias,Hospitalización
EP00375,Registro del paciente,2026-02-20 13:59:31,Admision_02,,51,F,3,Emergencias,Alta
EP00375,Triage,2026-02-20 14:20:40,Enf_Triage_02,,51,F,3,Emergencias,Alta
EP00277,Consulta médica,2026-02-20 14:38:27,Dr_Emerge_02,,69,M,4,Emergencias,Alta
EP00277,Solicitud de examen,2026-02-20 14:46:15,Dr_Emerge_02,Laboratorio,69,M,4,Emergencias,Alta
EP01113,Registro del paciente,2026-02-20 15:23:42,Admision_03,,36,M,4,Emergencias,Alta
EP01113,Triage,2026-02-20 15:59:21,Enf_Triage_02,,36,M,4,Emergencias,Alta
EP00616,Interconsulta especialista,2026-02-20 16:03:12,Especialista_03,,60,F,5,Emergencias,Alta
EP00375,Consulta médica,2026-02-20 16:20:33,Dr_Emerge_03,,51,F,3,Emergencias,Alta
EP00277,Realización de examen,2026-02-20 16:29:01,Laboratorio_Clinico,Laboratorio,69,M,4,Emergencias,Alta
EP00616,Tratamiento,2026-02-20 16:46:43,Enf_Emerge_04,,60,F,5,Emergencias,Alta
EP00375,Solicitud de examen,2026-02-20 16:48:14,Dr_Emerge_03,Laboratorio,51,F,3,Emergencias,Alta
EP00244,Registro del paciente,2026-02-20 16:54:25,Admision_01,,44,F,3,Emergencias,Traslado
EP00528,Registro del paciente,2026-02-20 16:57:41,Admision_01,,48,F,3,Medicina Interna,Alta
EP00244,Triage,2026-02-20 17:17:11,Enf_Triage_02,,44,F,3,Emergencias,Traslado
EP01440,Consulta médica,2026-02-20 17:30:49,Dr_Emerge_03,,77,F,3,Emergencias,Hospitalización
EP00528,Triage,2026-02-20 17:34:08,Enf_Triage_02,,48,F,3,Medicina Interna,Alta
EP00277,Evaluación de resultados,2026-02-20 17:38:47,Dr_Emerge_02,Laboratorio,69,M,4,Emergencias,Alta
EP00375,Realización de examen,2026-02-20 17:56:48,Laboratorio_Clinico,Laboratorio,51,F,3,Emergencias,Alta
EP01440,Tratamiento,2026-02-20 18:12:37,Enf_Emerge_01,,77,F,3,Emergencias,Hospitalización
EP00616,Alta,2026-02-20 18:13:06,Dr_Emerge_04,,60,F,5,Emergencias,Alta
EP01378,Registro del paciente,2026-02-20 18:44:54,Admision_02,,69,F,3,Emergencias,Alta
EP00375,Evaluación de resultados,2026-02-20 18:53:17,Dr_Emerge_03,Laboratorio,51,F,3,Emergencias,Alta
EP00244,Consulta médica,2026-02-20 18:56:48,Dr_Emerge_03,,44,F,3,Emergencias,Traslado
EP01113,Consulta médica,2026-02-20 18:58:31,Dr_Emerge_01,,36,M,4,Emergencias,Alta
EP01112,Registro del paciente,2026-02-20 19:01:48,Admision_03,,36,F,2,Medicina Interna,Alta
EP01378,Triage,2026-02-20 19:10:36,Enf_Triage_02,,69,F,3,Emergencias,Alta
EP00277,Interconsulta especialista,2026-02-20 19:20:00,Especialista_04,,69,M,4,Emergencias,Alta
EP00528,Consulta médica,2026-02-20 19:25:00,Dr_Medici_01,,48,F,3,Medicina Interna,Alta
EP00244,Tratamiento,2026-02-20 19:34:59,Enf_Emerge_04,,44,F,3,Emergencias,Traslado
EP01113,Tratamiento,2026-02-20 19:41:12,Enf_Emerge_03,,36,M,4,Emergencias,Alta
EP01112,Triage,2026-02-20 19:43:34,Enf_Triage_03,,36,F,2,Medicina Interna,Alta
EP00528,Tratamiento,2026-02-20 19:55:58,Enf_Medici_01,,48,F,3,Medicina Interna,Alta
EP00277,Tratamiento,2026-02-20 19:58:48,Enf_Emerge_01,,69,M,4,Emergencias,Alta
EP01113,Alta,2026-02-20 20:25:46,Dr_Emerge_01,,36,M,4,Emergencias,Alta
EP00277,Alta,2026-02-20 20:41:20,Dr_Emerge_02,,69,M,4,Emergencias,Alta
EP01112,Consulta médica,2026-02-20 20:52:10,Dr_Medici_01,,36,F,2,Medicina Interna,Alta
EP01112,Solicitud de examen,2026-02-20 21:07:30,Dr_Medici_01,Laboratorio,36,F,2,Medicina Interna,Alta
EP00528,Alta,2026-02-20 21:08:29,Dr_Medici_01,,48,F,3,Medicina Interna,Alta
EP00375,Consulta médica,2026-02-20 21:12:16,Dr_Emerge_03,,51,F,3,Emergencias,Alta
EP00244,Traslado a otro centro,2026-02-20 21:57:35,Admision_01,,44,F,3,Emergencias,Traslado
EP01112,Realización de examen,2026-02-20 21:58:49,Laboratorio_Clinico,Laboratorio,36,F,2,Medicina Interna,Alta
EP00375,Tratamiento,2026-02-20 22:06:06,Enf_Emerge_04,,51,F,3,Emergencias,Alta
EP01112,Evaluación de resultados,2026-02-20 22:51:21,Dr_Medici_01,Laboratorio,36,F,2,Medicina Interna,Alta
EP01378,Consulta médica,2026-02-20 23:04:59,Dr_Emerge_01,,69,F,3,Emergencias,Alta
EP01378,Solicitud de examen,2026-02-20 23:15:07,Dr_Emerge_01,Laboratorio,69,F,3,Emergencias,Alta
EP01378,Realización de examen,2026-02-21 00:05:14,Laboratorio_Clinico,Laboratorio,69,F,3,Emergencias,Alta
EP00375,Alta,2026-02-21 00:17:13,Dr_Emerge_03,,51,F,3,Emergencias,Alta
EP01112,Consulta médica,2026-02-21 00:32:28,Dr_Medici_01,,36,F,2,Medicina Interna,Alta
EP01378,Evaluación de resultados,2026-02-21 00:40:25,Dr_Emerge_01,Laboratorio,69,F,3,Emergencias,Alta
EP01378,Tratamiento,2026-02-21 01:05:30,Enf_Emerge_04,,69,F,3,Emergencias,Alta
EP01112,Tratamiento,2026-02-21 01:13:10,Enf_Medici_01,,36,F,2,Medicina Interna,Alta
EP01440,Ingreso a hospitalización,2026-02-21 02:14:55,Gestion_Camas,,77,F,3,Emergencias,Hospitalización
EP01378,Alta,2026-02-21 02:39:48,Dr_Emerge_01,,69,F,3,Emergencias,Alta
EP01112,Alta,2026-02-21 02:59:24,Dr_Medici_01,,36,F,2,Medicina Interna,Alta
EP00565,Registro del paciente,2026-02-21 04:09:31,Admision_01,,70,M,3,Medicina Interna,Alta
EP00565,Triage,2026-02-21 04:23:17,Enf_Triage_01,,70,M,3,Medicina Interna,Alta
EP00565,Consulta médica,2026-02-21 05:17:33,Dr_Medici_01,,70,M,3,Medicina Interna,Alta
EP00565,Solicitud de examen,2026-02-21 05:36:45,Dr_Medici_01,Laboratorio,70,M,3,Medicina Interna,Alta
EP01294,Registro del paciente,2026-02-21 06:22:51,Admision_03,,37,M,3,Medicina Interna,Alta
EP01294,Triage,2026-02-21 07:04:46,Enf_Triage_02,,37,M,3,Medicina Interna,Alta
EP00565,Realización de examen,2026-02-21 07:36:24,Laboratorio_Clinico,Laboratorio,70,M,3,Medicina Interna,Alta
EP01294,Consulta médica,2026-02-21 08:12:09,Dr_Medici_01,,37,M,3,Medicina Interna,Alta
EP00990,Registro del paciente,2026-02-21 08:13:56,Admision_03,,22,M,2,Traumatología,Alta
EP00990,Triage,2026-02-21 08:46:02,Enf_Triage_03,,22,M,2,Traumatología,Alta
EP00990,Consulta médica,2026-02-21 08:57:58,Dr_Trauma_03,,22,M,2,Traumatología,Alta
EP00565,Evaluación de resultados,2026-02-21 09:10:29,Dr_Medici_01,Laboratorio,70,M,3,Medicina Interna,Alta
EP00565,Solicitud de examen,2026-02-21 09:24:36,Dr_Medici_01,Laboratorio,70,M,3,Medicina Interna,Alta
EP00990,Tratamiento,2026-02-21 09:26:24,Enf_Trauma_01,,22,M,2,Traumatología,Alta
EP00666,Registro del paciente,2026-02-21 09:55:36,Admision_03,,34,F,3,Emergencias,Alta
EP00666,Triage,2026-02-21 10:17:55,Enf_Triage_03,,34,F,3,Emergencias,Alta
EP00990,Alta,2026-02-21 10:19:30,Dr_Trauma_03,,22,M,2,Traumatología,Alta
EP00565,Realización de examen,2026-02-21 10:51:15,Laboratorio_Clinico,Laboratorio,70,M,3,Medicina Interna,Alta
EP00994,Registro del paciente,2026-02-21 11:03:28,Admision_03,,57,M,5,Medicina Interna,Alta
EP00565,Evaluación de resultados,2026-02-21 11:11:13,Dr_Medici_01,Laboratorio,70,M,3,Medicina Interna,Alta
EP00666,Consulta médica,2026-02-21 11:30:17,Dr_Emerge_02,,34,F,3,Emergencias,Alta
EP00666,Solicitud de examen,2026-02-21 11:36:47,Dr_Emerge_02,Laboratorio,34,F,3,Emergencias,Alta
EP00565,Tratamiento,2026-02-21 11:51:11,Enf_Medici_02,,70,M,3,Medicina Interna,Alta
EP00994,Triage,2026-02-21 11:51:53,Enf_Triage_02,,57,M,5,Medicina Interna,Alta
EP00550,Registro del paciente,2026-02-21 12:18:09,Admision_01,,6,M,5,Pediatría,Alta
EP00666,Realización de examen,2026-02-21 12:18:13,Laboratorio_Clinico,Laboratorio,34,F,3,Emergencias,Alta
EP00565,Alta,2026-02-21 12:54:47,Dr_Medici_01,,70,M,3,Medicina Interna,Alta
EP00550,Triage,2026-02-21 13:07:10,Enf_Triage_03,,6,M,5,Pediatría,Alta
EP00666,Evaluación de resultados,2026-02-21 13:31:30,Dr_Emerge_02,Laboratorio,34,F,3,Emergencias,Alta
EP00804,Registro del paciente,2026-02-21 13:53:19,Admision_03,,5,F,4,Pediatría,Alta
EP00804,Triage,2026-02-21 14:35:08,Enf_Triage_03,,5,F,4,Pediatría,Alta
EP01294,Interconsulta especialista,2026-02-21 15:17:38,Especialista_02,,37,M,3,Medicina Interna,Alta
EP01471,Registro del paciente,2026-02-21 15:30:14,Admision_03,,32,M,3,Medicina Interna,Hospitalización
EP01471,Triage,2026-02-21 15:47:28,Enf_Triage_03,,32,M,3,Medicina Interna,Hospitalización
EP01294,Tratamiento,2026-02-21 16:35:07,Enf_Medici_04,,37,M,3,Medicina Interna,Alta
EP00666,Interconsulta especialista,2026-02-21 16:48:50,Especialista_02,,34,F,3,Emergencias,Alta
EP00804,Consulta médica,2026-02-21 17:07:37,Dr_Pediat_04,,5,F,4,Pediatría,Alta
EP01270,Registro del paciente,2026-02-21 17:14:53,Admision_03,,44,M,3,Medicina Interna,Alta
EP01471,Consulta médica,2026-02-21 17:29:50,Dr_Medici_04,,32,M,3,Medicina Interna,Hospitalización
EP00666,Tratamiento,2026-02-21 17:32:11,Enf_Emerge_02,,34,F,3,Emergencias,Alta
EP01471,Solicitud de examen,2026-02-21 17:37:48,Dr_Medici_04,Laboratorio,32,M,3,Medicina Interna,Hospitalización
EP01270,Triage,2026-02-21 17:38:32,Enf_Triage_02,,44,M,3,Medicina Interna,Alta
EP00804,tratamiento,2026-02-21 17:42:48,Enf_Pediat_04,,5,F,4,Pediatría,Alta
EP01294,Alta,2026-02-21 17:44:30,Dr_Medici_01,,37,M,3,Medicina Interna,Alta
EP00804,Alta,2026-02-21 17:57:57,Dr_Pediat_04,,5,F,4,Pediatría,Alta
EP00994,Consulta médica,2026-02-21 17:58:36,Dr_Medici_02,,57,M,5,Medicina Interna,Alta
EP01471,Realización de examen,2026-02-21 18:08:13,Laboratorio_Clinico,Laboratorio,32,M,3,Medicina Interna,Hospitalización
EP01471,Evaluación de resultados,2026-02-21 18:37:34,Dr_Medici_04,Laboratorio,32,M,3,Medicina Interna,Hospitalización
EP00666,Alta,2026-02-21 18:54:46,Dr_Emerge_02,,34,F,3,Emergencias,Alta
EP01270,Consulta médica,2026-02-21 19:03:28,Dr_Medici_01,,44,M,3,Medicina Interna,Alta
EP01270,Solicitud de examen,2026-02-21 19:15:01,Dr_Medici_01,Imagenología,44,M,3,Medicina Interna,Alta
EP00266,Registro del paciente,2026-02-21 19:56:21,Admision_02,,7,F,3,Pediatría,Alta
EP01385,Registro del paciente,2026-02-21 20:04:41,Admision_02,,62,F,4,Medicina Interna,Alta
EP00266,Triage,2026-02-21 20:18:46,Enf_Triage_02,,7,F,3,Pediatría,Alta
EP01385,Triage,2026-02-21 20:29:19,Enf_Triage_02,,62,F,4,Medicina Interna,Alta
EP00994,Consulta médica,2026-02-21 21:04:54,Dr_Medici_02,,57,M,5,Medicina Interna,Alta
EP01471,Consulta médica,2026-02-21 21:16:14,Dr_Medici_04,,32,M,3,Medicina Interna,Hospitalización
EP00994,Tratamiento,2026-02-21 21:43:17,Enf_Medici_01,,57,M,5,Medicina Interna,Alta
EP01471,Tratamiento,2026-02-21 22:09:27,Enf_Medici_03,,32,M,3,Medicina Interna,Hospitalización
EP00994,Alta,2026-02-21 22:32:04,Dr_Medici_02,,57,M,5,Medicina Interna,Alta
EP01270,Realización de examen,2026-02-21 22:40:11,Imagenologia,Imagenología,44,M,3,Medicina Interna,Alta
EP00266,Consulta médica,2026-02-21 22:57:01,Dr_Pediat_02,,7,F,3,Pediatría,Alta
EP01270,Evaluación de resultados,2026-02-21 23:37:14,Dr_Medici_01,Imagenología,44,M,3,Medicina Interna,Alta
EP01003,Registro del paciente,2026-02-21 23:43:57,Admision_03,,1,M,2,Pediatría,Hospitalización
EP00204,Registro del paciente,2026-02-21 23:47:25,Admision_01,,43,F,2,Emergencias,Alta
EP00266,Tratamiento,2026-02-21 23:49:35,Enf_Pediat_01,,7,F,3,Pediatría,Alta
EP00550,Consulta médica,2026-02-21 23:52:25,Dr_Pediat_01,,6,M,5,Pediatría,Alta
EP01003,Triage,2026-02-21 23:56:28,Enf_Triage_03,,1,M,2,Pediatría,Hospitalización
EP00550,Solicitud de examen,2026-02-21 23:58:14,Dr_Pediat_01,Laboratorio,6,M,5,Pediatría,Alta
EP00204,triage,2026-02-22 00:05:58,Enf_Triage_03,,43,F,2,Emergencias,Alta
EP01270,Tratamiento,2026-02-22 00:06:46,Enf_Medici_04,,44,M,3,Medicina Interna,Alta
EP01003,Consulta médica,2026-02-22 00:25:01,Dr_Pediat_03,,1,M,2,Pediatría,Hospitalización
EP00266,Alta,2026-02-22 00:47:47,Dr_Pediat_02,,7,F,3,Pediatría,Alta
EP01003,Tratamiento,2026-02-22 00:52:24,Enf_Pediat_01,,1,M,2,Pediatría,Hospitalización
EP00550,Realización de examen,2026-02-22 00:56:54,Laboratorio_Clinico,Laboratorio,6,M,5,Pediatría,Alta
EP01270,Alta,2026-02-22 00:59:47,Dr_Medici_01,,44,M,3,Medicina Interna,Alta
EP00204,Consulta médica,2026-02-22 01:04:10,Dr_Emerge_04,,43,F,2,Emergencias,Alta
EP01385,Consulta médica,2026-02-22 02:00:27,Dr_Medici_03,,62,F,4,Medicina Interna,Alta
EP01385,Solicitud de examen,2026-02-22 02:06:10,Dr_Medici_03,Imagenología,62,F,4,Medicina Interna,Alta
EP00550,Evaluación de resultados,2026-02-22 02:26:30,Dr_Pediat_01,Laboratorio,6,M,5,Pediatría,Alta
EP01003,Ingreso a hospitalización,2026-02-22 03:27:57,Gestion_Camas,,1,M,2,Pediatría,Hospitalización
EP00550,Consulta médica,2026-02-22 03:44:50,Dr_Pediat_01,,6,M,5,Pediatría,Alta
EP00204,Interconsulta especialista,2026-02-22 04:09:22,Especialista_01,,43,F,2,Emergencias,Alta
EP00550,Tratamiento,2026-02-22 04:40:22,Enf_Pediat_03,,6,M,5,Pediatría,Alta
EP00550,Alta,2026-02-22 05:06:14,Dr_Pediat_01,,6,M,5,Pediatría,Alta
EP01471,Ingreso a hospitalización,2026-02-22 05:09:26,Gestion_Camas,,32,M,3,Medicina Interna,Hospitalización
EP00204,Tratamiento,2026-02-22 05:15:05,Enf_Emerge_01,,43,F,2,Emergencias,Alta
EP01225,Registro del paciente,2026-02-22 05:37:07,Admision_02,,40,M,4,Emergencias,Alta
EP00204,Alta,2026-02-22 05:47:22,Dr_Emerge_04,,43,F,2,Emergencias,Alta
EP01225,Triage,2026-02-22 06:00:17,Enf_Triage_03,,40,M,4,Emergencias,Alta
EP01385,Realización de examen,2026-02-22 06:24:05,Imagenologia,Imagenología,62,F,4,Medicina Interna,Alta
EP01385,Evaluación de resultados,2026-02-22 07:24:16,Dr_Medici_03,Imagenología,62,F,4,Medicina Interna,Alta
EP01385,Tratamiento,2026-02-22 08:14:43,Enf_Medici_03,,62,F,4,Medicina Interna,Alta
EP01225,Consulta médica,2026-02-22 09:11:34,Dr_Emerge_01,,40,M,4,Emergencias,Alta
EP00001,Registro del paciente,2026-02-22 09:23:05,Admision_02,,33,M,3,Medicina Interna,Hospitalización
EP01225,Tratamiento,2026-02-22 09:31:33,Enf_Emerge_04,,40,M,4,Emergencias,Alta
EP01385,alta,2026-02-22 09:45:53,Dr_Medici_03,,62,F,4,Medicina Interna,Alta
EP00001,Triage,2026-02-22 10:01:50,Enf_Triage_02,,33,M,3,Medicina Interna,Hospitalización
EP01225,Alta,2026-02-22 11:16:57,Dr_Emerge_01,,40,M,4,Emergencias,Alta
EP00001,Consulta médica,2026-02-22 13:36:52,Dr_Medici_01,,33,M,3,Medicina Interna,Hospitalización
EP01144,Registro del paciente,2026-02-22 14:28:03,Admision_03,,49,F,3,Emergencias,Alta
EP00095,Registro del paciente,2026-02-22 14:36:15,Admision_02,,6,F,3,Pediatría,Alta
EP00107,Registro del paciente,2026-02-22 14:57:58,Admision_02,,40,F,3,Medicina Interna,Alta
EP00095,Triage,2026-02-22 15:15:23,Enf_Triage_03,,6,F,3,Pediatría,Alta
EP01144,Triage,2026-02-22 15:19:04,Enf_Triage_02,,49,F,3,Emergencias,Alta
EP00107,Triage,2026-02-22 15:19:31,Enf_Triage_03,,40,F,3,Medicina Interna,Alta
EP00107,Consulta médica,2026-02-22 16:19:59,Dr_Medici_01,,40,F,3,Medicina Interna,Alta
EP00107,Solicitud de examen,2026-02-22 16:23:07,Dr_Medici_01,Imagenología,40,F,3,Medicina Interna,Alta
EP01144,Consulta médica,2026-02-22 17:24:46,Dr_Emerge_03,,49,F,3,Emergencias,Alta
EP01144,Solicitud de examen,2026-02-22 17:33:16,Dr_Emerge_03,Laboratorio,49,F,3,Emergencias,Alta
EP00095,Consulta médica,2026-02-22 18:56:51,Dr_Pediat_04,,6,F,3,Pediatría,Alta
EP01144,Realización de examen,2026-02-22 19:05:48,Laboratorio_Clinico,Laboratorio,49,F,3,Emergencias,Alta
EP00107,Realización de examen,2026-02-22 20:13:33,Imagenologia,Imagenología,40,F,3,Medicina Interna,Alta
EP01144,Evaluación de resultados,2026-02-22 20:19:28,Dr_Emerge_03,Laboratorio,49,F,3,Emergencias,Alta
EP00107,Evaluación de resultados,2026-02-22 21:06:39,Dr_Medici_01,Imagenología,40,F,3,Medicina Interna,Alta
EP00107,Solicitud de examen,2026-02-22 21:18:20,Dr_Medici_01,Laboratorio,40,F,3,Medicina Interna,Alta
EP00001,Interconsulta especialista,2026-02-22 21:51:49,Especialista_05,,33,M,3,Medicina Interna,Hospitalización
EP01144,Consulta médica,2026-02-22 21:54:17,Dr_Emerge_03,,49,F,3,Emergencias,Alta
EP01144,Tratamiento,2026-02-22 22:15:27,Enf_Emerge_03,,49,F,3,Emergencias,Alta
EP00001,Tratamiento,2026-02-22 22:26:56,Enf_Medici_03,,33,M,3,Medicina Interna,Hospitalización
EP00107,Realización de examen,2026-02-22 22:48:10,Laboratorio_Clinico,Laboratorio,40,F,3,Medicina Interna,Alta
EP01144,Alta,2026-02-22 23:06:51,Dr_Emerge_03,,49,F,3,Emergencias,Alta
EP00107,Evaluación de resultados,2026-02-22 23:26:10,Dr_Medici_01,Laboratorio,40,F,3,Medicina Interna,Alta
EP00095,Interconsulta especialista,2026-02-23 00:31:51,Especialista_01,,6,F,3,Pediatría,Alta
EP00095,Tratamiento,2026-02-23 01:32:17,Enf_Pediat_01,,6,F,3,Pediatría,Alta
EP00095,Alta,2026-02-23 02:58:48,Dr_Pediat_04,,6,F,3,Pediatría,Alta
EP00107,Interconsulta especialista,2026-02-23 04:34:03,Especialista_01,,40,F,3,Medicina Interna,Alta
EP00107,Tratamiento,2026-02-23 05:27:10,Enf_Medici_03,,40,F,3,Medicina Interna,Alta
EP00107,Alta,2026-02-23 06:40:58,Dr_Medici_01,,40,F,3,Medicina Interna,Alta
EP00136,Registro del paciente,2026-02-23 07:48:47,Admision_01,,11,F,4,Pediatría,Alta
EP00773,Registro del paciente,2026-02-23 08:04:08,Admision_03,,80,M,3,Emergencias,Alta
EP00136,Triage,2026-02-23 08:15:18,Enf_Triage_03,,11,F,4,Pediatría,Alta
EP00773,Triage,2026-02-23 09:04:38,Enf_Triage_01,,80,M,3,Emergencias,Alta
EP00773,Consulta médica,2026-02-23 10:05:15,Dr_Emerge_04,,80,M,3,Emergencias,Alta
EP00773,Tratamiento,2026-02-23 10:45:45,Enf_Emerge_03,,80,M,3,Emergencias,Alta
EP00773,Alta,2026-02-23 11:14:37,Dr_Emerge_04,,80,M,3,Emergencias,Alta
EP00136,Consulta médica,2026-02-23 11:22:54,Dr_Pediat_02,,11,F,4,Pediatría,Alta
EP00136,Tratamiento,2026-02-23 12:08:17,Enf_Pediat_03,,11,F,4,Pediatría,Alta
EP00136,Alta,2026-02-23 12:28:46,Dr_Pediat_02,,11,F,4,Pediatría,Alta
EP00338,Registro del paciente,2026-02-23 13:05:28,Admision_02,,74,F,3,Traumatología,Alta
EP00038,Registro del paciente,2026-02-23 13:08:48,Admision_03,,68,F,4,Emergencias,Alta
EP00038,Triage,2026-02-23 13:35:54,Enf_Triage_02,,68,F,4,Emergencias,Alta
EP00338,Triage,2026-02-23 13:57:52,Enf_Triage_02,,74,F,3,Traumatología,Alta
EP00038,Consulta médica,2026-02-23 15:30:31,Dr_Emerge_04,,68,F,4,Emergencias,Alta
EP00038,Solicitud de examen,2026-02-23 15:49:31,Dr_Emerge_04,Laboratorio,68,F,4,Emergencias,Alta
EP00338,Consulta médica,2026-02-23 16:15:30,Dr_Trauma_03,,74,F,3,Traumatología,Alta
EP00338,Tratamiento,2026-02-23 16:47:00,Enf_Trauma_04,,74,F,3,Traumatología,Alta
EP00038,Realización de examen,2026-02-23 17:04:54,Laboratorio_Clinico,Laboratorio,68,F,4,Emergencias,Alta
EP00338,Alta,2026-02-23 17:38:05,Dr_Trauma_03,,74,F,3,Traumatología,Alta
EP00038,Evaluación de resultados,2026-02-23 17:48:07,Dr_Emerge_04,Laboratorio,68,F,4,Emergencias,Alta
EP00799,Registro del paciente,2026-02-23 17:56:41,Admision_03,,57,F,4,Emergencias,Alta
EP00124,Registro del paciente,2026-02-23 17:59:47,Admision_03,,71,F,1,Emergencias,Alta
EP00124,Triage,2026-02-23 18:02:48,Enf_Triage_03,,71,F,1,Emergencias,Alta
EP00124,Consulta médica,2026-02-23 18:09:45,Dr_Emerge_02,,71,F,1,Emergencias,Alta
EP00799,Triage,2026-02-23 18:30:34,Enf_Triage_03,,57,F,4,Emergencias,Alta
EP00124,Tratamiento,2026-02-23 18:49:09,Enf_Emerge_04,,71,F,1,Emergencias,Alta
EP00038,Tratamiento,2026-02-23 19:07:45,Enf_Emerge_02,,68,F,4,Emergencias,Alta
EP00001,Ingreso a hospitalización,2026-02-23 19:21:08,Gestion_Camas,,33,M,3,Medicina Interna,Hospitalización
EP00124,Alta,2026-02-23 19:31:13,Dr_Emerge_02,,71,F,1,Emergencias,Alta
EP00038,Alta,2026-02-23 20:45:55,Dr_Emerge_04,,68,F,4,Emergencias,Alta
EP00649,Registro del paciente,2026-02-23 21:38:00,Admision_02,,15,F,5,Emergencias,Alta
EP00799,Consulta médica,2026-02-23 22:01:36,Dr_Emerge_03,,57,F,4,Emergencias,Alta
EP00649,Triage,2026-02-23 22:30:23,Enf_Triage_02,,15,F,5,Emergencias,Alta
EP00799,Tratamiento,2026-02-23 23:11:01,Enf_Emerge_03,,57,F,4,Emergencias,Alta
EP00799,Alta,2026-02-24 00:47:04,Dr_Emerge_03,,57,F,4,Emergencias,Alta
EP00649,Consulta médica,2026-02-24 01:40:48,Dr_Emerge_01,,15,F,5,Emergencias,Alta
EP00649,Consulta médica,2026-02-24 03:00:53,Dr_Emerge_01,,15,F,5,Emergencias,Alta
EP00188,Registro del paciente,2026-02-24 03:55:37,Admision_02,,42,F,4,Medicina Interna,Alta
EP00188,Triage,2026-02-24 04:19:52,Enf_Triage_02,,42,F,4,Medicina Interna,Alta
EP01347,Registro del paciente,2026-02-24 04:42:42,Admision_03,,5,F,1,Pediatría,Alta
EP01347,Triage,2026-02-24 04:45:43,Enf_Triage_03,,5,F,1,Pediatría,Alta
EP01347,Consulta médica,2026-02-24 04:51:24,Dr_Pediat_01,,5,F,1,Pediatría,Alta
EP00922,Registro del paciente,2026-02-24 04:57:32,Admision_02,,38,F,4,Medicina Interna,Alta
EP00922,Triage,2026-02-24 05:19:41,Enf_Triage_01,,38,F,4,Medicina Interna,Alta
EP00922,Consulta médica,2026-02-24 07:47:42,Dr_Medici_03,,38,F,4,Medicina Interna,Alta
EP01347,Interconsulta especialista,2026-02-24 08:19:16,Especialista_04,,5,F,1,Pediatría,Alta
EP00188,Consulta médica,2026-02-24 08:45:19,Dr_Medici_01,,42,F,4,Medicina Interna,Alta
EP01347,Tratamiento,2026-02-24 09:02:34,Enf_Pediat_02,,5,F,1,Pediatría,Alta
EP00922,Consulta médica,2026-02-24 09:39:48,Dr_Medici_03,,38,F,4,Medicina Interna,Alta
EP01347,Alta,2026-02-24 09:43:08,Dr_Pediat_01,,5,F,1,Pediatría,Alta
EP00188,Tratamiento,2026-02-24 09:54:50,Enf_Medici_02,,42,F,4,Medicina Interna,Alta
EP00466,Registro del paciente,2026-02-24 09:56:08,Admision_02,,77,F,3,Emergencias,Alta
EP01423,Registro del paciente,2026-02-24 10:19:09,Admision_01,,66,F,4,Traumatología,Alta
EP00922,Tratamiento,2026-02-24 10:23:45,Enf_Medici_04,,38,F,4,Medicina Interna,Alta
EP00466,Triage,2026-02-24 10:28:51,Enf_Triage_03,,77,F,3,Emergencias,Alta
EP01208,Registro del paciente,2026-02-24 10:29:13,Admision_03,,38,F,3,Emergencias,Alta
EP00922,Alta,2026-02-24 10:59:41,Dr_Medici_03,,38,F,4,Medicina Interna,Alta
EP01208,Triage,2026-02-24 11:03:34,Enf_Triage_01,,38,F,3,Emergencias,Alta
EP01423,Triage,2026-02-24 11:08:01,Enf_Triage_02,,66,F,4,Traumatología,Alta
EP00917,Registro del paciente,2026-02-24 11:22:57,Admision_03,,8,M,3,Pediatría,Alta
EP00649,Interconsulta especialista,2026-02-24 11:39:21,Especialista_04,,15,F,5,Emergencias,Alta
EP00188,Alta,2026-02-24 11:44:24,Dr_Medici_01,,42,F,4,Medicina Interna,Alta
EP00466,Consulta médica,2026-02-24 11:50:51,Dr_Emerge_03,,77,F,3,Emergencias,Alta
EP00917,Triage,2026-02-24 11:52:42,Enf_Triage_01,,8,M,3,Pediatría,Alta
EP00466,Tratamiento,2026-02-24 12:26:38,Enf_Emerge_02,,77,F,3,Emergencias,Alta
EP01208,Consulta médica,2026-02-24 12:35:12,Dr_Emerge_04,,38,F,3,Emergencias,Alta
EP00649,Tratamiento,2026-02-24 12:45:17,Enf_Emerge_03,,15,F,5,Emergencias,Alta
EP00466,Alta,2026-02-24 13:07:50,Dr_Emerge_03,,77,F,3,Emergencias,Alta
EP01208,Tratamiento,2026-02-24 13:25:55,Enf_Emerge_03,,38,F,3,Emergencias,Alta
EP00917,Consulta médica,2026-02-24 13:29:18,Dr_Pediat_02,,8,M,3,Pediatría,Alta
EP00503,Registro del paciente,2026-02-24 13:38:48,Admision_02,,17,F,4,Emergencias,Alta
EP00649,Alta,2026-02-24 13:50:42,Dr_Emerge_01,,15,F,5,Emergencias,Alta
EP00917,Tratamiento,2026-02-24 13:56:22,Enf_Pediat_04,,8,M,3,Pediatría,Alta
EP00503,Triage,2026-02-24 14:21:47,Enf_Triage_03,,17,F,4,Emergencias,Alta
EP01208,Alta,2026-02-24 14:27:36,Dr_Emerge_04,,38,F,3,Emergencias,Alta
EP01423,Consulta médica,2026-02-24 14:34:16,Dr_Trauma_01,,66,F,4,Traumatología,Alta
EP01423,Solicitud de examen,2026-02-24 14:46:29,Dr_Trauma_01,Imagenología,66,F,4,Traumatología,Alta
EP00917,Alta,2026-02-24 15:22:48,Dr_Pediat_02,,8,M,3,Pediatría,Alta
EP00658,Registro del paciente,2026-02-24 15:57:18,Admision_01,,95,M,3,Medicina Interna,Alta
EP00658,Triage,2026-02-24 16:23:19,Enf_Triage_03,,95,M,3,Medicina Interna,Alta
EP00658,Consulta médica,2026-02-24 17:24:28,Dr_Medici_02,,95,M,3,Medicina Interna,Alta
EP00658,Solicitud de examen,2026-02-24 17:30:25,Dr_Medici_02,Laboratorio,95,M,3,Medicina Interna,Alta
EP00503,Consulta médica,2026-02-24 18:16:36,Dr_Emerge_03,,17,F,4,Emergencias,Alta
EP00658,Realización de examen,2026-02-24 18:43:39,Laboratorio_Clinico,Laboratorio,95,M,3,Medicina Interna,Alta
EP00503,Tratamiento,2026-02-24 19:00:32,Enf_Emerge_03,,17,F,4,Emergencias,Alta
EP00503,alta,2026-02-24 19:33:20,Dr_Emerge_03,,17,F,4,Emergencias,Alta
EP00658,Evaluación de resultados,2026-02-24 19:36:38,Dr_Medici_02,Laboratorio,95,M,3,Medicina Interna,Alta
EP00658,Tratamiento,2026-02-24 19:58:44,Enf_Medici_01,,95,M,3,Medicina Interna,Alta
EP01423,Realización de examen,2026-02-24 20:39:05,Imagenologia,Imagenología,66,F,4,Traumatología,Alta
EP00658,Alta,2026-02-24 20:54:11,Dr_Medici_02,,95,M,3,Medicina Interna,Alta
EP01308,Registro del paciente,2026-02-24 20:56:49,Admision_01,,49,F,3,Medicina Interna,Hospitalización
EP01308,Triage,2026-02-24 21:33:25,Enf_Triage_01,,49,F,3,Medicina Interna,Hospitalización
EP01423,Evaluación de resultados,2026-02-24 21:48:59,Dr_Trauma_01,Imagenología,66,F,4,Traumatología,Alta
EP01308,Consulta médica,2026-02-24 23:06:57,Dr_Medici_02,,49,F,3,Medicina Interna,Hospitalización
EP01308,Solicitud de examen,2026-02-24 23:15:49,Dr_Medici_02,Laboratorio,49,F,3,Medicina Interna,Hospitalización
EP01423,Interconsulta especialista,2026-02-25 01:10:12,Especialista_01,,66,F,4,Traumatología,Alta
EP01308,Realización de examen,2026-02-25 01:26:11,Laboratorio_Clinico,Laboratorio,49,F,3,Medicina Interna,Hospitalización
EP01423,Tratamiento,2026-02-25 02:13:35,Enf_Trauma_04,,66,F,4,Traumatología,Alta
EP01308,Evaluación de resultados,2026-02-25 02:39:49,Dr_Medici_02,Laboratorio,49,F,3,Medicina Interna,Hospitalización
EP01423,Alta,2026-02-25 03:06:26,Dr_Trauma_01,,66,F,4,Traumatología,Alta
EP01308,Tratamiento,2026-02-25 03:18:34,Enf_Medici_01,,49,F,3,Medicina Interna,Hospitalización
EP01308,Ingreso a hospitalización,2026-02-25 05:16:39,Gestion_Camas,,49,F,3,Medicina Interna,Hospitalización
EP00800,Registro del paciente,2026-02-25 06:26:32,Admision_01,,27,M,5,Medicina Interna,Alta
EP00800,Triage,2026-02-25 07:29:55,Enf_Triage_03,,27,M,5,Medicina Interna,Alta
EP01278,Registro del paciente,2026-02-25 08:01:11,Admision_02,,15,F,2,Emergencias,Alta
EP01278,Triage,2026-02-25 08:19:00,Enf_Triage_01,,15,F,2,Emergencias,Alta
EP01278,Consulta médica,2026-02-25 08:34:35,Dr_Emerge_01,,15,F,2,Emergencias,Alta
EP01278,Tratamiento,2026-02-25 09:14:12,Enf_Emerge_03,,15,F,2,Emergencias,Alta
EP01278,Alta,2026-02-25 10:43:19,Dr_Emerge_01,,15,F,2,Emergencias,Alta
EP00677,Registro del paciente,2026-02-25 11:13:44,Admision_01,,26,F,4,Medicina Interna,Alta
EP01441,Registro del paciente,2026-02-25 11:23:11,Admision_03,,52,M,4,Traumatología,Traslado
EP01455,Registro del paciente,2026-02-25 11:27:16,Admision_01,,79,M,3,Medicina Interna,Alta
EP00800,Consulta médica,2026-02-25 11:28:27,Dr_Medici_03,,27,M,5,Medicina Interna,Alta
EP00800,Solicitud de examen,2026-02-25 11:34:39,Dr_Medici_03,Laboratorio,27,M,5,Medicina Interna,Alta
EP00677,Triage,2026-02-25 11:39:22,Enf_Triage_01,,26,F,4,Medicina Interna,Alta
EP01455,Triage,2026-02-25 11:50:07,Enf_Triage_01,,79,M,3,Medicina Interna,Alta
EP01441,Triage,2026-02-25 11:51:18,Enf_Triage_02,,52,M,4,Traumatología,Traslado
EP00800,Realización de examen,2026-02-25 12:22:07,Laboratorio_Clinico,Laboratorio,27,M,5,Medicina Interna,Alta
EP00800,Evaluación de resultados,2026-02-25 12:59:51,Dr_Medici_03,Laboratorio,27,M,5,Medicina Interna,Alta
EP01455,Consulta médica,2026-02-25 13:10:35,Dr_Medici_01,,79,M,3,Medicina Interna,Alta
EP00800,Solicitud de examen,2026-02-25 13:18:28,Dr_Medici_03,Imagenología,27,M,5,Medicina Interna,Alta
EP00406,Registro del paciente,2026-02-25 13:47:46,Admision_02,,8,M,3,Pediatría,Alta
EP01455,Tratamiento,2026-02-25 14:30:23,Enf_Medici_03,,79,M,3,Medicina Interna,Alta
EP00406,Triage,2026-02-25 14:34:09,Enf_Triage_02,,8,M,3,Pediatría,Alta
EP01441,Consulta médica,2026-02-25 14:40:11,Dr_Trauma_03,,52,M,4,Traumatología,Traslado
EP01441,Solicitud de examen,2026-02-25 14:55:01,Dr_Trauma_03,Imagenología,52,M,4,Traumatología,Traslado
EP01455,Alta,2026-02-25 15:17:42,Dr_Medici_01,,79,M,3,Medicina Interna,Alta
EP00406,Consulta médica,2026-02-25 15:25:52,Dr_Pediat_01,,8,M,3,Pediatría,Alta
EP00562,Registro del paciente,2026-02-25 15:38:09,Admision_03,,35,F,4,Medicina Interna,Alta
EP00406,Solicitud de examen,2026-02-25 15:39:59,Dr_Pediat_01,Laboratorio,8,M,3,Pediatría,Alta
EP01441,Realización de examen,2026-02-25 16:01:22,Imagenologia,Imagenología,52,M,4,Traumatología,Traslado
EP00562,Triage,2026-02-25 16:15:33,Enf_Triage_03,,35,F,4,Medicina Interna,Alta
EP00677,Consulta médica,2026-02-25 17:15:48,Dr_Medici_02,,26,F,4,Medicina Interna,Alta
EP01441,Evaluación de resultados,2026-02-25 17:41:45,Dr_Trauma_03,Imagenología,52,M,4,Traumatología,Traslado
EP01441,Solicitud de examen,2026-02-25 17:44:40,Dr_Trauma_03,Imagenología,52,M,4,Traumatología,Traslado
EP00677,Tratamiento,2026-02-25 17:51:07,Enf_Medici_01,,26,F,4,Medicina Interna,Alta
EP00406,realización de examen,2026-02-25 18:01:05,Laboratorio_Clinico,Laboratorio,8,M,3,Pediatría,Alta
EP00677,Alta,2026-02-25 18:22:51,Dr_Medici_02,,26,F,4,Medicina Interna,Alta
EP01375,Registro del paciente,2026-02-25 19:49:59,Admision_01,,15,M,3,Medicina Interna,Alta
EP00406,Evaluación de resultados,2026-02-25 20:03:17,Dr_Pediat_01,Laboratorio,8,M,3,Pediatría,Alta
EP00800,Realización de examen,2026-02-25 20:09:08,Imagenologia,Imagenología,27,M,5,Medicina Interna,Alta
EP00406,Solicitud de examen,2026-02-25 20:10:13,Dr_Pediat_01,Laboratorio,8,M,3,Pediatría,Alta
EP01375,Triage,2026-02-25 20:38:10,Enf_Triage_03,,15,M,3,Medicina Interna,Alta
EP00800,Evaluación de resultados,2026-02-25 21:20:06,Dr_Medici_03,Imagenología,27,M,5,Medicina Interna,Alta
EP00406,Realización de examen,2026-02-25 21:40:26,Laboratorio_Clinico,Laboratorio,8,M,3,Pediatría,Alta
EP00562,Consulta médica,2026-02-25 21:54:26,Dr_Medici_02,,35,F,4,Medicina Interna,Alta
EP01375,Consulta médica,2026-02-25 22:11:31,Dr_Medici_02,,15,M,3,Medicina Interna,Alta
EP00800,Tratamiento,2026-02-25 22:20:00,Enf_Medici_03,,27,M,5,Medicina Interna,Alta
EP00562,Tratamiento,2026-02-25 22:21:40,Enf_Medici_02,,35,F,4,Medicina Interna,Alta
EP01375,Solicitud de examen,2026-02-25 22:24:33,Dr_Medici_02,Laboratorio,15,M,3,Medicina Interna,Alta
EP00800,Alta,2026-02-25 22:59:09,Dr_Medici_03,,27,M,5,Medicina Interna,Alta
EP00562,Alta,2026-02-25 23:00:57,Dr_Medici_02,,35,F,4,Medicina Interna,Alta
EP01441,Realización de examen,2026-02-25 23:02:43,Imagenologia,Imagenología,52,M,4,Traumatología,Traslado
EP00406,Evaluación de resultados,2026-02-25 23:17:37,Dr_Pediat_01,Laboratorio,8,M,3,Pediatría,Alta
EP01375,Realización de examen,2026-02-25 23:40:13,Laboratorio_Clinico,Laboratorio,15,M,3,Medicina Interna,Alta
EP00406,Tratamiento,2026-02-26 00:24:02,Enf_Pediat_03,,8,M,3,Pediatría,Alta
EP01375,Evaluación de resultados,2026-02-26 00:47:54,Dr_Medici_02,Laboratorio,15,M,3,Medicina Interna,Alta
EP01375,Solicitud de examen,2026-02-26 01:01:46,Dr_Medici_02,Laboratorio,15,M,3,Medicina Interna,Alta
EP01441,Evaluación de resultados,2026-02-26 01:06:37,Dr_Trauma_03,Imagenología,52,M,4,Traumatología,Traslado
EP01441,Solicitud de examen,2026-02-26 01:27:09,Dr_Trauma_03,Imagenología,52,M,4,Traumatología,Traslado
EP00406,Alta,2026-02-26 01:38:49,Dr_Pediat_01,,8,M,3,Pediatría,Alta
EP01375,Realización de examen,2026-02-26 02:05:52,Laboratorio_Clinico,Laboratorio,15,M,3,Medicina Interna,Alta
EP01375,Evaluación de resultados,2026-02-26 02:28:24,Dr_Medici_02,Laboratorio,15,M,3,Medicina Interna,Alta
EP01375,Tratamiento,2026-02-26 03:04:00,Enf_Medici_04,,15,M,3,Medicina Interna,Alta
EP01296,Registro del paciente,2026-02-26 03:52:12,Admision_03,,37,M,3,Emergencias,Alta
EP01296,Triage,2026-02-26 04:14:33,Enf_Triage_01,,37,M,3,Emergencias,Alta
EP01375,Alta,2026-02-26 04:27:38,Dr_Medici_02,,15,M,3,Medicina Interna,Alta
EP01296,Consulta médica,2026-02-26 06:01:24,Dr_Emerge_04,,37,M,3,Emergencias,Alta
EP01296,Tratamiento,2026-02-26 06:59:47,Enf_Emerge_04,,37,M,3,Emergencias,Alta
EP00684,Registro del paciente,2026-02-26 07:11:05,Admision_03,,34,F,2,Emergencias,Alta
EP00684,Triage,2026-02-26 07:36:44,Enf_Triage_02,,34,F,2,Emergencias,Alta
EP00376,Registro del paciente,2026-02-26 08:20:27,Admision_03,,50,F,2,Traumatología,Hospitalización
EP00684,Consulta médica,2026-02-26 08:34:55,Dr_Emerge_04,,34,F,2,Emergencias,Alta
EP00376,Triage,2026-02-26 08:35:40,Enf_Triage_01,,50,F,2,Traumatología,Hospitalización
EP00376,Consulta médica,2026-02-26 08:59:38,Dr_Trauma_02,,50,F,2,Traumatología,Hospitalización
EP00702,Registro del paciente,2026-02-26 09:07:59,Admision_03,,44,F,3,Medicina Interna,Hospitalización
EP00684,Tratamiento,2026-02-26 09:17:28,Enf_Emerge_04,,34,F,2,Emergencias,Alta
EP00702,Triage,2026-02-26 09:25:18,Enf_Triage_02,,44,F,3,Medicina Interna,Hospitalización
EP01296,Alta,2026-02-26 09:28:47,Dr_Emerge_04,,37,M,3,Emergencias,Alta
EP00675,Registro del paciente,2026-02-26 09:49:06,Admision_02,,40,M,4,Medicina Interna,Alta
EP00376,Tratamiento,2026-02-26 09:57:16,Enf_Trauma_02,,50,F,2,Traumatología,Hospitalización
EP00684,Alta,2026-02-26 09:59:59,Dr_Emerge_04,,34,F,2,Emergencias,Alta
EP00702,Consulta médica,2026-02-26 10:26:15,Dr_Medici_01,,44,F,3,Medicina Interna,Hospitalización
EP00675,Triage,2026-02-26 10:27:00,Enf_Triage_03,,40,M,4,Medicina Interna,Alta
EP00702,Solicitud de examen,2026-02-26 10:41:29,Dr_Medici_01,Laboratorio,44,F,3,Medicina Interna,Hospitalización
EP01077,Registro del paciente,2026-02-26 11:09:24,Admision_02,,40,M,4,Emergencias,Hospitalización
EP01077,Triage,2026-02-26 11:43:49,Enf_Triage_03,,40,M,4,Emergencias,Hospitalización
EP00702,Realización de examen,2026-02-26 12:17:01,Laboratorio_Clinico,Laboratorio,44,F,3,Medicina Interna,Hospitalización
EP00519,Registro del paciente,2026-02-26 12:20:55,Admision_01,,55,F,5,Medicina Interna,Alta
EP00702,Evaluación de resultados,2026-02-26 12:50:33,Dr_Medici_01,Laboratorio,44,F,3,Medicina Interna,Hospitalización
EP00519,Triage,2026-02-26 13:10:08,Enf_Triage_01,,55,F,5,Medicina Interna,Alta
EP01077,Consulta médica,2026-02-26 14:05:40,Dr_Emerge_01,,40,M,4,Emergencias,Hospitalización
EP00048,Registro del paciente,2026-02-26 14:14:50,Admision_02,,23,M,2,Traumatología,Alta
EP01077,Tratamiento,2026-02-26 14:40:36,Enf_Emerge_04,,40,M,4,Emergencias,Hospitalización
EP00048,Triage,2026-02-26 14:43:03,Enf_Triage_03,,23,M,2,Traumatología,Alta
EP00519,Consulta médica,2026-02-26 15:02:17,Dr_Medici_01,,55,F,5,Medicina Interna,Alta
EP00048,Consulta médica,2026-02-26 15:20:49,Dr_Trauma_04,,23,M,2,Traumatología,Alta
EP00675,Consulta médica,2026-02-26 15:33:19,Dr_Medici_03,,40,M,4,Medicina Interna,Alta
EP00675,Solicitud de examen,2026-02-26 15:38:12,Dr_Medici_03,Imagenología,40,M,4,Medicina Interna,Alta
EP00519,Tratamiento,2026-02-26 15:39:16,Enf_Medici_04,,55,F,5,Medicina Interna,Alta
EP00702,Consulta médica,2026-02-26 15:55:48,Dr_Medici_01,,44,F,3,Medicina Interna,Hospitalización
EP00048,Tratamiento,2026-02-26 16:04:18,Enf_Trauma_03,,23,M,2,Traumatología,Alta
EP00519,Alta,2026-02-26 16:11:59,Dr_Medici_01,,55,F,5,Medicina Interna,Alta
EP00315,Registro del paciente,2026-02-26 16:21:17,Admision_03,,31,F,3,Emergencias,Alta
EP01077,Ingreso a hospitalización,2026-02-26 16:36:34,Gestion_Camas,,40,M,4,Emergencias,Hospitalización
EP00048,Alta,2026-02-26 16:41:49,Dr_Trauma_04,,23,M,2,Traumatología,Alta
EP00315,Triage,2026-02-26 16:48:06,Enf_Triage_03,,31,F,3,Emergencias,Alta
EP00702,Tratamiento,2026-02-26 16:54:18,Enf_Medici_03,,44,F,3,Medicina Interna,Hospitalización
EP00972,Registro del paciente,2026-02-26 17:01:58,Admision_01,,70,F,3,Emergencias,Alta
EP01441,Realización de examen,2026-02-26 17:40:10,Imagenologia,Imagenología,52,M,4,Traumatología,Traslado
EP00972,Triage,2026-02-26 17:51:11,Enf_Triage_01,,70,F,3,Emergencias,Alta
EP00675,Realización de examen,2026-02-26 17:51:38,Imagenologia,Imagenología,40,M,4,Medicina Interna,Alta
EP00315,Consulta médica,2026-02-26 18:36:38,Dr_Emerge_01,,31,F,3,Emergencias,Alta
EP00315,Solicitud de examen,2026-02-26 18:47:32,Dr_Emerge_01,Imagenología,31,F,3,Emergencias,Alta
EP00972,Consulta médica,2026-02-26 19:04:06,Dr_Emerge_02,,70,F,3,Emergencias,Alta
EP00675,Evaluación de resultados,2026-02-26 19:38:54,Dr_Medici_03,Imagenología,40,M,4,Medicina Interna,Alta
EP00675,Solicitud de examen,2026-02-26 19:46:55,Dr_Medici_03,Imagenología,40,M,4,Medicina Interna,Alta
EP00972,Tratamiento,2026-02-26 20:05:33,Enf_Emerge_01,,70,F,3,Emergencias,Alta
EP00972,Alta,2026-02-26 20:26:32,Dr_Emerge_02,,70,F,3,Emergencias,Alta
EP01441,Evaluación de resultados,2026-02-26 20:42:24,Dr_Trauma_03,Imagenología,52,M,4,Traumatología,Traslado
EP00702,Ingreso a hospitalización,2026-02-26 21:17:37,Gestion_Camas,,44,F,3,Medicina Interna,Hospitalización
EP01441,Tratamiento,2026-02-26 21:32:17,Enf_Trauma_03,,52,M,4,Traumatología,Traslado
EP00357,Registro del paciente,2026-02-26 22:21:38,Admision_02,,79,M,3,Medicina Interna,Hospitalización
EP00357,Triage,2026-02-26 22:45:11,Enf_Triage_01,,79,M,3,Medicina Interna,Hospitalización
EP00357,Consulta médica,2026-02-26 23:31:37,Dr_Medici_01,,79,M,3,Medicina Interna,Hospitalización
EP00315,Realización de examen,2026-02-26 23:35:26,Imagenologia,Imagenología,31,F,3,Emergencias,Alta
EP01441,Traslado a otro centro,2026-02-26 23:37:42,Admision_01,,52,M,4,Traumatología,Traslado
EP00357,Consulta médica,2026-02-27 01:11:05,Dr_Medici_01,,79,M,3,Medicina Interna,Hospitalización
EP00315,Evaluación de resultados,2026-02-27 01:33:13,Dr_Emerge_01,Imagenología,31,F,3,Emergencias,Alta
EP00357,Tratamiento,2026-02-27 01:55:15,Enf_Medici_02,,79,M,3,Medicina Interna,Hospitalización
EP00675,Realización de examen,2026-02-27 01:56:05,Imagenologia,Imagenología,40,M,4,Medicina Interna,Alta
EP00315,Tratamiento,2026-02-27 02:10:12,Enf_Emerge_01,,31,F,3,Emergencias,Alta
EP00315,Alta,2026-02-27 03:02:46,Dr_Emerge_01,,31,F,3,Emergencias,Alta
EP00675,Evaluación de resultados,2026-02-27 03:37:48,Dr_Medici_03,Imagenología,40,M,4,Medicina Interna,Alta
EP00675,Tratamiento,2026-02-27 05:16:50,Enf_Medici_04,,40,M,4,Medicina Interna,Alta
EP00675,Alta,2026-02-27 05:33:33,Dr_Medici_03,,40,M,4,Medicina Interna,Alta
EP00357,Ingreso a hospitalización,2026-02-27 06:37:58,Gestion_Camas,,79,M,3,Medicina Interna,Hospitalización
EP00358,Registro del paciente,2026-02-27 07:31:46,Admision_03,,54,M,5,Emergencias,Alta
EP00358,Triage,2026-02-27 08:11:03,Enf_Triage_01,,54,M,5,Emergencias,Alta
EP00064,Registro del paciente,2026-02-27 08:34:29,Admision_03,,30,F,4,Emergencias,Hospitalización
EP00064,Triage,2026-02-27 09:02:23,Enf_Triage_03,,30,F,4,Emergencias,Hospitalización
EP00538,Registro del paciente,2026-02-27 10:28:04,Admision_01,,27,M,2,Traumatología,Alta
EP00376,Ingreso a hospitalización,2026-02-27 10:28:27,Gestion_Camas,,50,F,2,Traumatología,Hospitalización
EP00538,Triage,2026-02-27 10:50:21,Enf_Triage_03,,27,M,2,Traumatología,Alta
EP00358,Consulta médica,2026-02-27 11:12:15,Dr_Emerge_01,,54,M,5,Emergencias,Alta
EP00358,Solicitud de examen,2026-02-27 11:19:22,Dr_Emerge_01,Laboratorio,54,M,5,Emergencias,Alta
EP00064,Consulta médica,2026-02-27 11:27:52,Dr_Emerge_02,,30,F,4,Emergencias,Hospitalización
EP00064,Tratamiento,2026-02-27 11:51:06,Enf_Emerge_02,,30,F,4,Emergencias,Hospitalización
EP00538,Consulta médica,2026-02-27 11:51:28,Dr_Trauma_04,,27,M,2,Traumatología,Alta
EP00220,Registro del paciente,2026-02-27 12:06:51,Admision_02,,70,M,4,Emergencias,Alta
EP00083,Registro del paciente,2026-02-27 12:15:24,Admision_02,,71,F,3,Emergencias,Alta
EP00358,Realización de examen,2026-02-27 12:20:14,Laboratorio_Clinico,Laboratorio,54,M,5,Emergencias,Alta
EP00538,Tratamiento,2026-02-27 12:29:25,Enf_Trauma_04,,27,M,2,Traumatología,Alta
EP00083,Triage,2026-02-27 12:31:05,Enf_Triage_03,,71,F,3,Emergencias,Alta
EP00358,Evaluación de resultados,2026-02-27 13:00:54,Dr_Emerge_01,Laboratorio,54,M,5,Emergencias,Alta
EP00538,Alta,2026-02-27 13:01:17,Dr_Trauma_04,,27,M,2,Traumatología,Alta
EP00220,Triage,2026-02-27 13:07:49,Enf_Triage_03,,70,M,4,Emergencias,Alta
EP00358,Tratamiento,2026-02-27 13:49:09,Enf_Emerge_02,,54,M,5,Emergencias,Alta
EP00830,Registro del paciente,2026-02-27 14:06:18,Admision_01,,31,F,2,Medicina Interna,Alta
EP00083,Consulta médica,2026-02-27 14:09:48,Dr_Emerge_02,,71,F,3,Emergencias,Alta
EP00083,Solicitud de examen,2026-02-27 14:21:10,Dr_Emerge_02,Imagenología,71,F,3,Emergencias,Alta
EP00358,Alta,2026-02-27 14:28:45,Dr_Emerge_01,,54,M,5,Emergencias,Alta
EP00830,Triage,2026-02-27 14:28:46,Enf_Triage_02,,31,F,2,Medicina Interna,Alta
EP00830,Consulta médica,2026-02-27 14:49:33,Dr_Medici_04,,31,F,2,Medicina Interna,Alta
EP00830,Solicitud de examen,2026-02-27 15:05:33,Dr_Medici_04,Laboratorio,31,F,2,Medicina Interna,Alta
EP00220,Consulta médica,2026-02-27 16:09:26,Dr_Emerge_03,,70,M,4,Emergencias,Alta
EP00220,Solicitud de examen,2026-02-27 16:15:39,Dr_Emerge_03,Laboratorio,70,M,4,Emergencias,Alta
EP00830,Realización de examen,2026-02-27 16:33:59,Laboratorio_Clinico,Laboratorio,31,F,2,Medicina Interna,Alta
EP00220,Realización de examen,2026-02-27 17:10:02,Laboratorio_Clinico,Laboratorio,70,M,4,Emergencias,Alta
EP00830,Evaluación de resultados,2026-02-27 17:11:40,Dr_Medici_04,Laboratorio,31,F,2,Medicina Interna,Alta
EP00830,Solicitud de examen,2026-02-27 17:21:03,Dr_Medici_04,Laboratorio,31,F,2,Medicina Interna,Alta
EP00220,Evaluación de resultados,2026-02-27 17:40:44,Dr_Emerge_03,Laboratorio,70,M,4,Emergencias,Alta
EP00220,Solicitud de examen,2026-02-27 17:52:52,Dr_Emerge_03,Laboratorio,70,M,4,Emergencias,Alta
EP00830,Realización de examen,2026-02-27 18:30:40,Laboratorio_Clinico,Laboratorio,31,F,2,Medicina Interna,Alta
EP00168,Registro del paciente,2026-02-27 18:33:21,Admision_02,,72,F,2,Emergencias,Hospitalización
EP00064,Ingreso a hospitalización,2026-02-27 18:44:11,Gestion_Camas,,30,F,4,Emergencias,Hospitalización
EP00079,Registro del paciente,2026-02-27 18:54:22,Admision_03,,39,M,3,Emergencias,Alta
EP00220,Realización de examen,2026-02-27 19:01:17,Laboratorio_Clinico,Laboratorio,70,M,4,Emergencias,Alta
EP00168,Triage,2026-02-27 19:06:56,Enf_Triage_01,,72,F,2,Emergencias,Hospitalización
EP00079,Triage,2026-02-27 19:25:03,Enf_Triage_03,,39,M,3,Emergencias,Alta
EP00220,Evaluación de resultados,2026-02-27 19:47:17,Dr_Emerge_03,Laboratorio,70,M,4,Emergencias,Alta
EP01065,Registro del paciente,2026-02-27 19:52:46,Admision_01,,64,F,3,Emergencias,Alta
EP01065,Triage,2026-02-27 20:08:16,Enf_Triage_01,,64,F,3,Emergencias,Alta
EP00830,Evaluación de resultados,2026-02-27 20:18:10,Dr_Medici_04,Laboratorio,31,F,2,Medicina Interna,Alta
EP00220,Tratamiento,2026-02-27 20:24:43,Enf_Emerge_03,,70,M,4,Emergencias,Alta
EP00168,Consulta médica,2026-02-27 20:42:27,Dr_Emerge_01,,72,F,2,Emergencias,Hospitalización
EP00830,Tratamiento,2026-02-27 20:59:35,Enf_Medici_04,,31,F,2,Medicina Interna,Alta
EP00168,Solicitud de examen,2026-02-27 21:02:57,Dr_Emerge_01,Imagenología,72,F,2,Emergencias,Hospitalización
EP01065,Consulta médica,2026-02-27 21:20:21,Dr_Emerge_04,,64,F,3,Emergencias,Alta
EP01065,Solicitud de examen,2026-02-27 21:34:22,Dr_Emerge_04,Imagenología,64,F,3,Emergencias,Alta
EP00079,Consulta médica,2026-02-27 22:09:01,Dr_Emerge_02,,39,M,3,Emergencias,Alta
EP00220,Alta,2026-02-27 22:20:10,Dr_Emerge_03,,70,M,4,Emergencias,Alta
EP00117,Registro del paciente,2026-02-27 22:20:53,Admision_02,,18,M,3,Emergencias,Alta
EP00830,Alta,2026-02-27 22:23:12,Dr_Medici_04,,31,F,2,Medicina Interna,Alta
EP00117,Triage,2026-02-27 22:37:12,Enf_Triage_01,,18,M,3,Emergencias,Alta
EP00168,Realización de examen,2026-02-27 22:41:11,Imagenologia,Imagenología,72,F,2,Emergencias,Hospitalización
EP00079,Tratamiento,2026-02-27 22:42:15,Enf_Emerge_04,,39,M,3,Emergencias,Alta
EP00431,Registro del paciente,2026-02-27 23:45:22,Admision_02,,34,M,4,Medicina Interna,Hospitalización
EP00168,Evaluación de resultados,2026-02-27 23:56:29,Dr_Emerge_01,Imagenología,72,F,2,Emergencias,Hospitalización
EP00168,Tratamiento,2026-02-28 00:30:03,Enf_Emerge_01,,72,F,2,Emergencias,Hospitalización
EP00079,Alta,2026-02-28 00:33:23,Dr_Emerge_02,,39,M,3,Emergencias,Alta
EP00117,Consulta médica,2026-02-28 01:02:39,Dr_Emerge_02,,18,M,3,Emergencias,Alta
EP00431,Triage,2026-02-28 01:04:52,Enf_Triage_03,,34,M,4,Medicina Interna,Hospitalización
EP00117,Solicitud de examen,2026-02-28 01:31:27,Dr_Emerge_02,Laboratorio,18,M,3,Emergencias,Alta
EP00083,Realización de examen,2026-02-28 01:52:22,Imagenologia,Imagenología,71,F,3,Emergencias,Alta
EP00117,Realización de examen,2026-02-28 02:32:48,Laboratorio_Clinico,Laboratorio,18,M,3,Emergencias,Alta
EP00431,Consulta médica,2026-02-28 02:35:52,Dr_Medici_04,,34,M,4,Medicina Interna,Hospitalización
EP00431,Solicitud de examen,2026-02-28 02:43:18,Dr_Medici_04,Laboratorio,34,M,4,Medicina Interna,Hospitalización
EP00083,Evaluación de resultados,2026-02-28 03:11:17,Dr_Emerge_02,Imagenología,71,F,3,Emergencias,Alta
EP00431,Realización de examen,2026-02-28 03:19:03,Laboratorio_Clinico,Laboratorio,34,M,4,Medicina Interna,Hospitalización
EP00117,Evaluación de resultados,2026-02-28 03:40:06,Dr_Emerge_02,Laboratorio,18,M,3,Emergencias,Alta
EP00431,Evaluación de resultados,2026-02-28 04:03:16,Dr_Medici_04,Laboratorio,34,M,4,Medicina Interna,Hospitalización
EP00083,Consulta médica,2026-02-28 04:12:39,Dr_Emerge_02,,71,F,3,Emergencias,Alta
EP00117,Tratamiento,2026-02-28 04:17:57,Enf_Emerge_04,,18,M,3,Emergencias,Alta
EP00431,Tratamiento,2026-02-28 04:29:13,Enf_Medici_04,,34,M,4,Medicina Interna,Hospitalización
EP00117,Alta,2026-02-28 05:00:19,Dr_Emerge_02,,18,M,3,Emergencias,Alta
EP00083,Tratamiento,2026-02-28 05:10:52,Enf_Emerge_01,,71,F,3,Emergencias,Alta
EP00083,Alta,2026-02-28 05:55:45,Dr_Emerge_02,,71,F,3,Emergencias,Alta
EP00168,Ingreso a hospitalización,2026-02-28 07:20:18,Gestion_Camas,,72,F,2,Emergencias,Hospitalización
EP01065,Realización de examen,2026-02-28 07:43:15,Imagenologia,Imagenología,64,F,3,Emergencias,Alta
EP01314,Registro del paciente,2026-02-28 08:54:37,Admision_03,,77,F,3,Medicina Interna,Alta
EP01314,Triage,2026-02-28 09:23:05,Enf_Triage_03,,77,F,3,Medicina Interna,Alta
EP01065,Evaluación de resultados,2026-02-28 09:23:28,Dr_Emerge_04,Imagenología,64,F,3,Emergencias,Alta
EP01040,Registro del paciente,2026-02-28 09:24:49,Admision_03,,42,F,3,Emergencias,Alta
EP00431,Ingreso a hospitalización,2026-02-28 09:27:41,Gestion_Camas,,34,M,4,Medicina Interna,Hospitalización
EP01065,Solicitud de examen,2026-02-28 09:36:31,Dr_Emerge_04,Laboratorio,64,F,3,Emergencias,Alta
EP01040,Triage,2026-02-28 09:43:41,Enf_Triage_01,,42,F,3,Emergencias,Alta
EP01065,Realización de examen,2026-02-28 10:33:49,Laboratorio_Clinico,Laboratorio,64,F,3,Emergencias,Alta
EP01040,Consulta médica,2026-02-28 11:00:18,Dr_Emerge_04,,42,F,3,Emergencias,Alta
EP01314,Consulta médica,2026-02-28 11:18:05,Dr_Medici_04,,77,F,3,Medicina Interna,Alta
EP01065,Evaluación de resultados,2026-02-28 11:24:30,Dr_Emerge_04,Laboratorio,64,F,3,Emergencias,Alta
EP01314,Solicitud de examen,2026-02-28 11:29:11,Dr_Medici_04,Imagenología,77,F,3,Medicina Interna,Alta
EP01040,Solicitud de examen,2026-02-28 11:33:17,Dr_Emerge_04,Imagenología,42,F,3,Emergencias,Alta
EP01065,Tratamiento,2026-02-28 11:58:31,Enf_Emerge_01,,64,F,3,Emergencias,Alta
EP01065,Alta,2026-02-28 13:21:00,Dr_Emerge_04,,64,F,3,Emergencias,Alta
EP00811,Registro del paciente,2026-02-28 13:57:10,Admision_03,,1,M,3,Pediatría,Alta
EP00329,Registro del paciente,2026-02-28 14:27:22,Admision_01,,49,M,4,Emergencias,Alta
EP00811,Triage,2026-02-28 14:31:03,Enf_Triage_03,,1,M,3,Pediatría,Alta
EP00329,Triage,2026-02-28 15:11:14,Enf_Triage_02,,49,M,4,Emergencias,Alta
EP00811,Consulta médica,2026-02-28 16:01:12,Dr_Pediat_01,,1,M,3,Pediatría,Alta
EP00811,Tratamiento,2026-02-28 17:41:40,Enf_Pediat_03,,1,M,3,Pediatría,Alta
EP00329,Consulta médica,2026-02-28 18:19:29,Dr_Emerge_02,,49,M,4,Emergencias,Alta
EP00811,Alta,2026-02-28 18:25:48,Dr_Pediat_01,,1,M,3,Pediatría,Alta
EP00329,Solicitud de examen,2026-02-28 18:28:34,Dr_Emerge_02,Laboratorio,49,M,4,Emergencias,Alta
EP01040,Realización de examen,2026-02-28 18:32:37,Imagenologia,Imagenología,42,F,3,Emergencias,Alta
EP00329,Realización de examen,2026-02-28 19:10:55,Laboratorio_Clinico,Laboratorio,49,M,4,Emergencias,Alta
EP01040,Evaluación de resultados,2026-02-28 21:00:42,Dr_Emerge_04,Imagenología,42,F,3,Emergencias,Alta
EP00329,Evaluación de resultados,2026-02-28 21:10:18,Dr_Emerge_02,Laboratorio,49,M,4,Emergencias,Alta
EP01040,Tratamiento,2026-02-28 21:28:46,Enf_Emerge_02,,42,F,3,Emergencias,Alta
EP00329,Consulta médica,2026-02-28 22:27:05,Dr_Emerge_02,,49,M,4,Emergencias,Alta
EP01040,Alta,2026-02-28 22:48:35,Dr_Emerge_04,,42,F,3,Emergencias,Alta
EP00483,Registro del paciente,2026-03-01 01:48:43,Admision_03,,28,M,4,Medicina Interna,Alta
EP01314,Realización de examen,2026-03-01 02:00:00,Imagenologia,Imagenología,77,F,3,Medicina Interna,Alta
EP00483,Triage,2026-03-01 02:10:56,Enf_Triage_01,,28,M,4,Medicina Interna,Alta
EP01313,Registro del paciente,2026-03-01 02:12:23,Admision_02,,39,F,4,Emergencias,Alta
EP01313,Triage,2026-03-01 02:35:42,Enf_Triage_01,,39,F,4,Emergencias,Alta
EP01314,Evaluación de resultados,2026-03-01 04:46:42,Dr_Medici_04,Imagenología,77,F,3,Medicina Interna,Alta
EP01314,Tratamiento,2026-03-01 05:29:16,Enf_Medici_01,,77,F,3,Medicina Interna,Alta
EP01314,Alta,2026-03-01 06:26:58,Dr_Medici_04,,77,F,3,Medicina Interna,Alta
EP00483,Consulta médica,2026-03-01 07:38:10,Dr_Medici_04,,28,M,4,Medicina Interna,Alta
EP01313,Consulta médica,2026-03-01 08:53:01,Dr_Emerge_01,,39,F,4,Emergencias,Alta
EP00483,Tratamiento,2026-03-01 08:56:28,Enf_Medici_02,,28,M,4,Medicina Interna,Alta
EP01313,Tratamiento,2026-03-01 09:40:49,Enf_Emerge_02,,39,F,4,Emergencias,Alta
EP00329,Interconsulta especialista,2026-03-01 09:41:31,Especialista_05,,49,M,4,Emergencias,Alta
EP00483,Alta,2026-03-01 10:10:36,Dr_Medici_04,,28,M,4,Medicina Interna,Alta
EP00329,Tratamiento,2026-03-01 10:26:16,Enf_Emerge_04,,49,M,4,Emergencias,Alta
EP01313,Alta,2026-03-01 10:35:00,Dr_Emerge_01,,39,F,4,Emergencias,Alta
EP00140,Registro del paciente,2026-03-01 11:12:49,Admision_03,,69,M,2,Emergencias,Alta
EP00329,Alta,2026-03-01 11:18:40,Dr_Emerge_02,,49,M,4,Emergencias,Alta
EP00140,Triage,2026-03-01 11:33:43,Enf_Triage_03,,69,M,2,Emergencias,Alta
EP00140,Consulta médica,2026-03-01 11:52:41,Dr_Emerge_03,,69,M,2,Emergencias,Alta
EP00140,Solicitud de examen,2026-03-01 12:01:51,Dr_Emerge_03,Laboratorio,69,M,2,Emergencias,Alta
EP00140,Realización de examen,2026-03-01 12:43:26,Laboratorio_Clinico,Laboratorio,69,M,2,Emergencias,Alta
EP00140,Evaluación de resultados,2026-03-01 13:47:05,Dr_Emerge_03,Laboratorio,69,M,2,Emergencias,Alta
EP00491,Registro del paciente,2026-03-01 13:53:09,Admision_03,,45,F,2,Emergencias,Alta
EP00882,Registro del paciente,2026-03-01 13:54:54,Admision_03,,41,M,4,Medicina Interna,Alta
EP00491,Triage,2026-03-01 14:16:47,Enf_Triage_02,,45,F,2,Emergencias,Alta
EP00882,Triage,2026-03-01 14:22:17,Enf_Triage_03,,41,M,4,Medicina Interna,Alta
EP00140,Tratamiento,2026-03-01 14:34:11,Enf_Emerge_04,,69,M,2,Emergencias,Alta
EP00140,Tratamiento,2026-03-01 14:34:11,Enf_Emerge_04,,69,M,2,Emergencias,Alta
EP00491,Consulta médica,2026-03-01 14:57:20,Dr_Emerge_01,,45,F,2,Emergencias,Alta
EP00037,Registro del paciente,2026-03-01 15:16:16,Admision_02,,10,M,4,Pediatría,Hospitalización
EP00491,Tratamiento,2026-03-01 15:27:03,Enf_Emerge_04,,45,F,2,Emergencias,Alta
EP00140,Alta,2026-03-01 15:32:09,Dr_Emerge_03,,69,M,2,Emergencias,Alta
EP00037,Triage,2026-03-01 15:45:50,Enf_Triage_02,,10,M,4,Pediatría,Hospitalización
EP00491,Alta,2026-03-01 16:05:04,Dr_Emerge_01,,45,F,2,Emergencias,Alta
EP00882,Consulta médica,2026-03-01 17:39:51,Dr_Medici_03,,41,M,4,Medicina Interna,Alta
EP00882,Solicitud de examen,2026-03-01 18:12:57,Dr_Medici_03,Laboratorio,41,M,4,Medicina Interna,Alta
EP00882,Realización de examen,2026-03-01 18:47:38,Laboratorio_Clinico,Laboratorio,41,M,4,Medicina Interna,Alta
EP01104,Registro del paciente,2026-03-01 19:30:11,Admision_02,,69,F,4,Emergencias,Alta
EP00037,Consulta médica,2026-03-01 19:31:06,Dr_Pediat_02,,10,M,4,Pediatría,Hospitalización
EP00540,Registro del paciente,2026-03-01 19:40:49,Admision_01,,67,F,2,Emergencias,Alta
EP00882,Evaluación de resultados,2026-03-01 19:47:52,Dr_Medici_03,Laboratorio,41,M,4,Medicina Interna,Alta
EP01104,Triage,2026-03-01 19:54:37,Enf_Triage_02,,69,F,4,Emergencias,Alta
EP00882,Solicitud de examen,2026-03-01 19:57:24,Dr_Medici_03,Laboratorio,41,M,4,Medicina Interna,Alta
EP00540,Triage,2026-03-01 20:04:15,Enf_Triage_02,,67,F,2,Emergencias,Alta
EP00037,Tratamiento,2026-03-01 20:09:59,Enf_Pediat_03,,10,M,4,Pediatría,Hospitalización
EP00540,Consulta médica,2026-03-01 20:28:21,Dr_Emerge_01,,67,F,2,Emergencias,Alta
EP00540,Solicitud de examen,2026-03-01 20:37:05,Dr_Emerge_01,Laboratorio,67,F,2,Emergencias,Alta
EP01045,Registro del paciente,2026-03-01 20:42:44,Admision_01,,35,F,3,Emergencias,Alta
EP00604,Registro del paciente,2026-03-01 20:56:44,Admision_01,,15,F,4,Medicina Interna,Alta
EP00540,Realización de examen,2026-03-01 21:10:58,Laboratorio_Clinico,Laboratorio,67,F,2,Emergencias,Alta
EP00882,Realización de examen,2026-03-01 21:15:12,Laboratorio_Clinico,Laboratorio,41,M,4,Medicina Interna,Alta
EP01045,Triage,2026-03-01 21:18:46,Enf_Triage_02,,35,F,3,Emergencias,Alta
EP00604,Triage,2026-03-01 21:23:08,Enf_Triage_01,,15,F,4,Medicina Interna,Alta
EP00882,Evaluación de resultados,2026-03-01 21:48:06,Dr_Medici_03,Laboratorio,41,M,4,Medicina Interna,Alta
EP00540,Evaluación de resultados,2026-03-01 22:15:44,Dr_Emerge_01,Laboratorio,67,F,2,Emergencias,Alta
EP00882,Tratamiento,2026-03-01 22:25:11,Enf_Medici_03,,41,M,4,Medicina Interna,Alta
EP01045,Consulta médica,2026-03-01 22:42:17,Dr_Emerge_02,,35,F,3,Emergencias,Alta
EP01045,Tratamiento,2026-03-01 23:10:04,Enf_Emerge_03,,35,F,3,Emergencias,Alta
EP01045,Alta,2026-03-01 23:49:41,Dr_Emerge_02,,35,F,3,Emergencias,Alta
EP00882,Alta,2026-03-01 23:53:01,Dr_Medici_03,,41,M,4,Medicina Interna,Alta
EP00604,Consulta médica,2026-03-02 00:31:53,Dr_Medici_04,,15,F,4,Medicina Interna,Alta
EP00604,Solicitud de examen,2026-03-02 00:43:07,Dr_Medici_04,Laboratorio,15,F,4,Medicina Interna,Alta
EP00604,Realización de examen,2026-03-02 01:52:31,Laboratorio_Clinico,Laboratorio,15,F,4,Medicina Interna,Alta
EP00739,Registro del paciente,2026-03-02 04:28:03,Admision_02,,60,M,3,Emergencias,Alta
EP00037,Ingreso a hospitalización,2026-03-02 04:35:25,Gestion_Camas,,10,M,4,Pediatría,Hospitalización
EP00604,Evaluación de resultados,2026-03-02 04:46:27,Dr_Medici_04,Laboratorio,15,F,4,Medicina Interna,Alta
EP00540,Interconsulta especialista,2026-03-02 04:47:12,Especialista_05,,67,F,2,Emergencias,Alta
EP00604,Solicitud de examen,2026-03-02 04:54:58,Dr_Medici_04,Laboratorio,15,F,4,Medicina Interna,Alta
EP00739,Triage,2026-03-02 05:01:49,Enf_Triage_03,,60,M,3,Emergencias,Alta
EP00540,Tratamiento,2026-03-02 05:09:28,Enf_Emerge_02,,67,F,2,Emergencias,Alta
EP00604,Realización de examen,2026-03-02 05:32:19,Laboratorio_Clinico,Laboratorio,15,F,4,Medicina Interna,Alta
EP00540,Alta,2026-03-02 06:07:23,Dr_Emerge_01,,67,F,2,Emergencias,Alta
EP00739,Consulta médica,2026-03-02 07:08:43,Dr_Emerge_04,,60,M,3,Emergencias,Alta
EP01104,Consulta médica,2026-03-02 07:26:34,Dr_Emerge_04,,69,F,4,Emergencias,Alta
EP00739,Tratamiento,2026-03-02 07:59:44,Enf_Emerge_04,,60,M,3,Emergencias,Alta
EP00604,Evaluación de resultados,2026-03-02 08:02:27,Dr_Medici_04,Laboratorio,15,F,4,Medicina Interna,Alta
EP00604,Tratamiento,2026-03-02 09:07:37,Enf_Medici_02,,15,F,4,Medicina Interna,Alta
EP00739,Alta,2026-03-02 09:09:15,Dr_Emerge_04,,60,M,3,Emergencias,Alta
EP00131,Registro del paciente,2026-03-02 09:57:40,Admision_02,,35,F,3,Medicina Interna,Alta
EP00604,Alta,2026-03-02 10:29:01,Dr_Medici_04,,15,F,4,Medicina Interna,Alta
EP00131,Triage,2026-03-02 10:42:26,Enf_Triage_01,,35,F,3,Medicina Interna,Alta
EP01043,Registro del paciente,2026-03-02 11:43:27,Admision_02,,49,F,4,Emergencias,Alta
EP00131,Consulta médica,2026-03-02 12:00:26,Dr_Medici_01,,35,F,3,Medicina Interna,Alta
EP01104,Interconsulta especialista,2026-03-02 12:20:59,Especialista_02,,69,F,4,Emergencias,Alta
EP01043,Triage,2026-03-02 12:22:46,Enf_Triage_02,,49,F,4,Emergencias,Alta
EP00131,Tratamiento,2026-03-02 12:28:33,Enf_Medici_02,,35,F,3,Medicina Interna,Alta
EP01011,Registro del paciente,2026-03-02 13:03:55,Admision_01,,6,M,4,Pediatría,Alta
EP00131,Alta,2026-03-02 13:26:04,Dr_Medici_01,,35,F,3,Medicina Interna,Alta
EP00264,Registro del paciente,2026-03-02 13:37:13,Admision_01,,26,M,5,Traumatología,Alta
EP01011,Triage,2026-03-02 13:41:15,Enf_Triage_01,,6,M,4,Pediatría,Alta
EP01104,Tratamiento,2026-03-02 13:47:18,Enf_Emerge_03,,69,F,4,Emergencias,Alta
EP00264,Triage,2026-03-02 14:18:35,Enf_Triage_01,,26,M,5,Traumatología,Alta
EP01104,Alta,2026-03-02 14:48:49,Dr_Emerge_04,,69,F,4,Emergencias,Alta
EP01043,Consulta médica,2026-03-02 15:07:17,Dr_Emerge_04,,49,F,4,Emergencias,Alta
EP01043,Tratamiento,2026-03-02 15:26:39,Enf_Emerge_04,,49,F,4,Emergencias,Alta
EP01273,Registro del paciente,2026-03-02 15:51:38,Admision_03,,55,F,4,Medicina Interna,Alta
EP01011,Consulta médica,2026-03-02 16:04:16,Dr_Pediat_03,,6,M,4,Pediatría,Alta
EP01273,Triage,2026-03-02 16:21:51,Enf_Triage_03,,55,F,4,Medicina Interna,Alta
EP00252,Registro del paciente,2026-03-02 16:46:47,Admision_03,,1,M,4,Pediatría,Alta
EP01043,Alta,2026-03-02 16:51:38,Dr_Emerge_04,,49,F,4,Emergencias,Alta
EP00252,Triage,2026-03-02 17:11:19,Enf_Triage_01,,1,M,4,Pediatría,Alta
EP00264,Consulta médica,2026-03-02 18:16:19,Dr_Trauma_04,,26,M,5,Traumatología,Alta
EP01011,Interconsulta especialista,2026-03-02 19:14:56,Especialista_04,,6,M,4,Pediatría,Alta
EP01011,Tratamiento,2026-03-02 19:58:57,Enf_Pediat_01,,6,M,4,Pediatría,Alta
EP00264,Consulta médica,2026-03-02 20:03:27,Dr_Trauma_04,,26,M,5,Traumatología,Alta
EP00264,Tratamiento,2026-03-02 20:40:16,Enf_Trauma_03,,26,M,5,Traumatología,Alta
EP01273,Consulta médica,2026-03-02 22:19:02,Dr_Medici_01,,55,F,4,Medicina Interna,Alta
EP00264,Alta,2026-03-02 22:21:56,Dr_Trauma_04,,26,M,5,Traumatología,Alta
EP01273,Tratamiento,2026-03-02 22:31:45,Enf_Medici_03,,55,F,4,Medicina Interna,Alta
EP01011,Alta,2026-03-02 23:06:02,Dr_Pediat_03,,6,M,4,Pediatría,Alta
EP00252,Consulta médica,2026-03-02 23:25:45,Dr_Pediat_01,,1,M,4,Pediatría,Alta
EP01273,Alta,2026-03-02 23:27:49,Dr_Medici_01,,55,F,4,Medicina Interna,Alta
EP00252,Solicitud de examen,2026-03-02 23:40:39,Dr_Pediat_01,Laboratorio,1,M,4,Pediatría,Alta
EP00252,Realización de examen,2026-03-03 00:30:45,Laboratorio_Clinico,Laboratorio,1,M,4,Pediatría,Alta
EP00252,Evaluación de resultados,2026-03-03 01:20:24,Dr_Pediat_01,Laboratorio,1,M,4,Pediatría,Alta
EP00252,Solicitud de examen,2026-03-03 01:44:47,Dr_Pediat_01,Laboratorio,1,M,4,Pediatría,Alta
EP00252,Realización de examen,2026-03-03 02:07:24,Laboratorio_Clinico,Laboratorio,1,M,4,Pediatría,Alta
EP00252,Evaluación de resultados,2026-03-03 02:41:34,Dr_Pediat_01,Laboratorio,1,M,4,Pediatría,Alta
EP00252,Tratamiento,2026-03-03 03:46:46,Enf_Pediat_01,,1,M,4,Pediatría,Alta
EP00252,Alta,2026-03-03 05:38:06,Dr_Pediat_01,,1,M,4,Pediatría,Alta
EP01203,Registro del paciente,2026-03-03 12:38:42,Admision_01,,32,F,4,Medicina Interna,Alta
EP01203,Triage,2026-03-03 13:29:36,Enf_Triage_03,,32,F,4,Medicina Interna,Alta
EP00921,Registro del paciente,2026-03-03 14:02:20,Admision_03,,36,F,5,Emergencias,Alta
EP00382,Registro del paciente,2026-03-03 14:32:44,Admision_01,,6,M,3,Pediatría,Alta
EP00921,Triage,2026-03-03 14:48:44,Enf_Triage_02,,36,F,5,Emergencias,Alta
EP00382,Triage,2026-03-03 14:52:32,Enf_Triage_03,,6,M,3,Pediatría,Alta
EP00015,Registro del paciente,2026-03-03 15:04:14,Admision_03,,36,M,4,Medicina Interna,Alta
EP00382,Consulta médica,2026-03-03 15:48:46,Dr_Pediat_01,,6,M,3,Pediatría,Alta
EP00015,Triage,2026-03-03 15:52:50,Enf_Triage_02,,36,M,4,Medicina Interna,Alta
EP00921,Consulta médica,2026-03-03 16:37:04,Dr_Emerge_02,,36,F,5,Emergencias,Alta
EP00382,Tratamiento,2026-03-03 16:39:19,Enf_Pediat_03,,6,M,3,Pediatría,Alta
EP00921,Tratamiento,2026-03-03 17:22:48,Enf_Emerge_03,,36,F,5,Emergencias,Alta
EP00921,Alta,2026-03-03 17:43:30,Dr_Emerge_02,,36,F,5,Emergencias,Alta
EP01203,Consulta médica,2026-03-03 17:44:17,Dr_Medici_02,,32,F,4,Medicina Interna,Alta
EP00428,Registro del paciente,2026-03-03 17:45:35,Admision_02,,67,F,3,Emergencias,Alta
EP00382,Alta,2026-03-03 17:52:11,Dr_Pediat_01,,6,M,3,Pediatría,Alta
EP00015,Consulta médica,2026-03-03 17:56:57,Dr_Medici_02,,36,M,4,Medicina Interna,Alta
EP01203,Solicitud de examen,2026-03-03 18:01:47,Dr_Medici_02,Imagenología,32,F,4,Medicina Interna,Alta
EP00015,Tratamiento,2026-03-03 18:25:37,Enf_Medici_01,,36,M,4,Medicina Interna,Alta
EP00428,Triage,2026-03-03 18:26:49,Enf_Triage_02,,67,F,3,Emergencias,Alta
EP00428,Consulta médica,2026-03-03 18:55:36,Dr_Emerge_03,,67,F,3,Emergencias,Alta
EP00015,Alta,2026-03-03 18:58:17,Dr_Medici_02,,36,M,4,Medicina Interna,Alta
EP00428,Tratamiento,2026-03-03 19:17:56,Enf_Emerge_03,,67,F,3,Emergencias,Alta
EP00428,Alta,2026-03-03 20:07:49,Dr_Emerge_03,,67,F,3,Emergencias,Alta
EP01203,Realización de examen,2026-03-03 20:08:17,Imagenologia,Imagenología,32,F,4,Medicina Interna,Alta
EP01203,Evaluación de resultados,2026-03-03 21:34:06,Dr_Medici_02,Imagenología,32,F,4,Medicina Interna,Alta
EP01203,Tratamiento,2026-03-03 22:46:21,Enf_Medici_01,,32,F,4,Medicina Interna,Alta
EP01203,Alta,2026-03-03 23:47:33,Dr_Medici_02,,32,F,4,Medicina Interna,Alta
EP01476,Registro del paciente,2026-03-04 03:39:13,Admision_01,,31,F,3,Emergencias,Alta
EP01476,Triage,2026-03-04 04:01:38,Enf_Triage_03,,31,F,3,Emergencias,Alta
EP01476,Consulta médica,2026-03-04 06:49:48,Dr_Emerge_04,,31,F,3,Emergencias,Alta
EP01476,Solicitud de examen,2026-03-04 07:02:14,Dr_Emerge_04,Imagenología,31,F,3,Emergencias,Alta
EP00002,Registro del paciente,2026-03-04 08:54:06,Admision_01,,34,F,2,Emergencias,Alta
EP00002,Triage,2026-03-04 09:18:53,Enf_Triage_02,,34,F,2,Emergencias,Alta
EP00630,Registro del paciente,2026-03-04 10:05:12,Admision_02,,32,F,4,Medicina Interna,Alta
EP00630,Triage,2026-03-04 10:29:29,Enf_Triage_02,,32,F,4,Medicina Interna,Alta
EP00002,Consulta médica,2026-03-04 11:13:33,Dr_Emerge_03,,34,F,2,Emergencias,Alta
EP01094,Registro del paciente,2026-03-04 11:23:52,Admision_01,,50,M,4,Medicina Interna,Alta
EP00002,Solicitud de examen,2026-03-04 11:25:57,Dr_Emerge_03,Laboratorio,34,F,2,Emergencias,Alta
EP01350,Registro del paciente,2026-03-04 12:04:54,Admision_03,,41,M,5,Medicina Interna,Alta
EP01422,Registro del paciente,2026-03-04 12:13:31,Admision_02,,25,F,4,Emergencias,Alta
EP00190,Registro del paciente,2026-03-04 12:30:06,Admision_02,,21,F,1,Emergencias,Hospitalización
EP00190,Triage,2026-03-04 12:33:07,Enf_Triage_02,,21,F,1,Emergencias,Hospitalización
EP00002,Realización de examen,2026-03-04 12:35:45,Laboratorio_Clinico,Laboratorio,34,F,2,Emergencias,Alta
EP01476,Realización de examen,2026-03-04 12:36:15,Imagenologia,Imagenología,31,F,3,Emergencias,Alta
EP00190,Consulta médica,2026-03-04 12:36:31,Dr_Emerge_04,,21,F,1,Emergencias,Hospitalización
EP01094,Triage,,Enf_Triage_03,,50,M,4,Medicina Interna,Alta
EP00782,Registro del paciente,2026-03-04 12:39:06,Admision_03,,65,M,5,Medicina Interna,Traslado
EP01422,Triage,2026-03-04 12:58:54,Enf_Triage_03,,25,F,4,Emergencias,Alta
EP00630,Consulta médica,2026-03-04 13:03:36,Dr_Medici_03,,32,F,4,Medicina Interna,Alta
EP00782,Triage,2026-03-04 13:05:47,Enf_Triage_01,,65,M,5,Medicina Interna,Traslado
EP01350,Triage,2026-03-04 13:10:39,Enf_Triage_02,,41,M,5,Medicina Interna,Alta
EP00190,Tratamiento,2026-03-04 13:13:39,Enf_Emerge_02,,21,F,1,Emergencias,Hospitalización
EP00002,Evaluación de resultados,2026-03-04 13:21:24,Dr_Emerge_03,Laboratorio,34,F,2,Emergencias,Alta
EP00630,Tratamiento,2026-03-04 13:50:20,Enf_Medici_04,,32,F,4,Medicina Interna,Alta
EP00002,Tratamiento,2026-03-04 14:01:28,Enf_Emerge_03,,34,F,2,Emergencias,Alta
EP00323,Registro del paciente,2026-03-04 14:10:18,Admision_01,,87,F,4,Emergencias,Alta
EP01094,Consulta médica,2026-03-04 14:22:32,Dr_Medici_04,,50,M,4,Medicina Interna,Alta
EP01476,Evaluación de resultados,2026-03-04 14:26:38,Dr_Emerge_04,Imagenología,31,F,3,Emergencias,Alta
EP00630,Alta,2026-03-04 14:28:43,Dr_Medici_03,,32,F,4,Medicina Interna,Alta
EP00323,Triage,2026-03-04 14:42:18,Enf_Triage_02,,87,F,4,Emergencias,Alta
EP01094,Solicitud de examen,2026-03-04 14:44:26,Dr_Medici_04,Imagenología,50,M,4,Medicina Interna,Alta
EP00002,Alta,2026-03-04 15:00:39,Dr_Emerge_03,,34,F,2,Emergencias,Alta
EP01476,Tratamiento,2026-03-04 15:10:24,Enf_Emerge_04,,31,F,3,Emergencias,Alta
EP01293,Registro del paciente,2026-03-04 15:19:14,Admision_01,,93,M,5,Emergencias,Alta
EP01422,Consulta médica,2026-03-04 15:47:42,Dr_Emerge_01,,25,F,4,Emergencias,Alta
EP00190,Ingreso a hospitalización,2026-03-04 16:00:40,Gestion_Camas,,21,F,1,Emergencias,Hospitalización
EP01476,Alta,2026-03-04 16:04:19,Dr_Emerge_04,,31,F,3,Emergencias,Alta
EP00782,Consulta médica,2026-03-04 16:15:09,Dr_Medici_02,,65,M,5,Medicina Interna,Traslado
EP01293,Triage,2026-03-04 16:19:05,Enf_Triage_03,,93,M,5,Emergencias,Alta
EP00782,Solicitud de examen,2026-03-04 16:23:13,Dr_Medici_02,Laboratorio,65,M,5,Medicina Interna,Traslado
EP01422,Tratamiento,2026-03-04 16:38:43,Enf_Emerge_02,,25,F,4,Emergencias,Alta
EP00782,Realización de examen,2026-03-04 16:43:40,Laboratorio_Clinico,Laboratorio,65,M,5,Medicina Interna,Traslado
EP00415,Registro del paciente,2026-03-04 17:15:59,Admision_01,,53,M,2,Emergencias,Alta
EP01244,Registro del paciente,2026-03-04 17:20:27,Admision_01,,20,F,3,Emergencias,Alta
EP00791,Registro del paciente,2026-03-04 17:40:59,Admision_03,,27,F,1,Medicina Interna,Hospitalización
EP01244,Triage,2026-03-04 17:41:52,Enf_Triage_02,,20,F,3,Emergencias,Alta
EP00791,Triage,2026-03-04 17:44:00,Enf_Triage_02,,27,F,1,Medicina Interna,Hospitalización
EP00415,Triage,2026-03-04 17:46:55,Enf_Triage_01,,53,M,2,Emergencias,Alta
EP00415,Triage,2026-03-04 17:46:55,Enf_Triage_01,,53,M,2,Emergencias,Alta
EP00782,Evaluación de resultados,2026-03-04 17:48:28,Dr_Medici_02,Laboratorio,65,M,5,Medicina Interna,Traslado
EP00791,Consulta médica,2026-03-04 17:48:47,Dr_Medici_04,,27,F,1,Medicina Interna,Hospitalización
EP01422,Alta,2026-03-04 17:48:56,Dr_Emerge_01,,25,F,4,Emergencias,Alta
EP00010,Registro del paciente,2026-03-04 18:02:41,Admision_03,,55,M,2,Emergencias,Alta
EP00782,Solicitud de examen,2026-03-04 18:07:31,Dr_Medici_02,Imagenología,65,M,5,Medicina Interna,Traslado
EP00415,Consulta médica,2026-03-04 18:14:52,Dr_Emerge_01,,53,M,2,Emergencias,Alta
EP01350,Consulta médica,2026-03-04 18:28:18,Dr_Medici_03,,41,M,5,Medicina Interna,Alta
EP01094,Realización de examen,2026-03-04 18:28:47,Imagenologia,Imagenología,50,M,4,Medicina Interna,Alta
EP00010,Triage,2026-03-04 18:34:43,Enf_Triage_02,,55,M,2,Emergencias,Alta
EP01350,Solicitud de examen,2026-03-04 18:47:19,Dr_Medici_03,Laboratorio,41,M,5,Medicina Interna,Alta
EP00323,Consulta médica,2026-03-04 18:58:14,Dr_Emerge_02,,87,F,4,Emergencias,Alta
EP01244,Consulta médica,2026-03-04 19:04:24,Dr_Emerge_01,,20,F,3,Emergencias,Alta
EP00010,Consulta médica,2026-03-04 19:09:37,Dr_Emerge_03,,55,M,2,Emergencias,Alta
EP00415,Tratamiento,2026-03-04 19:14:48,Enf_Emerge_02,,53,M,2,Emergencias,Alta
EP00010,Solicitud de examen,2026-03-04 19:23:32,Dr_Emerge_03,Laboratorio,55,M,2,Emergencias,Alta
EP01350,Realización de examen,2026-03-04 19:33:30,Laboratorio_Clinico,Laboratorio,41,M,5,Medicina Interna,Alta
EP00323,Tratamiento,2026-03-04 19:35:15,Enf_Emerge_02,,87,F,4,Emergencias,Alta
EP00010,Realización de examen,2026-03-04 19:45:30,Laboratorio_Clinico,Laboratorio,55,M,2,Emergencias,Alta
EP01244,Tratamiento,2026-03-04 19:52:35,Enf_Emerge_02,,20,F,3,Emergencias,Alta
EP00415,Alta,2026-03-04 19:56:09,Dr_Emerge_01,,53,M,2,Emergencias,Alta
EP01350,Evaluación de resultados,2026-03-04 20:10:32,Dr_Medici_03,Laboratorio,41,M,5,Medicina Interna,Alta
EP01244,Alta,2026-03-04 20:52:45,Dr_Emerge_01,,20,F,3,Emergencias,Alta
EP01350,Tratamiento,2026-03-04 21:01:10,Enf_Medici_02,,41,M,5,Medicina Interna,Alta
EP01094,Evaluación de resultados,2026-03-04 21:09:44,Dr_Medici_04,Imagenología,50,M,4,Medicina Interna,Alta
EP00323,Alta,2026-03-04 21:15:57,Dr_Emerge_02,,87,F,4,Emergencias,Alta
EP00010,Evaluación de resultados,2026-03-04 21:16:17,Dr_Emerge_03,Laboratorio,55,M,2,Emergencias,Alta
EP01094,Solicitud de examen,2026-03-04 21:27:26,Dr_Medici_04,Laboratorio,50,M,4,Medicina Interna,Alta
EP01350,Alta,2026-03-04 21:38:31,Dr_Medici_03,,41,M,5,Medicina Interna,Alta
EP00010,Tratamiento,2026-03-04 21:48:44,Enf_Emerge_03,,55,M,2,Emergencias,Alta
EP01094,Realización de examen,2026-03-04 21:49:46,Laboratorio_Clinico,Laboratorio,50,M,4,Medicina Interna,Alta
EP00782,Realización de examen,2026-03-04 21:53:04,Imagenologia,Imagenología,65,M,5,Medicina Interna,Traslado
EP00010,Alta,2026-03-04 22:11:21,Dr_Emerge_03,,55,M,2,Emergencias,Alta
EP00782,Evaluación de resultados,2026-03-04 22:32:17,Dr_Medici_02,Imagenología,65,M,5,Medicina Interna,Traslado
EP01094,Evaluación de resultados,2026-03-04 22:45:05,Dr_Medici_04,Laboratorio,50,M,4,Medicina Interna,Alta
EP01094,Tratamiento,2026-03-04 23:20:03,Enf_Medici_04,,50,M,4,Medicina Interna,Alta
EP00782,Solicitud de examen,2026-03-04 23:23:35,Dr_Medici_02,Laboratorio,65,M,5,Medicina Interna,Traslado
EP00782,Realización de examen,2026-03-05 00:05:56,Laboratorio_Clinico,Laboratorio,65,M,5,Medicina Interna,Traslado
EP00706,Registro del paciente,2026-03-05 00:18:10,Admision_03,,31,M,2,Medicina Interna,Hospitalización
EP01094,Alta,2026-03-05 00:24:27,Dr_Medici_04,,50,M,4,Medicina Interna,Alta
EP01293,Consulta médica,2026-03-05 00:36:04,Dr_Emerge_01,,93,M,5,Emergencias,Alta
EP00706,Triage,2026-03-05 00:40:55,Enf_Triage_02,,31,M,2,Medicina Interna,Hospitalización
EP01293,Solicitud de examen,2026-03-05 00:41:17,Dr_Emerge_01,Imagenología,93,M,5,Emergencias,Alta
EP00782,Evaluación de resultados,2026-03-05 00:50:07,Dr_Medici_02,Laboratorio,65,M,5,Medicina Interna,Traslado
EP00706,Consulta médica,2026-03-05 01:36:14,Dr_Medici_01,,31,M,2,Medicina Interna,Hospitalización
EP00706,Solicitud de examen,2026-03-05 01:42:01,Dr_Medici_01,Imagenología,31,M,2,Medicina Interna,Hospitalización
EP00791,Interconsulta especialista,2026-03-05 03:27:27,Especialista_02,,27,F,1,Medicina Interna,Hospitalización
EP00782,Consulta médica,2026-03-05 03:58:42,Dr_Medici_02,,65,M,5,Medicina Interna,Traslado
EP00791,Tratamiento,2026-03-05 04:02:50,Enf_Medici_02,,27,F,1,Medicina Interna,Hospitalización
EP01240,Registro del paciente,2026-03-05 04:31:41,Admision_02,,12,F,1,Pediatría,Alta
EP01240,Triage,2026-03-05 04:34:42,Enf_Triage_01,,12,F,1,Pediatría,Alta
EP00782,Tratamiento,2026-03-05 04:36:27,Enf_Medici_01,,65,M,5,Medicina Interna,Traslado
EP01240,Consulta médica,2026-03-05 04:43:53,Dr_Pediat_02,,12,F,1,Pediatría,Alta
EP00644,Registro del paciente,2026-03-05 04:46:55,Admision_02,,59,F,2,Traumatología,Alta
EP01240,Solicitud de examen,2026-03-05 05:08:10,Dr_Pediat_02,Imagenología,12,F,1,Pediatría,Alta
EP00644,Triage,2026-03-05 05:14:29,Enf_Triage_02,,59,F,2,Traumatología,Alta
EP00644,Consulta médica,2026-03-05 05:43:10,Dr_Trauma_01,,59,F,2,Traumatología,Alta
EP00644,Solicitud de examen,2026-03-05 05:50:05,Dr_Trauma_01,Imagenología,59,F,2,Traumatología,Alta
EP00782,Traslado a otro centro,2026-03-05 06:28:02,Admision_01,,65,M,5,Medicina Interna,Traslado
EP01293,Realización de examen,2026-03-05 07:29:31,Imagenologia,Imagenología,93,M,5,Emergencias,Alta
EP00224,Registro del paciente,2026-03-05 07:57:34,Admision_02,,60,M,5,Medicina Interna,Alta
EP00224,triage,2026-03-05 08:53:31,Enf_Triage_03,,60,M,5,Medicina Interna,Alta
EP00770,Registro del paciente,2026-03-05 10:17:18,Admision_03,,49,M,4,Emergencias,Alta
EP01293,Evaluación de resultados,2026-03-05 10:55:30,Dr_Emerge_01,Imagenología,93,M,5,Emergencias,Alta
EP00791,Ingreso a hospitalización,2026-03-05 10:58:56,Gestion_Camas,,27,F,1,Medicina Interna,Hospitalización
EP00224,Consulta médica,2026-03-05 11:08:03,Dr_Medici_02,,60,M,5,Medicina Interna,Alta
EP00770,Triage,2026-03-05 11:14:06,Enf_Triage_03,,49,M,4,Emergencias,Alta
EP01240,Realización de examen,2026-03-05 12:00:45,Imagenologia,Imagenología,12,F,1,Pediatría,Alta
EP00224,Tratamiento,2026-03-05 12:01:26,Enf_Medici_02,,60,M,5,Medicina Interna,Alta
EP01298,Registro del paciente,2026-03-05 12:14:42,Admision_01,,38,M,4,Traumatología,Alta
EP01298,Triage,2026-03-05 13:03:45,Enf_Triage_02,,38,M,4,Traumatología,Alta
EP00224,Alta,2026-03-05 13:46:01,Dr_Medici_02,,60,M,5,Medicina Interna,Alta
EP01348,Registro del paciente,2026-03-05 13:52:10,Admision_01,,35,M,4,Medicina Interna,Alta
EP00321,Registro del paciente,2026-03-05 14:02:14,Admision_01,,54,F,5,Emergencias,Alta
EP00706,Realización de examen,2026-03-05 14:37:50,Imagenologia,Imagenología,31,M,2,Medicina Interna,Hospitalización
EP00366,Registro del paciente,2026-03-05 14:46:39,Admision_01,,57,M,4,Traumatología,Alta
EP01240,Evaluación de resultados,2026-03-05 14:48:21,Dr_Pediat_02,Imagenología,12,F,1,Pediatría,Alta
EP01348,Triage,2026-03-05 15:01:34,Enf_Triage_03,,35,M,4,Medicina Interna,Alta
EP01240,Tratamiento,2026-03-05 15:13:14,Enf_Pediat_01,,12,F,1,Pediatría,Alta
EP01293,Interconsulta especialista,2026-03-05 15:18:19,Especialista_04,,93,M,5,Emergencias,Alta
EP00366,Triage,2026-03-05 15:55:35,Enf_Triage_02,,57,M,4,Traumatología,Alta
EP00321,Triage,2026-03-05 15:55:53,Enf_Triage_01,,54,F,5,Emergencias,Alta
EP00644,Realización de examen,2026-03-05 15:56:59,Imagenologia,Imagenología,59,F,2,Traumatología,Alta
EP00770,Consulta médica,,Dr_Emerge_02,,49,M,4,Emergencias,Alta
EP01293,Tratamiento,2026-03-05 16:11:34,Enf_Emerge_04,,93,M,5,Emergencias,Alta
EP00770,Tratamiento,2026-03-05 16:50:00,Enf_Emerge_03,,49,M,4,Emergencias,Alta
EP01240,Alta,2026-03-05 17:01:39,Dr_Pediat_02,,12,F,1,Pediatría,Alta
EP01298,Consulta médica,2026-03-05 17:09:11,Dr_Trauma_01,,38,M,4,Traumatología,Alta
EP01293,Alta,2026-03-05 17:17:51,Dr_Emerge_01,,93,M,5,Emergencias,Alta
EP00706,Evaluación de resultados,2026-03-05 17:22:59,Dr_Medici_01,Imagenología,31,M,2,Medicina Interna,Hospitalización
EP00644,Evaluación de resultados,2026-03-05 17:27:24,Dr_Trauma_01,Imagenología,59,F,2,Traumatología,Alta
EP00366,Consulta médica,2026-03-05 17:40:05,Dr_Trauma_03,,57,M,4,Traumatología,Alta
EP00644,Solicitud de examen,2026-03-05 17:40:14,Dr_Trauma_01,Imagenología,59,F,2,Traumatología,Alta
EP00770,Alta,2026-03-05 17:42:14,Dr_Emerge_02,,49,M,4,Emergencias,Alta
EP01298,Tratamiento,2026-03-05 17:54:38,Enf_Trauma_04,,38,M,4,Traumatología,Alta
EP00706,Solicitud de examen,2026-03-05 17:56:40,Dr_Medici_01,Laboratorio,31,M,2,Medicina Interna,Hospitalización
EP01348,Consulta médica,2026-03-05 18:16:46,Dr_Medici_02,,35,M,4,Medicina Interna,Alta
EP01348,Solicitud de examen,2026-03-05 18:31:08,Dr_Medici_02,Laboratorio,35,M,4,Medicina Interna,Alta
EP01298,Alta,2026-03-05 18:33:09,Dr_Trauma_01,,38,M,4,Traumatología,Alta
EP00239,Registro del paciente,2026-03-05 18:34:50,Admision_03,,0,M,4,Pediatría,Alta
EP00366,Tratamiento,2026-03-05 19:00:11,Enf_Trauma_03,,57,M,4,Traumatología,Alta
EP01348,Realización de examen,2026-03-05 19:02:30,Laboratorio_Clinico,Laboratorio,35,M,4,Medicina Interna,Alta
EP00706,Realización de examen,2026-03-05 19:10:18,Laboratorio_Clinico,Laboratorio,31,M,2,Medicina Interna,Hospitalización
EP00239,Triage,2026-03-05 19:30:50,Enf_Triage_02,,0,M,4,Pediatría,Alta
EP01348,Evaluación de resultados,2026-03-05 19:48:31,Dr_Medici_02,Laboratorio,35,M,4,Medicina Interna,Alta
EP01348,Solicitud de examen,2026-03-05 20:00:31,Dr_Medici_02,Laboratorio,35,M,4,Medicina Interna,Alta
EP00366,Alta,2026-03-05 20:43:42,Dr_Trauma_03,,57,M,4,Traumatología,Alta
EP00706,Evaluación de resultados,2026-03-05 20:48:33,Dr_Medici_01,Laboratorio,31,M,2,Medicina Interna,Hospitalización
EP00644,Realización de examen,2026-03-05 21:34:03,Imagenologia,Imagenología,59,F,2,Traumatología,Alta
EP00239,Consulta médica,2026-03-05 21:35:13,Dr_Pediat_02,,0,M,4,Pediatría,Alta
EP00239,Tratamiento,2026-03-05 22:15:01,Enf_Pediat_03,,0,M,4,Pediatría,Alta
EP00706,Tratamiento,2026-03-05 22:26:26,Enf_Medici_02,,31,M,2,Medicina Interna,Hospitalización
EP00644,Evaluación de resultados,2026-03-05 22:28:10,Dr_Trauma_01,Imagenología,59,F,2,Traumatología,Alta
EP01348,Realización de examen,2026-03-05 22:31:06,Laboratorio_Clinico,Laboratorio,35,M,4,Medicina Interna,Alta
EP00321,Consulta médica,2026-03-05 22:44:02,Dr_Emerge_03,,54,F,5,Emergencias,Alta
EP00644,Tratamiento,2026-03-05 23:02:28,Enf_Trauma_01,,59,F,2,Traumatología,Alta
EP00239,Alta,2026-03-05 23:04:34,Dr_Pediat_02,,0,M,4,Pediatría,Alta
EP01348,Evaluación de resultados,2026-03-05 23:46:08,Dr_Medici_02,Laboratorio,35,M,4,Medicina Interna,Alta
EP00644,Alta,2026-03-05 23:49:50,Dr_Trauma_01,,59,F,2,Traumatología,Alta
EP01348,Tratamiento,2026-03-06 00:21:19,Enf_Medici_04,,35,M,4,Medicina Interna,Alta
EP00321,Consulta médica,2026-03-06 00:59:21,Dr_Emerge_03,,54,F,5,Emergencias,Alta
EP00321,Tratamiento,2026-03-06 01:38:06,Enf_Emerge_01,,54,F,5,Emergencias,Alta
EP01348,Alta,2026-03-06 01:38:47,Dr_Medici_02,,35,M,4,Medicina Interna,Alta
EP00321,Alta,2026-03-06 02:27:31,Dr_Emerge_03,,54,F,5,Emergencias,Alta
EP01426,Registro del paciente,2026-03-06 06:49:28,Admision_02,,49,F,4,Emergencias,Alta
EP01426,Triage,2026-03-06 07:15:49,Enf_Triage_02,,49,F,4,Emergencias,Alta
EP00706,Ingreso a hospitalización,2026-03-06 07:26:57,Gestion_Camas,,31,M,2,Medicina Interna,Hospitalización
EP01117,Registro del paciente,2026-03-06 14:06:02,Admision_02,,9,M,2,Pediatría,Alta
EP01117,Triage,2026-03-06 14:37:12,Enf_Triage_01,,9,M,2,Pediatría,Alta
EP01117,Consulta médica,2026-03-06 15:00:43,Dr_Pediat_02,,9,M,2,Pediatría,Alta
EP01117,Tratamiento,2026-03-06 15:37:32,Enf_Pediat_03,,9,M,2,Pediatría,Alta
EP01426,Consulta médica,2026-03-06 15:53:04,Dr_Emerge_03,,49,F,4,Emergencias,Alta
EP01117,Alta,2026-03-06 16:02:28,Dr_Pediat_02,,9,M,2,Pediatría,Alta
EP01426,Tratamiento,2026-03-06 16:57:44,Enf_Emerge_03,,49,F,4,Emergencias,Alta
EP00741,Registro del paciente,2026-03-06 17:58:53,Admision_03,,53,M,3,Traumatología,Alta
EP00367,Registro del paciente,2026-03-06 18:02:13,Admision_01,,54,F,3,Medicina Interna,Alta
EP01426,Alta,2026-03-06 18:17:34,Dr_Emerge_03,,49,F,4,Emergencias,Alta
EP00367,Triage,2026-03-06 18:21:48,Enf_Triage_01,,54,F,3,Medicina Interna,Alta
EP00741,Triage,2026-03-06 18:26:28,Enf_Triage_02,,53,M,3,Traumatología,Alta
EP00449,Registro del paciente,2026-03-06 19:44:35,Admision_02,,6,F,2,Pediatría,Alta
EP00367,Consulta médica,2026-03-06 19:52:16,Dr_Medici_02,,54,F,3,Medicina Interna,Alta
EP00741,Consulta médica,2026-03-06 19:56:54,Dr_Trauma_04,,53,M,3,Traumatología,Alta
EP00367,Tratamiento,2026-03-06 20:13:32,Enf_Medici_04,,54,F,3,Medicina Interna,Alta
EP00741,Solicitud de examen,2026-03-06 20:14:03,Dr_Trauma_04,Imagenología,53,M,3,Traumatología,Alta
EP00449,Triage,2026-03-06 20:16:51,Enf_Triage_02,,6,F,2,Pediatría,Alta
EP00449,Consulta médica,2026-03-06 20:31:09,Dr_Pediat_03,,6,F,2,Pediatría,Alta
EP00449,Solicitud de examen,2026-03-06 20:41:40,Dr_Pediat_03,Laboratorio,6,F,2,Pediatría,Alta
EP00449,Realización de examen,2026-03-06 21:07:56,Laboratorio_Clinico,Laboratorio,6,F,2,Pediatría,Alta
EP00367,Alta,2026-03-06 21:34:26,Dr_Medici_02,,54,F,3,Medicina Interna,Alta
EP00449,Evaluación de resultados,2026-03-06 21:44:02,Dr_Pediat_03,Laboratorio,6,F,2,Pediatría,Alta
EP00449,Tratamiento,2026-03-06 22:12:39,Enf_Pediat_01,,6,F,2,Pediatría,Alta
EP01478,Registro del paciente,2026-03-06 23:00:14,Admision_01,,73,M,2,Medicina Interna,Hospitalización
EP00449,Alta,2026-03-06 23:14:49,Dr_Pediat_03,,6,F,2,Pediatría,Alta
EP01478,Triage,2026-03-06 23:37:36,Enf_Triage_03,,73,M,2,Medicina Interna,Hospitalización
EP01478,Consulta médica,2026-03-07 00:00:02,Dr_Medici_04,,73,M,2,Medicina Interna,Hospitalización
EP01478,Solicitud de examen,2026-03-07 00:23:44,Dr_Medici_04,Laboratorio,73,M,2,Medicina Interna,Hospitalización
EP01478,Realización de examen,2026-03-07 00:57:26,Laboratorio_Clinico,Laboratorio,73,M,2,Medicina Interna,Hospitalización
EP01478,Evaluación de resultados,2026-03-07 01:34:30,Dr_Medici_04,Laboratorio,73,M,2,Medicina Interna,Hospitalización
EP01478,Solicitud de examen,2026-03-07 01:53:08,Dr_Medici_04,Laboratorio,73,M,2,Medicina Interna,Hospitalización
EP01165,Registro del paciente,2026-03-07 02:07:05,Admision_01,,70,F,4,Emergencias,Hospitalización
EP01165,Triage,2026-03-07 02:42:11,Enf_Triage_03,,70,F,4,Emergencias,Hospitalización
EP01478,Realización de examen,2026-03-07 03:20:58,Laboratorio_Clinico,Laboratorio,73,M,2,Medicina Interna,Hospitalización
EP00741,Realización de examen,2026-03-07 04:31:47,Imagenologia,Imagenología,53,M,3,Traumatología,Alta
EP01478,Evaluación de resultados,2026-03-07 04:57:43,Dr_Medici_04,Laboratorio,73,M,2,Medicina Interna,Hospitalización
EP00741,Evaluación de resultados,2026-03-07 05:48:42,Dr_Trauma_04,Imagenología,53,M,3,Traumatología,Alta
EP01478,Tratamiento,2026-03-07 05:54:23,Enf_Medici_04,,73,M,2,Medicina Interna,Hospitalización
EP00741,Tratamiento,2026-03-07 06:22:31,Enf_Trauma_02,,53,M,3,Traumatología,Alta
EP00741,Alta,2026-03-07 07:09:34,Dr_Trauma_04,,53,M,3,Traumatología,Alta
EP01478,Ingreso a hospitalización,2026-03-07 07:58:10,Gestion_Camas,,73,M,2,Medicina Interna,Hospitalización
EP01177,Registro del paciente,2026-03-07 10:21:21,Admision_03,,40,M,4,Traumatología,Alta
EP00729,Registro del paciente,2026-03-07 10:48:00,Admision_02,,15,F,4,Emergencias,Alta
EP01177,Triage,2026-03-07 11:16:57,Enf_Triage_01,,40,M,4,Traumatología,Alta
EP00729,Triage,2026-03-07 11:24:20,Enf_Triage_01,,15,F,4,Emergencias,Alta
EP01165,Consulta médica,2026-03-07 11:35:36,Dr_Emerge_02,,70,F,4,Emergencias,Hospitalización
EP01165,Tratamiento,2026-03-07 12:06:35,Enf_Emerge_01,,70,F,4,Emergencias,Hospitalización
EP01177,Consulta médica,2026-03-07 13:32:45,Dr_Trauma_03,,40,M,4,Traumatología,Alta
EP00640,Registro del paciente,2026-03-07 13:37:02,Admision_03,,40,F,3,Medicina Interna,Hospitalización
EP00640,Triage,2026-03-07 14:08:52,Enf_Triage_01,,40,F,3,Medicina Interna,Hospitalización
EP00729,Consulta médica,2026-03-07 14:15:11,Dr_Emerge_02,,15,F,4,Emergencias,Alta
EP01177,Tratamiento,2026-03-07 14:18:58,Enf_Trauma_01,,40,M,4,Traumatología,Alta
EP00810,Registro del paciente,2026-03-07 14:24:38,Admision_01,,10,M,3,Pediatría,Alta
EP00729,Tratamiento,2026-03-07 14:42:43,Enf_Emerge_03,,15,F,4,Emergencias,Alta
EP00810,Triage,2026-03-07 14:47:57,Enf_Triage_03,,10,M,3,Pediatría,Alta
EP00601,Registro del paciente,2026-03-07 14:55:09,Admision_02,,19,F,2,Medicina Interna,Alta
EP01177,Alta,2026-03-07 14:56:31,Dr_Trauma_03,,40,M,4,Traumatología,Alta
EP00829,Registro del paciente,2026-03-07 15:19:53,Admision_01,,57,M,5,Emergencias,Hospitalización
EP00810,Consulta médica,2026-03-07 15:19:57,Dr_Pediat_02,,10,M,3,Pediatría,Alta
EP00729,Alta,2026-03-07 15:31:10,Dr_Emerge_02,,15,F,4,Emergencias,Alta
EP00640,Consulta médica,2026-03-07 15:33:23,Dr_Medici_01,,40,F,3,Medicina Interna,Hospitalización
EP00810,Solicitud de examen,2026-03-07 15:35:29,Dr_Pediat_02,Laboratorio,10,M,3,Pediatría,Alta
EP00601,Triage,2026-03-07 15:36:25,Enf_Triage_01,,19,F,2,Medicina Interna,Alta
EP00829,Triage,2026-03-07 15:44:52,Enf_Triage_03,,57,M,5,Emergencias,Hospitalización
EP00640,Solicitud de examen,2026-03-07 15:48:22,Dr_Medici_01,Laboratorio,40,F,3,Medicina Interna,Hospitalización
EP00601,Consulta médica,2026-03-07 15:56:28,Dr_Medici_02,,19,F,2,Medicina Interna,Alta
EP00601,Solicitud de examen,2026-03-07 16:05:48,Dr_Medici_02,Imagenología,19,F,2,Medicina Interna,Alta
EP00640,Realización de examen,2026-03-07 16:38:49,Laboratorio_Clinico,Laboratorio,40,F,3,Medicina Interna,Hospitalización
EP00810,Realización de examen,2026-03-07 16:48:54,Laboratorio_Clinico,Laboratorio,10,M,3,Pediatría,Alta
EP00810,Evaluación de resultados,2026-03-07 17:14:58,Dr_Pediat_02,Laboratorio,10,M,3,Pediatría,Alta
EP00810,Solicitud de examen,2026-03-07 17:24:11,Dr_Pediat_02,Imagenología,10,M,3,Pediatría,Alta
EP00640,Evaluación de resultados,2026-03-07 17:58:17,Dr_Medici_01,Laboratorio,40,F,3,Medicina Interna,Hospitalización
EP00640,Solicitud de examen,2026-03-07 18:08:59,Dr_Medici_01,Imagenología,40,F,3,Medicina Interna,Hospitalización
EP00955,Registro del paciente,2026-03-07 19:09:07,Admision_01,,58,M,4,Emergencias,Hospitalización
EP00955,Triage,2026-03-07 19:49:31,Enf_Triage_02,,58,M,4,Emergencias,Hospitalización
EP00829,consulta médica,2026-03-07 19:55:01,Dr_Emerge_02,,57,M,5,Emergencias,Hospitalización
EP00829,Solicitud de examen,2026-03-07 20:02:04,Dr_Emerge_02,Laboratorio,57,M,5,Emergencias,Hospitalización
EP00601,Realización de examen,2026-03-07 20:02:36,Imagenologia,Imagenología,19,F,2,Medicina Interna,Alta
EP00640,Realización de examen,2026-03-07 20:09:47,Imagenologia,Imagenología,40,F,3,Medicina Interna,Hospitalización
EP01331,Registro del paciente,2026-03-07 20:16:51,Admision_02,,3,F,2,Pediatría,Alta
EP01331,Triage,2026-03-07 20:35:43,Enf_Triage_03,,3,F,2,Pediatría,Alta
EP00829,Realización de examen,2026-03-07 20:35:50,Laboratorio_Clinico,Laboratorio,57,M,5,Emergencias,Hospitalización
EP01331,Consulta médica,2026-03-07 21:06:43,Dr_Pediat_03,,3,F,2,Pediatría,Alta
EP00829,Evaluación de resultados,2026-03-07 21:21:24,Dr_Emerge_02,Laboratorio,57,M,5,Emergencias,Hospitalización
EP01331,Tratamiento,2026-03-07 21:30:55,Enf_Pediat_03,,3,F,2,Pediatría,Alta
EP00601,Evaluación de resultados,2026-03-07 21:31:12,Dr_Medici_02,Imagenología,19,F,2,Medicina Interna,Alta
EP01165,Ingreso a hospitalización,2026-03-07 21:40:30,Gestion_Camas,,70,F,4,Emergencias,Hospitalización
EP00829,Tratamiento,2026-03-07 21:53:02,Enf_Emerge_04,,57,M,5,Emergencias,Hospitalización
EP00601,Tratamiento,2026-03-07 22:04:20,Enf_Medici_01,,19,F,2,Medicina Interna,Alta
EP00955,Consulta médica,2026-03-07 22:13:55,Dr_Emerge_02,,58,M,4,Emergencias,Hospitalización
EP01331,Alta,2026-03-07 22:15:53,Dr_Pediat_03,,3,F,2,Pediatría,Alta
EP00955,Solicitud de examen,2026-03-07 22:35:44,Dr_Emerge_02,Laboratorio,58,M,4,Emergencias,Hospitalización
EP00601,Alta,2026-03-07 22:45:21,Dr_Medici_02,,19,F,2,Medicina Interna,Alta
EP01311,Registro del paciente,2026-03-07 22:54:09,Admision_01,,21,M,4,Medicina Interna,Alta
EP00640,Evaluación de resultados,2026-03-07 23:04:19,Dr_Medici_01,Imagenología,40,F,3,Medicina Interna,Hospitalización
EP01311,Triage,2026-03-07 23:45:10,Enf_Triage_02,,21,M,4,Medicina Interna,Alta
EP00955,Realización de examen,2026-03-07 23:48:50,Laboratorio_Clinico,Laboratorio,58,M,4,Emergencias,Hospitalización
EP00640,Solicitud de examen,2026-03-07 23:50:35,Dr_Medici_01,Laboratorio,40,F,3,Medicina Interna,Hospitalización
EP00955,Evaluación de resultados,2026-03-08 00:20:50,Dr_Emerge_02,Laboratorio,58,M,4,Emergencias,Hospitalización
EP00640,Realización de examen,2026-03-08 00:45:09,Laboratorio_Clinico,Laboratorio,40,F,3,Medicina Interna,Hospitalización
EP00640,Evaluación de resultados,2026-03-08 01:13:40,Dr_Medici_01,Laboratorio,40,F,3,Medicina Interna,Hospitalización
EP00829,Ingreso a hospitalización,2026-03-08 02:01:39,Gestion_Camas,,57,M,5,Emergencias,Hospitalización
EP01311,Consulta médica,2026-03-08 02:02:34,Dr_Medici_03,,21,M,4,Medicina Interna,Alta
EP01311,Solicitud de examen,2026-03-08 02:12:31,Dr_Medici_03,Imagenología,21,M,4,Medicina Interna,Alta
EP00640,Tratamiento,2026-03-08 02:14:16,Enf_Medici_04,,40,F,3,Medicina Interna,Hospitalización
EP00955,Interconsulta especialista,2026-03-08 04:38:39,Especialista_04,,58,M,4,Emergencias,Hospitalización
EP00955,Tratamiento,2026-03-08 05:03:00,Enf_Emerge_04,,58,M,4,Emergencias,Hospitalización
EP00969,Registro del paciente,2026-03-08 06:33:11,Admision_03,,41,M,5,Medicina Interna,Alta
EP00969,Triage,2026-03-08 07:31:07,Enf_Triage_03,,41,M,5,Medicina Interna,Alta
EP00955,Ingreso a hospitalización,2026-03-08 08:18:03,Gestion_Camas,,58,M,4,Emergencias,Hospitalización
EP00664,Registro del paciente,2026-03-08 08:33:07,Admision_02,,36,F,3,Emergencias,Alta
EP00664,Triage,2026-03-08 09:13:34,Enf_Triage_01,,36,F,3,Emergencias,Alta
EP00664,Consulta médica,2026-03-08 10:09:56,Dr_Emerge_04,,36,F,3,Emergencias,Alta
EP00664,Tratamiento,2026-03-08 11:07:09,Enf_Emerge_04,,36,F,3,Emergencias,Alta
EP01127,Registro del paciente,2026-03-08 12:17:10,Admision_03,,4,F,3,Pediatría,Alta
EP00664,Alta,2026-03-08 12:27:20,Dr_Emerge_04,,36,F,3,Emergencias,Alta
EP00557,Registro del paciente,2026-03-08 12:30:54,Admision_01,,24,M,4,Emergencias,Hospitalización
EP01127,Triage,2026-03-08 12:52:26,Enf_Triage_02,,4,F,3,Pediatría,Alta
EP00969,Consulta médica,2026-03-08 12:52:45,Dr_Medici_01,,41,M,5,Medicina Interna,Alta
EP00434,Registro del paciente,2026-03-08 12:57:33,Admision_01,,54,M,5,Emergencias,Alta
EP00557,Triage,2026-03-08 12:58:13,Enf_Triage_01,,24,M,4,Emergencias,Hospitalización
EP00969,Solicitud de examen,2026-03-08 13:01:23,Dr_Medici_01,Laboratorio,41,M,5,Medicina Interna,Alta
EP01311,Realización de examen,2026-03-08 13:12:10,Imagenologia,Imagenología,21,M,4,Medicina Interna,Alta
EP00810,Realización de examen,2026-03-08 13:27:02,Imagenologia,Imagenología,10,M,3,Pediatría,Alta
EP01382,Registro del paciente,2026-03-08 13:39:38,Admision_02,,42,M,4,Emergencias,Alta
EP00434,Triage,2026-03-08 13:45:47,Enf_Triage_01,,54,M,5,Emergencias,Alta
EP00969,Realización de examen,2026-03-08 13:56:15,Laboratorio_Clinico,Laboratorio,41,M,5,Medicina Interna,Alta
EP01382,Triage,2026-03-08 14:14:28,Enf_Triage_01,,42,M,4,Emergencias,Alta
EP00810,Evaluación de resultados,2026-03-08 14:18:56,Dr_Pediat_02,Imagenología,10,M,3,Pediatría,Alta
EP01371,Registro del paciente,2026-03-08 14:28:12,Admision_03,,31,F,4,Emergencias,Alta
EP00640,Ingreso a hospitalización,2026-03-08 14:38:42,Gestion_Camas,,40,F,3,Medicina Interna,Hospitalización
EP00810,Tratamiento,2026-03-08 14:39:19,Enf_Pediat_04,,10,M,3,Pediatría,Alta
EP01371,Triage,2026-03-08 14:48:01,Enf_Triage_03,,31,F,4,Emergencias,Alta
EP01127,Consulta médica,2026-03-08 14:48:27,Dr_Pediat_04,,4,F,3,Pediatría,Alta
EP01127,Solicitud de examen,2026-03-08 14:56:10,Dr_Pediat_04,Imagenología,4,F,3,Pediatría,Alta
EP01311,Evaluación de resultados,2026-03-08 15:09:55,Dr_Medici_03,Imagenología,21,M,4,Medicina Interna,Alta
EP01311,Solicitud de examen,2026-03-08 15:53:09,Dr_Medici_03,Imagenología,21,M,4,Medicina Interna,Alta
EP00492,Registro del paciente,2026-03-08 15:56:34,Admision_01,,72,M,2,Emergencias,Hospitalización
EP01382,Consulta médica,2026-03-08 15:58:41,Dr_Emerge_03,,42,M,4,Emergencias,Alta
EP00810,Alta,2026-03-08 16:01:43,Dr_Pediat_02,,10,M,3,Pediatría,Alta
EP00557,Consulta médica,2026-03-08 16:22:33,Dr_Emerge_02,,24,M,4,Emergencias,Hospitalización
EP01382,Tratamiento,2026-03-08 16:23:33,Enf_Emerge_02,,42,M,4,Emergencias,Alta
EP00557,Solicitud de examen,2026-03-08 16:26:30,Dr_Emerge_02,Imagenología,24,M,4,Emergencias,Hospitalización
EP00492,Triage,2026-03-08 16:36:14,Enf_Triage_01,,72,M,2,Emergencias,Hospitalización
EP00969,Evaluación de resultados,2026-03-08 16:41:01,Dr_Medici_01,Laboratorio,41,M,5,Medicina Interna,Alta
EP00434,Consulta médica,2026-03-08 16:53:26,Dr_Emerge_02,,54,M,5,Emergencias,Alta
EP00434,Solicitud de examen,2026-03-08 17:04:22,Dr_Emerge_02,Imagenología,54,M,5,Emergencias,Alta
EP00492,Consulta médica,2026-03-08 17:13:01,Dr_Emerge_04,,72,M,2,Emergencias,Hospitalización
EP01371,Consulta médica,2026-03-08 17:44:21,Dr_Emerge_01,,31,F,4,Emergencias,Alta
EP00492,Tratamiento,2026-03-08 17:49:20,Enf_Emerge_01,,72,M,2,Emergencias,Hospitalización
EP01382,Alta,2026-03-08 17:53:33,Dr_Emerge_03,,42,M,4,Emergencias,Alta
EP00969,Tratamiento,2026-03-08 18:05:21,Enf_Medici_03,,41,M,5,Medicina Interna,Alta
EP01156,Registro del paciente,2026-03-08 18:29:45,Admision_02,,66,M,3,Emergencias,Alta
EP01156,Triage,2026-03-08 18:57:42,Enf_Triage_01,,66,M,3,Emergencias,Alta
EP00969,Alta,2026-03-08 19:52:08,Dr_Medici_01,,41,M,5,Medicina Interna,Alta
EP01311,Realización de examen,2026-03-08 21:59:39,Imagenologia,Imagenología,21,M,4,Medicina Interna,Alta
EP00434,Realización de examen,2026-03-08 22:33:46,Imagenologia,Imagenología,54,M,5,Emergencias,Alta
EP01311,Evaluación de resultados,2026-03-08 23:35:21,Dr_Medici_03,Imagenología,21,M,4,Medicina Interna,Alta
EP01311,Tratamiento,2026-03-09 00:06:51,Enf_Medici_02,,21,M,4,Medicina Interna,Alta
EP01311,Alta,2026-03-09 00:38:03,Dr_Medici_03,,21,M,4,Medicina Interna,Alta
EP01156,Consulta médica,2026-03-09 00:39:47,Dr_Emerge_04,,66,M,3,Emergencias,Alta
EP00434,Evaluación de resultados,2026-03-09 00:46:36,Dr_Emerge_02,Imagenología,54,M,5,Emergencias,Alta
EP00407,Registro del paciente,2026-03-09 01:16:01,Admision_01,,39,M,3,Emergencias,Alta
EP01156,Tratamiento,2026-03-09 01:21:47,Enf_Emerge_03,,66,M,3,Emergencias,Alta
EP00434,Tratamiento,2026-03-09 01:21:50,Enf_Emerge_01,,54,M,5,Emergencias,Alta
EP00492,Ingreso a hospitalización,2026-03-09 01:34:33,Gestion_Camas,,72,M,2,Emergencias,Hospitalización
EP00407,Triage,2026-03-09 01:41:05,Enf_Triage_01,,39,M,3,Emergencias,Alta
EP00434,Alta,2026-03-09 01:54:29,Dr_Emerge_02,,54,M,5,Emergencias,Alta
EP01156,Alta,2026-03-09 02:01:14,Dr_Emerge_04,,66,M,3,Emergencias,Alta
EP01371,Interconsulta especialista,2026-03-09 02:33:16,Especialista_02,,31,F,4,Emergencias,Alta
EP01371,Tratamiento,2026-03-09 02:55:15,Enf_Emerge_01,,31,F,4,Emergencias,Alta
EP01371,Alta,2026-03-09 03:33:40,Dr_Emerge_01,,31,F,4,Emergencias,Alta
EP00407,Consulta médica,2026-03-09 03:47:16,Dr_Emerge_01,,39,M,3,Emergencias,Alta
EP00407,Tratamiento,2026-03-09 04:08:29,Enf_Emerge_01,,39,M,3,Emergencias,Alta
EP00407,Alta,2026-03-09 04:31:30,Dr_Emerge_01,,39,M,3,Emergencias,Alta
EP00557,Realización de examen,2026-03-09 05:54:47,Imagenologia,Imagenología,24,M,4,Emergencias,Hospitalización
EP01127,Realización de examen,2026-03-09 07:07:09,Imagenologia,Imagenología,4,F,3,Pediatría,Alta
EP00557,Evaluación de resultados,2026-03-09 07:47:34,Dr_Emerge_02,Imagenología,24,M,4,Emergencias,Hospitalización
EP01127,Evaluación de resultados,2026-03-09 08:14:48,Dr_Pediat_04,Imagenología,4,F,3,Pediatría,Alta
EP00557,Tratamiento,2026-03-09 08:21:40,Enf_Emerge_02,,24,M,4,Emergencias,Hospitalización
EP00557,Ingreso a hospitalización,2026-03-09 10:51:52,Gestion_Camas,,24,M,4,Emergencias,Hospitalización
EP00554,Registro del paciente,2026-03-09 15:10:50,Admision_02,,0,M,4,Pediatría,Hospitalización
EP01127,Interconsulta especialista,2026-03-09 15:36:20,Especialista_01,,4,F,3,Pediatría,Alta
EP00554,Triage,2026-03-09 15:42:14,Enf_Triage_03,,0,M,4,Pediatría,Hospitalización
EP00638,Registro del paciente,2026-03-09 15:45:34,Admision_02,,45,M,3,Emergencias,Alta
EP01138,Registro del paciente,2026-03-09 15:57:35,Admision_01,,52,F,3,Emergencias,Alta
EP00638,Triage,,Enf_Triage_01,,45,M,3,Emergencias,Alta
EP01127,Tratamiento,2026-03-09 16:23:28,Enf_Pediat_02,,4,F,3,Pediatría,Alta
EP01138,Triage,2026-03-09 16:38:18,Enf_Triage_02,,52,F,3,Emergencias,Alta
EP01127,Alta,2026-03-09 17:28:32,Dr_Pediat_04,,4,F,3,Pediatría,Alta
EP01138,Consulta médica,2026-03-09 17:46:02,Dr_Emerge_03,,52,F,3,Emergencias,Alta
EP00554,Consulta médica,2026-03-09 17:51:18,Dr_Pediat_04,,0,M,4,Pediatría,Hospitalización
EP00730,Registro del paciente,2026-03-09 17:54:43,Admision_01,,36,M,4,Medicina Interna,Alta
EP01138,Solicitud de examen,2026-03-09 17:57:25,Dr_Emerge_03,Laboratorio,52,F,3,Emergencias,Alta
EP00013,Registro del paciente,2026-03-09 17:57:32,Admision_02,,13,F,3,Pediatría,Alta
EP00730,Triage,2026-03-09 18:19:34,Enf_Triage_02,,36,M,4,Medicina Interna,Alta
EP00013,Triage,2026-03-09 18:22:01,Enf_Triage_03,,13,F,3,Pediatría,Alta
EP01138,Realización de examen,2026-03-09 18:48:58,Laboratorio_Clinico,Laboratorio,52,F,3,Emergencias,Alta
EP00554,Tratamiento,2026-03-09 19:13:12,Enf_Pediat_03,,0,M,4,Pediatría,Hospitalización
EP01138,Evaluación de resultados,2026-03-09 19:17:48,Dr_Emerge_03,Laboratorio,52,F,3,Emergencias,Alta
EP00013,Consulta médica,2026-03-09 19:37:02,Dr_Pediat_04,,13,F,3,Pediatría,Alta
EP00638,Consulta médica,2026-03-09 19:58:27,Dr_Emerge_01,,45,M,3,Emergencias,Alta
EP00013,Tratamiento,2026-03-09 20:07:21,Enf_Pediat_03,,13,F,3,Pediatría,Alta
EP01138,Tratamiento,2026-03-09 20:24:03,Enf_Emerge_01,,52,F,3,Emergencias,Alta
EP00638,Tratamiento,2026-03-09 20:48:11,Enf_Emerge_03,,45,M,3,Emergencias,Alta
EP01138,Alta,2026-03-09 21:07:49,Dr_Emerge_03,,52,F,3,Emergencias,Alta
EP00730,Consulta médica,2026-03-09 21:14:01,Dr_Medici_03,,36,M,4,Medicina Interna,Alta
EP00013,Alta,2026-03-09 21:19:24,Dr_Pediat_04,,13,F,3,Pediatría,Alta
EP00730,Tratamiento,2026-03-09 21:44:22,Enf_Medici_04,,36,M,4,Medicina Interna,Alta
EP00638,Alta,2026-03-09 22:13:47,Dr_Emerge_01,,45,M,3,Emergencias,Alta
EP00730,Alta,2026-03-09 22:14:38,Dr_Medici_03,,36,M,4,Medicina Interna,Alta
EP00554,Ingreso a hospitalización,2026-03-10 05:37:55,Gestion_Camas,,0,M,4,Pediatría,Hospitalización
EP01008,Registro del paciente,2026-03-10 10:05:10,Admision_03,,29,F,3,Medicina Interna,Alta
EP01008,Triage,2026-03-10 10:49:01,Enf_Triage_01,,29,F,3,Medicina Interna,Alta
EP01008,Consulta médica,2026-03-10 11:49:35,Dr_Medici_03,,29,F,3,Medicina Interna,Alta
EP01008,Consulta médica,2026-03-10 12:58:34,Dr_Medici_03,,29,F,3,Medicina Interna,Alta
EP00511,Registro del paciente,2026-03-10 12:59:32,Admision_03,,15,F,3,Emergencias,Alta
EP00311,Registro del paciente,2026-03-10 13:16:59,Admision_02,,76,F,5,Medicina Interna,Hospitalización
EP00511,Triage,2026-03-10 13:21:49,Enf_Triage_02,,15,F,3,Emergencias,Alta
EP00311,Triage,2026-03-10 13:45:58,Enf_Triage_03,,76,F,5,Medicina Interna,Hospitalización
EP01008,Tratamiento,2026-03-10 14:17:58,Enf_Medici_02,,29,F,3,Medicina Interna,Alta
EP00511,Consulta médica,2026-03-10 14:34:06,Dr_Emerge_01,,15,F,3,Emergencias,Alta
EP00511,Solicitud de examen,2026-03-10 14:47:52,Dr_Emerge_01,Laboratorio,15,F,3,Emergencias,Alta
EP01163,Registro del paciente,2026-03-10 15:01:15,Admision_03,,14,M,3,Pediatría,Alta
EP01133,Registro del paciente,2026-03-10 15:14:09,Admision_01,,10,M,2,Pediatría,Alta
EP01163,Triage,2026-03-10 15:29:51,Enf_Triage_03,,14,M,3,Pediatría,Alta
EP01008,Alta,2026-03-10 15:32:53,Dr_Medici_03,,29,F,3,Medicina Interna,Alta
EP01133,Triage,2026-03-10 15:37:31,Enf_Triage_02,,10,M,2,Pediatría,Alta
EP01133,Consulta médica,2026-03-10 15:47:49,Dr_Pediat_01,,10,M,2,Pediatría,Alta
EP00511,Realización de examen,2026-03-10 16:00:58,Laboratorio_Clinico,Laboratorio,15,F,3,Emergencias,Alta
EP01133,Tratamiento,2026-03-10 16:38:43,Enf_Pediat_04,,10,M,2,Pediatría,Alta
EP00848,Registro del paciente,2026-03-10 16:51:27,Admision_03,,75,F,4,Medicina Interna,Hospitalización
EP00511,Evaluación de resultados,2026-03-10 17:03:16,Dr_Emerge_01,Laboratorio,15,F,3,Emergencias,Alta
EP00654,Registro del paciente,2026-03-10 17:08:27,Admision_02,,55,F,4,Emergencias,Alta
EP01133,Alta,2026-03-10 17:24:38,Dr_Pediat_01,,10,M,2,Pediatría,Alta
EP00654,Triage,2026-03-10 17:25:52,Enf_Triage_02,,55,F,4,Emergencias,Alta
EP00848,Triage,2026-03-10 17:26:04,Enf_Triage_03,,75,F,4,Medicina Interna,Hospitalización
EP00511,Tratamiento,2026-03-10 17:52:06,Enf_Emerge_02,,15,F,3,Emergencias,Alta
EP00511,Alta,2026-03-10 18:24:53,Dr_Emerge_01,,15,F,3,Emergencias,Alta
EP01163,Consulta médica,2026-03-10 19:04:20,Dr_Pediat_01,,14,M,3,Pediatría,Alta
EP00848,Consulta médica,2026-03-10 19:05:36,Dr_Medici_01,,75,F,4,Medicina Interna,Hospitalización
EP00848,Solicitud de examen,2026-03-10 19:14:20,Dr_Medici_01,Laboratorio,75,F,4,Medicina Interna,Hospitalización
EP01163,Tratamiento,2026-03-10 19:58:20,Enf_Pediat_01,,14,M,3,Pediatría,Alta
EP00848,Realización de examen,2026-03-10 20:02:20,Laboratorio_Clinico,Laboratorio,75,F,4,Medicina Interna,Hospitalización
EP00311,Consulta médica,2026-03-10 20:13:20,Dr_Medici_03,,76,F,5,Medicina Interna,Hospitalización
EP00311,Solicitud de examen,2026-03-10 20:20:51,Dr_Medici_03,Laboratorio,76,F,5,Medicina Interna,Hospitalización
EP01163,Alta,2026-03-10 20:56:49,Dr_Pediat_01,,14,M,3,Pediatría,Alta
EP00848,Evaluación de resultados,2026-03-10 21:09:50,Dr_Medici_01,Laboratorio,75,F,4,Medicina Interna,Hospitalización
EP00654,Consulta médica,2026-03-10 21:14:02,Dr_Emerge_04,,55,F,4,Emergencias,Alta
EP00311,Realización de examen,2026-03-10 21:24:09,Laboratorio_Clinico,Laboratorio,76,F,5,Medicina Interna,Hospitalización
EP00311,Evaluación de resultados,2026-03-10 22:37:42,Dr_Medici_03,Laboratorio,76,F,5,Medicina Interna,Hospitalización
EP00654,Tratamiento,2026-03-10 22:43:07,Enf_Emerge_03,,55,F,4,Emergencias,Alta
EP00848,Consulta médica,2026-03-10 22:47:49,Dr_Medici_01,,75,F,4,Medicina Interna,Hospitalización
EP00848,Tratamiento,2026-03-10 23:19:36,Enf_Medici_03,,75,F,4,Medicina Interna,Hospitalización
EP00654,Alta,2026-03-11 00:02:56,Dr_Emerge_04,,55,F,4,Emergencias,Alta
EP00311,Consulta médica,2026-03-11 02:37:41,Dr_Medici_03,,76,F,5,Medicina Interna,Hospitalización
EP00217,Registro del paciente,2026-03-11 02:56:13,Admision_02,,6,M,3,Pediatría,Alta
EP00311,Tratamiento,2026-03-11 03:31:31,Enf_Medici_01,,76,F,5,Medicina Interna,Hospitalización
EP00217,Triage,2026-03-11 03:37:27,Enf_Triage_03,,6,M,3,Pediatría,Alta
EP00311,Ingreso a hospitalización,2026-03-11 06:12:40,Gestion_Camas,,76,F,5,Medicina Interna,Hospitalización
EP00217,Consulta médica,2026-03-11 07:36:09,Dr_Pediat_04,,6,M,3,Pediatría,Alta
EP00217,Solicitud de examen,2026-03-11 07:48:00,Dr_Pediat_04,Laboratorio,6,M,3,Pediatría,Alta
EP00217,Realización de examen,2026-03-11 09:24:45,Laboratorio_Clinico,Laboratorio,6,M,3,Pediatría,Alta
EP00233,Registro del paciente,2026-03-11 09:45:32,Admision_03,,26,F,2,Medicina Interna,Alta
EP00217,Evaluación de resultados,2026-03-11 09:53:02,Dr_Pediat_04,Laboratorio,6,M,3,Pediatría,Alta
EP00217,Solicitud de examen,2026-03-11 10:02:45,Dr_Pediat_04,Imagenología,6,M,3,Pediatría,Alta
EP00233,Triage,2026-03-11 10:05:23,Enf_Triage_01,,26,F,2,Medicina Interna,Alta
EP00233,Consulta médica,2026-03-11 10:30:28,Dr_Medici_02,,26,F,2,Medicina Interna,Alta
EP00178,Registro del paciente,2026-03-11 10:52:08,Admision_02,,38,F,5,Emergencias,Alta
EP00178,Triage,2026-03-11 11:32:06,Enf_Triage_01,,38,F,5,Emergencias,Alta
EP00233,Consulta médica,2026-03-11 12:01:41,Dr_Medici_02,,26,F,2,Medicina Interna,Alta
EP00217,Realización de examen,2026-03-11 13:32:13,Imagenologia,Imagenología,6,M,3,Pediatría,Alta
EP00094,Registro del paciente,2026-03-11 15:01:11,Admision_03,,34,M,4,Emergencias,Alta
EP00217,Evaluación de resultados,2026-03-11 15:11:35,Dr_Pediat_04,Imagenología,6,M,3,Pediatría,Alta
EP00094,Triage,2026-03-11 15:25:31,Enf_Triage_03,,34,M,4,Emergencias,Alta
EP00217,Tratamiento,2026-03-11 15:57:32,Enf_Pediat_01,,6,M,3,Pediatría,Alta
EP00858,Registro del paciente,2026-03-11 16:00:01,Admision_01,,25,M,2,Emergencias,Hospitalización
EP00217,Alta,2026-03-11 16:29:21,Dr_Pediat_04,,6,M,3,Pediatría,Alta
EP00858,Triage,2026-03-11 16:31:00,Enf_Triage_02,,25,M,2,Emergencias,Hospitalización
EP00094,Consulta médica,2026-03-11 16:39:13,Dr_Emerge_02,,34,M,4,Emergencias,Alta
EP00858,Consulta médica,2026-03-11 17:08:37,Dr_Emerge_01,,25,M,2,Emergencias,Hospitalización
EP00094,Tratamiento,2026-03-11 17:12:29,Enf_Emerge_02,,34,M,4,Emergencias,Alta
EP00858,Solicitud de examen,2026-03-11 17:19:31,Dr_Emerge_01,Laboratorio,25,M,2,Emergencias,Hospitalización
EP00233,Interconsulta especialista,2026-03-11 17:24:59,Especialista_03,,26,F,2,Medicina Interna,Alta
EP00178,Consulta médica,2026-03-11 17:29:49,Dr_Emerge_04,,38,F,5,Emergencias,Alta
EP00233,Tratamiento,2026-03-11 17:56:45,Enf_Medici_02,,26,F,2,Medicina Interna,Alta
EP00094,Alta,2026-03-11 18:17:24,Dr_Emerge_02,,34,M,4,Emergencias,Alta
EP00858,Realización de examen,2026-03-11 18:22:20,Laboratorio_Clinico,Laboratorio,25,M,2,Emergencias,Hospitalización
EP00178,Tratamiento,2026-03-11 18:37:15,Enf_Emerge_04,,38,F,5,Emergencias,Alta
EP00858,Evaluación de resultados,2026-03-11 18:53:26,Dr_Emerge_01,Laboratorio,25,M,2,Emergencias,Hospitalización
EP00233,Alta,2026-03-11 19:13:58,Dr_Medici_02,,26,F,2,Medicina Interna,Alta
EP00178,Alta,2026-03-11 19:45:05,Dr_Emerge_04,,38,F,5,Emergencias,Alta
EP00858,Tratamiento,2026-03-11 20:21:53,Enf_Emerge_01,,25,M,2,Emergencias,Hospitalización
EP00349,Registro del paciente,2026-03-11 22:47:14,Admision_02,,40,M,2,Medicina Interna,Hospitalización
EP00349,Triage,2026-03-11 23:29:14,Enf_Triage_02,,40,M,2,Medicina Interna,Hospitalización
EP00848,Ingreso a hospitalización,2026-03-11 23:45:07,Gestion_Camas,,75,F,4,Medicina Interna,Hospitalización
EP00349,Consulta médica,2026-03-12 00:10:58,Dr_Medici_02,,40,M,2,Medicina Interna,Hospitalización
EP00349,Tratamiento,2026-03-12 01:03:49,Enf_Medici_03,,40,M,2,Medicina Interna,Hospitalización
EP00349,Ingreso a hospitalización,2026-03-12 03:54:11,Gestion_Camas,,40,M,2,Medicina Interna,Hospitalización
EP00858,Ingreso a hospitalización,2026-03-12 06:28:19,Gestion_Camas,,25,M,2,Emergencias,Hospitalización
EP00133,Registro del paciente,2026-03-12 08:11:09,Admision_02,,41,F,3,Emergencias,Alta
EP00133,Triage,2026-03-12 08:45:18,Enf_Triage_02,,41,F,3,Emergencias,Alta
EP00133,Consulta médica,2026-03-12 09:30:55,Dr_Emerge_02,,41,F,3,Emergencias,Alta
EP00133,Solicitud de examen,2026-03-12 09:42:44,Dr_Emerge_02,Imagenología,41,F,3,Emergencias,Alta
EP00596,Registro del paciente,2026-03-12 11:25:30,Admision_02,,42,F,5,Emergencias,Alta
EP00767,Registro del paciente,2026-03-12 11:31:27,Admision_03,,52,F,1,Emergencias,Alta
EP00767,Triage,2026-03-12 11:34:28,Enf_Triage_03,,52,F,1,Emergencias,Alta
EP00767,Consulta médica,2026-03-12 11:38:00,Dr_Emerge_01,,52,F,1,Emergencias,Alta
EP00596,Triage,2026-03-12 12:12:19,Enf_Triage_01,,42,F,5,Emergencias,Alta
EP00767,Tratamiento,2026-03-12 12:37:43,Enf_Emerge_03,,52,F,1,Emergencias,Alta
EP00133,Realización de examen ,2026-03-12 13:03:47,Imagenologia,Imagenología,41,F,3,Emergencias,Alta
EP01391,Registro del paciente,2026-03-12 13:31:20,Admision_01,,79,F,1,Emergencias,Alta
EP01391,Triage,2026-03-12 13:34:21,Enf_Triage_02,,79,F,1,Emergencias,Alta
EP01391,Consulta médica,2026-03-12 13:42:31,Dr_Emerge_02,,79,F,1,Emergencias,Alta
EP00767,Alta,2026-03-12 13:46:10,Dr_Emerge_01,,52,F,1,Emergencias,Alta
EP00133,Evaluación de resultados,2026-03-12 14:44:41,Dr_Emerge_02,Imagenología,41,F,3,Emergencias,Alta
EP00133,Tratamiento,2026-03-12 15:09:28,Enf_Emerge_02,,41,F,3,Emergencias,Alta
EP00133,Alta,2026-03-12 15:57:50,Dr_Emerge_02,,41,F,3,Emergencias,Alta
EP00596,Consulta médica,2026-03-12 18:16:19,Dr_Emerge_04,,42,F,5,Emergencias,Alta
EP01279,Registro del paciente,2026-03-12 18:25:33,Admision_01,,34,M,4,Emergencias,Alta
EP00596,Tratamiento,2026-03-12 18:56:01,Enf_Emerge_01,,42,F,5,Emergencias,Alta
EP01279,Triage,2026-03-12 18:58:27,Enf_Triage_03,,34,M,4,Emergencias,Alta
EP00596,Alta,2026-03-12 20:09:57,Dr_Emerge_04,,42,F,5,Emergencias,Alta
EP01279,Consulta médica,2026-03-12 21:06:25,Dr_Emerge_04,,34,M,4,Emergencias,Alta
EP00355,Registro del paciente,2026-03-12 21:25:52,Admision_02,,43,M,1,Traumatología,Alta
EP00355,Triage,2026-03-12 21:28:53,Enf_Triage_02,,43,M,1,Traumatología,Alta
EP01279,Tratamiento,2026-03-12 21:32:47,Enf_Emerge_03,,34,M,4,Emergencias,Alta
EP00355,Consulta médica,2026-03-12 21:34:51,Dr_Trauma_02,,43,M,1,Traumatología,Alta
EP01279,Alta,2026-03-12 22:12:12,Dr_Emerge_04,,34,M,4,Emergencias,Alta
EP00355,Tratamiento,2026-03-12 22:39:54,Enf_Trauma_03,,43,M,1,Traumatología,Alta
EP00355,Alta,2026-03-13 00:28:17,Dr_Trauma_02,,43,M,1,Traumatología,Alta
EP01391,Interconsulta especialista,2026-03-13 00:38:29,Especialista_01,,79,F,1,Emergencias,Alta
EP01391,Tratamiento,2026-03-13 01:06:54,Enf_Emerge_03,,79,F,1,Emergencias,Alta
EP01391,Alta,2026-03-13 01:37:40,Dr_Emerge_02,,79,F,1,Emergencias,Alta
EP00792,Registro del paciente,2026-03-13 04:31:28,Admision_03,,57,F,3,Medicina Interna,Alta
EP00792,Triage,2026-03-13 05:28:01,Enf_Triage_02,,57,F,3,Medicina Interna,Alta
EP00792,Consulta médica,2026-03-13 06:32:14,Dr_Medici_02,,57,F,3,Medicina Interna,Alta
EP00792,Solicitud de examen,2026-03-13 06:45:25,Dr_Medici_02,Laboratorio,57,F,3,Medicina Interna,Alta
EP00792,Realización de examen,2026-03-13 07:29:03,Laboratorio_Clinico,Laboratorio,57,F,3,Medicina Interna,Alta
EP01357,Registro del paciente,2026-03-13 08:23:39,Admision_02,,37,M,4,Traumatología,Hospitalización
EP00792,Evaluación de resultados,2026-03-13 08:48:35,Dr_Medici_02,Laboratorio,57,F,3,Medicina Interna,Alta
EP01357,Triage,2026-03-13 09:00:11,Enf_Triage_01,,37,M,4,Traumatología,Hospitalización
EP00792,Tratamiento,2026-03-13 09:37:58,Enf_Medici_01,,57,F,3,Medicina Interna,Alta
EP00792,Alta,2026-03-13 10:05:28,Dr_Medici_02,,57,F,3,Medicina Interna,Alta
EP00793,Registro del paciente,2026-03-13 13:56:22,Admision_01,,46,M,3,Traumatología,Alta
EP01361,Registro del paciente,2026-03-13 14:03:23,Admision_03,,34,F,2,Emergencias,Alta
EP01361,Triage,2026-03-13 14:23:28,Enf_Triage_01,,34,F,2,Emergencias,Alta
EP00793,Triage ,2026-03-13 14:26:40,Enf_Triage_03,,46,M,3,Traumatología,Alta
EP01361,Consulta médica,2026-03-13 14:40:26,Dr_Emerge_04,,34,F,2,Emergencias,Alta
EP01361,Tratamiento,2026-03-13 15:14:58,Enf_Emerge_03,,34,F,2,Emergencias,Alta
EP00919,Registro del paciente,2026-03-13 15:15:32,Admision_01,,70,F,3,Emergencias,Alta
EP00793,Consulta médica,2026-03-13 15:30:47,Dr_Trauma_03,,46,M,3,Traumatología,Alta
EP00919,Triage,2026-03-13 15:32:32,Enf_Triage_02,,70,F,3,Emergencias,Alta
EP01361,Alta,2026-03-13 16:11:09,Dr_Emerge_04,,34,F,2,Emergencias,Alta
EP00793,Consulta médica,2026-03-13 16:16:16,Dr_Trauma_03,,46,M,3,Traumatología,Alta
EP01086,Registro del paciente,2026-03-13 16:33:29,Admision_03,,31,F,2,Emergencias,Hospitalización
EP01357,Consulta médica,2026-03-13 16:40:29,Dr_Trauma_02,,37,M,4,Traumatología,Hospitalización
EP01357,Solicitud de examen,2026-03-13 16:53:06,Dr_Trauma_02,Laboratorio,37,M,4,Traumatología,Hospitalización
EP00793,Tratamiento,2026-03-13 16:55:02,Enf_Trauma_01,,46,M,3,Traumatología,Alta
EP00919,Consulta médica,2026-03-13 16:56:47,Dr_Emerge_01,,70,F,3,Emergencias,Alta
EP01086,Triage,2026-03-13 17:06:53,Enf_Triage_01,,31,F,2,Emergencias,Hospitalización
EP00919,Solicitud de examen,2026-03-13 17:19:18,Dr_Emerge_01,Laboratorio,70,F,3,Emergencias,Alta
EP00334,Registro del paciente,2026-03-13 17:35:29,Admision_01,,40,F,5,Emergencias,Alta
EP00793,Alta,2026-03-13 17:38:32,Dr_Trauma_03,,46,M,3,Traumatología,Alta
EP01086,Consulta médica,2026-03-13 17:46:21,Dr_Emerge_01,,31,F,2,Emergencias,Hospitalización
EP01357,Realización de examen,2026-03-13 17:49:46,Laboratorio_Clinico,Laboratorio,37,M,4,Traumatología,Hospitalización
EP00919,Realización de examen,2026-03-13 18:12:22,Laboratorio_Clinico,Laboratorio,70,F,3,Emergencias,Alta
EP01357,Evaluación de resultados,2026-03-13 18:21:19,Dr_Trauma_02,Laboratorio,37,M,4,Traumatología,Hospitalización
EP01086,Tratamiento,2026-03-13 18:27:41,Enf_Emerge_04,,31,F,2,Emergencias,Hospitalización
EP00334,Triage,2026-03-13 18:45:03,Enf_Triage_01,,40,F,5,Emergencias,Alta
EP00919,Evaluación de resultados,2026-03-13 18:55:39,Dr_Emerge_01,Laboratorio,70,F,3,Emergencias,Alta
EP01357,Tratamiento,2026-03-13 19:06:57,Enf_Trauma_02,,37,M,4,Traumatología,Hospitalización
EP00919,Solicitud de examen,2026-03-13 19:41:24,Dr_Emerge_01,Imagenología,70,F,3,Emergencias,Alta
EP00919,Realización de examen,2026-03-13 21:35:21,Imagenologia,Imagenología,70,F,3,Emergencias,Alta
EP00200,Registro del paciente,2026-03-13 21:48:06,Admision_02,,10,F,3,Pediatría,Alta
EP01086,Ingreso a hospitalización,2026-03-13 22:04:08,Gestion_Camas,,31,F,2,Emergencias,Hospitalización
EP00200,Triage,2026-03-13 22:08:39,Enf_Triage_02,,10,F,3,Pediatría,Alta
EP00200,Consulta médica,2026-03-13 22:38:53,Dr_Pediat_02,,10,F,3,Pediatría,Alta
EP00919,Evaluación de resultados,2026-03-13 23:12:29,Dr_Emerge_01,Imagenología,70,F,3,Emergencias,Alta
EP00200,Tratamiento,2026-03-13 23:19:26,Enf_Pediat_01,,10,F,3,Pediatría,Alta
EP00919,Tratamiento,2026-03-13 23:55:47,Enf_Emerge_01,,70,F,3,Emergencias,Alta
EP00200,Alta,2026-03-14 00:01:39,Dr_Pediat_02,,10,F,3,Pediatría,Alta
EP01365,Registro del paciente,2026-03-14 00:26:23,Admision_03,,47,M,1,Medicina Interna,Hospitalización
EP01365,Triage,2026-03-14 00:29:24,Enf_Triage_01,,47,M,1,Medicina Interna,Hospitalización
EP01365,Consulta médica,2026-03-14 00:45:39,Dr_Medici_02,,47,M,1,Medicina Interna,Hospitalización
EP01365,Solicitud de examen,2026-03-14 00:53:48,Dr_Medici_02,Imagenología,47,M,1,Medicina Interna,Hospitalización
EP00919,Alta,2026-03-14 00:59:59,Dr_Emerge_01,,70,F,3,Emergencias,Alta
EP01084,Registro del paciente,2026-03-14 01:18:12,Admision_03,,7,F,4,Pediatría,Alta
EP01084,Registro del paciente,2026-03-14 01:18:12,Admision_03,,7,F,4,Pediatría,Alta
EP01084,Triage,2026-03-14 02:05:21,Enf_Triage_03,,7,F,4,Pediatría,Alta
EP01084,Consulta médica,2026-03-14 05:04:43,Dr_Pediat_03,,7,F,4,Pediatría,Alta
EP01084,Tratamiento,2026-03-14 05:28:00,Enf_Pediat_01,,7,F,4,Pediatría,Alta
EP01084,Alta,2026-03-14 07:17:33,Dr_Pediat_03,,7,F,4,Pediatría,Alta
EP01357,Ingreso a hospitalización,2026-03-14 07:36:46,Gestion_Camas,,37,M,4,Traumatología,Hospitalización
EP01365,Realización de examen,2026-03-14 08:31:49,Imagenologia,Imagenología,47,M,1,Medicina Interna,Hospitalización
EP00334,Consulta médica,2026-03-14 08:32:47,Dr_Emerge_01,,40,F,5,Emergencias,Alta
EP00910,Registro del paciente,2026-03-14 09:00:55,Admision_02,,4,M,4,Pediatría,Alta
EP00910,Triage,2026-03-14 09:53:30,Enf_Triage_02,,4,M,4,Pediatría,Alta
EP00496,Registro del paciente,2026-03-14 10:15:51,Admision_02,,37,F,3,Medicina Interna,Alta
EP00076,Registro del paciente,2026-03-14 10:28:44,Admision_01,,38,M,5,Traumatología,Alta
EP01369,Registro del paciente,2026-03-14 10:30:08,Admision_03,,54,M,3,Traumatología,Alta
EP00334,Tratamiento,2026-03-14 10:35:36,Enf_Emerge_03,,40,F,5,Emergencias,Alta
EP01365,Evaluación de resultados,2026-03-14 10:39:05,Dr_Medici_02,Imagenología,47,M,1,Medicina Interna,Hospitalización
EP01369,Triage,2026-03-14 10:42:32,Enf_Triage_03,,54,M,3,Traumatología,Alta
EP01126,Registro del paciente,2026-03-14 10:47:26,Admision_03,,35,F,4,Emergencias,Alta
EP00496,Triage,2026-03-14 10:52:12,Enf_Triage_02,,37,F,3,Medicina Interna,Alta
EP01126,Triage,2026-03-14 11:24:18,Enf_Triage_02,,35,F,4,Emergencias,Alta
EP00334,Alta,2026-03-14 11:34:00,Dr_Emerge_01,,40,F,5,Emergencias,Alta
EP01365,Consulta médica,2026-03-14 11:57:45,Dr_Medici_02,,47,M,1,Medicina Interna,Hospitalización
EP00076,Triage,2026-03-14 11:58:55,Enf_Triage_03,,38,M,5,Traumatología,Alta
EP00898,Registro del paciente,2026-03-14 12:07:12,Admision_02,,15,M,4,Emergencias,Alta
EP01369,Consulta médica,2026-03-14 12:08:53,Dr_Trauma_04,,54,M,3,Traumatología,Alta
EP00496,Consulta médica,2026-03-14 12:17:39,Dr_Medici_03,,37,F,3,Medicina Interna,Alta
EP00496,Solicitud de examen,2026-03-14 12:24:13,Dr_Medici_03,Laboratorio,37,F,3,Medicina Interna,Alta
EP01126,Consulta médica,2026-03-14 12:37:29,Dr_Emerge_02,,35,F,4,Emergencias,Alta
EP00898,Triage,2026-03-14 12:43:49,Enf_Triage_01,,15,M,4,Emergencias,Alta
EP00910,Consulta médica,2026-03-14 13:00:20,Dr_Pediat_01,,4,M,4,Pediatría,Alta
EP01365,Tratamiento,2026-03-14 13:00:56,Enf_Medici_03,,47,M,1,Medicina Interna,Hospitalización
EP00076,Consulta médica,2026-03-14 13:10:15,Dr_Trauma_02,,38,M,5,Traumatología,Alta
EP01369,Tratamiento,2026-03-14 13:14:11,Enf_Trauma_01,,54,M,3,Traumatología,Alta
EP00496,Realización de examen,2026-03-14 13:31:46,Laboratorio_Clinico,Laboratorio,37,F,3,Medicina Interna,Alta
EP00910,Tratamiento,2026-03-14 13:44:32,Enf_Pediat_01,,4,M,4,Pediatría,Alta
EP00076,Tratamiento,2026-03-14 13:55:54,Enf_Trauma_01,,38,M,5,Traumatología,Alta
EP01369,Alta,2026-03-14 14:25:06,Dr_Trauma_04,,54,M,3,Traumatología,Alta
EP00076,Alta,2026-03-14 14:30:29,Dr_Trauma_02,,38,M,5,Traumatología,Alta
EP00496,Evaluación de resultados,2026-03-14 14:43:20,Dr_Medici_03,Laboratorio,37,F,3,Medicina Interna,Alta
EP00898,Consulta médica,2026-03-14 14:46:21,Dr_Emerge_01,,15,M,4,Emergencias,Alta
EP00496,Solicitud de examen,2026-03-14 14:53:28,Dr_Medici_03,Imagenología,37,F,3,Medicina Interna,Alta
EP00910,Alta,2026-03-14 15:07:37,Dr_Pediat_01,,4,M,4,Pediatría,Alta
EP00898,Solicitud de examen,2026-03-14 15:13:44,Dr_Emerge_01,Laboratorio,15,M,4,Emergencias,Alta
EP01126,Consulta médica,2026-03-14 15:56:36,Dr_Emerge_02,,35,F,4,Emergencias,Alta
EP01365,Ingreso a hospitalización,2026-03-14 15:59:37,Gestion_Camas,,47,M,1,Medicina Interna,Hospitalización
EP00898,Realización de examen,2026-03-14 16:09:44,Laboratorio_Clinico,Laboratorio,15,M,4,Emergencias,Alta
EP00898,Evaluación de resultados,2026-03-14 16:33:03,Dr_Emerge_01,Laboratorio,15,M,4,Emergencias,Alta
EP01126,Tratamiento,2026-03-14 17:02:13,Enf_Emerge_03,,35,F,4,Emergencias,Alta
EP00898,Tratamiento,2026-03-14 17:02:55,Enf_Emerge_03,,15,M,4,Emergencias,Alta
EP00898,Alta,2026-03-14 17:51:49,Dr_Emerge_01,,15,M,4,Emergencias,Alta
EP01126,Alta,2026-03-14 18:33:25,Dr_Emerge_02,,35,F,4,Emergencias,Alta
EP00496,Realización de examen,2026-03-14 20:35:36,Imagenologia,Imagenología,37,F,3,Medicina Interna,Alta
EP01301,Registro del paciente,2026-03-14 22:00:47,Admision_02,,75,M,2,Emergencias,Traslado
EP01110,Registro del paciente,2026-03-14 22:26:20,Admision_03,,62,F,3,Medicina Interna,Alta
EP01301,Triage,2026-03-14 22:28:58,Enf_Triage_03,,75,M,2,Emergencias,Traslado
EP00496,Evaluación de resultados,2026-03-14 22:30:48,Dr_Medici_03,Imagenología,37,F,3,Medicina Interna,Alta
EP00496,Solicitud de examen,2026-03-14 22:45:58,Dr_Medici_03,Imagenología,37,F,3,Medicina Interna,Alta
EP01110,Triage,2026-03-14 22:49:06,Enf_Triage_01,,62,F,3,Medicina Interna,Alta
EP01301,Consulta médica,2026-03-14 23:32:56,Dr_Emerge_04,,75,M,2,Emergencias,Traslado
EP01110,Consulta médica,2026-03-15 00:01:52,Dr_Medici_03,,62,F,3,Medicina Interna,Alta
EP01110,Solicitud de examen,2026-03-15 00:10:38,Dr_Medici_03,Laboratorio,62,F,3,Medicina Interna,Alta
EP01301,Tratamiento,2026-03-15 00:34:10,Enf_Emerge_01,,75,M,2,Emergencias,Traslado
EP01110,Realización de examen,2026-03-15 00:44:41,Laboratorio_Clinico,Laboratorio,62,F,3,Medicina Interna,Alta
EP01110,Evaluación de resultados,2026-03-15 01:14:02,Dr_Medici_03,Laboratorio,62,F,3,Medicina Interna,Alta
EP01110,Tratamiento,2026-03-15 02:14:39,Enf_Medici_03,,62,F,3,Medicina Interna,Alta
EP01110,Alta,2026-03-15 02:36:55,Dr_Medici_03,,62,F,3,Medicina Interna,Alta
EP00876,Registro del paciente,2026-03-15 04:11:46,Admision_01,,26,M,5,Emergencias,Alta
EP00876,Triage,2026-03-15 04:43:33,Enf_Triage_03,,26,M,5,Emergencias,Alta
EP00312,Registro del paciente,2026-03-15 04:43:40,Admision_03,,67,F,3,Medicina Interna,Alta
EP00312,Triage,2026-03-15 05:35:56,Enf_Triage_02,,67,F,3,Medicina Interna,Alta
EP00312,Consulta médica,2026-03-15 06:00:42,Dr_Medici_02,,67,F,3,Medicina Interna,Alta
EP00312,Tratamiento,2026-03-15 06:21:32,Enf_Medici_04,,67,F,3,Medicina Interna,Alta
EP00312,Alta,2026-03-15 06:44:38,Dr_Medici_02,,67,F,3,Medicina Interna,Alta
EP00876,Consulta médica,2026-03-15 06:51:42,Dr_Emerge_04,,26,M,5,Emergencias,Alta
EP01301,Traslado a otro centro,2026-03-15 07:02:00,Admision_01,,75,M,2,Emergencias,Traslado
EP00876,Solicitud de examen,2026-03-15 07:08:15,Dr_Emerge_04,Laboratorio,26,M,5,Emergencias,Alta
EP00496,Realización de examen,2026-03-15 08:07:06,Imagenologia,Imagenología,37,F,3,Medicina Interna,Alta
EP00876,Realización de examen,2026-03-15 08:25:00,Laboratorio_Clinico,Laboratorio,26,M,5,Emergencias,Alta
EP00876,Evaluación de resultados,2026-03-15 09:00:41,Dr_Emerge_04,Laboratorio,26,M,5,Emergencias,Alta
EP00028,Registro del paciente,2026-03-15 09:59:10,Admision_03,,8,F,3,Pediatría,Alta
EP00028,Triage,2026-03-15 10:24:21,Enf_Triage_01,,8,F,3,Pediatría,Alta
EP00876,Tratamiento,2026-03-15 10:42:09,Enf_Emerge_01,,26,M,5,Emergencias,Alta
EP00650,Registro del paciente,2026-03-15 11:31:40,Admision_03,,66,M,2,Emergencias,Alta
EP00876,Alta,2026-03-15 11:40:07,Dr_Emerge_04,,26,M,5,Emergencias,Alta
EP00496,Evaluación de resultados,2026-03-15 11:41:28,Dr_Medici_03,Imagenología,37,F,3,Medicina Interna,Alta
EP00650,Triage,2026-03-15 11:57:11,Enf_Triage_02,,66,M,2,Emergencias,Alta
EP00738,Registro del paciente,2026-03-15 12:27:03,Admision_03,,25,M,3,Traumatología,Alta
EP00650,Consulta médica,2026-03-15 12:29:30,Dr_Emerge_01,,66,M,2,Emergencias,Alta
EP00496,Tratamiento,2026-03-15 12:36:40,Enf_Medici_04,,37,F,3,Medicina Interna,Alta
EP00028,Consulta médica,2026-03-15 12:40:58,Dr_Pediat_01,,8,F,3,Pediatría,Alta
EP00738,Triage,2026-03-15 12:53:13,Enf_Triage_03,,25,M,3,Traumatología,Alta
EP01029,Registro del paciente,2026-03-15 12:57:44,Admision_01,,52,M,4,Medicina Interna,Alta
EP01029,Triage,2026-03-15 13:22:59,Enf_Triage_01,,52,M,4,Medicina Interna,Alta
EP00650,Tratamiento,2026-03-15 13:36:00,Enf_Emerge_03,,66,M,2,Emergencias,Alta
EP00496,Alta,2026-03-15 13:36:08,Dr_Medici_03,,37,F,3,Medicina Interna,Alta
EP01000,Registro del paciente,2026-03-15 13:53:00,Admision_02,,6,F,2,Pediatría,Alta
EP00028,Tratamiento,2026-03-15 14:05:59,Enf_Pediat_02,,8,F,3,Pediatría,Alta
EP00738,Consulta médica,2026-03-15 14:06:51,Dr_Trauma_03,,25,M,3,Traumatología,Alta
EP01000,Triage,2026-03-15 14:16:37,Enf_Triage_02,,6,F,2,Pediatría,Alta
EP00650,Alta,2026-03-15 14:21:59,Dr_Emerge_01,,66,M,2,Emergencias,Alta
EP00028,Alta,2026-03-15 14:32:47,Dr_Pediat_01,,8,F,3,Pediatría,Alta
EP01000,Consulta médica,2026-03-15 15:00:58,Dr_Pediat_02,,6,F,2,Pediatría,Alta
EP00738,Consulta médica,2026-03-15 15:42:23,Dr_Trauma_03,,25,M,3,Traumatología,Alta
EP00775,Registro del paciente,2026-03-15 16:24:16,Admision_02,,37,F,3,Medicina Interna,Alta
EP00254,Registro del paciente,2026-03-15 16:42:36,Admision_02,,29,F,3,Emergencias,Alta
EP00775,Triage,,Enf_Triage_01,,37,F,3,Medicina Interna,Alta
EP00738,Tratamiento,2026-03-15 17:11:53,Enf_Trauma_03,,25,M,3,Traumatología,Alta
EP00254,Triage,2026-03-15 17:24:54,Enf_Triage_01,,29,F,3,Emergencias,Alta
EP01000,Consulta médica,2026-03-15 17:43:07,Dr_Pediat_02,,6,F,2,Pediatría,Alta
EP00775,Consulta médica,2026-03-15 17:59:55,Dr_Medici_02,,37,F,3,Medicina Interna,Alta
EP00738,Alta,2026-03-15 18:11:33,Dr_Trauma_03,,25,M,3,Traumatología,Alta
EP01000,Tratamiento,2026-03-15 18:12:18,Enf_Pediat_03,,6,F,2,Pediatría,Alta
EP00775,Tratamiento,2026-03-15 19:04:26,Enf_Medici_03,,37,F,3,Medicina Interna,Alta
EP01029,Consulta médica,2026-03-15 19:20:08,Dr_Medici_04,,52,M,4,Medicina Interna,Alta
EP01000,Alta,2026-03-15 19:21:56,Dr_Pediat_02,,6,F,2,Pediatría,Alta
EP01029,Solicitud de examen,2026-03-15 19:27:41,Dr_Medici_04,Imagenología,52,M,4,Medicina Interna,Alta
EP00352,Registro del paciente,2026-03-15 19:43:14,Admision_01,,73,M,2,Traumatología,Hospitalización
EP00352,Triage,2026-03-15 20:07:21,Enf_Triage_01,,73,M,2,Traumatología,Hospitalización
EP00352,Consulta médica,2026-03-15 20:28:28,Dr_Trauma_04,,73,M,2,Traumatología,Hospitalización
EP00867,Registro del paciente,2026-03-15 20:30:48,Admision_03,,51,M,5,Medicina Interna,Alta
EP00254,Consulta médica,2026-03-15 21:19:00,Dr_Emerge_02,,29,F,3,Emergencias,Alta
EP00352,Tratamiento,2026-03-15 21:20:30,Enf_Trauma_01,,73,M,2,Traumatología,Hospitalización
EP00867,Triage,2026-03-15 21:22:20,Enf_Triage_02,,51,M,5,Medicina Interna,Alta
EP00254,Solicitud de examen,2026-03-15 21:33:33,Dr_Emerge_02,Laboratorio,29,F,3,Emergencias,Alta
EP01029,Realización de examen,2026-03-15 21:46:00,Imagenologia,Imagenología,52,M,4,Medicina Interna,Alta
EP00775,Alta,2026-03-15 21:50:39,Dr_Medici_02,,37,F,3,Medicina Interna,Alta
EP00254,Realización de examen,2026-03-15 22:53:52,Laboratorio_Clinico,Laboratorio,29,F,3,Emergencias,Alta
EP01029,Evaluación de resultados,2026-03-15 22:56:01,Dr_Medici_04,Imagenología,52,M,4,Medicina Interna,Alta
EP01328,Registro del paciente,2026-03-15 23:21:47,Admision_01,,75,M,3,Medicina Interna,Alta
EP01029,Tratamiento,2026-03-15 23:36:01,Enf_Medici_01,,52,M,4,Medicina Interna,Alta
EP01328,Triage,2026-03-15 23:47:26,Enf_Triage_02,,75,M,3,Medicina Interna,Alta
EP00254,Evaluación de resultados,2026-03-15 23:59:53,Dr_Emerge_02,Laboratorio,29,F,3,Emergencias,Alta
EP00352,Ingreso a hospitalización,2026-03-16 00:02:25,Gestion_Camas,,73,M,2,Traumatología,Hospitalización
EP01029,Alta,2026-03-16 00:29:26,Dr_Medici_04,,52,M,4,Medicina Interna,Alta
EP01328,Consulta médica,2026-03-16 01:21:04,Dr_Medici_02,,75,M,3,Medicina Interna,Alta
EP00867,Consulta médica,2026-03-16 01:41:23,Dr_Medici_03,,51,M,5,Medicina Interna,Alta
EP01328,Solicitud de examen,2026-03-16 01:49:06,Dr_Medici_02,Laboratorio,75,M,3,Medicina Interna,Alta
EP00867,Tratamiento,,Enf_Medici_04,,51,M,5,Medicina Interna,Alta
EP01328,Realización de examen,2026-03-16 02:35:47,Laboratorio_Clinico,Laboratorio,75,M,3,Medicina Interna,Alta
EP00867,Alta,2026-03-16 03:35:27,Dr_Medici_03,,51,M,5,Medicina Interna,Alta
EP01328,Evaluación de resultados,2026-03-16 04:19:05,Dr_Medici_02,Laboratorio,75,M,3,Medicina Interna,Alta
EP00254,Interconsulta especialista,2026-03-16 04:37:16,Especialista_03,,29,F,3,Emergencias,Alta
EP01328,Tratamiento,2026-03-16 05:07:04,Enf_Medici_03,,75,M,3,Medicina Interna,Alta
EP00254,Tratamiento,2026-03-16 05:29:23,Enf_Emerge_03,,29,F,3,Emergencias,Alta
EP01328,Alta,2026-03-16 06:11:12,Dr_Medici_02,,75,M,3,Medicina Interna,Alta
EP00254,Alta,2026-03-16 07:27:38,Dr_Emerge_02,,29,F,3,Emergencias,Alta
EP00615,Registro del paciente,2026-03-16 08:12:33,Admision_01,,49,F,1,Traumatología,Alta
EP00615,Triage,2026-03-16 08:15:34,Enf_Triage_01,,49,F,1,Traumatología,Alta
EP00615,Consulta médica,2026-03-16 08:30:35,Dr_Trauma_02,,49,F,1,Traumatología,Alta
EP00615,Solicitud de examen,2026-03-16 08:36:00,Dr_Trauma_02,Imagenología,49,F,1,Traumatología,Alta
EP00313,Registro del paciente,2026-03-16 10:39:01,Admision_02,,71,F,3,Emergencias,Hospitalización
EP01389,Registro del paciente,2026-03-16 10:56:15,Admision_03,,40,M,3,Emergencias,Alta
EP00313,Triage,2026-03-16 11:00:20,Enf_Triage_02,,71,F,3,Emergencias,Hospitalización
EP01389,Triage,2026-03-16 11:35:04,Enf_Triage_03,,40,M,3,Emergencias,Alta
EP00313,Consulta médica,2026-03-16 12:00:44,Dr_Emerge_01,,71,F,3,Emergencias,Hospitalización
EP00462,Registro del paciente,2026-03-16 12:04:08,Admision_01,,36,M,3,Medicina Interna,Alta
EP00462,Triage,2026-03-16 12:32:48,Enf_Triage_02,,36,M,3,Medicina Interna,Alta
EP00462,Consulta médica,2026-03-16 13:07:56,Dr_Medici_03,,36,M,3,Medicina Interna,Alta
EP00615,Realización de examen,2026-03-16 13:12:04,Imagenologia,Imagenología,49,F,1,Traumatología,Alta
EP00462,Solicitud de examen,2026-03-16 13:18:50,Dr_Medici_03,Imagenología,36,M,3,Medicina Interna,Alta
EP01389,Consulta médica,2026-03-16 13:24:16,Dr_Emerge_03,,40,M,3,Emergencias,Alta
EP00760,Registro del paciente,2026-03-16 14:03:29,Admision_02,,51,F,3,Medicina Interna,Alta
EP00615,Evaluación de resultados,2026-03-16 14:12:11,Dr_Trauma_02,Imagenología,49,F,1,Traumatología,Alta
EP00313,Tratamiento,2026-03-16 14:25:01,Enf_Emerge_01,,71,F,3,Emergencias,Hospitalización
EP01389,Tratamiento,2026-03-16 14:44:27,Enf_Emerge_03,,40,M,3,Emergencias,Alta
EP00615,Tratamiento,2026-03-16 14:48:18,Enf_Trauma_04,,49,F,1,Traumatología,Alta
EP00760,Triage,2026-03-16 14:54:13,Enf_Triage_02,,51,F,3,Medicina Interna,Alta
EP01389,Alta,2026-03-16 15:19:03,Dr_Emerge_03,,40,M,3,Emergencias,Alta
EP00760,Consulta médica,2026-03-16 15:59:26,Dr_Medici_04,,51,F,3,Medicina Interna,Alta
EP00615,Alta,2026-03-16 16:06:45,Dr_Trauma_02,,49,F,1,Traumatología,Alta
EP00629,Registro del paciente,2026-03-16 16:57:07,Admision_03,,75,M,4,Emergencias,Alta
EP00629,Triage,2026-03-16 17:17:09,Enf_Triage_01,,75,M,4,Emergencias,Alta
EP00462,Realización de examen,2026-03-16 18:34:01,Imagenologia,Imagenología,36,M,3,Medicina Interna,Alta
EP00629,Consulta médica,2026-03-16 19:47:55,Dr_Emerge_03,,75,M,4,Emergencias,Alta
EP00462,Evaluación de resultados,2026-03-16 19:56:46,Dr_Medici_03,Imagenología,36,M,3,Medicina Interna,Alta
EP00629,Tratamiento,2026-03-16 20:34:11,Enf_Emerge_01,,75,M,4,Emergencias,Alta
EP00462,Tratamiento,2026-03-16 21:01:37,Enf_Medici_04,,36,M,3,Medicina Interna,Alta
EP00629,Alta,2026-03-16 21:25:35,Dr_Emerge_03,,75,M,4,Emergencias,Alta
EP00760,Interconsulta especialista,2026-03-16 21:39:55,Especialista_05,,51,F,3,Medicina Interna,Alta
EP00760,Tratamiento,2026-03-16 22:26:13,Enf_Medici_03,,51,F,3,Medicina Interna,Alta
EP00462,Alta,2026-03-16 22:42:02,Dr_Medici_03,,36,M,3,Medicina Interna,Alta
EP00760,Alta,2026-03-16 23:11:51,Dr_Medici_04,,51,F,3,Medicina Interna,Alta
EP01461,Registro del paciente,2026-03-17 02:15:42,Admision_01,,15,F,2,Emergencias,Hospitalización
EP01461,Triage,2026-03-17 02:38:35,Enf_Triage_03,,15,F,2,Emergencias,Hospitalización
EP01461,Consulta médica,2026-03-17 03:00:29,Dr_Emerge_02,,15,F,2,Emergencias,Hospitalización
EP01461,Solicitud de examen,2026-03-17 03:08:51,Dr_Emerge_02,Imagenología,15,F,2,Emergencias,Hospitalización
EP00313,Ingreso a hospitalización,2026-03-17 05:50:53,Gestion_Camas,,71,F,3,Emergencias,Hospitalización
EP01330,Registro del paciente,2026-03-17 07:24:00,Admision_01,,63,F,3,Emergencias,Hospitalización
EP01330,Triage,2026-03-17 07:42:38,Enf_Triage_03,,63,F,3,Emergencias,Hospitalización
EP00598,Registro del paciente,2026-03-17 08:32:01,Admision_01,,17,F,1,Emergencias,Alta
EP00598,Triage,2026-03-17 08:35:02,Enf_Triage_02,,17,F,1,Emergencias,Alta
EP00598,Consulta médica,2026-03-17 08:42:24,Dr_Emerge_01,,17,F,1,Emergencias,Alta
EP00414,Registro del paciente,2026-03-17 08:51:10,Admision_03,,23,M,4,Emergencias,Hospitalización
EP00414,Triage,2026-03-17 09:22:58,Enf_Triage_02,,23,M,4,Emergencias,Hospitalización
EP00598,Tratamiento,2026-03-17 09:29:44,Enf_Emerge_03,,17,F,1,Emergencias,Alta
EP00598,Alta,2026-03-17 10:40:04,Dr_Emerge_01,,17,F,1,Emergencias,Alta
EP01330,Consulta médica,2026-03-17 10:54:55,Dr_Emerge_01,,63,F,3,Emergencias,Hospitalización
EP01330,Tratamiento,2026-03-17 11:24:12,Enf_Emerge_04,,63,F,3,Emergencias,Hospitalización
EP00414,Consulta médica,2026-03-17 11:44:48,Dr_Emerge_01,,23,M,4,Emergencias,Hospitalización
EP00414,Solicitud de examen,2026-03-17 11:51:39,Dr_Emerge_01,Imagenología,23,M,4,Emergencias,Hospitalización
EP01330,Ingreso a hospitalización,2026-03-17 15:46:46,Gestion_Camas,,63,F,3,Emergencias,Hospitalización
EP00414,Realización de examen,2026-03-17 15:51:59,Imagenologia,Imagenología,23,M,4,Emergencias,Hospitalización
EP00053,Registro del paciente,2026-03-17 16:01:45,Admision_03,,67,M,3,Medicina Interna,Hospitalización
EP00053,Triage,2026-03-17 16:42:59,Enf_Triage_01,,67,M,3,Medicina Interna,Hospitalización
EP00414,Evaluación de resultados,2026-03-17 17:44:43,Dr_Emerge_01,Imagenología,23,M,4,Emergencias,Hospitalización
EP00414,Tratamiento,2026-03-17 18:36:13,Enf_Emerge_01,,23,M,4,Emergencias,Hospitalización
EP00053,Consulta médica,2026-03-17 18:58:46,Dr_Medici_02,,67,M,3,Medicina Interna,Hospitalización
EP00470,Registro del paciente,2026-03-17 19:02:02,Admision_03,,53,M,3,Traumatología,Alta
EP00053,Solicitud de examen,2026-03-17 19:10:17,Dr_Medici_02,Imagenología,67,M,3,Medicina Interna,Hospitalización
EP00470,Triage,2026-03-17 19:59:01,Enf_Triage_01,,53,M,3,Traumatología,Alta
EP00470,Consulta médica,2026-03-17 20:41:53,Dr_Trauma_01,,53,M,3,Traumatología,Alta
EP00470,Tratamiento,2026-03-17 21:09:17,Enf_Trauma_03,,53,M,3,Traumatología,Alta
EP00053,Realización de examen,2026-03-17 22:08:11,Imagenologia,Imagenología,67,M,3,Medicina Interna,Hospitalización
EP00470,Alta,2026-03-17 23:15:46,Dr_Trauma_01,,53,M,3,Traumatología,Alta
EP00053,Evaluación de resultados,2026-03-17 23:37:59,Dr_Medici_02,Imagenología,67,M,3,Medicina Interna,Hospitalización
EP00053,Solicitud de examen,2026-03-17 23:52:24,Dr_Medici_02,Laboratorio,67,M,3,Medicina Interna,Hospitalización
EP00053,Realización de examen,2026-03-18 00:33:36,Laboratorio_Clinico,Laboratorio,67,M,3,Medicina Interna,Hospitalización
EP00053,Evaluación de resultados,2026-03-18 01:51:00,Dr_Medici_02,Laboratorio,67,M,3,Medicina Interna,Hospitalización
EP00414,Ingreso a hospitalización,2026-03-18 02:17:15,Gestion_Camas,,23,M,4,Emergencias,Hospitalización
EP00053,Tratamiento,2026-03-18 02:20:35,Enf_Medici_01,,67,M,3,Medicina Interna,Hospitalización
EP00612,Registro del paciente,2026-03-18 04:21:34,Admision_03,,34,F,5,Medicina Interna,Hospitalización
EP01461,Realización de examen,2026-03-18 04:55:33,Imagenologia,Imagenología,15,F,2,Emergencias,Hospitalización
EP00612,Triage,2026-03-18 05:17:43,Enf_Triage_02,,34,F,5,Medicina Interna,Hospitalización
EP01461,Evaluación de resultados,2026-03-18 05:47:30,Dr_Emerge_02,Imagenología,15,F,2,Emergencias,Hospitalización
EP01461,Tratamiento,2026-03-18 06:29:19,Enf_Emerge_02,,15,F,2,Emergencias,Hospitalización
EP01149,Registro del paciente,2026-03-18 08:57:41,Admision_02,,42,F,5,Medicina Interna,Alta
EP00053,Ingreso a hospitalización,2026-03-18 09:18:38,Gestion_Camas,,67,M,3,Medicina Interna,Hospitalización
EP00725,Registro del paciente,2026-03-18 09:55:57,Admision_02,,24,M,3,Emergencias,Hospitalización
EP01149,Triage,2026-03-18 10:13:07,Enf_Triage_02,,42,F,5,Medicina Interna,Alta
EP00725,Triage,2026-03-18 10:32:13,Enf_Triage_01,,24,M,3,Emergencias,Hospitalización
EP00612,Consulta médica,2026-03-18 10:39:47,Dr_Medici_02,,34,F,5,Medicina Interna,Hospitalización
EP00612,Solicitud de examen,2026-03-18 10:49:15,Dr_Medici_02,Laboratorio,34,F,5,Medicina Interna,Hospitalización
EP00725,Consulta médica,2026-03-18 11:33:47,Dr_Emerge_04,,24,M,3,Emergencias,Hospitalización
EP00612,Realización de examen,2026-03-18 11:36:55,Laboratorio_Clinico,Laboratorio,34,F,5,Medicina Interna,Hospitalización
EP00725,Solicitud de examen,2026-03-18 11:42:33,Dr_Emerge_04,Laboratorio,24,M,3,Emergencias,Hospitalización
EP00612,Evaluación de resultados,2026-03-18 12:32:21,Dr_Medici_02,Laboratorio,34,F,5,Medicina Interna,Hospitalización
EP00725,Realización de examen,2026-03-18 12:46:55,Laboratorio_Clinico,Laboratorio,24,M,3,Emergencias,Hospitalización
EP00725,Evaluación de resultados,2026-03-18 13:26:21,Dr_Emerge_04,Laboratorio,24,M,3,Emergencias,Hospitalización
EP01149,Consulta médica,2026-03-18 13:30:07,Dr_Medici_02,,42,F,5,Medicina Interna,Alta
EP00725,Solicitud de examen,2026-03-18 13:40:34,Dr_Emerge_04,Imagenología,24,M,3,Emergencias,Hospitalización
EP01264,Registro del paciente,2026-03-18 14:15:37,Admision_03,,58,F,2,Medicina Interna,Hospitalización
EP01149,Consulta médica,2026-03-18 14:46:03,Dr_Medici_02,,42,F,5,Medicina Interna,Alta
EP01264,Triage,2026-03-18 14:54:53,Enf_Triage_01,,58,F,2,Medicina Interna,Hospitalización
EP01264,Consulta médica,2026-03-18 15:29:28,Dr_Medici_01,,58,F,2,Medicina Interna,Hospitalización
EP01155,Registro del paciente,2026-03-18 15:42:42,Admision_02,,52,F,2,Emergencias,Alta
EP01149,Tratamiento,2026-03-18 15:49:58,Enf_Medici_03,,42,F,5,Medicina Interna,Alta
EP01155,Triage,2026-03-18 15:55:28,Enf_Triage_03,,52,F,2,Emergencias,Alta
EP00725,Realización de examen,2026-03-18 16:07:30,Imagenologia,Imagenología,24,M,3,Emergencias,Hospitalización
EP00521,Registro del paciente,2026-03-18 16:43:34,Admision_01,,6,M,4,Pediatría,Hospitalización
EP01155,Consulta médica,2026-03-18 16:53:47,Dr_Emerge_03,,52,F,2,Emergencias,Alta
EP00521,Triage,2026-03-18 17:00:39,Enf_Triage_03,,6,M,4,Pediatría,Hospitalización
EP01155,Tratamiento,2026-03-18 17:21:01,Enf_Emerge_02,,52,F,2,Emergencias,Alta
EP01149,Alta,2026-03-18 17:25:19,Dr_Medici_02,,42,F,5,Medicina Interna,Alta
EP01155,Alta,2026-03-18 18:09:50,Dr_Emerge_03,,52,F,2,Emergencias,Alta
EP01264,Consulta médica,2026-03-18 18:48:57,Dr_Medici_01,,58,F,2,Medicina Interna,Hospitalización
EP00725,Evaluación de resultados,2026-03-18 18:53:11,Dr_Emerge_04,Imagenología,24,M,3,Emergencias,Hospitalización
EP00725,Tratamiento,2026-03-18 19:08:01,Enf_Emerge_02,,24,M,3,Emergencias,Hospitalización
EP01264,Tratamiento,2026-03-18 19:19:12,Enf_Medici_01,,58,F,2,Medicina Interna,Hospitalización
EP00521,Consulta médica,2026-03-18 19:21:16,Dr_Pediat_01,,6,M,4,Pediatría,Hospitalización
EP00521,Tratamiento,2026-03-18 20:39:31,Enf_Pediat_03,,6,M,4,Pediatría,Hospitalización
EP00612,Interconsulta especialista,2026-03-18 21:06:03,Especialista_01,,34,F,5,Medicina Interna,Hospitalización
EP00612,Tratamiento,2026-03-18 22:13:53,Enf_Medici_02,,34,F,5,Medicina Interna,Hospitalización
EP00113,Registro del paciente,2026-03-18 23:08:03,Admision_01,,10,F,5,Pediatría,Alta
EP00113,Triage,2026-03-18 23:39:20,Enf_Triage_03,,10,F,5,Pediatría,Alta
EP01264,Ingreso a hospitalización,2026-03-19 00:26:31,Gestion_Camas,,58,F,2,Medicina Interna,Hospitalización
EP00512,Registro del paciente,2026-03-19 03:17:09,Admision_01,,35,F,5,Emergencias,Alta
EP00113,Consulta médica,2026-03-19 03:22:43,Dr_Pediat_03,,10,F,5,Pediatría,Alta
EP00113,Tratamiento,2026-03-19 03:54:39,Enf_Pediat_03,,10,F,5,Pediatría,Alta
EP01461,Ingreso a hospitalización,2026-03-19 03:56:21,Gestion_Camas,,15,F,2,Emergencias,Hospitalización
EP00512,Triage,2026-03-19 04:00:52,Enf_Triage_02,,35,F,5,Emergencias,Alta
EP00113,Alta,2026-03-19 05:25:48,Dr_Pediat_03,,10,F,5,Pediatría,Alta
EP00512,Consulta médica,2026-03-19 07:29:48,Dr_Emerge_03,,35,F,5,Emergencias,Alta
EP00512,Tratamiento,2026-03-19 08:11:30,Enf_Emerge_01,,35,F,5,Emergencias,Alta
EP00612,Ingreso a hospitalización,2026-03-19 08:31:36,Gestion_Camas,,34,F,5,Medicina Interna,Hospitalización
EP00521,Ingreso a hospitalización,2026-03-19 08:31:42,Gestion_Camas,,6,M,4,Pediatría,Hospitalización
EP00512,Alta,2026-03-19 08:56:49,Dr_Emerge_03,,35,F,5,Emergencias,Alta
EP00391,Registro del paciente,2026-03-19 09:33:12,Admision_03,,24,M,5,Emergencias,Alta
EP00725,Ingreso a hospitalización,2026-03-19 09:58:33,Gestion_Camas,,24,M,3,Emergencias,Hospitalización
EP00391,Triage,2026-03-19 10:07:55,Enf_Triage_01,,24,M,5,Emergencias,Alta
EP00059,Registro del paciente,2026-03-19 12:39:30,Admision_01,,75,M,5,Emergencias,Traslado
EP00059,Triage,2026-03-19 13:19:21,Enf_Triage_02,,75,M,5,Emergencias,Traslado
EP00458,Registro del paciente,2026-03-19 13:23:56,Admision_02,,55,M,4,Emergencias,Alta
EP00458,Triage,2026-03-19 13:58:13,Enf_Triage_02,,55,M,4,Emergencias,Alta
EP00084,Registro del paciente,2026-03-19 15:22:11,Admision_03,,58,F,3,Emergencias,Alta
EP00084,Triage,2026-03-19 15:44:23,Enf_Triage_02,,58,F,3,Emergencias,Alta
EP01343,Registro del paciente,2026-03-19 15:47:22,Admision_02,,41,M,5,Medicina Interna,Alta
EP00561,Registro del paciente,2026-03-19 16:19:01,Admision_02,,0,F,2,Pediatría,Hospitalización
EP01343,Triage,2026-03-19 16:22:41,Enf_Triage_01,,41,M,5,Medicina Interna,Alta
EP01151,Registro del paciente,2026-03-19 16:23:08,Admision_03,,0,F,3,Pediatría,Alta
EP00458,Consulta médica,2026-03-19 16:34:22,Dr_Emerge_04,,55,M,4,Emergencias,Alta
EP00942,Registro del paciente,2026-03-19 16:39:58,Admision_02,,31,F,3,Emergencias,Traslado
EP00561,Triage,2026-03-19 16:47:57,Enf_Triage_01,,0,F,2,Pediatría,Hospitalización
EP01151,Triage,2026-03-19 16:51:53,Enf_Triage_02,,0,F,3,Pediatría,Alta
EP00458,Tratamiento,2026-03-19 17:04:49,Enf_Emerge_01,,55,M,4,Emergencias,Alta
EP00942,Triage,2026-03-19 17:06:03,Enf_Triage_01,,31,F,3,Emergencias,Traslado
EP00561,Consulta médica,2026-03-19 17:12:15,Dr_Pediat_03,,0,F,2,Pediatría,Hospitalización
EP01151,Consulta médica,2026-03-19 17:45:04,Dr_Pediat_01,,0,F,3,Pediatría,Alta
EP00942,Consulta médica,2026-03-19 17:53:33,Dr_Emerge_03,,31,F,3,Emergencias,Traslado
EP00561,Tratamiento,2026-03-19 18:00:05,Enf_Pediat_03,,0,F,2,Pediatría,Hospitalización
EP00084,Consulta médica,2026-03-19 18:04:41,Dr_Emerge_03,,58,F,3,Emergencias,Alta
EP01151,Tratamiento,2026-03-19 18:34:08,Enf_Pediat_02,,0,F,3,Pediatría,Alta
EP00084,Tratamiento,2026-03-19 18:46:18,Enf_Emerge_02,,58,F,3,Emergencias,Alta
EP00458,Alta,2026-03-19 19:01:54,Dr_Emerge_04,,55,M,4,Emergencias,Alta
EP00942,Tratamiento,2026-03-19 19:04:02,Enf_Emerge_02,,31,F,3,Emergencias,Traslado
EP01151,Alta,2026-03-19 19:26:10,Dr_Pediat_01,,0,F,3,Pediatría,Alta
EP00084,Alta,2026-03-19 19:27:11,Dr_Emerge_03,,58,F,3,Emergencias,Alta
EP00059,Consulta médica,2026-03-19 20:35:47,Dr_Emerge_03,,75,M,5,Emergencias,Traslado
EP00059,Solicitud de examen,2026-03-19 20:42:12,Dr_Emerge_03,Imagenología,75,M,5,Emergencias,Traslado
EP00391,Consulta médica,2026-03-19 22:11:31,Dr_Emerge_03,,24,M,5,Emergencias,Alta
EP00391,Tratamiento,2026-03-19 22:40:02,Enf_Emerge_03,,24,M,5,Emergencias,Alta
EP00942,Traslado a otro centro,2026-03-19 23:02:27,Admision_01,,31,F,3,Emergencias,Traslado
EP00391,Alta,2026-03-19 23:59:47,Dr_Emerge_03,,24,M,5,Emergencias,Alta
EP01198,Registro del paciente,2026-03-20 00:58:05,Admision_03,,48,F,3,Emergencias,Alta
EP01343,Consulta médica,2026-03-20 01:03:34,Dr_Medici_01,,41,M,5,Medicina Interna,Alta
EP01343,Tratamiento,2026-03-20 01:28:27,Enf_Medici_04,,41,M,5,Medicina Interna,Alta
EP01198,Triage,2026-03-20 01:40:43,Enf_Triage_01,,48,F,3,Emergencias,Alta
EP01343,Alta,2026-03-20 02:18:24,Dr_Medici_01,,41,M,5,Medicina Interna,Alta
EP00561,Ingreso a hospitalización,2026-03-20 04:09:08,Gestion_Camas,,0,F,2,Pediatría,Hospitalización
EP01198,Consulta médica,2026-03-20 06:39:36,Dr_Emerge_01,,48,F,3,Emergencias,Alta
EP01198,Tratamiento,2026-03-20 07:06:33,Enf_Emerge_04,,48,F,3,Emergencias,Alta
EP01363,Registro del paciente,2026-03-20 08:48:19,Admision_02,,29,F,3,Emergencias,Traslado
EP00059,Realización de examen,2026-03-20 09:02:57,Imagenologia,Imagenología,75,M,5,Emergencias,Traslado
EP01198,Alta,2026-03-20 09:12:01,Dr_Emerge_01,,48,F,3,Emergencias,Alta
EP01363,Triage,2026-03-20 09:12:49,Enf_Triage_03,,29,F,3,Emergencias,Traslado
EP00059,Evaluación de resultados,2026-03-20 10:09:08,Dr_Emerge_03,Imagenología,75,M,5,Emergencias,Traslado
EP00711,Registro del paciente,2026-03-20 10:30:01,Admision_01,,19,F,3,Emergencias,Alta
EP01363,Consulta médica,2026-03-20 10:33:03,Dr_Emerge_04,,29,F,3,Emergencias,Traslado
EP01363,Solicitud de examen,2026-03-20 10:36:27,Dr_Emerge_04,Laboratorio,29,F,3,Emergencias,Traslado
EP00059,Tratamiento,2026-03-20 10:44:07,Enf_Emerge_02,,75,M,5,Emergencias,Traslado
EP00711,Triage,2026-03-20 11:10:49,Enf_Triage_02,,19,F,3,Emergencias,Alta
EP01055,Registro del paciente,2026-03-20 11:51:53,Admision_01,,22,M,4,Emergencias,Alta
EP01363,Realización de examen,2026-03-20 12:07:07,Laboratorio_Clinico,Laboratorio,29,F,3,Emergencias,Traslado
EP01055,Triage,2026-03-20 12:29:41,Enf_Triage_03,,22,M,4,Emergencias,Alta
EP00328,Registro del paciente,2026-03-20 12:49:51,Admision_01,,15,F,1,Emergencias,Alta
EP00328,Triage,2026-03-20 12:52:52,Enf_Triage_01,,15,F,1,Emergencias,Alta
EP00328,Consulta médica,2026-03-20 12:58:48,Dr_Emerge_01,,15,F,1,Emergencias,Alta
EP01363,Evaluación de resultados,2026-03-20 13:41:55,Dr_Emerge_04,Laboratorio,29,F,3,Emergencias,Traslado
EP00711,Consulta médica,2026-03-20 13:42:15,Dr_Emerge_01,,19,F,3,Emergencias,Alta
EP00328,Tratamiento,2026-03-20 13:51:10,Enf_Emerge_01,,15,F,1,Emergencias,Alta
EP00059,Traslado a otro centro,2026-03-20 14:03:11,Admision_01,,75,M,5,Emergencias,Traslado
EP01055,Consulta médica,2026-03-20 14:07:20,Dr_Emerge_04,,22,M,4,Emergencias,Alta
EP00828,Registro del paciente,2026-03-20 14:34:28,Admision_03,,50,F,3,Medicina Interna,Alta
EP00328,Alta,2026-03-20 14:39:34,Dr_Emerge_01,,15,F,1,Emergencias,Alta
EP00711,Tratamiento,2026-03-20 14:49:22,Enf_Emerge_01,,19,F,3,Emergencias,Alta
EP00828,Triage,2026-03-20 14:49:25,Enf_Triage_03,,50,F,3,Medicina Interna,Alta
EP01055,Tratamiento,2026-03-20 15:03:56,Enf_Emerge_03,,22,M,4,Emergencias,Alta
EP01363,Consulta médica,2026-03-20 15:35:01,Dr_Emerge_04,,29,F,3,Emergencias,Traslado
EP01363,Tratamiento,2026-03-20 16:06:36,Enf_Emerge_02,,29,F,3,Emergencias,Traslado
EP01055,Alta,2026-03-20 16:16:26,Dr_Emerge_04,,22,M,4,Emergencias,Alta
EP00711,Alta,2026-03-20 16:20:53,Dr_Emerge_01,,19,F,3,Emergencias,Alta
EP00828,Consulta médica,2026-03-20 16:44:12,Dr_Medici_01,,50,F,3,Medicina Interna,Alta
EP00828,Tratamiento,2026-03-20 17:26:42,Enf_Medici_02,,50,F,3,Medicina Interna,Alta
EP00828,Alta,2026-03-20 18:30:54,Dr_Medici_01,,50,F,3,Medicina Interna,Alta
EP01363,Traslado a otro centro,2026-03-20 19:44:54,Admision_01,,29,F,3,Emergencias,Traslado
EP00152,Registro del paciente,2026-03-20 21:48:13,Admision_02,,43,M,2,Emergencias,Alta
EP00152,Triage,2026-03-20 22:08:12,Enf_Triage_03,,43,M,2,Emergencias,Alta
EP00152,Consulta médica,2026-03-20 22:43:51,Dr_Emerge_02,,43,M,2,Emergencias,Alta
EP00152,Tratamiento,2026-03-20 23:15:11,Enf_Emerge_01,,43,M,2,Emergencias,Alta
EP00152,Alta,2026-03-21 00:15:44,Dr_Emerge_02,,43,M,2,Emergencias,Alta
EP00632,Registro del paciente,2026-03-21 03:14:02,Admision_02,,43,M,1,Emergencias,Hospitalización
EP00632,Triage,2026-03-21 03:17:03,Enf_Triage_03,,43,M,1,Emergencias,Hospitalización
EP00632,Consulta médica,2026-03-21 03:30:52,Dr_Emerge_01,,43,M,1,Emergencias,Hospitalización
EP00632,Tratamiento,2026-03-21 03:48:33,Enf_Emerge_02,,43,M,1,Emergencias,Hospitalización
EP01265,Registro del paciente,2026-03-21 05:04:40,Admision_02,,61,M,3,Medicina Interna,Alta
EP00803,Registro del paciente,2026-03-21 05:09:13,Admision_02,,35,F,5,Emergencias,Alta
EP00803,Registro del paciente,2026-03-21 05:09:13,Admision_02,,35,F,5,Emergencias,Alta
EP01265,Triage,2026-03-21 05:40:27,Enf_Triage_01,,61,M,3,Medicina Interna,Alta
EP00803,Triage,2026-03-21 06:13:55,Enf_Triage_01,,35,F,5,Emergencias,Alta
EP01265,Consulta médica,2026-03-21 08:04:09,Dr_Medici_04,,61,M,3,Medicina Interna,Alta
EP01265,Solicitud de examen,2026-03-21 08:32:38,Dr_Medici_04,Laboratorio,61,M,3,Medicina Interna,Alta
EP01437,Registro del paciente ,2026-03-21 09:03:14,Admision_03,,46,M,4,Emergencias,Alta
EP00632,Ingreso a hospitalización,2026-03-21 09:21:25,Gestion_Camas,,43,M,1,Emergencias,Hospitalización
EP01437,Triage,2026-03-21 09:27:59,Enf_Triage_03,,46,M,4,Emergencias,Alta
EP01265,Realización de examen,2026-03-21 09:41:39,Laboratorio_Clinico,Laboratorio,61,M,3,Medicina Interna,Alta
EP01276,Registro del paciente,2026-03-21 09:44:46,Admision_01,,39,F,3,Emergencias,Hospitalización
EP00590,Registro del paciente,2026-03-21 09:57:39,Admision_02,,11,F,3,Pediatría,Alta
EP00590,Triage,2026-03-21 10:14:42,Enf_Triage_03,,11,F,3,Pediatría,Alta
EP01276,Triage,2026-03-21 10:20:56,Enf_Triage_02,,39,F,3,Emergencias,Hospitalización
EP01265,Evaluación de resultados,2026-03-21 10:42:50,Dr_Medici_04,Laboratorio,61,M,3,Medicina Interna,Alta
EP00803,Consulta médica,2026-03-21 11:05:14,Dr_Emerge_02,,35,F,5,Emergencias,Alta
EP01265,Tratamiento,2026-03-21 11:23:11,Enf_Medici_01,,61,M,3,Medicina Interna,Alta
EP01276,Consulta médica,2026-03-21 11:24:18,Dr_Emerge_03,,39,F,3,Emergencias,Hospitalización
EP01276,Solicitud de examen,2026-03-21 11:37:19,Dr_Emerge_03,Laboratorio,39,F,3,Emergencias,Hospitalización
EP00590,Consulta médica,,Dr_Pediat_03,,11,F,3,Pediatría,Alta
EP01276,Realización de examen,2026-03-21 12:29:49,Laboratorio_Clinico,Laboratorio,39,F,3,Emergencias,Hospitalización
EP01265,Alta,2026-03-21 12:32:29,Dr_Medici_04,,61,M,3,Medicina Interna,Alta
EP00590,Solicitud de examen,2026-03-21 12:32:52,Dr_Pediat_03,Laboratorio,11,F,3,Pediatría,Alta
EP01276,Evaluación de resultados,2026-03-21 12:51:13,Dr_Emerge_03,Laboratorio,39,F,3,Emergencias,Hospitalización
EP00571,Registro del paciente,2026-03-21 13:10:10,Admision_02,,70,F,3,Traumatología,Alta
EP00571,Triage,2026-03-21 13:53:01,Enf_Triage_03,,70,F,3,Traumatología,Alta
EP00803,Consulta médica,2026-03-21 13:55:31,Dr_Emerge_02,,35,F,5,Emergencias,Alta
EP00590,Realización de examen,2026-03-21 14:07:13,Laboratorio_Clinico,Laboratorio,11,F,3,Pediatría,Alta
EP01276,Tratamiento,2026-03-21 14:29:33,Enf_Emerge_03,,39,F,3,Emergencias,Hospitalización
EP00803,Tratamiento,2026-03-21 14:56:55,Enf_Emerge_04,,35,F,5,Emergencias,Alta
EP00590,Evaluación de resultados,2026-03-21 15:06:40,Dr_Pediat_03,Laboratorio,11,F,3,Pediatría,Alta
EP00803,Alta,2026-03-21 15:39:14,Dr_Emerge_02,,35,F,5,Emergencias,Alta
EP00590,Tratamiento,2026-03-21 16:09:06,Enf_Pediat_03,,11,F,3,Pediatría,Alta
EP00590,Alta,2026-03-21 16:34:11,Dr_Pediat_03,,11,F,3,Pediatría,Alta
EP00012,Registro del paciente,2026-03-21 16:57:18,Admision_01,,6,F,3,Pediatría,Hospitalización
EP01437,Consulta médica,2026-03-21 16:58:54,Dr_Emerge_01,,46,M,4,Emergencias,Alta
EP00571,Consulta médica,2026-03-21 16:59:29,Dr_Trauma_03,,70,F,3,Traumatología,Alta
EP00571,Solicitud de examen,2026-03-21 17:04:57,Dr_Trauma_03,Imagenología,70,F,3,Traumatología,Alta
EP00012,Triage,2026-03-21 17:18:05,Enf_Triage_01,,6,F,3,Pediatría,Hospitalización
EP01437,Tratamiento,2026-03-21 17:48:06,Enf_Emerge_03,,46,M,4,Emergencias,Alta
EP01276,Ingreso a hospitalización,2026-03-21 18:11:00,Gestion_Camas,,39,F,3,Emergencias,Hospitalización
EP00838,Registro del paciente,2026-03-21 18:25:46,Admision_02,,30,F,4,Emergencias,Hospitalización
EP00838,Triage,2026-03-21 18:45:18,Enf_Triage_02,,30,F,4,Emergencias,Hospitalización
EP00324,Registro del paciente,2026-03-21 19:09:44,Admision_01,,21,M,3,Emergencias,Alta
EP01437,Alta,2026-03-21 19:12:34,Dr_Emerge_01,,46,M,4,Emergencias,Alta
EP00324,Triage,2026-03-21 19:57:33,Enf_Triage_02,,21,M,3,Emergencias,Alta
EP00012,Consulta médica,2026-03-21 22:08:50,Dr_Pediat_04,,6,F,3,Pediatría,Hospitalización
EP00012,Solicitud de examen,2026-03-21 22:13:56,Dr_Pediat_04,Laboratorio,6,F,3,Pediatría,Hospitalización
EP00324,Consulta médica,2026-03-21 22:41:35,Dr_Emerge_01,,21,M,3,Emergencias,Alta
EP00953,Registro del paciente,2026-03-21 23:04:14,Admision_02,,26,M,1,Medicina Interna,Alta
EP00953,Triage,2026-03-21 23:07:15,Enf_Triage_03,,26,M,1,Medicina Interna,Alta
EP00324,Tratamiento,2026-03-21 23:11:38,Enf_Emerge_04,,21,M,3,Emergencias,Alta
EP00953,Consulta médica,2026-03-21 23:12:53,Dr_Medici_04,,26,M,1,Medicina Interna,Alta
EP00953,Solicitud de examen,2026-03-21 23:25:22,Dr_Medici_04,Imagenología,26,M,1,Medicina Interna,Alta
EP00324,Alta,2026-03-21 23:44:43,Dr_Emerge_01,,21,M,3,Emergencias,Alta
EP00838,Consulta médica,2026-03-22 01:25:11,Dr_Emerge_01,,30,F,4,Emergencias,Hospitalización
EP00012,Realización de examen,2026-03-22 01:29:54,Laboratorio_Clinico,Laboratorio,6,F,3,Pediatría,Hospitalización
EP00838,Solicitud de examen,2026-03-22 01:39:58,Dr_Emerge_01,Laboratorio,30,F,4,Emergencias,Hospitalización
EP00571,Realización de examen,2026-03-22 02:09:32,Imagenologia,Imagenología,70,F,3,Traumatología,Alta
EP00012,Evaluación de resultados,2026-03-22 02:22:02,Dr_Pediat_04,Laboratorio,6,F,3,Pediatría,Hospitalización
EP00838,Realización de examen,2026-03-22 02:53:03,Laboratorio_Clinico,Laboratorio,30,F,4,Emergencias,Hospitalización
EP00012,Tratamiento,2026-03-22 03:00:08,Enf_Pediat_02,,6,F,3,Pediatría,Hospitalización
EP00571,Evaluación de resultados,2026-03-22 03:32:51,Dr_Trauma_03,Imagenología,70,F,3,Traumatología,Alta
EP00838,Evaluación de resultados,2026-03-22 03:42:06,Dr_Emerge_01,Laboratorio,30,F,4,Emergencias,Hospitalización
EP00571,Tratamiento,2026-03-22 03:58:33,Enf_Trauma_02,,70,F,3,Traumatología,Alta
EP00838,Solicitud de examen,2026-03-22 04:03:45,Dr_Emerge_01,Laboratorio,30,F,4,Emergencias,Hospitalización
EP00571,Alta,2026-03-22 04:33:33,Dr_Trauma_03,,70,F,3,Traumatología,Alta
EP00314,Registro del paciente,2026-03-22 04:50:03,Admision_01,,9,M,2,Pediatría,Alta
EP00838,Realización de examen,2026-03-22 04:56:50,Laboratorio_Clinico,Laboratorio,30,F,4,Emergencias,Hospitalización
EP00314,Triage,2026-03-22 05:10:38,Enf_Triage_01,,9,M,2,Pediatría,Alta
EP00314,Consulta médica,2026-03-22 05:43:01,Dr_Pediat_04,,9,M,2,Pediatría,Alta
EP00953,Realización de examen,2026-03-22 05:44:09,Imagenologia,Imagenología,26,M,1,Medicina Interna,Alta
EP01071,Registro del paciente,2026-03-22 05:49:14,Admision_02,,26,F,3,Emergencias,Hospitalización
EP00838,Evaluación de resultados,2026-03-22 05:52:53,Dr_Emerge_01,Laboratorio,30,F,4,Emergencias,Hospitalización
EP00314,Tratamiento,2026-03-22 06:14:36,Enf_Pediat_02,,9,M,2,Pediatría,Alta
EP01071,Triage,2026-03-22 06:18:08,Enf_Triage_01,,26,F,3,Emergencias,Hospitalización
EP00838,Tratamiento,2026-03-22 06:24:18,Enf_Emerge_04,,30,F,4,Emergencias,Hospitalización
EP00012,Ingreso a hospitalización,2026-03-22 06:48:37,Gestion_Camas,,6,F,3,Pediatría,Hospitalización
EP00474,Registro del paciente,2026-03-22 06:54:28,Admision_03,,15,F,5,Traumatología,Alta
EP00953,Evaluación de resultados,2026-03-22 07:11:09,Dr_Medici_04,Imagenología,26,M,1,Medicina Interna,Alta
EP00953,Tratamiento,2026-03-22 07:37:12,Enf_Medici_02,,26,M,1,Medicina Interna,Alta
EP00474,Triage,2026-03-22 07:40:45,Enf_Triage_03,,15,F,5,Traumatología,Alta
EP01071,Consulta médica,2026-03-22 08:12:30,Dr_Emerge_01,,26,F,3,Emergencias,Hospitalización
EP00314,Alta,2026-03-22 08:20:06,Dr_Pediat_04,,9,M,2,Pediatría,Alta
EP01450,Registro del paciente,2026-03-22 08:29:23,Admision_03,,39,F,4,Medicina Interna,Alta
EP01071,Tratamiento,2026-03-22 08:36:50,Enf_Emerge_01,,26,F,3,Emergencias,Hospitalización
EP00318,Registro del paciente,2026-03-22 08:52:58,Admision_01,,55,M,4,Emergencias,Alta
EP00735,Registro del paciente,2026-03-22 09:17:00,Admision_03,,41,F,5,Emergencias,Alta
EP00953,Alta,2026-03-22 09:34:57,Dr_Medici_04,,26,M,1,Medicina Interna,Alta
EP00318,Triage,2026-03-22 09:38:25,Enf_Triage_01,,55,M,4,Emergencias,Alta
EP01450,Triage,2026-03-22 09:42:07,Enf_Triage_01,,39,F,4,Medicina Interna,Alta
EP00735,Triage,2026-03-22 09:52:23,Enf_Triage_02,,41,F,5,Emergencias,Alta
EP00318,Consulta médica,2026-03-22 10:15:08,Dr_Emerge_01,,55,M,4,Emergencias,Alta
EP00318,Tratamiento,2026-03-22 11:10:23,Enf_Emerge_04,,55,M,4,Emergencias,Alta
EP00474,Consulta médica,2026-03-22 12:49:49,Dr_Trauma_04,,15,F,5,Traumatología,Alta
EP00318,Alta,2026-03-22 12:59:50,Dr_Emerge_01,,55,M,4,Emergencias,Alta
EP01071,Ingreso a hospitalización,2026-03-22 13:01:31,Gestion_Camas,,26,F,3,Emergencias,Hospitalización
EP01185,Registro del paciente,2026-03-22 13:13:25,Admision_01,,75,F,3,Emergencias,Traslado
EP00474,Tratamiento,2026-03-22 13:30:41,Enf_Trauma_04,,15,F,5,Traumatología,Alta
EP01450,Consulta médica,2026-03-22 13:39:46,Dr_Medici_03,,39,F,4,Medicina Interna,Alta
EP01450,Solicitud de examen,2026-03-22 13:46:03,Dr_Medici_03,Laboratorio,39,F,4,Medicina Interna,Alta
EP00474,Alta,2026-03-22 13:56:10,Dr_Trauma_04,,15,F,5,Traumatología,Alta
EP01185,Triage,2026-03-22 13:59:50,Enf_Triage_03,,75,F,3,Emergencias,Traslado
EP00735,Consulta médica,2026-03-22 14:01:04,Dr_Emerge_03,,41,F,5,Emergencias,Alta
EP00735,Tratamiento,2026-03-22 14:34:28,Enf_Emerge_01,,41,F,5,Emergencias,Alta
EP01450,Realización de examen,2026-03-22 14:52:02,Laboratorio_Clinico,Laboratorio,39,F,4,Medicina Interna,Alta
EP00735,Alta,2026-03-22 15:15:38,Dr_Emerge_03,,41,F,5,Emergencias,Alta
EP01070,Registro del paciente,2026-03-22 15:17:44,Admision_02,,45,F,3,Medicina Interna,Alta
EP01070,Triage,2026-03-22 15:32:48,Enf_Triage_01,,45,F,3,Medicina Interna,Alta
EP01185,Consulta médica,2026-03-22 15:53:52,Dr_Emerge_02,,75,F,3,Emergencias,Traslado
EP01450,Evaluación de resultados,2026-03-22 16:03:38,Dr_Medici_03,Laboratorio,39,F,4,Medicina Interna,Alta
EP01185,Solicitud de examen,2026-03-22 16:12:36,Dr_Emerge_02,Laboratorio,75,F,3,Emergencias,Traslado
EP01070,Consulta médica,2026-03-22 16:25:21,Dr_Medici_04,,45,F,3,Medicina Interna,Alta
EP01185,Realización de examen,2026-03-22 17:14:53,Laboratorio_Clinico,Laboratorio,75,F,3,Emergencias,Traslado
EP00838,Ingreso a hospitalización,2026-03-22 17:19:23,Gestion_Camas,,30,F,4,Emergencias,Hospitalización
EP01185,Evaluación de resultados,2026-03-22 17:45:15,Dr_Emerge_02,Laboratorio,75,F,3,Emergencias,Traslado
EP01450,Consulta médica,2026-03-22 17:47:35,Dr_Medici_03,,39,F,4,Medicina Interna,Alta
EP00570,Registro del paciente,2026-03-22 18:16:50,Admision_03,,19,F,3,Emergencias,Alta
EP01185,Tratamiento,2026-03-22 18:26:18,Enf_Emerge_02,,75,F,3,Emergencias,Traslado
EP01450,Tratamiento,2026-03-22 18:33:01,Enf_Medici_03,,39,F,4,Medicina Interna,Alta
EP00570,Triage,2026-03-22 18:48:28,Enf_Triage_03,,19,F,3,Emergencias,Alta
EP01046,Registro del paciente,2026-03-22 19:18:15,Admision_01,,15,M,3,Traumatología,Alta
EP01450,Alta,2026-03-22 19:35:36,Dr_Medici_03,,39,F,4,Medicina Interna,Alta
EP01046,Triage,2026-03-22 19:59:45,Enf_Triage_03,,15,M,3,Traumatología,Alta
EP00570,Consulta médica,2026-03-22 20:34:53,Dr_Emerge_04,,19,F,3,Emergencias,Alta
EP00570,Solicitud de examen,2026-03-22 20:46:30,Dr_Emerge_04,Imagenología,19,F,3,Emergencias,Alta
EP01046,Consulta médica,2026-03-22 20:54:12,Dr_Trauma_04,,15,M,3,Traumatología,Alta
EP01214,Registro del paciente,2026-03-22 20:54:38,Admision_03,,14,F,5,Pediatría,Alta
EP01046,Solicitud de examen,2026-03-22 21:25:29,Dr_Trauma_04,Imagenología,15,M,3,Traumatología,Alta
EP01070,Consulta médica ,2026-03-22 21:29:56,Dr_Medici_04,,45,F,3,Medicina Interna,Alta
EP01214,Triage,2026-03-22 21:38:14,Enf_Triage_02,,14,F,5,Pediatría,Alta
EP01070,Tratamiento,2026-03-22 21:46:44,Enf_Medici_02,,45,F,3,Medicina Interna,Alta
EP01185,Traslado a otro centro,2026-03-22 22:43:54,Admision_01,,75,F,3,Emergencias,Traslado
EP01070,Alta,2026-03-22 23:07:49,Dr_Medici_04,,45,F,3,Medicina Interna,Alta
EP01214,Consulta medica,2026-03-22 23:51:51,Dr_Pediat_04,,14,F,5,Pediatría,Alta
EP00885,Registro del paciente,2026-03-22 23:55:44,Admision_02,,89,M,3,Medicina Interna,Alta
EP01214,Solicitud de examen,2026-03-22 23:59:23,Dr_Pediat_04,Imagenología,14,F,5,Pediatría,Alta
EP00885,Triage,2026-03-23 00:53:25,Enf_Triage_03,,89,M,3,Medicina Interna,Alta
EP00570,Realización de examen,2026-03-23 02:05:36,Imagenologia,Imagenología,19,F,3,Emergencias,Alta
EP00403,Registro del paciente,2026-03-23 02:08:53,Admision_03,,8,F,3,Pediatría,Alta
EP00403,Triage,2026-03-23 02:32:53,Enf_Triage_02,,8,F,3,Pediatría,Alta
EP00885,Consulta médica,2026-03-23 02:35:11,Dr_Medici_02,,89,M,3,Medicina Interna,Alta
EP00934,Registro del paciente,2026-03-23 02:42:08,Admision_02,,15,M,5,Emergencias,Alta
EP00403,Consulta médica,2026-03-23 03:10:54,Dr_Pediat_02,,8,F,3,Pediatría,Alta
EP00570,Evaluación de resultados,2026-03-23 03:22:49,Dr_Emerge_04,Imagenología,19,F,3,Emergencias,Alta
EP00934,Triage,2026-03-23 03:24:35,Enf_Triage_01,,15,M,5,Emergencias,Alta
EP00403,Solicitud de examen,2026-03-23 03:50:34,Dr_Pediat_02,Laboratorio,8,F,3,Pediatría,Alta
EP00570,Tratamiento,2026-03-23 04:06:05,Enf_Emerge_02,,19,F,3,Emergencias,Alta
EP00403,Realización de examen,2026-03-23 04:39:41,Laboratorio_Clinico,Laboratorio,8,F,3,Pediatría,Alta
EP01046,Realización de examen,2026-03-23 04:40:27,Imagenologia,Imagenología,15,M,3,Traumatología,Alta
EP00570,Alta,2026-03-23 05:16:28,Dr_Emerge_04,,19,F,3,Emergencias,Alta
EP00403,Evaluación de resultados,2026-03-23 05:39:23,Dr_Pediat_02,Laboratorio,8,F,3,Pediatría,Alta
EP01046,Evaluación de resultados,2026-03-23 05:41:05,Dr_Trauma_04,Imagenología,15,M,3,Traumatología,Alta
EP00034,Registro del paciente ,2026-03-23 05:56:12,Admision_02,,69,M,1,Traumatología,Alta
EP00034,Triage,2026-03-23 05:59:13,Enf_Triage_01,,69,M,1,Traumatología,Alta
EP00885,Interconsulta especialista,2026-03-23 05:59:15,Especialista_04,,89,M,3,Medicina Interna,Alta
EP00403,Tratamiento,2026-03-23 06:09:29,Enf_Pediat_04,,8,F,3,Pediatría,Alta
EP00034,Consulta médica,2026-03-23 06:11:07,Dr_Trauma_03,,69,M,1,Traumatología,Alta
EP00885,Tratamiento,2026-03-23 06:56:10,Enf_Medici_02,,89,M,3,Medicina Interna,Alta
EP01046,Tratamiento,2026-03-23 07:02:03,Enf_Trauma_02,,15,M,3,Traumatología,Alta
EP00034,Tratamiento,2026-03-23 07:04:36,Enf_Trauma_03,,69,M,1,Traumatología,Alta
EP00403,Alta,2026-03-23 07:13:59,Dr_Pediat_02,,8,F,3,Pediatría,Alta
EP00885,Alta,2026-03-23 07:25:42,Dr_Medici_02,,89,M,3,Medicina Interna,Alta
EP01046,Alta,2026-03-23 07:37:24,Dr_Trauma_04,,15,M,3,Traumatología,Alta
EP00034,Alta,2026-03-23 07:56:47,Dr_Trauma_03,,69,M,1,Traumatología,Alta
EP01480,Registro del paciente,2026-03-23 08:43:43,Admision_02,,41,M,4,Emergencias,Alta
EP01480,Triage,2026-03-23 09:03:28,Enf_Triage_03,,41,M,4,Emergencias,Alta
EP01295,Registro del paciente,2026-03-23 10:48:36,Admision_01,,18,M,3,Emergencias,Alta
EP01295,Triage,2026-03-23 11:11:18,Enf_Triage_01,,18,M,3,Emergencias,Alta
EP01214,Realización de examen,2026-03-23 11:30:55,Imagenologia,Imagenología,14,F,5,Pediatría,Alta
EP01295,Consulta médica,2026-03-23 11:57:40,Dr_Emerge_03,,18,M,3,Emergencias,Alta
EP00527,Registro del paciente,2026-03-23 12:14:00,Admision_01,,33,F,4,Medicina Interna,Traslado
EP00482,Registro del paciente,2026-03-23 12:28:42,Admision_02,,77,M,5,Emergencias,Alta
EP01295,Tratamiento,2026-03-23 12:38:29,Enf_Emerge_03,,18,M,3,Emergencias,Alta
EP00482,Triage,2026-03-23 12:47:52,Enf_Triage_01,,77,M,5,Emergencias,Alta
EP00527,Triage,2026-03-23 12:48:36,Enf_Triage_02,,33,F,4,Medicina Interna,Traslado
EP01214,Evaluación de resultados,2026-03-23 13:35:20,Dr_Pediat_04,Imagenología,14,F,5,Pediatría,Alta
EP01480,Consulta médica,2026-03-23 13:36:35,Dr_Emerge_03,,41,M,4,Emergencias,Alta
EP01214,Solicitud de examen,2026-03-23 13:40:42,Dr_Pediat_04,Imagenología,14,F,5,Pediatría,Alta
EP01480,Solicitud de examen,2026-03-23 13:47:05,Dr_Emerge_03,Laboratorio,41,M,4,Emergencias,Alta
EP01295,Alta,2026-03-23 13:57:41,Dr_Emerge_03,,18,M,3,Emergencias,Alta
EP00340,Registro del paciente,2026-03-23 14:01:40,Admision_02,,5,M,3,Pediatría,Alta
EP00692,Registro del paciente,2026-03-23 14:21:58,Admision_03,,32,M,4,Emergencias,Hospitalización
EP00340,Triage,2026-03-23 14:42:07,Enf_Triage_03,,5,M,3,Pediatría,Alta
EP00934,Consulta médica,2026-03-23 14:58:53,Dr_Emerge_04,,15,M,5,Emergencias,Alta
EP01480,Realización de examen,2026-03-23 15:10:35,Laboratorio_Clinico,Laboratorio,41,M,4,Emergencias,Alta
EP00692,Triage,2026-03-23 15:11:54,Enf_Triage_02,,32,M,4,Emergencias,Hospitalización
EP01480,Evaluación de resultados,2026-03-23 15:36:38,Dr_Emerge_03,Laboratorio,41,M,4,Emergencias,Alta
EP00934,Tratamiento,2026-03-23 15:41:10,Enf_Emerge_02,,15,M,5,Emergencias,Alta
EP01214,Realización de examen,2026-03-23 15:43:20,Imagenologia,Imagenología,14,F,5,Pediatría,Alta
EP00340,Consulta médica,2026-03-23 16:05:32,Dr_Pediat_01,,5,M,3,Pediatría,Alta
EP00019,Registro del paciente,2026-03-23 16:06:17,Admision_03,,63,M,3,Emergencias,Alta
EP00934,Alta,2026-03-23 16:08:44,Dr_Emerge_04,,15,M,5,Emergencias,Alta
EP00019,Triage,2026-03-23 16:20:03,Enf_Triage_02,,63,M,3,Emergencias,Alta
EP01480,Tratamiento,2026-03-23 16:22:26,Enf_Emerge_02,,41,M,4,Emergencias,Alta
EP00527,Consulta médica,2026-03-23 16:31:11,Dr_Medici_04,,33,F,4,Medicina Interna,Traslado
EP00527,Solicitud de examen,2026-03-23 16:39:11,Dr_Medici_04,Laboratorio,33,F,4,Medicina Interna,Traslado
EP01390,Registro del paciente,2026-03-23 16:41:42,Admision_02,,15,M,4,Medicina Interna,Alta
EP01214,Evaluación de resultados,2026-03-23 17:01:43,Dr_Pediat_04,Imagenología,14,F,5,Pediatría,Alta
EP00482,Consulta médica,2026-03-23 17:09:44,Dr_Emerge_02,,77,M,5,Emergencias,Alta
EP00605,Registro del paciente,2026-03-23 17:13:16,Admision_03,,37,F,3,Emergencias,Alta
EP01390,Triage,2026-03-23 17:22:59,Enf_Triage_01,,15,M,4,Medicina Interna,Alta
EP00863,Registro del paciente,2026-03-23 17:24:28,Admision_01,,34,M,4,Emergencias,Alta
EP00692,Consulta médica,2026-03-23 17:31:32,Dr_Emerge_02,,32,M,4,Emergencias,Hospitalización
EP01214,Tratamiento,2026-03-23 17:33:33,Enf_Pediat_01,,14,F,5,Pediatría,Alta
EP01480,Alta,2026-03-23 17:46:08,Dr_Emerge_03,,41,M,4,Emergencias,Alta
EP00863,Triage,2026-03-23 17:50:33,Enf_Triage_02,,34,M,4,Emergencias,Alta
EP00072,Registro del paciente,2026-03-23 17:58:41,Admision_02,,2,F,3,Pediatría,Alta
EP00605,Triage,2026-03-23 18:02:20,Enf_Triage_02,,37,F,3,Emergencias,Alta
EP00019,Consulta médica,2026-03-23 18:06:21,Dr_Emerge_04,,63,M,3,Emergencias,Alta
EP00482,Tratamiento,2026-03-23 18:15:32,Enf_Emerge_03,,77,M,5,Emergencias,Alta
EP00527,Realización de examen,2026-03-23 18:16:05,Laboratorio_Clinico,Laboratorio,33,F,4,Medicina Interna,Traslado
EP01214,Alta,2026-03-23 18:30:23,Dr_Pediat_04,,14,F,5,Pediatría,Alta
EP00019,Tratamiento,2026-03-23 18:33:51,Enf_Emerge_02,,63,M,3,Emergencias,Alta
EP00692,Tratamiento,2026-03-23 18:34:32,Enf_Emerge_04,,32,M,4,Emergencias,Hospitalización
EP00072,Triage,2026-03-23 18:38:21,Enf_Triage_03,,2,F,3,Pediatría,Alta
EP00527,Evaluación de resultados,2026-03-23 18:51:07,Dr_Medici_04,Laboratorio,33,F,4,Medicina Interna,Traslado
EP00482,Alta,2026-03-23 18:55:40,Dr_Emerge_02,,77,M,5,Emergencias,Alta
EP00527,Tratamiento,2026-03-23 19:19:19,Enf_Medici_01,,33,F,4,Medicina Interna,Traslado
EP00019,Alta,2026-03-23 19:29:44,Dr_Emerge_04,,63,M,3,Emergencias,Alta
EP00072,Consulta médica,2026-03-23 20:29:13,Dr_Pediat_01,,2,F,3,Pediatría,Alta
EP00072,Solicitud de examen,2026-03-23 20:35:32,Dr_Pediat_01,Imagenología,2,F,3,Pediatría,Alta
EP00605,Consulta médica,2026-03-23 20:41:19,Dr_Emerge_02,,37,F,3,Emergencias,Alta
EP00692,Ingreso a hospitalización,2026-03-23 20:53:21,Gestion_Camas,,32,M,4,Emergencias,Hospitalización
EP01297,Registro del paciente,2026-03-23 20:56:17,Admision_02,,10,M,3,Pediatría,Alta
EP00863,Consulta médica,2026-03-23 21:00:41,Dr_Emerge_03,,34,M,4,Emergencias,Alta
EP01297,Triage,2026-03-23 21:16:47,Enf_Triage_03,,10,M,3,Pediatría,Alta
EP00605,Tratamiento,2026-03-23 21:29:52,Enf_Emerge_04,,37,F,3,Emergencias,Alta
EP01390,Consulta médica,2026-03-23 21:41:02,Dr_Medici_01,,15,M,4,Medicina Interna,Alta
EP00863,Tratamiento,2026-03-23 21:42:18,Enf_Emerge_02,,34,M,4,Emergencias,Alta
EP01390,Solicitud de examen,2026-03-23 21:50:25,Dr_Medici_01,Imagenología,15,M,4,Medicina Interna,Alta
EP00605,Alta,2026-03-23 21:50:46,Dr_Emerge_02,,37,F,3,Emergencias,Alta
EP01297,Consulta médica,2026-03-23 22:10:53,Dr_Pediat_04,,10,M,3,Pediatría,Alta
EP01297,Solicitud de examen,2026-03-23 22:22:42,Dr_Pediat_04,Imagenología,10,M,3,Pediatría,Alta
EP00340,Interconsulta especialista,2026-03-23 22:26:42,Especialista_05,,5,M,3,Pediatría,Alta
EP00340,Tratamiento,2026-03-23 22:59:47,Enf_Pediat_02,,5,M,3,Pediatría,Alta
EP00863,Alta,2026-03-23 23:16:33,Dr_Emerge_03,,34,M,4,Emergencias,Alta
EP00592,Registro del paciente,2026-03-24 00:04:56,Admision_02,,76,M,5,Medicina Interna,Alta
EP00340,Alta,2026-03-24 00:05:51,Dr_Pediat_01,,5,M,3,Pediatría,Alta
EP00592,Triage,2026-03-24 01:00:18,Enf_Triage_02,,76,M,5,Medicina Interna,Alta
EP00527,Traslado a otro centro,2026-03-24 02:33:55,Admision_01,,33,F,4,Medicina Interna,Traslado
EP00072,Realización de examen,2026-03-24 03:57:10,Imagenologia,Imagenología,2,F,3,Pediatría,Alta
EP00592,Consulta médica,2026-03-24 04:09:47,Dr_Medici_01,,76,M,5,Medicina Interna,Alta
EP00592,Solicitud de examen,2026-03-24 04:18:59,Dr_Medici_01,Imagenología,76,M,5,Medicina Interna,Alta
EP00072,Evaluación de resultados,2026-03-24 05:43:34,Dr_Pediat_01,Imagenología,2,F,3,Pediatría,Alta
EP01297,Realización de examen,2026-03-24 06:25:31,Imagenologia,Imagenología,10,M,3,Pediatría,Alta
EP00072,Tratamiento,2026-03-24 06:36:33,Enf_Pediat_03,,2,F,3,Pediatría,Alta
EP00592,Realización de examen,2026-03-24 07:29:31,Imagenologia,Imagenología,76,M,5,Medicina Interna,Alta
EP00072,Alta,2026-03-24 07:38:37,Dr_Pediat_01,,2,F,3,Pediatría,Alta
EP00132,Registro del paciente,2026-03-24 07:43:35,Admision_01,,71,M,4,Emergencias,Alta
EP00099,Registro del paciente,2026-03-24 08:21:37,Admision_03,,19,F,3,Medicina Interna,Alta
EP00099,Triage,2026-03-24 08:36:17,Enf_Triage_03,,19,F,3,Medicina Interna,Alta
EP00132,Triage,2026-03-24 08:39:22,Enf_Triage_03,,71,M,4,Emergencias,Alta
EP00592,Evaluación de resultados,2026-03-24 08:46:01,Dr_Medici_01,Imagenología,76,M,5,Medicina Interna,Alta
EP01297,Evaluación de resultados,2026-03-24 08:48:33,Dr_Pediat_04,Imagenología,10,M,3,Pediatría,Alta
EP00592,Solicitud de examen,2026-03-24 08:57:17,Dr_Medici_01,Imagenología,76,M,5,Medicina Interna,Alta
EP01297,Tratamiento,2026-03-24 09:24:54,Enf_Pediat_02,,10,M,3,Pediatría,Alta
EP00387,Registro del paciente,2026-03-24 09:48:40,Admision_03,,69,F,3,Medicina Interna,Alta
EP01297,Alta,2026-03-24 10:05:39,Dr_Pediat_04,,10,M,3,Pediatría,Alta
EP00387,Triage,2026-03-24 10:10:24,Enf_Triage_03,,69,F,3,Medicina Interna,Alta
EP00099,Consulta médica,2026-03-24 10:23:42,Dr_Medici_01,,19,F,3,Medicina Interna,Alta
EP00387,Consulta médica,2026-03-24 10:45:25,Dr_Medici_04,,69,F,3,Medicina Interna,Alta
EP00387,Tratamiento,2026-03-24 11:16:35,Enf_Medici_03,,69,F,3,Medicina Interna,Alta
EP00592,Realización de examen,2026-03-24 11:55:31,Imagenologia,Imagenología,76,M,5,Medicina Interna,Alta
EP00132,Consulta médica,2026-03-24 12:28:42,Dr_Emerge_02,,71,M,4,Emergencias,Alta
EP00132,Solicitud de examen,2026-03-24 12:33:05,Dr_Emerge_02,Imagenología,71,M,4,Emergencias,Alta
EP00099,Consulta médica,2026-03-24 12:35:02,Dr_Medici_01,,19,F,3,Medicina Interna,Alta
EP00099,Tratamiento,2026-03-24 12:57:17,Enf_Medici_03,,19,F,3,Medicina Interna,Alta
EP00099,Alta,2026-03-24 14:04:02,Dr_Medici_01,,19,F,3,Medicina Interna,Alta
EP00592,Evaluación de resultados,2026-03-24 14:12:56,Dr_Medici_01,Imagenología,76,M,5,Medicina Interna,Alta
EP00132,Realización de examen,2026-03-24 14:12:59,Imagenologia,Imagenología,71,M,4,Emergencias,Alta
EP00387,Alta,2026-03-24 14:38:33,Dr_Medici_04,,69,F,3,Medicina Interna,Alta
EP00229,Registro del paciente,2026-03-24 14:40:01,Admision_03,,59,F,4,Emergencias,Alta
EP00132,Evaluación de resultados,2026-03-24 15:07:04,Dr_Emerge_02,Imagenología,71,M,4,Emergencias,Alta
EP00229,Triage,2026-03-24 15:36:10,Enf_Triage_03,,59,F,4,Emergencias,Alta
EP00132,Tratamiento,2026-03-24 16:03:03,Enf_Emerge_03,,71,M,4,Emergencias,Alta
EP00132,Tratamiento,2026-03-24 16:03:03,Enf_Emerge_03,,71,M,4,Emergencias,Alta
EP00147,Registro del paciente,2026-03-24 16:50:43,Admision_01,,45,F,4,Emergencias,Alta
EP00592,Consulta médica,2026-03-24 17:16:25,Dr_Medici_01,,76,M,5,Medicina Interna,Alta
EP00147,Triage,2026-03-24 17:31:08,Enf_Triage_03,,45,F,4,Emergencias,Alta
EP00592,Tratamiento,2026-03-24 18:00:55,Enf_Medici_04,,76,M,5,Medicina Interna,Alta
EP00132,Alta,2026-03-24 18:08:17,Dr_Emerge_02,,71,M,4,Emergencias,Alta
EP00592,Alta,2026-03-24 18:35:09,Dr_Medici_01,,76,M,5,Medicina Interna,Alta
EP00229,Consulta médica,2026-03-24 18:38:32,Dr_Emerge_04,,59,F,4,Emergencias,Alta
EP00229,Solicitud de examen,2026-03-24 18:45:09,Dr_Emerge_04,Laboratorio,59,F,4,Emergencias,Alta
EP00229,Realización de examen,2026-03-24 19:31:14,Laboratorio_Clinico,Laboratorio,59,F,4,Emergencias,Alta
EP00229,Evaluación de resultados,2026-03-24 20:33:02,Dr_Emerge_04,Laboratorio,59,F,4,Emergencias,Alta
EP00353,Registro del paciente,2026-03-24 20:59:40,Admision_01,,75,M,5,Emergencias,Alta
EP00147,Consulta médica,2026-03-24 21:24:58,Dr_Emerge_04,,45,F,4,Emergencias,Alta
EP00353,Triage,2026-03-24 21:26:06,Enf_Triage_01,,75,M,5,Emergencias,Alta
EP00147,Solicitud de examen,2026-03-24 21:30:30,Dr_Emerge_04,Laboratorio,45,F,4,Emergencias,Alta
EP00229,Tratamiento,2026-03-24 21:37:32,Enf_Emerge_03,,59,F,4,Emergencias,Alta
EP00229,Alta,2026-03-24 22:43:52,Dr_Emerge_04,,59,F,4,Emergencias,Alta
EP00147,Realización de examen,2026-03-24 23:20:07,Laboratorio_Clinico,Laboratorio,45,F,4,Emergencias,Alta
EP00147,Evaluación de resultados,2026-03-25 00:42:42,Dr_Emerge_04,Laboratorio,45,F,4,Emergencias,Alta
EP00353,Consulta médica,2026-03-25 03:24:14,Dr_Emerge_03,,75,M,5,Emergencias,Alta
EP00353,Solicitud de examen,2026-03-25 03:42:35,Dr_Emerge_03,Laboratorio,75,M,5,Emergencias,Alta
EP00353,Realización de examen,2026-03-25 04:15:44,Laboratorio_Clinico,Laboratorio,75,M,5,Emergencias,Alta
EP00353,Evaluación de resultados,2026-03-25 06:17:59,Dr_Emerge_03,Laboratorio,75,M,5,Emergencias,Alta
EP00353,Consulta médica,2026-03-25 07:44:38,Dr_Emerge_03,,75,M,5,Emergencias,Alta
EP00353,Consulta médica,2026-03-25 07:44:38,Dr_Emerge_03,,75,M,5,Emergencias,Alta
EP00353,Tratamiento,2026-03-25 08:19:45,Enf_Emerge_03,,75,M,5,Emergencias,Alta
EP00147,Interconsulta especialista,2026-03-25 08:36:34,Especialista_01,,45,F,4,Emergencias,Alta
EP00147,Tratamiento,2026-03-25 09:14:34,Enf_Emerge_04,,45,F,4,Emergencias,Alta
EP00353,Alta,2026-03-25 09:33:50,Dr_Emerge_03,,75,M,5,Emergencias,Alta
EP01390,Realización de examen,2026-03-25 09:43:48,Imagenologia,Imagenología,15,M,4,Medicina Interna,Alta
EP00147,Alta,2026-03-25 09:58:58,Dr_Emerge_04,,45,F,4,Emergencias,Alta
EP01390,Evaluacion de resultados,2026-03-25 11:21:14,Dr_Medici_01,Imagenología,15,M,4,Medicina Interna,Alta
EP01249,Registro del paciente,2026-03-25 11:26:02,Admision_02,,57,F,3,Medicina Interna,Alta
EP01249,Triage,2026-03-25 12:00:41,Enf_Triage_01,,57,F,3,Medicina Interna,Alta
EP01390,Tratamiento,2026-03-25 12:07:20,Enf_Medici_02,,15,M,4,Medicina Interna,Alta
EP01286,Registro del paciente,2026-03-25 12:07:58,Admision_03,,15,M,4,Emergencias,Alta
EP01286,Triage,2026-03-25 13:07:53,Enf_Triage_02,,15,M,4,Emergencias,Alta
EP01390,Alta,2026-03-25 13:09:42,Dr_Medici_01,,15,M,4,Medicina Interna,Alta
EP00265,Registro del paciente,2026-03-25 13:48:57,Admision_03,,52,M,3,Medicina Interna,Alta
EP01249,Consulta médica,2026-03-25 14:21:38,Dr_Medici_01,,57,F,3,Medicina Interna,Alta
EP01249,Solicitud de examen,2026-03-25 14:35:10,Dr_Medici_01,Imagenología,57,F,3,Medicina Interna,Alta
EP01202,Registro del paciente,2026-03-25 14:38:05,Admision_01,,77,F,5,Medicina Interna,Alta
EP00265,Triage,2026-03-25 14:46:38,Enf_Triage_01,,52,M,3,Medicina Interna,Alta
EP01202,Triage,2026-03-25 15:33:54,Enf_Triage_03,,77,F,5,Medicina Interna,Alta
EP00265,Consulta médica,2026-03-25 16:49:01,Dr_Medici_03,,52,M,3,Medicina Interna,Alta
EP01249,Realización de examen,2026-03-25 17:26:47,Imagenologia,Imagenología,57,F,3,Medicina Interna,Alta
EP01249,Evaluación de resultados,2026-03-25 19:40:58,Dr_Medici_01,Imagenología,57,F,3,Medicina Interna,Alta
EP01249,Solicitud de examen,2026-03-25 19:52:10,Dr_Medici_01,Imagenología,57,F,3,Medicina Interna,Alta
EP01202,Consulta médica,2026-03-25 19:54:40,Dr_Medici_02,,77,F,5,Medicina Interna,Alta
EP01202,Solicitud de examen,2026-03-25 20:04:34,Dr_Medici_02,Imagenología,77,F,5,Medicina Interna,Alta
EP00265,Consulta médica,2026-03-25 21:36:41,Dr_Medici_03,,52,M,3,Medicina Interna,Alta
EP00265,Tratamiento,2026-03-25 22:05:00,Enf_Medici_03,,52,M,3,Medicina Interna,Alta
EP01249,Realización de examen,2026-03-25 22:50:39,Imagenologia,Imagenología,57,F,3,Medicina Interna,Alta
EP00265,Alta,2026-03-25 23:06:27,Dr_Medici_03,,52,M,3,Medicina Interna,Alta
EP01286,Consulta médica,2026-03-26 00:39:27,Dr_Emerge_02,,15,M,4,Emergencias,Alta
EP01286,Solicitud de examen,2026-03-26 00:48:42,Dr_Emerge_02,Imagenología,15,M,4,Emergencias,Alta
EP00424,Registro del paciente,2026-03-26 01:39:05,Admision_03,,15,M,2,Emergencias,Hospitalización
EP01249,Evaluación de resultados,2026-03-26 02:22:42,Dr_Medici_01,Imagenología,57,F,3,Medicina Interna,Alta
EP01202,Realización de examen,2026-03-26 02:26:24,Imagenologia,Imagenología,77,F,5,Medicina Interna,Alta
EP00424,Triage,2026-03-26 02:28:15,Enf_Triage_01,,15,M,2,Emergencias,Hospitalización
EP01249,Solicitud de examen,2026-03-26 02:34:58,Dr_Medici_01,Laboratorio,57,F,3,Medicina Interna,Alta
EP00424,Consulta médica,2026-03-26 02:50:54,Dr_Emerge_04,,15,M,2,Emergencias,Hospitalización
EP00424,Solicitud de examen,2026-03-26 03:02:13,Dr_Emerge_04,Imagenología,15,M,2,Emergencias,Hospitalización
EP01249,Realización de examen,2026-03-26 03:17:08,Laboratorio_Clinico,Laboratorio,57,F,3,Medicina Interna,Alta
EP01202,Evaluación de resultados,2026-03-26 04:17:35,Dr_Medici_02,Imagenología,77,F,5,Medicina Interna,Alta
EP01089,Registro del paciente,2026-03-26 04:18:34,Admision_01,,36,F,3,Medicina Interna,Alta
EP01202,Tratamiento,2026-03-26 04:34:48,Enf_Medici_03,,77,F,5,Medicina Interna,Alta
EP01249,Evaluación de resultados,2026-03-26 04:35:17,Dr_Medici_01,Laboratorio,57,F,3,Medicina Interna,Alta
EP01089,Triage,2026-03-26 05:21:03,Enf_Triage_03,,36,F,3,Medicina Interna,Alta
EP01249,Tratamiento,2026-03-26 05:26:49,Enf_Medici_03,,57,F,3,Medicina Interna,Alta
EP01202,Alta,2026-03-26 05:49:15,Dr_Medici_02,,77,F,5,Medicina Interna,Alta
EP01249,Alta,2026-03-26 06:31:22,Dr_Medici_01,,57,F,3,Medicina Interna,Alta
EP01286,Realización de examen,2026-03-26 06:58:30,Imagenologia,Imagenología,15,M,4,Emergencias,Alta
EP01286,Evaluación de resultados,2026-03-26 07:51:16,Dr_Emerge_02,Imagenología,15,M,4,Emergencias,Alta
EP01089,Consulta médica,2026-03-26 08:00:39,Dr_Medici_04,,36,F,3,Medicina Interna,Alta
EP01089,Solicitud de examen,2026-03-26 08:07:56,Dr_Medici_04,Laboratorio,36,F,3,Medicina Interna,Alta
EP01286,Tratamiento,2026-03-26 08:39:37,Enf_Emerge_02,,15,M,4,Emergencias,Alta
EP01089,Realización de examen,2026-03-26 09:09:12,Laboratorio_Clinico,Laboratorio,36,F,3,Medicina Interna,Alta
EP01089,Evaluación de resultados,2026-03-26 10:01:09,Dr_Medici_04,Laboratorio,36,F,3,Medicina Interna,Alta
EP01286,Alta,2026-03-26 10:15:12,Dr_Emerge_02,,15,M,4,Emergencias,Alta
EP01089,Tratamiento,2026-03-26 10:22:15,Enf_Medici_04,,36,F,3,Medicina Interna,Alta
EP01089,Alta,2026-03-26 11:11:16,Dr_Medici_04,,36,F,3,Medicina Interna,Alta
EP00040,Registro del paciente,2026-03-26 12:44:53,Admision_01,,15,F,4,Medicina Interna,Alta
EP00040,Triage,2026-03-26 13:15:38,Enf_Triage_03,,15,F,4,Medicina Interna,Alta
EP00424,Realización de examen,2026-03-26 15:34:37,Imagenologia,Imagenología,15,M,2,Emergencias,Hospitalización
EP00040,Consulta médica,2026-03-26 16:23:53,Dr_Medici_02,,15,F,4,Medicina Interna,Alta
EP00040,Solicitud de examen,2026-03-26 16:32:12,Dr_Medici_02,Imagenología,15,F,4,Medicina Interna,Alta
EP00424,Evaluación de resultados,2026-03-26 17:06:54,Dr_Emerge_04,Imagenología,15,M,2,Emergencias,Hospitalización
EP00424,Tratamiento,2026-03-26 17:37:59,Enf_Emerge_03,,15,M,2,Emergencias,Hospitalización
EP00300,Registro del paciente,2026-03-26 19:06:19,Admision_02,,15,M,4,Medicina Interna,Alta
EP00300,Triage,2026-03-26 19:24:00,Enf_Triage_02,,15,M,4,Medicina Interna,Alta
EP00040,Realización de examen,2026-03-26 19:51:41,Imagenologia,Imagenología,15,F,4,Medicina Interna,Alta
EP00040,Evaluación de resultados,2026-03-26 20:57:51,Dr_Medici_02,Imagenología,15,F,4,Medicina Interna,Alta
EP00040,Solicitud de examen,2026-03-26 21:08:46,Dr_Medici_02,Laboratorio,15,F,4,Medicina Interna,Alta
EP00040,Realización de examen,2026-03-26 21:56:32,Laboratorio_Clinico,Laboratorio,15,F,4,Medicina Interna,Alta
EP00040,Evaluación de resultados,2026-03-26 22:35:24,Dr_Medici_02,Laboratorio,15,F,4,Medicina Interna,Alta
EP00657,Registro del paciente,2026-03-26 22:52:52,Admision_01,,62,M,4,Emergencias,Alta
EP00040,Tratamiento,2026-03-26 23:26:07,Enf_Medici_02,,15,F,4,Medicina Interna,Alta
EP00657,Triage,2026-03-26 23:32:56,Enf_Triage_03,,62,M,4,Emergencias,Alta
EP00424,Ingreso a hospitalización,2026-03-27 00:22:19,Gestion_Camas,,15,M,2,Emergencias,Hospitalización
EP00040,Alta,2026-03-27 00:25:34,Dr_Medici_02,,15,F,4,Medicina Interna,Alta
EP00300,Consulta médica,2026-03-27 02:19:55,Dr_Medici_03,,15,M,4,Medicina Interna,Alta
EP00818,Registro del paciente,2026-03-27 02:21:35,Admision_03,,55,F,4,Traumatología,Alta
EP00818,Triage,2026-03-27 03:20:44,Enf_Triage_03,,55,F,4,Traumatología,Alta
EP00300,Consulta médica,2026-03-27 03:43:42,Dr_Medici_03,,15,M,4,Medicina Interna,Alta
EP00300,Tratamiento,2026-03-27 04:45:32,Enf_Medici_03,,15,M,4,Medicina Interna,Alta
EP00155,Registro del paciente,2026-03-27 05:28:37,Admision_01,,31,F,3,Emergencias,Alta
EP00300,Alta,2026-03-27 06:00:24,Dr_Medici_03,,15,M,4,Medicina Interna,Alta
EP00155,Triage,2026-03-27 06:10:30,Enf_Triage_01,,31,F,3,Emergencias,Alta
EP00818,Consulta médica,2026-03-27 07:00:55,Dr_Trauma_02,,55,F,4,Traumatología,Alta
EP00818,Solicitud de examen,2026-03-27 07:15:25,Dr_Trauma_02,Imagenología,55,F,4,Traumatología,Alta
EP00657,Consulta médica,2026-03-27 07:24:06,Dr_Emerge_04,,62,M,4,Emergencias,Alta
EP00657,Solicitud de examen,2026-03-27 07:34:38,Dr_Emerge_04,Imagenología,62,M,4,Emergencias,Alta
EP00818,Realización de examen,2026-03-27 08:36:50,Imagenologia,Imagenología,55,F,4,Traumatología,Alta
EP00588,Registro del paciente,2026-03-27 08:43:55,Admision_02,,33,M,2,Traumatología,Alta
EP00588,Triage,2026-03-27 09:07:29,Enf_Triage_02,,33,M,2,Traumatología,Alta
EP00155,Consulta médica,2026-03-27 09:28:42,Dr_Emerge_01,,31,F,3,Emergencias,Alta
EP00155,Solicitud de examen,2026-03-27 09:40:14,Dr_Emerge_01,Laboratorio,31,F,3,Emergencias,Alta
EP00588,Consulta médica,2026-03-27 09:42:18,Dr_Trauma_01,,33,M,2,Traumatología,Alta
EP01372,Registro del paciente,2026-03-27 09:54:53,Admision_02,,59,F,3,Traumatología,Alta
EP00588,Solicitud de examen,2026-03-27 09:59:51,Dr_Trauma_01,Imagenología,33,M,2,Traumatología,Alta
EP00818,Evaluación de resultados,2026-03-27 10:19:28,Dr_Trauma_02,Imagenología,55,F,4,Traumatología,Alta
EP01372,Triage,2026-03-27 10:21:49,Enf_Triage_03,,59,F,3,Traumatología,Alta
EP00155,Realización de examen,2026-03-27 10:41:55,Laboratorio_Clinico,Laboratorio,31,F,3,Emergencias,Alta
EP00818,Tratamiento,2026-03-27 11:16:04,Enf_Trauma_01,,55,F,4,Traumatología,Alta
EP00657,Realización de examen,2026-03-27 11:34:49,Imagenologia,Imagenología,62,M,4,Emergencias,Alta
EP00155,Evaluación de resultados,2026-03-27 11:40:53,Dr_Emerge_01,Laboratorio,31,F,3,Emergencias,Alta
EP01372,Consulta médica,2026-03-27 11:55:42,Dr_Trauma_03,,59,F,3,Traumatología,Alta
EP00155,Solicitud de examen,2026-03-27 11:56:08,Dr_Emerge_01,Laboratorio,31,F,3,Emergencias,Alta
EP00588,Realización de examen,2026-03-27 11:59:10,Imagenologia,Imagenología,33,M,2,Traumatología,Alta
EP01372,Solicitud de examen,2026-03-27 12:01:19,Dr_Trauma_03,Imagenología,59,F,3,Traumatología,Alta
EP00588,Evaluación de resultados,2026-03-27 12:31:05,Dr_Trauma_01,Imagenología,33,M,2,Traumatología,Alta
EP00588,Solicitud de examen,2026-03-27 12:52:35,Dr_Trauma_01,Imagenología,33,M,2,Traumatología,Alta
EP00818,Alta,2026-03-27 13:14:35,Dr_Trauma_02,,55,F,4,Traumatología,Alta
EP00657,Evaluación de resultados,2026-03-27 13:25:14,Dr_Emerge_04,Imagenología,62,M,4,Emergencias,Alta
EP00657,Solicitud de examen,2026-03-27 13:36:07,Dr_Emerge_04,Imagenología,62,M,4,Emergencias,Alta
EP00426,Registro del paciente,2026-03-27 13:53:31,Admision_01,,46,M,3,Traumatología,Alta
EP00155,Realización de examen,2026-03-27 13:54:48,Laboratorio_Clinico,Laboratorio,31,F,3,Emergencias,Alta
EP00316,Registro del paciente,2026-03-27 14:07:52,Admision_02,,53,F,3,Emergencias,Alta
EP00426,Triage,2026-03-27 14:30:51,Enf_Triage_02,,46,M,3,Traumatología,Alta
EP00155,Evaluación de resultados,2026-03-27 14:57:48,Dr_Emerge_01,Laboratorio,31,F,3,Emergencias,Alta
EP00155,Tratamiento,2026-03-27 15:32:08,Enf_Emerge_03,,31,F,3,Emergencias,Alta
EP00316,Triage,2026-03-27 15:36:18,Enf_Triage_03,,53,F,3,Emergencias,Alta
EP00426,Consulta médica,2026-03-27 15:38:36,Dr_Trauma_03,,46,M,3,Traumatología,Alta
EP01372,Realización de examen,2026-03-27 15:38:48,Imagenologia,Imagenología,59,F,3,Traumatología,Alta
EP00426,Tratamiento,2026-03-27 16:15:19,Enf_Trauma_03,,46,M,3,Traumatología,Alta
EP00155,Alta,2026-03-27 16:55:43,Dr_Emerge_01,,31,F,3,Emergencias,Alta
EP00316,Consulta médica,2026-03-27 18:05:32,Dr_Emerge_03,,53,F,3,Emergencias,Alta
EP00426,Alta,2026-03-27 18:09:15,Dr_Trauma_03,,46,M,3,Traumatología,Alta
EP01372,Evaluación de resultados,2026-03-27 18:15:44,Dr_Trauma_03,Imagenología,59,F,3,Traumatología,Alta
EP01372,Solicitud de examen,2026-03-27 18:25:19,Dr_Trauma_03,Imagenología,59,F,3,Traumatología,Alta
EP00316,Solicitud de examen,2026-03-27 18:31:51,Dr_Emerge_03,Imagenología,53,F,3,Emergencias,Alta
EP00657,realización de examen,2026-03-27 20:45:56,Imagenologia,Imagenología,62,M,4,Emergencias,Alta
EP01372,Realización de examen,2026-03-27 21:43:58,Imagenologia,Imagenología,59,F,3,Traumatología,Alta
EP00657,Evaluación de resultados,2026-03-27 21:50:25,Dr_Emerge_04,Imagenología,62,M,4,Emergencias,Alta
EP00657,Tratamiento,2026-03-27 22:38:19,Enf_Emerge_02,,62,M,4,Emergencias,Alta
EP01372,Evaluación de resultados,2026-03-27 22:52:36,Dr_Trauma_03,Imagenología,59,F,3,Traumatología,Alta
EP00657,Alta,2026-03-27 23:32:49,Dr_Emerge_04,,62,M,4,Emergencias,Alta
EP00588,Realización de examen,2026-03-28 00:02:40,Imagenologia,Imagenología,33,M,2,Traumatología,Alta
EP00588,Evaluación de resultados,2026-03-28 00:59:56,Dr_Trauma_01,Imagenología,33,M,2,Traumatología,Alta
EP00316,Realización de examen,2026-03-28 01:20:07,Imagenologia,Imagenología,53,F,3,Emergencias,Alta
EP00588,Tratamiento,2026-03-28 01:58:18,Enf_Trauma_03,,33,M,2,Traumatología,Alta
EP00316,Evaluación de resultados,2026-03-28 03:40:53,Dr_Emerge_03,Imagenología,53,F,3,Emergencias,Alta
EP00588,Alta,2026-03-28 03:54:08,Dr_Trauma_01,,33,M,2,Traumatología,Alta
EP00316,Solicitud de examen,2026-03-28 04:02:00,Dr_Emerge_03,Imagenología,53,F,3,Emergencias,Alta
EP01372,Consulta médica,2026-03-28 04:23:42,Dr_Trauma_03,,59,F,3,Traumatología,Alta
EP01372,Tratamiento,2026-03-28 05:10:51,Enf_Trauma_01,,59,F,3,Traumatología,Alta
EP01372,Alta,2026-03-28 07:37:52,Dr_Trauma_03,,59,F,3,Traumatología,Alta
EP01442,Registro del paciente,2026-03-28 08:40:36,Admision_01,,40,F,2,Medicina Interna,Hospitalización
EP00549,Registro del paciente,2026-03-28 08:58:27,Admision_03,,80,F,1,Traumatología,Hospitalización
EP00549,Triage,2026-03-28 09:01:28,Enf_Triage_03,,80,F,1,Traumatología,Hospitalización
EP00549,Consulta médica,2026-03-28 09:08:35,Dr_Trauma_02,,80,F,1,Traumatología,Hospitalización
EP01442,Triage,2026-03-28 09:17:47,Enf_Triage_01,,40,F,2,Medicina Interna,Hospitalización
EP00549,Tratamiento,2026-03-28 09:29:59,Enf_Trauma_03,,80,F,1,Traumatología,Hospitalización
EP00316,Realización de examen,2026-03-28 09:45:10,Imagenologia,Imagenología,53,F,3,Emergencias,Alta
EP01456,Registro del paciente,2026-03-28 09:59:43,Admision_02,,54,F,4,Traumatología,Alta
EP01442,Consulta médica,2026-03-28 10:16:35,Dr_Medici_01,,40,F,2,Medicina Interna,Hospitalización
EP01456,Triage,2026-03-28 10:42:50,Enf_Triage_03,,54,F,4,Traumatología,Alta
EP01442,Tratamiento,2026-03-28 10:45:09,Enf_Medici_04,,40,F,2,Medicina Interna,Hospitalización
EP01060,Registro del paciente,2026-03-28 12:03:29,Admision_03,,14,M,4,Pediatría,Hospitalización
EP01060,Triage,2026-03-28 12:38:08,Enf_Triage_01,,14,M,4,Pediatría,Hospitalización
EP00316,Evaluación de resultados,2026-03-28 13:19:29,Dr_Emerge_03,Imagenología,53,F,3,Emergencias,Alta
EP00549,Ingreso a hospitalización,2026-03-28 13:52:05,Gestion_Camas,,80,F,1,Traumatología,Hospitalización
EP01456,Consulta médica,2026-03-28 15:07:08,Dr_Trauma_01,,54,F,4,Traumatología,Alta
EP01060,Consulta médica,2026-03-28 16:08:53,Dr_Pediat_03,,14,M,4,Pediatría,Hospitalización
EP01108,Registro del paciente,2026-03-28 16:09:25,Admision_01,,3,F,3,Pediatría,Alta
EP01456,Tratamiento,2026-03-28 16:16:16,Enf_Trauma_04,,54,F,4,Traumatología,Alta
EP00600,Registro del paciente,2026-03-28 16:29:17,Admision_03,,78,M,1,Emergencias,Alta
EP00600,Triage,2026-03-28 16:32:18,Enf_Triage_02,,78,M,1,Emergencias,Alta
EP00600,Consulta médica,2026-03-28 16:40:02,Dr_Emerge_02,,78,M,1,Emergencias,Alta
EP01060,Tratamiento,2026-03-28 16:58:11,Enf_Pediat_01,,14,M,4,Pediatría,Hospitalización
EP01108,Triage,2026-03-28 17:24:47,Enf_Triage_03,,3,F,3,Pediatría,Alta
EP01456,Alta,2026-03-28 17:29:06,Dr_Trauma_01,,54,F,4,Traumatología,Alta
EP00316,Interconsulta especialista,2026-03-28 18:33:07,Especialista_05,,53,F,3,Emergencias,Alta
EP01318,Registro del paciente,2026-03-28 18:44:03,Admision_01,,63,M,5,Medicina Interna,Alta
EP00316,Tratamiento,2026-03-28 18:53:52,Enf_Emerge_03,,53,F,3,Emergencias,Alta
EP01108,Consulta médica,2026-03-28 19:09:26,Dr_Pediat_03,,3,F,3,Pediatría,Alta
EP01318,Triage,2026-03-28 19:22:47,Enf_Triage_03,,63,M,5,Medicina Interna,Alta
EP01108,Tratamiento,2026-03-28 19:45:44,Enf_Pediat_03,,3,F,3,Pediatría,Alta
EP01108,Alta,2026-03-28 19:57:52,Dr_Pediat_03,,3,F,3,Pediatría,Alta
EP00316,Alta,2026-03-28 20:10:32,Dr_Emerge_03,,53,F,3,Emergencias,Alta
EP01442,Ingreso a hospitalización,2026-03-28 20:47:18,Gestion_Camas,,40,F,2,Medicina Interna,Hospitalización
EP01318,Consulta médica,2026-03-28 22:12:46,Dr_Medici_03,,63,M,5,Medicina Interna,Alta
EP01318,Solicitud de examen,2026-03-28 22:32:38,Dr_Medici_03,Laboratorio,63,M,5,Medicina Interna,Alta
EP00600,Interconsulta especialista,2026-03-28 22:38:25,Especialista_01,,78,M,1,Emergencias,Alta
EP00600,Tratamiento,2026-03-28 22:52:10,Enf_Emerge_03,,78,M,1,Emergencias,Alta
EP01060,Ingreso a hospitalización,2026-03-28 23:19:59,Gestion_Camas,,14,M,4,Pediatría,Hospitalización
EP01318,Realización de examen,2026-03-28 23:21:15,Laboratorio_Clinico,Laboratorio,63,M,5,Medicina Interna,Alta
EP00600,Alta,2026-03-28 23:41:29,Dr_Emerge_02,,78,M,1,Emergencias,Alta
EP01197,Registro del paciente,2026-03-28 23:59:25,Admision_02,,9,F,5,Pediatría,Alta
EP01197,Registro del paciente,2026-03-28 23:59:25,Admision_02,,9,F,5,Pediatría,Alta
EP01318,Evaluación de resultados,2026-03-29 00:00:35,Dr_Medici_03,Laboratorio,63,M,5,Medicina Interna,Alta
EP01197,Triage,2026-03-29 00:35:22,Enf_Triage_02,,9,F,5,Pediatría,Alta
EP00597,Registro del paciente,2026-03-29 00:40:09,Admision_03,,4,F,4,Pediatría,Alta
EP00597,Triage,2026-03-29 01:15:16,Enf_Triage_03,,4,F,4,Pediatría,Alta
EP01318,Interconsulta especialista,2026-03-29 03:34:32,Especialista_02,,63,M,5,Medicina Interna,Alta
EP01318,Tratamiento,2026-03-29 04:29:12,Enf_Medici_01,,63,M,5,Medicina Interna,Alta
EP01318,Alta,2026-03-29 05:04:29,Dr_Medici_03,,63,M,5,Medicina Interna,Alta
EP01197,Consulta médica,2026-03-29 05:13:57,Dr_Pediat_03,,9,F,5,Pediatría,Alta
EP01197,Solicitud de examen,2026-03-29 05:35:10,Dr_Pediat_03,Imagenología,9,F,5,Pediatría,Alta
EP00597,Consulta médica,2026-03-29 08:05:53,Dr_Pediat_04,,4,F,4,Pediatría,Alta
EP00833,Registro del paciente,2026-03-29 08:27:53,Admision_02,,36,F,3,Emergencias,Hospitalización
EP00597,Tratamiento,2026-03-29 08:42:53,Enf_Pediat_02,,4,F,4,Pediatría,Alta
EP00833,Triage,2026-03-29 08:43:58,Enf_Triage_03,,36,F,3,Emergencias,Hospitalización
EP01035,Registro del paciente,2026-03-29 09:35:43,Admision_02,,15,F,5,Emergencias,Alta
EP00597,Alta,2026-03-29 09:39:00,Dr_Pediat_04,,4,F,4,Pediatría,Alta
EP00833,Consulta médica,2026-03-29 09:46:23,Dr_Emerge_04,,36,F,3,Emergencias,Hospitalización
EP00833,Tratamiento,2026-03-29 10:04:41,Enf_Emerge_01,,36,F,3,Emergencias,Hospitalización
EP01035,Triage,2026-03-29 10:46:56,Enf_Triage_01,,15,F,5,Emergencias,Alta
EP01197,Realización de examen,2026-03-29 12:03:13,Imagenologia,Imagenología,9,F,5,Pediatría,Alta
EP00678,Registro del paciente,2026-03-29 14:16:49,Admision_01,,44,F,5,Emergencias,Alta
EP00944,Registro del paciente,2026-03-29 14:25:20,Admision_03,,43,F,4,Traumatología,Alta
EP01197,Evaluación de resultados,2026-03-29 14:26:35,Dr_Pediat_03,Imagenología,9,F,5,Pediatría,Alta
EP01197,Solicitud de examen,2026-03-29 14:43:01,Dr_Pediat_03,Laboratorio,9,F,5,Pediatría,Alta
EP00678,Triage,2026-03-29 15:14:05,Enf_Triage_02,,44,F,5,Emergencias,Alta
EP01197,Realización de examen,2026-03-29 15:32:39,Laboratorio_Clinico,Laboratorio,9,F,5,Pediatría,Alta
EP00944,Triage,2026-03-29 15:34:12,Enf_Triage_03,,43,F,4,Traumatología,Alta
EP01197,Evaluación de resultados,2026-03-29 15:55:53,Dr_Pediat_03,Laboratorio,9,F,5,Pediatría,Alta
EP01197,Tratamiento,2026-03-29 16:42:22,Enf_Pediat_04,,9,F,5,Pediatría,Alta
EP00678,Consulta médica,2026-03-29 16:54:59,Dr_Emerge_03,,44,F,5,Emergencias,Alta
EP00944,Consulta médica,2026-03-29 17:02:57,Dr_Trauma_04,,43,F,4,Traumatología,Alta
EP01197,Alta,2026-03-29 17:15:07,Dr_Pediat_03,,9,F,5,Pediatría,Alta
EP01035,Consulta médica,2026-03-29 17:22:52,Dr_Emerge_01,,15,F,5,Emergencias,Alta
EP00944,Tratamiento,2026-03-29 17:25:28,Enf_Trauma_04,,43,F,4,Traumatología,Alta
EP00678,Tratamiento,2026-03-29 17:40:25,Enf_Emerge_03,,44,F,5,Emergencias,Alta
EP01035,Tratamiento,2026-03-29 17:58:12,Enf_Emerge_04,,15,F,5,Emergencias,Alta
EP00678,Alta,2026-03-29 18:35:01,Dr_Emerge_03,,44,F,5,Emergencias,Alta
EP01035,Alta,2026-03-29 18:44:46,Dr_Emerge_01,,15,F,5,Emergencias,Alta
EP00944,Alta,2026-03-29 19:08:12,Dr_Trauma_04,,43,F,4,Traumatología,Alta
EP00071,Registro del paciente,2026-03-30 00:28:44,Admision_03,,49,M,4,Medicina Interna,Alta
EP00071,Triage,2026-03-30 01:17:29,Enf_Triage_01,,49,M,4,Medicina Interna,Alta
EP00833,Ingreso a hospitalización,2026-03-30 01:27:36,Gestion_Camas,,36,F,3,Emergencias,Hospitalización
EP00071,Consulta médica,2026-03-30 05:12:29,Dr_Medici_04,,49,M,4,Medicina Interna,Alta
EP00071,Solicitud de examen,2026-03-30 05:29:43,Dr_Medici_04,Laboratorio,49,M,4,Medicina Interna,Alta
EP00071,Realización de examen,2026-03-30 06:17:39,Laboratorio_Clinico,Laboratorio,49,M,4,Medicina Interna,Alta
EP00071,Evaluación de resultados,2026-03-30 07:13:23,Dr_Medici_04,Laboratorio,49,M,4,Medicina Interna,Alta
EP00071,Solicitud de examen,2026-03-30 07:20:03,Dr_Medici_04,Laboratorio,49,M,4,Medicina Interna,Alta
EP01305,Registro del paciente,2026-03-30 08:25:50,Admision_01,,61,M,4,Emergencias,Alta
EP00071,Realización de examen,2026-03-30 08:54:06,Laboratorio_Clinico,Laboratorio,49,M,4,Medicina Interna,Alta
EP01305,Triage,2026-03-30 09:05:15,Enf_Triage_01,,61,M,4,Emergencias,Alta
EP00071,Evaluación de resultados,2026-03-30 10:12:54,Dr_Medici_04,Laboratorio,49,M,4,Medicina Interna,Alta
EP01305,Consulta médica,2026-03-30 10:17:07,Dr_Emerge_01,,61,M,4,Emergencias,Alta
EP01305,Consulta médica,2026-03-30 13:13:34,Dr_Emerge_01,,61,M,4,Emergencias,Alta
EP00285,Registro del paciente,2026-03-30 13:41:30,Admision_03,,24,F,5,Medicina Interna,Alta
EP01305,Tratamiento,2026-03-30 13:47:02,Enf_Emerge_01,,61,M,4,Emergencias,Alta
EP01305,Alta,2026-03-30 14:03:27,Dr_Emerge_01,,61,M,4,Emergencias,Alta
EP00285,Triage,2026-03-30 14:12:02,Enf_Triage_01,,24,F,5,Medicina Interna,Alta
EP00285,Consulta médica,2026-03-30 16:41:47,Dr_Medici_02,,24,F,5,Medicina Interna,Alta
EP00607,Registro del paciente,2026-03-30 17:13:41,Admision_01,,57,F,4,Traumatología,Alta
EP01267,Registro del paciente,2026-03-30 17:41:22,Admision_03,,62,F,2,Traumatología,Hospitalización
EP00285,Tratamiento,2026-03-30 17:43:05,Enf_Medici_02,,24,F,5,Medicina Interna,Alta
EP00607,Triage ,2026-03-30 17:55:15,Enf_Triage_03,,57,F,4,Traumatología,Alta
EP01267,Triage,2026-03-30 18:05:59,Enf_Triage_01,,62,F,2,Traumatología,Hospitalización
EP00071,Consulta médica,2026-03-30 18:08:48,Dr_Medici_04,,49,M,4,Medicina Interna,Alta
EP00285,Alta,2026-03-30 18:35:27,Dr_Medici_02,,24,F,5,Medicina Interna,Alta
EP01267,Consulta médica,2026-03-30 18:51:56,Dr_Trauma_03,,62,F,2,Traumatología,Hospitalización
EP00071,Tratamiento,2026-03-30 19:09:41,Enf_Medici_01,,49,M,4,Medicina Interna,Alta
EP00071,Alta,2026-03-30 19:53:43,Dr_Medici_04,,49,M,4,Medicina Interna,Alta
EP00607,Consulta médica,2026-03-30 20:11:19,Dr_Trauma_04,,57,F,4,Traumatología,Alta
EP01267,Tratamiento,2026-03-30 20:30:17,Enf_Trauma_03,,62,F,2,Traumatología,Hospitalización
EP00607,Tratamiento,2026-03-30 20:38:33,Enf_Trauma_04,,57,F,4,Traumatología,Alta
EP00607,Alta,2026-03-30 21:05:45,Dr_Trauma_04,,57,F,4,Traumatología,Alta
EP00146,Registro del paciente,2026-03-30 22:11:24,Admision_01,,52,M,3,Traumatología,Alta
EP00036,Registro del paciente,2026-03-30 22:11:29,Admision_02,,69,M,3,Emergencias,Alta
EP00036,Triage,2026-03-30 22:49:29,Enf_Triage_02,,69,M,3,Emergencias,Alta
EP00146,Triage,2026-03-30 22:49:34,Enf_Triage_01,,52,M,3,Traumatología,Alta
EP01267,Ingreso a hospitalización,2026-03-30 23:29:10,Gestion_Camas,,62,F,2,Traumatología,Hospitalización
EP00146,Consulta médica,2026-03-30 23:51:46,Dr_Trauma_03,,52,M,3,Traumatología,Alta
EP00146,Tratamiento,2026-03-31 00:36:48,Enf_Trauma_04,,52,M,3,Traumatología,Alta
EP00146,Alta,2026-03-31 02:28:53,Dr_Trauma_03,,52,M,3,Traumatología,Alta
EP00036,Consulta médica,2026-03-31 03:18:49,Dr_Emerge_01,,69,M,3,Emergencias,Alta
EP00036,Tratamiento,2026-03-31 04:02:31,Enf_Emerge_03,,69,M,3,Emergencias,Alta
EP01181,Registro del paciente,2026-03-31 05:00:31,Admision_02,,48,M,3,Emergencias,Traslado
EP01181,Triage,2026-03-31 05:25:17,Enf_Triage_02,,48,M,3,Emergencias,Traslado
EP00036,Alta,2026-03-31 06:32:53,Dr_Emerge_01,,69,M,3,Emergencias,Alta
EP01181,Consulta médica,2026-03-31 07:34:36,Dr_Emerge_03,,48,M,3,Emergencias,Traslado
EP01181,Solicitud de examen,2026-03-31 07:53:33,Dr_Emerge_03,Laboratorio,48,M,3,Emergencias,Traslado
EP01181,Realización de examen,2026-03-31 08:51:50,Laboratorio_Clinico,Laboratorio,48,M,3,Emergencias,Traslado
EP01181,Evaluación de resultados,2026-03-31 09:27:01,Dr_Emerge_03,Laboratorio,48,M,3,Emergencias,Traslado
EP01181,Tratamiento,2026-03-31 09:57:56,Enf_Emerge_04,,48,M,3,Emergencias,Traslado
EP00801,Registro del paciente,2026-03-31 10:17:58,Admision_01,,19,F,5,Medicina Interna,Alta
EP00801,Triage,2026-03-31 10:53:43,Enf_Triage_03,,19,F,5,Medicina Interna,Alta
EP00299,Registro del paciente,2026-03-31 13:14:38,Admision_02,,25,F,4,Emergencias,Alta
EP01023,Registro del paciente,2026-03-31 13:20:03,Admision_03,,15,M,2,Traumatología,Hospitalización
EP00299,Triage,2026-03-31 13:35:02,Enf_Triage_02,,25,F,4,Emergencias,Alta
EP01023,Triage,2026-03-31 13:45:38,Enf_Triage_03,,15,M,2,Traumatología,Hospitalización
EP00801,Consulta médica,2026-03-31 14:03:24,Dr_Medici_01,,19,F,5,Medicina Interna,Alta
EP00801,Solicitud de examen,2026-03-31 14:17:52,Dr_Medici_01,Laboratorio,19,F,5,Medicina Interna,Alta
EP01181,Traslado a otro centro,2026-03-31 14:18:33,Admision_01,,48,M,3,Emergencias,Traslado
EP00841,Registro del paciente,2026-03-31 14:22:45,Admision_01,,57,F,5,Medicina Interna,Traslado
EP01023,Consulta médica,2026-03-31 14:43:03,Dr_Trauma_03,,15,M,2,Traumatología,Hospitalización
EP01023,Solicitud de examen,2026-03-31 14:51:07,Dr_Trauma_03,Imagenología,15,M,2,Traumatología,Hospitalización
EP00801,Realización de examen,2026-03-31 15:09:10,Laboratorio_Clinico,Laboratorio,19,F,5,Medicina Interna,Alta
EP00841,Triage,2026-03-31 15:14:19,Enf_Triage_01,,57,F,5,Medicina Interna,Traslado
EP00801,Evaluación de resultados,2026-03-31 15:50:22,Dr_Medici_01,Laboratorio,19,F,5,Medicina Interna,Alta
EP00299,Consulta médica,2026-03-31 15:53:00,Dr_Emerge_03,,25,F,4,Emergencias,Alta
EP00801,Tratamiento,2026-03-31 16:13:33,Enf_Medici_02,,19,F,5,Medicina Interna,Alta
EP00309,Registro del paciente,2026-03-31 16:14:31,Admision_02,,45,M,4,Medicina Interna,Alta
EP00309,Triage,2026-03-31 16:50:09,Enf_Triage_03,,45,M,4,Medicina Interna,Alta
EP00299,Consulta médica,2026-03-31 17:02:43,Dr_Emerge_03,,25,F,4,Emergencias,Alta
EP00801,Alta,2026-03-31 17:09:47,Dr_Medici_01,,19,F,5,Medicina Interna,Alta
EP00347,Registro del paciente,2026-03-31 17:30:23,Admision_03,,13,M,4,Pediatría,Alta
EP00299,Tratamiento,2026-03-31 17:45:42,Enf_Emerge_01,,25,F,4,Emergencias,Alta
EP00347,Triage,2026-03-31 17:50:15,Enf_Triage_02,,13,M,4,Pediatría,Alta
EP00841,Consulta médica,2026-03-31 17:52:19,Dr_Medici_03,,57,F,5,Medicina Interna,Traslado
EP00299,Alta,2026-03-31 18:45:56,Dr_Emerge_03,,25,F,4,Emergencias,Alta
EP00841,Tratamiento,2026-03-31 18:49:07,Enf_Medici_02,,57,F,5,Medicina Interna,Traslado
EP00759,Registro del paciente,2026-03-31 18:51:20,Admision_03,,74,M,2,Emergencias,Alta
EP00309,Consulta médica,2026-03-31 18:53:18,Dr_Medici_01,,45,M,4,Medicina Interna,Alta
EP00309,Solicitud de examen,2026-03-31 19:06:20,Dr_Medici_01,Laboratorio,45,M,4,Medicina Interna,Alta
EP00698,Registro del paciente,,Admision_02,,39,F,4,Emergencias,Alta
EP00759,Triage,2026-03-31 19:26:22,Enf_Triage_03,,74,M,2,Emergencias,Alta
EP00309,Realización de examen,2026-03-31 19:56:06,Laboratorio_Clinico,Laboratorio,45,M,4,Medicina Interna,Alta
EP00698,Triage,2026-03-31 20:00:41,Enf_Triage_02,,39,F,4,Emergencias,Alta
EP00759,Consulta médica,2026-03-31 20:01:06,Dr_Emerge_03,,74,M,2,Emergencias,Alta
EP00759,Solicitud de examen,2026-03-31 20:13:25,Dr_Emerge_03,Laboratorio,74,M,2,Emergencias,Alta
EP00309,Evaluación de resultados,2026-03-31 20:39:21,Dr_Medici_01,Laboratorio,45,M,4,Medicina Interna,Alta
EP00841,Traslado a otro centro,2026-03-31 20:44:48,Admision_01,,57,F,5,Medicina Interna,Traslado
EP00029,Registro del paciente,2026-03-31 20:51:22,Admision_01,,75,F,2,Medicina Interna,Hospitalización
EP00309,Tratamiento,2026-03-31 21:09:03,Enf_Medici_01,,45,M,4,Medicina Interna,Alta
EP00029,Triage,2026-03-31 21:14:34,Enf_Triage_01,,75,F,2,Medicina Interna,Hospitalización
EP00759,Realización de examen,2026-03-31 21:31:46,Laboratorio_Clinico,Laboratorio,74,M,2,Emergencias,Alta
EP00029,Consulta médica,2026-03-31 21:32:37,Dr_Medici_01,,75,F,2,Medicina Interna,Hospitalización
EP00029,Consulta médica,2026-03-31 21:32:37,Dr_Medici_01,,75,F,2,Medicina Interna,Hospitalización
EP00029,Solicitud de examen,2026-03-31 21:45:47,Dr_Medici_01,Laboratorio,75,F,2,Medicina Interna,Hospitalización
EP00759,Evaluación de resultados,2026-03-31 22:16:38,Dr_Emerge_03,Laboratorio,74,M,2,Emergencias,Alta
EP00309,Alta,2026-03-31 22:21:04,Dr_Medici_01,,45,M,4,Medicina Interna,Alta
EP00759,Tratamiento,2026-03-31 22:38:30,Enf_Emerge_03,,74,M,2,Emergencias,Alta
EP01023,Realización de examen,2026-03-31 22:43:00,Imagenologia,Imagenología,15,M,2,Traumatología,Hospitalización
EP00759,Alta,2026-03-31 23:11:00,Dr_Emerge_03,,74,M,2,Emergencias,Alta
EP00029,Realización de examen,2026-03-31 23:14:56,Laboratorio_Clinico,Laboratorio,75,F,2,Medicina Interna,Hospitalización
EP01023,Evaluación de resultados,2026-04-01 00:09:23,Dr_Trauma_03,Imagenología,15,M,2,Traumatología,Hospitalización
EP00029,Evaluación de resultados,2026-04-01 00:30:11,Dr_Medici_01,Laboratorio,75,F,2,Medicina Interna,Hospitalización
EP00029,Solicitud de examen,2026-04-01 00:39:14,Dr_Medici_01,Laboratorio,75,F,2,Medicina Interna,Hospitalización
EP01023,Tratamiento,2026-04-01 00:59:46,Enf_Trauma_04,,15,M,2,Traumatología,Hospitalización
EP00029,Realización de examen,2026-04-01 01:23:46,Laboratorio_Clinico,Laboratorio,75,F,2,Medicina Interna,Hospitalización
EP00347,Consulta médica,2026-04-01 01:47:54,Dr_Pediat_03,,13,M,4,Pediatría,Alta
EP00029,Evaluación de resultados,2026-04-01 02:09:44,Dr_Medici_01,Laboratorio,75,F,2,Medicina Interna,Hospitalización
EP00347,Tratamiento,2026-04-01 02:15:05,Enf_Pediat_03,,13,M,4,Pediatría,Alta
EP00029,Tratamiento,2026-04-01 02:36:42,Enf_Medici_04,,75,F,2,Medicina Interna,Hospitalización
EP00347,Alta,2026-04-01 03:12:57,Dr_Pediat_03,,13,M,4,Pediatría,Alta
EP00698,Consulta médica,2026-04-01 03:24:23,Dr_Emerge_02,,39,F,4,Emergencias,Alta
EP00698,Solicitud de examen,2026-04-01 03:31:45,Dr_Emerge_02,Imagenología,39,F,4,Emergencias,Alta
EP01464,Registro del paciente,2026-04-01 10:03:02,Admision_02,,24,F,2,Emergencias,Alta
EP01023,Ingreso a hospitalización,2026-04-01 10:19:03,Gestion_Camas,,15,M,2,Traumatología,Hospitalización
EP01464,Triage,2026-04-01 10:26:13,Enf_Triage_02,,24,F,2,Emergencias,Alta
EP01464,Consulta médica,2026-04-01 10:42:14,Dr_Emerge_02,,24,F,2,Emergencias,Alta
EP00698,Realización de examen,2026-04-01 10:43:36,Imagenologia,Imagenología,39,F,4,Emergencias,Alta
EP01408,Registro del paciente,2026-04-01 11:10:44,Admision_03,,13,F,5,Pediatría,Alta
EP00698,Evaluación de resultados,2026-04-01 11:47:40,Dr_Emerge_02,Imagenología,39,F,4,Emergencias,Alta
EP01464,Tratamiento,2026-04-01 11:54:31,Enf_Emerge_04,,24,F,2,Emergencias,Alta
EP00698,Tratamiento,2026-04-01 12:10:22,Enf_Emerge_03,,39,F,4,Emergencias,Alta
EP01408,Triage,2026-04-01 12:10:24,Enf_Triage_01,,13,F,5,Pediatría,Alta
EP01464,Alta,2026-04-01 12:32:37,Dr_Emerge_02,,24,F,2,Emergencias,Alta
EP00698,Alta,2026-04-01 13:59:33,Dr_Emerge_02,,39,F,4,Emergencias,Alta
EP00029,Ingreso a hospitalización,2026-04-01 14:05:45,Gestion_Camas,,75,F,2,Medicina Interna,Hospitalización
EP00009,Registro del paciente,2026-04-01 15:39:45,Admision_03,,52,F,1,Emergencias,Hospitalización
EP00009,Triage,2026-04-01 15:42:46,Enf_Triage_02,,52,F,1,Emergencias,Hospitalización
EP00009,Consulta médica,2026-04-01 15:47:09,Dr_Emerge_02,,52,F,1,Emergencias,Hospitalización
EP01136,Registro del paciente,2026-04-01 16:11:00,Admision_03,,8,M,3,Pediatría,Alta
EP01136,Triage,2026-04-01 16:30:37,Enf_Triage_01,,8,M,3,Pediatría,Alta
EP00009,Tratamiento,2026-04-01 16:35:39,Enf_Emerge_01,,52,F,1,Emergencias,Hospitalización
EP00189,Registro del paciente,2026-04-01 18:17:34,Admision_01,,46,F,3,Emergencias,Hospitalización
EP00189,Triage,2026-04-01 18:42:25,Enf_Triage_01,,46,F,3,Emergencias,Hospitalización
EP01408,Consulta médica,2026-04-01 18:59:42,Dr_Pediat_01,,13,F,5,Pediatría,Alta
EP00009,Ingreso a hospitalización,2026-04-01 19:20:24,Gestion_Camas,,52,F,1,Emergencias,Hospitalización
EP00267,Registro del paciente,2026-04-01 19:34:56,Admision_02,,49,F,3,Emergencias,Alta
EP01136,Consulta médica,2026-04-01 19:44:27,Dr_Pediat_04,,8,M,3,Pediatría,Alta
EP01408,Tratamiento,2026-04-01 19:45:03,Enf_Pediat_02,,13,F,5,Pediatría,Alta
EP00267,Triage,2026-04-01 20:18:31,Enf_Triage_02,,49,F,3,Emergencias,Alta
EP01136,Tratamiento,2026-04-01 20:33:17,Enf_Pediat_04,,8,M,3,Pediatría,Alta
EP01408,Alta,2026-04-01 21:02:59,Dr_Pediat_01,,13,F,5,Pediatría,Alta
EP01136,Alta,2026-04-01 21:24:27,Dr_Pediat_04,,8,M,3,Pediatría,Alta
EP00189,Consulta médica,2026-04-01 22:04:09,Dr_Emerge_04,,46,F,3,Emergencias,Hospitalización
EP00189,Solicitud de examen,2026-04-01 22:22:16,Dr_Emerge_04,Laboratorio,46,F,3,Emergencias,Hospitalización
EP00189,Realización de examen,2026-04-01 23:33:53,Laboratorio_Clinico,Laboratorio,46,F,3,Emergencias,Hospitalización
EP00189,Evaluación de resultados,2026-04-02 00:10:01,Dr_Emerge_04,Laboratorio,46,F,3,Emergencias,Hospitalización
EP00267,Consulta médica,2026-04-02 00:32:26,Dr_Emerge_04,,49,F,3,Emergencias,Alta
EP00267,Tratamiento,2026-04-02 01:03:29,Enf_Emerge_01,,49,F,3,Emergencias,Alta
EP00189,Tratamiento,2026-04-02 01:08:11,Enf_Emerge_03,,46,F,3,Emergencias,Hospitalización
EP00267,Alta,2026-04-02 02:52:30,Dr_Emerge_04,,49,F,3,Emergencias,Alta
EP00971,Registro del paciente,2026-04-02 04:03:23,Admision_03,,22,F,3,Emergencias,Alta
EP00971,Triage,2026-04-02 05:00:00,Enf_Triage_02,,22,F,3,Emergencias,Alta
EP00189,Ingreso a hospitalización,2026-04-02 05:57:55,Gestion_Camas,,46,F,3,Emergencias,Hospitalización
EP00971,Consulta médica,2026-04-02 07:56:53,Dr_Emerge_01,,22,F,3,Emergencias,Alta
EP00694,Registro del paciente,2026-04-02 08:25:43,Admision_03,,49,M,3,Emergencias,Alta
EP00971,Tratamiento,2026-04-02 08:27:12,Enf_Emerge_01,,22,F,3,Emergencias,Alta
EP00694,Triage,2026-04-02 08:49:22,Enf_Triage_02,,49,M,3,Emergencias,Alta
EP00412,Registro del paciente,2026-04-02 08:59:57,Admision_01,,15,M,5,Emergencias,Alta
EP00694,Consulta médica,2026-04-02 09:50:30,Dr_Emerge_02,,49,M,3,Emergencias,Alta
EP00412,Triage,2026-04-02 09:56:47,Enf_Triage_02,,15,M,5,Emergencias,Alta
EP00971,Alta,2026-04-02 10:43:40,Dr_Emerge_01,,22,F,3,Emergencias,Alta
EP00020,Registro del paciente,2026-04-02 11:26:21,Admision_02,,45,M,3,Medicina Interna,Alta
EP01269,Registro del paciente,2026-04-02 11:34:54,Admision_03,,39,M,3,Emergencias,Alta
EP00020,Triage,2026-04-02 11:49:50,Enf_Triage_02,,45,M,3,Medicina Interna,Alta
EP00694,Tratamiento,2026-04-02 11:51:10,Enf_Emerge_04,,49,M,3,Emergencias,Alta
EP01269,Triage,2026-04-02 12:10:08,Enf_Triage_03,,39,M,3,Emergencias,Alta
EP00268,Registro del paciente,2026-04-02 12:10:19,Admision_03,,15,M,1,Medicina Interna,Alta
EP00268,Triage,2026-04-02 12:13:20,Enf_Triage_01,,15,M,1,Medicina Interna,Alta
EP00268,Consulta médica,2026-04-02 12:21:48,Dr_Medici_04,,15,M,1,Medicina Interna,Alta
EP00268,Solicitud de examen,2026-04-02 12:36:09,Dr_Medici_04,Imagenología,15,M,1,Medicina Interna,Alta
EP01085,Registro del paciente,2026-04-02 12:38:57,Admision_01,,35,F,4,Emergencias,Alta
EP01269,Consulta médica,2026-04-02 12:52:33,Dr_Emerge_04,,39,M,3,Emergencias,Alta
EP00694,Alta,2026-04-02 12:58:43,Dr_Emerge_02,,49,M,3,Emergencias,Alta
EP01085,Triage,2026-04-02 13:17:01,Enf_Triage_01,,35,F,4,Emergencias,Alta
EP00165,Registro del paciente,2026-04-02 13:38:42,Admision_02,,16,M,3,Medicina Interna,Hospitalización
EP00020,Consulta médica,2026-04-02 13:55:41,Dr_Medici_04,,45,M,3,Medicina Interna,Alta
EP00118,Registro del paciente,2026-04-02 14:05:37,Admision_02,,55,F,4,Emergencias,Alta
EP01261,Registro del paciente,2026-04-02 14:05:58,Admision_01,,39,F,3,Medicina Interna,Alta
EP00020,Solicitud de examen,2026-04-02 14:09:41,Dr_Medici_04,Imagenología,45,M,3,Medicina Interna,Alta
EP00165,Triage,2026-04-02 14:17:30,Enf_Triage_02,,16,M,3,Medicina Interna,Hospitalización
EP01261,Triage,2026-04-02 14:33:57,Enf_Triage_02,,39,F,3,Medicina Interna,Alta
EP00118,Triage,2026-04-02 14:35:29,Enf_Triage_03,,55,F,4,Emergencias,Alta
EP00412,Consulta médica,2026-04-02 14:45:48,Dr_Emerge_03,,15,M,5,Emergencias,Alta
EP00412,Tratamiento,2026-04-02 15:38:29,Enf_Emerge_03,,15,M,5,Emergencias,Alta
EP00165,Consulta médica,2026-04-02 15:44:16,Dr_Medici_01,,16,M,3,Medicina Interna,Hospitalización
EP01269,Consulta médica,2026-04-02 15:44:32,Dr_Emerge_04,,39,M,3,Emergencias,Alta
EP01261,Consulta médica,2026-04-02 15:56:13,Dr_Medici_03,,39,F,3,Medicina Interna,Alta
EP00165,Solicitud de examen,2026-04-02 15:57:30,Dr_Medici_01,Imagenología,16,M,3,Medicina Interna,Hospitalización
EP00408,Registro del paciente,2026-04-02 16:10:05,Admision_01,,12,F,3,Pediatría,Alta
EP00020,Realización de examen,2026-04-02 16:15:58,Imagenologia,Imagenología,45,M,3,Medicina Interna,Alta
EP00412,Alta,2026-04-02 16:27:28,Dr_Emerge_03,,15,M,5,Emergencias,Alta
EP01269,Tratamiento,2026-04-02 16:31:03,Enf_Emerge_02,,39,M,3,Emergencias,Alta
EP00408,Triage,2026-04-02 16:38:58,Enf_Triage_03,,12,F,3,Pediatría,Alta
EP01269,Alta,2026-04-02 16:52:59,Dr_Emerge_04,,39,M,3,Emergencias,Alta
EP00471,Registro del paciente,2026-04-02 17:03:03,Admision_02,,34,F,5,Medicina Interna,Alta
EP00471,Triage,2026-04-02 17:30:31,Enf_Triage_01,,34,F,5,Medicina Interna,Alta
EP00408,Consulta médica,2026-04-02 17:51:45,Dr_Pediat_03,,12,F,3,Pediatría,Alta
EP00118,Consulta médica,2026-04-02 18:05:04,Dr_Emerge_04,,55,F,4,Emergencias,Alta
EP00118,Solicitud de examen,2026-04-02 18:11:22,Dr_Emerge_04,Laboratorio,55,F,4,Emergencias,Alta
EP00165,Realización de examen,2026-04-02 18:15:59,Imagenologia,Imagenología,16,M,3,Medicina Interna,Hospitalización
EP00020,Evaluación de resultados,2026-04-02 18:27:09,Dr_Medici_04,Imagenología,45,M,3,Medicina Interna,Alta
EP00020,Tratamiento,2026-04-02 18:50:20,Enf_Medici_03,,45,M,3,Medicina Interna,Alta
EP00408,Tratamiento,2026-04-02 18:50:50,Enf_Pediat_03,,12,F,3,Pediatría,Alta
EP00783,Registro del paciente,2026-04-02 18:57:15,Admision_03,,48,M,3,Medicina Interna,Alta
EP00165,Evaluación de resultados,2026-04-02 19:00:16,Dr_Medici_01,Imagenología,16,M,3,Medicina Interna,Hospitalización
EP00783,Triage,2026-04-02 19:36:36,Enf_Triage_01,,48,M,3,Medicina Interna,Alta
EP00165,Tratamiento,2026-04-02 19:46:38,Enf_Medici_02,,16,M,3,Medicina Interna,Hospitalización
EP00118,Realización de examen,2026-04-02 19:49:10,Laboratorio_Clinico,Laboratorio,55,F,4,Emergencias,Alta
EP00408,Alta,2026-04-02 19:50:49,Dr_Pediat_03,,12,F,3,Pediatría,Alta
EP00056,Registro del paciente,2026-04-02 19:56:24,Admision_03,,58,F,4,Emergencias,Alta
EP00056,Triage,2026-04-02 20:11:47,Enf_Triage_01,,58,F,4,Emergencias,Alta
EP01261,Consulta médica,2026-04-02 20:13:06,Dr_Medici_03,,39,F,3,Medicina Interna,Alta
EP00020,Alta,2026-04-02 20:21:00,Dr_Medici_04,,45,M,3,Medicina Interna,Alta
EP00783,Consulta médica,2026-04-02 20:24:41,Dr_Medici_01,,48,M,3,Medicina Interna,Alta
EP00118,Evaluación de resultados,2026-04-02 20:45:38,Dr_Emerge_04,Laboratorio,55,F,4,Emergencias,Alta
EP00783,Tratamiento,2026-04-02 20:47:39,Enf_Medici_01,,48,M,3,Medicina Interna,Alta
EP01261,Tratamiento,2026-04-02 20:49:25,Enf_Medici_03,,39,F,3,Medicina Interna,Alta
EP00268,Realización de examen,2026-04-02 20:49:49,Imagenologia,Imagenología,15,M,1,Medicina Interna,Alta
EP00118,Tratamiento,2026-04-02 21:38:43,Enf_Emerge_01,,55,F,4,Emergencias,Alta
EP00783,Alta,2026-04-02 21:43:30,Dr_Medici_01,,48,M,3,Medicina Interna,Alta
EP01261,Alta,2026-04-02 21:54:04,Dr_Medici_03,,39,F,3,Medicina Interna,Alta
EP00471,Consulta médica,2026-04-02 22:21:14,Dr_Medici_04,,34,F,5,Medicina Interna,Alta
EP00268,Evaluación de resultados,2026-04-02 22:31:38,Dr_Medici_04,Imagenología,15,M,1,Medicina Interna,Alta
EP00118,Alta,2026-04-02 22:33:43,Dr_Emerge_04,,55,F,4,Emergencias,Alta
EP00268,Tratamiento,2026-04-02 23:01:16,Enf_Medici_03,,15,M,1,Medicina Interna,Alta
EP00516,Registro del paciente,2026-04-02 23:10:26,Admision_03,,39,F,5,Medicina Interna,Alta
EP00516,Triage,2026-04-02 23:36:43,Enf_Triage_01,,39,F,5,Medicina Interna,Alta
EP00268,Alta,2026-04-03 00:01:00,Dr_Medici_04,,15,M,1,Medicina Interna,Alta
EP00165,Ingreso a hospitalización,2026-04-03 00:08:01,Gestion_Camas,,16,M,3,Medicina Interna,Hospitalización
EP00471,Consulta médica,2026-04-03 00:19:08,Dr_Medici_04,,34,F,5,Medicina Interna,Alta
EP00471,Tratamiento,2026-04-03 01:09:10,Enf_Medici_01,,34,F,5,Medicina Interna,Alta
EP00471,Alta,2026-04-03 01:47:50,Dr_Medici_04,,34,F,5,Medicina Interna,Alta
EP01085,Consulta médica,2026-04-03 02:24:47,Dr_Emerge_04,,35,F,4,Emergencias,Alta
EP01085,Tratamiento,2026-04-03 03:10:15,Enf_Emerge_01,,35,F,4,Emergencias,Alta
EP00056,Consulta médica,2026-04-03 03:18:27,Dr_Emerge_01,,58,F,4,Emergencias,Alta
EP00056,Solicitud de examen,2026-04-03 03:28:43,Dr_Emerge_01,Laboratorio,58,F,4,Emergencias,Alta
EP01085,Alta,2026-04-03 04:29:42,Dr_Emerge_04,,35,F,4,Emergencias,Alta
EP00056,Realización de examen,2026-04-03 04:51:42,Laboratorio_Clinico,Laboratorio,58,F,4,Emergencias,Alta
EP00056,Evaluación de resultados,2026-04-03 05:52:56,Dr_Emerge_01,Laboratorio,58,F,4,Emergencias,Alta
EP00056,Solicitud de examen,2026-04-03 06:00:50,Dr_Emerge_01,Laboratorio,58,F,4,Emergencias,Alta
EP00772,Registro del paciente,2026-04-03 06:35:22,Admision_01,,15,M,5,Medicina Interna,Alta
EP00516,Consulta médica,2026-04-03 06:52:36,Dr_Medici_01,,39,F,5,Medicina Interna,Alta
EP00772,Triage,2026-04-03 07:03:12,Enf_Triage_03,,15,M,5,Medicina Interna,Alta
EP00516,Solicitud de examen,2026-04-03 07:13:56,Dr_Medici_01,Laboratorio,39,F,5,Medicina Interna,Alta
EP00056,Realización de examen,2026-04-03 07:20:55,Laboratorio_Clinico,Laboratorio,58,F,4,Emergencias,Alta
EP00007,Registro del paciente,2026-04-03 07:39:51,Admision_02,,3,M,5,Pediatría,Alta
EP00516,Realización de examen,2026-04-03 07:45:03,Laboratorio_Clinico,Laboratorio,39,F,5,Medicina Interna,Alta
EP00056,Evaluación de resultados,2026-04-03 07:48:51,Dr_Emerge_01,Laboratorio,58,F,4,Emergencias,Alta
EP00007,Triage,2026-04-03 08:03:16,Enf_Triage_01,,3,M,5,Pediatría,Alta
EP00056,Tratamiento,2026-04-03 08:09:48,Enf_Emerge_03,,58,F,4,Emergencias,Alta
EP00056,Alta,2026-04-03 08:50:21,Dr_Emerge_01,,58,F,4,Emergencias,Alta
EP00516,Evaluación de resultados,2026-04-03 09:01:39,Dr_Medici_01,Laboratorio,39,F,5,Medicina Interna,Alta
EP00516,Solicitud de examen,2026-04-03 09:14:27,Dr_Medici_01,Laboratorio,39,F,5,Medicina Interna,Alta
EP00744,Registro del paciente,2026-04-03 09:41:06,Admision_02,,73,M,3,Medicina Interna,Hospitalización
EP00516,Realización de examen,2026-04-03 10:15:09,Laboratorio_Clinico,Laboratorio,39,F,5,Medicina Interna,Alta
EP00744,Triage,2026-04-03 10:17:13,Enf_Triage_01,,73,M,3,Medicina Interna,Hospitalización
EP01431,Registro del paciente,2026-04-03 10:59:21,Admision_03,,43,F,2,Medicina Interna,Hospitalización
EP00516,Evaluación de resultados,2026-04-03 11:02:52,Dr_Medici_01,Laboratorio,39,F,5,Medicina Interna,Alta
EP00772,Consulta médica,2026-04-03 11:12:51,Dr_Medici_04,,15,M,5,Medicina Interna,Alta
EP01431,Triage,2026-04-03 11:33:40,Enf_Triage_03,,43,F,2,Medicina Interna,Hospitalización
EP01013,Registro del paciente,2026-04-03 11:52:23,Admision_03,,16,M,3,Traumatología,Alta
EP00772,Tratamiento,2026-04-03 11:54:08,Enf_Medici_02,,15,M,5,Medicina Interna,Alta
EP00516,Tratamiento,2026-04-03 11:55:38,Enf_Medici_02,,39,F,5,Medicina Interna,Alta
EP01431,Consulta médica,2026-04-03 12:10:37,Dr_Medici_02,,43,F,2,Medicina Interna,Hospitalización
EP00516,Alta,2026-04-03 12:14:06,Dr_Medici_01,,39,F,5,Medicina Interna,Alta
EP01013,Triage,2026-04-03 12:22:58,Enf_Triage_02,,16,M,3,Traumatología,Alta
EP00772,Alta,2026-04-03 12:24:27,Dr_Medici_04,,15,M,5,Medicina Interna,Alta
EP01431,Solicitud de examen,2026-04-03 12:25:01,Dr_Medici_02,Imagenología,43,F,2,Medicina Interna,Hospitalización
EP00744,Consulta médica,2026-04-03 13:11:55,Dr_Medici_04,,73,M,3,Medicina Interna,Hospitalización
EP00744,Solicitud de examen,2026-04-03 13:19:47,Dr_Medici_04,Imagenología,73,M,3,Medicina Interna,Hospitalización
EP00628,Registro del paciente,2026-04-03 13:48:12,Admision_02,,50,M,5,Traumatología,Alta
EP01013,Consulta médica,2026-04-03 14:18:56,Dr_Trauma_02,,16,M,3,Traumatología,Alta
EP00628,Triage,2026-04-03 14:22:09,Enf_Triage_02,,50,M,5,Traumatología,Alta
EP01013,Tratamiento,2026-04-03 15:14:51,Enf_Trauma_04,,16,M,3,Traumatología,Alta
EP00623,Registro del paciente,2026-04-03 15:28:06,Admision_01,,55,F,4,Medicina Interna,Alta
EP00623,Triage,2026-04-03 15:54:18,Enf_Triage_03,,55,F,4,Medicina Interna,Alta
EP00544,Registro del paciente,2026-04-03 16:26:37,Admision_03,,50,F,4,Emergencias,Alta
EP01013,Alta,2026-04-03 16:39:35,Dr_Trauma_02,,16,M,3,Traumatología,Alta
EP00544,Triage,2026-04-03 16:56:57,Enf_Triage_03,,50,F,4,Emergencias,Alta
EP00623,Consulta médica,2026-04-03 17:47:53,Dr_Medici_02,,55,F,4,Medicina Interna,Alta
EP00623,Solicitud de examen,2026-04-03 17:59:25,Dr_Medici_02,Laboratorio,55,F,4,Medicina Interna,Alta
EP00744,Realización de examen,2026-04-03 18:01:41,Imagenologia,Imagenología,73,M,3,Medicina Interna,Hospitalización
EP01431,Realización de examen,2026-04-03 18:07:56,Imagenologia,Imagenología,43,F,2,Medicina Interna,Hospitalización
EP00623,Realización de examen,2026-04-03 18:49:46,Laboratorio_Clinico,Laboratorio,55,F,4,Medicina Interna,Alta
EP00744,Evaluación de resultados,2026-04-03 18:57:08,Dr_Medici_04,Imagenología,73,M,3,Medicina Interna,Hospitalización
EP01431,Evaluación de resultados,2026-04-03 19:02:23,Dr_Medici_02,Imagenología,43,F,2,Medicina Interna,Hospitalización
EP01431,Solicitud de examen ,2026-04-03 19:08:21,Dr_Medici_02,Imagenología,43,F,2,Medicina Interna,Hospitalización
EP00623,Evaluación de resultados,2026-04-03 19:13:21,Dr_Medici_02,Laboratorio,55,F,4,Medicina Interna,Alta
EP00623,Solicitud de examen,2026-04-03 19:25:05,Dr_Medici_02,Laboratorio,55,F,4,Medicina Interna,Alta
EP00628,Consulta médica,2026-04-03 20:06:34,Dr_Trauma_02,,50,M,5,Traumatología,Alta
EP00623,Realización de examen,2026-04-03 20:26:52,Laboratorio_Clinico,Laboratorio,55,F,4,Medicina Interna,Alta
EP00628,Tratamiento,2026-04-03 20:33:14,Enf_Trauma_02,,50,M,5,Traumatología,Alta
EP00544,Consulta médica,2026-04-03 20:36:53,Dr_Emerge_01,,50,F,4,Emergencias,Alta
EP00544,Tratamiento,2026-04-03 21:02:51,Enf_Emerge_01,,50,F,4,Emergencias,Alta
EP00623,Evaluación de resultados,2026-04-03 21:04:51,Dr_Medici_02,Laboratorio,55,F,4,Medicina Interna,Alta
EP00623,Tratamiento,2026-04-03 21:33:17,Enf_Medici_01,,55,F,4,Medicina Interna,Alta
EP00628,Alta,2026-04-03 21:46:56,Dr_Trauma_02,,50,M,5,Traumatología,Alta
EP00544,Alta,2026-04-03 22:13:50,Dr_Emerge_01,,50,F,4,Emergencias,Alta
EP00623,Alta,2026-04-03 23:04:44,Dr_Medici_02,,55,F,4,Medicina Interna,Alta
EP00007,Consulta médica,2026-04-03 23:47:41,Dr_Pediat_03,,3,M,5,Pediatría,Alta
EP00007,Solicitud de examen,2026-04-04 00:04:24,Dr_Pediat_03,Imagenología,3,M,5,Pediatría,Alta
EP01431,Realización de examen,2026-04-04 00:45:25,Imagenologia,Imagenología,43,F,2,Medicina Interna,Hospitalización
EP00744,Interconsulta especialista,2026-04-04 01:47:07,Especialista_02,,73,M,3,Medicina Interna,Hospitalización
EP00744,Tratamiento,2026-04-04 02:32:03,Enf_Medici_02,,73,M,3,Medicina Interna,Hospitalización
EP01431,Evaluación de resultados,2026-04-04 03:56:38,Dr_Medici_02,Imagenología,43,F,2,Medicina Interna,Hospitalización
EP00007,Realización de examen,2026-04-04 04:59:51,Imagenologia,Imagenología,3,M,5,Pediatría,Alta
EP01431,Tratamiento,2026-04-04 05:48:58,Enf_Medici_03,,43,F,2,Medicina Interna,Hospitalización
EP00007,Evaluación de resultados,2026-04-04 05:55:52,Dr_Pediat_03,Imagenología,3,M,5,Pediatría,Alta
EP00952,Registro del paciente,2026-04-04 06:19:31,Admision_03,,69,M,5,Medicina Interna,Alta
EP00007,Tratamiento,2026-04-04 06:33:29,Enf_Pediat_02,,3,M,5,Pediatría,Alta
EP00007,Alta,2026-04-04 07:24:25,Dr_Pediat_03,,3,M,5,Pediatría,Alta
EP00952,Triage,2026-04-04 07:43:22,Enf_Triage_03,,69,M,5,Medicina Interna,Alta
EP00177,Registro del paciente,2026-04-04 08:45:39,Admision_02,,38,F,3,Medicina Interna,Hospitalización
EP00177,Triage,2026-04-04 09:03:13,Enf_Triage_02,,38,F,3,Medicina Interna,Hospitalización
EP00372,Registro del paciente,2026-04-04 09:34:38,Admision_03,,51,M,3,Medicina Interna,Alta
EP00372,Triage,2026-04-04 09:46:44,Enf_Triage_03,,51,M,3,Medicina Interna,Alta
EP01431,Ingreso a hospitalización,2026-04-04 09:52:25,Gestion_Camas,,43,F,2,Medicina Interna,Hospitalización
EP00952,Consulta médica,2026-04-04 09:53:10,Dr_Medici_02,,69,M,5,Medicina Interna,Alta
EP00372,Consulta médica,2026-04-04 10:22:19,Dr_Medici_02,,51,M,3,Medicina Interna,Alta
EP00372,Solicitud de examen,2026-04-04 10:30:25,Dr_Medici_02,Laboratorio,51,M,3,Medicina Interna,Alta
EP00952,Tratamiento,2026-04-04 11:01:18,Enf_Medici_02,,69,M,5,Medicina Interna,Alta
EP00372,Realización de examen,2026-04-04 11:26:43,Laboratorio_Clinico,Laboratorio,51,M,3,Medicina Interna,Alta
EP00952,Alta,2026-04-04 11:44:03,Dr_Medici_02,,69,M,5,Medicina Interna,Alta
EP00372,Evaluación de resultados,2026-04-04 11:58:26,Dr_Medici_02,Laboratorio,51,M,3,Medicina Interna,Alta
EP00177,Consulta médica,2026-04-04 12:49:30,Dr_Medici_03,,38,F,3,Medicina Interna,Hospitalización
EP00372,Consulta médica,2026-04-04 12:58:26,Dr_Medici_02,,51,M,3,Medicina Interna,Alta
EP00372,Tratamiento,2026-04-04 13:22:29,Enf_Medici_01,,51,M,3,Medicina Interna,Alta
EP00744,Ingreso a hospitalización,2026-04-04 13:28:45,Gestion_Camas,,73,M,3,Medicina Interna,Hospitalización
EP00372,Alta,2026-04-04 14:19:18,Dr_Medici_02,,51,M,3,Medicina Interna,Alta
EP00177,Consulta médica,2026-04-04 15:21:09,Dr_Medici_03,,38,F,3,Medicina Interna,Hospitalización
EP01239,Registro del paciente,2026-04-04 16:01:46,Admision_03,,87,F,1,Emergencias,Alta
EP01239,Triage,2026-04-04 16:04:47,Enf_Triage_02,,87,F,1,Emergencias,Alta
EP01239,Consulta médica,2026-04-04 16:09:51,Dr_Emerge_02,,87,F,1,Emergencias,Alta
EP00177,Tratamiento,2026-04-04 16:15:23,Enf_Medici_04,,38,F,3,Medicina Interna,Hospitalización
EP01239,Tratamiento,2026-04-04 16:44:51,Enf_Emerge_03,,87,F,1,Emergencias,Alta
EP00965,Registro del paciente,2026-04-04 17:46:13,Admision_03,,45,M,1,Emergencias,Hospitalización
EP00965,Triage,2026-04-04 17:49:14,Enf_Triage_01,,45,M,1,Emergencias,Hospitalización
EP00965,Consulta médica,2026-04-04 17:56:19,Dr_Emerge_03,,45,M,1,Emergencias,Hospitalización
EP00965,Solicitud de examen,2026-04-04 18:03:24,Dr_Emerge_03,Laboratorio,45,M,1,Emergencias,Hospitalización
EP00374,Registro del paciente,2026-04-04 18:09:25,Admision_03,,4,M,3,Pediatría,Alta
EP01239,Alta,2026-04-04 18:24:08,Dr_Emerge_02,,87,F,1,Emergencias,Alta
EP00374,Triage,2026-04-04 18:37:51,Enf_Triage_03,,4,M,3,Pediatría,Alta
EP01377,Registro del paciente,2026-04-04 19:20:05,Admision_02,,0,M,4,Pediatría,Alta
EP00965,Realización de examen,2026-04-04 19:30:51,Laboratorio_Clinico,Laboratorio,45,M,1,Emergencias,Hospitalización
EP01377,Triage,2026-04-04 19:45:58,Enf_Triage_02,,0,M,4,Pediatría,Alta
EP00965,Evaluación de resultados,2026-04-04 20:02:23,Dr_Emerge_03,Laboratorio,45,M,1,Emergencias,Hospitalización
EP00965,Tratamiento,2026-04-04 20:14:30,Enf_Emerge_04,,45,M,1,Emergencias,Hospitalización
EP00648,Registro del paciente,2026-04-04 20:37:46,Admision_03,,52,M,5,Medicina Interna,Alta
EP00177,Ingreso a hospitalización,2026-04-04 20:38:14,Gestion_Camas,,38,F,3,Medicina Interna,Hospitalización
EP01377,Consulta médica,2026-04-04 21:07:38,Dr_Pediat_03,,0,M,4,Pediatría,Alta
EP00648,Triage,2026-04-04 21:38:37,Enf_Triage_03,,52,M,5,Medicina Interna,Alta
EP01377,Consulta médica,2026-04-04 22:29:11,Dr_Pediat_03,,0,M,4,Pediatría,Alta
EP00374,Consulta médica,2026-04-04 22:38:51,Dr_Pediat_03,,4,M,3,Pediatría,Alta
EP00374,Solicitud de examen,2026-04-04 22:55:20,Dr_Pediat_03,Imagenología,4,M,3,Pediatría,Alta
EP01377,Tratamiento,2026-04-04 23:00:57,Enf_Pediat_02,,0,M,4,Pediatría,Alta
EP01438,Registro del paciente,2026-04-05 00:47:57,Admision_01,,49,M,3,Emergencias,Hospitalización
EP00965,Ingreso a hospitalización,2026-04-05 00:56:53,Gestion_Camas,,45,M,1,Emergencias,Hospitalización
EP01377,Alta,2026-04-05 01:34:59,Dr_Pediat_03,,0,M,4,Pediatría,Alta
EP01438,Triage,2026-04-05 01:43:41,Enf_Triage_03,,49,M,3,Emergencias,Hospitalización
EP01438,Consulta médica,2026-04-05 04:28:47,Dr_Emerge_02,,49,M,3,Emergencias,Hospitalización
EP01438,Solicitud de examen,2026-04-05 04:41:15,Dr_Emerge_02,Laboratorio,49,M,3,Emergencias,Hospitalización
EP00648,Consulta médica,2026-04-05 04:58:58,Dr_Medici_03,,52,M,5,Medicina Interna,Alta
EP00648,Solicitud de examen,2026-04-05 05:13:52,Dr_Medici_03,Laboratorio,52,M,5,Medicina Interna,Alta
EP01438,Realización de examen,2026-04-05 05:21:55,Laboratorio_Clinico,Laboratorio,49,M,3,Emergencias,Hospitalización
EP00648,Realización de examen,2026-04-05 06:25:03,Laboratorio_Clinico,Laboratorio,52,M,5,Medicina Interna,Alta
EP00648,Evaluación de resultados,2026-04-05 07:04:07,Dr_Medici_03,Laboratorio,52,M,5,Medicina Interna,Alta
EP01438,Evaluación de resultados,2026-04-05 07:06:51,Dr_Emerge_02,Laboratorio,49,M,3,Emergencias,Hospitalización
EP00648,Solicitud de examen,2026-04-05 07:23:48,Dr_Medici_03,Laboratorio,52,M,5,Medicina Interna,Alta
EP01438,Tratamiento,2026-04-05 08:07:21,Enf_Emerge_02,,49,M,3,Emergencias,Hospitalización
EP00648,Realización de examen,2026-04-05 08:26:58,Laboratorio_Clinico,Laboratorio,52,M,5,Medicina Interna,Alta
EP00648,Evaluación de resultados,2026-04-05 08:51:45,Dr_Medici_03,Laboratorio,52,M,5,Medicina Interna,Alta
EP00648,Tratamiento,2026-04-05 09:47:00,Enf_Medici_03,,52,M,5,Medicina Interna,Alta
EP01438,Ingreso a hospitalización,2026-04-05 10:44:30,Gestion_Camas,,49,M,3,Emergencias,Hospitalización
EP01006,Registro del paciente,2026-04-05 10:47:40,Admision_02,,46,M,3,Medicina Interna,Alta
EP00648,Alta,2026-04-05 10:54:56,Dr_Medici_03,,52,M,5,Medicina Interna,Alta
EP01006,Triage,2026-04-05 11:37:11,Enf_Triage_02,,46,M,3,Medicina Interna,Alta
EP00374,Realización de examen,2026-04-05 11:39:45,Imagenologia,Imagenología,4,M,3,Pediatría,Alta
EP00374,Evaluación de resultados,2026-04-05 13:11:16,Dr_Pediat_03,Imagenología,4,M,3,Pediatría,Alta
EP01006,Consulta médica,2026-04-05 14:05:57,Dr_Medici_02,,46,M,3,Medicina Interna,Alta
EP00374,Tratamiento,2026-04-05 14:11:31,Enf_Pediat_04,,4,M,3,Pediatría,Alta
EP01006,Solicitud de examen,2026-04-05 14:32:54,Dr_Medici_02,Laboratorio,46,M,3,Medicina Interna,Alta
EP00374,Alta,2026-04-05 14:45:52,Dr_Pediat_03,,4,M,3,Pediatría,Alta
EP01006,Realización de examen,2026-04-05 15:13:49,Laboratorio_Clinico,Laboratorio,46,M,3,Medicina Interna,Alta
EP01119,Registro del paciente,2026-04-05 15:34:21,Admision_01,,54,F,2,Emergencias,Alta
EP01006,Evaluación de resultados,2026-04-05 15:40:26,Dr_Medici_02,Laboratorio,46,M,3,Medicina Interna,Alta
EP01119,Triage,2026-04-05 15:59:34,Enf_Triage_01,,54,F,2,Emergencias,Alta
EP01119,Consulta médica,2026-04-05 16:33:55,Dr_Emerge_01,,54,F,2,Emergencias,Alta
EP01006,Tratamiento,2026-04-05 16:39:18,Enf_Medici_04,,46,M,3,Medicina Interna,Alta
EP01119,Tratamiento,2026-04-05 17:04:30,Enf_Emerge_03,,54,F,2,Emergencias,Alta
EP01006,Alta,2026-04-05 17:46:03,Dr_Medici_02,,46,M,3,Medicina Interna,Alta
EP01119,Alta,2026-04-05 17:56:45,Dr_Emerge_01,,54,F,2,Emergencias,Alta
EP00066,Registro del paciente,2026-04-05 19:22:18,Admision_03,,39,M,4,Medicina Interna,Hospitalización
EP00066,triage,2026-04-05 20:23:03,Enf_Triage_03,,39,M,4,Medicina Interna,Hospitalización
EP00389,Registro del paciente,2026-04-06 01:15:57,Admision_03,,27,F,5,Emergencias,Alta
EP00066,Consulta médica,2026-04-06 01:26:01,Dr_Medici_01,,39,M,4,Medicina Interna,Hospitalización
EP00066,Solicitud de examen,2026-04-06 01:32:27,Dr_Medici_01,Imagenología,39,M,4,Medicina Interna,Hospitalización
EP00389,Triage,2026-04-06 01:57:11,Enf_Triage_01,,27,F,5,Emergencias,Alta
EP00419,Registro del paciente,2026-04-06 04:25:48,Admision_02,,69,M,3,Emergencias,Alta
EP00419,Triage,2026-04-06 04:56:58,Enf_Triage_03,,69,M,3,Emergencias,Alta
EP00066,Realización de examen,2026-04-06 06:30:44,Imagenologia,Imagenología,39,M,4,Medicina Interna,Hospitalización
EP00932,Registro del paciente,2026-04-06 07:15:45,Admision_02,,3,F,3,Pediatría,Alta
EP00932,Triage,2026-04-06 07:38:28,Enf_Triage_01,,3,F,3,Pediatría,Alta
EP00419,Consulta médica,2026-04-06 08:02:16,Dr_Emerge_03,,69,M,3,Emergencias,Alta
EP00419,Solicitud de examen,2026-04-06 08:16:14,Dr_Emerge_03,Imagenología,69,M,3,Emergencias,Alta
EP01072,Registro del paciente,2026-04-06 08:19:46,Admision_01,,40,F,3,Medicina Interna,Alta
EP00066,Evaluación de resultados,2026-04-06 08:25:47,Dr_Medici_01,Imagenología,39,M,4,Medicina Interna,Hospitalización
EP00066,Solicitud de examen,2026-04-06 08:36:19,Dr_Medici_01,Imagenología,39,M,4,Medicina Interna,Hospitalización
EP01072,Triage,2026-04-06 08:47:37,Enf_Triage_01,,40,F,3,Medicina Interna,Alta
EP00932,Consulta médica,2026-04-06 08:47:51,Dr_Pediat_03,,3,F,3,Pediatría,Alta
EP01039,Registro del paciente,2026-04-06 09:02:42,Admision_02,,88,M,4,Traumatología,Alta
EP00932,Tratamiento,2026-04-06 09:16:14,Enf_Pediat_03,,3,F,3,Pediatría,Alta
EP01039,Triage,2026-04-06 09:47:22,Enf_Triage_03,,88,M,4,Traumatología,Alta
EP00066,Realización de examen,2026-04-06 10:22:26,Imagenologia,Imagenología,39,M,4,Medicina Interna,Hospitalización
EP01272,Registro del paciente,2026-04-06 10:42:48,Admision_02,,61,F,2,Emergencias,Hospitalización
EP01272,Triage,2026-04-06 10:53:44,Enf_Triage_03,,61,F,2,Emergencias,Hospitalización
EP00389,Consulta médica,2026-04-06 11:14:40,Dr_Emerge_02,,27,F,5,Emergencias,Alta
EP01272,Consulta médica,2026-04-06 11:31:17,Dr_Emerge_02,,61,F,2,Emergencias,Hospitalización
EP01272,Solicitud de examen,2026-04-06 11:43:23,Dr_Emerge_02,Imagenología,61,F,2,Emergencias,Hospitalización
EP00932,Alta,2026-04-06 12:00:45,Dr_Pediat_03,,3,F,3,Pediatría,Alta
EP00066,Evaluación de resultados,2026-04-06 12:10:48,Dr_Medici_01,Imagenología,39,M,4,Medicina Interna,Hospitalización
EP00389,Tratamiento,2026-04-06 12:21:58,Enf_Emerge_03,,27,F,5,Emergencias,Alta
EP01072,Consulta médica,2026-04-06 12:37:17,Dr_Medici_02,,40,F,3,Medicina Interna,Alta
EP00066,Tratamiento,2026-04-06 12:46:08,Enf_Medici_03,,39,M,4,Medicina Interna,Hospitalización
EP00208,Registro del paciente,2026-04-06 12:54:03,Admision_02,,37,M,3,Emergencias,Alta
EP00208,Triage,2026-04-06 13:18:59,Enf_Triage_01,,37,M,3,Emergencias,Alta
EP01039,Consulta médica,2026-04-06 13:20:28,Dr_Trauma_04,,88,M,4,Traumatología,Alta
EP00389,Alta,2026-04-06 13:24:10,Dr_Emerge_02,,27,F,5,Emergencias,Alta
EP01039,Solicitud de examen,2026-04-06 13:41:49,Dr_Trauma_04,Imagenología,88,M,4,Traumatología,Alta
EP01072,Tratamiento,2026-04-06 13:53:40,Enf_Medici_04,,40,F,3,Medicina Interna,Alta
EP00208,Consulta médica,2026-04-06 14:06:27,Dr_Emerge_02,,37,M,3,Emergencias,Alta
EP00208,Solicitud de examen,2026-04-06 14:17:44,Dr_Emerge_02,Imagenología,37,M,3,Emergencias,Alta
EP01072,Alta,2026-04-06 14:24:05,Dr_Medici_02,,40,F,3,Medicina Interna,Alta
EP00419,Realización de examen,2026-04-06 15:46:22,Imagenologia,Imagenología,69,M,3,Emergencias,Alta
EP01039,Realización de examen,2026-04-06 16:30:55,Imagenologia,Imagenología,88,M,4,Traumatología,Alta
EP00066,Ingreso a hospitalización,2026-04-06 16:54:23,Gestion_Camas,,39,M,4,Medicina Interna,Hospitalización
EP00343,Registro del paciente,2026-04-06 17:05:17,Admision_03,,64,M,4,Medicina Interna,Alta
EP00208,Realización de examen,2026-04-06 17:05:29,Imagenologia,Imagenología,37,M,3,Emergencias,Alta
EP00618,Registro del paciente,2026-04-06 17:07:58,Admision_03,,95,M,3,Emergencias,Hospitalización
EP00419,Evaluación de resultados,2026-04-06 17:24:33,Dr_Emerge_03,Imagenología,69,M,3,Emergencias,Alta
EP00343,Triage,2026-04-06 17:26:28,Enf_Triage_03,,64,M,4,Medicina Interna,Alta
EP00618,Triage,2026-04-06 17:34:26,Enf_Triage_02,,95,M,3,Emergencias,Hospitalización
EP00593,Registro del paciente,2026-04-06 18:16:39,Admision_01,,16,F,4,Emergencias,Alta
EP00208,Evaluación de resultados,2026-04-06 18:21:04,Dr_Emerge_02,Imagenología,37,M,3,Emergencias,Alta
EP00618,Consulta médica,2026-04-06 18:28:21,Dr_Emerge_01,,95,M,3,Emergencias,Hospitalización
EP00618,Solicitud de examen,2026-04-06 18:47:19,Dr_Emerge_01,Laboratorio,95,M,3,Emergencias,Hospitalización
EP00343,Consulta médica,2026-04-06 19:03:51,Dr_Medici_02,,64,M,4,Medicina Interna,Alta
EP00593,Triage,2026-04-06 19:30:29,Enf_Triage_01,,16,F,4,Emergencias,Alta
EP01039,Evaluación de resultados,2026-04-06 19:37:37,Dr_Trauma_04,Imagenología,88,M,4,Traumatología,Alta
EP00343,Tratamiento,2026-04-06 19:52:43,Enf_Medici_03,,64,M,4,Medicina Interna,Alta
EP01039,Tratamiento,2026-04-06 20:13:35,Enf_Trauma_02,,88,M,4,Traumatología,Alta
EP00618,Realización de examen,2026-04-06 20:26:28,Laboratorio_Clinico,Laboratorio,95,M,3,Emergencias,Hospitalización
EP00343,Alta,2026-04-06 20:43:43,Dr_Medici_02,,64,M,4,Medicina Interna,Alta
EP00618,Evaluación de resultados,2026-04-06 21:07:57,Dr_Emerge_01,Laboratorio,95,M,3,Emergencias,Hospitalización
EP01039,Alta,2026-04-06 21:16:29,Dr_Trauma_04,,88,M,4,Traumatología,Alta
EP00618,Solicitud de examen,2026-04-06 21:23:59,Dr_Emerge_01,Laboratorio,95,M,3,Emergencias,Hospitalización
EP00618,Realización de examen,2026-04-06 22:06:58,Laboratorio_Clinico,Laboratorio,95,M,3,Emergencias,Hospitalización
EP00419,Interconsulta especialista,2026-04-06 23:04:33,Especialista_01,,69,M,3,Emergencias,Alta
EP00618,Evaluación de resultados,2026-04-06 23:04:49,Dr_Emerge_01,Laboratorio,95,M,3,Emergencias,Hospitalización
EP00696,Registro del paciente,2026-04-06 23:07:39,Admision_03,,51,M,4,Emergencias,Alta
EP00696,Triage,2026-04-06 23:36:48,Enf_Triage_01,,51,M,4,Emergencias,Alta
EP00419,Tratamiento,2026-04-06 23:49:19,Enf_Emerge_03,,69,M,3,Emergencias,Alta
EP00618,Tratamiento,2026-04-06 23:52:18,Enf_Emerge_01,,95,M,3,Emergencias,Hospitalización
EP00208,Interconsulta especialista,2026-04-07 00:23:30,Especialista_03,,37,M,3,Emergencias,Alta
EP00208,Tratamiento,2026-04-07 01:03:42,Enf_Emerge_02,,37,M,3,Emergencias,Alta
EP00419,Alta,2026-04-07 01:04:57,Dr_Emerge_03,,69,M,3,Emergencias,Alta
EP00593,Consulta médica,2026-04-07 01:30:32,Dr_Emerge_01,,16,F,4,Emergencias,Alta
EP00593,Solicitud de examen,2026-04-07 01:37:16,Dr_Emerge_01,Laboratorio,16,F,4,Emergencias,Alta
EP00208,Alta,2026-04-07 02:06:48,Dr_Emerge_02,,37,M,3,Emergencias,Alta
EP00593,Realización de examen,2026-04-07 02:28:56,Laboratorio_Clinico,Laboratorio,16,F,4,Emergencias,Alta
EP00618,Ingreso a hospitalización,2026-04-07 02:48:25,Gestion_Camas,,95,M,3,Emergencias,Hospitalización
EP00593,Evaluación de resultados,2026-04-07 02:54:19,Dr_Emerge_01,Laboratorio,16,F,4,Emergencias,Alta
EP00593,Solicitud de examen,2026-04-07 03:03:13,Dr_Emerge_01,Laboratorio,16,F,4,Emergencias,Alta
EP00593,Realización de examen,2026-04-07 03:38:55,Laboratorio_Clinico,Laboratorio,16,F,4,Emergencias,Alta
EP00593,Evaluación de resultados,2026-04-07 04:20:07,Dr_Emerge_01,Laboratorio,16,F,4,Emergencias,Alta
EP00593,Tratamiento,2026-04-07 04:46:55,Enf_Emerge_02,,16,F,4,Emergencias,Alta
EP00938,Registro del paciente,2026-04-07 05:06:24,Admision_01,,15,F,3,Medicina Interna,Alta
EP00938,Triage,2026-04-07 05:43:04,Enf_Triage_01,,15,F,3,Medicina Interna,Alta
EP00593,Alta,2026-04-07 05:51:24,Dr_Emerge_01,,16,F,4,Emergencias,Alta
EP00938,Consulta médica,2026-04-07 06:34:42,Dr_Medici_02,,15,F,3,Medicina Interna,Alta
EP01272,Realización de examen,2026-04-07 07:18:39,Imagenologia,Imagenología,61,F,2,Emergencias,Hospitalización
EP00696,Consulta médica,2026-04-07 07:32:26,Dr_Emerge_01,,51,M,4,Emergencias,Alta
EP00938,Tratamiento,2026-04-07 07:36:14,Enf_Medici_02,,15,F,3,Medicina Interna,Alta
EP00696,Tratamiento,2026-04-07 07:49:17,Enf_Emerge_01,,51,M,4,Emergencias,Alta
EP00938,Alta,2026-04-07 08:08:10,Dr_Medici_02,,15,F,3,Medicina Interna,Alta
EP00941,Registro del paciente,2026-04-07 08:30:05,Admision_02,,45,F,3,Traumatología,Alta
EP00696,Alta,2026-04-07 08:34:48,Dr_Emerge_01,,51,M,4,Emergencias,Alta
EP01272,Evaluación de resultados,2026-04-07 09:08:49,Dr_Emerge_02,Imagenología,61,F,2,Emergencias,Hospitalización
EP00755,Registro del paciente,2026-04-07 09:20:17,Admision_03,,77,F,5,Emergencias,Alta
EP00941,Triage,2026-04-07 09:22:15,Enf_Triage_02,,45,F,3,Traumatología,Alta
EP01272,Solicitud de examen,2026-04-07 09:24:32,Dr_Emerge_02,Imagenología,61,F,2,Emergencias,Hospitalización
EP00941,Consulta médica,2026-04-07 10:14:02,Dr_Trauma_04,,45,F,3,Traumatología,Alta
EP00755,Triage,2026-04-07 10:22:47,Enf_Triage_01,,77,F,5,Emergencias,Alta
EP00941,Tratamiento,2026-04-07 10:45:00,Enf_Trauma_03,,45,F,3,Traumatología,Alta
EP00941,Alta,2026-04-07 11:38:09,Dr_Trauma_04,,45,F,3,Traumatología,Alta
EP00755,Consulta médica,2026-04-07 13:24:01,Dr_Emerge_02,,77,F,5,Emergencias,Alta
EP01396,Registro del paciente,2026-04-07 13:34:17,Admision_03,,48,M,3,Medicina Interna,Hospitalización
EP01396,Triage,2026-04-07 13:57:42,Enf_Triage_01,,48,M,3,Medicina Interna,Hospitalización
EP00755,Tratamiento,2026-04-07 14:05:56,Enf_Emerge_04,,77,F,5,Emergencias,Alta
EP01272,Realización de examen,2026-04-07 14:09:45,Imagenologia,Imagenología,61,F,2,Emergencias,Hospitalización
EP01272,Evaluación de resultados,2026-04-07 15:02:47,Dr_Emerge_02,Imagenología,61,F,2,Emergencias,Hospitalización
EP00088,Registro del paciente,2026-04-07 15:05:55,Admision_03,,56,M,3,Medicina Interna,Alta
EP01396,Consulta médica,2026-04-07 15:26:10,Dr_Medici_03,,48,M,3,Medicina Interna,Hospitalización
EP00755,Alta,2026-04-07 15:27:34,Dr_Emerge_02,,77,F,5,Emergencias,Alta
EP01396,Solicitud de examen,2026-04-07 15:49:17,Dr_Medici_03,Laboratorio,48,M,3,Medicina Interna,Hospitalización
EP00088,Triage,2026-04-07 15:54:02,Enf_Triage_03,,56,M,3,Medicina Interna,Alta
EP00958,Registro del paciente,2026-04-07 15:55:04,Admision_03,,95,M,3,Emergencias,Hospitalización
EP01258,Registro del paciente,2026-04-07 15:55:07,Admision_03,,72,M,4,Medicina Interna,Alta
EP00958,Triage,2026-04-07 16:28:37,Enf_Triage_03,,95,M,3,Emergencias,Hospitalización
EP01258,Triage,2026-04-07 16:43:38,Enf_Triage_01,,72,M,4,Medicina Interna,Alta
EP00088,Consulta médica,2026-04-07 16:44:26,Dr_Medici_03,,56,M,3,Medicina Interna,Alta
EP00958,Consulta médica,2026-04-07 17:20:13,Dr_Emerge_02,,95,M,3,Emergencias,Hospitalización
EP01396,Realización de examen,2026-04-07 17:31:21,Laboratorio_Clinico,Laboratorio,48,M,3,Medicina Interna,Hospitalización
EP00088,Consulta médica,2026-04-07 17:37:41,Dr_Medici_03,,56,M,3,Medicina Interna,Alta
EP00958,Solicitud de examen,2026-04-07 17:39:03,Dr_Emerge_02,Laboratorio,95,M,3,Emergencias,Hospitalización
EP01396,Evaluación de resultados,2026-04-07 17:47:29,Dr_Medici_03,Laboratorio,48,M,3,Medicina Interna,Hospitalización
EP00088,Tratamiento,2026-04-07 18:11:28,Enf_Medici_02,,56,M,3,Medicina Interna,Alta
EP01396,Tratamiento,2026-04-07 18:22:21,Enf_Medici_04,,48,M,3,Medicina Interna,Hospitalización
EP00339,Registro del paciente,2026-04-07 18:43:52,Admision_03,,38,F,2,Emergencias,Alta
EP01374,Registro del paciente,2026-04-07 18:57:34,Admision_01,,15,M,2,Emergencias,Alta
EP00088,Alta,2026-04-07 18:58:42,Dr_Medici_03,,56,M,3,Medicina Interna,Alta
EP00339,Triage,2026-04-07 18:59:42,Enf_Triage_03,,38,F,2,Emergencias,Alta
EP01374,Triage,2026-04-07 19:11:40,Enf_Triage_01,,15,M,2,Emergencias,Alta
EP00958,Realización de examen,2026-04-07 19:18:06,Laboratorio_Clinico,Laboratorio,95,M,3,Emergencias,Hospitalización
EP00958,Evaluación de resultados,2026-04-07 19:31:21,Dr_Emerge_02,Laboratorio,95,M,3,Emergencias,Hospitalización
EP01374,Consulta médica,2026-04-07 20:15:00,Dr_Emerge_04,,15,M,2,Emergencias,Alta
EP00958,Tratamiento,2026-04-07 20:33:46,Enf_Emerge_03,,95,M,3,Emergencias,Hospitalización
EP01374,Tratamiento,2026-04-07 20:39:13,Enf_Emerge_04,,15,M,2,Emergencias,Alta
EP01272,Interconsulta especialista,2026-04-07 20:40:58,Especialista_04,,61,F,2,Emergencias,Hospitalización
EP00339,Consulta médica,2026-04-07 21:01:38,Dr_Emerge_01,,38,F,2,Emergencias,Alta
EP01374,Alta,2026-04-07 21:02:27,Dr_Emerge_04,,15,M,2,Emergencias,Alta
EP01258,Consulta médica,2026-04-07 21:17:53,Dr_Medici_01,,72,M,4,Medicina Interna,Alta
EP01258,Solicitud de examen,2026-04-07 21:27:41,Dr_Medici_01,Laboratorio,72,M,4,Medicina Interna,Alta
EP00339,Tratamiento,2026-04-07 21:34:18,Enf_Emerge_01,,38,F,2,Emergencias,Alta
EP01272,Tratamiento,2026-04-07 21:45:49,Enf_Emerge_04,,61,F,2,Emergencias,Hospitalización
EP00339,Alta,2026-04-07 22:16:24,Dr_Emerge_01,,38,F,2,Emergencias,Alta
EP01258,Realización de examen,2026-04-07 22:41:58,Laboratorio_Clinico,Laboratorio,72,M,4,Medicina Interna,Alta
EP01258,Evaluacion de resultados,2026-04-07 23:27:59,Dr_Medici_01,Laboratorio,72,M,4,Medicina Interna,Alta
EP01179,Registro del paciente,2026-04-08 01:13:56,Admision_02,,36,F,4,Medicina Interna,Alta
EP00958,Ingreso a hospitalización,2026-04-08 01:39:08,Gestion_Camas,,95,M,3,Emergencias,Hospitalización
EP01179,Triage,2026-04-08 01:46:22,Enf_Triage_01,,36,F,4,Medicina Interna,Alta
EP01179,Triage,2026-04-08 01:46:22,Enf_Triage_01,,36,F,4,Medicina Interna,Alta
EP01258,Consulta médica,2026-04-08 01:54:16,Dr_Medici_01,,72,M,4,Medicina Interna,Alta
EP00537,Registro del paciente,2026-04-08 01:55:02,Admision_02,,15,F,4,Emergencias,Alta
EP01258,Tratamiento,2026-04-08 02:26:32,Enf_Medici_03,,72,M,4,Medicina Interna,Alta
EP00537,Triage,2026-04-08 02:32:05,Enf_Triage_02,,15,F,4,Emergencias,Alta
EP01258,Alta,2026-04-08 03:04:10,Dr_Medici_01,,72,M,4,Medicina Interna,Alta
EP01272,Ingreso a hospitalización,2026-04-08 04:02:42,Gestion_Camas,,61,F,2,Emergencias,Hospitalización
EP01179,Consulta médica,2026-04-08 05:39:34,Dr_Medici_03,,36,F,4,Medicina Interna,Alta
EP01179,Tratamiento,2026-04-08 06:11:10,Enf_Medici_03,,36,F,4,Medicina Interna,Alta
EP00537,Consulta médica,2026-04-08 06:25:59,Dr_Emerge_03,,15,F,4,Emergencias,Alta
EP01179,Alta,2026-04-08 07:40:35,Dr_Medici_03,,36,F,4,Medicina Interna,Alta
EP00537,Tratamiento,2026-04-08 07:53:49,Enf_Emerge_01,,15,F,4,Emergencias,Alta
EP00537,Alta,2026-04-08 08:45:46,Dr_Emerge_03,,15,F,4,Emergencias,Alta
EP00030,Registro del paciente,2026-04-08 10:16:17,Admision_01,,19,F,5,Emergencias,Hospitalización
EP00030,Triage,2026-04-08 10:57:40,Enf_Triage_01,,19,F,5,Emergencias,Hospitalización
EP01396,Ingreso a hospitalización,2026-04-08 11:53:48,Gestion_Camas,,48,M,3,Medicina Interna,Hospitalización
EP00192,Registro del paciente,2026-04-08 15:00:39,Admision_02,,34,M,4,Medicina Interna,Alta
EP00192,Triage,2026-04-08 15:20:25,Enf_Triage_03,,34,M,4,Medicina Interna,Alta
EP00192,Consulta medica,2026-04-08 17:56:44,Dr_Medici_01,,34,M,4,Medicina Interna,Alta
EP00192,Solicitud de examen,2026-04-08 18:16:27,Dr_Medici_01,Imagenología,34,M,4,Medicina Interna,Alta
EP00899,Registro del paciente,2026-04-08 19:04:13,Admision_02,,65,F,5,Medicina Interna,Alta
EP00688,Registro del paciente,2026-04-08 19:46:43,Admision_03,,20,F,4,Emergencias,Hospitalización
EP00030,Consulta médica,2026-04-08 19:46:57,Dr_Emerge_03,,19,F,5,Emergencias,Hospitalización
EP00899,Triage,2026-04-08 20:06:13,Enf_Triage_03,,65,F,5,Medicina Interna,Alta
EP00030,Solicitud de examen,2026-04-08 20:06:50,Dr_Emerge_03,Laboratorio,19,F,5,Emergencias,Hospitalización
EP00688,Triage,2026-04-08 20:10:29,Enf_Triage_03,,20,F,4,Emergencias,Hospitalización
EP00192,Realización de examen,2026-04-08 21:14:44,Imagenologia,Imagenología,34,M,4,Medicina Interna,Alta
EP00030,Realización de examen,2026-04-08 21:15:58,Laboratorio_Clinico,Laboratorio,19,F,5,Emergencias,Hospitalización
EP00004,Registro del paciente,2026-04-08 21:54:03,Admision_03,,50,M,3,Emergencias,Alta
EP00004,Triage,2026-04-08 22:19:11,Enf_Triage_03,,50,M,3,Emergencias,Alta
EP00899,Consulta médica,2026-04-08 22:35:12,Dr_Medici_03,,65,F,5,Medicina Interna,Alta
EP00030,Evaluación de resultados,2026-04-08 22:36:20,Dr_Emerge_03,Laboratorio,19,F,5,Emergencias,Hospitalización
EP00030,Solicitud de examen,2026-04-08 22:56:36,Dr_Emerge_03,Laboratorio,19,F,5,Emergencias,Hospitalización
EP00899,Solicitud de examen,2026-04-08 23:06:49,Dr_Medici_03,Imagenología,65,F,5,Medicina Interna,Alta
EP00030,Realización de examen,2026-04-08 23:36:47,Laboratorio_Clinico,Laboratorio,19,F,5,Emergencias,Hospitalización
EP00192,Evaluación de resultados,2026-04-08 23:50:41,Dr_Medici_01,Imagenología,34,M,4,Medicina Interna,Alta
EP00030,Evaluación de resultados,2026-04-09 00:19:21,Dr_Emerge_03,Laboratorio,19,F,5,Emergencias,Hospitalización
EP00192,Tratamiento,2026-04-09 00:27:26,Enf_Medici_01,,34,M,4,Medicina Interna,Alta
EP00333,Registro del paciente,2026-04-09 00:35:35,Admision_01,,40,M,4,Traumatología,Alta
EP00030,Tratamiento,2026-04-09 00:57:02,Enf_Emerge_01,,19,F,5,Emergencias,Hospitalización
EP00192,Alta,2026-04-09 01:29:05,Dr_Medici_01,,34,M,4,Medicina Interna,Alta
EP00333,Triage,2026-04-09 01:42:50,Enf_Triage_02,,40,M,4,Traumatología,Alta
EP01315,Registro del paciente,2026-04-09 01:49:11,Admision_01,,55,F,1,Emergencias,Alta
EP01315,Triage,2026-04-09 01:52:12,Enf_Triage_03,,55,F,1,Emergencias,Alta
EP01315,Consulta médica,2026-04-09 02:01:58,Dr_Emerge_04,,55,F,1,Emergencias,Alta
EP00688,Consulta médica,2026-04-09 02:10:39,Dr_Emerge_03,,20,F,4,Emergencias,Hospitalización
EP00688,Solicitud de examen,2026-04-09 02:24:59,Dr_Emerge_03,Laboratorio,20,F,4,Emergencias,Hospitalización
EP01315,Tratamiento,2026-04-09 03:04:09,Enf_Emerge_02,,55,F,1,Emergencias,Alta
EP00004,Consulta médica,2026-04-09 03:14:49,Dr_Emerge_03,,50,M,3,Emergencias,Alta
EP00688,Realización de examen,2026-04-09 03:32:46,Laboratorio_Clinico,Laboratorio,20,F,4,Emergencias,Hospitalización
EP01315,Alta,2026-04-09 04:03:09,Dr_Emerge_04,,55,F,1,Emergencias,Alta
EP00004,Tratamiento,2026-04-09 04:06:56,Enf_Emerge_01,,50,M,3,Emergencias,Alta
EP00004,Alta,2026-04-09 05:04:45,Dr_Emerge_03,,50,M,3,Emergencias,Alta
EP00688,Evaluación de resultados,2026-04-09 05:24:14,Dr_Emerge_03,Laboratorio,20,F,4,Emergencias,Hospitalización
EP00333,Consulta médica,2026-04-09 05:36:40,Dr_Trauma_02,,40,M,4,Traumatología,Alta
EP00030,Ingreso a hospitalización,2026-04-09 05:37:40,Gestion_Camas,,19,F,5,Emergencias,Hospitalización
EP00333,Tratamiento,2026-04-09 06:12:56,Enf_Trauma_04,,40,M,4,Traumatología,Alta
EP00688,Tratamiento,2026-04-09 06:53:05,Enf_Emerge_02,,20,F,4,Emergencias,Hospitalización
EP00333,Alta,2026-04-09 07:01:09,Dr_Trauma_02,,40,M,4,Traumatología,Alta
EP00501,Registro del paciente,2026-04-09 08:53:46,Admision_01,,60,M,4,Traumatología,Alta
EP00306,Registro del paciente,2026-04-09 08:56:19,Admision_01,,50,M,1,Emergencias,Hospitalización
EP00306,Triage,2026-04-09 08:59:20,Enf_Triage_03,,50,M,1,Emergencias,Hospitalización
EP00306,Consulta médica,2026-04-09 09:10:06,Dr_Emerge_03,,50,M,1,Emergencias,Hospitalización
EP00501,Triage,2026-04-09 09:15:45,Enf_Triage_03,,60,M,4,Traumatología,Alta
EP00306,Solicitud de examen,2026-04-09 09:26:37,Dr_Emerge_03,Imagenología,50,M,1,Emergencias,Hospitalización
EP00899,Realización de examen,2026-04-09 12:20:00,Imagenologia,Imagenología,65,F,5,Medicina Interna,Alta
EP00688,Ingreso a hospitalización,2026-04-09 12:39:02,Gestion_Camas,,20,F,4,Emergencias,Hospitalización
EP00899,Evaluación de resultados,2026-04-09 14:42:46,Dr_Medici_03,Imagenología,65,F,5,Medicina Interna,Alta
EP00899,Tratamiento,2026-04-09 15:17:59,Enf_Medici_01,,65,F,5,Medicina Interna,Alta
EP00899,Alta,2026-04-09 15:39:52,Dr_Medici_03,,65,F,5,Medicina Interna,Alta
EP00501,Consulta médica,2026-04-09 16:00:47,Dr_Trauma_03,,60,M,4,Traumatología,Alta
EP00501,Tratamiento,2026-04-09 16:38:43,Enf_Trauma_03,,60,M,4,Traumatología,Alta
EP00480,Registro del paciente,2026-04-09 17:55:24,Admision_03,,34,M,4,Emergencias,Alta
EP00501,Alta,2026-04-09 18:09:46,Dr_Trauma_03,,60,M,4,Traumatología,Alta
EP00306,Realización de examen,2026-04-09 18:45:45,Imagenologia,Imagenología,50,M,1,Emergencias,Hospitalización
EP00480,Triage,2026-04-09 18:47:05,Enf_Triage_02,,34,M,4,Emergencias,Alta
EP01115,Registro del paciente,2026-04-09 19:34:53,Admision_03,,35,M,3,Medicina Interna,Alta
EP00306,Evaluación de resultados,2026-04-09 19:55:10,Dr_Emerge_03,Imagenología,50,M,1,Emergencias,Hospitalización
EP01115,Triage,2026-04-09 19:55:56,Enf_Triage_01,,35,M,3,Medicina Interna,Alta
EP00306,Solicitud de examen,2026-04-09 20:11:47,Dr_Emerge_03,Laboratorio,50,M,1,Emergencias,Hospitalización
EP00306,Realización de examen,2026-04-09 21:00:22,Laboratorio_Clinico,Laboratorio,50,M,1,Emergencias,Hospitalización
EP00713,Registro del paciente,2026-04-09 21:51:03,Admision_02,,43,M,3,Traumatología,Alta
EP00042,Registro del paciente,2026-04-09 21:57:39,Admision_02,,43,M,3,Traumatología,Alta
EP00713,Triage,2026-04-09 22:11:54,Enf_Triage_03,,43,M,3,Traumatología,Alta
EP00042,Triage,2026-04-09 22:12:19,Enf_Triage_01,,43,M,3,Traumatología,Alta
EP00480,Consulta médica,2026-04-09 22:29:18,Dr_Emerge_03,,34,M,4,Emergencias,Alta
EP00306,Evaluación de resultados,2026-04-09 22:32:29,Dr_Emerge_03,Laboratorio,50,M,1,Emergencias,Hospitalización
EP00480,Tratamiento,2026-04-09 22:57:48,Enf_Emerge_01,,34,M,4,Emergencias,Alta
EP00306,Tratamiento,2026-04-09 23:03:37,Enf_Emerge_01,,50,M,1,Emergencias,Hospitalización
EP01115,Consulta médica,2026-04-09 23:03:45,Dr_Medici_02,,35,M,3,Medicina Interna,Alta
EP00042,Consulta médica,2026-04-09 23:36:07,Dr_Trauma_03,,43,M,3,Traumatología,Alta
EP01115,Tratamiento,2026-04-09 23:38:49,Enf_Medici_02,,35,M,3,Medicina Interna,Alta
EP00713,Consulta médica,2026-04-09 23:47:40,Dr_Trauma_03,,43,M,3,Traumatología,Alta
EP00042,Solicitud de examen,2026-04-09 23:47:44,Dr_Trauma_03,Imagenología,43,M,3,Traumatología,Alta
EP00480,Alta,2026-04-10 00:34:42,Dr_Emerge_03,,34,M,4,Emergencias,Alta
EP01115,Alta,2026-04-10 01:11:27,Dr_Medici_02,,35,M,3,Medicina Interna,Alta
EP00713,Tratamiento,2026-04-10 01:11:59,Enf_Trauma_04,,43,M,3,Traumatología,Alta
EP00713,Alta,2026-04-10 02:21:33,Dr_Trauma_03,,43,M,3,Traumatología,Alta
EP00042,Realización de examen,2026-04-10 02:27:00,Imagenologia,Imagenología,43,M,3,Traumatología,Alta
EP00042,Evaluación de resultados,2026-04-10 03:35:26,Dr_Trauma_03,Imagenología,43,M,3,Traumatología,Alta
EP00454,Registro del paciente,2026-04-10 04:01:40,Admision_03,,66,F,2,Emergencias,Alta
EP00454,Triage,2026-04-10 04:27:16,Enf_Triage_03,,66,F,2,Emergencias,Alta
EP00454,Consulta médica,2026-04-10 04:48:37,Dr_Emerge_01,,66,F,2,Emergencias,Alta
EP00454,Solicitud de examen,2026-04-10 04:57:51,Dr_Emerge_01,Imagenología,66,F,2,Emergencias,Alta
EP00042,Tratamiento,2026-04-10 05:10:09,Enf_Trauma_04,,43,M,3,Traumatología,Alta
EP00042,Alta,2026-04-10 05:49:03,Dr_Trauma_03,,43,M,3,Traumatología,Alta
EP01253,Registro del paciente,2026-04-10 05:56:20,Admision_01,,48,M,2,Emergencias,Alta
EP01253,Triage,2026-04-10 06:36:15,Enf_Triage_02,,48,M,2,Emergencias,Alta
EP01114,Registro del paciente,2026-04-10 06:51:52,Admision_01,,4,M,1,Pediatría,Alta
EP01114,Triage,2026-04-10 06:54:53,Enf_Triage_01,,4,M,1,Pediatría,Alta
EP01025,Registro del paciente,2026-04-10 07:02:30,Admision_01,,60,F,2,Traumatología,Hospitalización
EP01114,Consulta médica,2026-04-10 07:03:59,Dr_Pediat_03,,4,M,1,Pediatría,Alta
EP01025,Triage,2026-04-10 07:23:05,Enf_Triage_01,,60,F,2,Traumatología,Hospitalización
EP01253,Consulta médica,2026-04-10 07:25:07,Dr_Emerge_03,,48,M,2,Emergencias,Alta
EP00306,Ingreso a hospitalización,2026-04-10 07:29:30,Gestion_Camas,,50,M,1,Emergencias,Hospitalización
EP01025,Consulta médica,2026-04-10 07:45:41,Dr_Trauma_04,,60,F,2,Traumatología,Hospitalización
EP01114,Tratamiento,2026-04-10 07:50:07,Enf_Pediat_04,,4,M,1,Pediatría,Alta
EP01253,Tratamiento,2026-04-10 07:55:16,Enf_Emerge_03,,48,M,2,Emergencias,Alta
EP01025,Tratamiento,2026-04-10 08:29:09,Enf_Trauma_02,,60,F,2,Traumatología,Hospitalización
EP01114,Alta,2026-04-10 08:43:23,Dr_Pediat_03,,4,M,1,Pediatría,Alta
EP01412,Registro del paciente,2026-04-10 09:08:35,Admision_03,,66,F,4,Emergencias,Alta
EP01253,Alta,2026-04-10 09:19:46,Dr_Emerge_03,,48,M,2,Emergencias,Alta
EP01210,Registro del paciente,2026-04-10 09:53:34,Admision_03,,51,F,2,Emergencias,Alta
EP01210,Triage,2026-04-10 10:21:29,Enf_Triage_01,,51,F,2,Emergencias,Alta
EP01412,Triage,,Enf_Triage_02,,66,F,4,Emergencias,Alta
EP01210,Consulta médica,2026-04-10 11:01:04,Dr_Emerge_01,,51,F,2,Emergencias,Alta
EP01210,Tratamiento,2026-04-10 11:21:46,Enf_Emerge_02,,51,F,2,Emergencias,Alta
EP01210,Alta,2026-04-10 12:58:39,Dr_Emerge_01,,51,F,2,Emergencias,Alta
EP01025,Ingreso a hospitalización,2026-04-10 14:25:21,Gestion_Camas,,60,F,2,Traumatología,Hospitalización
EP01412,Consulta médica,2026-04-10 16:33:59,Dr_Emerge_01,,66,F,4,Emergencias,Alta
EP00693,Registro del paciente,2026-04-10 17:10:36,Admision_03,,24,F,2,Emergencias,Alta
EP01412,Tratamiento,2026-04-10 17:18:52,Enf_Emerge_02,,66,F,4,Emergencias,Alta
EP00693,Triage,2026-04-10 17:31:22,Enf_Triage_01,,24,F,2,Emergencias,Alta
EP00693,Consulta médica,2026-04-10 17:54:20,Dr_Emerge_01,,24,F,2,Emergencias,Alta
EP00693,Solicitud de examen,2026-04-10 18:17:50,Dr_Emerge_01,Laboratorio,24,F,2,Emergencias,Alta
EP00454,Realización de examen,2026-04-10 18:29:09,Imagenologia,Imagenología,66,F,2,Emergencias,Alta
EP01195,Registro del paciente,2026-04-10 19:09:54,Admision_03,,30,M,3,Medicina Interna,Hospitalización
EP00693,Realización de examen,2026-04-10 19:30:50,Laboratorio_Clinico,Laboratorio,24,F,2,Emergencias,Alta
EP01195,Triage,2026-04-10 19:44:23,Enf_Triage_01,,30,M,3,Medicina Interna,Hospitalización
EP01412,Alta,2026-04-10 20:02:20,Dr_Emerge_01,,66,F,4,Emergencias,Alta
EP00454,Evaluación de resultados,2026-04-10 20:20:13,Dr_Emerge_01,Imagenología,66,F,2,Emergencias,Alta
EP00693,Evaluación de resultados,2026-04-10 20:48:17,Dr_Emerge_01,Laboratorio,24,F,2,Emergencias,Alta
EP00693,Solicitud de examen,2026-04-10 20:58:49,Dr_Emerge_01,Imagenología,24,F,2,Emergencias,Alta
EP01195,Consulta médica,2026-04-10 21:04:10,Dr_Medici_01,,30,M,3,Medicina Interna,Hospitalización
EP01195,Solicitud de examen,2026-04-10 21:13:03,Dr_Medici_01,Laboratorio,30,M,3,Medicina Interna,Hospitalización
EP01195,Realización de examen,2026-04-10 22:00:43,Laboratorio_Clinico,Laboratorio,30,M,3,Medicina Interna,Hospitalización
EP01195,Evaluación de resultados,2026-04-10 23:27:47,Dr_Medici_01,Laboratorio,30,M,3,Medicina Interna,Hospitalización
EP01195,Solicitud de examen,2026-04-10 23:44:37,Dr_Medici_01,Imagenología,30,M,3,Medicina Interna,Hospitalización
EP01195,Realización de examen,2026-04-11 02:17:22,Imagenologia,Imagenología,30,M,3,Medicina Interna,Hospitalización
EP00693,Realización de examen,2026-04-11 02:53:31,Imagenologia,Imagenología,24,F,2,Emergencias,Alta
EP00693,Evaluación de resultados,2026-04-11 03:58:59,Dr_Emerge_01,Imagenología,24,F,2,Emergencias,Alta
EP00693,Tratamiento,2026-04-11 04:30:09,Enf_Emerge_01,,24,F,2,Emergencias,Alta
EP01245,Registro del paciente,2026-04-11 04:31:32,Admision_01,,24,M,3,Emergencias,Alta
EP01245,Triage,2026-04-11 05:18:41,Enf_Triage_01,,24,M,3,Emergencias,Alta
EP00693,Alta,2026-04-11 05:39:25,Dr_Emerge_01,,24,F,2,Emergencias,Alta
EP01195,Evaluación de resultados,2026-04-11 05:40:45,Dr_Medici_01,Imagenología,30,M,3,Medicina Interna,Hospitalización
EP01195,Solicitud de examen,2026-04-11 05:55:48,Dr_Medici_01,Imagenología,30,M,3,Medicina Interna,Hospitalización
EP01245,Consulta médica,2026-04-11 06:37:46,Dr_Emerge_01,,24,M,3,Emergencias,Alta
EP01245,Tratamiento,2026-04-11 07:25:27,Enf_Emerge_01,,24,M,3,Emergencias,Alta
EP00895,Registro del paciente,2026-04-11 08:23:04,Admision_03,,5,M,1,Pediatría,Alta
EP00895,Triage,2026-04-11 08:26:05,Enf_Triage_02,,5,M,1,Pediatría,Alta
EP00137,Registro del paciente,2026-04-11 08:33:09,Admision_01,,37,F,2,Emergencias,Hospitalización
EP00895,Consulta médica,2026-04-11 08:35:57,Dr_Pediat_03,,5,M,1,Pediatría,Alta
EP00137,Triage,2026-04-11 08:47:56,Enf_Triage_02,,37,F,2,Emergencias,Hospitalización
EP00895,Tratamiento,2026-04-11 09:12:56,Enf_Pediat_02,,5,M,1,Pediatría,Alta
EP00895,Tratamiento,2026-04-11 09:12:56,Enf_Pediat_02,,5,M,1,Pediatría,Alta
EP00137,Consulta médica,2026-04-11 09:40:42,Dr_Emerge_03,,37,F,2,Emergencias,Hospitalización
EP00137,Solicitud de examen,2026-04-11 09:54:15,Dr_Emerge_03,Imagenología,37,F,2,Emergencias,Hospitalización
EP01245,Alta,2026-04-11 10:32:13,Dr_Emerge_01,,24,M,3,Emergencias,Alta
EP00895,Alta,2026-04-11 11:19:56,Dr_Pediat_03,,5,M,1,Pediatría,Alta
EP00137,Realización de examen,2026-04-11 11:58:01,Imagenologia,Imagenología,37,F,2,Emergencias,Hospitalización
EP00454,Interconsulta especialista,2026-04-11 12:44:28,Especialista_02,,66,F,2,Emergencias,Alta
EP00137,Evaluación de resultados,2026-04-11 13:10:10,Dr_Emerge_03,Imagenología,37,F,2,Emergencias,Hospitalización
EP01111,Registro del paciente,,Admision_02,,58,F,4,Medicina Interna,Alta
EP00981,Registro del paciente,2026-04-11 14:01:28,Admision_02,,18,M,3,Medicina Interna,Alta
EP00137,Tratamiento,2026-04-11 14:01:39,Enf_Emerge_01,,37,F,2,Emergencias,Hospitalización
EP00454,Tratamiento,2026-04-11 14:11:58,Enf_Emerge_01,,66,F,2,Emergencias,Alta
EP01111,Triage,2026-04-11 14:36:23,Enf_Triage_02,,58,F,4,Medicina Interna,Alta
EP01195,Realización de examen ,2026-04-11 14:38:17,Imagenologia,Imagenología,30,M,3,Medicina Interna,Hospitalización
EP00981,Triage,2026-04-11 14:41:47,Enf_Triage_03,,18,M,3,Medicina Interna,Alta
EP00454,Alta,2026-04-11 14:53:20,Dr_Emerge_01,,66,F,2,Emergencias,Alta
EP01195,Evaluación de resultados,2026-04-11 15:32:43,Dr_Medici_01,Imagenología,30,M,3,Medicina Interna,Hospitalización
EP00988,Registro del paciente,2026-04-11 16:40:30,Admision_01,,36,F,3,Emergencias,Alta
EP00137,Ingreso a hospitalización,2026-04-11 17:13:12,Gestion_Camas,,37,F,2,Emergencias,Hospitalización
EP01195,Consulta médica,2026-04-11 17:16:35,Dr_Medici_01,,30,M,3,Medicina Interna,Hospitalización
EP00988,Triage,2026-04-11 17:18:31,Enf_Triage_01,,36,F,3,Emergencias,Alta
EP01195,Tratamiento,2026-04-11 17:50:37,Enf_Medici_04,,30,M,3,Medicina Interna,Hospitalización
EP00981,Consulta médica,2026-04-11 18:10:33,Dr_Medici_02,,18,M,3,Medicina Interna,Alta
EP01111,Consulta médica,2026-04-11 18:12:17,Dr_Medici_03,,58,F,4,Medicina Interna,Alta
EP01111,Solicitud de examen,2026-04-11 18:32:12,Dr_Medici_03,Imagenología,58,F,4,Medicina Interna,Alta
EP00642,Registro del paciente,2026-04-11 19:22:36,Admision_02,,55,F,3,Medicina Interna,Alta
EP00988,Consulta médica,2026-04-11 19:26:27,Dr_Emerge_01,,36,F,3,Emergencias,Alta
EP00988,Solicitud de examen,2026-04-11 19:32:49,Dr_Emerge_01,Laboratorio,36,F,3,Emergencias,Alta
EP00642,Triage,2026-04-11 19:40:58,Enf_Triage_02,,55,F,3,Medicina Interna,Alta
EP00988,Realización de examen,2026-04-11 20:04:38,Laboratorio_Clinico,Laboratorio,36,F,3,Emergencias,Alta
EP01195,Ingreso a hospitalización,2026-04-11 21:47:51,Gestion_Camas,,30,M,3,Medicina Interna,Hospitalización
EP00988,Evaluación de resultados,2026-04-11 22:00:06,Dr_Emerge_01,Laboratorio,36,F,3,Emergencias,Alta
EP00642,Consulta médica,2026-04-11 22:04:17,Dr_Medici_01,,55,F,3,Medicina Interna,Alta
EP00988,Tratamiento,2026-04-11 22:32:48,Enf_Emerge_04,,36,F,3,Emergencias,Alta
EP00642,Solicitud de examen,2026-04-11 22:38:47,Dr_Medici_01,Laboratorio,55,F,3,Medicina Interna,Alta
EP00988,Alta,2026-04-11 23:21:46,Dr_Emerge_01,,36,F,3,Emergencias,Alta
EP00981,Interconsulta especialista,2026-04-11 23:34:24,Especialista_01,,18,M,3,Medicina Interna,Alta
EP00642,Realización de examen,2026-04-11 23:50:36,Laboratorio_Clinico,Laboratorio,55,F,3,Medicina Interna,Alta
EP00981,Tratamiento,2026-04-11 23:54:05,Enf_Medici_02,,18,M,3,Medicina Interna,Alta
EP00642,Evaluación de resultados,2026-04-12 00:05:30,Dr_Medici_01,Laboratorio,55,F,3,Medicina Interna,Alta
EP00981,Alta,2026-04-12 01:02:34,Dr_Medici_02,,18,M,3,Medicina Interna,Alta
EP01124,Registro del paciente,2026-04-12 01:56:39,Admision_03,,43,M,2,Emergencias,Alta
EP00663,Registro del paciente,2026-04-12 02:10:32,Admision_03,,80,M,3,Emergencias,Hospitalización
EP01124,Triage,2026-04-12 02:21:53,Enf_Triage_03,,43,M,2,Emergencias,Alta
EP00642,Consulta médica,2026-04-12 02:30:00,Dr_Medici_01,,55,F,3,Medicina Interna,Alta
EP00663,Triage,2026-04-12 02:32:30,Enf_Triage_01,,80,M,3,Emergencias,Hospitalización
EP01111,Realización de examen,2026-04-12 03:04:15,Imagenologia,Imagenología,58,F,4,Medicina Interna,Alta
EP01124,Consulta médica,2026-04-12 03:10:46,Dr_Emerge_03,,43,M,2,Emergencias,Alta
EP00642,Tratamiento,2026-04-12 03:19:39,Enf_Medici_01,,55,F,3,Medicina Interna,Alta
EP01124,Solicitud de examen,2026-04-12 03:41:49,Dr_Emerge_03,Laboratorio,43,M,2,Emergencias,Alta
EP00642,Alta,2026-04-12 04:54:55,Dr_Medici_01,,55,F,3,Medicina Interna,Alta
EP01124,Realización de examen,2026-04-12 05:12:40,Laboratorio_Clinico,Laboratorio,43,M,2,Emergencias,Alta
EP00663,Consulta médica,2026-04-12 06:12:55,Dr_Emerge_04,,80,M,3,Emergencias,Hospitalización
EP00663,Solicitud de examen,2026-04-12 06:22:16,Dr_Emerge_04,Imagenología,80,M,3,Emergencias,Hospitalización
EP01124,Evaluación de resultados,2026-04-12 06:24:10,Dr_Emerge_03,Laboratorio,43,M,2,Emergencias,Alta
EP01124,Tratamiento,2026-04-12 06:49:03,Enf_Emerge_02,,43,M,2,Emergencias,Alta
EP01124,Alta,2026-04-12 07:12:00,Dr_Emerge_03,,43,M,2,Emergencias,Alta
EP01111,Evaluación de resultados,2026-04-12 07:27:25,Dr_Medici_03,Imagenología,58,F,4,Medicina Interna,Alta
EP01111,Tratamiento,2026-04-12 08:23:34,Enf_Medici_03,,58,F,4,Medicina Interna,Alta
EP01111,Alta,2026-04-12 08:54:13,Dr_Medici_03,,58,F,4,Medicina Interna,Alta
EP00663,Realización de examen,2026-04-12 09:48:19,Imagenologia,Imagenología,80,M,3,Emergencias,Hospitalización
EP00320,Registro del paciente,2026-04-12 10:58:09,Admision_01,,44,M,3,Emergencias,Alta
EP00663,Evaluación de resultados,2026-04-12 11:20:52,Dr_Emerge_04,Imagenología,80,M,3,Emergencias,Hospitalización
EP00320,Triage,2026-04-12 11:31:46,Enf_Triage_01,,44,M,3,Emergencias,Alta
EP00320,Consulta médica,2026-04-12 12:07:18,Dr_Emerge_01,,44,M,3,Emergencias,Alta
EP00663,Tratamiento,2026-04-12 12:07:21,Enf_Emerge_03,,80,M,3,Emergencias,Hospitalización
EP00320,Solicitud de examen,2026-04-12 12:19:23,Dr_Emerge_01,Laboratorio,44,M,3,Emergencias,Alta
EP01207,Registro del paciente,2026-04-12 12:21:25,Admision_01,,3,F,5,Pediatría,Alta
EP00320,Realización de examen,2026-04-12 13:08:32,Laboratorio_Clinico,Laboratorio,44,M,3,Emergencias,Alta
EP01207,Triage,2026-04-12 13:22:20,Enf_Triage_01,,3,F,5,Pediatría,Alta
EP00320,Evaluación de resultados,2026-04-12 13:40:24,Dr_Emerge_01,Laboratorio,44,M,3,Emergencias,Alta
EP01090,Registro del paciente,2026-04-12 15:22:56,Admision_01,,15,F,4,Medicina Interna,Traslado
EP01090,Triage,2026-04-12 15:52:14,Enf_Triage_03,,15,F,4,Medicina Interna,Traslado
EP00296,Registro del paciente,2026-04-12 16:00:38,Admision_03,,14,M,4,Pediatría,Alta
EP00296,Triage,2026-04-12 16:47:58,Enf_Triage_02,,14,M,4,Pediatría,Alta
EP00475,Registro del paciente,2026-04-12 17:08:53,Admision_02,,44,M,5,Medicina Interna,Alta
EP01207,Consulta médica,2026-04-12 17:14:05,Dr_Pediat_03,,3,F,5,Pediatría,Alta
EP01207,Solicitud de examen,2026-04-12 17:21:33,Dr_Pediat_03,Imagenología,3,F,5,Pediatría,Alta
EP00255,Registro del paciente,2026-04-12 17:59:51,Admision_02,,63,F,2,Medicina Interna,Hospitalización
EP01090,Consulta médica,2026-04-12 18:27:35,Dr_Medici_01,,15,F,4,Medicina Interna,Traslado
EP00255,Triage,2026-04-12 18:37:21,Enf_Triage_03,,63,F,2,Medicina Interna,Hospitalización
EP01090,Solicitud de examen,2026-04-12 18:40:17,Dr_Medici_01,Laboratorio,15,F,4,Medicina Interna,Traslado
EP00255,Consulta médica,2026-04-12 18:57:27,Dr_Medici_04,,63,F,2,Medicina Interna,Hospitalización
EP00475,Triage,2026-04-12 18:59:06,Enf_Triage_02,,44,M,5,Medicina Interna,Alta
EP00439,Registro del paciente,2026-04-12 19:03:43,Admision_03,,64,M,1,Emergencias,Alta
EP00439,Triage,2026-04-12 19:06:44,Enf_Triage_02,,64,M,1,Emergencias,Alta
EP00439,Consulta médica,2026-04-12 19:12:49,Dr_Emerge_04,,64,M,1,Emergencias,Alta
EP00255,Solicitud de examen,2026-04-12 19:16:13,Dr_Medici_04,Imagenología,63,F,2,Medicina Interna,Hospitalización
EP00320,Interconsulta especialista,2026-04-12 19:25:54,Especialista_03,,44,M,3,Emergencias,Alta
EP00296,Consulta médica,2026-04-12 19:38:01,Dr_Pediat_02,,14,M,4,Pediatría,Alta
EP00439,Tratamiento,2026-04-12 19:46:53,Enf_Emerge_04,,64,M,1,Emergencias,Alta
EP01090,Realización de examen,2026-04-12 19:51:04,Laboratorio_Clinico,Laboratorio,15,F,4,Medicina Interna,Traslado
EP00320,Tratamiento,2026-04-12 20:08:04,Enf_Emerge_04,,44,M,3,Emergencias,Alta
EP01090,Evaluación de resultados,2026-04-12 20:30:25,Dr_Medici_01,Laboratorio,15,F,4,Medicina Interna,Traslado
EP00439,Alta,2026-04-12 20:37:21,Dr_Emerge_04,,64,M,1,Emergencias,Alta
EP00296,Tratamiento,2026-04-12 20:40:14,Enf_Pediat_02,,14,M,4,Pediatría,Alta
EP00663,Ingreso a hospitalización,2026-04-12 20:48:57,Gestion_Camas,,80,M,3,Emergencias,Hospitalización
EP01090,Tratamiento,2026-04-12 21:13:53,Enf_Medici_03,,15,F,4,Medicina Interna,Traslado
EP00296,Alta,2026-04-12 21:25:19,Dr_Pediat_02,,14,M,4,Pediatría,Alta
EP00320,Alta,2026-04-12 21:29:12,Dr_Emerge_01,,44,M,3,Emergencias,Alta
EP00255,Realización de examen,2026-04-12 22:20:27,Imagenologia,Imagenología,63,F,2,Medicina Interna,Hospitalización
EP00255,Evaluación de resultados,2026-04-12 23:56:57,Dr_Medici_04,Imagenología,63,F,2,Medicina Interna,Hospitalización
EP00475,Consulta médica,2026-04-13 00:48:11,Dr_Medici_03,,44,M,5,Medicina Interna,Alta
EP00475,Solicitud de examen,2026-04-13 01:01:55,Dr_Medici_03,Imagenología,44,M,5,Medicina Interna,Alta
EP00255,Consulta médica,2026-04-13 01:48:13,Dr_Medici_04,,63,F,2,Medicina Interna,Hospitalización
EP00255,Tratamiento,2026-04-13 02:21:09,Enf_Medici_01,,63,F,2,Medicina Interna,Hospitalización
EP01284,Registro del paciente,2026-04-13 02:27:50,Admision_02,,15,F,2,Emergencias,Alta
EP01284,Triage,2026-04-13 02:52:46,Enf_Triage_03,,15,F,2,Emergencias,Alta
EP01284,Consulta médica,2026-04-13 03:31:15,Dr_Emerge_02,,15,F,2,Emergencias,Alta
EP01090,Traslado a otro centro,2026-04-13 04:52:34,Admision_01,,15,F,4,Medicina Interna,Traslado
EP01207,Realización de examen,2026-04-13 05:47:20,Imagenologia,Imagenología,3,F,5,Pediatría,Alta
EP00255,Ingreso a hospitalización,2026-04-13 07:30:06,Gestion_Camas,,63,F,2,Medicina Interna,Hospitalización
EP01207,Evaluación de resultados,2026-04-13 07:49:46,Dr_Pediat_03,Imagenología,3,F,5,Pediatría,Alta
EP01284,Interconsulta especialista,2026-04-13 09:47:20,Especialista_02,,15,F,2,Emergencias,Alta
EP01284,Tratamiento,2026-04-13 10:15:30,Enf_Emerge_02,,15,F,2,Emergencias,Alta
EP01284,Alta,2026-04-13 11:04:45,Dr_Emerge_02,,15,F,2,Emergencias,Alta
EP00780,Registro del paciente,2026-04-13 12:06:32,Admision_03,,15,M,2,Medicina Interna,Hospitalización
EP00780,Triage,2026-04-13 12:39:24,Enf_Triage_03,,15,M,2,Medicina Interna,Hospitalización
EP00475,Realización de examen,2026-04-13 12:49:56,Imagenologia,Imagenología,44,M,5,Medicina Interna,Alta
EP01207,Interconsulta especialista,2026-04-13 13:12:16,Especialista_05,,3,F,5,Pediatría,Alta
EP01207,Tratamiento,2026-04-13 13:29:03,Enf_Pediat_03,,3,F,5,Pediatría,Alta
EP00475,Evaluación de resultados,2026-04-13 14:35:25,Dr_Medici_03,Imagenología,44,M,5,Medicina Interna,Alta
EP00780,Consulta médica,2026-04-13 14:36:08,Dr_Medici_03,,15,M,2,Medicina Interna,Hospitalización
EP00780,Solicitud de examen,2026-04-13 14:43:45,Dr_Medici_03,Laboratorio,15,M,2,Medicina Interna,Hospitalización
EP00475,Solicitud de examen,2026-04-13 14:45:12,Dr_Medici_03,Imagenología,44,M,5,Medicina Interna,Alta
EP01207,Alta,2026-04-13 15:11:04,Dr_Pediat_03,,3,F,5,Pediatría,Alta
EP00780,Realización de examen,2026-04-13 15:19:41,Laboratorio_Clinico,Laboratorio,15,M,2,Medicina Interna,Hospitalización
EP00780,Evaluación de resultados,2026-04-13 15:53:10,Dr_Medici_03,Laboratorio,15,M,2,Medicina Interna,Hospitalización
EP00780,Solicitud de examen,2026-04-13 16:17:04,Dr_Medici_03,Imagenología,15,M,2,Medicina Interna,Hospitalización
EP00109,Registro del paciente,2026-04-13 19:07:12,Admision_01,,71,F,3,Emergencias,Hospitalización
EP00109,Triage,2026-04-13 19:59:25,Enf_Triage_01,,71,F,3,Emergencias,Hospitalización
EP00780,Realización de examen,2026-04-13 20:14:57,Imagenologia,Imagenología,15,M,2,Medicina Interna,Hospitalización
EP00780,Evaluación de resultados,2026-04-13 21:27:21,Dr_Medici_03,Imagenología,15,M,2,Medicina Interna,Hospitalización
EP00780,Solicitud de examen,2026-04-13 21:31:33,Dr_Medici_03,Laboratorio,15,M,2,Medicina Interna,Hospitalización
EP00109,Consulta médica,2026-04-13 22:01:53,Dr_Emerge_02,,71,F,3,Emergencias,Hospitalización
EP00109,Tratamiento,2026-04-13 22:19:52,Enf_Emerge_03,,71,F,3,Emergencias,Hospitalización
EP00780,Realización de examen,2026-04-13 22:48:41,Laboratorio_Clinico,Laboratorio,15,M,2,Medicina Interna,Hospitalización
EP00780,Evaluación de resultados,2026-04-13 23:19:02,Dr_Medici_03,Laboratorio,15,M,2,Medicina Interna,Hospitalización
EP00475,Realización de examen,2026-04-14 00:01:20,Imagenologia,Imagenología,44,M,5,Medicina Interna,Alta
EP00737,Registro del paciente,2026-04-14 00:16:29,Admision_02,,64,F,4,Medicina Interna,Hospitalización
EP00737,Triage,2026-04-14 00:46:46,Enf_Triage_03,,64,F,4,Medicina Interna,Hospitalización
EP00475,Evaluación de resultados,2026-04-14 01:05:44,Dr_Medici_03,Imagenología,44,M,5,Medicina Interna,Alta
EP00780,Interconsulta especialista,2026-04-14 02:23:51,Especialista_03,,15,M,2,Medicina Interna,Hospitalización
EP00780,Tratamiento,2026-04-14 02:59:14,Enf_Medici_01,,15,M,2,Medicina Interna,Hospitalización
EP00737,Consulta médica,2026-04-14 03:04:18,Dr_Medici_03,,64,F,4,Medicina Interna,Hospitalización
EP00737,Solicitud de examen,2026-04-14 03:21:33,Dr_Medici_03,Laboratorio,64,F,4,Medicina Interna,Hospitalización
EP00475,Consulta médica,2026-04-14 04:02:01,Dr_Medici_03,,44,M,5,Medicina Interna,Alta
EP00109,Ingreso a hospitalización,2026-04-14 04:21:27,Gestion_Camas,,71,F,3,Emergencias,Hospitalización
EP00737,Realización de examen,2026-04-14 04:43:08,Laboratorio_Clinico,Laboratorio,64,F,4,Medicina Interna,Hospitalización
EP00737,Evaluación de resultados,2026-04-14 05:06:01,Dr_Medici_03,Laboratorio,64,F,4,Medicina Interna,Hospitalización
EP00475,Tratamiento,2026-04-14 05:26:21,Enf_Medici_04,,44,M,5,Medicina Interna,Alta
EP00737,Solicitud de examen,2026-04-14 05:26:21,Dr_Medici_03,Laboratorio,64,F,4,Medicina Interna,Hospitalización
EP00780,Ingreso a hospitalización,2026-04-14 05:45:29,Gestion_Camas,,15,M,2,Medicina Interna,Hospitalización
EP00475,Alta,2026-04-14 06:27:50,Dr_Medici_03,,44,M,5,Medicina Interna,Alta
EP00737,Realización de examen,2026-04-14 06:50:17,Laboratorio_Clinico,Laboratorio,64,F,4,Medicina Interna,Hospitalización
EP00737,Evaluación de resultados,2026-04-14 07:25:42,Dr_Medici_03,Laboratorio,64,F,4,Medicina Interna,Hospitalización
EP00737,Solicitud de examen,2026-04-14 07:43:50,Dr_Medici_03,Laboratorio,64,F,4,Medicina Interna,Hospitalización
EP00737,Realización de examen,2026-04-14 09:27:16,Laboratorio_Clinico,Laboratorio,64,F,4,Medicina Interna,Hospitalización
EP00737,Evaluación de resultados,2026-04-14 10:13:56,Dr_Medici_03,Laboratorio,64,F,4,Medicina Interna,Hospitalización
EP00737,Tratamiento,2026-04-14 10:41:33,Enf_Medici_01,,64,F,4,Medicina Interna,Hospitalización
EP00731,Registro del paciente,2026-04-14 10:56:29,Admision_03,,51,F,4,Emergencias,Alta
EP00731,Triage,2026-04-14 11:46:51,Enf_Triage_02,,51,F,4,Emergencias,Alta
EP00476,Registro del paciente,2026-04-14 11:54:14,Admision_02,,62,F,2,Traumatología,Alta
EP01143,Registro del paciente,2026-04-14 11:58:03,Admision_02,,69,F,5,Emergencias,Alta
EP01433,Registro del paciente,2026-04-14 12:06:22,Admision_01,,13,M,2,Pediatría,Alta
EP00476,Triage,2026-04-14 12:15:27,Enf_Triage_01,,62,F,2,Traumatología,Alta
EP01143,Triage,2026-04-14 12:26:27,Enf_Triage_03,,69,F,5,Emergencias,Alta
EP00999,Registro del paciente,2026-04-14 12:26:47,Admision_03,,53,F,3,Emergencias,Alta
EP00065,Registro del paciente,2026-04-14 12:27:45,Admision_03,,37,F,4,Traumatología,Alta
EP01433,Triage,2026-04-14 12:27:54,Enf_Triage_03,,13,M,2,Pediatría,Alta
EP00476,Consulta médica,2026-04-14 12:44:48,Dr_Trauma_03,,62,F,2,Traumatología,Alta
EP00065,Triage,2026-04-14 12:46:17,Enf_Triage_03,,37,F,4,Traumatología,Alta
EP01433,Consulta médica,,Dr_Pediat_04,,13,M,2,Pediatría,Alta
EP00999,Triage,2026-04-14 12:56:42,Enf_Triage_01,,53,F,3,Emergencias,Alta
EP01433,Tratamiento,2026-04-14 13:15:43,Enf_Pediat_03,,13,M,2,Pediatría,Alta
EP00476,Tratamiento,2026-04-14 13:50:19,Enf_Trauma_04,,62,F,2,Traumatología,Alta
EP01433,Alta,2026-04-14 13:53:05,Dr_Pediat_04,,13,M,2,Pediatría,Alta
EP00999,Consulta médica,2026-04-14 14:21:26,Dr_Emerge_03,,53,F,3,Emergencias,Alta
EP00731,Consulta médica,2026-04-14 14:32:14,Dr_Emerge_03,,51,F,4,Emergencias,Alta
EP00731,Solicitud de examen,2026-04-14 14:48:43,Dr_Emerge_03,Imagenología,51,F,4,Emergencias,Alta
EP00476,Alta,2026-04-14 15:01:47,Dr_Trauma_03,,62,F,2,Traumatología,Alta
EP00065,Consulta médica,2026-04-14 15:05:43,Dr_Trauma_04,,37,F,4,Traumatología,Alta
EP00999,Consulta médica,2026-04-14 15:22:17,Dr_Emerge_03,,53,F,3,Emergencias,Alta
EP00798,Registro del paciente,2026-04-14 15:55:36,Admision_02,,47,M,5,Traumatología,Alta
EP00065,Tratamiento,2026-04-14 16:09:49,Enf_Trauma_03,,37,F,4,Traumatología,Alta
EP00999,Tratamiento,2026-04-14 16:25:18,Enf_Emerge_04,,53,F,3,Emergencias,Alta
EP01462,Registro del paciente,2026-04-14 16:36:11,Admision_02,,47,F,3,Emergencias,Alta
EP00798,Triage,2026-04-14 16:46:10,Enf_Triage_01,,47,M,5,Traumatología,Alta
EP01462,Triage,2026-04-14 17:18:49,Enf_Triage_01,,47,F,3,Emergencias,Alta
EP00065,Alta,2026-04-14 17:34:27,Dr_Trauma_04,,37,F,4,Traumatología,Alta
EP00999,Alta,2026-04-14 17:40:21,Dr_Emerge_03,,53,F,3,Emergencias,Alta
EP01143,Consulta médica,2026-04-14 17:56:17,Dr_Emerge_04,,69,F,5,Emergencias,Alta
EP00114,Registro del paciente,2026-04-14 18:01:34,Admision_01,,63,F,2,Traumatología,Alta
EP01143,Solicitud de examen,2026-04-14 18:10:11,Dr_Emerge_04,Imagenología,69,F,5,Emergencias,Alta
EP00114,Triage,2026-04-14 18:15:23,Enf_Triage_01,,63,F,2,Traumatología,Alta
EP00737,Ingreso a hospitalización,2026-04-14 18:17:20,Gestion_Camas,,64,F,4,Medicina Interna,Hospitalización
EP01462,Consulta médica,2026-04-14 18:25:57,Dr_Emerge_02,,47,F,3,Emergencias,Alta
EP00114,Consulta médica,2026-04-14 18:33:29,Dr_Trauma_02,,63,F,2,Traumatología,Alta
EP00114,Solicitud de examen,2026-04-14 18:39:43,Dr_Trauma_02,Imagenología,63,F,2,Traumatología,Alta
EP01462,Tratamiento,2026-04-14 19:17:03,Enf_Emerge_04,,47,F,3,Emergencias,Alta
EP00769,Registro del paciente,2026-04-14 19:53:04,Admision_02,,60,F,2,Traumatología,Alta
EP00769,Triage,2026-04-14 20:12:39,Enf_Triage_02,,60,F,2,Traumatología,Alta
EP00461,Registro del paciente,2026-04-14 20:24:38,Admision_02,,1,F,4,Pediatría,Alta
EP00769,Consulta médica,2026-04-14 20:38:21,Dr_Trauma_04,,60,F,2,Traumatología,Alta
EP00461,Triage,2026-04-14 20:55:45,Enf_Triage_01,,1,F,4,Pediatría,Alta
EP01462,Alta,2026-04-14 20:56:55,Dr_Emerge_02,,47,F,3,Emergencias,Alta
EP00798,Consulta médica,2026-04-14 21:16:11,Dr_Trauma_02,,47,M,5,Traumatología,Alta
EP01232,Registro del paciente,2026-04-14 21:24:12,Admision_02,,45,F,4,Emergencias,Alta
EP00769,Tratamiento,2026-04-14 21:25:50,Enf_Trauma_02,,60,F,2,Traumatología,Alta
EP00114,Realización de examen,2026-04-14 21:56:04,Imagenologia,Imagenología,63,F,2,Traumatología,Alta
EP01232,Triage,2026-04-14 21:57:29,Enf_Triage_03,,45,F,4,Emergencias,Alta
EP00731,Realización de examen,2026-04-14 22:05:16,Imagenologia,Imagenología,51,F,4,Emergencias,Alta
EP00798,Tratamiento,2026-04-14 22:37:03,Enf_Trauma_04,,47,M,5,Traumatología,Alta
EP00461,Consulta médica,2026-04-14 23:04:31,Dr_Pediat_04,,1,F,4,Pediatría,Alta
EP00798,Alta,2026-04-14 23:08:55,Dr_Trauma_02,,47,M,5,Traumatología,Alta
EP00769,Alta,2026-04-14 23:09:35,Dr_Trauma_04,,60,F,2,Traumatología,Alta
EP00461,Solicitud de examen,2026-04-14 23:15:57,Dr_Pediat_04,Laboratorio,1,F,4,Pediatría,Alta
EP00114,Evaluación de resultados,2026-04-14 23:23:30,Dr_Trauma_02,Imagenología,63,F,2,Traumatología,Alta
EP01143,Realización de examen,2026-04-14 23:33:49,Imagenologia,Imagenología,69,F,5,Emergencias,Alta
EP00114,Tratamiento,2026-04-15 00:12:07,Enf_Trauma_03,,63,F,2,Traumatología,Alta
EP00461,Realización de examen,2026-04-15 00:18:39,Laboratorio_Clinico,Laboratorio,1,F,4,Pediatría,Alta
EP00731,Evaluación de resultados,2026-04-15 00:34:36,Dr_Emerge_03,Imagenología,51,F,4,Emergencias,Alta
EP00461,Evaluación de resultados,2026-04-15 00:39:42,Dr_Pediat_04,Laboratorio,1,F,4,Pediatría,Alta
EP00114,Alta,2026-04-15 01:03:06,Dr_Trauma_02,,63,F,2,Traumatología,Alta
EP01232,Consulta médica,2026-04-15 01:23:56,Dr_Emerge_02,,45,F,4,Emergencias,Alta
EP00731,Tratamiento,2026-04-15 01:27:42,Enf_Emerge_03,,51,F,4,Emergencias,Alta
EP01143,Evaluación de resultados,2026-04-15 01:31:40,Dr_Emerge_04,Imagenología,69,F,5,Emergencias,Alta
EP00461,Tratamiento,2026-04-15 01:45:24,Enf_Pediat_03,,1,F,4,Pediatría,Alta
EP01232,Tratamiento,2026-04-15 01:58:25,Enf_Emerge_01,,45,F,4,Emergencias,Alta
EP01143,Tratamiento,2026-04-15 02:12:47,Enf_Emerge_01,,69,F,5,Emergencias,Alta
EP00731,Alta,2026-04-15 02:20:10,Dr_Emerge_03,,51,F,4,Emergencias,Alta
EP01232,Alta,2026-04-15 02:36:14,Dr_Emerge_02,,45,F,4,Emergencias,Alta
EP01143,Alta,2026-04-15 02:42:50,Dr_Emerge_04,,69,F,5,Emergencias,Alta
EP00461,Alta,2026-04-15 02:46:07,Dr_Pediat_04,,1,F,4,Pediatría,Alta
EP00572,Registro del paciente,2026-04-15 04:02:18,Admision_02,,35,F,4,Emergencias,Alta
EP00572,Triage,2026-04-15 04:25:59,Enf_Triage_02,,35,F,4,Emergencias,Alta
EP00572,Consulta médica,2026-04-15 06:04:24,Dr_Emerge_03,,35,F,4,Emergencias,Alta
EP00572,Solicitud de examen,2026-04-15 06:20:55,Dr_Emerge_03,Laboratorio,35,F,4,Emergencias,Alta
EP00572,Realización de examen,2026-04-15 07:27:50,Laboratorio_Clinico,Laboratorio,35,F,4,Emergencias,Alta
EP00572,Evaluación de resultados,2026-04-15 08:30:46,Dr_Emerge_03,Laboratorio,35,F,4,Emergencias,Alta
EP00572,Solicitud de examen,2026-04-15 08:38:09,Dr_Emerge_03,Laboratorio,35,F,4,Emergencias,Alta
EP01109,Registro del paciente,2026-04-15 08:41:02,Admision_02,,43,F,4,Emergencias,Alta
EP00547,Registro del paciente,2026-04-15 08:51:03,Admision_02,,16,F,3,Medicina Interna,Alta
EP01109,Triage,2026-04-15 09:27:45,Enf_Triage_01,,43,F,4,Emergencias,Alta
EP00572,Realización de examen,2026-04-15 09:34:33,Laboratorio_Clinico,Laboratorio,35,F,4,Emergencias,Alta
EP00547,Triage,2026-04-15 09:59:51,Enf_Triage_01,,16,F,3,Medicina Interna,Alta
EP00572,Evaluación de resultados,2026-04-15 10:42:31,Dr_Emerge_03,Laboratorio,35,F,4,Emergencias,Alta
EP00572,Tratamiento,2026-04-15 11:16:38,Enf_Emerge_04,,35,F,4,Emergencias,Alta
EP00547,Consulta médica,2026-04-15 11:46:42,Dr_Medici_02,,16,F,3,Medicina Interna,Alta
EP00745,Registro del paciente,2026-04-15 11:48:46,Admision_01,,95,M,4,Emergencias,Alta
EP00547,Solicitud de examen,2026-04-15 11:58:24,Dr_Medici_02,Laboratorio,16,F,3,Medicina Interna,Alta
EP00745,Triage,2026-04-15 12:08:02,Enf_Triage_01,,95,M,4,Emergencias,Alta
EP00572,Alta,2026-04-15 12:46:50,Dr_Emerge_03,,35,F,4,Emergencias,Alta
EP00547,Realización de examen,2026-04-15 13:11:29,Laboratorio_Clinico,Laboratorio,16,F,3,Medicina Interna,Alta
EP01109,Consulta médica,2026-04-15 13:39:22,Dr_Emerge_02,,43,F,4,Emergencias,Alta
EP00547,Evaluación de resultados,2026-04-15 13:43:21,Dr_Medici_02,Laboratorio,16,F,3,Medicina Interna,Alta
EP01109,Tratamiento,2026-04-15 13:57:12,Enf_Emerge_02,,43,F,4,Emergencias,Alta
EP00547,Tratamiento,2026-04-15 14:13:04,Enf_Medici_03,,16,F,3,Medicina Interna,Alta
EP01109,Alta,2026-04-15 15:17:53,Dr_Emerge_02,,43,F,4,Emergencias,Alta
EP00745,Consulta médica,2026-04-15 15:46:16,Dr_Emerge_02,,95,M,4,Emergencias,Alta
EP00547,Alta,2026-04-15 16:05:27,Dr_Medici_02,,16,F,3,Medicina Interna,Alta
EP00787,Registro del paciente,2026-04-15 16:24:11,Admision_01,,0,F,5,Pediatría,Alta
EP00745,Tratamiento,2026-04-15 16:48:46,Enf_Emerge_02,,95,M,4,Emergencias,Alta
EP01034,Registro del paciente,2026-04-15 16:53:34,Admision_03,,45,F,1,Emergencias,Alta
EP00787,Triage,2026-04-15 16:55:50,Enf_Triage_02,,0,F,5,Pediatría,Alta
EP01034,Triage,2026-04-15 16:56:35,Enf_Triage_01,,45,F,1,Emergencias,Alta
EP01034,Consulta médica,2026-04-15 17:03:13,Dr_Emerge_04,,45,F,1,Emergencias,Alta
EP00243,Registro del paciente,2026-04-15 17:06:42,Admision_02,,45,M,1,Medicina Interna,Alta
EP00243,Triage,2026-04-15 17:09:43,Enf_Triage_02,,45,M,1,Medicina Interna,Alta
EP00243,Consulta médica,2026-04-15 17:18:57,Dr_Medici_02,,45,M,1,Medicina Interna,Alta
EP00745,Alta,2026-04-15 17:36:27,Dr_Emerge_02,,95,M,4,Emergencias,Alta
EP01034,Tratamiento,2026-04-15 17:40:33,Enf_Emerge_02,,45,F,1,Emergencias,Alta
EP00243,Tratamiento,2026-04-15 17:49:40,Enf_Medici_03,,45,M,1,Medicina Interna,Alta
EP01034,Alta,2026-04-15 18:26:51,Dr_Emerge_04,,45,F,1,Emergencias,Alta
EP00787,Consulta médica,2026-04-15 19:33:25,Dr_Pediat_03,,0,F,5,Pediatría,Alta
EP00787,Tratamiento,2026-04-15 20:05:25,Enf_Pediat_01,,0,F,5,Pediatría,Alta
EP00243,Alta,2026-04-15 21:00:46,Dr_Medici_02,,45,M,1,Medicina Interna,Alta
EP00787,Alta,2026-04-15 21:33:26,Dr_Pediat_03,,0,F,5,Pediatría,Alta
EP00786,Registro del paciente,2026-04-16 09:01:59,Admision_01,,30,F,4,Emergencias,Alta
EP00786,Triage,2026-04-16 09:57:04,Enf_Triage_02,,30,F,4,Emergencias,Alta
EP01193,Registro del paciente,2026-04-16 10:00:25,Admision_03,,50,M,3,Emergencias,Alta
EP01193,Triage,2026-04-16 10:32:07,Enf_Triage_02,,50,M,3,Emergencias,Alta
EP00786,Consulta médica,2026-04-16 11:24:37,Dr_Emerge_04,,30,F,4,Emergencias,Alta
EP01479,Registro del paciente,2026-04-16 11:38:52,Admision_01,,20,F,4,Traumatología,Alta
EP00786,Solicitud de examen,2026-04-16 11:43:08,Dr_Emerge_04,Laboratorio,30,F,4,Emergencias,Alta
EP01479,Triage,2026-04-16 12:08:37,Enf_Triage_01,,20,F,4,Traumatología,Alta
EP00786,Realización de examen,2026-04-16 13:30:49,Laboratorio_Clinico,Laboratorio,30,F,4,Emergencias,Alta
EP01193,Consulta médica,2026-04-16 13:47:28,Dr_Emerge_02,,50,M,3,Emergencias,Alta
EP00786,Evaluación de resultados,2026-04-16 13:51:16,Dr_Emerge_04,Laboratorio,30,F,4,Emergencias,Alta
EP00786,Tratamiento,2026-04-16 14:36:38,Enf_Emerge_02,,30,F,4,Emergencias,Alta
EP01193,Tratamiento,2026-04-16 15:14:32,Enf_Emerge_02,,50,M,3,Emergencias,Alta
EP00786,Alta,2026-04-16 15:47:21,Dr_Emerge_04,,30,F,4,Emergencias,Alta
EP01193,Alta,2026-04-16 16:05:30,Dr_Emerge_02,,50,M,3,Emergencias,Alta
EP01479,Consulta médica,2026-04-16 16:21:43,Dr_Trauma_02,,20,F,4,Traumatología,Alta
EP01479,Tratamiento,2026-04-16 17:08:05,Enf_Trauma_04,,20,F,4,Traumatología,Alta
EP00322,Registro del paciente,2026-04-16 17:09:27,Admision_01,,46,F,3,Emergencias,Alta
EP00322,Triage,2026-04-16 17:47:33,Enf_Triage_01,,46,F,3,Emergencias,Alta
EP01180,Registro del paciente,2026-04-16 17:48:59,Admision_03,,49,M,2,Medicina Interna,Hospitalización
EP01180,Triage,2026-04-16 18:06:47,Enf_Triage_03,,49,M,2,Medicina Interna,Hospitalización
EP00242,Registro del paciente,2026-04-16 18:14:38,Admision_02,,25,F,5,Emergencias,Alta
EP01180,Consulta médica,2026-04-16 18:24:55,Dr_Medici_04,,49,M,2,Medicina Interna,Hospitalización
EP01479,Alta,2026-04-16 18:34:55,Dr_Trauma_02,,20,F,4,Traumatología,Alta
EP01180,Solicitud de examen,2026-04-16 18:37:15,Dr_Medici_04,Laboratorio,49,M,2,Medicina Interna,Hospitalización
EP00322,Consulta médica,2026-04-16 19:03:27,Dr_Emerge_02,,46,F,3,Emergencias,Alta
EP00242,Triage,2026-04-16 19:04:01,Enf_Triage_03,,25,F,5,Emergencias,Alta
EP00322,Solicitud de examen,2026-04-16 19:24:07,Dr_Emerge_02,Imagenología,46,F,3,Emergencias,Alta
EP01140,Registro del paciente,2026-04-16 19:31:26,Admision_01,,32,F,3,Emergencias,Alta
EP01140,Triage,2026-04-16 19:55:37,Enf_Triage_01,,32,F,3,Emergencias,Alta
EP01180,Realización de examen,2026-04-16 20:22:16,Laboratorio_Clinico,Laboratorio,49,M,2,Medicina Interna,Hospitalización
EP01320,Registro del paciente,2026-04-16 20:42:48,Admision_02,,35,M,2,Emergencias,Hospitalización
EP01180,Evaluación de resultados,2026-04-16 21:06:47,Dr_Medici_04,Laboratorio,49,M,2,Medicina Interna,Hospitalización
EP01320,Triage,2026-04-16 21:14:09,Enf_Triage_01,,35,M,2,Emergencias,Hospitalización
EP01180,Tratamiento,2026-04-16 21:39:44,Enf_Medici_03,,49,M,2,Medicina Interna,Hospitalización
EP01320,Consulta médica,2026-04-16 21:50:25,Dr_Emerge_04,,35,M,2,Emergencias,Hospitalización
EP01320,Solicitud de examen,2026-04-16 22:00:48,Dr_Emerge_04,Laboratorio,35,M,2,Emergencias,Hospitalización
EP01140,Consulta médica,2026-04-16 22:01:41,Dr_Emerge_03,,32,F,3,Emergencias,Alta
EP01140,Tratamiento,2026-04-16 22:54:53,Enf_Emerge_03,,32,F,3,Emergencias,Alta
EP01320,Realización de examen,2026-04-16 23:23:51,Laboratorio_Clinico,Laboratorio,35,M,2,Emergencias,Hospitalización
EP01344,Registro del paciente,2026-04-16 23:44:00,Admision_03,,7,M,5,Pediatría,Alta
EP01344,Triage,2026-04-17 00:13:15,Enf_Triage_01,,7,M,5,Pediatría,Alta
EP01320,Evaluación de resultados,2026-04-17 00:13:16,Dr_Emerge_04,Laboratorio,35,M,2,Emergencias,Hospitalización
EP01140,Alta,2026-04-17 00:16:51,Dr_Emerge_03,,32,F,3,Emergencias,Alta
EP01320,Solicitud de examen,2026-04-17 00:48:30,Dr_Emerge_04,Imagenología,35,M,2,Emergencias,Hospitalización
EP00242,Consulta medica,2026-04-17 02:27:23,Dr_Emerge_03,,25,F,5,Emergencias,Alta
EP00242,Tratamiento,2026-04-17 02:52:18,Enf_Emerge_01,,25,F,5,Emergencias,Alta
EP00242,Alta,2026-04-17 03:48:50,Dr_Emerge_03,,25,F,5,Emergencias,Alta
EP01344,Consulta médica,2026-04-17 04:28:13,Dr_Pediat_04,,7,M,5,Pediatría,Alta
EP01344,Tratamiento,,Enf_Pediat_03,,7,M,5,Pediatría,Alta
EP01344,Alta,2026-04-17 06:00:47,Dr_Pediat_04,,7,M,5,Pediatría,Alta
EP01320,Realización de examen,2026-04-17 09:38:51,Imagenologia,Imagenología,35,M,2,Emergencias,Hospitalización
EP00322,Realización de examen,2026-04-17 10:47:36,Imagenologia,Imagenología,46,F,3,Emergencias,Alta
EP01320,Evaluación de resultados,2026-04-17 12:03:51,Dr_Emerge_04,Imagenología,35,M,2,Emergencias,Hospitalización
EP00322,Evaluación de resultados,2026-04-17 12:16:01,Dr_Emerge_02,Imagenología,46,F,3,Emergencias,Alta
EP00322,Solicitud de examen,2026-04-17 12:28:49,Dr_Emerge_02,Imagenología,46,F,3,Emergencias,Alta
EP01320,Tratamiento,2026-04-17 12:57:54,Enf_Emerge_04,,35,M,2,Emergencias,Hospitalización
EP00322,Realización de examen,2026-04-17 14:36:01,Imagenologia,Imagenología,46,F,3,Emergencias,Alta
EP00276,Registro del paciente,2026-04-17 15:41:44,Admision_03,,41,F,2,Emergencias,Traslado
EP00276,Triage,2026-04-17 16:01:37,Enf_Triage_02,,41,F,2,Emergencias,Traslado
EP00276,Consulta médica,2026-04-17 16:31:54,Dr_Emerge_02,,41,F,2,Emergencias,Traslado
EP00276,Solicitud de examen,2026-04-17 16:41:35,Dr_Emerge_02,Laboratorio,41,F,2,Emergencias,Traslado
EP01161,Registro del paciente,2026-04-17 17:02:14,Admision_03,,30,F,4,Emergencias,Alta
EP00161,Registro del paciente,2026-04-17 17:17:20,Admision_02,,95,F,4,Traumatología,Hospitalización
EP01161,Triage,2026-04-17 17:21:56,Enf_Triage_01,,30,F,4,Emergencias,Alta
EP00161,Triage,2026-04-17 17:53:07,Enf_Triage_03,,95,F,4,Traumatología,Hospitalización
EP00322,Evaluación de resultados,2026-04-17 17:55:17,Dr_Emerge_02,Imagenología,46,F,3,Emergencias,Alta
EP00014,Registro del paciente,2026-04-17 18:03:28,Admision_01,,95,M,4,Emergencias,Hospitalización
EP00322,Tratamiento,2026-04-17 18:24:47,Enf_Emerge_02,,46,F,3,Emergencias,Alta
EP00276,Realización de examen,2026-04-17 18:25:04,Laboratorio_Clinico,Laboratorio,41,F,2,Emergencias,Traslado
EP00014,Triage,2026-04-17 18:30:12,Enf_Triage_03,,95,M,4,Emergencias,Hospitalización
EP00276,Evaluación de resultados,2026-04-17 18:58:11,Dr_Emerge_02,Laboratorio,41,F,2,Emergencias,Traslado
EP01180,Ingreso a hospitalización,2026-04-17 18:59:07,Gestion_Camas,,49,M,2,Medicina Interna,Hospitalización
EP01161,Consulta médica,2026-04-17 19:07:51,Dr_Emerge_02,,30,F,4,Emergencias,Alta
EP00161,Consulta médica,2026-04-17 19:37:29,Dr_Trauma_02,,95,F,4,Traumatología,Hospitalización
EP00161,Solicitud de examen,2026-04-17 19:45:31,Dr_Trauma_02,Imagenología,95,F,4,Traumatología,Hospitalización
EP00276,Tratamiento,2026-04-17 19:54:10,Enf_Emerge_04,,41,F,2,Emergencias,Traslado
EP01320,Ingreso a hospitalización,2026-04-17 20:38:19,Gestion_Camas,,35,M,2,Emergencias,Hospitalización
EP00322,Alta,2026-04-17 20:44:30,Dr_Emerge_02,,46,F,3,Emergencias,Alta
EP00276,Traslado a otro centro,2026-04-17 21:46:43,Admision_01,,41,F,2,Emergencias,Traslado
EP00705,Registro del paciente,2026-04-17 22:31:34,Admision_02,,95,F,2,Medicina Interna,Alta
EP00705,Triage,2026-04-17 22:46:54,Enf_Triage_01,,95,F,2,Medicina Interna,Alta
EP01161,Interconsulta especialista,2026-04-17 23:07:41,Especialista_04,,30,F,4,Emergencias,Alta
EP01161,Tratamiento,2026-04-17 23:29:31,Enf_Emerge_03,,30,F,4,Emergencias,Alta
EP00705,Consulta médica,2026-04-17 23:43:21,Dr_Medici_01,,95,F,2,Medicina Interna,Alta
EP00705,Solicitud de examen,2026-04-17 23:51:51,Dr_Medici_01,Laboratorio,95,F,2,Medicina Interna,Alta
EP00705,Realización de examen,2026-04-18 00:45:11,Laboratorio_Clinico,Laboratorio,95,F,2,Medicina Interna,Alta
EP01161,Alta,2026-04-18 00:48:37,Dr_Emerge_02,,30,F,4,Emergencias,Alta
EP00705,Evaluación de resultados,2026-04-18 01:08:19,Dr_Medici_01,Laboratorio,95,F,2,Medicina Interna,Alta
EP00014,Consulta médica,2026-04-18 01:16:39,Dr_Emerge_04,,95,M,4,Emergencias,Hospitalización
EP01341,Registro del paciente,2026-04-18 01:35:21,Admision_01,,42,M,3,Emergencias,Alta
EP01341,Triage,2026-04-18 01:46:14,Enf_Triage_03,,42,M,3,Emergencias,Alta
EP00542,Registro del paciente,2026-04-18 01:48:46,Admision_01,,38,F,4,Medicina Interna,Alta
EP00014,Tratamiento,2026-04-18 01:54:04,Enf_Emerge_04,,95,M,4,Emergencias,Hospitalización
EP00542,Triage,2026-04-18 02:21:38,Enf_Triage_01,,38,F,4,Medicina Interna,Alta
EP01341,Consulta médica,2026-04-18 03:43:48,Dr_Emerge_02,,42,M,3,Emergencias,Alta
EP01341,Tratamiento,2026-04-18 04:19:20,Enf_Emerge_03,,42,M,3,Emergencias,Alta
EP00705,Consulta médica,2026-04-18 04:41:26,Dr_Medici_01,,95,F,2,Medicina Interna,Alta
EP00542,Consulta médica,2026-04-18 04:54:01,Dr_Medici_01,,38,F,4,Medicina Interna,Alta
EP01341,Alta,2026-04-18 05:42:39,Dr_Emerge_02,,42,M,3,Emergencias,Alta
EP00542,Tratamiento,2026-04-18 05:51:17,Enf_Medici_02,,38,F,4,Medicina Interna,Alta
EP00542,Alta,2026-04-18 06:42:58,Dr_Medici_01,,38,F,4,Medicina Interna,Alta
EP00014,Ingreso a hospitalización,2026-04-18 09:30:36,Gestion_Camas,,95,M,4,Emergencias,Hospitalización
EP00161,Realización de examen,2026-04-18 11:56:02,Imagenologia,Imagenología,95,F,4,Traumatología,Hospitalización
EP00824,Registro del paciente,2026-04-18 12:11:46,Admision_03,,14,F,4,Pediatría,Alta
EP00161,Evaluación de resultados,2026-04-18 12:20:05,Dr_Trauma_02,Imagenología,95,F,4,Traumatología,Hospitalización
EP00161,Solicitud de examen,2026-04-18 12:31:07,Dr_Trauma_02,Imagenología,95,F,4,Traumatología,Hospitalización
EP00824,Triage,2026-04-18 12:44:48,Enf_Triage_02,,14,F,4,Pediatría,Alta
EP00982,Registro del paciente,2026-04-18 12:47:51,Admision_03,,74,F,4,Emergencias,Alta
EP00982,Triage,2026-04-18 13:20:21,Enf_Triage_01,,74,F,4,Emergencias,Alta
EP00705,Interconsulta especialista,2026-04-18 13:53:16,Especialista_02,,95,F,2,Medicina Interna,Alta
EP00705,Tratamiento,2026-04-18 15:04:07,Enf_Medici_04,,95,F,2,Medicina Interna,Alta
EP00824,Consulta médica,2026-04-18 15:13:46,Dr_Pediat_02,,14,F,4,Pediatría,Alta
EP00161,Realización de examen,2026-04-18 15:37:48,Imagenologia,Imagenología,95,F,4,Traumatología,Hospitalización
EP00705,Alta,2026-04-18 15:37:49,Dr_Medici_01,,95,F,2,Medicina Interna,Alta
EP00824,Tratamiento,2026-04-18 16:12:28,Enf_Pediat_01,,14,F,4,Pediatría,Alta
EP00982,Consulta médica,2026-04-18 16:38:42,Dr_Emerge_04,,74,F,4,Emergencias,Alta
EP00627,Registro del paciente,2026-04-18 16:41:00,Admision_02,,45,F,2,Emergencias,Hospitalización
EP00824,Alta,2026-04-18 16:57:44,Dr_Pediat_02,,14,F,4,Pediatría,Alta
EP00982,Tratamiento,2026-04-18 16:58:19,Enf_Emerge_03,,74,F,4,Emergencias,Alta
EP00732,Registro del paciente,2026-04-18 17:10:13,Admision_01,,41,M,5,Emergencias,Alta
EP00732,Registro del paciente,2026-04-18 17:10:13,Admision_01,,41,M,5,Emergencias,Alta
EP00627,Triage,2026-04-18 17:11:59,Enf_Triage_01,,45,F,2,Emergencias,Hospitalización
EP00627,Consulta médica,2026-04-18 17:28:56,Dr_Emerge_04,,45,F,2,Emergencias,Hospitalización
EP00812,Registro del paciente,2026-04-18 17:44:49,Admision_01,,1,F,3,Pediatría,Alta
EP00627,Solicitud de examen,2026-04-18 17:44:49,Dr_Emerge_04,Imagenología,45,F,2,Emergencias,Hospitalización
EP00732,Triage,2026-04-18 17:47:52,Enf_Triage_01,,41,M,5,Emergencias,Alta
EP00982,Alta,2026-04-18 18:06:52,Dr_Emerge_04,,74,F,4,Emergencias,Alta
EP00161,Evaluación de resultados,2026-04-18 18:11:39,Dr_Trauma_02,Imagenología,95,F,4,Traumatología,Hospitalización
EP00161,Solicitud de examen,2026-04-18 18:19:47,Dr_Trauma_02,Imagenología,95,F,4,Traumatología,Hospitalización
EP00812,Triage,2026-04-18 18:28:40,Enf_Triage_02,,1,F,3,Pediatría,Alta
EP00832,Registro del paciente,2026-04-18 18:42:38,Admision_01,,27,M,4,Medicina Interna,Alta
EP00832,Triage,2026-04-18 19:05:38,Enf_Triage_01,,27,M,4,Medicina Interna,Alta
EP01212,Registro del paciente,2026-04-18 19:06:39,Admision_03,,13,F,3,Pediatría,Alta
EP00812,Consulta médica,2026-04-18 19:38:28,Dr_Pediat_03,,1,F,3,Pediatría,Alta
EP00812,Solicitud de examen,2026-04-18 19:46:57,Dr_Pediat_03,Laboratorio,1,F,3,Pediatría,Alta
EP01212,Triage,2026-04-18 19:48:39,Enf_Triage_02,,13,F,3,Pediatría,Alta
EP00766,Registro del paciente,2026-04-18 19:50:46,Admision_02,,24,M,3,Medicina Interna,Alta
EP00766,Triage,2026-04-18 20:34:53,Enf_Triage_02,,24,M,3,Medicina Interna,Alta
EP01212,Consulta médica,2026-04-18 20:36:55,Dr_Pediat_01,,13,F,3,Pediatría,Alta
EP00812,Realización de examen,2026-04-18 20:59:33,Laboratorio_Clinico,Laboratorio,1,F,3,Pediatría,Alta
EP00732,Consulta médica,2026-04-18 21:20:15,Dr_Emerge_03,,41,M,5,Emergencias,Alta
EP01212,Tratamiento,2026-04-18 21:26:10,Enf_Pediat_02,,13,F,3,Pediatría,Alta
EP00812,Evaluación de resultados,2026-04-18 21:44:26,Dr_Pediat_03,Laboratorio,1,F,3,Pediatría,Alta
EP00293,Registro del paciente,2026-04-18 21:54:49,Admision_03,,31,F,1,Emergencias,Alta
EP00293,Triage,2026-04-18 21:57:50,Enf_Triage_03,,31,F,1,Emergencias,Alta
EP00812,Solicitud de examen,2026-04-18 21:59:18,Dr_Pediat_03,Imagenología,1,F,3,Pediatría,Alta
EP00293,Consulta médica,2026-04-18 22:08:43,Dr_Emerge_04,,31,F,1,Emergencias,Alta
EP01212,Alta,2026-04-18 22:20:49,Dr_Pediat_01,,13,F,3,Pediatría,Alta
EP00732,Tratamiento,2026-04-18 22:26:05,Enf_Emerge_01,,41,M,5,Emergencias,Alta
EP00293,Solicitud de examen,2026-04-18 22:28:25,Dr_Emerge_04,Laboratorio,31,F,1,Emergencias,Alta
EP00161,Realización de examen,2026-04-18 22:31:22,Imagenologia,Imagenología,95,F,4,Traumatología,Hospitalización
EP00732,Alta,2026-04-18 22:59:44,Dr_Emerge_03,,41,M,5,Emergencias,Alta
EP00766,Consulta médica,2026-04-18 23:42:37,Dr_Medici_02,,24,M,3,Medicina Interna,Alta
EP00293,Realización de examen,2026-04-18 23:44:38,Laboratorio_Clinico,Laboratorio,31,F,1,Emergencias,Alta
EP00766,Solicitud de examen,2026-04-18 23:53:11,Dr_Medici_02,Laboratorio,24,M,3,Medicina Interna,Alta
EP00812,Realización de examen,2026-04-19 00:20:47,Imagenologia,Imagenología,1,F,3,Pediatría,Alta
EP00161,Evaluación de resultados,2026-04-19 00:25:00,Dr_Trauma_02,Imagenología,95,F,4,Traumatología,Hospitalización
EP00627,Realización de examen,2026-04-19 00:25:36,Imagenologia,Imagenología,45,F,2,Emergencias,Hospitalización
EP00766,Realización de examen,2026-04-19 00:38:57,Laboratorio_Clinico,Laboratorio,24,M,3,Medicina Interna,Alta
EP00832,Consulta médica,2026-04-19 00:46:16,Dr_Medici_01,,27,M,4,Medicina Interna,Alta
EP00832,Solicitud de examen,2026-04-19 01:05:10,Dr_Medici_01,Laboratorio,27,M,4,Medicina Interna,Alta
EP00293,Evaluación de resultados,2026-04-19 01:13:52,Dr_Emerge_04,Laboratorio,31,F,1,Emergencias,Alta
EP00766,Evaluación de resultados,2026-04-19 01:17:08,Dr_Medici_02,Laboratorio,24,M,3,Medicina Interna,Alta
EP00766,Tratamiento,2026-04-19 01:45:55,Enf_Medici_02,,24,M,3,Medicina Interna,Alta
EP00161,Consulta médica,2026-04-19 01:49:47,Dr_Trauma_02,,95,F,4,Traumatología,Hospitalización
EP00293,Tratamiento,2026-04-19 02:02:18,Enf_Emerge_03,,31,F,1,Emergencias,Alta
EP00832,Realización de examen,2026-04-19 02:03:40,Laboratorio_Clinico,Laboratorio,27,M,4,Medicina Interna,Alta
EP00812,Evaluación de resultados,2026-04-19 02:11:18,Dr_Pediat_03,Imagenología,1,F,3,Pediatría,Alta
EP00293,Alta,2026-04-19 02:49:46,Dr_Emerge_04,,31,F,1,Emergencias,Alta
EP00812,Tratamiento,2026-04-19 03:01:55,Enf_Pediat_01,,1,F,3,Pediatría,Alta
EP00832,Evaluación de resultados,2026-04-19 03:08:30,Dr_Medici_01,Laboratorio,27,M,4,Medicina Interna,Alta
EP00812,Alta,2026-04-19 03:28:02,Dr_Pediat_03,,1,F,3,Pediatría,Alta
EP00832,Tratamiento,2026-04-19 03:54:12,Enf_Medici_04,,27,M,4,Medicina Interna,Alta
EP00627,Evaluación de resultados,2026-04-19 03:59:10,Dr_Emerge_04,Imagenología,45,F,2,Emergencias,Hospitalización
EP00766,Alta,2026-04-19 04:39:22,Dr_Medici_02,,24,M,3,Medicina Interna,Alta
EP00627,Tratamiento,2026-04-19 04:46:50,Enf_Emerge_02,,45,F,2,Emergencias,Hospitalización
EP00832,Alta,2026-04-19 05:49:23,Dr_Medici_01,,27,M,4,Medicina Interna,Alta
EP00161,Interconsulta especialista,2026-04-19 07:04:11,Especialista_05,,95,F,4,Traumatología,Hospitalización
EP00161,Tratamiento,2026-04-19 08:09:36,Enf_Trauma_04,,95,F,4,Traumatología,Hospitalización
EP00636,Registro del paciente,2026-04-19 09:12:48,Admision_02,,69,F,2,Medicina Interna,Alta
EP00636,Triage,2026-04-19 09:50:26,Enf_Triage_01,,69,F,2,Medicina Interna,Alta
EP00636,Consulta médica,2026-04-19 10:07:23,Dr_Medici_02,,69,F,2,Medicina Interna,Alta
EP00627,Ingreso a hospitalización,2026-04-19 11:22:44,Gestion_Camas,,45,F,2,Emergencias,Hospitalización
EP00161,Ingreso a hospitalización,2026-04-19 12:40:37,Gestion_Camas,,95,F,4,Traumatología,Hospitalización
EP00636,Consulta médica,2026-04-19 13:50:31,Dr_Medici_02,,69,F,2,Medicina Interna,Alta
EP00636,Tratamiento,2026-04-19 14:42:32,Enf_Medici_04,,69,F,2,Medicina Interna,Alta
EP00636,Alta,2026-04-19 15:36:03,Dr_Medici_02,,69,F,2,Medicina Interna,Alta
EP00451,Registro del paciente,2026-04-19 15:55:44,Admision_03,,33,M,1,Emergencias,Alta
EP00451,Triage,2026-04-19 15:58:45,Enf_Triage_01,,33,M,1,Emergencias,Alta
EP00451,Consulta médica,2026-04-19 16:05:33,Dr_Emerge_04,,33,M,1,Emergencias,Alta
EP00451,Tratamiento,2026-04-19 16:38:27,Enf_Emerge_02,,33,M,1,Emergencias,Alta
EP00451,Alta,2026-04-19 17:37:43,Dr_Emerge_04,,33,M,1,Emergencias,Alta
EP01248,Registro del paciente,2026-04-19 20:18:40,Admision_02,,64,M,3,Emergencias,Alta
EP00606,Registro del paciente,2026-04-19 20:28:30,Admision_01,,37,M,2,Traumatología,Alta
EP00606,Triage,2026-04-19 20:46:43,Enf_Triage_03,,37,M,2,Traumatología,Alta
EP00606,Consulta medica,2026-04-19 20:58:28,Dr_Trauma_04,,37,M,2,Traumatología,Alta
EP01248,Triage,2026-04-19 20:59:37,Enf_Triage_03,,64,M,3,Emergencias,Alta
EP00606,Solicitud de examen,2026-04-19 21:09:22,Dr_Trauma_04,Imagenología,37,M,2,Traumatología,Alta
EP00510,Registro del paciente,2026-04-19 21:48:31,Admision_03,,38,F,2,Traumatología,Hospitalización
EP00510,Triage,2026-04-19 22:20:44,Enf_Triage_02,,38,F,2,Traumatología,Hospitalización
EP00510,Consulta médica,2026-04-19 22:56:05,Dr_Trauma_03,,38,F,2,Traumatología,Hospitalización
EP01248,Consulta médica,2026-04-19 23:44:46,Dr_Emerge_01,,64,M,3,Emergencias,Alta
EP00510,Consulta médica,2026-04-19 23:45:16,Dr_Trauma_03,,38,F,2,Traumatología,Hospitalización
EP01248,Tratamiento,2026-04-20 00:29:40,Enf_Emerge_02,,64,M,3,Emergencias,Alta
EP01248,Alta,2026-04-20 00:56:33,Dr_Emerge_01,,64,M,3,Emergencias,Alta
EP00510,Tratamiento,2026-04-20 00:56:51,Enf_Trauma_03,,38,F,2,Traumatología,Hospitalización
EP00078,Registro del paciente,2026-04-20 01:58:22,Admision_02,,15,M,3,Emergencias,Alta
EP00606,Realización de examen,2026-04-20 02:08:35,Imagenologia,Imagenología,37,M,2,Traumatología,Alta
EP00078,Triage,2026-04-20 02:38:03,Enf_Triage_03,,15,M,3,Emergencias,Alta
EP00235,Registro del paciente,2026-04-20 03:35:49,Admision_02,,39,F,3,Emergencias,Alta
EP00235,Triage,2026-04-20 04:07:07,Enf_Triage_03,,39,F,3,Emergencias,Alta
EP00606,Evaluación de resultados,2026-04-20 04:10:04,Dr_Trauma_04,Imagenología,37,M,2,Traumatología,Alta
EP00606,Tratamiento,2026-04-20 04:43:57,Enf_Trauma_03,,37,M,2,Traumatología,Alta
EP00606,Tratamiento,2026-04-20 04:43:57,Enf_Trauma_03,,37,M,2,Traumatología,Alta
EP00078,Consulta médica,2026-04-20 05:02:01,Dr_Emerge_04,,15,M,3,Emergencias,Alta
EP00510,Ingreso a hospitalización,2026-04-20 05:17:57,Gestion_Camas,,38,F,2,Traumatología,Hospitalización
EP00199,Registro del paciente,2026-04-20 05:20:26,Admision_01,,25,M,4,Emergencias,Alta
EP00235,Consulta médica,2026-04-20 05:27:11,Dr_Emerge_02,,39,F,3,Emergencias,Alta
EP01135,Registro del paciente,2026-04-20 05:34:00,Admision_02,,10,F,3,Pediatría,Alta
EP00606,Alta,2026-04-20 05:53:42,Dr_Trauma_04,,37,M,2,Traumatología,Alta
EP00235,Solicitud de examen,2026-04-20 05:58:29,Dr_Emerge_02,Laboratorio,39,F,3,Emergencias,Alta
EP00078,Tratamiento,2026-04-20 06:02:16,Enf_Emerge_04,,15,M,3,Emergencias,Alta
EP01135,Triage,2026-04-20 06:03:24,Enf_Triage_03,,10,F,3,Pediatría,Alta
EP00199,Triage,2026-04-20 06:12:36,Enf_Triage_02,,25,M,4,Emergencias,Alta
EP01135,Consulta médica,2026-04-20 06:43:01,Dr_Pediat_01,,10,F,3,Pediatría,Alta
EP00078,Alta,2026-04-20 06:59:23,Dr_Emerge_04,,15,M,3,Emergencias,Alta
EP00235,Realización de examen,2026-04-20 07:03:17,Laboratorio_Clinico,Laboratorio,39,F,3,Emergencias,Alta
EP00235,Evaluación de resultados,2026-04-20 07:30:41,Dr_Emerge_02,Laboratorio,39,F,3,Emergencias,Alta
EP01135,Tratamiento,2026-04-20 07:56:32,Enf_Pediat_02,,10,F,3,Pediatría,Alta
EP00235,Tratamiento,2026-04-20 08:05:06,Enf_Emerge_01,,39,F,3,Emergencias,Alta
EP00235,Alta,2026-04-20 08:55:21,Dr_Emerge_02,,39,F,3,Emergencias,Alta
EP01135,Alta,2026-04-20 09:20:08,Dr_Pediat_01,,10,F,3,Pediatría,Alta
EP00361,Registro del paciente,2026-04-20 11:38:41,Admision_02,,4,M,2,Pediatría,Traslado
EP00361,Triage,2026-04-20 11:58:42,Enf_Triage_03,,4,M,2,Pediatría,Traslado
EP00148,Registro del paciente,2026-04-20 12:16:14,Admision_03,,42,M,2,Emergencias,Alta
EP00361,Consulta médica,2026-04-20 12:23:47,Dr_Pediat_02,,4,M,2,Pediatría,Traslado
EP00361,Tratamiento,2026-04-20 12:58:04,Enf_Pediat_01,,4,M,2,Pediatría,Traslado
EP00199,Consulta médica,2026-04-20 13:03:27,Dr_Emerge_02,,25,M,4,Emergencias,Alta
EP00378,Registro del paciente,2026-04-20 13:11:38,Admision_03,,62,M,3,Medicina Interna,Alta
EP00199,Solicitud de examen,2026-04-20 13:14:29,Dr_Emerge_02,Laboratorio,25,M,4,Emergencias,Alta
EP00148,Triage,2026-04-20 13:16:24,Enf_Triage_01,,42,M,2,Emergencias,Alta
EP00378,Triage,2026-04-20 13:31:06,Enf_Triage_02,,62,M,3,Medicina Interna,Alta
EP00148,Consulta médica,2026-04-20 13:35:33,Dr_Emerge_04,,42,M,2,Emergencias,Alta
EP00532,Registro del paciente,2026-04-20 14:06:25,Admision_03,,8,F,5,Pediatría,Alta
EP00148,Tratamiento,2026-04-20 14:07:29,Enf_Emerge_01,,42,M,2,Emergencias,Alta
EP00199,Realización de examen,2026-04-20 14:12:54,Laboratorio_Clinico,Laboratorio,25,M,4,Emergencias,Alta
EP00532,Triage,2026-04-20 14:42:02,Enf_Triage_02,,8,F,5,Pediatría,Alta
EP00378,Consulta médica,2026-04-20 14:53:50,Dr_Medici_01,,62,M,3,Medicina Interna,Alta
EP01299,Registro del paciente,2026-04-20 14:56:22,Admision_02,,73,F,3,Emergencias,Alta
EP00378,Solicitud de examen,2026-04-20 15:03:17,Dr_Medici_01,Laboratorio,62,M,3,Medicina Interna,Alta
EP00361,Traslado a otro centro,2026-04-20 15:16:49,Admision_01,,4,M,2,Pediatría,Traslado
EP00148,Alta,2026-04-20 15:28:19,Dr_Emerge_04,,42,M,2,Emergencias,Alta
EP00378,Realización de examen,2026-04-20 15:42:53,Laboratorio_Clinico,Laboratorio,62,M,3,Medicina Interna,Alta
EP01299,Triage,2026-04-20 15:45:51,Enf_Triage_02,,73,F,3,Emergencias,Alta
EP00199,Evaluación de resultados,2026-04-20 15:45:53,Dr_Emerge_02,Laboratorio,25,M,4,Emergencias,Alta
EP00378,Evaluación de resultados,2026-04-20 16:11:45,Dr_Medici_01,Laboratorio,62,M,3,Medicina Interna,Alta
EP01444,Registro del paciente,2026-04-20 16:13:17,Admision_01,,15,M,5,Emergencias,Alta
EP00199,Tratamiento,2026-04-20 16:34:56,Enf_Emerge_04,,25,M,4,Emergencias,Alta
EP00378,Solicitud de examen,2026-04-20 16:39:52,Dr_Medici_01,Laboratorio,62,M,3,Medicina Interna,Alta
EP01299,Consulta médica,2026-04-20 17:08:40,Dr_Emerge_02,,73,F,3,Emergencias,Alta
EP01299,Solicitud de examen,2026-04-20 17:15:40,Dr_Emerge_02,Laboratorio,73,F,3,Emergencias,Alta
EP01444,Triage,2026-04-20 17:17:50,Enf_Triage_03,,15,M,5,Emergencias,Alta
EP01299,Realización de examen,2026-04-20 17:35:30,Laboratorio_Clinico,Laboratorio,73,F,3,Emergencias,Alta
EP00199,Alta,2026-04-20 17:45:48,Dr_Emerge_02,,25,M,4,Emergencias,Alta
EP00378,Realización de examen,2026-04-20 18:25:17,Laboratorio_Clinico,Laboratorio,62,M,3,Medicina Interna,Alta
EP01299,Evaluación de resultados,2026-04-20 19:04:08,Dr_Emerge_02,Laboratorio,73,F,3,Emergencias,Alta
EP01194,Registro del paciente,2026-04-20 19:07:33,Admision_02,,55,M,3,Emergencias,Alta
EP01194,Triage,2026-04-20 19:33:53,Enf_Triage_02,,55,M,3,Emergencias,Alta
EP00378,Evaluación de resultados,2026-04-20 20:01:47,Dr_Medici_01,Laboratorio,62,M,3,Medicina Interna,Alta
EP00378,Tratamiento,2026-04-20 20:42:25,Enf_Medici_02,,62,M,3,Medicina Interna,Alta
EP00532,Consulta médica,2026-04-20 20:51:20,Dr_Pediat_01,,8,F,5,Pediatría,Alta
EP01194,Consulta médica,2026-04-20 20:57:00,Dr_Emerge_03,,55,M,3,Emergencias,Alta
EP00031,Registro del paciente,2026-04-20 21:34:31,Admision_03,,71,M,3,Traumatología,Alta
EP00378,Alta,2026-04-20 21:41:01,Dr_Medici_01,,62,M,3,Medicina Interna,Alta
EP01194,Tratamiento,2026-04-20 21:42:00,Enf_Emerge_04,,55,M,3,Emergencias,Alta
EP00532,Tratamiento,2026-04-20 21:42:57,Enf_Pediat_02,,8,F,5,Pediatría,Alta
EP00031,Triage,2026-04-20 22:22:38,Enf_Triage_01,,71,M,3,Traumatología,Alta
EP01444,Consulta médica,2026-04-20 22:29:29,Dr_Emerge_01,,15,M,5,Emergencias,Alta
EP01194,Alta,2026-04-20 22:47:40,Dr_Emerge_03,,55,M,3,Emergencias,Alta
EP01444,Tratamiento,2026-04-20 23:02:15,Enf_Emerge_03,,15,M,5,Emergencias,Alta
EP00031,Consulta médica,2026-04-20 23:09:42,Dr_Trauma_04,,71,M,3,Traumatología,Alta
EP00532,Alta,2026-04-20 23:20:31,Dr_Pediat_01,,8,F,5,Pediatría,Alta
EP00031,Tratamiento,2026-04-20 23:38:06,Enf_Trauma_01,,71,M,3,Traumatología,Alta
EP01444,Alta,2026-04-21 00:10:00,Dr_Emerge_01,,15,M,5,Emergencias,Alta
EP00031,Alta,2026-04-21 01:19:19,Dr_Trauma_04,,71,M,3,Traumatología,Alta
EP01299,Interconsulta especialista,2026-04-21 03:48:25,Especialista_02,,73,F,3,Emergencias,Alta
EP01299,Tratamiento,2026-04-21 04:14:03,Enf_Emerge_03,,73,F,3,Emergencias,Alta
EP01299,Alta,2026-04-21 08:03:24,Dr_Emerge_02,,73,F,3,Emergencias,Alta
EP01417,Registro del paciente,2026-04-21 09:49:22,Admision_03,,35,M,5,Medicina Interna,Alta
EP01417,Triage,2026-04-21 10:38:16,Enf_Triage_01,,35,M,5,Medicina Interna,Alta
EP00409,Registro del paciente,2026-04-21 12:38:13,Admision_02,,35,M,1,Emergencias,Alta
EP00409,Triage,2026-04-21 12:41:14,Enf_Triage_01,,35,M,1,Emergencias,Alta
EP00409,Consulta médica,2026-04-21 12:47:15,Dr_Emerge_04,,35,M,1,Emergencias,Alta
EP00409,Tratamiento,2026-04-21 13:25:48,Enf_Emerge_03,,35,M,1,Emergencias,Alta
EP00409,Alta,2026-04-21 14:12:59,Dr_Emerge_04,,35,M,1,Emergencias,Alta
EP00690,Registro del paciente,2026-04-21 14:22:51,Admision_02,,69,M,5,Traumatología,Alta
EP00916,Registro del paciente,2026-04-21 14:26:14,Admision_02,,51,F,3,Medicina Interna,Hospitalización
EP00916,Triage,2026-04-21 15:03:20,Enf_Triage_02,,51,F,3,Medicina Interna,Hospitalización
EP01417,Consulta médica,2026-04-21 15:08:16,Dr_Medici_01,,35,M,5,Medicina Interna,Alta
EP00690,Triage,2026-04-21 15:30:27,Enf_Triage_02,,69,M,5,Traumatología,Alta
EP01368,Registro del paciente,2026-04-21 15:30:37,Admision_02,,6,M,4,Pediatría,Alta
EP01417,Tratamiento,2026-04-21 15:51:18,Enf_Medici_04,,35,M,5,Medicina Interna,Alta
EP01368,Triage,2026-04-21 16:45:50,Enf_Triage_01,,6,M,4,Pediatría,Alta
EP01417,Alta,2026-04-21 17:10:22,Dr_Medici_01,,35,M,5,Medicina Interna,Alta
EP01368,Consulta médica ,2026-04-21 18:24:25,Dr_Pediat_03,,6,M,4,Pediatría,Alta
EP01368,Solicitud de examen,2026-04-21 18:35:09,Dr_Pediat_03,Laboratorio,6,M,4,Pediatría,Alta
EP00916,Consulta médica,2026-04-21 18:55:11,Dr_Medici_01,,51,F,3,Medicina Interna,Hospitalización
EP00784,Registro del paciente,2026-04-21 18:55:17,Admision_03,,77,F,5,Traumatología,Hospitalización
EP00916,Solicitud de examen,2026-04-21 19:07:26,Dr_Medici_01,Imagenología,51,F,3,Medicina Interna,Hospitalización
EP00690,Consulta médica,2026-04-21 19:31:44,Dr_Trauma_04,,69,M,5,Traumatología,Alta
EP00784,Triage,2026-04-21 19:42:54,Enf_Triage_03,,77,F,5,Traumatología,Hospitalización
EP00690,Solicitud de examen,2026-04-21 19:45:12,Dr_Trauma_04,Imagenología,69,M,5,Traumatología,Alta
EP01368,Realización de examen,2026-04-21 20:10:40,Laboratorio_Clinico,Laboratorio,6,M,4,Pediatría,Alta
EP00435,Registro del paciente,2026-04-21 20:22:16,Admision_03,,74,F,3,Traumatología,Alta
EP00435,Triage,2026-04-21 20:54:25,Enf_Triage_01,,74,F,3,Traumatología,Alta
EP01368,Evaluación de resultados,2026-04-21 21:15:01,Dr_Pediat_03,Laboratorio,6,M,4,Pediatría,Alta
EP00435,Consulta médica,2026-04-21 22:10:02,Dr_Trauma_03,,74,F,3,Traumatología,Alta
EP00690,Realización de examen,2026-04-21 22:32:50,Imagenologia,Imagenología,69,M,5,Traumatología,Alta
EP01158,Registro del paciente,2026-04-21 22:37:32,Admision_03,,0,M,2,Pediatría,Hospitalización
EP01158,Triage,2026-04-21 22:54:37,Enf_Triage_02,,0,M,2,Pediatría,Hospitalización
EP01368,Tratamiento,2026-04-21 23:07:44,Enf_Pediat_02,,6,M,4,Pediatría,Alta
EP01158,Consulta médica,2026-04-21 23:29:49,Dr_Pediat_01,,0,M,2,Pediatría,Hospitalización
EP00784,Consulta médica,2026-04-21 23:45:29,Dr_Trauma_04,,77,F,5,Traumatología,Hospitalización
EP00784,Solicitud de examen,2026-04-21 23:51:36,Dr_Trauma_04,Imagenología,77,F,5,Traumatología,Hospitalización
EP01368,Alta,2026-04-22 00:07:43,Dr_Pediat_03,,6,M,4,Pediatría,Alta
EP01158,Tratamiento,2026-04-22 00:16:08,Enf_Pediat_02,,0,M,2,Pediatría,Hospitalización
EP00435,Interconsulta especialista,2026-04-22 02:21:11,Especialista_04,,74,F,3,Traumatología,Alta
EP00690,Evaluación de resultados,2026-04-22 02:52:31,Dr_Trauma_04,Imagenología,69,M,5,Traumatología,Alta
EP00690,Tratamiento,2026-04-22 03:26:40,Enf_Trauma_02,,69,M,5,Traumatología,Alta
EP00435,Tratamiento,2026-04-22 03:27:05,Enf_Trauma_04,,74,F,3,Traumatología,Alta
EP01158,Ingreso a hospitalización,2026-04-22 03:43:56,Gestion_Camas,,0,M,2,Pediatría,Hospitalización
EP00690,Alta,2026-04-22 04:03:15,Dr_Trauma_04,,69,M,5,Traumatología,Alta
EP00435,Alta,2026-04-22 04:32:53,Dr_Trauma_03,,74,F,3,Traumatología,Alta
EP00781,Registro del paciente,2026-04-22 04:40:55,Admision_02,,14,F,1,Pediatría,Hospitalización
EP00781,Triage,2026-04-22 04:43:56,Enf_Triage_02,,14,F,1,Pediatría,Hospitalización
EP00781,Consulta médica,2026-04-22 04:49:23,Dr_Pediat_04,,14,F,1,Pediatría,Hospitalización
EP00781,Solicitud de examen,2026-04-22 04:58:29,Dr_Pediat_04,Laboratorio,14,F,1,Pediatría,Hospitalización
EP00887,Registro del paciente,2026-04-22 05:03:48,Admision_03,,34,F,3,Emergencias,Hospitalización
EP00887,Triage,2026-04-22 05:51:59,Enf_Triage_01,,34,F,3,Emergencias,Hospitalización
EP00639,Registro del paciente,2026-04-22 07:14:06,Admision_03,,15,M,3,Medicina Interna,Alta
EP00781,Realización de examen,2026-04-22 07:14:51,Laboratorio_Clinico,Laboratorio,14,F,1,Pediatría,Hospitalización
EP00443,Registro del paciente,2026-04-22 07:23:21,Admision_01,,12,F,4,Pediatría,Alta
EP00639,Triage,2026-04-22 07:31:00,Enf_Triage_01,,15,M,3,Medicina Interna,Alta
EP00887,Consulta médica,2026-04-22 07:51:37,Dr_Emerge_04,,34,F,3,Emergencias,Hospitalización
EP00443,Triage,2026-04-22 08:07:34,Enf_Triage_03,,12,F,4,Pediatría,Alta
EP00781,Evaluación de resultados,2026-04-22 08:11:23,Dr_Pediat_04,Laboratorio,14,F,1,Pediatría,Hospitalización
EP00781,Solicitud de examen,2026-04-22 08:29:31,Dr_Pediat_04,Laboratorio,14,F,1,Pediatría,Hospitalización
EP00639,Consulta médica,2026-04-22 08:43:45,Dr_Medici_03,,15,M,3,Medicina Interna,Alta
EP00639,Solicitud de examen,2026-04-22 08:57:36,Dr_Medici_03,Laboratorio,15,M,3,Medicina Interna,Alta
EP00916,Realización de examen,2026-04-22 09:06:50,Imagenologia,Imagenología,51,F,3,Medicina Interna,Hospitalización
EP00887,Tratamiento,2026-04-22 09:22:40,Enf_Emerge_01,,34,F,3,Emergencias,Hospitalización
EP00639,Realización de examen,2026-04-22 09:43:40,Laboratorio_Clinico,Laboratorio,15,M,3,Medicina Interna,Alta
EP00781,Realización de examen,2026-04-22 09:43:42,Laboratorio_Clinico,Laboratorio,14,F,1,Pediatría,Hospitalización
EP00866,Registro del paciente,2026-04-22 10:46:19,Admision_01,,76,F,2,Traumatología,Hospitalización
EP00781,Evaluación de resultados,2026-04-22 10:46:19,Dr_Pediat_04,Laboratorio,14,F,1,Pediatría,Hospitalización
EP00866,Triage,2026-04-22 11:01:58,Enf_Triage_01,,76,F,2,Traumatología,Hospitalización
EP00443,Consulta médica,2026-04-22 11:03:15,Dr_Pediat_04,,12,F,4,Pediatría,Alta
EP00916,Evaluación de resultados,2026-04-22 11:09:49,Dr_Medici_01,Imagenología,51,F,3,Medicina Interna,Hospitalización
EP00781,Tratamiento,2026-04-22 11:21:38,Enf_Pediat_04,,14,F,1,Pediatría,Hospitalización
EP00639,Evaluación de resultados,2026-04-22 11:27:18,Dr_Medici_03,Laboratorio,15,M,3,Medicina Interna,Alta
EP00639,Solicitud de examen,2026-04-22 11:52:14,Dr_Medici_03,Laboratorio,15,M,3,Medicina Interna,Alta
EP00866,Consulta médica,2026-04-22 11:59:05,Dr_Trauma_04,,76,F,2,Traumatología,Hospitalización
EP00443,Tratamiento,2026-04-22 12:15:00,Enf_Pediat_01,,12,F,4,Pediatría,Alta
EP00866,Tratamiento,2026-04-22 12:37:33,Enf_Trauma_04,,76,F,2,Traumatología,Hospitalización
EP00443,Alta,2026-04-22 12:39:18,Dr_Pediat_04,,12,F,4,Pediatría,Alta
EP00916,Tratamiento,2026-04-22 12:45:21,Enf_Medici_03,,51,F,3,Medicina Interna,Hospitalización
EP00639,Realización de examen,2026-04-22 13:42:02,Laboratorio_Clinico,Laboratorio,15,M,3,Medicina Interna,Alta
EP00784,Realización de examen,2026-04-22 14:03:24,Imagenologia,Imagenología,77,F,5,Traumatología,Hospitalización
EP00639,Evaluación de resultados,2026-04-22 14:24:45,Dr_Medici_03,Laboratorio,15,M,3,Medicina Interna,Alta
EP00639,Tratamiento,2026-04-22 15:04:45,Enf_Medici_02,,15,M,3,Medicina Interna,Alta
EP00866,Ingreso a hospitalización,2026-04-22 15:05:31,Gestion_Camas,,76,F,2,Traumatología,Hospitalización
EP00887,Ingreso a hospitalización,2026-04-22 15:19:54,Gestion_Camas,,34,F,3,Emergencias,Hospitalización
EP00784,Evaluación de resultados,2026-04-22 15:44:28,Dr_Trauma_04,Imagenología,77,F,5,Traumatología,Hospitalización
EP00639,Alta,2026-04-22 15:56:04,Dr_Medici_03,,15,M,3,Medicina Interna,Alta
EP00916,Ingreso a hospitalización,2026-04-22 16:39:01,Gestion_Camas,,51,F,3,Medicina Interna,Hospitalización
EP00784,Tratamiento,2026-04-22 17:02:59,Enf_Trauma_02,,77,F,5,Traumatología,Hospitalización
EP01292,Registro del paciente,2026-04-22 18:56:30,Admision_02,,40,F,4,Medicina Interna,Alta
EP01292,Triage,2026-04-22 20:12:37,Enf_Triage_03,,40,F,4,Medicina Interna,Alta
EP00781,Ingreso a hospitalización,2026-04-22 21:35:53,Gestion_Camas,,14,F,1,Pediatría,Hospitalización
EP01292,Consulta médica,2026-04-22 22:09:28,Dr_Medici_01,,40,F,4,Medicina Interna,Alta
EP01292,Consulta médica,2026-04-22 22:57:39,Dr_Medici_01,,40,F,4,Medicina Interna,Alta
EP01292,Tratamiento,2026-04-22 23:44:03,Enf_Medici_03,,40,F,4,Medicina Interna,Alta
EP00784,Ingreso a hospitalización,2026-04-23 01:18:26,Gestion_Camas,,77,F,5,Traumatología,Hospitalización
EP01292,Alta,2026-04-23 01:32:02,Dr_Medici_01,,40,F,4,Medicina Interna,Alta
EP00395,Registro del paciente,2026-04-23 02:04:27,Admision_02,,67,M,3,Emergencias,Hospitalización
EP00395,Triage,2026-04-23 02:54:13,Enf_Triage_01,,67,M,3,Emergencias,Hospitalización
EP00395,Consulta médica,2026-04-23 05:15:42,Dr_Emerge_02,,67,M,3,Emergencias,Hospitalización
EP00712,Registro del paciente,2026-04-23 05:53:06,Admision_03,,17,M,4,Emergencias,Alta
EP00395,Tratamiento,2026-04-23 05:56:21,Enf_Emerge_04,,67,M,3,Emergencias,Hospitalización
EP00712,Triage,2026-04-23 06:17:55,Enf_Triage_02,,17,M,4,Emergencias,Alta
EP00926,Registro del paciente,2026-04-23 09:57:40,Admision_03,,52,M,4,Emergencias,Alta
EP00926,Triage,2026-04-23 10:42:42,Enf_Triage_01,,52,M,4,Emergencias,Alta
EP00395,Ingreso a hospitalización,2026-04-23 11:07:08,Gestion_Camas,,67,M,3,Emergencias,Hospitalización
EP00712,Consulta médica,2026-04-23 11:54:55,Dr_Emerge_01,,17,M,4,Emergencias,Alta
EP00712,Solicitud de examen,2026-04-23 12:03:04,Dr_Emerge_01,Imagenología,17,M,4,Emergencias,Alta
EP00302,Registro del paciente,2026-04-23 12:15:10,Admision_01,,41,M,4,Emergencias,Alta
EP00456,Registro del paciente,2026-04-23 12:26:17,Admision_02,,9,F,4,Pediatría,Alta
EP00465,Registro del paciente,2026-04-23 12:35:35,Admision_02,,43,M,2,Traumatología,Alta
EP00465,Triage,2026-04-23 13:04:00,Enf_Triage_02,,43,M,2,Traumatología,Alta
EP00456,Triage,2026-04-23 13:04:16,Enf_Triage_01,,9,F,4,Pediatría,Alta
EP00465,Consulta médica,2026-04-23 13:22:21,Dr_Trauma_04,,43,M,2,Traumatología,Alta
EP00302,Triage,2026-04-23 13:25:19,Enf_Triage_03,,41,M,4,Emergencias,Alta
EP00712,Realización de examen,2026-04-23 14:00:25,Imagenologia,Imagenología,17,M,4,Emergencias,Alta
EP00465,Tratamiento,2026-04-23 14:31:12,Enf_Trauma_02,,43,M,2,Traumatología,Alta
EP00456,Consulta médica,2026-04-23 15:14:37,Dr_Pediat_04,,9,F,4,Pediatría,Alta
EP00465,Alta,2026-04-23 15:40:37,Dr_Trauma_04,,43,M,2,Traumatología,Alta
EP00712,Evaluación de resultados,2026-04-23 15:54:18,Dr_Emerge_01,Imagenología,17,M,4,Emergencias,Alta
EP00302,Consulta médica,2026-04-23 16:27:52,Dr_Emerge_04,,41,M,4,Emergencias,Alta
EP00712,Tratamiento,2026-04-23 16:34:45,Enf_Emerge_02,,17,M,4,Emergencias,Alta
EP00926,Consulta médica,2026-04-23 16:59:19,Dr_Emerge_03,,52,M,4,Emergencias,Alta
EP00926,Solicitud de examen,2026-04-23 17:29:26,Dr_Emerge_03,Imagenología,52,M,4,Emergencias,Alta
EP00302,Solicitud de examen,2026-04-23 17:31:07,Dr_Emerge_04,Laboratorio,41,M,4,Emergencias,Alta
EP00302,Realización de examen,2026-04-23 18:19:05,Laboratorio_Clinico,Laboratorio,41,M,4,Emergencias,Alta
EP00712,Alta,2026-04-23 18:23:38,Dr_Emerge_01,,17,M,4,Emergencias,Alta
EP00295,Registro del paciente,2026-04-23 18:36:05,Admision_01,,63,M,4,Emergencias,Hospitalización
EP01355,Registro del paciente,2026-04-23 18:50:07,Admision_03,,48,F,3,Traumatología,Alta
EP00456,Interconsulta especialista,2026-04-23 18:58:15,Especialista_03,,9,F,4,Pediatría,Alta
EP00295,Triage,2026-04-23 19:15:06,Enf_Triage_01,,63,M,4,Emergencias,Hospitalización
EP01355,Triage,2026-04-23 19:16:30,Enf_Triage_01,,48,F,3,Traumatología,Alta
EP00456,Tratamiento,2026-04-23 19:38:41,Enf_Pediat_01,,9,F,4,Pediatría,Alta
EP00302,Evaluación de resultados,2026-04-23 19:55:55,Dr_Emerge_04,Laboratorio,41,M,4,Emergencias,Alta
EP01355,Consulta médica,2026-04-23 19:56:22,Dr_Trauma_01,,48,F,3,Traumatología,Alta
EP01355,Tratamiento,2026-04-23 20:50:03,Enf_Trauma_02,,48,F,3,Traumatología,Alta
EP00302,Tratamiento,2026-04-23 20:51:34,Enf_Emerge_04,,41,M,4,Emergencias,Alta
EP00295,Consulta médica,2026-04-23 21:01:20,Dr_Emerge_04,,63,M,4,Emergencias,Hospitalización
EP00295,Solicitud de examen,2026-04-23 21:05:17,Dr_Emerge_04,Laboratorio,63,M,4,Emergencias,Hospitalización
EP00926,Realización de examen,2026-04-23 21:14:06,Imagenologia,Imagenología,52,M,4,Emergencias,Alta
EP00456,Alta,2026-04-23 21:14:17,Dr_Pediat_04,,9,F,4,Pediatría,Alta
EP01355,Alta,2026-04-23 21:24:28,Dr_Trauma_01,,48,F,3,Traumatología,Alta
EP00295,Realización de examen,2026-04-23 21:53:09,Laboratorio_Clinico,Laboratorio,63,M,4,Emergencias,Hospitalización
EP00302,Alta,2026-04-23 22:14:16,Dr_Emerge_04,,41,M,4,Emergencias,Alta
EP00926,Evaluación de resultados,2026-04-23 22:17:30,Dr_Emerge_03,Imagenología,52,M,4,Emergencias,Alta
EP00926,Solicitud de examen,2026-04-23 22:21:59,Dr_Emerge_03,Imagenología,52,M,4,Emergencias,Alta
EP00295,Evaluación de resultados,2026-04-23 22:30:22,Dr_Emerge_04,Laboratorio,63,M,4,Emergencias,Hospitalización
EP00295,Tratamiento,2026-04-23 22:56:11,Enf_Emerge_02,,63,M,4,Emergencias,Hospitalización
EP01289,Registro del paciente,2026-04-23 23:28:24,Admision_01,,69,M,2,Medicina Interna,Hospitalización
EP01289,Triage,2026-04-24 00:03:08,Enf_Triage_02,,69,M,2,Medicina Interna,Hospitalización
EP01289,Consulta médica,2026-04-24 00:15:56,Dr_Medici_02,,69,M,2,Medicina Interna,Hospitalización
EP01289,Solicitud de examen,2026-04-24 00:28:28,Dr_Medici_02,Laboratorio,69,M,2,Medicina Interna,Hospitalización
EP01289,Realización de examen,2026-04-24 01:33:23,Laboratorio_Clinico,Laboratorio,69,M,2,Medicina Interna,Hospitalización
EP01289,Evaluación de resultados,2026-04-24 02:28:32,Dr_Medici_02,Laboratorio,69,M,2,Medicina Interna,Hospitalización
EP01289,Solicitud de examen,2026-04-24 02:40:45,Dr_Medici_02,Laboratorio,69,M,2,Medicina Interna,Hospitalización
EP01289,Realización de examen,2026-04-24 03:59:53,Laboratorio_Clinico,Laboratorio,69,M,2,Medicina Interna,Hospitalización
EP01289,Evaluación de resultados,2026-04-24 04:52:59,Dr_Medici_02,Laboratorio,69,M,2,Medicina Interna,Hospitalización
EP01289,Tratamiento,2026-04-24 05:29:52,Enf_Medici_01,,69,M,2,Medicina Interna,Hospitalización
EP01407,Registro del paciente,2026-04-24 08:37:36,Admision_01,,47,F,3,Emergencias,Alta
EP01407,Triage,2026-04-24 08:59:52,Enf_Triage_01,,47,F,3,Emergencias,Alta
EP00753,Registro del paciente,2026-04-24 10:54:04,Admision_03,,30,F,3,Traumatología,Hospitalización
EP01407,Consulta médica,2026-04-24 11:04:45,Dr_Emerge_03,,47,F,3,Emergencias,Alta
EP00211,Registro del paciente,2026-04-24 11:06:37,Admision_03,,80,F,4,Emergencias,Hospitalización
EP00753,Triage,2026-04-24 11:10:11,Enf_Triage_03,,30,F,3,Traumatología,Hospitalización
EP01407,Tratamiento,2026-04-24 11:19:30,Enf_Emerge_02,,47,F,3,Emergencias,Alta
EP00753,Consulta médica,2026-04-24 11:50:25,Dr_Trauma_03,,30,F,3,Traumatología,Hospitalización
EP00211,Triage,2026-04-24 12:02:01,Enf_Triage_02,,80,F,4,Emergencias,Hospitalización
EP01289,Ingreso a hospitalización,2026-04-24 12:03:39,Gestion_Camas,,69,M,2,Medicina Interna,Hospitalización
EP00753,Solicitud de examen,2026-04-24 12:08:26,Dr_Trauma_03,Imagenología,30,F,3,Traumatología,Hospitalización
EP01407,Alta,2026-04-24 12:12:15,Dr_Emerge_03,,47,F,3,Emergencias,Alta
EP00926,Realización de examen,2026-04-24 13:13:33,Imagenologia,Imagenología,52,M,4,Emergencias,Alta
EP00295,Ingreso a hospitalización,2026-04-24 14:17:39,Gestion_Camas,,63,M,4,Emergencias,Hospitalización
EP00211,Consulta médica,2026-04-24 14:28:47,Dr_Emerge_03,,80,F,4,Emergencias,Hospitalización
EP00888,Registro del paciente,2026-04-24 14:36:12,Admision_03,,55,F,4,Emergencias,Alta
EP00211,Tratamiento,2026-04-24 14:49:29,Enf_Emerge_04,,80,F,4,Emergencias,Hospitalización
EP00926,Evaluación de resultados,2026-04-24 15:01:26,Dr_Emerge_03,Imagenología,52,M,4,Emergencias,Alta
EP00753,Realización de examen,2026-04-24 15:19:01,Imagenologia,Imagenología,30,F,3,Traumatología,Hospitalización
EP00888,Triage,2026-04-24 15:22:47,Enf_Triage_03,,55,F,4,Emergencias,Alta
EP00498,Registro del paciente,2026-04-24 15:50:44,Admision_01,,59,F,2,Emergencias,Alta
EP00753,Evaluación de resultados,2026-04-24 15:51:07,Dr_Trauma_03,Imagenología,30,F,3,Traumatología,Hospitalización
EP00926,Tratamiento,2026-04-24 15:51:34,Enf_Emerge_03,,52,M,4,Emergencias,Alta
EP00498,Triage,2026-04-24 16:17:48,Enf_Triage_03,,59,F,2,Emergencias,Alta
EP00498,Consulta médica,2026-04-24 16:40:38,Dr_Emerge_02,,59,F,2,Emergencias,Alta
EP00926,Alta,2026-04-24 16:59:15,Dr_Emerge_03,,52,M,4,Emergencias,Alta
EP00473,Registro del paciente,2026-04-24 16:59:37,Admision_02,,4,M,1,Pediatría,Hospitalización
EP00473,Triage,2026-04-24 17:02:38,Enf_Triage_01,,4,M,1,Pediatría,Hospitalización
EP00498,Solicitud de examen,2026-04-24 17:04:04,Dr_Emerge_02,Laboratorio,59,F,2,Emergencias,Alta
EP00473,Consulta médica,2026-04-24 17:08:10,Dr_Pediat_02,,4,M,1,Pediatría,Hospitalización
EP00888,Consulta médica,2026-04-24 17:20:38,Dr_Emerge_03,,55,F,4,Emergencias,Alta
EP00498,Realización de examen,2026-04-24 17:53:13,Laboratorio_Clinico,Laboratorio,59,F,2,Emergencias,Alta
EP00473,Tratamiento,2026-04-24 18:02:03,Enf_Pediat_04,,4,M,1,Pediatría,Hospitalización
EP00498,Evaluación de resultados,2026-04-24 18:11:59,Dr_Emerge_02,Laboratorio,59,F,2,Emergencias,Alta
EP00498,Solicitud de examen,2026-04-24 18:18:25,Dr_Emerge_02,Imagenología,59,F,2,Emergencias,Alta
EP00888,Consulta médica,2026-04-24 18:41:51,Dr_Emerge_03,,55,F,4,Emergencias,Alta
EP00211,Ingreso a hospitalización,2026-04-24 18:49:53,Gestion_Camas,,80,F,4,Emergencias,Hospitalización
EP00888,Tratamiento,2026-04-24 19:43:58,Enf_Emerge_01,,55,F,4,Emergencias,Alta
EP00473,Ingreso a hospitalización,2026-04-24 20:28:23,Gestion_Camas,,4,M,1,Pediatría,Hospitalización
EP00888,Alta,2026-04-24 20:58:56,Dr_Emerge_03,,55,F,4,Emergencias,Alta
EP00753,Interconsulta especialista,2026-04-24 21:49:34,Especialista_02,,30,F,3,Traumatología,Hospitalización
EP00753,Tratamiento,2026-04-24 22:36:13,Enf_Trauma_04,,30,F,3,Traumatología,Hospitalización
EP00498,Realización de examen,2026-04-24 23:00:32,Imagenologia,Imagenología,59,F,2,Emergencias,Alta
EP00498,Evaluación de resultados,2026-04-24 23:51:24,Dr_Emerge_02,Imagenología,59,F,2,Emergencias,Alta
EP00498,Tratamiento,2026-04-25 01:14:33,Enf_Emerge_02,,59,F,2,Emergencias,Alta
EP00498,Alta,2026-04-25 01:38:21,Dr_Emerge_02,,59,F,2,Emergencias,Alta
EP00753,Ingreso a hospitalización,2026-04-25 02:02:47,Gestion_Camas,,30,F,3,Traumatología,Hospitalización
EP01030,Registro del paciente,2026-04-25 04:21:02,Admision_01,,5,F,1,Pediatría,Alta
EP01030,Triage,2026-04-25 04:24:03,Enf_Triage_03,,5,F,1,Pediatría,Alta
EP01030,Consulta médica,2026-04-25 04:35:47,Dr_Pediat_02,,5,F,1,Pediatría,Alta
EP01030,Interconsulta especialista,2026-04-25 08:11:28,Especialista_01,,5,F,1,Pediatría,Alta
EP00399,Registro del paciente,2026-04-25 08:34:19,Admision_02,,5,M,4,Pediatría,Alta
EP01030,Tratamiento,2026-04-25 08:59:50,Enf_Pediat_02,,5,F,1,Pediatría,Alta
EP01030,Alta,2026-04-25 09:28:28,Dr_Pediat_02,,5,F,1,Pediatría,Alta
EP00399,Triage,2026-04-25 09:32:31,Enf_Triage_01,,5,M,4,Pediatría,Alta
EP00307,Registro del paciente,2026-04-25 09:47:11,Admision_03,,16,F,4,Traumatología,Alta
EP00307,Triage,2026-04-25 10:14:04,Enf_Triage_01,,16,F,4,Traumatología,Alta
EP00399,Consulta médica,2026-04-25 11:38:42,Dr_Pediat_02,,5,M,4,Pediatría,Alta
EP00399,Solicitud de examen,2026-04-25 12:03:58,Dr_Pediat_02,Laboratorio,5,M,4,Pediatría,Alta
EP00307,Consulta médica,2026-04-25 12:31:49,Dr_Trauma_03,,16,F,4,Traumatología,Alta
EP00307,Solicitud de examen,2026-04-25 12:42:15,Dr_Trauma_03,Laboratorio,16,F,4,Traumatología,Alta
EP00399,Realización de examen,2026-04-25 12:57:57,Laboratorio_Clinico,Laboratorio,5,M,4,Pediatría,Alta
EP00399,Evaluación de resultados,2026-04-25 13:18:59,Dr_Pediat_02,Laboratorio,5,M,4,Pediatría,Alta
EP00307,Realización de examen,2026-04-25 13:19:19,Laboratorio_Clinico,Laboratorio,16,F,4,Traumatología,Alta
EP00307,Evaluación de resultados,2026-04-25 13:52:43,Dr_Trauma_03,Laboratorio,16,F,4,Traumatología,Alta
EP00399,Tratamiento,2026-04-25 13:58:21,Enf_Pediat_03,,5,M,4,Pediatría,Alta
EP00399,Alta,2026-04-25 14:29:24,Dr_Pediat_02,,5,M,4,Pediatría,Alta
EP00307,Tratamiento,2026-04-25 15:01:39,Enf_Trauma_03,,16,F,4,Traumatología,Alta
EP00523,Registro del paciente,2026-04-25 15:09:35,Admision_03,,49,F,2,Emergencias,Hospitalización
EP00523,Triage,2026-04-25 15:36:36,Enf_Triage_02,,49,F,2,Emergencias,Hospitalización
EP00307,Alta,2026-04-25 15:36:51,Dr_Trauma_03,,16,F,4,Traumatología,Alta
EP00225,Registro del paciente,2026-04-25 15:50:39,Admision_01,,15,M,4,Medicina Interna,Alta
EP00523,Consulta médica,2026-04-25 16:05:02,Dr_Emerge_01,,49,F,2,Emergencias,Hospitalización
EP00523,Solicitud de examen,2026-04-25 16:10:41,Dr_Emerge_01,Imagenología,49,F,2,Emergencias,Hospitalización
EP00225,Triage,2026-04-25 16:15:28,Enf_Triage_01,,15,M,4,Medicina Interna,Alta
EP00523,Realización de examen,2026-04-26 00:34:43,Imagenologia,Imagenología,49,F,2,Emergencias,Hospitalización
EP00523,Evaluación de resultados,2026-04-26 02:33:02,Dr_Emerge_01,Imagenología,49,F,2,Emergencias,Hospitalización
EP00523,Solicitud de examen,2026-04-26 03:23:36,Dr_Emerge_01,Laboratorio,49,F,2,Emergencias,Hospitalización
EP00225,Consulta médica,2026-04-26 03:34:52,Dr_Medici_04,,15,M,4,Medicina Interna,Alta
EP00523,Realización de examen,2026-04-26 04:19:42,Laboratorio_Clinico,Laboratorio,49,F,2,Emergencias,Hospitalización
EP00523,Evaluación de resultados,2026-04-26 05:26:49,Dr_Emerge_01,Laboratorio,49,F,2,Emergencias,Hospitalización
EP00523,Tratamiento,2026-04-26 06:05:12,Enf_Emerge_02,,49,F,2,Emergencias,Hospitalización
EP00225,Consulta médica,2026-04-26 06:43:08,Dr_Medici_04,,15,M,4,Medicina Interna,Alta
EP00225,Tratamiento,2026-04-26 07:48:57,Enf_Medici_02,,15,M,4,Medicina Interna,Alta
EP00225,Alta,2026-04-26 08:49:07,Dr_Medici_04,,15,M,4,Medicina Interna,Alta
EP00294,Registro del paciente,2026-04-26 11:58:43,Admision_01,,76,F,4,Emergencias,Alta
EP00294,Triage,2026-04-26 12:26:01,Enf_Triage_01,,76,F,4,Emergencias,Alta
EP00294,Consulta médica,2026-04-26 15:50:15,Dr_Emerge_03,,76,F,4,Emergencias,Alta
EP00246,Registro del paciente,2026-04-26 16:00:14,Admision_02,,49,F,3,Emergencias,Alta
EP00523,Ingreso a hospitalización,2026-04-26 16:30:26,Gestion_Camas,,49,F,2,Emergencias,Hospitalización
EP00816,Registro del paciente,2026-04-26 16:56:45,Admision_02,,21,F,3,Emergencias,Hospitalización
EP00246,Triage,2026-04-26 17:09:02,Enf_Triage_01,,49,F,3,Emergencias,Alta
EP00294,Tratamiento,2026-04-26 17:16:17,Enf_Emerge_01,,76,F,4,Emergencias,Alta
EP00816,Triage,2026-04-26 17:29:20,Enf_Triage_01,,21,F,3,Emergencias,Hospitalización
EP01367,Registro del paciente,2026-04-26 18:07:16,Admision_02,,17,M,3,Traumatología,Alta
EP00718,Registro del paciente,2026-04-26 18:16:33,Admision_01,,74,F,4,Emergencias,Alta
EP01367,Triage,2026-04-26 18:31:41,Enf_Triage_02,,17,M,3,Traumatología,Alta
EP00294,Alta,2026-04-26 18:32:37,Dr_Emerge_03,,76,F,4,Emergencias,Alta
EP00246,Consulta médica,2026-04-26 18:59:28,Dr_Emerge_01,,49,F,3,Emergencias,Alta
EP00718,Triage,2026-04-26 19:04:22,Enf_Triage_03,,74,F,4,Emergencias,Alta
EP01460,Registro del paciente,2026-04-26 19:09:25,Admision_01,,67,M,4,Emergencias,Alta
EP01460,Triage,2026-04-26 19:41:42,Enf_Triage_02,,67,M,4,Emergencias,Alta
EP00816,Consulta médica,2026-04-26 20:00:44,Dr_Emerge_02,,21,F,3,Emergencias,Hospitalización
EP01367,Consulta médica,2026-04-26 20:07:25,Dr_Trauma_03,,17,M,3,Traumatología,Alta
EP00816,Tratamiento,2026-04-26 20:36:11,Enf_Emerge_02,,21,F,3,Emergencias,Hospitalización
EP01367,Consulta médica,2026-04-26 21:13:04,Dr_Trauma_03,,17,M,3,Traumatología,Alta
EP01367,Tratamiento,2026-04-26 21:45:15,Enf_Trauma_01,,17,M,3,Traumatología,Alta
EP00617,Registro del paciente,2026-04-26 22:17:59,Admision_03,,32,M,3,Emergencias,Alta
EP01367,Alta,2026-04-26 22:29:32,Dr_Trauma_03,,17,M,3,Traumatología,Alta
EP00617,Triage,2026-04-26 22:42:46,Enf_Triage_02,,32,M,3,Emergencias,Alta
EP00246,Consulta médica,2026-04-26 22:52:34,Dr_Emerge_01,,49,F,3,Emergencias,Alta
EP00246,Tratamiento,2026-04-26 23:32:04,Enf_Emerge_01,,49,F,3,Emergencias,Alta
EP00718,Consulta médica,2026-04-26 23:53:19,Dr_Emerge_01,,74,F,4,Emergencias,Alta
EP00246,Alta,2026-04-27 00:13:19,Dr_Emerge_01,,49,F,3,Emergencias,Alta
EP00718,Tratamiento,2026-04-27 00:20:54,Enf_Emerge_02,,74,F,4,Emergencias,Alta
EP00718,Alta,2026-04-27 00:57:47,Dr_Emerge_01,,74,F,4,Emergencias,Alta
EP01235,Registro del paciente,2026-04-27 01:13:38,Admision_02,,15,F,3,Medicina Interna,Alta
EP01235,Triage,2026-04-27 01:54:58,Enf_Triage_02,,15,F,3,Medicina Interna,Alta
EP01460,Consulta médica,2026-04-27 01:59:20,Dr_Emerge_01,,67,M,4,Emergencias,Alta
EP01460,Tratamiento,2026-04-27 02:28:30,Enf_Emerge_01,,67,M,4,Emergencias,Alta
EP00617,Consulta médica,2026-04-27 03:17:19,Dr_Emerge_04,,32,M,3,Emergencias,Alta
EP00617,Solicitud de examen,2026-04-27 03:25:34,Dr_Emerge_04,Laboratorio,32,M,3,Emergencias,Alta
EP01235,Consulta médica,2026-04-27 03:37:17,Dr_Medici_02,,15,F,3,Medicina Interna,Alta
EP01235,Solicitud de examen,2026-04-27 03:43:35,Dr_Medici_02,Laboratorio,15,F,3,Medicina Interna,Alta
EP01460,Alta,2026-04-27 03:55:22,Dr_Emerge_01,,67,M,4,Emergencias,Alta
EP00617,Realización de examen,2026-04-27 04:32:33,Laboratorio_Clinico,Laboratorio,32,M,3,Emergencias,Alta
EP00816,Ingreso a hospitalización,2026-04-27 04:37:47,Gestion_Camas,,21,F,3,Emergencias,Hospitalización
EP01235,Realización de examen,2026-04-27 04:57:22,Laboratorio_Clinico,Laboratorio,15,F,3,Medicina Interna,Alta
EP00617,Evaluación de resultados,2026-04-27 04:57:30,Dr_Emerge_04,Laboratorio,32,M,3,Emergencias,Alta
EP00617,Tratamiento,2026-04-27 05:39:58,Enf_Emerge_02,,32,M,3,Emergencias,Alta
EP01235,Evaluación de resultados,2026-04-27 05:53:50,Dr_Medici_02,Laboratorio,15,F,3,Medicina Interna,Alta
EP00617,Alta,2026-04-27 06:04:07,Dr_Emerge_04,,32,M,3,Emergencias,Alta
EP01235,Solicitud de examen,2026-04-27 06:08:21,Dr_Medici_02,Laboratorio,15,F,3,Medicina Interna,Alta
EP01235,Realización de examen,2026-04-27 07:31:07,Laboratorio_Clinico,Laboratorio,15,F,3,Medicina Interna,Alta
EP01235,Evaluación de resultados,2026-04-27 09:29:00,Dr_Medici_02,Laboratorio,15,F,3,Medicina Interna,Alta
EP01235,Tratamiento,2026-04-27 10:07:08,Enf_Medici_02,,15,F,3,Medicina Interna,Alta
EP01129,Registro del paciente,2026-04-27 11:30:20,Admision_03,,37,F,5,Emergencias,Alta
EP01235,Alta,2026-04-27 11:47:33,Dr_Medici_02,,15,F,3,Medicina Interna,Alta
EP01129,Triage,2026-04-27 12:38:21,Enf_Triage_03,,37,F,5,Emergencias,Alta
EP00392,Registro del paciente,2026-04-27 13:12:18,Admision_02,,64,F,4,Medicina Interna,Alta
EP00392,Triage,2026-04-27 13:49:54,Enf_Triage_01,,64,F,4,Medicina Interna,Alta
EP00743,Registro del paciente,2026-04-27 14:41:58,Admision_01,,55,F,2,Medicina Interna,Hospitalización
EP00743,Triage,2026-04-27 15:21:36,Enf_Triage_03,,55,F,2,Medicina Interna,Hospitalización
EP00743,Consulta médica,2026-04-27 15:59:18,Dr_Medici_03,,55,F,2,Medicina Interna,Hospitalización
EP01129,Consulta médica,2026-04-27 16:01:14,Dr_Emerge_04,,37,F,5,Emergencias,Alta
EP00392,Consulta médica,2026-04-27 16:02:30,Dr_Medici_03,,64,F,4,Medicina Interna,Alta
EP00902,Registro del paciente,2026-04-27 16:10:20,Admision_01,,57,F,3,Medicina Interna,Alta
EP00743,Solicitud de examen,2026-04-27 16:14:11,Dr_Medici_03,Laboratorio,55,F,2,Medicina Interna,Hospitalización
EP00902,Triage,2026-04-27 16:42:07,Enf_Triage_03,,57,F,3,Medicina Interna,Alta
EP01129,Tratamiento,2026-04-27 16:55:28,Enf_Emerge_03,,37,F,5,Emergencias,Alta
EP00743,Realización de examen,2026-04-27 17:24:45,Laboratorio_Clinico,Laboratorio,55,F,2,Medicina Interna,Hospitalización
EP00902,Consulta médica,2026-04-27 17:29:53,Dr_Medici_02,,57,F,3,Medicina Interna,Alta
EP00902,Solicitud de examen,2026-04-27 17:46:04,Dr_Medici_02,Laboratorio,57,F,3,Medicina Interna,Alta
EP01129,Alta,2026-04-27 17:51:12,Dr_Emerge_04,,37,F,5,Emergencias,Alta
EP00392,Consulta médica,2026-04-27 18:17:46,Dr_Medici_03,,64,F,4,Medicina Interna,Alta
EP00743,Evaluación de resultados,2026-04-27 18:24:31,Dr_Medici_03,Laboratorio,55,F,2,Medicina Interna,Hospitalización
EP00902,Realización de examen,2026-04-27 18:37:15,Laboratorio_Clinico,Laboratorio,57,F,3,Medicina Interna,Alta
EP00392,Tratamiento,2026-04-27 18:52:48,Enf_Medici_02,,64,F,4,Medicina Interna,Alta
EP00902,Evaluación de resultados,2026-04-27 19:09:02,Dr_Medici_02,Laboratorio,57,F,3,Medicina Interna,Alta
EP00392,Alta,2026-04-27 19:20:21,Dr_Medici_03,,64,F,4,Medicina Interna,Alta
EP00743,Consulta médica,2026-04-27 20:55:55,Dr_Medici_03,,55,F,2,Medicina Interna,Hospitalización
EP00902,Consulta médica,2026-04-27 21:04:03,Dr_Medici_02,,57,F,3,Medicina Interna,Alta
EP00743,Tratamiento,2026-04-27 21:35:00,Enf_Medici_03,,55,F,2,Medicina Interna,Hospitalización
EP00902,Tratamiento,2026-04-27 21:43:43,Enf_Medici_02,,57,F,3,Medicina Interna,Alta
EP00902,Alta,2026-04-27 22:51:42,Dr_Medici_02,,57,F,3,Medicina Interna,Alta
EP00635,Registro del paciente,2026-04-28 02:41:01,Admision_02,,92,F,3,Emergencias,Hospitalización
EP00635,Triage,2026-04-28 03:13:17,Enf_Triage_03,,92,F,3,Emergencias,Hospitalización
EP00635,Consulta médica,2026-04-28 04:02:50,Dr_Emerge_02,,92,F,3,Emergencias,Hospitalización
EP00743,Ingreso a hospitalización,2026-04-28 04:06:09,Gestion_Camas,,55,F,2,Medicina Interna,Hospitalización
EP00484,Registro del paciente,2026-04-28 09:45:29,Admision_02,,5,F,2,Pediatría,Alta
EP00484,Triage,2026-04-28 10:19:30,Enf_Triage_03,,5,F,2,Pediatría,Alta
EP00484,Consulta médica,2026-04-28 10:44:12,Dr_Pediat_04,,5,F,2,Pediatría,Alta
EP00484,Solicitud de examen,2026-04-28 10:54:15,Dr_Pediat_04,Imagenología,5,F,2,Pediatría,Alta
EP00484,Realización de examen,2026-04-28 12:18:22,Imagenologia,Imagenología,5,F,2,Pediatría,Alta
EP01021,Registro del paciente,2026-04-28 13:25:35,Admision_02,,2,M,4,Pediatría,Alta
EP00484,Evaluación de resultados,2026-04-28 13:44:43,Dr_Pediat_04,Imagenología,5,F,2,Pediatría,Alta
EP01021,Triage,2026-04-28 13:54:34,Enf_Triage_02,,2,M,4,Pediatría,Alta
EP00484,Tratamiento,2026-04-28 14:59:53,Enf_Pediat_02,,5,F,2,Pediatría,Alta
EP00484,Alta,2026-04-28 16:10:48,Dr_Pediat_04,,5,F,2,Pediatría,Alta
EP00635,Interconsulta especialista,2026-04-28 17:00:34,Especialista_03,,92,F,3,Emergencias,Hospitalización
EP00160,Registro del paciente,2026-04-28 17:21:06,Admision_03,,40,F,2,Emergencias,Alta
EP00635,Tratamiento,2026-04-28 17:43:55,Enf_Emerge_04,,92,F,3,Emergencias,Hospitalización
EP00160,Triage,2026-04-28 18:06:29,Enf_Triage_03,,40,F,2,Emergencias,Alta
EP01021,Consulta médica,2026-04-28 18:07:22,Dr_Pediat_01,,2,M,4,Pediatría,Alta
EP00156,Registro del paciente,2026-04-28 18:23:04,Admision_02,,58,M,4,Medicina Interna,Alta
EP00160,Consulta médica,2026-04-28 18:26:30,Dr_Emerge_01,,40,F,2,Emergencias,Alta
EP01021,Tratamiento,2026-04-28 19:07:21,Enf_Pediat_02,,2,M,4,Pediatría,Alta
EP00156,Triage,2026-04-28 19:10:12,Enf_Triage_01,,58,M,4,Medicina Interna,Alta
EP01021,Alta,2026-04-28 20:14:57,Dr_Pediat_01,,2,M,4,Pediatría,Alta
EP00160,Tratamiento,2026-04-28 20:27:58,Enf_Emerge_02,,40,F,2,Emergencias,Alta
EP00160,Alta,2026-04-28 21:32:57,Dr_Emerge_01,,40,F,2,Emergencias,Alta
EP01064,Registro del paciente,2026-04-29 00:49:22,Admision_01,,10,F,2,Pediatría,Hospitalización
EP01064,Triage,2026-04-29 01:26:30,Enf_Triage_01,,10,F,2,Pediatría,Hospitalización
EP00156,Consulta médica,2026-04-29 01:26:31,Dr_Medici_01,,58,M,4,Medicina Interna,Alta
EP00156,Solicitud de examen,2026-04-29 01:40:44,Dr_Medici_01,Laboratorio,58,M,4,Medicina Interna,Alta
EP01064,Consulta médica,2026-04-29 02:02:39,Dr_Pediat_04,,10,F,2,Pediatría,Hospitalización
EP01064,Solicitud de examen,2026-04-29 02:15:18,Dr_Pediat_04,Laboratorio,10,F,2,Pediatría,Hospitalización
EP00635,Ingreso a hospitalización,2026-04-29 02:26:24,Gestion_Camas,,92,F,3,Emergencias,Hospitalización
EP00156,Realización de examen,2026-04-29 02:30:17,Laboratorio_Clinico,Laboratorio,58,M,4,Medicina Interna,Alta
EP00156,Evaluación de resultados,2026-04-29 03:03:00,Dr_Medici_01,Laboratorio,58,M,4,Medicina Interna,Alta
EP01064,Realización de examen,2026-04-29 03:38:55,Laboratorio_Clinico,Laboratorio,10,F,2,Pediatría,Hospitalización
EP01064,Evaluación de resultados,2026-04-29 04:05:27,Dr_Pediat_04,Laboratorio,10,F,2,Pediatría,Hospitalización
EP00814,Registro del paciente,2026-04-29 04:10:05,Admision_01,,49,M,3,Emergencias,Alta
EP01430,Registro del paciente,2026-04-29 04:22:46,Admision_02,,44,F,4,Emergencias,Alta
EP00814,Triage ,2026-04-29 04:24:56,Enf_Triage_03,,49,M,3,Emergencias,Alta
EP00156,Consulta médica,2026-04-29 04:46:53,Dr_Medici_01,,58,M,4,Medicina Interna,Alta
EP01430,Triage,2026-04-29 05:00:29,Enf_Triage_02,,44,F,4,Emergencias,Alta
EP01064,Consulta médica,2026-04-29 05:50:31,Dr_Pediat_04,,10,F,2,Pediatría,Hospitalización
EP00156,Tratamiento,2026-04-29 05:58:24,Enf_Medici_01,,58,M,4,Medicina Interna,Alta
EP01064,Tratamiento,2026-04-29 06:27:55,Enf_Pediat_03,,10,F,2,Pediatría,Hospitalización
EP00814,Consulta médica,2026-04-29 06:46:15,Dr_Emerge_04,,49,M,3,Emergencias,Alta
EP00156,Alta,2026-04-29 06:58:21,Dr_Medici_01,,58,M,4,Medicina Interna,Alta
EP00814,Solicitud de examen,2026-04-29 07:06:36,Dr_Emerge_04,Laboratorio,49,M,3,Emergencias,Alta
EP00814,Realización de examen,2026-04-29 07:46:01,Laboratorio_Clinico,Laboratorio,49,M,3,Emergencias,Alta
EP01064,Ingreso a hospitalización,2026-04-29 07:57:14,Gestion_Camas,,10,F,2,Pediatría,Hospitalización
EP01430,Consulta médica,2026-04-29 08:35:38,Dr_Emerge_01,,44,F,4,Emergencias,Alta
EP00814,Evaluación de resultados,2026-04-29 08:38:20,Dr_Emerge_04,Laboratorio,49,M,3,Emergencias,Alta
EP00814,Tratamiento,2026-04-29 09:09:54,Enf_Emerge_01,,49,M,3,Emergencias,Alta
EP01430,Tratamiento,2026-04-29 09:25:00,Enf_Emerge_02,,44,F,4,Emergencias,Alta
EP00794,Registro del paciente,2026-04-29 10:05:27,Admision_03,,47,F,3,Emergencias,Alta
EP01430,Alta,2026-04-29 10:05:47,Dr_Emerge_01,,44,F,4,Emergencias,Alta
EP00794,Triage,2026-04-29 10:45:31,Enf_Triage_03,,47,F,3,Emergencias,Alta
EP00814,Alta,2026-04-29 11:10:31,Dr_Emerge_04,,49,M,3,Emergencias,Alta
EP00943,Registro del paciente,2026-04-29 11:36:12,Admision_02,,7,M,2,Pediatría,Hospitalización
EP00807,Registro del paciente,2026-04-29 11:44:45,Admision_01,,21,M,4,Emergencias,Alta
EP00943,Triage,2026-04-29 11:57:12,Enf_Triage_02,,7,M,2,Pediatría,Hospitalización
EP00943,Consulta médica,2026-04-29 12:23:28,Dr_Pediat_03,,7,M,2,Pediatría,Hospitalización
EP00807,Triage,2026-04-29 12:34:34,Enf_Triage_03,,21,M,4,Emergencias,Alta
EP00943,Tratamiento,2026-04-29 12:59:50,Enf_Pediat_02,,7,M,2,Pediatría,Hospitalización
EP00794,Consulta médica,2026-04-29 13:00:47,Dr_Emerge_04,,47,F,3,Emergencias,Alta
EP00535,Registro del paciente,2026-04-29 14:42:37,Admision_03,,63,M,4,Emergencias,Alta
EP00535,Triage,2026-04-29 15:22:30,Enf_Triage_03,,63,M,4,Emergencias,Alta
EP00708,Registro del paciente,2026-04-29 15:50:43,Admision_02,,27,F,5,Traumatología,Alta
EP00943,Ingreso a hospitalización,2026-04-29 15:53:09,Gestion_Camas,,7,M,2,Pediatría,Hospitalización
EP00807,Consulta médica,2026-04-29 16:00:06,Dr_Emerge_02,,21,M,4,Emergencias,Alta
EP00708,Triage,2026-04-29 16:32:55,Enf_Triage_03,,27,F,5,Traumatología,Alta
EP00807,Tratamiento,2026-04-29 16:36:35,Enf_Emerge_03,,21,M,4,Emergencias,Alta
EP00073,Registro del paciente,2026-04-29 16:42:35,Admision_02,,67,M,2,Medicina Interna,Alta
EP00073,Triage,2026-04-29 17:00:09,Enf_Triage_02,,67,M,2,Medicina Interna,Alta
EP00073,Consulta médica,2026-04-29 17:26:32,Dr_Medici_04,,67,M,2,Medicina Interna,Alta
EP00073,Solicitud de examen,2026-04-29 17:42:23,Dr_Medici_04,Laboratorio,67,M,2,Medicina Interna,Alta
EP00807,Alta,2026-04-29 18:12:59,Dr_Emerge_02,,21,M,4,Emergencias,Alta
EP00447,Registro del paciente,2026-04-29 18:17:03,Admision_02,,38,M,2,Emergencias,Alta
EP00073,Realización de examen,2026-04-29 18:24:39,Laboratorio_Clinico,Laboratorio,67,M,2,Medicina Interna,Alta
EP00447,Triage,2026-04-29 18:55:35,Enf_Triage_03,,38,M,2,Emergencias,Alta
EP00794,Interconsulta especialista,2026-04-29 19:15:46,Especialista_05,,47,F,3,Emergencias,Alta
EP00864,Registro del paciente,2026-04-29 19:16:16,Admision_03,,44,M,2,Emergencias,Alta
EP00535,Consulta médica,2026-04-29 19:35:28,Dr_Emerge_03,,63,M,4,Emergencias,Alta
EP00447,Consulta médica,2026-04-29 19:36:54,Dr_Emerge_04,,38,M,2,Emergencias,Alta
EP00864,Triage,2026-04-29 19:52:34,Enf_Triage_02,,44,M,2,Emergencias,Alta
EP00073,Evaluación de resultados,2026-04-29 20:06:18,Dr_Medici_04,Laboratorio,67,M,2,Medicina Interna,Alta
EP00535,Tratamiento,2026-04-29 20:13:05,Enf_Emerge_02,,63,M,4,Emergencias,Alta
EP00864,Consulta médica,2026-04-29 20:39:30,Dr_Emerge_03,,44,M,2,Emergencias,Alta
EP00073,Tratamiento,2026-04-29 20:46:12,Enf_Medici_04,,67,M,2,Medicina Interna,Alta
EP00447,Consulta médica,2026-04-29 20:50:17,Dr_Emerge_04,,38,M,2,Emergencias,Alta
EP00535,Alta,2026-04-29 21:00:53,Dr_Emerge_03,,63,M,4,Emergencias,Alta
EP00794,Tratamiento,2026-04-29 21:12:03,Enf_Emerge_03,,47,F,3,Emergencias,Alta
EP00073,Alta,2026-04-29 22:33:44,Dr_Medici_04,,67,M,2,Medicina Interna,Alta
EP00864,Consulta médica,2026-04-29 22:42:02,Dr_Emerge_03,,44,M,2,Emergencias,Alta
EP00447,Interconsulta especialista,2026-04-29 22:45:47,Especialista_05,,38,M,2,Emergencias,Alta
EP00794,Alta,2026-04-29 22:48:57,Dr_Emerge_04,,47,F,3,Emergencias,Alta
EP00447,Tratamiento,2026-04-29 23:16:43,Enf_Emerge_04,,38,M,2,Emergencias,Alta
EP00864,Tratamiento,2026-04-29 23:42:24,Enf_Emerge_01,,44,M,2,Emergencias,Alta
EP00447,Alta,2026-04-29 23:42:59,Dr_Emerge_04,,38,M,2,Emergencias,Alta
EP00864,Alta,2026-04-30 00:41:27,Dr_Emerge_03,,44,M,2,Emergencias,Alta
EP00708,Consulta médica,2026-04-30 03:19:40,Dr_Trauma_04,,27,F,5,Traumatología,Alta
EP00708,Tratamiento,2026-04-30 03:59:07,Enf_Trauma_03,,27,F,5,Traumatología,Alta
EP00708,Alta,2026-04-30 05:28:55,Dr_Trauma_04,,27,F,5,Traumatología,Alta
EP00727,Registro del paciente,2026-04-30 08:00:55,Admision_03,,42,F,3,Emergencias,Alta
EP00727,Triage,2026-04-30 08:40:07,Enf_Triage_02,,42,F,3,Emergencias,Alta
EP01192,Registro del paciente,2026-04-30 10:25:07,Admision_02,,68,M,3,Emergencias,Hospitalización
EP00727,Consulta médica,2026-04-30 10:36:14,Dr_Emerge_02,,42,F,3,Emergencias,Alta
EP00727,Tratamiento,2026-04-30 10:56:28,Enf_Emerge_01,,42,F,3,Emergencias,Alta
EP01192,Triage,2026-04-30 11:02:58,Enf_Triage_02,,68,M,3,Emergencias,Hospitalización
EP00727,Alta,2026-04-30 11:20:43,Dr_Emerge_02,,42,F,3,Emergencias,Alta
EP01192,Consulta médica,2026-04-30 11:43:41,Dr_Emerge_04,,68,M,3,Emergencias,Hospitalización
EP01192,Solicitud de examen ,2026-04-30 12:06:17,Dr_Emerge_04,Laboratorio,68,M,3,Emergencias,Hospitalización
EP00485,Registro del paciente,2026-04-30 12:18:45,Admision_02,,38,F,4,Emergencias,Traslado
EP01192,Realización de examen,2026-04-30 12:34:57,Laboratorio_Clinico,Laboratorio,68,M,3,Emergencias,Hospitalización
EP00490,Registro del paciente,2026-04-30 12:41:16,Admision_01,,44,F,3,Emergencias,Alta
EP00485,Triage,2026-04-30 12:47:45,Enf_Triage_02,,38,F,4,Emergencias,Traslado
EP01192,Evaluación de resultados,2026-04-30 13:10:50,Dr_Emerge_04,Laboratorio,68,M,3,Emergencias,Hospitalización
EP01192,Solicitud de examen,2026-04-30 13:15:48,Dr_Emerge_04,Laboratorio,68,M,3,Emergencias,Hospitalización
EP00490,Triage,2026-04-30 13:23:53,Enf_Triage_02,,44,F,3,Emergencias,Alta
EP00162,Registro del paciente,2026-04-30 13:29:32,Admision_01,,41,M,1,Medicina Interna,Alta
EP00162,Triage,2026-04-30 13:32:33,Enf_Triage_01,,41,M,1,Medicina Interna,Alta
EP00162,Consulta médica,2026-04-30 13:41:00,Dr_Medici_01,,41,M,1,Medicina Interna,Alta
EP01192,Realización de examen,2026-04-30 14:21:54,Laboratorio_Clinico,Laboratorio,68,M,3,Emergencias,Hospitalización
EP00485,Consulta médica,2026-04-30 14:55:05,Dr_Emerge_04,,38,F,4,Emergencias,Traslado
EP00162,Consulta médica,2026-04-30 14:58:21,Dr_Medici_01,,41,M,1,Medicina Interna,Alta
EP01192,Evaluación de resultados,2026-04-30 15:24:25,Dr_Emerge_04,Laboratorio,68,M,3,Emergencias,Hospitalización
EP00162,Tratamiento,2026-04-30 15:43:26,Enf_Medici_03,,41,M,1,Medicina Interna,Alta
EP00468,Registro del paciente,2026-04-30 15:56:58,Admision_02,,15,M,3,Emergencias,Alta
EP00490,Consulta médica,2026-04-30 15:57:14,Dr_Emerge_03,,44,F,3,Emergencias,Alta
EP00481,Registro del paciente,2026-04-30 16:19:40,Admision_03,,19,M,4,Medicina Interna,Hospitalización
EP00490,Solicitud de examen,2026-04-30 16:37:15,Dr_Emerge_03,Laboratorio,44,F,3,Emergencias,Alta
EP00468,Triage,2026-04-30 16:40:32,Enf_Triage_01,,15,M,3,Emergencias,Alta
EP01306,Registro del paciente,2026-04-30 16:47:25,Admision_02,,43,M,3,Traumatología,Alta
EP01306,Triage,2026-04-30 16:59:51,Enf_Triage_02,,43,M,3,Traumatología,Alta
EP00162,Alta,2026-04-30 17:01:00,Dr_Medici_01,,41,M,1,Medicina Interna,Alta
EP00481,Triage,2026-04-30 17:09:44,Enf_Triage_02,,19,M,4,Medicina Interna,Hospitalización
EP00490,Realización de examen,2026-04-30 18:32:55,Laboratorio_Clinico,Laboratorio,44,F,3,Emergencias,Alta
EP01306,Consulta médica,2026-04-30 18:51:15,Dr_Trauma_04,,43,M,3,Traumatología,Alta
EP00481,Consulta médica,2026-04-30 18:55:27,Dr_Medici_03,,19,M,4,Medicina Interna,Hospitalización
EP00481,Solicitud de examen,2026-04-30 19:08:25,Dr_Medici_03,Imagenología,19,M,4,Medicina Interna,Hospitalización
EP01192,Interconsulta especialista,2026-04-30 19:12:03,Especialista_04,,68,M,3,Emergencias,Hospitalización
EP00468,Consulta médica,2026-04-30 19:12:58,Dr_Emerge_04,,15,M,3,Emergencias,Alta
EP00205,Registro del paciente,2026-04-30 19:16:30,Admision_01,,55,M,2,Emergencias,Alta
EP01402,Registro del paciente,2026-04-30 19:16:41,Admision_03,,49,F,3,Emergencias,Alta
EP00205,Triage,2026-04-30 19:31:26,Enf_Triage_02,,55,M,2,Emergencias,Alta
EP01402,Triage,2026-04-30 19:41:49,Enf_Triage_03,,49,F,3,Emergencias,Alta
EP00468,Tratamiento,2026-04-30 19:46:32,Enf_Emerge_04,,15,M,3,Emergencias,Alta
EP00490,Evaluación de resultados,2026-04-30 19:49:42,Dr_Emerge_03,Laboratorio,44,F,3,Emergencias,Alta
EP01192,Tratamiento,2026-04-30 19:51:09,Enf_Emerge_02,,68,M,3,Emergencias,Hospitalización
EP00490,Tratamiento,2026-04-30 20:25:48,Enf_Emerge_02,,44,F,3,Emergencias,Alta
EP00485,Consulta médica,2026-04-30 20:42:24,Dr_Emerge_04,,38,F,4,Emergencias,Traslado
EP00205,Consulta médica,2026-04-30 20:47:15,Dr_Emerge_02,,55,M,2,Emergencias,Alta
EP00485,Tratamiento,2026-04-30 21:08:09,Enf_Emerge_04,,38,F,4,Emergencias,Traslado
EP00468,Alta,2026-04-30 21:22:15,Dr_Emerge_04,,15,M,3,Emergencias,Alta
EP00205,Tratamiento,2026-04-30 21:22:44,Enf_Emerge_04,,55,M,2,Emergencias,Alta
EP00481,Realización de examen,2026-04-30 21:28:38,Imagenologia,Imagenología,19,M,4,Medicina Interna,Hospitalización
EP01402,Consulta médica,2026-04-30 21:57:44,Dr_Emerge_02,,49,F,3,Emergencias,Alta
EP00490,Alta,2026-04-30 22:04:11,Dr_Emerge_03,,44,F,3,Emergencias,Alta
EP01402,Tratamiento,2026-04-30 22:52:59,Enf_Emerge_04,,49,F,3,Emergencias,Alta
EP01306,Interconsulta especialista,2026-04-30 23:29:23,Especialista_03,,43,M,3,Traumatología,Alta
EP01402,Alta,2026-04-30 23:55:05,Dr_Emerge_02,,49,F,3,Emergencias,Alta
EP01306,Tratamiento,2026-05-01 00:05:20,Enf_Trauma_02,,43,M,3,Traumatología,Alta
EP00205,Alta,2026-05-01 00:27:14,Dr_Emerge_02,,55,M,2,Emergencias,Alta
EP00481,Evaluación de resultados,2026-05-01 00:51:03,Dr_Medici_03,Imagenología,19,M,4,Medicina Interna,Hospitalización
EP01217,Registro del paciente,2026-05-01 01:09:02,Admision_02,,26,M,2,Emergencias,Traslado
EP01306,Alta,2026-05-01 01:21:36,Dr_Trauma_04,,43,M,3,Traumatología,Alta
EP01217,Triage,2026-05-01 01:35:33,Enf_Triage_01,,26,M,2,Emergencias,Traslado
EP00481,Tratamiento,2026-05-01 01:37:44,Enf_Medici_04,,19,M,4,Medicina Interna,Hospitalización
EP00670,Registro del paciente,2026-05-01 01:52:17,Admision_03,,42,M,5,Emergencias,Alta
EP00485,Traslado a otro centro,2026-05-01 01:56:57,Admision_01,,38,F,4,Emergencias,Traslado
EP01217,Consulta médica,2026-05-01 01:57:33,Dr_Emerge_02,,26,M,2,Emergencias,Traslado
EP01217,Tratamiento,2026-05-01 02:26:36,Enf_Emerge_01,,26,M,2,Emergencias,Traslado
EP00904,Registro del paciente,2026-05-01 02:47:42,Admision_03,,52,F,4,Emergencias,Alta
EP00670,Triage,2026-05-01 02:49:18,Enf_Triage_03,,42,M,5,Emergencias,Alta
EP00904,Triage,2026-05-01 03:16:25,Enf_Triage_01,,52,F,4,Emergencias,Alta
EP00481,Ingreso a hospitalización,2026-05-01 04:21:24,Gestion_Camas,,19,M,4,Medicina Interna,Hospitalización
EP01217,Traslado a otro centro,2026-05-01 05:06:39,Admision_01,,26,M,2,Emergencias,Traslado
EP01216,Registro del paciente,2026-05-01 12:40:42,Admision_03,,42,F,2,Medicina Interna,Hospitalización
EP01216,Triage,2026-05-01 13:06:53,Enf_Triage_01,,42,F,2,Medicina Interna,Hospitalización
EP00701,Registro del paciente,2026-05-01 13:24:25,Admision_01,,26,F,3,Medicina Interna,Alta
EP01192,Ingreso a hospitalización,2026-05-01 13:28:34,Gestion_Camas,,68,M,3,Emergencias,Hospitalización
EP01216,Consulta médica,2026-05-01 13:44:27,Dr_Medici_01,,42,F,2,Medicina Interna,Hospitalización
EP01216,Tratamiento,2026-05-01 14:08:07,Enf_Medici_02,,42,F,2,Medicina Interna,Hospitalización
EP00701,Triage,,Enf_Triage_01,,26,F,3,Medicina Interna,Alta
EP01047,Registro del paciente,2026-05-01 15:14:10,Admision_03,,56,F,3,Traumatología,Hospitalización
EP00701,Consulta médica,2026-05-01 15:32:16,Dr_Medici_04,,26,F,3,Medicina Interna,Alta
EP01047,Triage,2026-05-01 15:36:14,Enf_Triage_01,,56,F,3,Traumatología,Hospitalización
EP00701,Solicitud de examen,2026-05-01 15:45:06,Dr_Medici_04,Laboratorio,26,F,3,Medicina Interna,Alta
EP01125,Registro del paciente,2026-05-01 16:09:39,Admision_02,,23,F,1,Emergencias,Alta
EP00209,Registro del paciente,2026-05-01 16:09:54,Admision_03,,51,M,3,Medicina Interna,Alta
EP01125,Triage,2026-05-01 16:12:40,Enf_Triage_02,,23,F,1,Emergencias,Alta
EP00670,Consulta médica,2026-05-01 16:14:05,Dr_Emerge_01,,42,M,5,Emergencias,Alta
EP01125,Consulta médica,2026-05-01 16:20:25,Dr_Emerge_02,,23,F,1,Emergencias,Alta
EP00904,Consulta médica,2026-05-01 16:21:36,Dr_Emerge_02,,52,F,4,Emergencias,Alta
EP01047,Consulta médica,2026-05-01 16:35:23,Dr_Trauma_02,,56,F,3,Traumatología,Hospitalización
EP00209,Triage,2026-05-01 16:36:25,Enf_Triage_02,,51,M,3,Medicina Interna,Alta
EP00701,Realización de examen,2026-05-01 16:41:51,Laboratorio_Clinico,Laboratorio,26,F,3,Medicina Interna,Alta
EP01125,Tratamiento,2026-05-01 16:51:55,Enf_Emerge_01,,23,F,1,Emergencias,Alta
EP00670,Tratamiento,2026-05-01 16:55:58,Enf_Emerge_04,,42,M,5,Emergencias,Alta
EP00701,Evaluación de resultados,2026-05-01 17:03:14,Dr_Medici_04,Laboratorio,26,F,3,Medicina Interna,Alta
EP00701,Solicitud de examen,2026-05-01 17:09:45,Dr_Medici_04,Imagenología,26,F,3,Medicina Interna,Alta
EP00904,Tratamiento,2026-05-01 17:20:13,Enf_Emerge_04,,52,F,4,Emergencias,Alta
EP01047,Tratamiento,2026-05-01 17:42:40,Enf_Trauma_03,,56,F,3,Traumatología,Hospitalización
EP00904,Alta,2026-05-01 17:56:49,Dr_Emerge_02,,52,F,4,Emergencias,Alta
EP01125,Alta,2026-05-01 18:04:02,Dr_Emerge_02,,23,F,1,Emergencias,Alta
EP00670,Alta,2026-05-01 18:15:08,Dr_Emerge_01,,42,M,5,Emergencias,Alta
EP00292,Registro del paciente,2026-05-01 18:57:55,Admision_02,,78,M,2,Medicina Interna,Alta
EP00672,Registro del paciente,2026-05-01 18:58:11,Admision_03,,42,M,3,Traumatología,Alta
EP00041,Registro del paciente,2026-05-01 19:07:20,Admision_02,,53,F,5,Medicina Interna,Alta
EP00041,Triage,2026-05-01 19:26:54,Enf_Triage_03,,53,F,5,Medicina Interna,Alta
EP00292,Triage,2026-05-01 19:32:07,Enf_Triage_03,,78,M,2,Medicina Interna,Alta
EP00292,Consulta médica,2026-05-01 19:55:16,Dr_Medici_03,,78,M,2,Medicina Interna,Alta
EP00559,Registro del paciente,2026-05-01 19:58:41,Admision_02,,5,F,4,Pediatría,Alta
EP00467,Registro del paciente,2026-05-01 20:18:10,Admision_02,,37,F,5,Medicina Interna,Alta
EP00559,Triage,2026-05-01 20:25:42,Enf_Triage_01,,5,F,4,Pediatría,Alta
EP00672,Triage,2026-05-01 20:28:31,Enf_Triage_03,,42,M,3,Traumatología,Alta
EP00292,Solicitud de examen,2026-05-01 20:41:52,Dr_Medici_03,Laboratorio,78,M,2,Medicina Interna,Alta
EP00752,Registro del paciente,2026-05-01 20:56:16,Admision_02,,15,F,5,Emergencias,Alta
EP00467,Triage,2026-05-01 21:06:12,Enf_Triage_03,,37,F,5,Medicina Interna,Alta
EP00292,Realización de examen,2026-05-01 21:25:11,Laboratorio_Clinico,Laboratorio,78,M,2,Medicina Interna,Alta
EP00292,Evaluación de resultados,2026-05-01 22:00:27,Dr_Medici_03,Laboratorio,78,M,2,Medicina Interna,Alta
EP01216,Ingreso a hospitalización,2026-05-01 22:02:02,Gestion_Camas,,42,F,2,Medicina Interna,Hospitalización
EP00752,Triage,2026-05-01 22:04:29,Enf_Triage_03,,15,F,5,Emergencias,Alta
EP01047,Ingreso a hospitalización,2026-05-01 22:09:17,Gestion_Camas,,56,F,3,Traumatología,Hospitalización
EP00292,Tratamiento,2026-05-01 22:34:13,Enf_Medici_03,,78,M,2,Medicina Interna,Alta
EP00672,Consulta médica,2026-05-01 22:56:00,Dr_Trauma_01,,42,M,3,Traumatología,Alta
EP00209,Consulta médica,2026-05-01 23:05:16,Dr_Medici_03,,51,M,3,Medicina Interna,Alta
EP00672,Solicitud de examen,2026-05-01 23:06:43,Dr_Trauma_01,Imagenología,42,M,3,Traumatología,Alta
EP00292,Alta,2026-05-01 23:23:36,Dr_Medici_03,,78,M,2,Medicina Interna,Alta
EP00467,Consulta médica,2026-05-01 23:29:53,Dr_Medici_04,,37,F,5,Medicina Interna,Alta
EP00209,Solicitud de examen,2026-05-01 23:31:12,Dr_Medici_03,Imagenología,51,M,3,Medicina Interna,Alta
EP00467,Solicitud de examen,2026-05-01 23:42:29,Dr_Medici_04,Laboratorio,37,F,5,Medicina Interna,Alta
EP00559,Consulta médica,2026-05-02 00:05:57,Dr_Pediat_03,,5,F,4,Pediatría,Alta
EP00467,Realización de examen,2026-05-02 00:21:18,Laboratorio_Clinico,Laboratorio,37,F,5,Medicina Interna,Alta
EP00701,Realización de examen,2026-05-02 00:34:06,Imagenologia,Imagenología,26,F,3,Medicina Interna,Alta
EP00559,Tratamiento,2026-05-02 00:35:44,Enf_Pediat_04,,5,F,4,Pediatría,Alta
EP00286,Registro del paciente,2026-05-02 00:38:05,Admision_03,,30,F,3,Traumatología,Alta
EP00467,Evaluación de resultados,2026-05-02 00:48:52,Dr_Medici_04,Laboratorio,37,F,5,Medicina Interna,Alta
EP00286,Triage,2026-05-02 01:21:56,Enf_Triage_02,,30,F,3,Traumatología,Alta
EP00467,Tratamiento,2026-05-02 01:24:18,Enf_Medici_01,,37,F,5,Medicina Interna,Alta
EP00467,Alta,2026-05-02 01:47:59,Dr_Medici_04,,37,F,5,Medicina Interna,Alta
EP00041,Consulta médica,2026-05-02 01:55:45,Dr_Medici_04,,53,F,5,Medicina Interna,Alta
EP00559,Alta,2026-05-02 01:56:35,Dr_Pediat_03,,5,F,4,Pediatría,Alta
EP00701,Evaluación de resultados,2026-05-02 02:11:08,Dr_Medici_04,Imagenología,26,F,3,Medicina Interna,Alta
EP00041,Tratamiento,2026-05-02 02:39:24,Enf_Medici_04,,53,F,5,Medicina Interna,Alta
EP00286,Consulta médica,2026-05-02 02:52:24,Dr_Trauma_04,,30,F,3,Traumatología,Alta
EP00286,Tratamiento,2026-05-02 03:22:27,Enf_Trauma_03,,30,F,3,Traumatología,Alta
EP00701,Consulta médica,2026-05-02 03:22:45,Dr_Medici_04,,26,F,3,Medicina Interna,Alta
EP00041,Alta,2026-05-02 04:44:52,Dr_Medici_04,,53,F,5,Medicina Interna,Alta
EP00286,Alta,2026-05-02 04:55:29,Dr_Trauma_04,,30,F,3,Traumatología,Alta
EP01429,Registro del paciente,2026-05-02 05:11:08,Admision_01,,47,F,4,Traumatología,Alta
EP01429,Triage,2026-05-02 05:45:05,Enf_Triage_02,,47,F,4,Traumatología,Alta
EP00209,Realización de examen,2026-05-02 05:51:16,Imagenologia,Imagenología,51,M,3,Medicina Interna,Alta
EP00319,Registro del paciente,2026-05-02 06:24:20,Admision_03,,77,M,3,Medicina Interna,Alta
EP00319,Triage,2026-05-02 06:57:50,Enf_Triage_01,,77,M,3,Medicina Interna,Alta
EP00209,Evaluación de resultados,2026-05-02 07:12:35,Dr_Medici_03,Imagenología,51,M,3,Medicina Interna,Alta
EP00209,Tratamiento,2026-05-02 07:39:10,Enf_Medici_04,,51,M,3,Medicina Interna,Alta
EP00319,Consulta médica,2026-05-02 08:12:19,Dr_Medici_02,,77,M,3,Medicina Interna,Alta
EP00752,Consulta médica,2026-05-02 08:29:38,Dr_Emerge_03,,15,F,5,Emergencias,Alta
EP01191,Registro del paciente,2026-05-02 08:30:22,Admision_01,,4,F,2,Pediatría,Alta
EP00752,Solicitud de examen,2026-05-02 08:40:39,Dr_Emerge_03,Laboratorio,15,F,5,Emergencias,Alta
EP00209,Alta,2026-05-02 08:41:02,Dr_Medici_03,,51,M,3,Medicina Interna,Alta
EP00209,Alta,2026-05-02 08:41:02,Dr_Medici_03,,51,M,3,Medicina Interna,Alta
EP00319,Tratamiento,2026-05-02 09:00:18,Enf_Medici_01,,77,M,3,Medicina Interna,Alta
EP00701,Interconsulta especialista,2026-05-02 09:02:05,Especialista_03,,26,F,3,Medicina Interna,Alta
EP01191,Triage,2026-05-02 09:20:41,Enf_Triage_01,,4,F,2,Pediatría,Alta
EP00752,Realización de examen,2026-05-02 09:44:05,Laboratorio_Clinico,Laboratorio,15,F,5,Emergencias,Alta
EP00701,Tratamiento,2026-05-02 09:46:43,Enf_Medici_04,,26,F,3,Medicina Interna,Alta
EP01191,Consulta médica,2026-05-02 09:48:31,Dr_Pediat_01,,4,F,2,Pediatría,Alta
EP01429,Consulta médica,2026-05-02 09:54:04,Dr_Trauma_04,,47,F,4,Traumatología,Alta
EP01191,Solicitud de examen,2026-05-02 09:54:48,Dr_Pediat_01,Imagenología,4,F,2,Pediatría,Alta
EP01429,Solicitud de examen,2026-05-02 10:04:32,Dr_Trauma_04,Imagenología,47,F,4,Traumatología,Alta
EP00319,Alta,2026-05-02 10:22:57,Dr_Medici_02,,77,M,3,Medicina Interna,Alta
EP00024,Registro del paciente,2026-05-02 10:39:52,Admision_03,,51,F,5,Emergencias,Alta
EP01053,Registro del paciente,2026-05-02 11:22:50,Admision_03,,30,F,2,Traumatología,Hospitalización
EP00752,Evaluación de resultados,2026-05-02 11:25:25,Dr_Emerge_03,Laboratorio,15,F,5,Emergencias,Alta
EP00701,Alta,2026-05-02 11:30:41,Dr_Medici_04,,26,F,3,Medicina Interna,Alta
EP00024,Triage,2026-05-02 11:36:41,Enf_Triage_02,,51,F,5,Emergencias,Alta
EP00752,Solicitud de examen,2026-05-02 11:42:55,Dr_Emerge_03,Laboratorio,15,F,5,Emergencias,Alta
EP01053,Triage,2026-05-02 11:57:44,Enf_Triage_01,,30,F,2,Traumatología,Hospitalización
EP01053,Consulta médica,2026-05-02 12:26:46,Dr_Trauma_01,,30,F,2,Traumatología,Hospitalización
EP00752,Realización de examen,2026-05-02 12:29:29,Laboratorio_Clinico,Laboratorio,15,F,5,Emergencias,Alta
EP01053,Solicitud de examen,2026-05-02 12:52:23,Dr_Trauma_01,Laboratorio,30,F,2,Traumatología,Hospitalización
EP00752,Evaluación de resultados,2026-05-02 13:12:44,Dr_Emerge_03,Laboratorio,15,F,5,Emergencias,Alta
EP00752,Tratamiento,2026-05-02 13:30:24,Enf_Emerge_04,,15,F,5,Emergencias,Alta
EP01053,Realización de examen,2026-05-02 13:46:19,Laboratorio_Clinico,Laboratorio,30,F,2,Traumatología,Hospitalización
EP00332,Registro del paciente,2026-05-02 14:05:35,Admision_03,,13,F,4,Pediatría,Alta
EP00752,Alta,2026-05-02 14:07:47,Dr_Emerge_03,,15,F,5,Emergencias,Alta
EP00332,Triage,2026-05-02 14:31:04,Enf_Triage_02,,13,F,4,Pediatría,Alta
EP01053,Evaluación de resultados,2026-05-02 14:50:03,Dr_Trauma_01,Laboratorio,30,F,2,Traumatología,Hospitalización
EP00024,Consulta médica,2026-05-02 14:54:07,Dr_Emerge_03,,51,F,5,Emergencias,Alta
EP00024,Solicitud de examen,2026-05-02 15:07:24,Dr_Emerge_03,Laboratorio,51,F,5,Emergencias,Alta
EP01053,tratamiento,2026-05-02 15:36:28,Enf_Trauma_01,,30,F,2,Traumatología,Hospitalización
EP01429,Realización de examen,2026-05-02 15:48:37,Imagenologia,Imagenología,47,F,4,Traumatología,Alta
EP00024,Realización de examen,2026-05-02 15:52:55,Laboratorio_Clinico,Laboratorio,51,F,5,Emergencias,Alta
EP00672,Realización de examen,2026-05-02 16:18:19,Imagenologia,Imagenología,42,M,3,Traumatología,Alta
EP00851,Registro del paciente,2026-05-02 16:52:39,Admision_02,,57,M,4,Medicina Interna,Alta
EP00851,Triage,2026-05-02 17:14:06,Enf_Triage_01,,57,M,4,Medicina Interna,Alta
EP00332,Consulta médica,2026-05-02 17:35:35,Dr_Pediat_01,,13,F,4,Pediatría,Alta
EP00672,Evaluación de resultados,2026-05-02 17:39:23,Dr_Trauma_01,Imagenología,42,M,3,Traumatología,Alta
EP01429,Evaluación de resultados,2026-05-02 18:06:33,Dr_Trauma_04,Imagenología,47,F,4,Traumatología,Alta
EP00332,Tratamiento,2026-05-02 18:08:33,Enf_Pediat_01,,13,F,4,Pediatría,Alta
EP00024,Evaluación de resultados,2026-05-02 18:22:53,Dr_Emerge_03,Laboratorio,51,F,5,Emergencias,Alta
EP00672,Tratamiento,2026-05-02 18:37:10,Enf_Trauma_04,,42,M,3,Traumatología,Alta
EP00332,Alta,2026-05-02 18:48:18,Dr_Pediat_01,,13,F,4,Pediatría,Alta
EP01429,Tratamiento,2026-05-02 19:00:32,Enf_Trauma_03,,47,F,4,Traumatología,Alta
EP00851,Consulta médica,2026-05-02 19:06:36,Dr_Medici_02,,57,M,4,Medicina Interna,Alta
EP00024,Tratamiento,2026-05-02 19:08:14,Enf_Emerge_03,,51,F,5,Emergencias,Alta
EP01191,Realización de examen,2026-05-02 19:08:58,Imagenologia,Imagenología,4,F,2,Pediatría,Alta
EP00851,Solicitud de examen,2026-05-02 19:17:47,Dr_Medici_02,Laboratorio,57,M,4,Medicina Interna,Alta
EP00024,Alta,2026-05-02 19:44:24,Dr_Emerge_03,,51,F,5,Emergencias,Alta
EP00672,Alta,2026-05-02 19:57:22,Dr_Trauma_01,,42,M,3,Traumatología,Alta
EP01429,Alta,2026-05-02 20:04:09,Dr_Trauma_04,,47,F,4,Traumatología,Alta
EP00851,Realización de examen,2026-05-02 20:28:34,Laboratorio_Clinico,Laboratorio,57,M,4,Medicina Interna,Alta
EP00851,Evaluación de resultados,2026-05-02 21:22:21,Dr_Medici_02,Laboratorio,57,M,4,Medicina Interna,Alta
EP01191,Evaluación de resultados,2026-05-02 22:55:51,Dr_Pediat_01,Imagenología,4,F,2,Pediatría,Alta
EP00851,Consulta médica,2026-05-02 23:56:53,Dr_Medici_02,,57,M,4,Medicina Interna,Alta
EP01191,Tratamiento,2026-05-03 00:03:46,Enf_Pediat_02,,4,F,2,Pediatría,Alta
EP00142,Registro del paciente,2026-05-03 00:11:08,Admision_01,,73,M,4,Emergencias,Traslado
EP00142,Triage,2026-05-03 00:31:37,Enf_Triage_02,,73,M,4,Emergencias,Traslado
EP00851,Tratamiento,2026-05-03 00:43:25,Enf_Medici_02,,57,M,4,Medicina Interna,Alta
EP01053,Ingreso a hospitalización,2026-05-03 00:57:32,Gestion_Camas,,30,F,2,Traumatología,Hospitalización
EP01191,Alta,2026-05-03 01:00:46,Dr_Pediat_01,,4,F,2,Pediatría,Alta
EP00851,Alta,2026-05-03 01:09:58,Dr_Medici_02,,57,M,4,Medicina Interna,Alta
EP01137,Registro del paciente,2026-05-03 01:56:15,Admision_03,,13,F,4,Pediatría,Alta
EP01137,Triage,2026-05-03 02:40:25,Enf_Triage_03,,13,F,4,Pediatría,Alta
EP00142,Consulta médica,2026-05-03 03:49:02,Dr_Emerge_04,,73,M,4,Emergencias,Traslado
EP00142,Solicitud de examen,2026-05-03 04:06:59,Dr_Emerge_04,Imagenología,73,M,4,Emergencias,Traslado
EP01187,Registro del paciente,2026-05-03 07:08:42,Admision_03,,57,F,5,Traumatología,Alta
EP01137,Consulta médica,2026-05-03 07:26:10,Dr_Pediat_03,,13,F,4,Pediatría,Alta
EP01137,Solicitud de examen,2026-05-03 07:39:46,Dr_Pediat_03,Laboratorio,13,F,4,Pediatría,Alta
EP01187,Triage,2026-05-03 07:57:47,Enf_Triage_01,,57,F,5,Traumatología,Alta
EP01098,Registro del paciente,2026-05-03 08:06:56,Admision_03,,52,M,3,Medicina Interna,Alta
EP01098,Triage,2026-05-03 08:45:28,Enf_Triage_03,,52,M,3,Medicina Interna,Alta
EP01137,Realización de examen,2026-05-03 09:24:09,Laboratorio_Clinico,Laboratorio,13,F,4,Pediatría,Alta
EP01098,Consulta médica,2026-05-03 09:38:00,Dr_Medici_04,,52,M,3,Medicina Interna,Alta
EP01098,Solicitud de examen,2026-05-03 10:05:21,Dr_Medici_04,Laboratorio,52,M,3,Medicina Interna,Alta
EP01137,Evaluación de resultados,2026-05-03 10:08:03,Dr_Pediat_03,Laboratorio,13,F,4,Pediatría,Alta
EP01137,Solicitud de examen,2026-05-03 10:16:49,Dr_Pediat_03,Laboratorio,13,F,4,Pediatría,Alta
EP01098,Realización de examen,2026-05-03 10:57:26,Laboratorio_Clinico,Laboratorio,52,M,3,Medicina Interna,Alta
EP01098,Evaluación de resultados,2026-05-03 11:26:29,Dr_Medici_04,Laboratorio,52,M,3,Medicina Interna,Alta
EP01137,Realización de examen,2026-05-03 11:30:29,Laboratorio_Clinico,Laboratorio,13,F,4,Pediatría,Alta
EP00686,Registro del paciente,2026-05-03 11:46:48,Admision_02,,49,M,3,Emergencias,Alta
EP01137,Evaluación de resultados,2026-05-03 12:20:46,Dr_Pediat_03,Laboratorio,13,F,4,Pediatría,Alta
EP01098,Consulta médica,2026-05-03 12:37:22,Dr_Medici_04,,52,M,3,Medicina Interna,Alta
EP00686,Triage,2026-05-03 12:46:23,Enf_Triage_02,,49,M,3,Emergencias,Alta
EP01098,Tratamiento,2026-05-03 13:04:13,Enf_Medici_01,,52,M,3,Medicina Interna,Alta
EP00686,Consulta médica,2026-05-03 13:46:05,Dr_Emerge_01,,49,M,3,Emergencias,Alta
EP01137,Consulta médica,2026-05-03 14:02:44,Dr_Pediat_03,,13,F,4,Pediatría,Alta
EP01137,Tratamiento,2026-05-03 14:38:07,Enf_Pediat_02,,13,F,4,Pediatría,Alta
EP01098,Alta,2026-05-03 15:13:47,Dr_Medici_04,,52,M,3,Medicina Interna,Alta
EP00686,Tratamiento,2026-05-03 15:16:22,Enf_Emerge_01,,49,M,3,Emergencias,Alta
EP00704,Registro del paciente,2026-05-03 15:30:07,Admision_02,,4,M,3,Pediatría,Alta
EP00704,Triage,2026-05-03 15:57:21,Enf_Triage_02,,4,M,3,Pediatría,Alta
EP00686,Alta,2026-05-03 16:02:53,Dr_Emerge_01,,49,M,3,Emergencias,Alta
EP01137,Alta,2026-05-03 16:06:08,Dr_Pediat_03,,13,F,4,Pediatría,Alta
EP01386,Registro del paciente,2026-05-03 16:29:31,Admision_01,,65,F,4,Traumatología,Alta
EP00142,Realización de examen,2026-05-03 16:54:39,Imagenologia,Imagenología,73,M,4,Emergencias,Traslado
EP01386,Triage,2026-05-03 16:57:31,Enf_Triage_03,,65,F,4,Traumatología,Alta
EP00704,Consulta médica,2026-05-03 17:02:48,Dr_Pediat_02,,4,M,3,Pediatría,Alta
EP00622,Registro del paciente,2026-05-03 17:05:21,Admision_03,,73,M,4,Emergencias,Alta
EP00290,Registro del paciente,2026-05-03 17:18:03,Admision_02,,24,M,2,Emergencias,Alta
EP00290,Triage,2026-05-03 17:42:05,Enf_Triage_02,,24,M,2,Emergencias,Alta
EP00290,Consulta médica,2026-05-03 17:55:24,Dr_Emerge_02,,24,M,2,Emergencias,Alta
EP00622,Triage,2026-05-03 18:04:38,Enf_Triage_01,,73,M,4,Emergencias,Alta
EP00290,Solicitud de examen,2026-05-03 18:11:27,Dr_Emerge_02,Laboratorio,24,M,2,Emergencias,Alta
EP00142,Evaluación de resultados,2026-05-03 18:11:57,Dr_Emerge_04,Imagenología,73,M,4,Emergencias,Traslado
EP00142,Solicitud de examen,2026-05-03 18:21:20,Dr_Emerge_04,Laboratorio,73,M,4,Emergencias,Traslado
EP01386,Consulta médica,2026-05-03 18:26:19,Dr_Trauma_04,,65,F,4,Traumatología,Alta
EP01187,Consulta médica,2026-05-03 18:41:59,Dr_Trauma_02,,57,F,5,Traumatología,Alta
EP01386,Tratamiento,2026-05-03 18:57:41,Enf_Trauma_03,,65,F,4,Traumatología,Alta
EP00371,Registro del paciente,2026-05-03 19:08:31,Admision_02,,36,M,4,Emergencias,Alta
EP00142,Realización de examen,2026-05-03 19:15:19,Laboratorio_Clinico,Laboratorio,73,M,4,Emergencias,Traslado
EP00290,Realización de examen,2026-05-03 19:17:14,Laboratorio_Clinico,Laboratorio,24,M,2,Emergencias,Alta
EP00371,Triage,2026-05-03 19:33:59,Enf_Triage_03,,36,M,4,Emergencias,Alta
EP01187,Tratamiento,2026-05-03 19:45:15,Enf_Trauma_03,,57,F,5,Traumatología,Alta
EP00290,Evaluación de resultados,2026-05-03 19:59:25,Dr_Emerge_02,Laboratorio,24,M,2,Emergencias,Alta
EP00142,Evaluación de resultados,2026-05-03 20:12:01,Dr_Emerge_04,Laboratorio,73,M,4,Emergencias,Traslado
EP01187,Alta,2026-05-03 21:02:40,Dr_Trauma_02,,57,F,5,Traumatología,Alta
EP00290,Tratamiento,2026-05-03 21:08:26,Enf_Emerge_03,,24,M,2,Emergencias,Alta
EP00290,Alta,2026-05-03 21:37:04,Dr_Emerge_02,,24,M,2,Emergencias,Alta
EP01252,registro del paciente,2026-05-03 22:01:09,Admision_03,,60,F,3,Medicina Interna,Traslado
EP00704,Consulta médica,2026-05-03 22:05:09,Dr_Pediat_02,,4,M,3,Pediatría,Alta
EP00622,Consulta médica,2026-05-03 22:09:50,Dr_Emerge_03,,73,M,4,Emergencias,Alta
EP01386,Alta,2026-05-03 22:18:32,Dr_Trauma_04,,65,F,4,Traumatología,Alta
EP01252,Triage,2026-05-03 22:39:55,Enf_Triage_02,,60,F,3,Medicina Interna,Traslado
EP00622,Tratamiento,2026-05-03 22:56:57,Enf_Emerge_03,,73,M,4,Emergencias,Alta
EP00622,Alta,2026-05-03 23:37:01,Dr_Emerge_03,,73,M,4,Emergencias,Alta
EP01252,Consulta médica,2026-05-04 00:19:15,Dr_Medici_01,,60,F,3,Medicina Interna,Traslado
EP01252,Tratamiento,2026-05-04 00:51:06,Enf_Medici_03,,60,F,3,Medicina Interna,Traslado
EP00142,Interconsulta especialista,2026-05-04 00:58:27,Especialista_02,,73,M,4,Emergencias,Traslado
EP00142,Tratamiento,2026-05-04 01:41:50,Enf_Emerge_02,,73,M,4,Emergencias,Traslado
EP00167,Registro del paciente,2026-05-04 03:17:51,Admision_01,,68,F,4,Emergencias,Alta
EP00151,Registro del paciente,2026-05-04 03:18:39,Admision_02,,70,M,3,Emergencias,Alta
EP00167,triage,2026-05-04 03:33:53,Enf_Triage_02,,68,F,4,Emergencias,Alta
EP01252,Traslado a otro centro,2026-05-04 03:38:28,Admision_01,,60,F,3,Medicina Interna,Traslado
EP00151,Triage,2026-05-04 03:46:25,Enf_Triage_02,,70,M,3,Emergencias,Alta
EP00151,Consulta médica,2026-05-04 05:37:18,Dr_Emerge_04,,70,M,3,Emergencias,Alta
EP00151,Solicitud de examen,2026-05-04 05:49:14,Dr_Emerge_04,Laboratorio,70,M,3,Emergencias,Alta
EP00142,Traslado a otro centro,2026-05-04 05:57:05,Admision_01,,73,M,4,Emergencias,Traslado
EP00151,Realización de examen,2026-05-04 06:21:36,Laboratorio_Clinico,Laboratorio,70,M,3,Emergencias,Alta
EP00151,Evaluación de resultados,2026-05-04 07:09:19,Dr_Emerge_04,Laboratorio,70,M,3,Emergencias,Alta
EP00151,Tratamiento,2026-05-04 07:36:02,Enf_Emerge_02,,70,M,3,Emergencias,Alta
EP00371,Consulta médica,2026-05-04 07:38:10,Dr_Emerge_02,,36,M,4,Emergencias,Alta
EP00371,Tratamiento,2026-05-04 08:07:40,Enf_Emerge_02,,36,M,4,Emergencias,Alta
EP00151,Alta,2026-05-04 08:16:51,Dr_Emerge_04,,70,M,3,Emergencias,Alta
EP00371,Alta,2026-05-04 08:31:08,Dr_Emerge_02,,36,M,4,Emergencias,Alta
EP00704,Interconsulta especialista,2026-05-04 08:43:41,Especialista_04,,4,M,3,Pediatría,Alta
EP00704,Tratamiento,2026-05-04 09:12:19,Enf_Pediat_03,,4,M,3,Pediatría,Alta
EP01376,Registro del paciente,2026-05-04 10:14:30,Admision_01,,29,M,4,Emergencias,Alta
EP01376,Triage,2026-05-04 10:50:09,Enf_Triage_03,,29,M,4,Emergencias,Alta
EP00704,Alta,2026-05-04 10:58:57,Dr_Pediat_02,,4,M,3,Pediatría,Alta
EP00167,Consulta médica,2026-05-04 12:04:44,Dr_Emerge_01,,68,F,4,Emergencias,Alta
EP00369,Registro del paciente,2026-05-04 12:39:27,Admision_02,,16,M,4,Traumatología,Alta
EP00369,Registro del paciente,2026-05-04 12:39:27,Admision_02,,16,M,4,Traumatología,Alta
EP00167,Tratamiento,2026-05-04 12:48:55,Enf_Emerge_03,,68,F,4,Emergencias,Alta
EP01376,Consulta médica,2026-05-04 12:54:45,Dr_Emerge_04,,29,M,4,Emergencias,Alta
EP00167,Alta,2026-05-04 13:05:04,Dr_Emerge_01,,68,F,4,Emergencias,Alta
EP01376,Solicitud de examen,2026-05-04 13:08:11,Dr_Emerge_04,Laboratorio,29,M,4,Emergencias,Alta
EP00369,Triage,2026-05-04 13:31:25,Enf_Triage_03,,16,M,4,Traumatología,Alta
EP01376,Realización de examen,2026-05-04 14:08:32,Laboratorio_Clinico,Laboratorio,29,M,4,Emergencias,Alta
EP01376,Evaluación de resultados,2026-05-04 15:36:09,Dr_Emerge_04,Laboratorio,29,M,4,Emergencias,Alta
EP00879,Registro del paciente,2026-05-04 15:58:49,Admision_01,,69,F,3,Medicina Interna,Alta
EP01376,Tratamiento,2026-05-04 16:10:35,Enf_Emerge_03,,29,M,4,Emergencias,Alta
EP00369,Consulta médica,2026-05-04 16:13:22,Dr_Trauma_01,,16,M,4,Traumatología,Alta
EP00369,Tratamiento,2026-05-04 16:50:10,Enf_Trauma_04,,16,M,4,Traumatología,Alta
EP01457,Registro del paciente,2026-05-04 16:51:16,Admision_01,,71,F,2,Medicina Interna,Hospitalización
EP00879,Triage,2026-05-04 16:55:54,Enf_Triage_01,,69,F,3,Medicina Interna,Alta
EP01457,Triage,2026-05-04 17:08:05,Enf_Triage_02,,71,F,2,Medicina Interna,Hospitalización
EP00369,Alta,2026-05-04 17:34:06,Dr_Trauma_01,,16,M,4,Traumatología,Alta
EP01376,Alta,2026-05-04 17:44:29,Dr_Emerge_04,,29,M,4,Emergencias,Alta
EP01182,Registro del paciente,2026-05-04 18:27:52,Admision_02,,55,F,4,Emergencias,Hospitalización
EP01457,Consulta médica,2026-05-04 18:34:58,Dr_Medici_04,,71,F,2,Medicina Interna,Hospitalización
EP00879,Consulta médica,2026-05-04 18:53:48,Dr_Medici_03,,69,F,3,Medicina Interna,Alta
EP01457,Solicitud de examen,2026-05-04 19:00:56,Dr_Medici_04,Imagenología,71,F,2,Medicina Interna,Hospitalización
EP00879,Solicitud de examen,2026-05-04 19:10:29,Dr_Medici_03,Imagenología,69,F,3,Medicina Interna,Alta
EP00390,Registro del paciente,2026-05-04 19:47:40,Admision_02,,8,M,3,Pediatría,Alta
EP01182,Triage,2026-05-04 19:53:25,Enf_Triage_02,,55,F,4,Emergencias,Hospitalización
EP00390,Triage,2026-05-04 20:09:09,Enf_Triage_03,,8,M,3,Pediatría,Alta
EP00390,Consulta médica,2026-05-04 21:45:26,Dr_Pediat_04,,8,M,3,Pediatría,Alta
EP00390,Tratamiento,2026-05-04 22:23:59,Enf_Pediat_03,,8,M,3,Pediatría,Alta
EP00879,Realización de examen,2026-05-04 22:27:45,Imagenologia,Imagenología,69,F,3,Medicina Interna,Alta
EP01489,Registro del paciente,2026-05-04 23:14:34,Admision_02,,39,F,1,Emergencias,Alta
EP01489,Triage,2026-05-04 23:17:35,Enf_Triage_03,,39,F,1,Emergencias,Alta
EP01182,Consulta médica,2026-05-04 23:23:19,Dr_Emerge_01,,55,F,4,Emergencias,Hospitalización
EP01489,Consulta médica,2026-05-04 23:29:50,Dr_Emerge_02,,39,F,1,Emergencias,Alta
EP00390,Alta,2026-05-04 23:30:00,Dr_Pediat_04,,8,M,3,Pediatría,Alta
EP01182,Solicitud de examen,2026-05-04 23:45:41,Dr_Emerge_01,Laboratorio,55,F,4,Emergencias,Hospitalización
EP00879,Evaluación de resultados,2026-05-05 00:03:42,Dr_Medici_03,Imagenología,69,F,3,Medicina Interna,Alta
EP01489,Tratamiento,2026-05-05 00:10:25,Enf_Emerge_04,,39,F,1,Emergencias,Alta
EP00879,Tratamiento,2026-05-05 00:25:02,Enf_Medici_02,,69,F,3,Medicina Interna,Alta
EP01182,Realización de examen,2026-05-05 00:35:52,Laboratorio_Clinico,Laboratorio,55,F,4,Emergencias,Hospitalización
EP01489,Alta,2026-05-05 00:52:10,Dr_Emerge_02,,39,F,1,Emergencias,Alta
EP00879,Alta,2026-05-05 00:56:49,Dr_Medici_03,,69,F,3,Medicina Interna,Alta
EP01182,Evaluación de resultados,2026-05-05 01:27:22,Dr_Emerge_01,Laboratorio,55,F,4,Emergencias,Hospitalización
EP01182,Solicitud de examen,2026-05-05 01:37:02,Dr_Emerge_01,Laboratorio,55,F,4,Emergencias,Hospitalización
EP01182,Realización de examen,2026-05-05 02:45:51,Laboratorio_Clinico,Laboratorio,55,F,4,Emergencias,Hospitalización
EP01182,Evaluación de resultados,2026-05-05 03:18:07,Dr_Emerge_01,Laboratorio,55,F,4,Emergencias,Hospitalización
EP01457,Realización de examen,2026-05-05 04:35:32,Imagenologia,Imagenología,71,F,2,Medicina Interna,Hospitalización
EP01457,Evaluación de resultados,2026-05-05 06:52:54,Dr_Medici_04,Imagenología,71,F,2,Medicina Interna,Hospitalización
EP01457,Consulta médica,2026-05-05 07:41:00,Dr_Medici_04,,71,F,2,Medicina Interna,Hospitalización
EP00671,Registro del paciente,2026-05-05 09:00:37,Admision_01,,65,F,2,Emergencias,Hospitalización
EP00671,Triage,2026-05-05 10:02:34,Enf_Triage_03,,65,F,2,Emergencias,Hospitalización
EP01182,Interconsulta especialista,2026-05-05 10:04:04,Especialista_01,,55,F,4,Emergencias,Hospitalización
EP00671,Consulta médica,2026-05-05 10:55:23,Dr_Emerge_02,,65,F,2,Emergencias,Hospitalización
EP01182,Tratamiento,2026-05-05 10:57:27,Enf_Emerge_02,,55,F,4,Emergencias,Hospitalización
EP00671,Tratamiento,2026-05-05 11:23:40,Enf_Emerge_02,,65,F,2,Emergencias,Hospitalización
EP01457,Interconsulta especialista,2026-05-05 12:12:29,Especialista_03,,71,F,2,Medicina Interna,Hospitalización
EP00671,Ingreso a hospitalización,2026-05-05 12:46:34,Gestion_Camas,,65,F,2,Emergencias,Hospitalización
EP01457,Tratamiento,2026-05-05 13:15:05,Enf_Medici_03,,71,F,2,Medicina Interna,Hospitalización
EP00930,Registro del paciente,2026-05-05 14:21:04,Admision_01,,46,M,5,Emergencias,Alta
EP00646,Registro del paciente,2026-05-05 15:44:55,Admision_01,,7,M,4,Pediatría,Alta
EP01493,Registro del paciente,2026-05-05 15:50:10,Admision_01,,53,F,1,Emergencias,Alta
EP00930,Triage,2026-05-05 15:51:05,Enf_Triage_02,,46,M,5,Emergencias,Alta
EP01493,Triage,2026-05-05 15:53:11,Enf_Triage_01,,53,F,1,Emergencias,Alta
EP01493,Consulta médica,2026-05-05 16:06:42,Dr_Emerge_04,,53,F,1,Emergencias,Alta
EP00646,Triage,2026-05-05 16:13:27,Enf_Triage_03,,7,M,4,Pediatría,Alta
EP01477,Registro del paciente,2026-05-05 18:01:09,Admision_01,,34,F,3,Emergencias,Traslado
EP01477,Triage,2026-05-05 18:21:05,Enf_Triage_03,,34,F,3,Emergencias,Traslado
EP01493,Consulta médica,2026-05-05 18:48:59,Dr_Emerge_04,,53,F,1,Emergencias,Alta
EP00646,Consulta médica,2026-05-05 18:49:12,Dr_Pediat_01,,7,M,4,Pediatría,Alta
EP01457,Ingreso a hospitalización,2026-05-05 18:53:00,Gestion_Camas,,71,F,2,Medicina Interna,Hospitalización
EP00646,Solicitud de examen,2026-05-05 19:01:49,Dr_Pediat_01,Laboratorio,7,M,4,Pediatría,Alta
EP00130,Registro del paciente,2026-05-05 19:14:56,Admision_02,,15,M,3,Emergencias,Alta
EP01493,Tratamiento,2026-05-05 19:26:49,Enf_Emerge_01,,53,F,1,Emergencias,Alta
EP00130,Triage,2026-05-05 19:31:04,Enf_Triage_03,,15,M,3,Emergencias,Alta
EP00100,Registro del paciente,2026-05-05 19:45:00,Admision_02,,36,F,5,Emergencias,Alta
EP00646,Realización de examen,2026-05-05 19:47:11,Laboratorio_Clinico,Laboratorio,7,M,4,Pediatría,Alta
EP01477,Consulta médica,2026-05-05 20:16:00,Dr_Emerge_01,,34,F,3,Emergencias,Traslado
EP00100,Triage,2026-05-05 20:21:04,Enf_Triage_03,,36,F,5,Emergencias,Alta
EP00100,Triage,2026-05-05 20:21:04,Enf_Triage_03,,36,F,5,Emergencias,Alta
EP01477,Solicitud de examen,2026-05-05 20:28:31,Dr_Emerge_01,Laboratorio,34,F,3,Emergencias,Traslado
EP00646,Evaluación de resultados,2026-05-05 20:42:59,Dr_Pediat_01,Laboratorio,7,M,4,Pediatría,Alta
EP01493,Alta,2026-05-05 21:06:18,Dr_Emerge_04,,53,F,1,Emergencias,Alta
EP00646,Tratamiento,2026-05-05 21:17:34,Enf_Pediat_03,,7,M,4,Pediatría,Alta
EP01477,Realización de examen,2026-05-05 21:28:42,Laboratorio_Clinico,Laboratorio,34,F,3,Emergencias,Traslado
EP00646,Alta,2026-05-05 21:57:07,Dr_Pediat_01,,7,M,4,Pediatría,Alta
EP01477,Evaluación de resultados,2026-05-05 22:23:56,Dr_Emerge_01,Laboratorio,34,F,3,Emergencias,Traslado
EP00930,Consulta médica,2026-05-05 22:49:58,Dr_Emerge_02,,46,M,5,Emergencias,Alta
EP01477,Tratamiento,2026-05-05 22:58:30,Enf_Emerge_03,,34,F,3,Emergencias,Traslado
EP00930,Solicitud de examen,2026-05-05 23:06:42,Dr_Emerge_02,Laboratorio,46,M,5,Emergencias,Alta
EP00918,Registro del paciente,2026-05-05 23:13:07,Admision_02,,57,F,3,Emergencias,Alta
EP00918,Triage,2026-05-05 23:35:46,Enf_Triage_02,,57,F,3,Emergencias,Alta
EP01026,Registro del paciente,2026-05-05 23:45:41,Admision_01,,43,F,4,Emergencias,Alta
EP00918,Consulta médica,2026-05-06 00:11:19,Dr_Emerge_04,,57,F,3,Emergencias,Alta
EP01026,Triage,2026-05-06 00:13:50,Enf_Triage_03,,43,F,4,Emergencias,Alta
EP00918,Tratamiento,2026-05-06 00:29:55,Enf_Emerge_01,,57,F,3,Emergencias,Alta
EP00930,Realización de examen,2026-05-06 00:43:55,Laboratorio_Clinico,Laboratorio,46,M,5,Emergencias,Alta
EP00130,Consulta médica,2026-05-06 01:07:39,Dr_Emerge_03,,15,M,3,Emergencias,Alta
EP01477,Traslado a otro centro,2026-05-06 01:10:19,Admision_01,,34,F,3,Emergencias,Traslado
EP00918,Alta,2026-05-06 01:17:34,Dr_Emerge_04,,57,F,3,Emergencias,Alta
EP00130,tratamiento,2026-05-06 01:57:46,Enf_Emerge_02,,15,M,3,Emergencias,Alta
EP01345,Registro del paciente,2026-05-06 02:02:12,Admision_02,,52,M,4,Medicina Interna,Alta
EP00930,Evaluación de resultados,2026-05-06 02:37:16,Dr_Emerge_02,Laboratorio,46,M,5,Emergencias,Alta
EP00100,Consulta médica,2026-05-06 02:48:39,Dr_Emerge_03,,36,F,5,Emergencias,Alta
EP00130,Alta,2026-05-06 02:52:37,Dr_Emerge_03,,15,M,3,Emergencias,Alta
EP01345,Triage,2026-05-06 02:53:50,Enf_Triage_01,,52,M,4,Medicina Interna,Alta
EP00100,Solicitud de examen,2026-05-06 03:02:36,Dr_Emerge_03,Imagenología,36,F,5,Emergencias,Alta
EP01345,Consulta médica,2026-05-06 05:37:11,Dr_Medici_02,,52,M,4,Medicina Interna,Alta
EP01345,Solicitud de examen,2026-05-06 05:52:11,Dr_Medici_02,Laboratorio,52,M,4,Medicina Interna,Alta
EP01097,Registro del paciente,2026-05-06 06:46:33,Admision_01,,49,M,3,Emergencias,Alta
EP01345,Realización de examen,2026-05-06 06:55:25,Laboratorio_Clinico,Laboratorio,52,M,4,Medicina Interna,Alta
EP01345,Realización de examen,2026-05-06 06:55:25,Laboratorio_Clinico,Laboratorio,52,M,4,Medicina Interna,Alta
EP01097,Triage,2026-05-06 07:13:24,Enf_Triage_01,,49,M,3,Emergencias,Alta
EP01345,Evaluación de resultados,2026-05-06 08:06:57,Dr_Medici_02,Laboratorio,52,M,4,Medicina Interna,Alta
EP01345,Solicitud de examen,2026-05-06 08:12:44,Dr_Medici_02,Laboratorio,52,M,4,Medicina Interna,Alta
EP00930,Interconsulta especialista,2026-05-06 08:22:21,Especialista_04,,46,M,5,Emergencias,Alta
EP00930,Tratamiento,2026-05-06 08:53:05,Enf_Emerge_03,,46,M,5,Emergencias,Alta
EP01345,Realización de examen,2026-05-06 09:02:46,Laboratorio_Clinico,Laboratorio,52,M,4,Medicina Interna,Alta
EP01345,Evaluación de resultados,2026-05-06 09:31:01,Dr_Medici_02,Laboratorio,52,M,4,Medicina Interna,Alta
EP01097,Consulta médica,2026-05-06 09:41:34,Dr_Emerge_01,,49,M,3,Emergencias,Alta
EP01097,Solicitud de examen,2026-05-06 09:55:44,Dr_Emerge_01,Imagenología,49,M,3,Emergencias,Alta
EP00100,Realización de examen,2026-05-06 10:02:07,Imagenologia,Imagenología,36,F,5,Emergencias,Alta
EP01345,Tratamiento,2026-05-06 10:11:10,Enf_Medici_03,,52,M,4,Medicina Interna,Alta
EP01345,Alta,2026-05-06 10:42:29,Dr_Medici_02,,52,M,4,Medicina Interna,Alta
EP01088,Registro del paciente,2026-05-06 10:42:32,Admision_03,,36,F,2,Medicina Interna,Alta
EP00100,Evaluación de resultados,2026-05-06 10:42:40,Dr_Emerge_03,Imagenología,36,F,5,Emergencias,Alta
EP01088,Triage,2026-05-06 11:07:21,Enf_Triage_03,,36,F,2,Medicina Interna,Alta
EP00100,Tratamiento,2026-05-06 11:19:12,Enf_Emerge_04,,36,F,5,Emergencias,Alta
EP01088,Consulta médica,2026-05-06 11:24:59,Dr_Medici_04,,36,F,2,Medicina Interna,Alta
EP01088,Solicitud de examen,2026-05-06 11:30:20,Dr_Medici_04,Laboratorio,36,F,2,Medicina Interna,Alta
EP00930,Alta,2026-05-06 11:30:43,Dr_Emerge_02,,46,M,5,Emergencias,Alta
EP01088,Realización de examen,2026-05-06 12:16:25,Laboratorio_Clinico,Laboratorio,36,F,2,Medicina Interna,Alta
EP00100,Alta,2026-05-06 12:43:48,Dr_Emerge_03,,36,F,5,Emergencias,Alta
EP01088,Evaluación de resultados,2026-05-06 13:20:30,Dr_Medici_04,Laboratorio,36,F,2,Medicina Interna,Alta
EP01026,Consulta médica,2026-05-06 13:26:33,Dr_Emerge_02,,43,F,4,Emergencias,Alta
EP01026,Tratamiento,2026-05-06 14:02:05,Enf_Emerge_03,,43,F,4,Emergencias,Alta
EP01200,Registro del paciente,2026-05-06 14:14:54,Admision_01,,37,M,3,Emergencias,Alta
EP00914,Registro del paciente,2026-05-06 14:16:23,Admision_02,,65,M,2,Traumatología,Traslado
EP00202,Registro del paciente,2026-05-06 14:16:35,Admision_02,,10,M,5,Pediatría,Alta
EP01200,Triage,2026-05-06 14:30:16,Enf_Triage_03,,37,M,3,Emergencias,Alta
EP00914,Triage,2026-05-06 14:43:45,Enf_Triage_01,,65,M,2,Traumatología,Traslado
EP01026,Alta,2026-05-06 14:57:20,Dr_Emerge_02,,43,F,4,Emergencias,Alta
EP00202,Triage,2026-05-06 14:59:49,Enf_Triage_03,,10,M,5,Pediatría,Alta
EP00289,Registro del paciente,2026-05-06 15:10:21,Admision_03,,50,F,4,Emergencias,Alta
EP01088,Tratamiento,2026-05-06 15:12:01,Enf_Medici_03,,36,F,2,Medicina Interna,Alta
EP01182,Ingreso a hospitalización,2026-05-06 15:12:58,Gestion_Camas,,55,F,4,Emergencias,Hospitalización
EP01097,Realización de examen,2026-05-06 15:15:25,Imagenologia,Imagenología,49,M,3,Emergencias,Alta
EP00914,Consulta médica,2026-05-06 15:25:58,Dr_Trauma_02,,65,M,2,Traumatología,Traslado
EP00289,Triage,2026-05-06 15:42:45,Enf_Triage_03,,50,F,4,Emergencias,Alta
EP01200,Consulta médica,2026-05-06 15:50:48,Dr_Emerge_01,,37,M,3,Emergencias,Alta
EP01200,Solicitud de examen,2026-05-06 16:03:24,Dr_Emerge_01,Laboratorio,37,M,3,Emergencias,Alta
EP01097,Evaluación de resultados,2026-05-06 16:08:21,Dr_Emerge_01,Imagenología,49,M,3,Emergencias,Alta
EP01088,Alta,2026-05-06 16:23:07,Dr_Medici_04,,36,F,2,Medicina Interna,Alta
EP01097,Tratamiento,2026-05-06 16:37:39,Enf_Emerge_03,,49,M,3,Emergencias,Alta
EP00289,Consulta médica,2026-05-06 16:51:07,Dr_Emerge_02,,50,F,4,Emergencias,Alta
EP01097,Alta,2026-05-06 17:02:48,Dr_Emerge_01,,49,M,3,Emergencias,Alta
EP00289,Tratamiento,2026-05-06 17:21:49,Enf_Emerge_04,,50,F,4,Emergencias,Alta
EP01200,Realización de examen,2026-05-06 17:22:00,Laboratorio_Clinico,Laboratorio,37,M,3,Emergencias,Alta
EP00362,Registro del paciente,2026-05-06 17:33:06,Admision_01,,13,F,5,Pediatría,Alta
EP00844,Registro del paciente,2026-05-06 17:34:29,Admision_01,,36,M,3,Emergencias,Alta
EP00844,Triage,2026-05-06 17:56:47,Enf_Triage_03,,36,M,3,Emergencias,Alta
EP00362,Triage,2026-05-06 18:14:14,Enf_Triage_01,,13,F,5,Pediatría,Alta
EP01200,Evaluación de resultados,2026-05-06 18:22:42,Dr_Emerge_01,Laboratorio,37,M,3,Emergencias,Alta
EP00289,Alta,2026-05-06 19:07:39,Dr_Emerge_02,,50,F,4,Emergencias,Alta
EP00844,Consulta médica,2026-05-06 19:10:32,Dr_Emerge_02,,36,M,3,Emergencias,Alta
EP00844,Solicitud de examen,2026-05-06 19:21:24,Dr_Emerge_02,Laboratorio,36,M,3,Emergencias,Alta
EP00202,Consulta médica,2026-05-06 19:22:58,Dr_Pediat_03,,10,M,5,Pediatría,Alta
EP01200,Tratamiento,2026-05-06 19:34:40,Enf_Emerge_01,,37,M,3,Emergencias,Alta
EP00202,Solicitud de examen,2026-05-06 19:53:39,Dr_Pediat_03,Laboratorio,10,M,5,Pediatría,Alta
EP00827,Registro del paciente,2026-05-06 19:56:30,Admision_01,,51,M,3,Emergencias,Alta
EP00844,Realización de examen,2026-05-06 20:08:04,Laboratorio_Clinico,Laboratorio,36,M,3,Emergencias,Alta
EP00362,Consulta médica,2026-05-06 20:10:13,Dr_Pediat_02,,13,F,5,Pediatría,Alta
EP01200,Alta,2026-05-06 20:18:32,Dr_Emerge_01,,37,M,3,Emergencias,Alta
EP00827,Triage,2026-05-06 20:18:39,Enf_Triage_03,,51,M,3,Emergencias,Alta
EP00202,Realización de examen,2026-05-06 20:22:43,Laboratorio_Clinico,Laboratorio,10,M,5,Pediatría,Alta
EP00844,Evaluación de resultados,2026-05-06 20:34:00,Dr_Emerge_02,Laboratorio,36,M,3,Emergencias,Alta
EP00362,Tratamiento,2026-05-06 20:42:57,Enf_Pediat_01,,13,F,5,Pediatría,Alta
EP00202,Evaluación de resultados,2026-05-06 21:01:32,Dr_Pediat_03,Laboratorio,10,M,5,Pediatría,Alta
EP00844,Tratamiento,2026-05-06 21:13:49,Enf_Emerge_01,,36,M,3,Emergencias,Alta
EP00202,Tratamiento,2026-05-06 21:40:04,Enf_Pediat_02,,10,M,5,Pediatría,Alta
EP00844,Alta,2026-05-06 21:49:44,Dr_Emerge_02,,36,M,3,Emergencias,Alta
EP00914,Consulta médica,2026-05-06 22:04:51,Dr_Trauma_02,,65,M,2,Traumatología,Traslado
EP00362,Alta,2026-05-06 22:05:45,Dr_Pediat_02,,13,F,5,Pediatría,Alta
EP00202,Alta,2026-05-06 22:33:07,Dr_Pediat_03,,10,M,5,Pediatría,Alta
EP00914,Tratamiento,2026-05-06 23:32:46,Enf_Trauma_01,,65,M,2,Traumatología,Traslado
EP00827,Consulta médica,2026-05-07 00:25:32,Dr_Emerge_03,,51,M,3,Emergencias,Alta
EP00914,Traslado a otro centro,2026-05-07 00:49:50,Admision_01,,65,M,2,Traumatología,Traslado
EP00827,Tratamiento,2026-05-07 01:32:58,Enf_Emerge_02,,51,M,3,Emergencias,Alta
EP00827,Alta,2026-05-07 02:32:25,Dr_Emerge_03,,51,M,3,Emergencias,Alta
EP00543,Registro del paciente,2026-05-07 07:06:27,Admision_02,,57,M,3,Emergencias,Alta
EP00543,Triage,2026-05-07 07:44:36,Enf_Triage_02,,57,M,3,Emergencias,Alta
EP00543,Consulta médica,2026-05-07 09:13:53,Dr_Emerge_04,,57,M,3,Emergencias,Alta
EP01005,Registro del paciente,2026-05-07 09:23:05,Admision_01,,19,F,3,Medicina Interna,Alta
EP00543,Solicitud de examen,2026-05-07 09:23:36,Dr_Emerge_04,Imagenología,57,M,3,Emergencias,Alta
EP01005,Triage,2026-05-07 10:16:28,Enf_Triage_01,,19,F,3,Medicina Interna,Alta
EP01005,Consulta médica,2026-05-07 10:49:52,Dr_Medici_03,,19,F,3,Medicina Interna,Alta
EP00543,Realización de examen,2026-05-07 10:53:57,Imagenologia,Imagenología,57,M,3,Emergencias,Alta
EP01005,Tratamiento,2026-05-07 11:50:59,Enf_Medici_02,,19,F,3,Medicina Interna,Alta
EP00543,Evaluación de resultados,2026-05-07 12:37:43,Dr_Emerge_04,Imagenología,57,M,3,Emergencias,Alta
EP00543,Solicitud de examen,2026-05-07 12:51:42,Dr_Emerge_04,Laboratorio,57,M,3,Emergencias,Alta
EP01005,Alta,2026-05-07 13:31:13,Dr_Medici_03,,19,F,3,Medicina Interna,Alta
EP00543,Realización de examen,2026-05-07 13:42:26,Laboratorio_Clinico,Laboratorio,57,M,3,Emergencias,Alta
EP00543,Evaluación de resultados,2026-05-07 14:34:55,Dr_Emerge_04,Laboratorio,57,M,3,Emergencias,Alta
EP00477,Registro del paciente,2026-05-07 15:34:20,Admision_02,,83,M,3,Medicina Interna,Alta
EP00477,Triage,2026-05-07 16:00:34,Enf_Triage_02,,83,M,3,Medicina Interna,Alta
EP00250,Registro del paciente,2026-05-07 16:10:41,Admision_01,,30,M,3,Emergencias,Hospitalización
EP00250,Triage,2026-05-07 16:50:20,Enf_Triage_02,,30,M,3,Emergencias,Hospitalización
EP00477,Consulta médica,2026-05-07 17:06:03,Dr_Medici_02,,83,M,3,Medicina Interna,Alta
EP00543,Interconsulta especialista,2026-05-07 17:11:10,Especialista_03,,57,M,3,Emergencias,Alta
EP00477,Solicitud de examen,2026-05-07 17:23:15,Dr_Medici_02,Laboratorio,83,M,3,Medicina Interna,Alta
EP00543,Tratamiento,2026-05-07 17:53:09,Enf_Emerge_03,,57,M,3,Emergencias,Alta
EP00250,Consulta médica,2026-05-07 18:04:03,Dr_Emerge_01,,30,M,3,Emergencias,Hospitalización
EP00477,Realización de examen,2026-05-07 18:17:48,Laboratorio_Clinico,Laboratorio,83,M,3,Medicina Interna,Alta
EP00250,Tratamiento,2026-05-07 18:48:17,Enf_Emerge_01,,30,M,3,Emergencias,Hospitalización
EP00477,Evaluación de resultados,2026-05-07 18:49:26,Dr_Medici_02,Laboratorio,83,M,3,Medicina Interna,Alta
EP00477,Tratamiento,2026-05-07 19:27:54,Enf_Medici_03,,83,M,3,Medicina Interna,Alta
EP00543,Alta,2026-05-07 19:45:25,Dr_Emerge_04,,57,M,3,Emergencias,Alta
EP00477,Alta,2026-05-07 20:11:00,Dr_Medici_02,,83,M,3,Medicina Interna,Alta
EP00976,Registro del paciente,2026-05-08 00:58:12,Admision_01,,46,F,3,Emergencias,Alta
EP00976,Triage,2026-05-08 01:21:59,Enf_Triage_01,,46,F,3,Emergencias,Alta
EP00194,Registro del paciente,2026-05-08 03:50:01,Admision_02,,15,M,3,Medicina Interna,Alta
EP01359,Registro del paciente,2026-05-08 03:54:19,Admision_01,,69,M,3,Emergencias,Alta
EP00976,Consulta médica,2026-05-08 04:01:58,Dr_Emerge_01,,46,F,3,Emergencias,Alta
EP01359,Triage,2026-05-08 04:28:03,Enf_Triage_03,,69,M,3,Emergencias,Alta
EP00194,Triage,2026-05-08 04:37:55,Enf_Triage_03,,15,M,3,Medicina Interna,Alta
EP00976,Tratamiento,2026-05-08 04:59:00,Enf_Emerge_04,,46,F,3,Emergencias,Alta
EP00250,Ingreso a hospitalización,2026-05-08 05:29:31,Gestion_Camas,,30,M,3,Emergencias,Hospitalización
EP00976,Alta,2026-05-08 06:30:47,Dr_Emerge_01,,46,F,3,Emergencias,Alta
EP00194,Consulta médica,2026-05-08 07:07:20,Dr_Medici_02,,15,M,3,Medicina Interna,Alta
EP01359,Consulta médica,2026-05-08 07:16:41,Dr_Emerge_02,,69,M,3,Emergencias,Alta
EP01359,Tratamiento,2026-05-08 07:56:49,Enf_Emerge_03,,69,M,3,Emergencias,Alta
EP01359,Alta,2026-05-08 10:19:16,Dr_Emerge_02,,69,M,3,Emergencias,Alta
EP01271,Registro del paciente,2026-05-08 10:30:13,Admision_01,,68,F,3,Medicina Interna,Alta
EP01500,Registro del paciente,2026-05-08 11:03:19,Admision_03,,50,F,2,Emergencias,Alta
EP01500,Triage,2026-05-08 11:32:23,Enf_Triage_02,,50,F,2,Emergencias,Alta
EP00194,Consulta médica,2026-05-08 11:34:05,Dr_Medici_02,,15,M,3,Medicina Interna,Alta
EP01500,Consulta médica,2026-05-08 11:40:55,Dr_Emerge_03,,50,F,2,Emergencias,Alta
EP01500,Solicitud de examen,2026-05-08 11:47:24,Dr_Emerge_03,Laboratorio,50,F,2,Emergencias,Alta
EP01271,Triage,2026-05-08 11:47:46,Enf_Triage_03,,68,F,3,Medicina Interna,Alta
EP00194,Tratamiento,2026-05-08 11:56:07,Enf_Medici_02,,15,M,3,Medicina Interna,Alta
EP00253,Registro del paciente,2026-05-08 12:08:35,Admision_02,,2,M,2,Pediatría,Alta
EP01500,Realización de examen,2026-05-08 12:11:23,Laboratorio_Clinico,Laboratorio,50,F,2,Emergencias,Alta
EP00253,Triage,2026-05-08 12:44:01,Enf_Triage_02,,2,M,2,Pediatría,Alta
EP01500,Evaluación de resultados,2026-05-08 12:47:54,Dr_Emerge_03,Laboratorio,50,F,2,Emergencias,Alta
EP01500,Tratamiento,2026-05-08 13:11:47,Enf_Emerge_01,,50,F,2,Emergencias,Alta
EP00253,Consulta médica,2026-05-08 13:21:44,Dr_Pediat_01,,2,M,2,Pediatría,Alta
EP00194,Alta,2026-05-08 13:27:06,Dr_Medici_02,,15,M,3,Medicina Interna,Alta
EP00253,Tratamiento,2026-05-08 14:17:34,Enf_Pediat_04,,2,M,2,Pediatría,Alta
EP01500,Alta,2026-05-08 14:41:17,Dr_Emerge_03,,50,F,2,Emergencias,Alta
EP01392,Registro del paciente,2026-05-08 15:10:10,Admision_01,,48,M,3,Emergencias,Alta
EP00139,Registro del paciente,2026-05-08 15:11:18,Admision_03,,49,F,2,Emergencias,Alta
EP01271,Consulta médica,2026-05-08 15:28:17,Dr_Medici_03,,68,F,3,Medicina Interna,Alta
EP00253,Alta,2026-05-08 15:35:48,Dr_Pediat_01,,2,M,2,Pediatría,Alta
EP01392,Triage,2026-05-08 15:36:48,Enf_Triage_03,,48,M,3,Emergencias,Alta
EP01271,Solicitud de examen,2026-05-08 15:45:00,Dr_Medici_03,Imagenología,68,F,3,Medicina Interna,Alta
EP00139,Triage,2026-05-08 16:21:59,Enf_Triage_02,,49,F,2,Emergencias,Alta
EP00900,Registro del paciente,2026-05-08 16:32:21,Admision_03,,45,F,4,Emergencias,Alta
EP01271,Realización de examen,2026-05-08 17:09:33,Imagenologia,Imagenología,68,F,3,Medicina Interna,Alta
EP00591,Registro del paciente,2026-05-08 17:17:42,Admision_02,,60,M,4,Medicina Interna,Alta
EP00900,Triage,2026-05-08 17:22:59,Enf_Triage_03,,45,F,4,Emergencias,Alta
EP00139,Consulta médica,2026-05-08 17:25:59,Dr_Emerge_02,,49,F,2,Emergencias,Alta
EP00139,Solicitud de examen,2026-05-08 17:32:51,Dr_Emerge_02,Laboratorio,49,F,2,Emergencias,Alta
EP00591,Triage,2026-05-08 17:49:46,Enf_Triage_01,,60,M,4,Medicina Interna,Alta
EP01271,Evaluación de resultados,2026-05-08 18:06:34,Dr_Medici_03,Imagenología,68,F,3,Medicina Interna,Alta
EP00139,Realización de examen,2026-05-08 18:13:52,Laboratorio_Clinico,Laboratorio,49,F,2,Emergencias,Alta
EP01392,Consulta médica,2026-05-08 18:37:16,Dr_Emerge_01,,48,M,3,Emergencias,Alta
EP01392,Tratamiento,2026-05-08 18:54:55,Enf_Emerge_02,,48,M,3,Emergencias,Alta
EP00139,Evaluación de resultados,2026-05-08 19:21:14,Dr_Emerge_02,Laboratorio,49,F,2,Emergencias,Alta
EP00900,Consulta médica,2026-05-08 19:33:52,Dr_Emerge_04,,45,F,4,Emergencias,Alta
EP01392,Alta,2026-05-08 20:00:30,Dr_Emerge_01,,48,M,3,Emergencias,Alta
EP00900,Tratamiento,2026-05-08 20:03:17,Enf_Emerge_01,,45,F,4,Emergencias,Alta
EP00139,Tratamiento,2026-05-08 20:27:40,Enf_Emerge_03,,49,F,2,Emergencias,Alta
EP00900,Alta,2026-05-08 21:03:48,Dr_Emerge_04,,45,F,4,Emergencias,Alta
EP00139,Alta,2026-05-08 21:36:25,Dr_Emerge_02,,49,F,2,Emergencias,Alta
EP01271,Interconsulta especialista,2026-05-08 21:58:44,Especialista_03,,68,F,3,Medicina Interna,Alta
EP01271,Tratamiento,2026-05-08 22:28:57,Enf_Medici_03,,68,F,3,Medicina Interna,Alta
EP01271,Alta,2026-05-08 23:08:35,Dr_Medici_03,,68,F,3,Medicina Interna,Alta
EP00591,Consulta médica,2026-05-09 01:40:27,Dr_Medici_02,,60,M,4,Medicina Interna,Alta
EP00591,Tratamiento,2026-05-09 02:04:12,Enf_Medici_02,,60,M,4,Medicina Interna,Alta
EP00591,Alta,2026-05-09 03:07:26,Dr_Medici_02,,60,M,4,Medicina Interna,Alta
EP00875,Registro del paciente,2026-05-09 05:54:43,Admision_03,,64,M,3,Traumatología,Hospitalización
EP00875,Triage,2026-05-09 06:28:25,Enf_Triage_03,,64,M,3,Traumatología,Hospitalización
EP00418,Registro del paciente,2026-05-09 07:42:51,Admision_01,,36,M,3,Emergencias,Alta
EP00875,Consulta médica,2026-05-09 07:52:57,Dr_Trauma_03,,64,M,3,Traumatología,Hospitalización
EP00875,Solicitud de examen,2026-05-09 08:11:22,Dr_Trauma_03,Imagenología,64,M,3,Traumatología,Hospitalización
EP00418,Triage,2026-05-09 08:21:21,Enf_Triage_03,,36,M,3,Emergencias,Alta
EP00418,Consulta médica,2026-05-09 09:10:15,Dr_Emerge_03,,36,M,3,Emergencias,Alta
EP00875,Realización de examen,2026-05-09 10:19:55,Imagenologia,Imagenología,64,M,3,Traumatología,Hospitalización
EP00418,Interconsulta especialista,2026-05-09 10:31:13,Especialista_01,,36,M,3,Emergencias,Alta
EP01059,Registro del paciente,2026-05-09 11:07:44,Admision_01,,41,F,3,Medicina Interna,Alta
EP01059,Triage,2026-05-09 11:26:56,Enf_Triage_02,,41,F,3,Medicina Interna,Alta
EP00418,Tratamiento,2026-05-09 11:33:23,Enf_Emerge_01,,36,M,3,Emergencias,Alta
EP00418,Alta,2026-05-09 12:21:28,Dr_Emerge_03,,36,M,3,Emergencias,Alta
EP00875,Evaluación de resultados,2026-05-09 13:19:20,Dr_Trauma_03,Imagenología,64,M,3,Traumatología,Hospitalización
EP01059,Consulta médica,2026-05-09 13:31:14,Dr_Medici_02,,41,F,3,Medicina Interna,Alta
EP01447,Registro del paciente,2026-05-09 13:47:46,Admision_03,,52,M,3,Medicina Interna,Alta
EP01059,Solicitud de examen,2026-05-09 13:51:13,Dr_Medici_02,Imagenología,41,F,3,Medicina Interna,Alta
EP00875,Tratamiento,2026-05-09 14:00:56,Enf_Trauma_01,,64,M,3,Traumatología,Hospitalización
EP01447,Triage,2026-05-09 14:15:17,Enf_Triage_01,,52,M,3,Medicina Interna,Alta
EP01447,Consulta médica,2026-05-09 14:55:22,Dr_Medici_02,,52,M,3,Medicina Interna,Alta
EP01447,Solicitud de examen,2026-05-09 14:59:38,Dr_Medici_02,Imagenología,52,M,3,Medicina Interna,Alta
EP00643,Registro del paciente,2026-05-09 16:26:23,Admision_03,,76,M,4,Medicina Interna,Alta
EP00643,Triage,2026-05-09 16:58:31,Enf_Triage_03,,76,M,4,Medicina Interna,Alta
EP00437,Registro del paciente,2026-05-09 17:30:43,Admision_03,,39,M,4,Medicina Interna,Hospitalización
EP00437,Triage,2026-05-09 18:16:06,Enf_Triage_03,,39,M,4,Medicina Interna,Hospitalización
EP01059,Realización de examen,2026-05-09 19:46:27,Imagenologia,Imagenología,41,F,3,Medicina Interna,Alta
EP01445,Registro del paciente,2026-05-09 19:49:38,Admision_03,,21,M,4,Medicina Interna,Alta
EP01445,Triage,2026-05-09 20:30:58,Enf_Triage_03,,21,M,4,Medicina Interna,Alta
EP01059,Evaluación de resultados,2026-05-09 21:09:18,Dr_Medici_02,Imagenología,41,F,3,Medicina Interna,Alta
EP00437,Consulta médica,2026-05-09 21:26:36,Dr_Medici_04,,39,M,4,Medicina Interna,Hospitalización
EP00437,Solicitud de examen,2026-05-09 21:31:32,Dr_Medici_04,Laboratorio,39,M,4,Medicina Interna,Hospitalización
EP00836,Registro del paciente,2026-05-09 21:36:10,Admision_02,,66,M,4,Medicina Interna,Alta
EP00643,Consulta médica,2026-05-09 21:47:13,Dr_Medici_04,,76,M,4,Medicina Interna,Alta
EP01059,Tratamiento,2026-05-09 21:57:10,Enf_Medici_02,,41,F,3,Medicina Interna,Alta
EP00875,Ingreso a hospitalización,2026-05-09 22:26:19,Gestion_Camas,,64,M,3,Traumatología,Hospitalización
EP00437,Realización de examen,2026-05-09 22:43:07,Laboratorio_Clinico,Laboratorio,39,M,4,Medicina Interna,Hospitalización
EP00643,Tratamiento,2026-05-09 22:45:31,Enf_Medici_04,,76,M,4,Medicina Interna,Alta
EP00836,Triage,2026-05-09 22:45:49,Enf_Triage_02,,66,M,4,Medicina Interna,Alta
EP00836,Triage,2026-05-09 22:45:49,Enf_Triage_02,,66,M,4,Medicina Interna,Alta
EP00643,Alta,2026-05-09 23:26:49,Dr_Medici_04,,76,M,4,Medicina Interna,Alta
EP01059,Alta,2026-05-09 23:50:22,Dr_Medici_02,,41,F,3,Medicina Interna,Alta
EP00437,Evaluación de resultados,2026-05-10 00:12:08,Dr_Medici_04,Laboratorio,39,M,4,Medicina Interna,Hospitalización
EP00836,Consulta médica,2026-05-10 00:21:35,Dr_Medici_02,,66,M,4,Medicina Interna,Alta
EP01445,Consulta médica,2026-05-10 00:26:17,Dr_Medici_03,,21,M,4,Medicina Interna,Alta
EP01445,Solicitud de examen,2026-05-10 00:32:14,Dr_Medici_03,Laboratorio,21,M,4,Medicina Interna,Alta
EP00836,Tratamiento,2026-05-10 00:40:31,Enf_Medici_02,,66,M,4,Medicina Interna,Alta
EP00437,Tratamiento,2026-05-10 00:53:48,Enf_Medici_02,,39,M,4,Medicina Interna,Hospitalización
EP01445,Realización de examen,2026-05-10 01:22:48,Laboratorio_Clinico,Laboratorio,21,M,4,Medicina Interna,Alta
EP00836,Alta,2026-05-10 01:54:11,Dr_Medici_02,,66,M,4,Medicina Interna,Alta
EP01447,Realización de examen,2026-05-10 01:56:23,Imagenologia,Imagenología,52,M,3,Medicina Interna,Alta
EP01282,Registro del paciente,2026-05-10 01:58:12,Admision_03,,78,F,4,Emergencias,Alta
EP01445,Evaluación de resultados,2026-05-10 02:13:52,Dr_Medici_03,Laboratorio,21,M,4,Medicina Interna,Alta
EP01445,Solicitud de examen,2026-05-10 02:33:36,Dr_Medici_03,Laboratorio,21,M,4,Medicina Interna,Alta
EP01447,Evaluación de resultados,2026-05-10 02:50:43,Dr_Medici_02,Imagenología,52,M,3,Medicina Interna,Alta
EP01282,Triage,2026-05-10 02:55:51,Enf_Triage_01,,78,F,4,Emergencias,Alta
EP01445,Realización de examen,2026-05-10 03:09:18,Laboratorio_Clinico,Laboratorio,21,M,4,Medicina Interna,Alta
EP01445,Evaluación de resultados,2026-05-10 04:05:14,Dr_Medici_03,Laboratorio,21,M,4,Medicina Interna,Alta
EP01445,Tratamiento,2026-05-10 05:13:32,Enf_Medici_01,,21,M,4,Medicina Interna,Alta
EP01447,Consulta médica,2026-05-10 05:18:15,Dr_Medici_02,,52,M,3,Medicina Interna,Alta
EP01447,Tratamiento,2026-05-10 05:51:10,Enf_Medici_04,,52,M,3,Medicina Interna,Alta
EP01445,Alta,2026-05-10 05:59:10,Dr_Medici_03,,21,M,4,Medicina Interna,Alta
EP01447,Alta,2026-05-10 06:44:13,Dr_Medici_02,,52,M,3,Medicina Interna,Alta
EP00703,Registro del paciente,2026-05-10 08:10:07,Admision_02,,44,M,3,Emergencias,Alta
EP01282,Consulta médica,2026-05-10 08:31:58,Dr_Emerge_02,,78,F,4,Emergencias,Alta
EP00703,Triage,2026-05-10 08:59:02,Enf_Triage_03,,44,M,3,Emergencias,Alta
EP01282,Tratamiento,2026-05-10 09:17:10,Enf_Emerge_01,,78,F,4,Emergencias,Alta
EP00703,Consulta médica,2026-05-10 10:08:29,Dr_Emerge_02,,44,M,3,Emergencias,Alta
EP00703,Tratamiento,2026-05-10 10:34:35,Enf_Emerge_01,,44,M,3,Emergencias,Alta
EP01282,Alta,2026-05-10 10:56:51,Dr_Emerge_02,,78,F,4,Emergencias,Alta
EP00703,Alta,2026-05-10 10:59:38,Dr_Emerge_02,,44,M,3,Emergencias,Alta
EP00437,Ingreso a hospitalización,2026-05-10 11:02:32,Gestion_Camas,,39,M,4,Medicina Interna,Hospitalización
EP00685,Registro del paciente,2026-05-10 13:04:34,Admision_02,,74,M,4,Traumatología,Alta
EP00685,Triage,2026-05-10 14:00:06,Enf_Triage_01,,74,M,4,Traumatología,Alta
EP00398,Registro del paciente,2026-05-10 14:57:10,Admision_02,,85,F,4,Traumatología,Alta
EP00398,Triage,2026-05-10 15:29:58,Enf_Triage_01,,85,F,4,Traumatología,Alta
EP01211,Registro del paciente,2026-05-10 16:35:55,Admision_02,,60,M,5,Traumatología,Alta
EP01211,Triage,2026-05-10 17:13:24,Enf_Triage_03,,60,M,5,Traumatología,Alta
EP00685,Consulta médica,2026-05-10 18:36:54,Dr_Trauma_04,,74,M,4,Traumatología,Alta
EP00398,Consulta médica,2026-05-10 18:38:12,Dr_Trauma_02,,85,F,4,Traumatología,Alta
EP00398,Solicitud de examen,2026-05-10 18:53:54,Dr_Trauma_02,Imagenología,85,F,4,Traumatología,Alta
EP00668,Registro del paciente,2026-05-10 18:54:52,Admision_03,,15,M,3,Medicina Interna,Alta
EP00685,Tratamiento,2026-05-10 19:02:46,Enf_Trauma_02,,74,M,4,Traumatología,Alta
EP00668,Triage,2026-05-10 19:28:49,Enf_Triage_03,,15,M,3,Medicina Interna,Alta
EP00668,Consulta médica,2026-05-10 20:36:39,Dr_Medici_03,,15,M,3,Medicina Interna,Alta
EP00668,Solicitud de examen,2026-05-10 20:49:39,Dr_Medici_03,Laboratorio,15,M,3,Medicina Interna,Alta
EP01211,Consulta médica,2026-05-10 20:52:14,Dr_Trauma_03,,60,M,5,Traumatología,Alta
EP01211,Consulta médica,2026-05-10 21:33:52,Dr_Trauma_03,,60,M,5,Traumatología,Alta
EP00685,Alta,2026-05-10 22:02:57,Dr_Trauma_04,,74,M,4,Traumatología,Alta
EP00668,Realización de examen,2026-05-10 22:11:45,Laboratorio_Clinico,Laboratorio,15,M,3,Medicina Interna,Alta
EP01211,Tratamiento,2026-05-10 22:12:43,Enf_Trauma_01,,60,M,5,Traumatología,Alta
EP00536,Registro del paciente,2026-05-10 22:22:24,Admision_02,,39,M,5,Emergencias,Alta
EP01259,Registro del paciente,2026-05-10 23:06:20,Admision_01,,33,M,5,Emergencias,Hospitalización
EP00536,Triage,2026-05-10 23:17:45,Enf_Triage_02,,39,M,5,Emergencias,Alta
EP01259,Triage,2026-05-10 23:31:03,Enf_Triage_01,,33,M,5,Emergencias,Hospitalización
EP00668,Evaluación de resultados,2026-05-10 23:34:31,Dr_Medici_03,Laboratorio,15,M,3,Medicina Interna,Alta
EP01211,Alta,2026-05-10 23:43:36,Dr_Trauma_03,,60,M,5,Traumatología,Alta
EP00446,Registro del paciente,2026-05-11 01:11:19,Admision_02,,54,F,4,Emergencias,Alta
EP00446,Triage,2026-05-11 01:41:58,Enf_Triage_01,,54,F,4,Emergencias,Alta
EP01259,Consulta médica,2026-05-11 01:48:38,Dr_Emerge_02,,33,M,5,Emergencias,Hospitalización
EP01259,Solicitud de examen,2026-05-11 01:57:32,Dr_Emerge_02,Laboratorio,33,M,5,Emergencias,Hospitalización
EP00668,Interconsulta especialista,2026-05-11 02:22:51,Especialista_04,,15,M,3,Medicina Interna,Alta
EP01259,Realización de examen,2026-05-11 02:51:27,Laboratorio_Clinico,Laboratorio,33,M,5,Emergencias,Hospitalización
EP01259,Evaluación de resultados,2026-05-11 03:10:16,Dr_Emerge_02,Laboratorio,33,M,5,Emergencias,Hospitalización
EP00668,Tratamiento,2026-05-11 03:14:53,Enf_Medici_04,,15,M,3,Medicina Interna,Alta
EP00536,Consulta médica,2026-05-11 03:23:48,Dr_Emerge_02,,39,M,5,Emergencias,Alta
EP00536,Solicitud de examen,2026-05-11 03:32:31,Dr_Emerge_02,Imagenología,39,M,5,Emergencias,Alta
EP01259,Solicitud de examen,2026-05-11 03:35:37,Dr_Emerge_02,Laboratorio,33,M,5,Emergencias,Hospitalización
EP00027,Registro del paciente,2026-05-11 03:54:32,Admision_01,,33,F,4,Emergencias,Alta
EP00668,Alta,2026-05-11 04:16:39,Dr_Medici_03,,15,M,3,Medicina Interna,Alta
EP00027,Triage,2026-05-11 04:47:58,Enf_Triage_03,,33,F,4,Emergencias,Alta
EP01259,Realización de examen,2026-05-11 05:46:58,Laboratorio_Clinico,Laboratorio,33,M,5,Emergencias,Hospitalización
EP01230,Registro del paciente,2026-05-11 06:25:09,Admision_01,,39,F,2,Medicina Interna,Alta
EP01230,Triage,2026-05-11 06:33:10,Enf_Triage_02,,39,F,2,Medicina Interna,Alta
EP01259,Evaluación de resultados,2026-05-11 06:46:45,Dr_Emerge_02,Laboratorio,33,M,5,Emergencias,Hospitalización
EP01259,Solicitud de examen,2026-05-11 06:54:43,Dr_Emerge_02,Laboratorio,33,M,5,Emergencias,Hospitalización
EP00536,Realización de examen,2026-05-11 06:55:44,Imagenologia,Imagenología,39,M,5,Emergencias,Alta
EP00027,Consulta médica,2026-05-11 06:57:53,Dr_Emerge_03,,33,F,4,Emergencias,Alta
EP01230,Consulta médica,2026-05-11 06:59:38,Dr_Medici_03,,39,F,2,Medicina Interna,Alta
EP00027,Solicitud de examen,2026-05-11 07:03:13,Dr_Emerge_03,Imagenología,33,F,4,Emergencias,Alta
EP01230,Solicitud de examen,2026-05-11 07:07:00,Dr_Medici_03,Laboratorio,39,F,2,Medicina Interna,Alta
EP00446,Consulta médica,2026-05-11 07:46:57,Dr_Emerge_02,,54,F,4,Emergencias,Alta
EP01259,Realización de examen,2026-05-11 07:49:01,Laboratorio_Clinico,Laboratorio,33,M,5,Emergencias,Hospitalización
EP01259,Evaluación de resultados,2026-05-11 08:05:07,Dr_Emerge_02,Laboratorio,33,M,5,Emergencias,Hospitalización
EP01230,Realización de examen,2026-05-11 08:25:45,Laboratorio_Clinico,Laboratorio,39,F,2,Medicina Interna,Alta
EP01259,Tratamiento,2026-05-11 08:28:09,Enf_Emerge_01,,33,M,5,Emergencias,Hospitalización
EP00446,Tratamiento,2026-05-11 08:50:08,Enf_Emerge_04,,54,F,4,Emergencias,Alta
EP01230,Evaluación de resultados,2026-05-11 09:06:00,Dr_Medici_03,Laboratorio,39,F,2,Medicina Interna,Alta
EP01230,Tratamiento,2026-05-11 09:31:32,Enf_Medici_01,,39,F,2,Medicina Interna,Alta
EP00446,Alta,2026-05-11 10:06:47,Dr_Emerge_02,,54,F,4,Emergencias,Alta
EP01259,Ingreso a hospitalización,2026-05-11 10:44:45,Gestion_Camas,,33,M,5,Emergencias,Hospitalización
EP01230,Alta,2026-05-11 10:51:39,Dr_Medici_03,,39,F,2,Medicina Interna,Alta
EP00536,Evaluación de resultados,2026-05-11 11:24:35,Dr_Emerge_02,Imagenología,39,M,5,Emergencias,Alta
EP00298,Registro del paciente,2026-05-11 11:28:08,Admision_02,,52,M,4,Emergencias,Alta
EP00536,Tratamiento,2026-05-11 11:51:27,Enf_Emerge_02,,39,M,5,Emergencias,Alta
EP00298,Triage,2026-05-11 12:12:03,Enf_Triage_02,,52,M,4,Emergencias,Alta
EP00536,Alta,2026-05-11 12:30:41,Dr_Emerge_02,,39,M,5,Emergencias,Alta
EP00398,Realización de examen,2026-05-11 12:32:18,Imagenologia,Imagenología,85,F,4,Traumatología,Alta
EP00027,Realización de examen,2026-05-11 13:45:40,Imagenologia,Imagenología,33,F,4,Emergencias,Alta
EP01335,Registro del paciente,2026-05-11 14:30:06,Admision_03,,85,F,3,Medicina Interna,Hospitalización
EP00398,Evaluación de resultados,2026-05-11 15:08:31,Dr_Trauma_02,Imagenología,85,F,4,Traumatología,Alta
EP00027,Evaluación de resultados,2026-05-11 16:00:53,Dr_Emerge_03,Imagenología,33,F,4,Emergencias,Alta
EP00398,Tratamiento,2026-05-11 16:07:04,Enf_Trauma_01,,85,F,4,Traumatología,Alta
EP01335,Triage,2026-05-11 16:10:58,Enf_Triage_01,,85,F,3,Medicina Interna,Hospitalización
EP00398,Alta,2026-05-11 16:34:15,Dr_Trauma_02,,85,F,4,Traumatología,Alta
EP00027,Tratamiento,2026-05-11 16:52:58,Enf_Emerge_03,,33,F,4,Emergencias,Alta
EP00298,Consulta médica,2026-05-11 17:18:54,Dr_Emerge_02,,52,M,4,Emergencias,Alta
EP00436,Registro del paciente,2026-05-11 17:34:14,Admision_02,,34,F,4,Traumatología,Alta
EP00298,Tratamiento,2026-05-11 17:48:01,Enf_Emerge_02,,52,M,4,Emergencias,Alta
EP00027,Alta,2026-05-11 17:58:18,Dr_Emerge_03,,33,F,4,Emergencias,Alta
EP00436,Triage,2026-05-11 18:24:56,Enf_Triage_01,,34,F,4,Traumatología,Alta
EP00298,Alta,2026-05-11 19:09:10,Dr_Emerge_02,,52,M,4,Emergencias,Alta
EP01335,Consulta médica,2026-05-11 19:20:41,Dr_Medici_04,,85,F,3,Medicina Interna,Hospitalización
EP01335,Solicitud de examen,2026-05-11 19:33:34,Dr_Medici_04,Laboratorio,85,F,3,Medicina Interna,Hospitalización
EP01139,Registro del paciente,2026-05-11 19:38:21,Admision_02,,69,M,3,Emergencias,Alta
EP01139,Triage,2026-05-11 20:08:13,Enf_Triage_01,,69,M,3,Emergencias,Alta
EP01335,Realización de examen,2026-05-11 20:59:58,Laboratorio_Clinico,Laboratorio,85,F,3,Medicina Interna,Hospitalización
EP01494,Registro del paciente,2026-05-11 21:12:59,Admision_03,,89,F,2,Traumatología,Hospitalización
EP01335,Evaluación de resultados,2026-05-11 21:21:41,Dr_Medici_04,Laboratorio,85,F,3,Medicina Interna,Hospitalización
EP01494,Triage,2026-05-11 21:23:32,Enf_Triage_03,,89,F,2,Traumatología,Hospitalización
EP01494,Consulta médica,2026-05-11 21:42:44,Dr_Trauma_03,,89,F,2,Traumatología,Hospitalización
EP01139,Consulta médica,2026-05-11 21:47:15,Dr_Emerge_04,,69,M,3,Emergencias,Alta
EP01494,Solicitud de examen,2026-05-11 21:51:46,Dr_Trauma_03,Imagenología,89,F,2,Traumatología,Hospitalización
EP01139,Tratamiento,,Enf_Emerge_02,,69,M,3,Emergencias,Alta
EP01335,Consulta médica,2026-05-11 22:52:26,Dr_Medici_04,,85,F,3,Medicina Interna,Hospitalización
EP01139,Alta,2026-05-11 23:27:38,Dr_Emerge_04,,69,M,3,Emergencias,Alta
EP00436,Consulta médica,2026-05-12 00:03:46,Dr_Trauma_04,,34,F,4,Traumatología,Alta
EP01335,Tratamiento,2026-05-12 00:13:01,Enf_Medici_03,,85,F,3,Medicina Interna,Hospitalización
EP00911,Registro del paciente,2026-05-12 00:40:37,Admision_03,,18,F,5,Emergencias,Alta
EP00436,Tratamiento,2026-05-12 00:53:18,Enf_Trauma_02,,34,F,4,Traumatología,Alta
EP00911,Triage,2026-05-12 01:25:19,Enf_Triage_03,,18,F,5,Emergencias,Alta
EP01335,Ingreso a hospitalización,2026-05-12 01:33:40,Gestion_Camas,,85,F,3,Medicina Interna,Hospitalización
EP01494,Realización de examen,2026-05-12 01:44:23,Imagenologia,Imagenología,89,F,2,Traumatología,Hospitalización
EP00436,Alta,2026-05-12 01:57:16,Dr_Trauma_04,,34,F,4,Traumatología,Alta
EP01494,Evaluación de resultados,2026-05-12 04:09:56,Dr_Trauma_03,Imagenología,89,F,2,Traumatología,Hospitalización
EP01494,Solicitud de examen,2026-05-12 04:14:53,Dr_Trauma_03,Imagenología,89,F,2,Traumatología,Hospitalización
EP00843,Registro del paciente,2026-05-12 04:59:09,Admision_02,,71,F,4,Medicina Interna,Alta
EP00843,Triage,2026-05-12 05:12:33,Enf_Triage_01,,71,F,4,Medicina Interna,Alta
EP00911,Consulta médica,2026-05-12 05:35:13,Dr_Emerge_04,,18,F,5,Emergencias,Alta
EP00911,Solicitud de examen,2026-05-12 05:40:19,Dr_Emerge_04,Imagenología,18,F,5,Emergencias,Alta
EP00843,Consulta médica,2026-05-12 07:09:32,Dr_Medici_04,,71,F,4,Medicina Interna,Alta
EP00843,Solicitud de examen,2026-05-12 07:24:29,Dr_Medici_04,Laboratorio,71,F,4,Medicina Interna,Alta
EP00843,Realización de examen,2026-05-12 08:33:24,Laboratorio_Clinico,Laboratorio,71,F,4,Medicina Interna,Alta
EP00843,Evaluación de resultados,2026-05-12 09:05:53,Dr_Medici_04,Laboratorio,71,F,4,Medicina Interna,Alta
EP00843,Solicitud de examen,2026-05-12 09:16:09,Dr_Medici_04,Laboratorio,71,F,4,Medicina Interna,Alta
EP00843,Realizacion de examen,2026-05-12 10:22:59,Laboratorio_Clinico,Laboratorio,71,F,4,Medicina Interna,Alta
EP01061,Registro del paciente,2026-05-12 10:37:25,Admision_03,,33,M,4,Emergencias,Alta
EP00911,Realización de examen,2026-05-12 10:44:57,Imagenologia,Imagenología,18,F,5,Emergencias,Alta
EP00843,Evaluación de resultados,2026-05-12 11:06:33,Dr_Medici_04,Laboratorio,71,F,4,Medicina Interna,Alta
EP01061,Triage,2026-05-12 11:22:04,Enf_Triage_02,,33,M,4,Emergencias,Alta
EP00911,Evaluación de resultados,2026-05-12 11:58:16,Dr_Emerge_04,Imagenología,18,F,5,Emergencias,Alta
EP00911,Tratamiento,2026-05-12 12:34:33,Enf_Emerge_04,,18,F,5,Emergencias,Alta
EP01061,Consulta médica,2026-05-12 13:12:53,Dr_Emerge_02,,33,M,4,Emergencias,Alta
EP00843,Consulta médica,2026-05-12 13:13:36,Dr_Medici_04,,71,F,4,Medicina Interna,Alta
EP00911,Alta,2026-05-12 13:15:36,Dr_Emerge_04,,18,F,5,Emergencias,Alta
EP00291,Registro del paciente,2026-05-12 13:16:05,Admision_02,,79,F,4,Emergencias,Alta
EP01061,Tratamiento,2026-05-12 13:42:55,Enf_Emerge_03,,33,M,4,Emergencias,Alta
EP00843,Tratamiento,2026-05-12 13:46:10,Enf_Medici_02,,71,F,4,Medicina Interna,Alta
EP00291,Triage,2026-05-12 13:55:11,Enf_Triage_03,,79,F,4,Emergencias,Alta
EP01322,Registro del paciente,2026-05-12 14:39:27,Admision_03,,68,M,4,Emergencias,Alta
EP00121,Registro del paciente,2026-05-12 14:42:07,Admision_03,,23,M,1,Emergencias,Alta
EP00121,Triage,2026-05-12 14:45:08,Enf_Triage_01,,23,M,1,Emergencias,Alta
EP00121,Consulta médica,2026-05-12 14:48:47,Dr_Emerge_04,,23,M,1,Emergencias,Alta
EP00843,Alta,2026-05-12 14:52:41,Dr_Medici_04,,71,F,4,Medicina Interna,Alta
EP01061,Alta,2026-05-12 15:11:54,Dr_Emerge_02,,33,M,4,Emergencias,Alta
EP01322,Triage,2026-05-12 15:16:48,Enf_Triage_01,,68,M,4,Emergencias,Alta
EP01494,Realización de examen,2026-05-12 15:59:35,Imagenologia,Imagenología,89,F,2,Traumatología,Hospitalización
EP01494,Evaluación de resultados,2026-05-12 17:16:36,Dr_Trauma_03,Imagenología,89,F,2,Traumatología,Hospitalización
EP01494,Solicitud de examen,2026-05-12 17:23:49,Dr_Trauma_03,Imagenología,89,F,2,Traumatología,Hospitalización
EP00291,Consulta médica,2026-05-12 17:51:51,Dr_Emerge_02,,79,F,4,Emergencias,Alta
EP01322,Consulta médica,2026-05-12 17:53:37,Dr_Emerge_04,,68,M,4,Emergencias,Alta
EP01322,Tratamiento,2026-05-12 18:39:28,Enf_Emerge_04,,68,M,4,Emergencias,Alta
EP00291,Consulta médica,2026-05-12 19:07:38,Dr_Emerge_02,,79,F,4,Emergencias,Alta
EP00291,Tratamiento,2026-05-12 19:49:37,Enf_Emerge_02,,79,F,4,Emergencias,Alta
EP01494,Realización de examen,2026-05-12 20:06:53,Imagenologia,Imagenología,89,F,2,Traumatología,Hospitalización
EP01322,Alta,2026-05-12 20:23:49,Dr_Emerge_04,,68,M,4,Emergencias,Alta
EP00291,Alta,2026-05-12 20:25:04,Dr_Emerge_02,,79,F,4,Emergencias,Alta
EP01494,Evaluación de resultados,2026-05-12 21:48:46,Dr_Trauma_03,Imagenología,89,F,2,Traumatología,Hospitalización
EP01494,Tratamiento,2026-05-12 23:16:17,Enf_Trauma_03,,89,F,2,Traumatología,Hospitalización
EP00121,Interconsulta especialista,2026-05-13 00:16:32,Especialista_03,,23,M,1,Emergencias,Alta
EP00121,Tratamiento,2026-05-13 01:29:36,Enf_Emerge_02,,23,M,1,Emergencias,Alta
EP00121,Alta,2026-05-13 02:00:37,Dr_Emerge_04,,23,M,1,Emergencias,Alta
EP00689,Registro del paciente,2026-05-13 02:09:24,Admision_03,,66,F,4,Emergencias,Alta
EP00689,Triage,2026-05-13 02:42:36,Enf_Triage_02,,66,F,4,Emergencias,Alta
EP00049,Registro del paciente,2026-05-13 06:37:06,Admision_01,,42,M,4,Medicina Interna,Alta
EP00534,Registro del paciente,2026-05-13 06:59:09,Admision_02,,55,F,3,Emergencias,Alta
EP00049,Triage,2026-05-13 07:08:47,Enf_Triage_03,,42,M,4,Medicina Interna,Alta
EP00534,Triage,2026-05-13 07:27:31,Enf_Triage_02,,55,F,3,Emergencias,Alta
EP00689,Consulta médica,2026-05-13 09:07:28,Dr_Emerge_03,,66,F,4,Emergencias,Alta
EP01494,Ingreso a hospitalización,2026-05-13 09:10:01,Gestion_Camas,,89,F,2,Traumatología,Hospitalización
EP00689,Solicitud de examen,2026-05-13 09:13:42,Dr_Emerge_03,Laboratorio,66,F,4,Emergencias,Alta
EP00534,Consulta médica,2026-05-13 10:08:19,Dr_Emerge_04,,55,F,3,Emergencias,Alta
EP00689,Realización de examen,2026-05-13 10:36:15,Laboratorio_Clinico,Laboratorio,66,F,4,Emergencias,Alta
EP00049,Consulta médica,2026-05-13 10:36:17,Dr_Medici_04,,42,M,4,Medicina Interna,Alta
EP00534,Tratamiento,2026-05-13 10:38:49,Enf_Emerge_02,,55,F,3,Emergencias,Alta
EP00894,Registro del paciente,2026-05-13 11:21:56,Admision_01,,15,F,4,Traumatología,Alta
EP00534,Alta,2026-05-13 11:30:23,Dr_Emerge_04,,55,F,3,Emergencias,Alta
EP00049,Tratamiento,2026-05-13 11:30:54,Enf_Medici_01,,42,M,4,Medicina Interna,Alta
EP00275,Registro del paciente,2026-05-13 11:42:14,Admision_01,,29,M,3,Medicina Interna,Alta
EP00894,Triage,2026-05-13 11:52:00,Enf_Triage_01,,15,F,4,Traumatología,Alta
EP00689,Evaluación de resultados,2026-05-13 11:55:47,Dr_Emerge_03,Laboratorio,66,F,4,Emergencias,Alta
EP00275,Triage,2026-05-13 12:06:21,Enf_Triage_02,,29,M,3,Medicina Interna,Alta
EP00049,Alta,2026-05-13 12:19:34,Dr_Medici_04,,42,M,4,Medicina Interna,Alta
EP00894,Consulta médica,2026-05-13 12:59:16,Dr_Trauma_01,,15,F,4,Traumatología,Alta
EP00275,Consulta médica,2026-05-13 13:04:08,Dr_Medici_04,,29,M,3,Medicina Interna,Alta
EP00213,Registro del paciente,2026-05-13 13:12:41,Admision_02,,15,M,4,Medicina Interna,Alta
EP00275,Solicitud de examen,2026-05-13 13:32:29,Dr_Medici_04,Laboratorio,29,M,3,Medicina Interna,Alta
EP00894,Tratamiento,2026-05-13 13:41:05,Enf_Trauma_03,,15,F,4,Traumatología,Alta
EP00213,Triage,2026-05-13 13:57:22,Enf_Triage_01,,15,M,4,Medicina Interna,Alta
EP01188,Registro del paciente,2026-05-13 14:07:30,Admision_01,,52,F,3,Emergencias,Alta
EP00275,Realización de examen,2026-05-13 14:08:29,Laboratorio_Clinico,Laboratorio,29,M,3,Medicina Interna,Alta
EP01219,Registro del paciente,2026-05-13 14:13:38,Admision_03,,46,F,3,Emergencias,Alta
EP01219,Triage,2026-05-13 14:31:06,Enf_Triage_02,,46,F,3,Emergencias,Alta
EP00894,Alta,2026-05-13 14:37:38,Dr_Trauma_01,,15,F,4,Traumatología,Alta
EP00275,Evaluación de resultados,2026-05-13 14:41:53,Dr_Medici_04,Laboratorio,29,M,3,Medicina Interna,Alta
EP01188,Triage,2026-05-13 14:45:39,Enf_Triage_03,,52,F,3,Emergencias,Alta
EP00275,Tratamiento,2026-05-13 15:31:33,Enf_Medici_04,,29,M,3,Medicina Interna,Alta
EP00213,Consulta médica,2026-05-13 16:02:41,Dr_Medici_03,,15,M,4,Medicina Interna,Alta
EP01188,Consulta médica,2026-05-13 16:19:28,Dr_Emerge_02,,52,F,3,Emergencias,Alta
EP00689,Interconsulta especialista,2026-05-13 16:28:12,Especialista_01,,66,F,4,Emergencias,Alta
EP00213,Tratamiento,2026-05-13 16:28:30,Enf_Medici_04,,15,M,4,Medicina Interna,Alta
EP00275,Alta,2026-05-13 16:39:48,Dr_Medici_04,,29,M,3,Medicina Interna,Alta
EP01219,Consulta médica,2026-05-13 16:44:06,Dr_Emerge_01,,46,F,3,Emergencias,Alta
EP01219,Solicitud de examen,2026-05-13 16:50:34,Dr_Emerge_01,Laboratorio,46,F,3,Emergencias,Alta
EP00689,Tratamiento,2026-05-13 16:54:51,Enf_Emerge_01,,66,F,4,Emergencias,Alta
EP00213,Alta,2026-05-13 17:10:21,Dr_Medici_03,,15,M,4,Medicina Interna,Alta
EP01188,Tratamiento,2026-05-13 17:40:22,Enf_Emerge_02,,52,F,3,Emergencias,Alta
EP01219,Realización de examen,2026-05-13 17:45:39,Laboratorio_Clinico,Laboratorio,46,F,3,Emergencias,Alta
EP01188,Alta,2026-05-13 18:12:14,Dr_Emerge_02,,52,F,3,Emergencias,Alta
EP00603,Registro del paciente,2026-05-13 18:15:10,Admision_02,,43,F,2,Emergencias,Alta
EP00689,Alta,2026-05-13 18:15:49,Dr_Emerge_03,,66,F,4,Emergencias,Alta
EP01255,Registro del paciente,2026-05-13 18:26:46,Admision_01,,42,M,3,Medicina Interna,Hospitalización
EP00603,Triage,2026-05-13 18:31:26,Enf_Triage_03,,43,F,2,Emergencias,Alta
EP01219,Evaluación de resultados,2026-05-13 18:47:49,Dr_Emerge_01,Laboratorio,46,F,3,Emergencias,Alta
EP00603,Consulta médica,2026-05-13 18:54:52,Dr_Emerge_02,,43,F,2,Emergencias,Alta
EP00676,Registro del paciente,2026-05-13 18:57:01,Admision_01,,31,F,2,Emergencias,Alta
EP01255,Triage,2026-05-13 19:05:50,Enf_Triage_01,,42,M,3,Medicina Interna,Hospitalización
EP01485,Registro del paciente,2026-05-13 19:09:37,Admision_02,,51,M,3,Emergencias,Alta
EP00676,Triage,2026-05-13 19:19:22,Enf_Triage_02,,31,F,2,Emergencias,Alta
EP00603,Tratamiento,2026-05-13 19:21:39,Enf_Emerge_02,,43,F,2,Emergencias,Alta
EP01485,Triage,2026-05-13 19:27:08,Enf_Triage_02,,51,M,3,Emergencias,Alta
EP00676,Consulta médica,2026-05-13 19:44:16,Dr_Emerge_02,,31,F,2,Emergencias,Alta
EP00603,Alta,2026-05-13 19:44:34,Dr_Emerge_02,,43,F,2,Emergencias,Alta
EP01148,Registro del paciente,2026-05-13 19:49:36,Admision_03,,47,F,5,Emergencias,Alta
EP01219,Consulta médica,2026-05-13 20:00:12,Dr_Emerge_01,,46,F,3,Emergencias,Alta
EP00676,Tratamiento,2026-05-13 20:11:55,Enf_Emerge_03,,31,F,2,Emergencias,Alta
EP01148,Triage,2026-05-13 20:34:14,Enf_Triage_03,,47,F,5,Emergencias,Alta
EP01219,Tratamiento,2026-05-13 20:45:20,Enf_Emerge_02,,46,F,3,Emergencias,Alta
EP00676,Alta,2026-05-13 21:15:29,Dr_Emerge_02,,31,F,2,Emergencias,Alta
EP01219,Alta,2026-05-13 21:41:09,Dr_Emerge_01,,46,F,3,Emergencias,Alta
EP01255,Consulta médica,2026-05-13 22:46:28,Dr_Medici_04,,42,M,3,Medicina Interna,Hospitalización
EP01255,Solicitud de examen,2026-05-13 23:06:43,Dr_Medici_04,Laboratorio,42,M,3,Medicina Interna,Hospitalización
EP01485,Consulta médica,2026-05-13 23:25:20,Dr_Emerge_01,,51,M,3,Emergencias,Alta
EP01255,Realización de examen,2026-05-14 00:00:06,Laboratorio_Clinico,Laboratorio,42,M,3,Medicina Interna,Hospitalización
EP01255,Evaluación de resultados,2026-05-14 00:43:09,Dr_Medici_04,Laboratorio,42,M,3,Medicina Interna,Hospitalización
EP01255,Solicitud de examen,2026-05-14 01:01:11,Dr_Medici_04,Laboratorio,42,M,3,Medicina Interna,Hospitalización
EP01485,Tratamiento,2026-05-14 01:09:24,Enf_Emerge_02,,51,M,3,Emergencias,Alta
EP01229,Registro del paciente,2026-05-14 01:45:16,Admision_02,,42,M,2,Medicina Interna,Alta
EP01255,Realización de examen,2026-05-14 02:07:55,Laboratorio_Clinico,Laboratorio,42,M,3,Medicina Interna,Hospitalización
EP01485,Alta,2026-05-14 02:15:05,Dr_Emerge_01,,51,M,3,Emergencias,Alta
EP01229,Triage,2026-05-14 02:20:32,Enf_Triage_01,,42,M,2,Medicina Interna,Alta
EP01148,Consulta médica,2026-05-14 03:23:46,Dr_Emerge_01,,47,F,5,Emergencias,Alta
EP01229,Consulta médica,2026-05-14 03:30:42,Dr_Medici_03,,42,M,2,Medicina Interna,Alta
EP01229,Solicitud de examen,2026-05-14 03:39:48,Dr_Medici_03,Laboratorio,42,M,2,Medicina Interna,Alta
EP01148,Solicitud de examen,2026-05-14 03:43:23,Dr_Emerge_01,Imagenología,47,F,5,Emergencias,Alta
EP01255,Evaluación de resultados,2026-05-14 04:12:52,Dr_Medici_04,Laboratorio,42,M,3,Medicina Interna,Hospitalización
EP01255,Solicitud de examen,2026-05-14 04:26:42,Dr_Medici_04,Laboratorio,42,M,3,Medicina Interna,Hospitalización
EP01229,Realización de examen,2026-05-14 04:57:17,Laboratorio_Clinico,Laboratorio,42,M,2,Medicina Interna,Alta
EP01148,Realización de examen,2026-05-14 05:20:59,Imagenologia,Imagenología,47,F,5,Emergencias,Alta
EP01209,Registro del paciente,2026-05-14 05:51:22,Admision_01,,13,F,3,Pediatría,Alta
EP01255,Realización de examen,2026-05-14 06:00:27,Laboratorio_Clinico,Laboratorio,42,M,3,Medicina Interna,Hospitalización
EP01209,Triage,2026-05-14 06:07:17,Enf_Triage_03,,13,F,3,Pediatría,Alta
EP01229,Evaluación de resultados,2026-05-14 06:24:51,Dr_Medici_03,Laboratorio,42,M,2,Medicina Interna,Alta
EP00564,Registro del paciente,2026-05-14 06:35:30,Admision_02,,51,F,3,Emergencias,Alta
EP01255,Evaluación de resultados,2026-05-14 06:41:58,Dr_Medici_04,Laboratorio,42,M,3,Medicina Interna,Hospitalización
EP01209,Consulta médica,2026-05-14 06:55:06,Dr_Pediat_04,,13,F,3,Pediatría,Alta
EP01229,Tratamiento,2026-05-14 07:00:30,Enf_Medici_02,,42,M,2,Medicina Interna,Alta
EP00564,Triage,2026-05-14 07:02:06,Enf_Triage_03,,51,F,3,Emergencias,Alta
EP01209,Tratamiento,2026-05-14 07:12:24,Enf_Pediat_03,,13,F,3,Pediatría,Alta
EP01255,Tratamiento,2026-05-14 07:43:34,Enf_Medici_02,,42,M,3,Medicina Interna,Hospitalización
EP01148,Evaluación de resultados,2026-05-14 07:57:52,Dr_Emerge_01,Imagenología,47,F,5,Emergencias,Alta
EP01229,Alta,2026-05-14 08:01:53,Dr_Medici_03,,42,M,2,Medicina Interna,Alta
EP01209,Alta,2026-05-14 08:26:15,Dr_Pediat_04,,13,F,3,Pediatría,Alta
EP00564,Consulta médica,2026-05-14 09:39:33,Dr_Emerge_04,,51,F,3,Emergencias,Alta
EP01255,Ingreso a hospitalización,2026-05-14 09:47:29,Gestion_Camas,,42,M,3,Medicina Interna,Hospitalización
EP00583,Registro del paciente,2026-05-14 10:10:46,Admision_02,,53,M,4,Emergencias,Alta
EP00564,Tratamiento,2026-05-14 10:19:31,Enf_Emerge_02,,51,F,3,Emergencias,Alta
EP00991,Registro del paciente,2026-05-14 10:31:59,Admision_02,,2,M,2,Pediatría,Alta
EP00583,Triage,2026-05-14 10:56:59,Enf_Triage_01,,53,M,4,Emergencias,Alta
EP00991,Triage,2026-05-14 11:00:30,Enf_Triage_03,,2,M,2,Pediatría,Alta
EP00991,Consulta médica,2026-05-14 11:38:14,Dr_Pediat_01,,2,M,2,Pediatría,Alta
EP00564,Alta,2026-05-14 12:00:01,Dr_Emerge_04,,51,F,3,Emergencias,Alta
EP01148,Interconsulta especialista,2026-05-14 12:10:50,Especialista_05,,47,F,5,Emergencias,Alta
EP00991,Tratamiento,2026-05-14 12:29:54,Enf_Pediat_02,,2,M,2,Pediatría,Alta
EP01148,Tratamiento,2026-05-14 13:30:09,Enf_Emerge_01,,47,F,5,Emergencias,Alta
EP00991,Alta,2026-05-14 13:35:43,Dr_Pediat_01,,2,M,2,Pediatría,Alta
EP00448,Registro del paciente,2026-05-14 14:07:41,Admision_01,,55,F,4,Emergencias,Alta
EP01148,Alta,2026-05-14 14:15:14,Dr_Emerge_01,,47,F,5,Emergencias,Alta
EP00448,Triage,2026-05-14 14:32:02,Enf_Triage_02,,55,F,4,Emergencias,Alta
EP00583,Consulta médica,2026-05-14 14:43:04,Dr_Emerge_04,,53,M,4,Emergencias,Alta
EP01121,Registro del paciente ,2026-05-14 14:45:49,Admision_03,,37,M,3,Traumatología,Alta
EP01121,Triage,2026-05-14 15:23:17,Enf_Triage_03,,37,M,3,Traumatología,Alta
EP00448,Consulta médica,2026-05-14 16:19:27,Dr_Emerge_02,,55,F,4,Emergencias,Alta
EP01463,Registro del paciente,2026-05-14 16:50:20,Admision_02,,2,F,4,Pediatría,Alta
EP00448,Tratamiento,2026-05-14 17:14:06,Enf_Emerge_02,,55,F,4,Emergencias,Alta
EP01121,Consulta médica,2026-05-14 17:20:43,Dr_Trauma_02,,37,M,3,Traumatología,Alta
EP00230,Registro del paciente,2026-05-14 17:29:59,Admision_03,,57,F,3,Traumatología,Alta
EP01121,Solicitud de examen,2026-05-14 17:39:35,Dr_Trauma_02,Imagenología,37,M,3,Traumatología,Alta
EP01463,Triage,2026-05-14 17:58:39,Enf_Triage_01,,2,F,4,Pediatría,Alta
EP00448,Alta,2026-05-14 18:17:50,Dr_Emerge_02,,55,F,4,Emergencias,Alta
EP00230,Triage,2026-05-14 18:24:55,Enf_Triage_02,,57,F,3,Traumatología,Alta
EP00529,Registro del paciente,2026-05-14 18:48:25,Admision_03,,15,F,5,Traumatología,Alta
EP00281,Registro del paciente,2026-05-14 18:52:41,Admision_01,,34,M,4,Emergencias,Alta
EP00281,Triage,2026-05-14 19:28:11,Enf_Triage_01,,34,M,4,Emergencias,Alta
EP00583,Consulta médica,2026-05-14 19:37:20,Dr_Emerge_04,,53,M,4,Emergencias,Alta
EP00529,Triage,2026-05-14 19:54:28,Enf_Triage_01,,15,F,5,Traumatología,Alta
EP00583,Tratamiento,2026-05-14 20:21:28,Enf_Emerge_03,,53,M,4,Emergencias,Alta
EP01463,Consulta médica,2026-05-14 20:21:39,Dr_Pediat_04,,2,F,4,Pediatría,Alta
EP00230,Consulta médica,2026-05-14 20:43:30,Dr_Trauma_01,,57,F,3,Traumatología,Alta
EP01463,Tratamiento,2026-05-14 20:57:41,Enf_Pediat_04,,2,F,4,Pediatría,Alta
EP00583,Alta,2026-05-14 21:11:33,Dr_Emerge_04,,53,M,4,Emergencias,Alta
EP00230,Tratamiento,2026-05-14 21:16:30,Enf_Trauma_01,,57,F,3,Traumatología,Alta
EP00283,Registro del paciente,2026-05-14 22:11:14,Admision_01,,35,M,2,Emergencias,Alta
EP01463,Alta,2026-05-14 22:18:35,Dr_Pediat_04,,2,F,4,Pediatría,Alta
EP00230,Alta,2026-05-14 22:28:39,Dr_Trauma_01,,57,F,3,Traumatología,Alta
EP00283,Triage,2026-05-14 23:07:56,Enf_Triage_03,,35,M,2,Emergencias,Alta
EP00430,Registro del paciente,2026-05-14 23:32:12,Admision_03,,72,M,3,Emergencias,Alta
EP00582,Registro del paciente,2026-05-15 00:00:26,Admision_02,,28,F,3,Medicina Interna,Alta
EP00430,Triage,2026-05-15 00:02:36,Enf_Triage_02,,72,M,3,Emergencias,Alta
EP00529,Consulta médica,2026-05-15 00:04:09,Dr_Trauma_01,,15,F,5,Traumatología,Alta
EP00529,Solicitud de examen,2026-05-15 00:20:23,Dr_Trauma_01,Imagenología,15,F,5,Traumatología,Alta
EP00582,Triage,2026-05-15 00:25:04,Enf_Triage_01,,28,F,3,Medicina Interna,Alta
EP00283,Consulta médica,2026-05-15 00:34:45,Dr_Emerge_01,,35,M,2,Emergencias,Alta
EP01121,Realización de examen,2026-05-15 01:31:13,Imagenologia,Imagenología,37,M,3,Traumatología,Alta
EP00283,Tratamiento,2026-05-15 01:35:32,Enf_Emerge_01,,35,M,2,Emergencias,Alta
EP00582,Consulta médica,2026-05-15 01:49:00,Dr_Medici_01,,28,F,3,Medicina Interna,Alta
EP00582,Solicitud de examen,2026-05-15 02:01:22,Dr_Medici_01,Laboratorio,28,F,3,Medicina Interna,Alta
EP00283,Alta,2026-05-15 02:32:31,Dr_Emerge_01,,35,M,2,Emergencias,Alta
EP00582,Realización de examen,2026-05-15 02:55:56,Laboratorio_Clinico,Laboratorio,28,F,3,Medicina Interna,Alta
EP00778,Registro del paciente,2026-05-15 03:14:38,Admision_02,,0,F,3,Pediatría,Alta
EP01121,Evaluación de resultados,2026-05-15 03:30:14,Dr_Trauma_02,Imagenología,37,M,3,Traumatología,Alta
EP00778,Triage,2026-05-15 03:52:51,Enf_Triage_03,,0,F,3,Pediatría,Alta
EP00430,Consulta médica,2026-05-15 04:10:53,Dr_Emerge_04,,72,M,3,Emergencias,Alta
EP01121,Tratamiento,2026-05-15 04:12:44,Enf_Trauma_01,,37,M,3,Traumatología,Alta
EP00790,Registro del paciente,2026-05-15 04:25:27,Admision_01,,15,M,3,Traumatología,Hospitalización
EP00790,Triage,2026-05-15 04:46:43,Enf_Triage_02,,15,M,3,Traumatología,Hospitalización
EP01121,Alta,2026-05-15 05:16:51,Dr_Trauma_02,,37,M,3,Traumatología,Alta
EP00325,Registro del paciente,2026-05-15 05:47:05,Admision_03,,10,M,3,Pediatría,Alta
EP00529,Realización de examen,2026-05-15 06:02:22,Imagenologia,Imagenología,15,F,5,Traumatología,Alta
EP00778,Consulta médica,2026-05-15 06:13:22,Dr_Pediat_03,,0,F,3,Pediatría,Alta
EP00778,Tratamiento,2026-05-15 06:31:54,Enf_Pediat_01,,0,F,3,Pediatría,Alta
EP00325,Triage,2026-05-15 06:35:24,Enf_Triage_01,,10,M,3,Pediatría,Alta
EP00582,Evaluación de resultados,2026-05-15 06:41:40,Dr_Medici_01,Laboratorio,28,F,3,Medicina Interna,Alta
EP00582,Tratamiento,2026-05-15 07:07:44,Enf_Medici_03,,28,F,3,Medicina Interna,Alta
EP00529,Evaluación de resultados,2026-05-15 07:49:09,Dr_Trauma_01,Imagenología,15,F,5,Traumatología,Alta
EP00778,Alta,2026-05-15 07:52:46,Dr_Pediat_03,,0,F,3,Pediatría,Alta
EP00281,Consulta médica,2026-05-15 07:59:54,Dr_Emerge_01,,34,M,4,Emergencias,Alta
EP00529,Tratamiento,2026-05-15 08:07:47,Enf_Trauma_04,,15,F,5,Traumatología,Alta
EP00582,Alta,2026-05-15 08:40:15,Dr_Medici_01,,28,F,3,Medicina Interna,Alta
EP01362,Registro del paciente,2026-05-15 08:46:28,Admision_01,,77,M,3,Medicina Interna,Alta
EP00325,Consulta médica,2026-05-15 08:51:38,Dr_Pediat_01,,10,M,3,Pediatría,Alta
EP00430,Consulta médica,2026-05-15 08:53:41,Dr_Emerge_04,,72,M,3,Emergencias,Alta
EP00055,Registro del paciente,2026-05-15 09:09:44,Admision_01,,15,F,3,Emergencias,Alta
EP01362,Triage,2026-05-15 09:16:50,Enf_Triage_01,,77,M,3,Medicina Interna,Alta
EP00055,Triage,2026-05-15 09:39:36,Enf_Triage_01,,15,F,3,Emergencias,Alta
EP00529,Alta,2026-05-15 09:57:04,Dr_Trauma_01,,15,F,5,Traumatología,Alta
EP00325,Tratamiento,2026-05-15 09:59:10,Enf_Pediat_03,,10,M,3,Pediatría,Alta
EP00281,Consulta médica,2026-05-15 10:13:29,Dr_Emerge_01,,34,M,4,Emergencias,Alta
EP01307,Registro del paciente,2026-05-15 10:19:54,Admision_02,,53,M,3,Emergencias,Alta
EP00430,Interconsulta especialista,2026-05-15 10:22:08,Especialista_01,,72,M,3,Emergencias,Alta
EP00325,Alta,2026-05-15 10:36:45,Dr_Pediat_01,,10,M,3,Pediatría,Alta
EP00055,Consulta médica,2026-05-15 10:45:31,Dr_Emerge_03,,15,F,3,Emergencias,Alta
EP00430,Tratamiento,2026-05-15 10:51:51,Enf_Emerge_03,,72,M,3,Emergencias,Alta
EP00055,Solicitud de examen,2026-05-15 10:56:58,Dr_Emerge_03,Imagenología,15,F,3,Emergencias,Alta
EP01307,Triage,2026-05-15 10:57:33,Enf_Triage_02,,53,M,3,Emergencias,Alta
EP00281,Tratamiento,2026-05-15 11:09:17,Enf_Emerge_01,,34,M,4,Emergencias,Alta
EP00790,Consulta médica,2026-05-15 11:39:04,Dr_Trauma_01,,15,M,3,Traumatología,Hospitalización
EP00790,Solicitud de examen,2026-05-15 11:45:55,Dr_Trauma_01,Imagenología,15,M,3,Traumatología,Hospitalización
EP00281,Alta,2026-05-15 11:58:59,Dr_Emerge_01,,34,M,4,Emergencias,Alta
EP01362,Consulta médica,2026-05-15 11:59:29,Dr_Medici_02,,77,M,3,Medicina Interna,Alta
EP01307,Consulta médica,2026-05-15 12:02:59,Dr_Emerge_04,,53,M,3,Emergencias,Alta
EP01362,Solicitud de examen,2026-05-15 12:26:48,Dr_Medici_02,Laboratorio,77,M,3,Medicina Interna,Alta
EP00430,Alta,2026-05-15 12:35:30,Dr_Emerge_04,,72,M,3,Emergencias,Alta
EP01307,Tratamiento,2026-05-15 12:50:04,Enf_Emerge_01,,53,M,3,Emergencias,Alta
EP01307,Alta,2026-05-15 13:19:19,Dr_Emerge_04,,53,M,3,Emergencias,Alta
EP01362,Realización de examen,2026-05-15 14:16:47,Laboratorio_Clinico,Laboratorio,77,M,3,Medicina Interna,Alta
EP01362,Evaluación de resultados,2026-05-15 14:57:09,Dr_Medici_02,Laboratorio,77,M,3,Medicina Interna,Alta
EP00055,Realización de examen,2026-05-15 15:06:57,Imagenologia,Imagenología,15,F,3,Emergencias,Alta
EP00790,Realización de examen,2026-05-15 15:59:42,Imagenologia,Imagenología,15,M,3,Traumatología,Hospitalización
EP00813,Registro del paciente,2026-05-15 16:53:55,Admision_02,,15,F,3,Emergencias,Alta
EP00768,Registro del paciente,2026-05-15 16:54:06,Admision_02,,74,M,4,Emergencias,Hospitalización
EP00907,Registro del paciente,2026-05-15 17:07:02,Admision_02,,51,M,3,Medicina Interna,Hospitalización
EP00055,Evaluación de resultados,2026-05-15 17:11:58,Dr_Emerge_03,Imagenología,15,F,3,Emergencias,Alta
EP00790,Evaluación de resultados,2026-05-15 17:16:51,Dr_Trauma_01,Imagenología,15,M,3,Traumatología,Hospitalización
EP00768,Triage,2026-05-15 17:17:57,Enf_Triage_01,,74,M,4,Emergencias,Hospitalización
EP00813,Triage,2026-05-15 17:20:22,Enf_Triage_01,,15,F,3,Emergencias,Alta
EP00907,Triage,2026-05-15 17:34:51,Enf_Triage_02,,51,M,3,Medicina Interna,Hospitalización
EP01362,Consulta médica,2026-05-15 17:49:44,Dr_Medici_02,,77,M,3,Medicina Interna,Alta
EP00790,Tratamiento,2026-05-15 18:01:29,Enf_Trauma_01,,15,M,3,Traumatología,Hospitalización
EP00055,Solicitud de examen,2026-05-15 18:07:34,Dr_Emerge_03,Laboratorio,15,F,3,Emergencias,Alta
EP00813,Consulta médica,2026-05-15 18:20:21,Dr_Emerge_04,,15,F,3,Emergencias,Alta
EP00813,Solicitud de examen,2026-05-15 18:29:19,Dr_Emerge_04,Laboratorio,15,F,3,Emergencias,Alta
EP00055,Realización de examen,2026-05-15 18:35:08,Laboratorio_Clinico,Laboratorio,15,F,3,Emergencias,Alta
EP01362,Tratamiento,2026-05-15 18:43:25,Enf_Medici_01,,77,M,3,Medicina Interna,Alta
EP00907,Consulta médica,2026-05-15 18:44:56,Dr_Medici_02,,51,M,3,Medicina Interna,Hospitalización
EP00055,Evaluación de resultados,2026-05-15 19:07:13,Dr_Emerge_03,Laboratorio,15,F,3,Emergencias,Alta
EP00907,Tratamiento,2026-05-15 19:32:19,Enf_Medici_01,,51,M,3,Medicina Interna,Hospitalización
EP00055,Tratamiento,2026-05-15 19:43:17,Enf_Emerge_04,,15,F,3,Emergencias,Alta
EP00768,Consulta médica,2026-05-15 19:43:23,Dr_Emerge_01,,74,M,4,Emergencias,Hospitalización
EP01024,Registro del paciente,2026-05-15 19:44:27,Admision_03,,53,M,4,Medicina Interna,Alta
EP00813,Realización de examen,2026-05-15 19:51:09,Laboratorio_Clinico,Laboratorio,15,F,3,Emergencias,Alta
EP01362,Alta,2026-05-15 19:52:04,Dr_Medici_02,,77,M,3,Medicina Interna,Alta
EP00193,Registro del paciente,2026-05-15 20:08:22,Admision_01,,56,F,3,Emergencias,Traslado
EP00790,Ingreso a hospitalización,2026-05-15 20:24:26,Gestion_Camas,,15,M,3,Traumatología,Hospitalización
EP00193,Triage,2026-05-15 20:24:39,Enf_Triage_02,,56,F,3,Emergencias,Traslado
EP00055,Alta,2026-05-15 20:26:44,Dr_Emerge_03,,15,F,3,Emergencias,Alta
EP00813,Evaluación de resultados,2026-05-15 20:36:47,Dr_Emerge_04,Laboratorio,15,F,3,Emergencias,Alta
EP00813,Solicitud de examen,2026-05-15 20:45:36,Dr_Emerge_04,Laboratorio,15,F,3,Emergencias,Alta
EP01024,Triage,2026-05-15 20:46:00,Enf_Triage_01,,53,M,4,Medicina Interna,Alta
EP00813,Realización de examen,2026-05-15 22:01:06,Laboratorio_Clinico,Laboratorio,15,F,3,Emergencias,Alta
EP00768,Consulta médica,2026-05-15 22:47:16,Dr_Emerge_01,,74,M,4,Emergencias,Hospitalización
EP00813,Evaluación de resultados,2026-05-15 23:08:27,Dr_Emerge_04,Laboratorio,15,F,3,Emergencias,Alta
EP00768,Tratamiento,2026-05-15 23:21:02,Enf_Emerge_03,,74,M,4,Emergencias,Hospitalización
EP00813,Solicitud de examen,2026-05-15 23:28:20,Dr_Emerge_04,Laboratorio,15,F,3,Emergencias,Alta
EP00813,Realización de examen,2026-05-16 00:29:45,Laboratorio_Clinico,Laboratorio,15,F,3,Emergencias,Alta
EP00907,Ingreso a hospitalización,2026-05-16 01:36:39,Gestion_Camas,,51,M,3,Medicina Interna,Hospitalización
EP00813,Evaluación de resultados,2026-05-16 01:47:45,Dr_Emerge_04,Laboratorio,15,F,3,Emergencias,Alta
EP00193,Consulta médica,2026-05-16 01:54:24,Dr_Emerge_04,,56,F,3,Emergencias,Traslado
EP00193,Solicitud de examen,2026-05-16 02:10:18,Dr_Emerge_04,Imagenología,56,F,3,Emergencias,Traslado
EP00768,Ingreso a hospitalización,2026-05-16 02:33:32,Gestion_Camas,,74,M,4,Emergencias,Hospitalización
EP00813,Consulta médica,2026-05-16 02:50:17,Dr_Emerge_04,,15,F,3,Emergencias,Alta
EP00813,Tratamiento,2026-05-16 03:50:52,Enf_Emerge_03,,15,F,3,Emergencias,Alta
EP01024,Consulta médica,2026-05-16 04:08:13,Dr_Medici_02,,53,M,4,Medicina Interna,Alta
EP00813,Alta,2026-05-16 04:33:59,Dr_Emerge_04,,15,F,3,Emergencias,Alta
EP01024,Tratamiento,2026-05-16 04:48:44,Enf_Medici_02,,53,M,4,Medicina Interna,Alta
EP01024,Alta,2026-05-16 06:00:39,Dr_Medici_02,,53,M,4,Medicina Interna,Alta
EP00975,Registro del paciente,2026-05-16 09:01:11,Admision_01,,43,F,3,Medicina Interna,Alta
EP00975,Triage,2026-05-16 09:36:47,Enf_Triage_03,,43,F,3,Medicina Interna,Alta
EP01370,Registro del paciente,2026-05-16 11:04:14,Admision_02,,76,M,3,Traumatología,Traslado
EP00975,Consulta médica,2026-05-16 11:18:14,Dr_Medici_02,,43,F,3,Medicina Interna,Alta
EP01370,Triage,2026-05-16 11:23:36,Enf_Triage_01,,76,M,3,Traumatología,Traslado
EP00193,Realización de examen,2026-05-16 11:49:52,Imagenologia,Imagenología,56,F,3,Emergencias,Traslado
EP00975,Tratamiento,2026-05-16 12:04:52,Enf_Medici_04,,43,F,3,Medicina Interna,Alta
EP00193,Evaluación de resultados,2026-05-16 12:21:01,Dr_Emerge_04,Imagenología,56,F,3,Emergencias,Traslado
EP00193,Solicitud de examen,2026-05-16 12:29:07,Dr_Emerge_04,Laboratorio,56,F,3,Emergencias,Traslado
EP00975,Alta,2026-05-16 13:09:37,Dr_Medici_02,,43,F,3,Medicina Interna,Alta
EP00193,Realización de examen,2026-05-16 13:15:21,Laboratorio_Clinico,Laboratorio,56,F,3,Emergencias,Traslado
EP01370,Consulta médica,2026-05-16 13:32:27,Dr_Trauma_01,,76,M,3,Traumatología,Traslado
EP00193,Evaluación de resultados,2026-05-16 13:54:58,Dr_Emerge_04,Laboratorio,56,F,3,Emergencias,Traslado
EP00193,Tratamiento,2026-05-16 14:32:07,Enf_Emerge_03,,56,F,3,Emergencias,Traslado
EP01037,Registro del paciente,2026-05-16 15:25:09,Admision_01,,44,M,4,Medicina Interna,Hospitalización
EP00215,Registro del paciente,2026-05-16 15:54:58,Admision_02,,30,M,3,Medicina Interna,Alta
EP01238,Registro del paciente,2026-05-16 15:58:32,Admision_01,,27,M,3,Emergencias,Alta
EP01037,Triage,2026-05-16 16:11:53,Enf_Triage_02,,44,M,4,Medicina Interna,Hospitalización
EP00193,Traslado a otro centro,2026-05-16 16:27:07,Admision_01,,56,F,3,Emergencias,Traslado
EP00215,Triage,2026-05-16 16:42:55,Enf_Triage_03,,30,M,3,Medicina Interna,Alta
EP01238,Triage,2026-05-16 16:45:34,Enf_Triage_01,,27,M,3,Emergencias,Alta
EP00197,Registro del paciente,2026-05-16 17:12:46,Admision_02,,34,F,3,Emergencias,Alta
EP01339,Registro del paciente,2026-05-16 17:36:00,Admision_02,,50,M,4,Emergencias,Alta
EP00008,Registro del paciente,2026-05-16 17:39:40,Admision_02,,54,M,3,Medicina Interna,Alta
EP00197,Triage,2026-05-16 17:41:56,Enf_Triage_02,,34,F,3,Emergencias,Alta
EP00008,Triage,2026-05-16 18:06:09,Enf_Triage_02,,54,M,3,Medicina Interna,Alta
EP00215,Consulta médica,2026-05-16 18:09:16,Dr_Medici_03,,30,M,3,Medicina Interna,Alta
EP00119,Registro del paciente,2026-05-16 18:09:39,Admision_03,,85,M,3,Emergencias,Traslado
EP01238,Consulta médica,2026-05-16 18:11:08,Dr_Emerge_04,,27,M,3,Emergencias,Alta
EP00215,Solicitud de examen,2026-05-16 18:21:27,Dr_Medici_03,Laboratorio,30,M,3,Medicina Interna,Alta
EP00119,Triage,2026-05-16 18:27:28,Enf_Triage_03,,85,M,3,Emergencias,Traslado
EP00820,Registro del paciente,2026-05-16 18:44:08,Admision_02,,1,F,3,Pediatría,Alta
EP01339,Triage,2026-05-16 19:01:21,Enf_Triage_02,,50,M,4,Emergencias,Alta
EP01339,Triage,2026-05-16 19:01:21,Enf_Triage_02,,50,M,4,Emergencias,Alta
EP00008,Consulta médica,2026-05-16 19:06:33,Dr_Medici_02,,54,M,3,Medicina Interna,Alta
EP00008,Solicitud de examen,2026-05-16 19:28:24,Dr_Medici_02,Imagenología,54,M,3,Medicina Interna,Alta
EP00215,Realización de examen,2026-05-16 19:28:28,Laboratorio_Clinico,Laboratorio,30,M,3,Medicina Interna,Alta
EP01238,Tratamiento,2026-05-16 19:35:21,Enf_Emerge_04,,27,M,3,Emergencias,Alta
EP00820,Triage,2026-05-16 19:40:43,Enf_Triage_02,,1,F,3,Pediatría,Alta
EP00119,Consulta médica,2026-05-16 20:06:58,Dr_Emerge_02,,85,M,3,Emergencias,Traslado
EP00215,Evaluación de resultados,2026-05-16 20:29:13,Dr_Medici_03,Laboratorio,30,M,3,Medicina Interna,Alta
EP01339,Consulta médica,2026-05-16 21:19:54,Dr_Emerge_01,,50,M,4,Emergencias,Alta
EP00119,Consulta médica,2026-05-16 21:30:59,Dr_Emerge_02,,85,M,3,Emergencias,Traslado
EP01238,Alta,2026-05-16 21:34:13,Dr_Emerge_04,,27,M,3,Emergencias,Alta
EP00820,Consulta médica,2026-05-16 21:38:37,Dr_Pediat_04,,1,F,3,Pediatría,Alta
EP00119,Tratamiento,2026-05-16 22:02:36,Enf_Emerge_02,,85,M,3,Emergencias,Traslado
EP00820,Tratamiento,2026-05-16 22:07:53,Enf_Pediat_03,,1,F,3,Pediatría,Alta
EP01339,Tratamiento,2026-05-16 22:08:01,Enf_Emerge_04,,50,M,4,Emergencias,Alta
EP01370,Interconsulta especialista,2026-05-16 22:27:00,Especialista_02,,76,M,3,Traumatología,Traslado
EP01339,Alta,2026-05-16 23:00:51,Dr_Emerge_01,,50,M,4,Emergencias,Alta
EP00820,Alta,2026-05-16 23:08:50,Dr_Pediat_04,,1,F,3,Pediatría,Alta
EP01370,Tratamiento,2026-05-16 23:10:15,Enf_Trauma_04,,76,M,3,Traumatología,Traslado
EP00197,Consulta médica,2026-05-16 23:17:54,Dr_Emerge_03,,34,F,3,Emergencias,Alta
EP01037,Consulta médica,2026-05-16 23:53:23,Dr_Medici_03,,44,M,4,Medicina Interna,Hospitalización
EP01037,Solicitud de examen,2026-05-17 00:01:42,Dr_Medici_03,Laboratorio,44,M,4,Medicina Interna,Hospitalización
EP00215,Consulta médica,2026-05-17 00:17:41,Dr_Medici_03,,30,M,3,Medicina Interna,Alta
EP00197,Tratamiento,2026-05-17 00:21:26,Enf_Emerge_03,,34,F,3,Emergencias,Alta
EP01037,Realización de examen,2026-05-17 01:08:24,Laboratorio_Clinico,Laboratorio,44,M,4,Medicina Interna,Hospitalización
EP00197,Alta,2026-05-17 01:21:15,Dr_Emerge_03,,34,F,3,Emergencias,Alta
EP00215,Tratamiento,2026-05-17 01:28:38,Enf_Medici_03,,30,M,3,Medicina Interna,Alta
EP01037,Evaluación de resultados,2026-05-17 01:49:14,Dr_Medici_03,Laboratorio,44,M,4,Medicina Interna,Hospitalización
EP01037,Tratamiento,2026-05-17 02:40:11,Enf_Medici_03,,44,M,4,Medicina Interna,Hospitalización
EP00119,Traslado a otro centro,2026-05-17 02:56:34,Admision_01,,85,M,3,Emergencias,Traslado
EP00215,Alta,2026-05-17 03:28:22,Dr_Medici_03,,30,M,3,Medicina Interna,Alta
EP01370,Traslado a otro centro,2026-05-17 05:27:40,Admision_01,,76,M,3,Traumatología,Traslado
EP00008,Realización de examen,2026-05-17 05:42:38,Imagenologia,Imagenología,54,M,3,Medicina Interna,Alta
EP00008,Evaluación de resultados,2026-05-17 06:30:51,Dr_Medici_02,Imagenología,54,M,3,Medicina Interna,Alta
EP00008,Tratamiento,2026-05-17 06:52:10,Enf_Medici_01,,54,M,3,Medicina Interna,Alta
EP00223,Registro del paciente,2026-05-17 07:20:26,Admision_03,,88,F,3,Emergencias,Alta
EP00223,Triage,2026-05-17 07:31:07,Enf_Triage_01,,88,F,3,Emergencias,Alta
EP00008,Alta,2026-05-17 07:43:06,Dr_Medici_02,,54,M,3,Medicina Interna,Alta
EP00442,Registro del paciente,2026-05-17 08:38:20,Admision_03,,14,F,2,Pediatría,Alta
EP00223,Consulta médica,2026-05-17 08:54:47,Dr_Emerge_01,,88,F,3,Emergencias,Alta
EP00442,Triage,2026-05-17 08:59:33,Enf_Triage_02,,14,F,2,Pediatría,Alta
EP00442,Consulta médica,2026-05-17 09:10:11,Dr_Pediat_02,,14,F,2,Pediatría,Alta
EP00223,Consulta médica,2026-05-17 10:20:55,Dr_Emerge_01,,88,F,3,Emergencias,Alta
EP00223,Tratamiento,2026-05-17 11:00:25,Enf_Emerge_02,,88,F,3,Emergencias,Alta
EP00896,Registro del paciente,2026-05-17 11:06:07,Admision_01,,39,F,3,Medicina Interna,Hospitalización
EP00442,Consulta médica,2026-05-17 11:10:14,Dr_Pediat_02,,14,F,2,Pediatría,Alta
EP00896,Triage,2026-05-17 11:38:51,Enf_Triage_03,,39,F,3,Medicina Interna,Hospitalización
EP00223,Alta,2026-05-17 12:09:00,Dr_Emerge_01,,88,F,3,Emergencias,Alta
EP00442,Tratamiento,2026-05-17 12:09:16,Enf_Pediat_03,,14,F,2,Pediatría,Alta
EP00896,Consulta médica,2026-05-17 12:38:23,Dr_Medici_02,,39,F,3,Medicina Interna,Hospitalización
EP00442,Alta,2026-05-17 12:39:55,Dr_Pediat_02,,14,F,2,Pediatría,Alta
EP00896,Solicitud de examen,2026-05-17 13:08:47,Dr_Medici_02,Laboratorio,39,F,3,Medicina Interna,Hospitalización
EP01246,Registro del paciente,2026-05-17 13:39:27,Admision_03,,15,F,5,Traumatología,Alta
EP00896,Realización de examen,2026-05-17 14:00:49,Laboratorio_Clinico,Laboratorio,39,F,3,Medicina Interna,Hospitalización
EP01246,Triage,2026-05-17 14:32:26,Enf_Triage_01,,15,F,5,Traumatología,Alta
EP01309,Registro del paciente,2026-05-17 14:50:11,Admision_02,,65,M,5,Traumatología,Alta
EP00896,Evaluación de resultados,2026-05-17 15:09:14,Dr_Medici_02,Laboratorio,39,F,3,Medicina Interna,Hospitalización
EP01037,Ingreso a hospitalización,2026-05-17 15:13:06,Gestion_Camas,,44,M,4,Medicina Interna,Hospitalización
EP01309,Triage,2026-05-17 15:21:09,Enf_Triage_03,,65,M,5,Traumatología,Alta
EP01246,Consulta médica,2026-05-17 16:18:40,Dr_Trauma_04,,15,F,5,Traumatología,Alta
EP01388,Registro del paciente,2026-05-17 16:19:49,Admision_03,,54,M,3,Traumatología,Alta
EP00896,Tratamiento,2026-05-17 16:32:32,Enf_Medici_04,,39,F,3,Medicina Interna,Hospitalización
EP01388,Triage,2026-05-17 16:59:49,Enf_Triage_03,,54,M,3,Traumatología,Alta
EP00370,Registro del paciente,2026-05-17 17:08:38,Admision_03,,36,M,3,Medicina Interna,Alta
EP01246,Tratamiento,2026-05-17 17:11:49,Enf_Trauma_03,,15,F,5,Traumatología,Alta
EP01246,Alta,2026-05-17 17:42:55,Dr_Trauma_04,,15,F,5,Traumatología,Alta
EP00370,Triage,2026-05-17 17:45:45,Enf_Triage_03,,36,M,3,Medicina Interna,Alta
EP01388,Consulta médica,2026-05-17 17:59:16,Dr_Trauma_01,,54,M,3,Traumatología,Alta
EP01388,Solicitud de examen,2026-05-17 18:06:15,Dr_Trauma_01,Imagenología,54,M,3,Traumatología,Alta
EP00370,Consulta médica,2026-05-17 19:06:39,Dr_Medici_02,,36,M,3,Medicina Interna,Alta
EP01309,Consulta médica,2026-05-17 19:09:15,Dr_Trauma_02,,65,M,5,Traumatología,Alta
EP00370,Solicitud de examen,2026-05-17 19:13:37,Dr_Medici_02,Imagenología,36,M,3,Medicina Interna,Alta
EP01145,Registro del paciente,2026-05-17 19:57:01,Admision_03,,68,F,4,Emergencias,Alta
EP01309,Tratamiento,2026-05-17 20:11:09,Enf_Trauma_03,,65,M,5,Traumatología,Alta
EP01145,Triage,2026-05-17 20:33:09,Enf_Triage_03,,68,F,4,Emergencias,Alta
EP00896,Ingreso a hospitalización,2026-05-17 21:52:34,Gestion_Camas,,39,F,3,Medicina Interna,Hospitalización
EP01309,Alta,2026-05-17 22:14:05,Dr_Trauma_02,,65,M,5,Traumatología,Alta
EP01145,Consulta médica,2026-05-18 00:26:50,Dr_Emerge_01,,68,F,4,Emergencias,Alta
EP01145,Tratamiento,2026-05-18 01:10:22,Enf_Emerge_04,,68,F,4,Emergencias,Alta
EP01145,Alta,2026-05-18 01:56:56,Dr_Emerge_01,,68,F,4,Emergencias,Alta
EP00370,Realización de examen,2026-05-18 05:33:15,Imagenologia,Imagenología,36,M,3,Medicina Interna,Alta
EP00370,Evaluación de resultados,2026-05-18 07:48:02,Dr_Medici_02,Imagenología,36,M,3,Medicina Interna,Alta
EP00342,Registro del paciente,2026-05-18 09:56:57,Admision_02,,60,F,3,Emergencias,Alta
EP00342,Triage,2026-05-18 10:26:25,Enf_Triage_01,,60,F,3,Emergencias,Alta
EP00370,Consulta médica,2026-05-18 10:31:16,Dr_Medici_02,,36,M,3,Medicina Interna,Alta
EP00370,Tratamiento,2026-05-18 11:07:24,Enf_Medici_02,,36,M,3,Medicina Interna,Alta
EP00342,Consulta médica,2026-05-18 11:22:46,Dr_Emerge_01,,60,F,3,Emergencias,Alta
EP00342,Tratamiento,2026-05-18 11:55:50,Enf_Emerge_01,,60,F,3,Emergencias,Alta
EP00370,Alta,2026-05-18 11:56:59,Dr_Medici_02,,36,M,3,Medicina Interna,Alta
EP00342,Alta,2026-05-18 12:51:47,Dr_Emerge_01,,60,F,3,Emergencias,Alta
EP00518,Registro del paciente,2026-05-18 13:04:11,Admision_02,,80,F,4,Medicina Interna,Hospitalización
EP00518,Triage,2026-05-18 13:36:31,Enf_Triage_02,,80,F,4,Medicina Interna,Hospitalización
EP01498,Registro del paciente,2026-05-18 14:22:14,Admision_03,,18,F,4,Emergencias,Alta
EP01147,Registro del paciente,2026-05-18 14:35:55,Admision_02,,40,F,5,Emergencias,Alta
EP00330,Registro del paciente,2026-05-18 14:47:58,Admision_02,,55,M,3,Emergencias,Alta
EP01498,Triage,2026-05-18 15:01:29,Enf_Triage_01,,18,F,4,Emergencias,Alta
EP01147,Triage,2026-05-18 15:07:59,Enf_Triage_02,,40,F,5,Emergencias,Alta
EP00330,Triage,2026-05-18 15:09:50,Enf_Triage_02,,55,M,3,Emergencias,Alta
EP01421,Registro del paciente,2026-05-18 15:48:31,Admision_02,,40,M,3,Emergencias,Alta
EP01405,Registro del paciente,2026-05-18 15:53:48,Admision_03,,91,F,5,Emergencias,Alta
EP00513,Registro del paciente,2026-05-18 15:54:42,Admision_03,,31,M,5,Medicina Interna,Alta
EP01421,Triage,2026-05-18 16:13:00,Enf_Triage_02,,40,M,3,Emergencias,Alta
EP00330,Consulta médica,2026-05-18 16:21:13,Dr_Emerge_02,,55,M,3,Emergencias,Alta
EP00513,Triage,2026-05-18 16:50:08,Enf_Triage_01,,31,M,5,Medicina Interna,Alta
EP00330,Tratamiento,2026-05-18 16:57:09,Enf_Emerge_04,,55,M,3,Emergencias,Alta
EP01498,Consulta médica,2026-05-18 16:59:54,Dr_Emerge_03,,18,F,4,Emergencias,Alta
EP01405,Triage,2026-05-18 17:05:03,Enf_Triage_03,,91,F,5,Emergencias,Alta
EP01052,Registro del paciente,2026-05-18 17:43:59,Admision_03,,25,M,3,Traumatología,Alta
EP01498,Tratamiento,2026-05-18 17:46:28,Enf_Emerge_03,,18,F,4,Emergencias,Alta
EP01052,Triage,2026-05-18 17:56:27,Enf_Triage_03,,25,M,3,Traumatología,Alta
EP01388,Realización de examen,2026-05-18 18:14:37,Imagenologia,Imagenología,54,M,3,Traumatología,Alta
EP00330,Alta,2026-05-18 18:15:22,Dr_Emerge_02,,55,M,3,Emergencias,Alta
EP01421,Consulta médica,2026-05-18 18:16:09,Dr_Emerge_02,,40,M,3,Emergencias,Alta
EP01147,Consulta médica,2026-05-18 18:36:59,Dr_Emerge_02,,40,F,5,Emergencias,Alta
EP01227,Registro del paciente,2026-05-18 18:37:07,Admision_03,,23,M,2,Emergencias,Alta
EP00518,Consulta médica,2026-05-18 18:38:04,Dr_Medici_02,,80,F,4,Medicina Interna,Hospitalización
EP01227,Triage,2026-05-18 18:47:43,Enf_Triage_01,,23,M,2,Emergencias,Alta
EP00518,Solicitud de examen,2026-05-18 18:50:02,Dr_Medici_02,Laboratorio,80,F,4,Medicina Interna,Hospitalización
EP01421,Tratamiento,2026-05-18 18:50:15,Enf_Emerge_01,,40,M,3,Emergencias,Alta
EP01498,Alta,2026-05-18 19:05:24,Dr_Emerge_03,,18,F,4,Emergencias,Alta
EP01052,Consulta médica,2026-05-18 19:06:51,Dr_Trauma_01,,25,M,3,Traumatología,Alta
EP01388,Evaluación de resultados,2026-05-18 19:13:05,Dr_Trauma_01,Imagenología,54,M,3,Traumatología,Alta
EP01227,Consulta médica,2026-05-18 19:20:56,Dr_Emerge_04,,23,M,2,Emergencias,Alta
EP00518,Realización de examen,2026-05-18 19:37:04,Laboratorio_Clinico,Laboratorio,80,F,4,Medicina Interna,Hospitalización
EP01227,Tratamiento,2026-05-18 19:42:00,Enf_Emerge_01,,23,M,2,Emergencias,Alta
EP01421,Alta,2026-05-18 19:49:00,Dr_Emerge_02,,40,M,3,Emergencias,Alta
EP01052,Tratamiento,2026-05-18 19:49:22,Enf_Trauma_01,,25,M,3,Traumatología,Alta
EP01388,Tratamiento,2026-05-18 19:51:15,Enf_Trauma_03,,54,M,3,Traumatología,Alta
EP01147,Tratamiento,2026-05-18 19:52:31,Enf_Emerge_04,,40,F,5,Emergencias,Alta
EP01227,Alta,2026-05-18 20:09:34,Dr_Emerge_04,,23,M,2,Emergencias,Alta
EP00518,Evaluación de resultados,2026-05-18 20:31:12,Dr_Medici_02,Laboratorio,80,F,4,Medicina Interna,Hospitalización
EP01388,Alta,2026-05-18 20:32:35,Dr_Trauma_01,,54,M,3,Traumatología,Alta
EP00518,Solicitud de examen,2026-05-18 20:35:59,Dr_Medici_02,Laboratorio,80,F,4,Medicina Interna,Hospitalización
EP01147,Alta,2026-05-18 20:38:10,Dr_Emerge_02,,40,F,5,Emergencias,Alta
EP01459,Registro del paciente,2026-05-18 20:56:32,Admision_03,,42,F,5,Emergencias,Alta
EP01405,Consulta médica,2026-05-18 20:56:39,Dr_Emerge_02,,91,F,5,Emergencias,Alta
EP01052,Alta,2026-05-18 20:57:45,Dr_Trauma_01,,25,M,3,Traumatología,Alta
EP01405,Tratamiento,2026-05-18 21:15:47,Enf_Emerge_03,,91,F,5,Emergencias,Alta
EP00518,Realización de examen,2026-05-18 21:41:27,Laboratorio_Clinico,Laboratorio,80,F,4,Medicina Interna,Hospitalización
EP00513,Consulta médica,2026-05-18 21:58:07,Dr_Medici_04,,31,M,5,Medicina Interna,Alta
EP00518,Evaluación de resultados,2026-05-18 22:15:19,Dr_Medici_02,Laboratorio,80,F,4,Medicina Interna,Hospitalización
EP01459,Triage,2026-05-18 22:23:03,Enf_Triage_02,,42,F,5,Emergencias,Alta
EP00842,Registro del paciente,2026-05-18 22:29:41,Admision_03,,62,F,2,Emergencias,Hospitalización
EP00842,Triage,2026-05-18 22:42:45,Enf_Triage_02,,62,F,2,Emergencias,Hospitalización
EP01405,Alta,2026-05-18 22:50:20,Dr_Emerge_02,,91,F,5,Emergencias,Alta
EP00513,Tratamiento,2026-05-18 23:01:46,Enf_Medici_03,,31,M,5,Medicina Interna,Alta
EP00842,Consulta médica,2026-05-18 23:26:13,Dr_Emerge_02,,62,F,2,Emergencias,Hospitalización
EP00513,Alta,2026-05-18 23:26:59,Dr_Medici_04,,31,M,5,Medicina Interna,Alta
EP00842,Solicitud de examen,2026-05-18 23:29:18,Dr_Emerge_02,Laboratorio,62,F,2,Emergencias,Hospitalización
EP00518,Consulta médica,2026-05-18 23:39:06,Dr_Medici_02,,80,F,4,Medicina Interna,Hospitalización
EP00518,Tratamiento,2026-05-19 00:11:47,Enf_Medici_04,,80,F,4,Medicina Interna,Hospitalización
EP00842,Realización de examen,2026-05-19 00:34:31,Laboratorio_Clinico,Laboratorio,62,F,2,Emergencias,Hospitalización
EP00842,Evaluación de resultados,2026-05-19 01:12:45,Dr_Emerge_02,Laboratorio,62,F,2,Emergencias,Hospitalización
EP01459,Consulta médica,2026-05-19 01:15:29,Dr_Emerge_04,,42,F,5,Emergencias,Alta
EP00842,Solicitud de examen,2026-05-19 01:25:05,Dr_Emerge_02,Laboratorio,62,F,2,Emergencias,Hospitalización
EP01459,Tratamiento,2026-05-19 02:03:22,Enf_Emerge_04,,42,F,5,Emergencias,Alta
EP00842,Realización de examen,2026-05-19 02:09:01,Laboratorio_Clinico,Laboratorio,62,F,2,Emergencias,Hospitalización
EP00842,Evaluación de resultados,2026-05-19 02:51:15,Dr_Emerge_02,Laboratorio,62,F,2,Emergencias,Hospitalización
EP01459,Alta,2026-05-19 02:54:18,Dr_Emerge_04,,42,F,5,Emergencias,Alta
EP00258,Registro del paciente,2026-05-19 04:48:46,Admision_03,,50,F,5,Medicina Interna,Alta
EP00258,Triage,2026-05-19 05:11:58,Enf_Triage_03,,50,F,5,Medicina Interna,Alta
EP00335,Registro del paciente,2026-05-19 11:01:52,Admision_03,,25,M,5,Emergencias,Alta
EP00518,Ingreso a hospitalización,2026-05-19 11:43:32,Gestion_Camas,,80,F,4,Medicina Interna,Hospitalización
EP00335,Triage,2026-05-19 11:54:52,Enf_Triage_01,,25,M,5,Emergencias,Alta
EP00842,Interconsulta especialista,2026-05-19 12:10:31,Especialista_02,,62,F,2,Emergencias,Hospitalización
EP00842,Tratamiento,2026-05-19 13:04:02,Enf_Emerge_01,,62,F,2,Emergencias,Hospitalización
EP01233,Registro del paciente,2026-05-19 14:05:34,Admision_01,,54,F,3,Emergencias,Hospitalización
EP00043,Registro del paciente,2026-05-19 14:06:22,Admision_01,,35,F,4,Emergencias,Alta
EP01233,Triage,2026-05-19 14:43:25,Enf_Triage_03,,54,F,3,Emergencias,Hospitalización
EP00043,Triage,2026-05-19 14:43:27,Enf_Triage_01,,35,F,4,Emergencias,Alta
EP00043,Consulta médica,2026-05-19 16:31:04,Dr_Emerge_04,,35,F,4,Emergencias,Alta
EP00043,Tratamiento,2026-05-19 17:04:01,Enf_Emerge_02,,35,F,4,Emergencias,Alta
EP01233,Consulta médica,2026-05-19 17:14:54,Dr_Emerge_03,,54,F,3,Emergencias,Hospitalización
EP01233,Solicitud de examen,2026-05-19 17:17:55,Dr_Emerge_03,Imagenología,54,F,3,Emergencias,Hospitalización
EP00258,Consulta médica,2026-05-19 17:40:49,Dr_Medici_04,,50,F,5,Medicina Interna,Alta
EP00258,Solicitud de examen,2026-05-19 17:56:23,Dr_Medici_04,Laboratorio,50,F,5,Medicina Interna,Alta
EP00043,Alta,2026-05-19 18:17:00,Dr_Emerge_04,,35,F,4,Emergencias,Alta
EP00258,Realización de examen,2026-05-19 18:26:13,Laboratorio_Clinico,Laboratorio,50,F,5,Medicina Interna,Alta
EP00749,Registro del paciente,2026-05-19 18:58:17,Admision_03,,74,F,5,Medicina Interna,Alta
EP00335,Consulta médica,2026-05-19 19:08:49,Dr_Emerge_04,,25,M,5,Emergencias,Alta
EP00749,Triage,2026-05-19 19:22:32,Enf_Triage_01,,74,F,5,Medicina Interna,Alta
EP00258,Evaluación de resultados,2026-05-19 19:47:16,Dr_Medici_04,Laboratorio,50,F,5,Medicina Interna,Alta
EP00258,Solicitud de examen,2026-05-19 19:59:34,Dr_Medici_04,Laboratorio,50,F,5,Medicina Interna,Alta
EP00335,Tratamiento,2026-05-19 20:05:13,Enf_Emerge_01,,25,M,5,Emergencias,Alta
EP00258,Realización de examen,2026-05-19 20:43:46,Laboratorio_Clinico,Laboratorio,50,F,5,Medicina Interna,Alta
EP00335,Alta,2026-05-19 21:38:11,Dr_Emerge_04,,25,M,5,Emergencias,Alta
EP00258,Evaluación de resultados,2026-05-19 21:38:25,Dr_Medici_04,Laboratorio,50,F,5,Medicina Interna,Alta
EP01233,Realización de examen,2026-05-19 21:40:17,Imagenologia,Imagenología,54,F,3,Emergencias,Hospitalización
EP00258,Tratamiento,2026-05-19 22:24:50,Enf_Medici_01,,50,F,5,Medicina Interna,Alta
EP00258,Alta,2026-05-19 23:27:38,Dr_Medici_04,,50,F,5,Medicina Interna,Alta
EP01233,Evaluación de resultados,2026-05-19 23:27:45,Dr_Emerge_03,Imagenología,54,F,3,Emergencias,Hospitalización
EP00749,Consulta médica,2026-05-19 23:35:08,Dr_Medici_02,,74,F,5,Medicina Interna,Alta
EP00749,Consulta médica,2026-05-19 23:35:08,Dr_Medici_02,,74,F,5,Medicina Interna,Alta
EP00749,Solicitud de examen,2026-05-19 23:46:01,Dr_Medici_02,Imagenología,74,F,5,Medicina Interna,Alta
EP00842,Ingreso a hospitalización,2026-05-19 23:46:31,Gestion_Camas,,62,F,2,Emergencias,Hospitalización
EP01233,Tratamiento,2026-05-20 00:09:37,Enf_Emerge_03,,54,F,3,Emergencias,Hospitalización
EP00749,Realización de examen,2026-05-20 03:45:41,Imagenologia,Imagenología,74,F,5,Medicina Interna,Alta
EP01233,Ingreso a hospitalización,2026-05-20 03:58:40,Gestion_Camas,,54,F,3,Emergencias,Hospitalización
EP00749,Evaluación de resultados,2026-05-20 05:27:01,Dr_Medici_02,Imagenología,74,F,5,Medicina Interna,Alta
EP00749,Tratamiento,2026-05-20 06:19:52,Enf_Medici_01,,74,F,5,Medicina Interna,Alta
EP00749,Alta,2026-05-20 07:02:21,Dr_Medici_02,,74,F,5,Medicina Interna,Alta
EP00963,Registro del paciente,2026-05-20 07:59:39,Admision_03,,20,F,3,Emergencias,Alta
EP00963,Triage,2026-05-20 08:17:42,Enf_Triage_01,,20,F,3,Emergencias,Alta
EP00963,Consulta médica,2026-05-20 09:47:27,Dr_Emerge_04,,20,F,3,Emergencias,Alta
EP00963,Solicitud de examen,2026-05-20 09:58:30,Dr_Emerge_04,Imagenología,20,F,3,Emergencias,Alta
EP00925,Registro del paciente,2026-05-20 12:45:17,Admision_03,,47,F,1,Emergencias,Alta
EP00925,Triage,2026-05-20 12:48:18,Enf_Triage_03,,47,F,1,Emergencias,Alta
EP00925,Consulta médica,2026-05-20 12:56:52,Dr_Emerge_03,,47,F,1,Emergencias,Alta
EP00925,Tratamiento,2026-05-20 13:52:32,Enf_Emerge_04,,47,F,1,Emergencias,Alta
EP00959,Registro del paciente,2026-05-20 14:18:18,Admision_02,,35,M,1,Traumatología,Alta
EP00959,Triage,2026-05-20 14:21:19,Enf_Triage_01,,35,M,1,Traumatología,Alta
EP00959,Consulta médica,2026-05-20 14:29:55,Dr_Trauma_02,,35,M,1,Traumatología,Alta
EP00959,Solicitud de examen,2026-05-20 14:50:00,Dr_Trauma_02,Imagenología,35,M,1,Traumatología,Alta
EP00925,Alta,2026-05-20 15:40:11,Dr_Emerge_03,,47,F,1,Emergencias,Alta
EP00187,Registro del paciente,2026-05-20 15:58:20,Admision_02,,63,F,3,Traumatología,Hospitalización
EP00963,Realización de examen,2026-05-20 16:09:56,Imagenologia,Imagenología,20,F,3,Emergencias,Alta
EP00187,Triage,2026-05-20 16:16:43,Enf_Triage_02,,63,F,3,Traumatología,Hospitalización
EP00959,Realización de examen,2026-05-20 16:56:50,Imagenologia,Imagenología,35,M,1,Traumatología,Alta
EP01356,Registro del paciente,2026-05-20 17:22:40,Admision_01,,37,M,4,Traumatología,Alta
EP00996,Registro del paciente,2026-05-20 17:48:04,Admision_02,,57,M,3,Medicina Interna,Alta
EP00996,Triage,2026-05-20 18:00:49,Enf_Triage_03,,57,M,3,Medicina Interna,Alta
EP00963,Evaluación de resultados,2026-05-20 18:01:02,Dr_Emerge_04,Imagenología,20,F,3,Emergencias,Alta
EP01356,Triage,2026-05-20 18:02:52,Enf_Triage_02,,37,M,4,Traumatología,Alta
EP01242,Registro del paciente,2026-05-20 18:12:52,Admision_03,,59,M,3,Emergencias,Alta
EP00187,Consulta médica,2026-05-20 18:21:14,Dr_Trauma_02,,63,F,3,Traumatología,Hospitalización
EP00959,Evaluación de resultados,2026-05-20 18:58:30,Dr_Trauma_02,Imagenología,35,M,1,Traumatología,Alta
EP00963,Tratamiento,2026-05-20 19:01:00,Enf_Emerge_04,,20,F,3,Emergencias,Alta
EP00187,Tratamiento,2026-05-20 19:09:10,Enf_Trauma_02,,63,F,3,Traumatología,Hospitalización
EP00959,Tratamiento,2026-05-20 19:19:30,Enf_Trauma_01,,35,M,1,Traumatología,Alta
EP01242,Triage,2026-05-20 19:30:36,Enf_Triage_03,,59,M,3,Emergencias,Alta
EP00959,Alta,2026-05-20 19:46:12,Dr_Trauma_02,,35,M,1,Traumatología,Alta
EP00996,Consulta médica,2026-05-20 20:33:52,Dr_Medici_03,,57,M,3,Medicina Interna,Alta
EP00996,Solicitud de examen,2026-05-20 20:37:26,Dr_Medici_03,Imagenología,57,M,3,Medicina Interna,Alta
EP01242,Consulta médica,2026-05-20 20:42:11,Dr_Emerge_01,,59,M,3,Emergencias,Alta
EP00963,Alta,2026-05-20 20:52:21,Dr_Emerge_04,,20,F,3,Emergencias,Alta
EP01242,Tratamiento,2026-05-20 21:18:15,Enf_Emerge_01,,59,M,3,Emergencias,Alta
EP01356,Consulta médica,2026-05-20 21:49:45,Dr_Trauma_04,,37,M,4,Traumatología,Alta
EP01356,Solicitud de examen,2026-05-20 22:03:14,Dr_Trauma_04,Imagenología,37,M,4,Traumatología,Alta
EP01242,Alta,2026-05-20 23:06:10,Dr_Emerge_01,,59,M,3,Emergencias,Alta
EP00996,Realización de examen,2026-05-21 00:46:02,Imagenologia,Imagenología,57,M,3,Medicina Interna,Alta
EP00356,Registro del paciente,2026-05-21 01:40:49,Admision_02,,54,F,5,Medicina Interna,Alta
EP00996,Evaluación de resultados,2026-05-21 02:13:46,Dr_Medici_03,Imagenología,57,M,3,Medicina Interna,Alta
EP00996,Solicitud de examen,2026-05-21 02:26:54,Dr_Medici_03,Imagenología,57,M,3,Medicina Interna,Alta
EP00356,Triage,2026-05-21 02:59:03,Enf_Triage_02,,54,F,5,Medicina Interna,Alta
EP01356,Realización de examen,2026-05-21 03:55:57,Imagenologia,Imagenología,37,M,4,Traumatología,Alta
EP01356,Evaluación de resultados,2026-05-21 04:27:07,Dr_Trauma_04,Imagenología,37,M,4,Traumatología,Alta
EP01356,Tratamiento,2026-05-21 05:57:09,Enf_Trauma_02,,37,M,4,Traumatología,Alta
EP00996,Realización de examen,2026-05-21 07:06:04,Imagenologia,Imagenología,57,M,3,Medicina Interna,Alta
EP01356,Alta,2026-05-21 07:19:11,Dr_Trauma_04,,37,M,4,Traumatología,Alta
EP00996,Evaluación de resultados,2026-05-21 09:10:07,Dr_Medici_03,Imagenología,57,M,3,Medicina Interna,Alta
EP00996,Tratamiento,2026-05-21 09:42:43,Enf_Medici_03,,57,M,3,Medicina Interna,Alta
EP00996,Alta,2026-05-21 10:14:31,Dr_Medici_03,,57,M,3,Medicina Interna,Alta
EP00187,Ingreso a hospitalización,2026-05-21 10:30:50,Gestion_Camas,,63,F,3,Traumatología,Hospitalización
EP00356,Consulta médica,2026-05-21 10:35:29,Dr_Medici_04,,54,F,5,Medicina Interna,Alta
EP00356,Solicitud de examen,2026-05-21 10:42:47,Dr_Medici_04,Imagenología,54,F,5,Medicina Interna,Alta
EP00423,Registro del paciente,2026-05-21 12:16:57,Admision_02,,15,F,3,Emergencias,Alta
EP00933,Registro del paciente,2026-05-21 12:17:51,Admision_01,,48,M,3,Traumatología,Alta
EP00423,Triage,2026-05-21 12:38:16,Enf_Triage_01,,15,F,3,Emergencias,Alta
EP00933,Triage,2026-05-21 12:45:15,Enf_Triage_01,,48,M,3,Traumatología,Alta
EP00274,Registro del paciente,2026-05-21 13:09:22,Admision_02,,65,M,3,Emergencias,Hospitalización
EP00274,Triage,2026-05-21 13:39:05,Enf_Triage_02,,65,M,3,Emergencias,Hospitalización
EP00423,Consulta médica,2026-05-21 13:46:01,Dr_Emerge_03,,15,F,3,Emergencias,Alta
EP00933,Consulta médica,2026-05-21 14:02:45,Dr_Trauma_01,,48,M,3,Traumatología,Alta
EP00423,Tratamiento,2026-05-21 14:12:00,Enf_Emerge_01,,15,F,3,Emergencias,Alta
EP00933,Solicitud de examen,2026-05-21 14:15:29,Dr_Trauma_01,Imagenología,48,M,3,Traumatología,Alta
EP00274,Consulta médica,2026-05-21 14:42:36,Dr_Emerge_03,,65,M,3,Emergencias,Hospitalización
EP00274,Solicitud de examen,2026-05-21 14:49:46,Dr_Emerge_03,Laboratorio,65,M,3,Emergencias,Hospitalización
EP00423,Alta,2026-05-21 14:53:29,Dr_Emerge_03,,15,F,3,Emergencias,Alta
EP01247,Registro del paciente,2026-05-21 16:13:44,Admision_01,,95,F,2,Emergencias,Alta
EP00274,Realización de examen,2026-05-21 16:21:02,Laboratorio_Clinico,Laboratorio,65,M,3,Emergencias,Hospitalización
EP01247,Triage,2026-05-21 16:47:01,Enf_Triage_01,,95,F,2,Emergencias,Alta
EP00274,Evaluación de resultados,2026-05-21 17:13:45,Dr_Emerge_03,Laboratorio,65,M,3,Emergencias,Hospitalización
EP00274,Solicitud de examen,2026-05-21 17:24:28,Dr_Emerge_03,Imagenología,65,M,3,Emergencias,Hospitalización
EP01247,Consulta médica,2026-05-21 18:01:14,Dr_Emerge_02,,95,F,2,Emergencias,Alta
EP00933,Realización de examen,2026-05-21 18:02:27,Imagenologia,Imagenología,48,M,3,Traumatología,Alta
EP01247,Solicitud de examen,2026-05-21 18:18:32,Dr_Emerge_02,Laboratorio,95,F,2,Emergencias,Alta
EP00356,Realización de examen,2026-05-21 19:13:09,Imagenologia,Imagenología,54,F,5,Medicina Interna,Alta
EP01247,Realización de examen,2026-05-21 19:56:26,Laboratorio_Clinico,Laboratorio,95,F,2,Emergencias,Alta
EP00933,Evaluación de resultados,2026-05-21 20:09:24,Dr_Trauma_01,Imagenología,48,M,3,Traumatología,Alta
EP00933,Solicitud de examen,2026-05-21 20:18:21,Dr_Trauma_01,Imagenología,48,M,3,Traumatología,Alta
EP00356,Evaluación de resultados,2026-05-21 20:25:47,Dr_Medici_04,Imagenología,54,F,5,Medicina Interna,Alta
EP00805,Registro del paciente,2026-05-21 20:36:57,Admision_02,,61,M,1,Medicina Interna,Hospitalización
EP00805,Triage,2026-05-21 20:39:58,Enf_Triage_02,,61,M,1,Medicina Interna,Hospitalización
EP00805,Consulta médica,2026-05-21 20:44:29,Dr_Medici_01,,61,M,1,Medicina Interna,Hospitalización
EP01247,Evaluación de resultados,2026-05-21 20:49:15,Dr_Emerge_02,Laboratorio,95,F,2,Emergencias,Alta
EP00356,Tratamiento,2026-05-21 21:02:11,Enf_Medici_01,,54,F,5,Medicina Interna,Alta
EP00805,Solicitud de examen,2026-05-21 21:06:08,Dr_Medici_01,Imagenología,61,M,1,Medicina Interna,Hospitalización
EP00274,Realización de examen,2026-05-21 21:29:02,Imagenologia,Imagenología,65,M,3,Emergencias,Hospitalización
EP00356,Alta,2026-05-21 21:41:34,Dr_Medici_04,,54,F,5,Medicina Interna,Alta
EP01247,Tratamiento,2026-05-21 22:28:04,Enf_Emerge_01,,95,F,2,Emergencias,Alta
EP00933,Realización de examen,2026-05-21 22:33:45,Imagenologia,Imagenología,48,M,3,Traumatología,Alta
EP01247,Alta,2026-05-21 23:07:58,Dr_Emerge_02,,95,F,2,Emergencias,Alta
EP00933,evaluación de resultados,2026-05-22 00:09:12,Dr_Trauma_01,Imagenología,48,M,3,Traumatología,Alta
EP00933,Tratamiento,2026-05-22 00:31:05,Enf_Trauma_03,,48,M,3,Traumatología,Alta
EP00805,Realización de examen,2026-05-22 01:17:44,Imagenologia,Imagenología,61,M,1,Medicina Interna,Hospitalización
EP00933,Alta,2026-05-22 01:25:24,Dr_Trauma_01,,48,M,3,Traumatología,Alta
EP00805,Evaluación de resultados,2026-05-22 01:49:21,Dr_Medici_01,Imagenología,61,M,1,Medicina Interna,Hospitalización
EP00805,Solicitud de examen,2026-05-22 01:54:39,Dr_Medici_01,Laboratorio,61,M,1,Medicina Interna,Hospitalización
EP00274,Evaluación de resultados,2026-05-22 02:24:06,Dr_Emerge_03,Imagenología,65,M,3,Emergencias,Hospitalización
EP01419,Registro del paciente,2026-05-22 02:43:33,Admision_01,,72,F,3,Emergencias,Alta
EP00805,Realización de examen,2026-05-22 03:25:23,Laboratorio_Clinico,Laboratorio,61,M,1,Medicina Interna,Hospitalización
EP00577,Registro del paciente,2026-05-22 03:26:33,Admision_01,,37,F,3,Traumatología,Alta
EP01419,Triage,2026-05-22 03:33:30,Enf_Triage_01,,72,F,3,Emergencias,Alta
EP00274,Tratamiento,2026-05-22 03:45:52,Enf_Emerge_01,,65,M,3,Emergencias,Hospitalización
EP00577,Triage,2026-05-22 04:19:52,Enf_Triage_03,,37,F,3,Traumatología,Alta
EP00805,Evaluación de resultados,2026-05-22 04:47:41,Dr_Medici_01,Laboratorio,61,M,1,Medicina Interna,Hospitalización
EP00805,Tratamiento ,2026-05-22 05:12:10,Enf_Medici_04,,61,M,1,Medicina Interna,Hospitalización
EP01153,Registro del paciente,2026-05-22 05:18:25,Admision_01,,78,F,3,Medicina Interna,Alta
EP01419,Consulta médica,2026-05-22 05:27:52,Dr_Emerge_03,,72,F,3,Emergencias,Alta
EP00577,Consulta médica,2026-05-22 05:30:43,Dr_Trauma_04,,37,F,3,Traumatología,Alta
EP01419,Solicitud de examen,2026-05-22 05:46:02,Dr_Emerge_03,Laboratorio,72,F,3,Emergencias,Alta
EP00577,Tratamiento,2026-05-22 06:15:55,Enf_Trauma_01,,37,F,3,Traumatología,Alta
EP01153,Triage,2026-05-22 06:50:28,Enf_Triage_02,,78,F,3,Medicina Interna,Alta
EP00577,Alta,2026-05-22 07:07:26,Dr_Trauma_04,,37,F,3,Traumatología,Alta
EP01419,Realización de examen,2026-05-22 07:12:15,Laboratorio_Clinico,Laboratorio,72,F,3,Emergencias,Alta
EP01153,Consulta médica,2026-05-22 07:54:19,Dr_Medici_02,,78,F,3,Medicina Interna,Alta
EP01153,Solicitud de examen,2026-05-22 07:57:13,Dr_Medici_02,Laboratorio,78,F,3,Medicina Interna,Alta
EP01419,Evaluación de resultados,2026-05-22 08:11:10,Dr_Emerge_03,Laboratorio,72,F,3,Emergencias,Alta
EP01153,Realización de examen,2026-05-22 08:56:31,Laboratorio_Clinico,Laboratorio,78,F,3,Medicina Interna,Alta
EP00274,Ingreso a hospitalización,2026-05-22 08:59:53,Gestion_Camas,,65,M,3,Emergencias,Hospitalización
EP01153,Evaluación de resultados,2026-05-22 09:17:30,Dr_Medici_02,Laboratorio,78,F,3,Medicina Interna,Alta
EP01153,Solicitud de examen,2026-05-22 09:25:12,Dr_Medici_02,Laboratorio,78,F,3,Medicina Interna,Alta
EP01153,Realización de examen,2026-05-22 10:31:41,Laboratorio_Clinico,Laboratorio,78,F,3,Medicina Interna,Alta
EP01153,Evaluación de resultados,2026-05-22 11:41:13,Dr_Medici_02,Laboratorio,78,F,3,Medicina Interna,Alta
EP01153,Solicitud de examen,2026-05-22 12:12:50,Dr_Medici_02,Imagenología,78,F,3,Medicina Interna,Alta
EP01419,Consulta médica,2026-05-22 12:27:14,Dr_Emerge_03,,72,F,3,Emergencias,Alta
EP00805,Ingreso a hospitalización,2026-05-22 12:40:51,Gestion_Camas,,61,M,1,Medicina Interna,Hospitalización
EP00069,Registro del paciente,2026-05-22 13:00:08,Admision_02,,36,M,3,Medicina Interna,Alta
EP01419,Tratamiento,2026-05-22 13:04:23,Enf_Emerge_03,,72,F,3,Emergencias,Alta
EP01080,Registro del paciente,2026-05-22 13:27:00,Admision_03,,82,M,3,Emergencias,Alta
EP00069,Triage,2026-05-22 13:32:47,Enf_Triage_03,,36,M,3,Medicina Interna,Alta
EP01419,Alta,2026-05-22 13:39:08,Dr_Emerge_03,,72,F,3,Emergencias,Alta
EP01080,Triage,2026-05-22 14:01:23,Enf_Triage_01,,82,M,3,Emergencias,Alta
EP00069,Consulta médica,2026-05-22 14:59:36,Dr_Medici_04,,36,M,3,Medicina Interna,Alta
EP00060,Registro del paciente,2026-05-22 15:03:01,Admision_03,,45,M,3,Emergencias,Alta
EP01032,Registro del paciente,2026-05-22 15:09:25,Admision_02,,43,M,3,Emergencias,Alta
EP00069,Solicitud de examen,2026-05-22 15:26:13,Dr_Medici_04,Laboratorio,36,M,3,Medicina Interna,Alta
EP00060,Triage,2026-05-22 15:28:03,Enf_Triage_03,,45,M,3,Emergencias,Alta
EP01032,Triage,2026-05-22 15:33:37,Enf_Triage_02,,43,M,3,Emergencias,Alta
EP01080,Consulta médica,2026-05-22 16:32:09,Dr_Emerge_01,,82,M,3,Emergencias,Alta
EP01487,Registro del paciente,2026-05-22 16:44:03,Admision_03,,1,F,5,Pediatría,Alta
EP00986,Registro del paciente,2026-05-22 16:58:33,Admision_01,,46,M,3,Emergencias,Hospitalización
EP01354,Registro del paciente,2026-05-22 17:21:26,Admision_01,,64,F,2,Emergencias,Alta
EP00060,Consulta médica,2026-05-22 17:27:22,Dr_Emerge_02,,45,M,3,Emergencias,Alta
EP01080,Tratamiento,2026-05-22 17:28:51,Enf_Emerge_04,,82,M,3,Emergencias,Alta
EP01487,Triage,2026-05-22 17:29:00,Enf_Triage_03,,1,F,5,Pediatría,Alta
EP00986,Triage,2026-05-22 17:29:15,Enf_Triage_01,,46,M,3,Emergencias,Hospitalización
EP01032,Consulta médica,2026-05-22 17:36:52,Dr_Emerge_01,,43,M,3,Emergencias,Alta
EP00069,Realización de examen,2026-05-22 17:40:42,Laboratorio_Clinico,Laboratorio,36,M,3,Medicina Interna,Alta
EP01354,Triage,2026-05-22 17:42:32,Enf_Triage_01,,64,F,2,Emergencias,Alta
EP01153,Realización de examen,2026-05-22 18:05:33,Imagenologia,Imagenología,78,F,3,Medicina Interna,Alta
EP00060,Tratamiento,2026-05-22 18:15:30,Enf_Emerge_04,,45,M,3,Emergencias,Alta
EP00069,Evaluación de resultados,2026-05-22 18:16:20,Dr_Medici_04,Laboratorio,36,M,3,Medicina Interna,Alta
EP01032,Tratamiento,2026-05-22 18:20:28,Enf_Emerge_02,,43,M,3,Emergencias,Alta
EP01080,Alta,2026-05-22 18:26:15,Dr_Emerge_01,,82,M,3,Emergencias,Alta
EP00185,Registro del paciente,2026-05-22 18:38:08,Admision_03,,30,M,1,Emergencias,Alta
EP00185,Triage,2026-05-22 18:41:09,Enf_Triage_03,,30,M,1,Emergencias,Alta
EP00060,Alta,2026-05-22 18:51:15,Dr_Emerge_02,,45,M,3,Emergencias,Alta
EP00069,Tratamiento,2026-05-22 18:52:43,Enf_Medici_01,,36,M,3,Medicina Interna,Alta
EP00185,Consulta médica,2026-05-22 18:53:35,Dr_Emerge_03,,30,M,1,Emergencias,Alta
EP01324,Registro del paciente,2026-05-22 19:07:05,Admision_03,,5,M,4,Pediatría,Alta
EP00185,Solicitud de examen,2026-05-22 19:17:03,Dr_Emerge_03,Laboratorio,30,M,1,Emergencias,Alta
EP01032,Alta,2026-05-22 19:19:18,Dr_Emerge_01,,43,M,3,Emergencias,Alta
EP01354,Consulta médica,2026-05-22 19:19:25,Dr_Emerge_03,,64,F,2,Emergencias,Alta
EP01153,Evaluación de resultados,2026-05-22 19:20:40,Dr_Medici_02,Imagenología,78,F,3,Medicina Interna,Alta
EP00986,Consulta médica,2026-05-22 19:35:26,Dr_Emerge_01,,46,M,3,Emergencias,Hospitalización
EP00069,Alta,2026-05-22 19:41:51,Dr_Medici_04,,36,M,3,Medicina Interna,Alta
EP01324,Triage,2026-05-22 19:42:32,Enf_Triage_01,,5,M,4,Pediatría,Alta
EP01354,Tratamiento,2026-05-22 20:05:52,Enf_Emerge_03,,64,F,2,Emergencias,Alta
EP00986,Tratamiento,2026-05-22 20:23:16,Enf_Emerge_04,,46,M,3,Emergencias,Hospitalización
EP01484,Registro del paciente,2026-05-22 20:33:02,Admision_02,,15,M,4,Emergencias,Alta
EP00185,Realización de examen,2026-05-22 20:34:37,Laboratorio_Clinico,Laboratorio,30,M,1,Emergencias,Alta
EP01324,Consulta médica,2026-05-22 20:50:39,Dr_Pediat_03,,5,M,4,Pediatría,Alta
EP01484,Triage,2026-05-22 21:08:52,Enf_Triage_03,,15,M,4,Emergencias,Alta
EP01354,Alta,2026-05-22 21:19:23,Dr_Emerge_03,,64,F,2,Emergencias,Alta
EP01324,Tratamiento,2026-05-22 21:37:04,Enf_Pediat_01,,5,M,4,Pediatría,Alta
EP00185,Evaluación de resultados,2026-05-22 21:44:28,Dr_Emerge_03,Laboratorio,30,M,1,Emergencias,Alta
EP00185,Tratamiento,2026-05-22 22:15:26,Enf_Emerge_03,,30,M,1,Emergencias,Alta
EP01324,Alta,2026-05-22 22:17:35,Dr_Pediat_03,,5,M,4,Pediatría,Alta
EP01487,Consulta médica,2026-05-22 23:13:28,Dr_Pediat_01,,1,F,5,Pediatría,Alta
EP00185,Alta ,2026-05-22 23:14:09,Dr_Emerge_03,,30,M,1,Emergencias,Alta
EP01418,Registro del paciente,2026-05-22 23:23:54,Admision_02,,42,M,4,Traumatología,Alta
EP01487,Solicitud de examen,2026-05-22 23:32:05,Dr_Pediat_01,Laboratorio,1,F,5,Pediatría,Alta
EP00986,Ingreso a hospitalización,2026-05-22 23:38:31,Gestion_Camas,,46,M,3,Emergencias,Hospitalización
EP01418,Triage,2026-05-22 23:56:34,Enf_Triage_03,,42,M,4,Traumatología,Alta
EP00011,Registro del paciente,2026-05-23 00:30:31,Admision_01,,37,M,4,Medicina Interna,Alta
EP01487,Realización de examen,2026-05-23 00:43:13,Laboratorio_Clinico,Laboratorio,1,F,5,Pediatría,Alta
EP00011,Triage,2026-05-23 01:32:40,Enf_Triage_01,,37,M,4,Medicina Interna,Alta
EP01487,Evaluación de resultados,2026-05-23 02:00:47,Dr_Pediat_01,Laboratorio,1,F,5,Pediatría,Alta
EP00344,Registro del paciente,2026-05-23 02:25:49,Admision_03,,52,F,3,Emergencias,Alta
EP01487,Tratamiento,2026-05-23 02:53:45,Enf_Pediat_03,,1,F,5,Pediatría,Alta
EP00344,Triage,2026-05-23 02:59:58,Enf_Triage_01,,52,F,3,Emergencias,Alta
EP01487,Alta,2026-05-23 03:29:19,Dr_Pediat_01,,1,F,5,Pediatría,Alta
EP00259,Registro del paciente,2026-05-23 03:29:32,Admision_02,,23,M,5,Medicina Interna,Alta
EP01418,Consulta médica,2026-05-23 03:37:51,Dr_Trauma_04,,42,M,4,Traumatología,Alta
EP00259,Triage,2026-05-23 03:58:16,Enf_Triage_02,,23,M,5,Medicina Interna,Alta
EP00344,Consulta médica,2026-05-23 03:59:25,Dr_Emerge_02,,52,F,3,Emergencias,Alta
EP00344,Solicitud de examen,2026-05-23 04:23:34,Dr_Emerge_02,Laboratorio,52,F,3,Emergencias,Alta
EP00344,Realización de examen,2026-05-23 05:14:52,Laboratorio_Clinico,Laboratorio,52,F,3,Emergencias,Alta
EP00011,consulta médica,2026-05-23 05:26:48,Dr_Medici_02,,37,M,4,Medicina Interna,Alta
EP00344,Evaluación de resultados,2026-05-23 05:53:40,Dr_Emerge_02,Laboratorio,52,F,3,Emergencias,Alta
EP00011,Tratamiento,2026-05-23 06:05:27,Enf_Medici_03,,37,M,4,Medicina Interna,Alta
EP00344,Tratamiento,2026-05-23 06:16:06,Enf_Emerge_01,,52,F,3,Emergencias,Alta
EP00011,Alta,2026-05-23 07:08:41,Dr_Medici_02,,37,M,4,Medicina Interna,Alta
EP00344,Alta,2026-05-23 07:21:19,Dr_Emerge_02,,52,F,3,Emergencias,Alta
EP01484,Consulta médica,2026-05-23 07:31:51,Dr_Emerge_01,,15,M,4,Emergencias,Alta
EP00259,Consulta médica,2026-05-23 08:11:14,Dr_Medici_01,,23,M,5,Medicina Interna,Alta
EP00259,Solicitud de examen,2026-05-23 08:20:52,Dr_Medici_01,Laboratorio,23,M,5,Medicina Interna,Alta
EP01484,Tratamiento,2026-05-23 08:52:14,Enf_Emerge_03,,15,M,4,Emergencias,Alta
EP01153,Interconsulta especialista,2026-05-23 08:54:04,Especialista_01,,78,F,3,Medicina Interna,Alta
EP01484,Alta,2026-05-23 09:18:50,Dr_Emerge_01,,15,M,4,Emergencias,Alta
EP01153,Tratamiento,2026-05-23 09:30:07,Enf_Medici_02,,78,F,3,Medicina Interna,Alta
EP00259,Realización de examen,2026-05-23 09:32:12,Laboratorio_Clinico,Laboratorio,23,M,5,Medicina Interna,Alta
EP01153,Alta,2026-05-23 10:19:19,Dr_Medici_02,,78,F,3,Medicina Interna,Alta
EP01107,Registro del paciente,2026-05-23 11:02:27,Admision_01,,67,F,3,Traumatología,Alta
EP00259,Evaluación de resultados,2026-05-23 11:13:55,Dr_Medici_01,Laboratorio,23,M,5,Medicina Interna,Alta
EP00259,Solicitud de examen,2026-05-23 11:25:25,Dr_Medici_01,Laboratorio,23,M,5,Medicina Interna,Alta
EP01107,Triage,2026-05-23 11:28:14,Enf_Triage_02,,67,F,3,Traumatología,Alta
EP00259,Realización de examen,2026-05-23 11:52:10,Laboratorio_Clinico,Laboratorio,23,M,5,Medicina Interna,Alta
EP01495,Registro del paciente,2026-05-23 12:07:08,Admision_03,,85,F,3,Emergencias,Hospitalización
EP01418,Interconsulta especialista,2026-05-23 12:16:39,Especialista_02,,42,M,4,Traumatología,Alta
EP00259,Evaluación de resultados,2026-05-23 12:21:28,Dr_Medici_01,Laboratorio,23,M,5,Medicina Interna,Alta
EP01495,Triage,2026-05-23 12:45:29,Enf_Triage_01,,85,F,3,Emergencias,Hospitalización
EP01418,Tratamiento,2026-05-23 13:01:18,Enf_Trauma_02,,42,M,4,Traumatología,Alta
EP01495,Consulta médica,2026-05-23 14:00:21,Dr_Emerge_02,,85,F,3,Emergencias,Hospitalización
EP01418,Alta,2026-05-23 14:01:02,Dr_Trauma_04,,42,M,4,Traumatología,Alta
EP01448,Registro del paciente,2026-05-23 14:04:07,Admision_01,,30,F,3,Emergencias,Alta
EP01107,Consulta médica,2026-05-23 14:25:54,Dr_Trauma_04,,67,F,3,Traumatología,Alta
EP00259,Consulta médica,2026-05-23 14:36:32,Dr_Medici_01,,23,M,5,Medicina Interna,Alta
EP01448,Triage,2026-05-23 14:39:38,Enf_Triage_01,,30,F,3,Emergencias,Alta
EP01107,Tratamiento,2026-05-23 14:49:26,Enf_Trauma_01,,67,F,3,Traumatología,Alta
EP00469,Registro del paciente,2026-05-23 15:05:17,Admision_02,,38,F,2,Emergencias,Alta
EP00469,Triage,2026-05-23 15:39:51,Enf_Triage_01,,38,F,2,Emergencias,Alta
EP01448,Consulta médica,2026-05-23 15:40:20,Dr_Emerge_02,,30,F,3,Emergencias,Alta
EP01107,Alta,2026-05-23 15:48:07,Dr_Trauma_04,,67,F,3,Traumatología,Alta
EP01448,Tratamiento,2026-05-23 16:11:13,Enf_Emerge_04,,30,F,3,Emergencias,Alta
EP00469,Consulta médica,2026-05-23 16:12:58,Dr_Emerge_01,,38,F,2,Emergencias,Alta
EP00469,Solicitud de examen,2026-05-23 16:20:56,Dr_Emerge_01,Laboratorio,38,F,2,Emergencias,Alta
EP01448,Alta,2026-05-23 16:55:41,Dr_Emerge_02,,30,F,3,Emergencias,Alta
EP00469,Realización de examen,2026-05-23 17:28:59,Laboratorio_Clinico,Laboratorio,38,F,2,Emergencias,Alta
EP00259,Interconsulta especialista,2026-05-23 18:20:38,Especialista_02,,23,M,5,Medicina Interna,Alta
EP00469,Evaluación de resultados,2026-05-23 18:27:49,Dr_Emerge_01,Laboratorio,38,F,2,Emergencias,Alta
EP00469,Tratamiento,2026-05-23 19:06:23,Enf_Emerge_01,,38,F,2,Emergencias,Alta
EP00259,Tratamiento,2026-05-23 19:38:33,Enf_Medici_04,,23,M,5,Medicina Interna,Alta
EP00469,Alta,2026-05-23 19:53:57,Dr_Emerge_01,,38,F,2,Emergencias,Alta
EP00259,Alta,2026-05-23 20:05:21,Dr_Medici_01,,23,M,5,Medicina Interna,Alta
EP01001,Registro del paciente,2026-05-23 21:48:16,Admision_01,,28,M,3,Emergencias,Alta
EP01001,Triage,2026-05-23 22:07:55,Enf_Triage_02,,28,M,3,Emergencias,Alta
EP01001,Consulta médica,2026-05-23 23:49:56,Dr_Emerge_03,,28,M,3,Emergencias,Alta
EP01001,Solicitud de examen,2026-05-24 00:13:56,Dr_Emerge_03,Laboratorio,28,M,3,Emergencias,Alta
EP01001,Realización de examen,2026-05-24 00:47:18,Laboratorio_Clinico,Laboratorio,28,M,3,Emergencias,Alta
EP01001,Evaluación de resultados,2026-05-24 01:59:23,Dr_Emerge_03,Laboratorio,28,M,3,Emergencias,Alta
EP01001,Tratamiento,2026-05-24 02:35:26,Enf_Emerge_01,,28,M,3,Emergencias,Alta
EP00763,Registro del paciente,2026-05-24 02:44:38,Admision_01,,56,F,3,Medicina Interna,Traslado
EP00763,Triage,2026-05-24 03:03:40,Enf_Triage_01,,56,F,3,Medicina Interna,Traslado
EP01001,Alta,2026-05-24 03:15:56,Dr_Emerge_03,,28,M,3,Emergencias,Alta
EP00822,Registro del paciente,2026-05-24 03:42:03,Admision_02,,66,F,3,Emergencias,Alta
EP00763,Consulta médica,2026-05-24 04:29:34,Dr_Medici_02,,56,F,3,Medicina Interna,Traslado
EP00822,Triage,2026-05-24 04:34:43,Enf_Triage_03,,66,F,3,Emergencias,Alta
EP00763,Solicitud de examen,2026-05-24 04:39:56,Dr_Medici_02,Imagenología,56,F,3,Medicina Interna,Traslado
EP00822,Consulta médica,2026-05-24 06:39:38,Dr_Emerge_04,,66,F,3,Emergencias,Alta
EP00822,Consulta médica,2026-05-24 09:03:46,Dr_Emerge_04,,66,F,3,Emergencias,Alta
EP01495,Interconsulta especialista,2026-05-24 09:16:17,Especialista_03,,85,F,3,Emergencias,Hospitalización
EP00763,Realización de examen,2026-05-24 09:24:52,Imagenologia,Imagenología,56,F,3,Medicina Interna,Traslado
EP00763,Evaluación de resultados,2026-05-24 10:32:37,Dr_Medici_02,Imagenología,56,F,3,Medicina Interna,Traslado
EP01495,Tratamiento,2026-05-24 10:34:29,Enf_Emerge_03,,85,F,3,Emergencias,Hospitalización
EP00763,Solicitud de examen,2026-05-24 10:39:43,Dr_Medici_02,Imagenología,56,F,3,Medicina Interna,Traslado
EP01495,Ingreso a hospitalización,2026-05-24 12:34:19,Gestion_Camas,,85,F,3,Emergencias,Hospitalización
EP00763,Realización de examen,2026-05-24 13:24:33,Imagenologia,Imagenología,56,F,3,Medicina Interna,Traslado
EP00802,Registro del paciente,2026-05-24 15:38:48,Admision_02,,5,M,5,Pediatría,Alta
EP00763,Evaluación de resultados,2026-05-24 15:41:47,Dr_Medici_02,Imagenología,56,F,3,Medicina Interna,Traslado
EP01054,Registro del paciente,2026-05-24 15:45:35,Admision_01,,41,F,4,Traumatología,Traslado
EP00763,Solicitud de examen,2026-05-24 16:00:15,Dr_Medici_02,Imagenología,56,F,3,Medicina Interna,Traslado
EP00802,Triage,2026-05-24 16:16:37,Enf_Triage_01,,5,M,5,Pediatría,Alta
EP01054,Triage,2026-05-24 16:29:16,Enf_Triage_02,,41,F,4,Traumatología,Traslado
EP00613,Registro del paciente,2026-05-24 16:41:18,Admision_01,,11,F,3,Pediatría,Traslado
EP00822,Interconsulta especialista,2026-05-24 17:10:08,Especialista_05,,66,F,3,Emergencias,Alta
EP00613,Triage,2026-05-24 17:20:39,Enf_Triage_02,,11,F,3,Pediatría,Traslado
EP00822,Tratamiento,2026-05-24 18:06:31,Enf_Emerge_01,,66,F,3,Emergencias,Alta
EP01054,Consulta médica,2026-05-24 18:39:54,Dr_Trauma_01,,41,F,4,Traumatología,Traslado
EP01066,Registro del paciente,2026-05-24 18:48:41,Admision_02,,11,F,3,Pediatría,Alta
EP00822,Alta,2026-05-24 19:17:18,Dr_Emerge_04,,66,F,3,Emergencias,Alta
EP01066,Triage,2026-05-24 19:18:48,Enf_Triage_02,,11,F,3,Pediatría,Alta
EP01054,Tratamiento,2026-05-24 19:51:36,Enf_Trauma_04,,41,F,4,Traumatología,Traslado
EP00613,Consulta médica,2026-05-24 20:11:27,Dr_Pediat_02,,11,F,3,Pediatría,Traslado
EP00613,Tratamiento,2026-05-24 20:33:44,Enf_Pediat_04,,11,F,3,Pediatría,Traslado
EP00802,Consulta médica,2026-05-24 20:36:25,Dr_Pediat_02,,5,M,5,Pediatría,Alta
EP00802,Solicitud de examen,2026-05-24 20:50:33,Dr_Pediat_02,Laboratorio,5,M,5,Pediatría,Alta
EP01066,Consulta médica,2026-05-24 21:12:28,Dr_Pediat_01,,11,F,3,Pediatría,Alta
EP01066,Tratamiento,2026-05-24 21:54:48,Enf_Pediat_03,,11,F,3,Pediatría,Alta
EP00802,Realización de examen,2026-05-24 22:04:21,Laboratorio_Clinico,Laboratorio,5,M,5,Pediatría,Alta
EP00613,Traslado a otro centro,2026-05-24 22:15:04,Admision_01,,11,F,3,Pediatría,Traslado
EP00183,Registro del paciente,2026-05-24 22:40:16,Admision_01,,41,M,3,Emergencias,Alta
EP00802,Evaluación de resultados,2026-05-24 22:57:33,Dr_Pediat_02,Laboratorio,5,M,5,Pediatría,Alta
EP01054,Traslado a otro centro,2026-05-24 23:13:11,Admision_01,,41,F,4,Traumatología,Traslado
EP00183,Triage,2026-05-24 23:16:03,Enf_Triage_01,,41,M,3,Emergencias,Alta
EP00802,Tratamiento,2026-05-24 23:55:08,Enf_Pediat_03,,5,M,5,Pediatría,Alta
EP01066,Alta,2026-05-24 23:57:46,Dr_Pediat_01,,11,F,3,Pediatría,Alta
EP00802,Alta,2026-05-25 01:07:16,Dr_Pediat_02,,5,M,5,Pediatría,Alta
EP01057,Registro del paciente,2026-05-25 01:19:45,Admision_02,,55,M,3,Emergencias,Alta
EP00763,Realización de examen,2026-05-25 01:45:44,Imagenologia,Imagenología,56,F,3,Medicina Interna,Traslado
EP01057,Triage,2026-05-25 01:46:18,Enf_Triage_01,,55,M,3,Emergencias,Alta
EP01474,Registro del paciente,2026-05-25 02:10:35,Admision_01,,31,F,2,Emergencias,Hospitalización
EP01474,Triage,2026-05-25 02:31:59,Enf_Triage_02,,31,F,2,Emergencias,Hospitalización
EP00763,Evaluación de resultados,2026-05-25 02:43:05,Dr_Medici_02,Imagenología,56,F,3,Medicina Interna,Traslado
EP00183,Consulta médica,2026-05-25 03:12:34,Dr_Emerge_04,,41,M,3,Emergencias,Alta
EP01474,Consulta médica,2026-05-25 03:20:21,Dr_Emerge_02,,31,F,2,Emergencias,Hospitalización
EP00183,Solicitud de examen,2026-05-25 03:22:22,Dr_Emerge_04,Imagenología,41,M,3,Emergencias,Alta
EP01474,Solicitud de examen,2026-05-25 03:36:02,Dr_Emerge_02,Imagenología,31,F,2,Emergencias,Hospitalización
EP00763,Tratamiento,2026-05-25 03:54:21,Enf_Medici_03,,56,F,3,Medicina Interna,Traslado
EP01057,Consulta médica,2026-05-25 04:05:30,Dr_Emerge_04,,55,M,3,Emergencias,Alta
EP01057,Tratamiento,2026-05-25 04:25:56,Enf_Emerge_04,,55,M,3,Emergencias,Alta
EP01465,Registro del paciente,2026-05-25 05:04:41,Admision_03,,22,F,4,Medicina Interna,Alta
EP01057,Alta,2026-05-25 05:15:03,Dr_Emerge_04,,55,M,3,Emergencias,Alta
EP01465,Triage,2026-05-25 05:35:14,Enf_Triage_02,,22,F,4,Medicina Interna,Alta
EP00763,Traslado a otro centro,2026-05-25 06:07:12,Admision_01,,56,F,3,Medicina Interna,Traslado
EP00183,Realización de examen,2026-05-25 07:05:22,Imagenologia,Imagenología,41,M,3,Emergencias,Alta
EP01465,Consulta médica,2026-05-25 07:27:27,Dr_Medici_04,,22,F,4,Medicina Interna,Alta
EP00183,Evaluación de resultados,2026-05-25 07:54:45,Dr_Emerge_04,Imagenología,41,M,3,Emergencias,Alta
EP01465,Tratamiento,2026-05-25 08:07:32,Enf_Medici_03,,22,F,4,Medicina Interna,Alta
EP01384,Registro del paciente,2026-05-25 08:24:36,Admision_03,,67,F,1,Emergencias,Alta
EP01384,Triage,2026-05-25 08:27:37,Enf_Triage_01,,67,F,1,Emergencias,Alta
EP00183,Tratamiento,2026-05-25 08:32:56,Enf_Emerge_04,,41,M,3,Emergencias,Alta
EP01384,Consulta médica,2026-05-25 08:35:16,Dr_Emerge_02,,67,F,1,Emergencias,Alta
EP01465,Alta,2026-05-25 09:13:21,Dr_Medici_04,,22,F,4,Medicina Interna,Alta
EP00756,Registro del paciente,2026-05-25 09:20:17,Admision_03,,41,F,4,Traumatología,Hospitalización
EP01384,Tratamiento,2026-05-25 09:40:16,Enf_Emerge_03,,67,F,1,Emergencias,Alta
EP00756,Triage,2026-05-25 09:53:07,Enf_Triage_01,,41,F,4,Traumatología,Hospitalización
EP00183,Alta,2026-05-25 10:06:28,Dr_Emerge_04,,41,M,3,Emergencias,Alta
EP01384,Alta,2026-05-25 10:19:12,Dr_Emerge_02,,67,F,1,Emergencias,Alta
EP01142,Registro del paciente,2026-05-25 12:02:10,Admision_03,,61,M,3,Emergencias,Alta
EP01142,Triage,2026-05-25 12:51:05,Enf_Triage_01,,61,M,3,Emergencias,Alta
EP01474,Realización de examen,2026-05-25 13:26:16,Imagenologia,Imagenología,31,F,2,Emergencias,Hospitalización
EP00350,Registro del paciente,2026-05-25 13:59:48,Admision_03,,30,F,4,Traumatología,Alta
EP01142,Consulta médica,2026-05-25 14:05:42,Dr_Emerge_03,,61,M,3,Emergencias,Alta
EP01474,Evaluación de resultados,2026-05-25 14:12:02,Dr_Emerge_02,Imagenología,31,F,2,Emergencias,Hospitalización
EP01474,Solicitud de examen,2026-05-25 14:15:08,Dr_Emerge_02,Imagenología,31,F,2,Emergencias,Hospitalización
EP01142,Solicitud de examen,2026-05-25 14:15:46,Dr_Emerge_03,Laboratorio,61,M,3,Emergencias,Alta
EP01474,Realización de examen,2026-05-25 14:45:42,Imagenologia,Imagenología,31,F,2,Emergencias,Hospitalización
EP00756,Consulta médica,2026-05-25 15:08:36,Dr_Trauma_03,,41,F,4,Traumatología,Hospitalización
EP00350,Triage,2026-05-25 15:16:45,Enf_Triage_02,,30,F,4,Traumatología,Alta
EP00756,Tratamiento,2026-05-25 15:58:48,Enf_Trauma_01,,41,F,4,Traumatología,Hospitalización
EP01142,Realización de examen,2026-05-25 16:11:55,Laboratorio_Clinico,Laboratorio,61,M,3,Emergencias,Alta
EP01474,Evaluación de resultados,2026-05-25 16:36:07,Dr_Emerge_02,Imagenología,31,F,2,Emergencias,Hospitalización
EP00350,Consulta médica,2026-05-25 16:56:30,Dr_Trauma_02,,30,F,4,Traumatología,Alta
EP01142,Evaluación de resultados,2026-05-25 17:01:58,Dr_Emerge_03,Laboratorio,61,M,3,Emergencias,Alta
EP00350,Solicitud de examen,2026-05-25 17:05:58,Dr_Trauma_02,Imagenología,30,F,4,Traumatología,Alta
EP01142,Solicitud de examen,2026-05-25 17:14:35,Dr_Emerge_03,Laboratorio,61,M,3,Emergencias,Alta
EP01474,Tratamiento,2026-05-25 17:37:03,Enf_Emerge_01,,31,F,2,Emergencias,Hospitalización
EP00310,Registro del paciente,2026-05-25 17:45:13,Admision_03,,15,M,4,Traumatología,Alta
EP00172,Registro del paciente,2026-05-25 18:20:09,Admision_03,,77,F,2,Emergencias,Hospitalización
EP01142,Realización de examen,2026-05-25 18:39:35,Laboratorio_Clinico,Laboratorio,61,M,3,Emergencias,Alta
EP00172,Triage,2026-05-25 18:52:44,Enf_Triage_02,,77,F,2,Emergencias,Hospitalización
EP00310,Triage,2026-05-25 19:09:59,Enf_Triage_02,,15,M,4,Traumatología,Alta
EP01142,Evaluación de resultados,2026-05-25 19:11:19,Dr_Emerge_03,Laboratorio,61,M,3,Emergencias,Alta
EP00172,Consulta médica,2026-05-25 20:03:28,Dr_Emerge_02,,77,F,2,Emergencias,Hospitalización
EP00172,Solicitud de examen,2026-05-25 20:09:25,Dr_Emerge_02,Imagenología,77,F,2,Emergencias,Hospitalización
EP01474,Ingreso a hospitalización,2026-05-25 20:31:53,Gestion_Camas,,31,F,2,Emergencias,Hospitalización
EP01142,Interconsulta especialista,2026-05-25 21:25:46,Especialista_02,,61,M,3,Emergencias,Alta
EP01142,Tratamiento,2026-05-25 22:05:10,Enf_Emerge_02,,61,M,3,Emergencias,Alta
EP00756,Ingreso a hospitalización,2026-05-25 23:25:10,Gestion_Camas,,41,F,4,Traumatología,Hospitalización
EP01142,Alta,2026-05-25 23:25:13,Dr_Emerge_03,,61,M,3,Emergencias,Alta
EP00350,Realización de examen,2026-05-26 02:09:54,Imagenologia,Imagenología,30,F,4,Traumatología,Alta
EP00310,Consulta médica,2026-05-26 04:16:00,Dr_Trauma_04,,15,M,4,Traumatología,Alta
EP00350,Evaluación de resultados,2026-05-26 05:10:35,Dr_Trauma_02,Imagenología,30,F,4,Traumatología,Alta
EP00310,Tratamiento,2026-05-26 05:15:33,Enf_Trauma_03,,15,M,4,Traumatología,Alta
EP00350,Tratamiento,2026-05-26 05:48:20,Enf_Trauma_02,,30,F,4,Traumatología,Alta
EP00413,Registro del paciente,2026-05-26 06:22:58,Admision_02,,48,M,5,Emergencias,Alta
EP00310,Alta,2026-05-26 06:31:08,Dr_Trauma_04,,15,M,4,Traumatología,Alta
EP00350,Alta,2026-05-26 06:31:41,Dr_Trauma_02,,30,F,4,Traumatología,Alta
EP00413,Triage,2026-05-26 06:57:59,Enf_Triage_02,,48,M,5,Emergencias,Alta
EP00129,Registro del paciente,2026-05-26 08:01:27,Admision_03,,37,M,3,Emergencias,Alta
EP00817,Registro del paciente,2026-05-26 08:39:40,Admision_02,,64,M,4,Medicina Interna,Alta
EP00817,Triage,2026-05-26 09:32:38,Enf_Triage_03,,64,M,4,Medicina Interna,Alta
EP00129,Triage,2026-05-26 09:41:35,Enf_Triage_02,,37,M,3,Emergencias,Alta
EP00046,Registro del paciente,2026-05-26 10:16:53,Admision_02,,69,M,2,Emergencias,Hospitalización
EP00046,Triage,2026-05-26 10:28:28,Enf_Triage_03,,69,M,2,Emergencias,Hospitalización
EP00172,Realización de examen,2026-05-26 10:44:24,Imagenologia,Imagenología,77,F,2,Emergencias,Hospitalización
EP00046,Consulta médica,2026-05-26 11:28:14,Dr_Emerge_04,,69,M,2,Emergencias,Hospitalización
EP00129,Consulta médica,2026-05-26 11:31:08,Dr_Emerge_03,,37,M,3,Emergencias,Alta
EP00129,Tratamiento,2026-05-26 12:09:15,Enf_Emerge_03,,37,M,3,Emergencias,Alta
EP00172,Evaluación de resultados,2026-05-26 12:11:50,Dr_Emerge_02,Imagenología,77,F,2,Emergencias,Hospitalización
EP00046,Tratamiento,2026-05-26 12:12:59,Enf_Emerge_02,,69,M,2,Emergencias,Hospitalización
EP00341,Registro del paciente,2026-05-26 12:13:03,Admision_01,,61,F,2,Emergencias,Alta
EP01424,Registro del paciente,2026-05-26 12:37:07,Admision_01,,4,M,3,Pediatría,Alta
EP00172,Tratamiento,2026-05-26 12:41:08,Enf_Emerge_04,,77,F,2,Emergencias,Hospitalización
EP00413,Consulta médica,2026-05-26 12:42:23,Dr_Emerge_02,,48,M,5,Emergencias,Alta
EP00817,Consulta médica,2026-05-26 12:44:00,Dr_Medici_02,,64,M,4,Medicina Interna,Alta
EP00341,Triage,2026-05-26 12:45:40,Enf_Triage_01,,61,F,2,Emergencias,Alta
EP00817,Solicitud de examen,2026-05-26 12:57:33,Dr_Medici_02,Imagenología,64,M,4,Medicina Interna,Alta
EP00341,Consulta médica,2026-05-26 13:17:00,Dr_Emerge_04,,61,F,2,Emergencias,Alta
EP01424,Triage,2026-05-26 13:18:36,Enf_Triage_01,,4,M,3,Pediatría,Alta
EP00341,Tratamiento,2026-05-26 13:48:58,Enf_Emerge_01,,61,F,2,Emergencias,Alta
EP01424,Consulta médica,2026-05-26 14:03:31,Dr_Pediat_04,,4,M,3,Pediatría,Alta
EP01424,Solicitud de examen,2026-05-26 14:09:36,Dr_Pediat_04,Laboratorio,4,M,3,Pediatría,Alta
EP00726,Registro del paciente,2026-05-26 14:11:16,Admision_02,,81,F,1,Emergencias,Alta
EP00726,Triage,2026-05-26 14:14:17,Enf_Triage_03,,81,F,1,Emergencias,Alta
EP00726,Consulta médica,2026-05-26 14:23:20,Dr_Emerge_02,,81,F,1,Emergencias,Alta
EP00341,Alta,2026-05-26 14:25:39,Dr_Emerge_04,,61,F,2,Emergencias,Alta
EP00726,Solicitud de examen,2026-05-26 14:32:51,Dr_Emerge_02,Imagenología,81,F,1,Emergencias,Alta
EP00413,Consulta médica,2026-05-26 14:46:32,Dr_Emerge_02,,48,M,5,Emergencias,Alta
EP01325,Registro del paciente,2026-05-26 15:12:11,Admision_01,,56,F,3,Emergencias,Alta
EP00413,Tratamiento,2026-05-26 15:17:22,Enf_Emerge_04,,48,M,5,Emergencias,Alta
EP00948,Registro del paciente,2026-05-26 15:18:57,Admision_01,,3,F,5,Pediatría,Alta
EP00172,Ingreso a hospitalización,2026-05-26 15:25:02,Gestion_Camas,,77,F,2,Emergencias,Hospitalización
EP01325,Triage,2026-05-26 15:25:30,Enf_Triage_03,,56,F,3,Emergencias,Alta
EP01424,Realización de examen,2026-05-26 15:30:22,Laboratorio_Clinico,Laboratorio,4,M,3,Pediatría,Alta
EP00413,Alta,2026-05-26 15:41:21,Dr_Emerge_02,,48,M,5,Emergencias,Alta
EP00948,Triage,2026-05-26 15:50:25,Enf_Triage_03,,3,F,5,Pediatría,Alta
EP00726,Realización de examen,2026-05-26 16:10:28,Imagenologia,Imagenología,81,F,1,Emergencias,Alta
EP00129,Alta,2026-05-26 16:24:05,Dr_Emerge_03,,37,M,3,Emergencias,Alta
EP01325,Consulta médica,2026-05-26 16:44:38,Dr_Emerge_04,,56,F,3,Emergencias,Alta
EP00817,Realización de examen,2026-05-26 16:55:30,Imagenologia,Imagenología,64,M,4,Medicina Interna,Alta
EP01325,Solicitud de examen,2026-05-26 16:57:51,Dr_Emerge_04,Imagenología,56,F,3,Emergencias,Alta
EP01424,Evaluación de resultados,2026-05-26 16:59:40,Dr_Pediat_04,Laboratorio,4,M,3,Pediatría,Alta
EP00726,Evaluación de resultados,2026-05-26 17:26:10,Dr_Emerge_02,Imagenología,81,F,1,Emergencias,Alta
EP01424,Tratamiento,2026-05-26 17:29:24,Enf_Pediat_02,,4,M,3,Pediatría,Alta
EP00726,Tratamiento,2026-05-26 18:17:51,Enf_Emerge_04,,81,F,1,Emergencias,Alta
EP01424,Alta,2026-05-26 19:08:27,Dr_Pediat_04,,4,M,3,Pediatría,Alta
EP00817,Evaluación de resultados,2026-05-26 19:27:01,Dr_Medici_02,Imagenología,64,M,4,Medicina Interna,Alta
EP00726,Alta,2026-05-26 20:05:38,Dr_Emerge_02,,81,F,1,Emergencias,Alta
EP00948,Consulta médica,2026-05-26 20:39:52,Dr_Pediat_04,,3,F,5,Pediatría,Alta
EP00046,Ingreso a hospitalización,2026-05-26 20:52:55,Gestion_Camas,,69,M,2,Emergencias,Hospitalización
EP00948,Tratamiento,2026-05-26 21:51:44,Enf_Pediat_01,,3,F,5,Pediatría,Alta
EP00817,Consulta médica,2026-05-26 22:15:13,Dr_Medici_02,,64,M,4,Medicina Interna,Alta
EP00948,Alta,2026-05-26 22:26:43,Dr_Pediat_04,,3,F,5,Pediatría,Alta
EP00817,Tratamiento,2026-05-26 22:52:09,Enf_Medici_04,,64,M,4,Medicina Interna,Alta
EP00817,Alta,2026-05-27 00:23:10,Dr_Medici_02,,64,M,4,Medicina Interna,Alta
EP00282,Registro del paciente,2026-05-27 04:40:02,Admision_02,,54,F,3,Emergencias,Alta
EP00282,Triage,2026-05-27 05:19:26,Enf_Triage_02,,54,F,3,Emergencias,Alta
EP00282,Consulta médica,2026-05-27 07:44:05,Dr_Emerge_01,,54,F,3,Emergencias,Alta
EP00128,Registro del paciente,2026-05-27 08:01:41,Admision_01,,37,M,3,Traumatología,Alta
EP00128,Triage,2026-05-27 08:26:27,Enf_Triage_02,,37,M,3,Traumatología,Alta
EP00282,Tratamiento,2026-05-27 08:33:01,Enf_Emerge_01,,54,F,3,Emergencias,Alta
EP00282,Alta,2026-05-27 09:29:12,Dr_Emerge_01,,54,F,3,Emergencias,Alta
EP01325,Realización de examen,2026-05-27 09:44:00,Imagenologia,Imagenología,56,F,3,Emergencias,Alta
EP00128,Consulta médica,2026-05-27 10:05:39,Dr_Trauma_03,,37,M,3,Traumatología,Alta
EP00599,Registro del paciente,2026-05-27 10:09:37,Admision_03,,7,M,3,Pediatría,Alta
EP01325,Evaluación de resultados,2026-05-27 10:28:03,Dr_Emerge_04,Imagenología,56,F,3,Emergencias,Alta
EP00599,Triage,2026-05-27 10:47:06,Enf_Triage_01,,7,M,3,Pediatría,Alta
EP00128,Tratamiento,2026-05-27 11:00:40,Enf_Trauma_01,,37,M,3,Traumatología,Alta
EP01325,Tratamiento,2026-05-27 11:25:44,Enf_Emerge_04,,56,F,3,Emergencias,Alta
EP00700,Registro del paciente,2026-05-27 11:41:04,Admision_02,,37,F,3,Medicina Interna,Alta
EP00599,Consulta médica,2026-05-27 12:02:52,Dr_Pediat_03,,7,M,3,Pediatría,Alta
EP00700,Triage,2026-05-27 12:03:06,Enf_Triage_02,,37,F,3,Medicina Interna,Alta
EP00128,Alta,2026-05-27 12:09:19,Dr_Trauma_03,,37,M,3,Traumatología,Alta
EP00599,Tratamiento,2026-05-27 12:34:07,Enf_Pediat_01,,7,M,3,Pediatría,Alta
EP01325,Alta,2026-05-27 13:02:19,Dr_Emerge_04,,56,F,3,Emergencias,Alta
EP00599,Alta,2026-05-27 13:11:16,Dr_Pediat_03,,7,M,3,Pediatría,Alta
EP00633,Registro del paciente,2026-05-27 13:55:33,Admision_02,,0,F,2,Pediatría,Alta
EP00633,Triage,2026-05-27 14:10:26,Enf_Triage_03,,0,F,2,Pediatría,Alta
EP00633,Consulta médica,2026-05-27 14:31:02,Dr_Pediat_04,,0,F,2,Pediatría,Alta
EP00633,Solicitud de examen,2026-05-27 14:45:50,Dr_Pediat_04,Laboratorio,0,F,2,Pediatría,Alta
EP00633,Realización de examen,2026-05-27 15:22:04,Laboratorio_Clinico,Laboratorio,0,F,2,Pediatría,Alta
EP00700,Consulta médica,2026-05-27 15:33:03,Dr_Medici_03,,37,F,3,Medicina Interna,Alta
EP00633,Evaluación de resultados,2026-05-27 16:11:56,Dr_Pediat_04,Laboratorio,0,F,2,Pediatría,Alta
EP00700,Consulta médica,2026-05-27 17:13:23,Dr_Medici_03,,37,F,3,Medicina Interna,Alta
EP00633,Tratamiento,2026-05-27 17:55:37,Enf_Pediat_03,,0,F,2,Pediatría,Alta
EP00700,Tratamiento,2026-05-27 18:20:13,Enf_Medici_01,,37,F,3,Medicina Interna,Alta
EP00633,Alta,2026-05-27 19:26:57,Dr_Pediat_04,,0,F,2,Pediatría,Alta
EP00700,Alta,2026-05-27 20:19:41,Dr_Medici_03,,37,F,3,Medicina Interna,Alta
EP01004,Registro del paciente,2026-05-28 05:44:55,Admision_03,,62,M,3,Traumatología,Alta
EP01015,Registro del paciente,2026-05-28 05:49:15,Admision_01,,39,M,3,Medicina Interna,Alta
EP01004,Triage,2026-05-28 06:13:45,Enf_Triage_02,,62,M,3,Traumatología,Alta
EP01015,Triage,2026-05-28 06:20:30,Enf_Triage_03,,39,M,3,Medicina Interna,Alta
EP01490,Registro del paciente,2026-05-28 07:19:02,Admision_01,,53,F,3,Emergencias,Hospitalización
EP01490,Triage,2026-05-28 07:30:04,Enf_Triage_01,,53,F,3,Emergencias,Hospitalización
EP01015,Consulta médica,2026-05-28 07:53:09,Dr_Medici_01,,39,M,3,Medicina Interna,Alta
EP01398,Registro del paciente,2026-05-28 08:11:36,Admision_03,,47,M,2,Emergencias,Alta
EP01004,Consulta médica,2026-05-28 08:21:50,Dr_Trauma_03,,62,M,3,Traumatología,Alta
EP00940,Registro del paciente,2026-05-28 08:31:17,Admision_01,,33,F,3,Medicina Interna,Alta
EP01398,Triage,2026-05-28 08:35:30,Enf_Triage_03,,47,M,2,Emergencias,Alta
EP01004,Solicitud de examen,2026-05-28 08:43:02,Dr_Trauma_03,Imagenología,62,M,3,Traumatología,Alta
EP01398,Consulta médica,2026-05-28 08:43:34,Dr_Emerge_03,,47,M,2,Emergencias,Alta
EP01015,Tratamiento,2026-05-28 08:48:28,Enf_Medici_02,,39,M,3,Medicina Interna,Alta
EP00940,Triage,2026-05-28 08:50:31,Enf_Triage_01,,33,F,3,Medicina Interna,Alta
EP01015,Alta,2026-05-28 09:32:33,Dr_Medici_01,,39,M,3,Medicina Interna,Alta
EP01443,Registro del paciente,2026-05-28 09:32:39,Admision_01,,67,M,3,Emergencias,Alta
EP01398,Tratamiento,2026-05-28 09:54:48,Enf_Emerge_02,,47,M,2,Emergencias,Alta
EP01490,Consulta médica,2026-05-28 09:59:36,Dr_Emerge_03,,53,F,3,Emergencias,Hospitalización
EP01091,Registro del paciente,2026-05-28 10:05:51,Admision_01,,13,M,2,Pediatría,Alta
EP00940,Consulta médica,2026-05-28 10:12:42,Dr_Medici_04,,33,F,3,Medicina Interna,Alta
EP00940,Solicitud de examen,2026-05-28 10:21:10,Dr_Medici_04,Laboratorio,33,F,3,Medicina Interna,Alta
EP01091,Triage,2026-05-28 10:23:33,Enf_Triage_02,,13,M,2,Pediatría,Alta
EP01443,Triage,2026-05-28 10:30:42,Enf_Triage_03,,67,M,3,Emergencias,Alta
EP01490,Tratamiento,2026-05-28 10:36:40,Enf_Emerge_02,,53,F,3,Emergencias,Hospitalización
EP01091,Consulta médica,2026-05-28 10:46:27,Dr_Pediat_02,,13,M,2,Pediatría,Alta
EP00881,Registro del paciente,2026-05-28 10:47:19,Admision_02,,1,M,4,Pediatría,Alta
EP01435,Registro del paciente,2026-05-28 11:06:24,Admision_03,,69,F,4,Emergencias,Alta
EP00940,Realización de examen,2026-05-28 11:07:08,Laboratorio_Clinico,Laboratorio,33,F,3,Medicina Interna,Alta
EP01398,Alta,2026-05-28 11:07:30,Dr_Emerge_03,,47,M,2,Emergencias,Alta
EP00881,Triage,2026-05-28 11:09:05,Enf_Triage_01,,1,M,4,Pediatría,Alta
EP00940,Evaluación de resultados,2026-05-28 11:21:43,Dr_Medici_04,Laboratorio,33,F,3,Medicina Interna,Alta
EP00940,Solicitud de examen,2026-05-28 11:31:34,Dr_Medici_04,Imagenología,33,F,3,Medicina Interna,Alta
EP01091,Tratamiento,2026-05-28 11:31:41,Enf_Pediat_02,,13,M,2,Pediatría,Alta
EP01443,Consulta médica,2026-05-28 11:33:24,Dr_Emerge_03,,67,M,3,Emergencias,Alta
EP01004,Realización de examen,2026-05-28 11:58:37,Imagenologia,Imagenología,62,M,3,Traumatología,Alta
EP01435,Triage,2026-05-28 12:06:58,Enf_Triage_02,,69,F,4,Emergencias,Alta
EP01091,Alta,2026-05-28 12:18:25,Dr_Pediat_02,,13,M,2,Pediatría,Alta
EP01443,Tratamiento,2026-05-28 12:43:02,Enf_Emerge_01,,67,M,3,Emergencias,Alta
EP00515,Registro del paciente,2026-05-28 13:37:47,Admision_02,,48,F,3,Medicina Interna,Alta
EP00940,Realización de examen,2026-05-28 13:49:18,Imagenologia,Imagenología,33,F,3,Medicina Interna,Alta
EP00722,Registro del paciente,2026-05-28 14:28:17,Admision_03,,58,F,3,Medicina Interna,Alta
EP00881,Consulta médica,2026-05-28 14:33:52,Dr_Pediat_03,,1,M,4,Pediatría,Alta
EP00515,Triage,2026-05-28 14:36:41,Enf_Triage_03,,48,F,3,Medicina Interna,Alta
EP01443,Alta,2026-05-28 14:48:37,Dr_Emerge_03,,67,M,3,Emergencias,Alta
EP00881,Solicitud de examen,2026-05-28 14:49:34,Dr_Pediat_03,Imagenología,1,M,4,Pediatría,Alta
EP01004,Evaluación de resultados,2026-05-28 14:50:13,Dr_Trauma_03,Imagenología,62,M,3,Traumatología,Alta
EP00722,Triage,2026-05-28 14:55:32,Enf_Triage_01,,58,F,3,Medicina Interna,Alta
EP01004,Tratamiento,2026-05-28 15:18:49,Enf_Trauma_03,,62,M,3,Traumatología,Alta
EP01490,Ingreso a hospitalización,2026-05-28 16:05:10,Gestion_Camas,,53,F,3,Emergencias,Hospitalización
EP00722,Consulta médica,2026-05-28 16:13:51,Dr_Medici_04,,58,F,3,Medicina Interna,Alta
EP00722,Solicitud de examen,2026-05-28 16:20:40,Dr_Medici_04,Laboratorio,58,F,3,Medicina Interna,Alta
EP00940,Evaluación de resultados,2026-05-28 16:31:16,Dr_Medici_04,Imagenología,33,F,3,Medicina Interna,Alta
EP01004,Alta,2026-05-28 16:42:39,Dr_Trauma_03,,62,M,3,Traumatología,Alta
EP00515,Consulta médica,2026-05-28 16:42:41,Dr_Medici_03,,48,F,3,Medicina Interna,Alta
EP00940,Tratamiento,2026-05-28 16:52:26,Enf_Medici_03,,33,F,3,Medicina Interna,Alta
EP00722,Realización de examen,2026-05-28 17:19:12,Laboratorio_Clinico,Laboratorio,58,F,3,Medicina Interna,Alta
EP00560,Registro del paciente,2026-05-28 17:48:35,Admision_01,,42,M,1,Emergencias,Hospitalización
EP00560,Triage,2026-05-28 17:51:36,Enf_Triage_03,,42,M,1,Emergencias,Hospitalización
EP00560,Consulta médica,2026-05-28 17:55:46,Dr_Emerge_03,,42,M,1,Emergencias,Hospitalización
EP00722,Evaluación de resultados,2026-05-28 18:18:47,Dr_Medici_04,Laboratorio,58,F,3,Medicina Interna,Alta
EP00560,Tratamiento,2026-05-28 18:22:13,Enf_Emerge_04,,42,M,1,Emergencias,Hospitalización
EP00722,Solicitud de examen,2026-05-28 18:28:32,Dr_Medici_04,Laboratorio,58,F,3,Medicina Interna,Alta
EP00940,Alta,2026-05-28 18:37:38,Dr_Medici_04,,33,F,3,Medicina Interna,Alta
EP00515,Interconsulta especialista,2026-05-28 18:39:26,Especialista_04,,48,F,3,Medicina Interna,Alta
EP00868,Registro del paciente,2026-05-28 18:51:07,Admision_03,,11,F,4,Pediatría,Alta
EP00515,Tratamiento,2026-05-28 19:09:34,Enf_Medici_03,,48,F,3,Medicina Interna,Alta
EP00881,Realización de examen,2026-05-28 19:15:52,Imagenologia,Imagenología,1,M,4,Pediatría,Alta
EP00868,Triage,2026-05-28 19:22:11,Enf_Triage_03,,11,F,4,Pediatría,Alta
EP01435,Consulta médica,2026-05-28 19:38:35,Dr_Emerge_01,,69,F,4,Emergencias,Alta
EP00722,Realización de examen,2026-05-28 19:48:17,Laboratorio_Clinico,Laboratorio,58,F,3,Medicina Interna,Alta
EP00515,Alta,2026-05-28 19:52:20,Dr_Medici_03,,48,F,3,Medicina Interna,Alta
EP01435,Consulta médica,2026-05-28 20:08:51,Dr_Emerge_01,,69,F,4,Emergencias,Alta
EP01435,Tratamiento,2026-05-28 20:36:19,Enf_Emerge_02,,69,F,4,Emergencias,Alta
EP00722,Evaluación de resultados,2026-05-28 20:44:50,Dr_Medici_04,Laboratorio,58,F,3,Medicina Interna,Alta
EP00881,Evaluación de resultados,2026-05-28 21:21:39,Dr_Pediat_03,Imagenología,1,M,4,Pediatría,Alta
EP01435,Alta,2026-05-28 21:25:43,Dr_Emerge_01,,69,F,4,Emergencias,Alta
EP00722,Tratamiento,2026-05-28 21:28:24,Enf_Medici_02,,58,F,3,Medicina Interna,Alta
EP00881,Solicitud de examen,2026-05-28 21:33:11,Dr_Pediat_03,Imagenología,1,M,4,Pediatría,Alta
EP00722,Alta,2026-05-28 22:10:55,Dr_Medici_04,,58,F,3,Medicina Interna,Alta
EP00881,Realización de examen,2026-05-29 00:14:16,Imagenologia,Imagenología,1,M,4,Pediatría,Alta
EP00881,Evaluación de resultados,2026-05-29 02:08:12,Dr_Pediat_03,Imagenología,1,M,4,Pediatría,Alta
EP00881,Tratamiento,2026-05-29 02:30:34,Enf_Pediat_02,,1,M,4,Pediatría,Alta
EP00868,Consulta médica,2026-05-29 02:31:41,Dr_Pediat_03,,11,F,4,Pediatría,Alta
EP00868,Tratamiento,2026-05-29 03:07:34,Enf_Pediat_04,,11,F,4,Pediatría,Alta
EP00881,Alta,2026-05-29 03:28:28,Dr_Pediat_03,,1,M,4,Pediatría,Alta
EP00868,Alta,2026-05-29 04:02:40,Dr_Pediat_03,,11,F,4,Pediatría,Alta
EP01454,Registro del paciente,2026-05-29 06:56:07,Admision_02,,32,M,3,Medicina Interna,Hospitalización
EP01454,Triage,2026-05-29 07:28:32,Enf_Triage_02,,32,M,3,Medicina Interna,Hospitalización
EP00626,Registro del paciente,2026-05-29 08:07:25,Admision_02,,68,M,4,Medicina Interna,Hospitalización
EP00560,Ingreso a hospitalización,2026-05-29 08:37:37,Gestion_Camas,,42,M,1,Emergencias,Hospitalización
EP01454,Consulta médica,2026-05-29 08:50:08,Dr_Medici_02,,32,M,3,Medicina Interna,Hospitalización
EP01454,Solicitud de examen,2026-05-29 08:57:14,Dr_Medici_02,Imagenología,32,M,3,Medicina Interna,Hospitalización
EP00626,Triage,2026-05-29 09:25:47,Enf_Triage_03,,68,M,4,Medicina Interna,Hospitalización
EP00348,Registro del paciente,2026-05-29 09:41:26,Admision_03,,19,F,3,Emergencias,Alta
EP00348,Triage,2026-05-29 10:03:12,Enf_Triage_01,,19,F,3,Emergencias,Alta
EP00626,Consulta médica,2026-05-29 12:03:32,Dr_Medici_02,,68,M,4,Medicina Interna,Hospitalización
EP00626,Solicitud de examen,2026-05-29 12:15:45,Dr_Medici_02,Laboratorio,68,M,4,Medicina Interna,Hospitalización
EP00348,Consulta médica,2026-05-29 12:39:07,Dr_Emerge_02,,19,F,3,Emergencias,Alta
EP01454,Realización de examen,2026-05-29 12:48:37,Imagenologia,Imagenología,32,M,3,Medicina Interna,Hospitalización
EP00348,Tratamiento,2026-05-29 13:36:21,Enf_Emerge_01,,19,F,3,Emergencias,Alta
EP00373,Registro del paciente,2026-05-29 13:45:42,Admision_03,,37,F,2,Emergencias,Alta
EP00348,Alta,2026-05-29 14:05:04,Dr_Emerge_02,,19,F,3,Emergencias,Alta
EP00373,Triage,2026-05-29 14:10:41,Enf_Triage_01,,37,F,2,Emergencias,Alta
EP00396,Registro del paciente,2026-05-29 14:19:43,Admision_02,,31,M,3,Medicina Interna,Alta
EP00626,Realización de examen,2026-05-29 14:21:54,Laboratorio_Clinico,Laboratorio,68,M,4,Medicina Interna,Hospitalización
EP00373,Consulta médica,2026-05-29 14:33:42,Dr_Emerge_02,,37,F,2,Emergencias,Alta
EP01454,Evaluación de resultados,2026-05-29 14:34:51,Dr_Medici_02,Imagenología,32,M,3,Medicina Interna,Hospitalización
EP00396,Triage,2026-05-29 14:52:20,Enf_Triage_02,,31,M,3,Medicina Interna,Alta
EP00373,Tratamiento,2026-05-29 15:00:52,Enf_Emerge_03,,37,F,2,Emergencias,Alta
EP00626,Evaluación de resultados,2026-05-29 15:07:04,Dr_Medici_02,Laboratorio,68,M,4,Medicina Interna,Hospitalización
EP01454,Tratamiento,2026-05-29 15:27:34,Enf_Medici_02,,32,M,3,Medicina Interna,Hospitalización
EP00626,Tratamiento,2026-05-29 15:44:20,Enf_Medici_01,,68,M,4,Medicina Interna,Hospitalización
EP00396,Consulta médica,2026-05-29 15:45:40,Dr_Medici_01,,31,M,3,Medicina Interna,Alta
EP01397,Registro del paciente,2026-05-29 15:51:58,Admision_02,,42,F,3,Emergencias,Alta
EP00396,Solicitud de examen,2026-05-29 15:53:37,Dr_Medici_01,Laboratorio,31,M,3,Medicina Interna,Alta
EP00373,Alta,2026-05-29 15:54:47,Dr_Emerge_02,,37,F,2,Emergencias,Alta
EP01428,Registro del paciente,2026-05-29 16:11:04,Admision_02,,95,F,2,Medicina Interna,Hospitalización
EP01397,Triage,2026-05-29 16:14:26,Enf_Triage_02,,42,F,3,Emergencias,Alta
EP01428,Triage,2026-05-29 16:27:56,Enf_Triage_03,,95,F,2,Medicina Interna,Hospitalización
EP01428,Consulta médica,2026-05-29 16:43:51,Dr_Medici_01,,95,F,2,Medicina Interna,Hospitalización
EP00396,Realización de examen,2026-05-29 16:48:43,Laboratorio_Clinico,Laboratorio,31,M,3,Medicina Interna,Alta
EP01428,Solicitud de examen,2026-05-29 17:17:23,Dr_Medici_01,Imagenología,95,F,2,Medicina Interna,Hospitalización
EP00396,Evaluación de resultados,2026-05-29 17:53:02,Dr_Medici_01,Laboratorio,31,M,3,Medicina Interna,Alta
EP01397,Consulta médica,2026-05-29 18:14:28,Dr_Emerge_02,,42,F,3,Emergencias,Alta
EP01397,Solicitud de examen,2026-05-29 18:27:15,Dr_Emerge_02,Laboratorio,42,F,3,Emergencias,Alta
EP00396,Tratamiento,2026-05-29 18:44:13,Enf_Medici_04,,31,M,3,Medicina Interna,Alta
EP00396,Tratamiento,2026-05-29 18:44:13,Enf_Medici_04,,31,M,3,Medicina Interna,Alta
EP01397,Realización de examen,2026-05-29 19:13:44,Laboratorio_Clinico,Laboratorio,42,F,3,Emergencias,Alta
EP00626,Ingreso a hospitalización,2026-05-29 19:21:42,Gestion_Camas,,68,M,4,Medicina Interna,Hospitalización
EP01428,Realización de examen,2026-05-29 19:46:00,Imagenologia,Imagenología,95,F,2,Medicina Interna,Hospitalización
EP01397,Evaluación de resultados,2026-05-29 19:46:54,Dr_Emerge_02,Laboratorio,42,F,3,Emergencias,Alta
EP01397,Solicitud de examen,2026-05-29 19:53:11,Dr_Emerge_02,Laboratorio,42,F,3,Emergencias,Alta
EP01397,Realización de examen,2026-05-29 20:18:40,Laboratorio_Clinico,Laboratorio,42,F,3,Emergencias,Alta
EP01321,Registro del paciente,2026-05-29 20:41:49,Admision_02,,0,F,2,Pediatría,Alta
EP01428,Evaluación de resultados,2026-05-29 20:57:06,Dr_Medici_01,Imagenología,95,F,2,Medicina Interna,Hospitalización
EP00396,Alta,2026-05-29 21:03:02,Dr_Medici_01,,31,M,3,Medicina Interna,Alta
EP01428,Tratamiento,2026-05-29 21:15:23,Enf_Medici_02,,95,F,2,Medicina Interna,Hospitalización
EP01454,Ingreso a hospitalización,2026-05-29 21:24:50,Gestion_Camas,,32,M,3,Medicina Interna,Hospitalización
EP01397,Evaluación de resultados,2026-05-29 21:31:30,Dr_Emerge_02,Laboratorio,42,F,3,Emergencias,Alta
EP01321,Triage,2026-05-29 21:31:38,Enf_Triage_02,,0,F,2,Pediatría,Alta
EP01321,Consulta médica,2026-05-29 22:18:32,Dr_Pediat_03,,0,F,2,Pediatría,Alta
EP01397,Tratamiento,2026-05-29 22:49:16,Enf_Emerge_01,,42,F,3,Emergencias,Alta
EP01321,Tratamiento,2026-05-29 23:09:53,Enf_Pediat_03,,0,F,2,Pediatría,Alta
EP01321,Alta,2026-05-29 23:22:17,Dr_Pediat_03,,0,F,2,Pediatría,Alta
EP01397,Alta,2026-05-29 23:44:33,Dr_Emerge_02,,42,F,3,Emergencias,Alta
EP00123,Registro del paciente,2026-05-30 02:09:46,Admision_03,,39,M,3,Emergencias,Alta
EP00123,Triage,2026-05-30 02:33:28,Enf_Triage_02,,39,M,3,Emergencias,Alta
EP01428,Ingreso a hospitalización,2026-05-30 02:51:33,Gestion_Camas,,95,F,2,Medicina Interna,Hospitalización
EP00123,Consulta médica,2026-05-30 03:49:09,Dr_Emerge_01,,39,M,3,Emergencias,Alta
EP00123,Tratamiento,2026-05-30 04:17:47,Enf_Emerge_01,,39,M,3,Emergencias,Alta
EP00123,Alta,2026-05-30 05:08:15,Dr_Emerge_01,,39,M,3,Emergencias,Alta
EP00853,Registro del paciente,2026-05-30 05:15:21,Admision_01,,71,M,3,Emergencias,Alta
EP00853,Triage,2026-05-30 05:37:24,Enf_Triage_02,,71,M,3,Emergencias,Alta
EP00647,Registro del paciente,2026-05-30 05:51:04,Admision_03,,11,F,3,Pediatría,Alta
EP00647,Triage,2026-05-30 06:56:33,Enf_Triage_03,,11,F,3,Pediatría,Alta
EP00853,Consulta médica,2026-05-30 07:48:10,Dr_Emerge_01,,71,M,3,Emergencias,Alta
EP00647,Consulta médica,2026-05-30 08:02:09,Dr_Pediat_02,,11,F,3,Pediatría,Alta
EP00853,Solicitud de examen,2026-05-30 08:04:42,Dr_Emerge_01,Laboratorio,71,M,3,Emergencias,Alta
EP00647,Solicitud de examen,2026-05-30 08:15:19,Dr_Pediat_02,Imagenología,11,F,3,Pediatría,Alta
EP00853,Realización de examen,2026-05-30 09:19:03,Laboratorio_Clinico,Laboratorio,71,M,3,Emergencias,Alta
EP00853,Evaluación de resultados,2026-05-30 09:54:10,Dr_Emerge_01,Laboratorio,71,M,3,Emergencias,Alta
EP01028,Registro del paciente,2026-05-30 10:21:59,Admision_01,,62,M,4,Emergencias,Alta
EP00853,Tratamiento,2026-05-30 10:28:54,Enf_Emerge_04,,71,M,3,Emergencias,Alta
EP01028,Triage,2026-05-30 10:45:47,Enf_Triage_02,,62,M,4,Emergencias,Alta
EP00853,Alta,2026-05-30 11:28:36,Dr_Emerge_01,,71,M,3,Emergencias,Alta
EP00647,Realización de examen,2026-05-30 12:07:22,Imagenologia,Imagenología,11,F,3,Pediatría,Alta
EP00721,Registro del paciente,2026-05-30 12:37:18,Admision_03,,46,M,3,Traumatología,Alta
EP00647,Evaluación de resultados,2026-05-30 13:02:02,Dr_Pediat_02,Imagenología,11,F,3,Pediatría,Alta
EP00721,Triage,2026-05-30 13:02:15,Enf_Triage_02,,46,M,3,Traumatología,Alta
EP00176,Registro del paciente,2026-05-30 13:33:07,Admision_02,,11,M,4,Pediatría,Alta
EP00647,Tratamiento,2026-05-30 13:39:45,Enf_Pediat_04,,11,F,3,Pediatría,Alta
EP00176,Triage,2026-05-30 13:53:53,Enf_Triage_02,,11,M,4,Pediatría,Alta
EP01028,Consulta médica,2026-05-30 14:08:46,Dr_Emerge_03,,62,M,4,Emergencias,Alta
EP00721,Consulta médica,2026-05-30 14:40:28,Dr_Trauma_03,,46,M,3,Traumatología,Alta
EP01028,Tratamiento,2026-05-30 15:01:27,Enf_Emerge_01,,62,M,4,Emergencias,Alta
EP00647,Alta,2026-05-30 15:18:59,Dr_Pediat_02,,11,F,3,Pediatría,Alta
EP01028,Alta,2026-05-30 15:46:37,Dr_Emerge_03,,62,M,4,Emergencias,Alta
EP00176,Consulta médica,2026-05-30 15:53:02,Dr_Pediat_01,,11,M,4,Pediatría,Alta
EP00779,Registro del paciente,2026-05-30 16:14:32,Admision_03,,10,M,3,Pediatría,Alta
EP00018,Registro del paciente,2026-05-30 16:22:47,Admision_01,,3,F,1,Pediatría,Alta
EP00018,Triage,2026-05-30 16:25:48,Enf_Triage_01,,3,F,1,Pediatría,Alta
EP00018,Consulta médica,2026-05-30 16:29:43,Dr_Pediat_02,,3,F,1,Pediatría,Alta
EP00721,Tratamiento,2026-05-30 16:32:06,Enf_Trauma_03,,46,M,3,Traumatología,Alta
EP00779,Triage,2026-05-30 16:33:53,Enf_Triage_02,,10,M,3,Pediatría,Alta
EP00176,Tratamiento,2026-05-30 16:34:39,Enf_Pediat_04,,11,M,4,Pediatría,Alta
EP00427,Registro del paciente,2026-05-30 16:53:47,Admision_01,,38,M,3,Traumatología,Alta
EP00018,Tratamiento,2026-05-30 17:00:58,Enf_Pediat_04,,3,F,1,Pediatría,Alta
EP01432,Registro del paciente,2026-05-30 17:19:09,Admision_02,,66,M,2,Traumatología,Traslado
EP00427,Triage,2026-05-30 17:38:38,Enf_Triage_03,,38,M,3,Traumatología,Alta
EP00176,Alta,2026-05-30 17:40:01,Dr_Pediat_01,,11,M,4,Pediatría,Alta
EP00721,Alta,2026-05-30 17:42:22,Dr_Trauma_03,,46,M,3,Traumatología,Alta
EP01432,Triage,2026-05-30 18:12:59,Enf_Triage_01,,66,M,2,Traumatología,Traslado
EP00018,Alta,2026-05-30 18:16:06,Dr_Pediat_02,,3,F,1,Pediatría,Alta
EP01432,Consulta médica,2026-05-30 19:08:34,Dr_Trauma_04,,66,M,2,Traumatología,Traslado
EP01432,Solicitud de examen,2026-05-30 19:18:45,Dr_Trauma_04,Imagenología,66,M,2,Traumatología,Traslado
EP00427,Consulta médica,2026-05-30 19:19:54,Dr_Trauma_04,,38,M,3,Traumatología,Alta
EP00779,Consulta médica,2026-05-30 19:42:09,Dr_Pediat_01,,10,M,3,Pediatría,Alta
EP00427,Tratamiento,2026-05-30 19:53:57,Enf_Trauma_01,,38,M,3,Traumatología,Alta
EP01154,Registro del paciente,2026-05-30 19:58:18,Admision_03,,15,F,2,Emergencias,Alta
EP00779,Tratamiento,2026-05-30 20:00:12,Enf_Pediat_01,,10,M,3,Pediatría,Alta
EP01154,Triage,2026-05-30 20:11:36,Enf_Triage_01,,15,F,2,Emergencias,Alta
EP01154,Consulta médica,2026-05-30 20:26:52,Dr_Emerge_04,,15,F,2,Emergencias,Alta
EP01154,Solicitud de examen,2026-05-30 20:37:53,Dr_Emerge_04,Laboratorio,15,F,2,Emergencias,Alta
EP01154,Realización de examen,2026-05-30 21:25:56,Laboratorio_Clinico,Laboratorio,15,F,2,Emergencias,Alta
EP00779,Alta,2026-05-30 21:41:01,Dr_Pediat_01,,10,M,3,Pediatría,Alta
EP00427,Alta,2026-05-30 21:48:56,Dr_Trauma_04,,38,M,3,Traumatología,Alta
EP01154,Evaluación de resultados,2026-05-30 22:00:50,Dr_Emerge_04,Laboratorio,15,F,2,Emergencias,Alta
EP00742,Registro del paciente,2026-05-30 22:12:56,Admision_03,,75,M,3,Medicina Interna,Alta
EP00742,Triage,2026-05-30 22:34:48,Enf_Triage_01,,75,M,3,Medicina Interna,Alta
EP00257,Registro del paciente,2026-05-30 22:44:53,Admision_03,,37,M,4,Emergencias,Alta
EP01154,Tratamiento,2026-05-30 22:51:56,Enf_Emerge_01,,15,F,2,Emergencias,Alta
EP00610,Registro del paciente,2026-05-30 23:18:21,Admision_03,,1,F,4,Pediatría,Alta
EP00257,Triage,2026-05-30 23:27:45,Enf_Triage_01,,37,M,4,Emergencias,Alta
EP00742,Consulta médica,2026-05-30 23:41:51,Dr_Medici_02,,75,M,3,Medicina Interna,Alta
EP00742,Solicitud de examen,2026-05-31 00:04:24,Dr_Medici_02,Laboratorio,75,M,3,Medicina Interna,Alta
EP00610,Triage,2026-05-31 00:05:32,Enf_Triage_02,,1,F,4,Pediatría,Alta
EP01154,Alta,2026-05-31 00:35:09,Dr_Emerge_04,,15,F,2,Emergencias,Alta
EP00742,Realización de examen,2026-05-31 01:40:54,Laboratorio_Clinico,Laboratorio,75,M,3,Medicina Interna,Alta
EP00530,Registro del paciente,2026-05-31 02:44:55,Admision_02,,34,F,3,Emergencias,Alta
EP00742,Evaluación de resultados,2026-05-31 02:48:25,Dr_Medici_02,Laboratorio,75,M,3,Medicina Interna,Alta
EP00610,Consulta médica,2026-05-31 02:52:40,Dr_Pediat_02,,1,F,4,Pediatría,Alta
EP00530,Triage,2026-05-31 03:09:21,Enf_Triage_03,,34,F,3,Emergencias,Alta
EP00610,Tratamiento,2026-05-31 03:23:31,Enf_Pediat_04,,1,F,4,Pediatría,Alta
EP01340,Registro del paciente,2026-05-31 05:23:59,Admision_01,,6,M,4,Pediatría,Alta
EP01116,Registro del paciente,2026-05-31 05:37:26,Admision_02,,27,F,5,Medicina Interna,Alta
EP00610,Alta,2026-05-31 05:41:08,Dr_Pediat_02,,1,F,4,Pediatría,Alta
EP01116,Triage,2026-05-31 05:47:24,Enf_Triage_01,,27,F,5,Medicina Interna,Alta
EP01340,Triage,2026-05-31 05:56:13,Enf_Triage_01,,6,M,4,Pediatría,Alta
EP00742,Consulta médica,2026-05-31 06:17:08,Dr_Medici_02,,75,M,3,Medicina Interna,Alta
EP00530,Consulta médica,2026-05-31 06:28:42,Dr_Emerge_04,,34,F,3,Emergencias,Alta
EP00257,Consulta médica,2026-05-31 06:43:48,Dr_Emerge_01,,37,M,4,Emergencias,Alta
EP00742,Tratamiento,2026-05-31 06:56:20,Enf_Medici_01,,75,M,3,Medicina Interna,Alta
EP00530,Tratamiento,2026-05-31 07:01:15,Enf_Emerge_01,,34,F,3,Emergencias,Alta
EP01432,Realización de examen,2026-05-31 07:02:53,Imagenologia,Imagenología,66,M,2,Traumatología,Traslado
EP00530,Alta,2026-05-31 07:37:34,Dr_Emerge_04,,34,F,3,Emergencias,Alta
EP00257,Tratamiento,2026-05-31 07:49:49,Enf_Emerge_03,,37,M,4,Emergencias,Alta
EP00742,Alta,2026-05-31 08:00:56,Dr_Medici_02,,75,M,3,Medicina Interna,Alta
EP01340,Consulta médica,2026-05-31 08:22:53,Dr_Pediat_01,,6,M,4,Pediatría,Alta
EP00257,Alta,2026-05-31 08:30:51,Dr_Emerge_01,,37,M,4,Emergencias,Alta
EP01432,Evaluación de resultados,2026-05-31 08:33:23,Dr_Trauma_04,Imagenología,66,M,2,Traumatología,Traslado
EP01340,Solicitud de examen,2026-05-31 08:34:17,Dr_Pediat_01,Imagenología,6,M,4,Pediatría,Alta
EP01175,Registro del paciente,2026-05-31 08:40:57,Admision_03,,83,F,3,Emergencias,Alta
EP01116,Consulta médica,2026-05-31 08:50:43,Dr_Medici_01,,27,F,5,Medicina Interna,Alta
EP01175,Triage,2026-05-31 09:01:03,Enf_Triage_01,,83,F,3,Emergencias,Alta
EP01116,Solicitud de examen,2026-05-31 09:11:16,Dr_Medici_01,Laboratorio,27,F,5,Medicina Interna,Alta
EP01087,Registro del paciente,2026-05-31 09:25:48,Admision_02,,69,M,5,Emergencias,Alta
EP01432,Tratamiento,2026-05-31 09:30:37,Enf_Trauma_03,,66,M,2,Traumatología,Traslado
EP01116,Realización de examen,2026-05-31 09:46:15,Laboratorio_Clinico,Laboratorio,27,F,5,Medicina Interna,Alta
EP00834,Registro del paciente,2026-05-31 10:01:06,Admision_01,,56,F,4,Medicina Interna,Alta
EP01087,Triage,2026-05-31 10:04:53,Enf_Triage_03,,69,M,5,Emergencias,Alta
EP00825,Registro del paciente,2026-05-31 10:23:08,Admision_03,,34,F,3,Emergencias,Hospitalización
EP00039,Registro del paciente,2026-05-31 10:40:48,Admision_01,,40,M,3,Medicina Interna,Traslado
EP00834,Triage,2026-05-31 10:55:26,Enf_Triage_03,,56,F,4,Medicina Interna,Alta
EP01175,Consulta médica,2026-05-31 11:13:03,Dr_Emerge_04,,83,F,3,Emergencias,Alta
EP00825,Triage,2026-05-31 11:14:27,Enf_Triage_02,,34,F,3,Emergencias,Hospitalización
EP00039,Triage,2026-05-31 11:15:50,Enf_Triage_02,,40,M,3,Medicina Interna,Traslado
EP01100,Registro del paciente,2026-05-31 11:30:05,Admision_01,,67,M,4,Emergencias,Alta
EP01116,Evaluación de resultados,2026-05-31 11:45:46,Dr_Medici_01,Laboratorio,27,F,5,Medicina Interna,Alta
EP01100,Triage,2026-05-31 11:56:58,Enf_Triage_03,,67,M,4,Emergencias,Alta
EP00195,Registro del paciente,2026-05-31 12:19:41,Admision_02,,7,M,5,Pediatría,Alta
EP01116,Tratamiento,2026-05-31 12:28:13,Enf_Medici_01,,27,F,5,Medicina Interna,Alta
EP00039,Consulta médica,2026-05-31 12:45:23,Dr_Medici_01,,40,M,3,Medicina Interna,Traslado
EP00195,Triage,2026-05-31 12:59:51,Enf_Triage_03,,7,M,5,Pediatría,Alta
EP00825,Consulta médica,2026-05-31 13:24:37,Dr_Emerge_02,,34,F,3,Emergencias,Hospitalización
EP00967,Registro del paciente,2026-05-31 13:27:53,Admision_03,,23,F,4,Medicina Interna,Alta
EP01116,Alta,2026-05-31 13:29:50,Dr_Medici_01,,27,F,5,Medicina Interna,Alta
EP00039,Consulta médica,2026-05-31 13:30:47,Dr_Medici_01,,40,M,3,Medicina Interna,Traslado
EP01100,Consulta médica,,Dr_Emerge_01,,67,M,4,Emergencias,Alta
EP00967,Triage,2026-05-31 13:55:25,Enf_Triage_03,,23,F,4,Medicina Interna,Alta
EP00825,Tratamiento,2026-05-31 14:11:15,Enf_Emerge_04,,34,F,3,Emergencias,Hospitalización
EP01167,Registro del paciente,2026-05-31 14:37:46,Admision_03,,45,M,3,Emergencias,Hospitalización
EP00039,Tratamiento,2026-05-31 14:40:29,Enf_Medici_01,,40,M,3,Medicina Interna,Traslado
EP01087,Consulta médica,2026-05-31 14:43:14,Dr_Emerge_01,,69,M,5,Emergencias,Alta
EP01100,Tratamiento,2026-05-31 14:56:07,Enf_Emerge_04,,67,M,4,Emergencias,Alta
EP01167,Triage,2026-05-31 14:59:45,Enf_Triage_01,,45,M,3,Emergencias,Hospitalización
EP00170,Registro del paciente,2026-05-31 15:04:32,Admision_01,,44,M,3,Traumatología,Alta
EP01432,Traslado a otro centro,2026-05-31 15:09:10,Admision_01,,66,M,2,Traumatología,Traslado
EP00170,Triage,2026-05-31 15:18:51,Enf_Triage_03,,44,M,3,Traumatología,Alta
EP01087,Tratamiento,2026-05-31 15:49:09,Enf_Emerge_02,,69,M,5,Emergencias,Alta
EP01100,Alta,2026-05-31 16:00:09,Dr_Emerge_01,,67,M,4,Emergencias,Alta
EP00834,Consulta médica,2026-05-31 16:14:45,Dr_Medici_01,,56,F,4,Medicina Interna,Alta
EP00170,Consulta médica,2026-05-31 16:18:52,Dr_Trauma_01,,44,M,3,Traumatología,Alta
EP00834,Solicitud de examen,2026-05-31 16:22:47,Dr_Medici_01,Imagenología,56,F,4,Medicina Interna,Alta
EP00170,solicitud de examen,2026-05-31 16:35:09,Dr_Trauma_01,Imagenología,44,M,3,Traumatología,Alta
EP01167,Consulta médica,2026-05-31 16:41:15,Dr_Emerge_04,,45,M,3,Emergencias,Hospitalización
EP00967,Consulta médica,2026-05-31 16:50:12,Dr_Medici_04,,23,F,4,Medicina Interna,Alta
EP00039,Traslado a otro centro,2026-05-31 16:55:33,Admision_01,,40,M,3,Medicina Interna,Traslado
EP01340,Realización de examen,2026-05-31 17:00:32,Imagenologia,Imagenología,6,M,4,Pediatría,Alta
EP01087,Alta,2026-05-31 17:01:15,Dr_Emerge_01,,69,M,5,Emergencias,Alta
EP01175,Interconsulta especialista,2026-05-31 17:06:37,Especialista_02,,83,F,3,Emergencias,Alta
EP01167,Tratamiento,2026-05-31 17:12:29,Enf_Emerge_01,,45,M,3,Emergencias,Hospitalización
EP01175,Tratamiento,2026-05-31 17:37:14,Enf_Emerge_03,,83,F,3,Emergencias,Alta
EP00825,Ingreso a hospitalización,2026-05-31 17:41:02,Gestion_Camas,,34,F,3,Emergencias,Hospitalización
EP00967,Consulta médica,2026-05-31 17:43:44,Dr_Medici_04,,23,F,4,Medicina Interna,Alta
EP00967,Tratamiento,2026-05-31 18:06:09,Enf_Medici_03,,23,F,4,Medicina Interna,Alta
EP01175,Alta,2026-05-31 18:22:39,Dr_Emerge_04,,83,F,3,Emergencias,Alta
EP00195,Consulta médica,2026-05-31 18:47:49,Dr_Pediat_03,,7,M,5,Pediatría,Alta
EP01340,Evaluación de resultados,2026-05-31 19:02:18,Dr_Pediat_01,Imagenología,6,M,4,Pediatría,Alta
EP00967,Alta,2026-05-31 19:10:57,Dr_Medici_04,,23,F,4,Medicina Interna,Alta
EP00003,Registro del paciente,2026-05-31 19:14:03,Admision_01,,15,F,3,Traumatología,Alta
EP00003,Triage,2026-05-31 19:34:52,Enf_Triage_03,,15,F,3,Traumatología,Alta
EP01340,Tratamiento,2026-05-31 19:47:27,Enf_Pediat_03,,6,M,4,Pediatría,Alta
EP01340,Alta,2026-05-31 20:59:53,Dr_Pediat_01,,6,M,4,Pediatría,Alta
EP00003,Consulta médica,2026-05-31 21:22:38,Dr_Trauma_03,,15,F,3,Traumatología,Alta
EP00170,Realización de examen,2026-05-31 21:40:52,Imagenologia,Imagenología,44,M,3,Traumatología,Alta
EP00003,Tratamiento,2026-05-31 22:18:32,Enf_Trauma_04,,15,F,3,Traumatología,Alta
EP00170,Evaluación de resultados,2026-05-31 22:28:06,Dr_Trauma_01,Imagenología,44,M,3,Traumatología,Alta
EP00195,Interconsulta especialista,2026-05-31 23:02:07,Especialista_02,,7,M,5,Pediatría,Alta
EP00170,Solicitud de examen,2026-05-31 23:02:39,Dr_Trauma_01,Laboratorio,44,M,3,Traumatología,Alta
EP01403,Registro del paciente,2026-05-31 23:16:13,Admision_03,,61,F,3,Emergencias,Alta
EP00003,Alta,2026-05-31 23:33:54,Dr_Trauma_03,,15,F,3,Traumatología,Alta
EP00170,Realización de examen,2026-05-31 23:40:17,Laboratorio_Clinico,Laboratorio,44,M,3,Traumatología,Alta
EP01403,Triage,2026-05-31 23:42:34,Enf_Triage_03,,61,F,3,Emergencias,Alta
EP00195,Tratamiento,2026-05-31 23:59:48,Enf_Pediat_02,,7,M,5,Pediatría,Alta
EP00170,Evaluación de resultados,2026-06-01 00:34:55,Dr_Trauma_01,Laboratorio,44,M,3,Traumatología,Alta
EP01403,Consulta médica,2026-06-01 00:49:57,Dr_Emerge_04,,61,F,3,Emergencias,Alta
EP00195,Alta,2026-06-01 01:00:58,Dr_Pediat_03,,7,M,5,Pediatría,Alta
EP00170,Tratamiento,2026-06-01 01:09:44,Enf_Trauma_01,,44,M,3,Traumatología,Alta
EP01403,Tratamiento,2026-06-01 01:10:19,Enf_Emerge_01,,61,F,3,Emergencias,Alta
EP00170,Alta,2026-06-01 02:09:17,Dr_Trauma_01,,44,M,3,Traumatología,Alta
EP00834,Realización de examen,2026-06-01 02:11:16,Imagenologia,Imagenología,56,F,4,Medicina Interna,Alta
EP01403,Alta,2026-06-01 02:31:46,Dr_Emerge_04,,61,F,3,Emergencias,Alta
EP00022,Registro del paciente,2026-06-01 04:57:42,Admision_03,,0,F,3,Pediatría,Alta
EP00834,Evaluación de resultados,2026-06-01 04:58:56,Dr_Medici_01,Imagenología,56,F,4,Medicina Interna,Alta
EP00022,Triage,2026-06-01 05:32:04,Enf_Triage_01,,0,F,3,Pediatría,Alta
EP00460,Registro del paciente,2026-06-01 05:44:43,Admision_01,,54,M,2,Medicina Interna,Alta
EP00460,Triage,2026-06-01 05:58:38,Enf_Triage_02,,54,M,2,Medicina Interna,Alta
EP00834,Tratamiento,2026-06-01 05:59:39,Enf_Medici_03,,56,F,4,Medicina Interna,Alta
EP00173,Registro del paciente,2026-06-01 06:02:58,Admision_03,,13,F,5,Pediatría,Alta
EP00460,Consulta médica,2026-06-01 06:12:29,Dr_Medici_01,,54,M,2,Medicina Interna,Alta
EP00460,Solicitud de examen,2026-06-01 06:22:46,Dr_Medici_01,Imagenología,54,M,2,Medicina Interna,Alta
EP00173,Triage,2026-06-01 06:29:25,Enf_Triage_03,,13,F,5,Pediatría,Alta
EP00834,Alta,2026-06-01 06:50:08,Dr_Medici_01,,56,F,4,Medicina Interna,Alta
EP00022,Consulta médica,2026-06-01 07:31:59,Dr_Pediat_01,,0,F,3,Pediatría,Alta
EP00022,Tratamiento,2026-06-01 08:09:35,Enf_Pediat_04,,0,F,3,Pediatría,Alta
EP00022,Alta,2026-06-01 08:26:52,Dr_Pediat_01,,0,F,3,Pediatría,Alta
EP00173,Consulta médica,2026-06-01 09:33:52,Dr_Pediat_02,,13,F,5,Pediatría,Alta
EP00173,Solicitud de examen,2026-06-01 09:41:41,Dr_Pediat_02,Laboratorio,13,F,5,Pediatría,Alta
EP00460,Realización de examen,2026-06-01 09:54:44,Imagenologia,Imagenología,54,M,2,Medicina Interna,Alta
EP00173,Realización de examen,2026-06-01 11:12:22,Laboratorio_Clinico,Laboratorio,13,F,5,Pediatría,Alta
EP00460,Evaluación de resultados,2026-06-01 11:46:04,Dr_Medici_01,Imagenología,54,M,2,Medicina Interna,Alta
EP00460,Solicitud de examen,2026-06-01 11:59:36,Dr_Medici_01,Imagenología,54,M,2,Medicina Interna,Alta
EP00173,Evaluación de resultados,2026-06-01 12:27:55,Dr_Pediat_02,Laboratorio,13,F,5,Pediatría,Alta
EP00237,Registro del paciente,2026-06-01 12:29:06,Admision_03,,34,M,3,Emergencias,Alta
EP00297,Registro del paciente,2026-06-01 12:33:48,Admision_01,,48,F,5,Emergencias,Alta
EP00237,Triage,2026-06-01 12:49:15,Enf_Triage_01,,34,M,3,Emergencias,Alta
EP00173,Tratamiento,2026-06-01 13:06:13,Enf_Pediat_04,,13,F,5,Pediatría,Alta
EP00912,Registro del paciente,2026-06-01 13:13:05,Admision_01,,28,F,3,Emergencias,Alta
EP00173,Alta,2026-06-01 13:32:13,Dr_Pediat_02,,13,F,5,Pediatría,Alta
EP00297,Triage,2026-06-01 13:54:17,Enf_Triage_03,,48,F,5,Emergencias,Alta
EP00912,Triage,2026-06-01 14:00:54,Enf_Triage_02,,28,F,3,Emergencias,Alta
EP00237,Consulta médica,2026-06-01 14:03:00,Dr_Emerge_02,,34,M,3,Emergencias,Alta
EP01425,Registro del paciente,2026-06-01 15:03:25,Admision_03,,40,M,4,Emergencias,Hospitalización
EP00304,Registro del paciente,2026-06-01 15:05:33,Admision_01,,37,M,5,Traumatología,Alta
EP00237,Tratamiento,2026-06-01 15:13:36,Enf_Emerge_02,,34,M,3,Emergencias,Alta
EP00912,Consulta médica,2026-06-01 15:17:06,Dr_Emerge_01,,28,F,3,Emergencias,Alta
EP01167,Ingreso a hospitalización,2026-06-01 15:37:02,Gestion_Camas,,45,M,3,Emergencias,Hospitalización
EP00912,Tratamiento,2026-06-01 15:40:07,Enf_Emerge_02,,28,F,3,Emergencias,Alta
EP00304,Triage,2026-06-01 15:47:38,Enf_Triage_01,,37,M,5,Traumatología,Alta
EP01425,Triage,2026-06-01 15:56:45,Enf_Triage_01,,40,M,4,Emergencias,Hospitalización
EP00912,Alta,2026-06-01 16:19:54,Dr_Emerge_01,,28,F,3,Emergencias,Alta
EP00297,Consulta médica,2026-06-01 16:23:17,Dr_Emerge_03,,48,F,5,Emergencias,Alta
EP00237,Alta,2026-06-01 16:29:41,Dr_Emerge_02,,34,M,3,Emergencias,Alta
EP00796,Registro del paciente,2026-06-01 16:42:38,Admision_01,,26,F,4,Emergencias,Alta
EP00304,consulta médica,2026-06-01 17:16:28,Dr_Trauma_02,,37,M,5,Traumatología,Alta
EP00796,Triage,2026-06-01 17:20:43,Enf_Triage_01,,26,F,4,Emergencias,Alta
EP01018,Registro del paciente,2026-06-01 17:21:03,Admision_01,,38,F,4,Traumatología,Hospitalización
EP01413,Registro del paciente,2026-06-01 17:22:01,Admision_01,,78,M,3,Traumatología,Alta
EP00297,Tratamiento,2026-06-01 17:28:08,Enf_Emerge_01,,48,F,5,Emergencias,Alta
EP00304,Solicitud de examen ,2026-06-01 17:29:31,Dr_Trauma_02,Imagenología,37,M,5,Traumatología,Alta
EP01018,Triage,2026-06-01 17:45:25,Enf_Triage_03,,38,F,4,Traumatología,Hospitalización
EP01413,Triage,2026-06-01 17:48:22,Enf_Triage_01,,78,M,3,Traumatología,Alta
EP00297,Alta,2026-06-01 18:05:13,Dr_Emerge_03,,48,F,5,Emergencias,Alta
EP01425,Consulta médica,2026-06-01 18:05:20,Dr_Emerge_03,,40,M,4,Emergencias,Hospitalización
EP00460,Realización de examen,2026-06-01 18:13:22,Imagenologia,Imagenología,54,M,2,Medicina Interna,Alta
EP01425,Tratamiento,2026-06-01 18:31:06,Enf_Emerge_03,,40,M,4,Emergencias,Hospitalización
EP00796,Consulta médica,2026-06-01 18:42:31,Dr_Emerge_04,,26,F,4,Emergencias,Alta
EP00460,Evaluación de resultados,2026-06-01 19:52:00,Dr_Medici_01,Imagenología,54,M,2,Medicina Interna,Alta
EP00796,Tratamiento,2026-06-01 20:04:48,Enf_Emerge_03,,26,F,4,Emergencias,Alta
EP01413,Consulta médica,2026-06-01 20:21:15,Dr_Trauma_02,,78,M,3,Traumatología,Alta
EP01413,Solicitud de examen,2026-06-01 20:28:05,Dr_Trauma_02,Imagenología,78,M,3,Traumatología,Alta
EP00796,Alta,2026-06-01 20:34:28,Dr_Emerge_04,,26,F,4,Emergencias,Alta
EP00304,Realización de examen,2026-06-01 20:50:11,Imagenologia,Imagenología,37,M,5,Traumatología,Alta
EP00460,Tratamiento,2026-06-01 21:13:16,Enf_Medici_02,,54,M,2,Medicina Interna,Alta
EP00304,Evaluación de resultados,2026-06-01 21:49:55,Dr_Trauma_02,Imagenología,37,M,5,Traumatología,Alta
EP01018,Consulta médica,2026-06-01 21:55:48,Dr_Trauma_03,,38,F,4,Traumatología,Hospitalización
EP00460,Alta,2026-06-01 22:04:59,Dr_Medici_01,,54,M,2,Medicina Interna,Alta
EP00304,Solicitud de examen,2026-06-01 22:05:35,Dr_Trauma_02,Imagenología,37,M,5,Traumatología,Alta
EP01018,Tratamiento,2026-06-01 22:23:13,Enf_Trauma_01,,38,F,4,Traumatología,Hospitalización
EP00304,Realización de examen,2026-06-02 00:03:06,Imagenologia,Imagenología,37,M,5,Traumatología,Alta
EP00081,Registro del paciente,2026-06-02 01:06:51,Admision_01,,15,F,5,Medicina Interna,Alta
EP00081,Triage,2026-06-02 01:55:00,Enf_Triage_02,,15,F,5,Medicina Interna,Alta
EP00304,Evaluación de resultados,2026-06-02 02:47:05,Dr_Trauma_02,Imagenología,37,M,5,Traumatología,Alta
EP00576,Registro del paciente,2026-06-02 03:41:37,Admision_03,,14,F,4,Pediatría,Alta
EP00304,Consulta médica,2026-06-02 04:15:42,Dr_Trauma_02,,37,M,5,Traumatología,Alta
EP00576,Triage,2026-06-02 04:19:07,Enf_Triage_02,,14,F,4,Pediatría,Alta
EP00304,Tratamiento,2026-06-02 04:48:20,Enf_Trauma_04,,37,M,5,Traumatología,Alta
EP01413,Realización de examen,2026-06-02 05:32:18,Imagenologia,Imagenología,78,M,3,Traumatología,Alta
EP00304,Alta,2026-06-02 05:52:54,Dr_Trauma_02,,37,M,5,Traumatología,Alta
EP00576,Consulta médica,2026-06-02 05:57:40,Dr_Pediat_04,,14,F,4,Pediatría,Alta
EP00576,Tratamiento,2026-06-02 06:37:31,Enf_Pediat_04,,14,F,4,Pediatría,Alta
EP00081,Consulta médica,2026-06-02 06:51:34,Dr_Medici_01,,15,F,5,Medicina Interna,Alta
EP00081,Solicitud de examen,2026-06-02 06:56:48,Dr_Medici_01,Imagenología,15,F,5,Medicina Interna,Alta
EP00576,Alta,2026-06-02 07:52:18,Dr_Pediat_04,,14,F,4,Pediatría,Alta
EP01425,Ingreso a hospitalización,2026-06-02 08:03:10,Gestion_Camas,,40,M,4,Emergencias,Hospitalización
EP01413,Evaluación de resultados,2026-06-02 08:08:26,Dr_Trauma_02,Imagenología,78,M,3,Traumatología,Alta
EP01413,Tratamiento,2026-06-02 09:11:03,Enf_Trauma_03,,78,M,3,Traumatología,Alta
EP00081,Realización de examen,2026-06-02 10:54:17,Imagenologia,Imagenología,15,F,5,Medicina Interna,Alta
EP00062,Registro del paciente,2026-06-02 10:59:24,Admision_02,,46,F,4,Emergencias,Alta
EP00957,Registro del paciente,2026-06-02 11:14:25,Admision_03,,52,M,4,Traumatología,Alta
EP00062,Triage,2026-06-02 11:40:51,Enf_Triage_02,,46,F,4,Emergencias,Alta
EP00957,Triage,2026-06-02 11:46:18,Enf_Triage_01,,52,M,4,Traumatología,Alta
EP01413,Alta,2026-06-02 11:49:52,Dr_Trauma_02,,78,M,3,Traumatología,Alta
EP00081,Evaluación de resultados,2026-06-02 13:04:23,Dr_Medici_01,Imagenología,15,F,5,Medicina Interna,Alta
EP00081,Solicitud de examen,2026-06-02 13:15:26,Dr_Medici_01,Laboratorio,15,F,5,Medicina Interna,Alta
EP00957,Consulta médica,2026-06-02 13:56:48,Dr_Trauma_03,,52,M,4,Traumatología,Alta
EP00081,Realización de examen,2026-06-02 14:02:47,Laboratorio_Clinico,Laboratorio,15,F,5,Medicina Interna,Alta
EP00957,Solicitud de examen,2026-06-02 14:04:57,Dr_Trauma_03,Imagenología,52,M,4,Traumatología,Alta
EP00081,Evaluación de resultados,2026-06-02 14:49:23,Dr_Medici_01,Laboratorio,15,F,5,Medicina Interna,Alta
EP00957,Realización de examen,2026-06-02 15:32:34,Imagenologia,Imagenología,52,M,4,Traumatología,Alta
EP00081,Tratamiento,2026-06-02 15:35:16,Enf_Medici_04,,15,F,5,Medicina Interna,Alta
EP00997,Registro del paciente,2026-06-02 16:14:14,Admision_03,,64,M,3,Emergencias,Alta
EP00062,Consulta médica,2026-06-02 16:17:29,Dr_Emerge_03,,46,F,4,Emergencias,Alta
EP00957,Evaluación de resultados,2026-06-02 16:19:18,Dr_Trauma_03,Imagenología,52,M,4,Traumatología,Alta
EP00957,Solicitud de examen,2026-06-02 16:29:33,Dr_Trauma_03,Imagenología,52,M,4,Traumatología,Alta
EP00062,Solicitud de examen,2026-06-02 16:32:53,Dr_Emerge_03,Imagenología,46,F,4,Emergencias,Alta
EP00997,Triage,2026-06-02 16:38:41,Enf_Triage_01,,64,M,3,Emergencias,Alta
EP00081,Alta,2026-06-02 17:02:16,Dr_Medici_01,,15,F,5,Medicina Interna,Alta
EP00203,Registro del paciente,2026-06-02 17:19:12,Admision_03,,22,M,4,Medicina Interna,Alta
EP00203,Triage,2026-06-02 17:34:25,Enf_Triage_01,,22,M,4,Medicina Interna,Alta
EP00957,Realización de examen,2026-06-02 18:08:29,Imagenologia,Imagenología,52,M,4,Traumatología,Alta
EP00997,Consulta médica,2026-06-02 18:12:08,Dr_Emerge_04,,64,M,3,Emergencias,Alta
EP00997,Tratamiento,2026-06-02 18:42:28,Enf_Emerge_03,,64,M,3,Emergencias,Alta
EP00997,Alta,2026-06-02 19:34:48,Dr_Emerge_04,,64,M,3,Emergencias,Alta
EP00203,Consulta médica,2026-06-02 19:36:11,Dr_Medici_04,,22,M,4,Medicina Interna,Alta
EP00203,Solicitud de examen,2026-06-02 19:52:42,Dr_Medici_04,Imagenología,22,M,4,Medicina Interna,Alta
EP00957,Evaluación de resultados,2026-06-02 20:14:15,Dr_Trauma_03,Imagenología,52,M,4,Traumatología,Alta
EP00062,Realización de examen,2026-06-02 20:15:23,Imagenologia,Imagenología,46,F,4,Emergencias,Alta
EP00957,Tratamiento,2026-06-02 21:01:34,Enf_Trauma_04,,52,M,4,Traumatología,Alta
EP00957,Alta,2026-06-02 21:42:46,Dr_Trauma_03,,52,M,4,Traumatología,Alta
EP00062,Evaluación de resultados,2026-06-02 21:50:39,Dr_Emerge_03,Imagenología,46,F,4,Emergencias,Alta
EP00062,Tratamiento,2026-06-02 22:24:22,Enf_Emerge_02,,46,F,4,Emergencias,Alta
EP01018,Ingreso a hospitalización,2026-06-02 22:47:04,Gestion_Camas,,38,F,4,Traumatología,Hospitalización
EP00062,Alta,2026-06-02 23:13:01,Dr_Emerge_03,,46,F,4,Emergencias,Alta
EP00203,Realización de examen ,2026-06-03 01:09:40,Imagenologia,Imagenología,22,M,4,Medicina Interna,Alta
EP00203,Evaluación de resultados,2026-06-03 02:23:20,Dr_Medici_04,Imagenología,22,M,4,Medicina Interna,Alta
EP00203,Tratamiento,2026-06-03 02:56:12,Enf_Medici_03,,22,M,4,Medicina Interna,Alta
EP00203,Alta,2026-06-03 03:44:55,Dr_Medici_04,,22,M,4,Medicina Interna,Alta
EP00855,Registro del paciente,2026-06-03 06:31:44,Admision_02,,8,F,4,Pediatría,Alta
EP00855,Triage,2026-06-03 07:09:37,Enf_Triage_03,,8,F,4,Pediatría,Alta
EP00061,Registro del paciente,2026-06-03 08:01:12,Admision_02,,15,F,4,Medicina Interna,Alta
EP00061,Triage,2026-06-03 08:38:24,Enf_Triage_03,,15,F,4,Medicina Interna,Alta
EP00855,Consulta médica,2026-06-03 09:08:12,Dr_Pediat_03,,8,F,4,Pediatría,Alta
EP00855,Solicitud de examen,2026-06-03 09:22:46,Dr_Pediat_03,Laboratorio,8,F,4,Pediatría,Alta
EP00855,Realización de examen,2026-06-03 10:47:00,Laboratorio_Clinico,Laboratorio,8,F,4,Pediatría,Alta
EP00855,Evaluación de resultados,2026-06-03 11:21:15,Dr_Pediat_03,Laboratorio,8,F,4,Pediatría,Alta
EP00061,Consulta médica,2026-06-03 11:45:54,Dr_Medici_03,,15,F,4,Medicina Interna,Alta
EP00061,Solicitud de examen,2026-06-03 11:54:22,Dr_Medici_03,Imagenología,15,F,4,Medicina Interna,Alta
EP00855,Tratamiento,2026-06-03 12:04:23,Enf_Pediat_04,,8,F,4,Pediatría,Alta
EP01130,Registro del paciente,2026-06-03 12:59:35,Admision_01,,50,M,4,Emergencias,Alta
EP01130,Triage,2026-06-03 13:36:36,Enf_Triage_01,,50,M,4,Emergencias,Alta
EP00032,Registro del paciente,2026-06-03 13:52:32,Admision_03,,53,F,3,Emergencias,Hospitalización
EP01404,Registro del paciente,2026-06-03 13:52:49,Admision_03,,32,F,3,Emergencias,Alta
EP00032,Triage,2026-06-03 14:10:55,Enf_Triage_03,,53,F,3,Emergencias,Hospitalización
EP01404,Triage,2026-06-03 14:17:16,Enf_Triage_02,,32,F,3,Emergencias,Alta
EP00061,Realización de examen,2026-06-03 14:25:33,Imagenologia,Imagenología,15,F,4,Medicina Interna,Alta
EP00855,Alta,2026-06-03 14:35:03,Dr_Pediat_03,,8,F,4,Pediatría,Alta
EP00032,Consulta médica,2026-06-03 15:31:02,Dr_Emerge_01,,53,F,3,Emergencias,Hospitalización
EP01404,Consulta médica,2026-06-03 15:33:27,Dr_Emerge_03,,32,F,3,Emergencias,Alta
EP00061,Evaluación de resultados,2026-06-03 15:41:04,Dr_Medici_03,Imagenología,15,F,4,Medicina Interna,Alta
EP00032,Solicitud de examen,2026-06-03 15:42:18,Dr_Emerge_01,Imagenología,53,F,3,Emergencias,Hospitalización
EP00061,Solicitud de examen,2026-06-03 15:53:03,Dr_Medici_03,Imagenología,15,F,4,Medicina Interna,Alta
EP01404,Tratamiento,2026-06-03 17:13:36,Enf_Emerge_04,,32,F,3,Emergencias,Alta
EP00263,Registro del paciente,2026-06-03 17:54:13,Admision_03,,46,F,3,Medicina Interna,Alta
EP00771,Registro del paciente,2026-06-03 18:02:47,Admision_03,,65,F,4,Medicina Interna,Alta
EP01404,Alta,2026-06-03 18:04:57,Dr_Emerge_03,,32,F,3,Emergencias,Alta
EP00061,Realización de examen,2026-06-03 18:06:50,Imagenologia,Imagenología,15,F,4,Medicina Interna,Alta
EP00263,Triage,2026-06-03 18:24:24,Enf_Triage_02,,46,F,3,Medicina Interna,Alta
EP00771,Triage,2026-06-03 18:35:10,Enf_Triage_03,,65,F,4,Medicina Interna,Alta
EP00263,Consulta médica,2026-06-03 18:55:29,Dr_Medici_01,,46,F,3,Medicina Interna,Alta
EP00263,Solicitud de examen,2026-06-03 19:05:59,Dr_Medici_01,Laboratorio,46,F,3,Medicina Interna,Alta
EP01130,Consulta médica,2026-06-03 19:26:08,Dr_Emerge_04,,50,M,4,Emergencias,Alta
EP00061,Evaluación de resultados,2026-06-03 19:48:33,Dr_Medici_03,Imagenología,15,F,4,Medicina Interna,Alta
EP00032,Realización de examen,2026-06-03 19:58:41,Imagenologia,Imagenología,53,F,3,Emergencias,Hospitalización
EP00263,Realización de examen,2026-06-03 19:59:51,Laboratorio_Clinico,Laboratorio,46,F,3,Medicina Interna,Alta
EP01184,Registro del paciente,2026-06-03 20:24:04,Admision_01,,52,M,1,Emergencias,Hospitalización
EP00263,Evaluación de resultados,2026-06-03 20:25:17,Dr_Medici_01,Laboratorio,46,F,3,Medicina Interna,Alta
EP01184,Triage,2026-06-03 20:27:05,Enf_Triage_03,,52,M,1,Emergencias,Hospitalización
EP01184,Consulta médica,2026-06-03 20:39:43,Dr_Emerge_01,,52,M,1,Emergencias,Hospitalización
EP01184,Solicitud de examen,2026-06-03 20:50:02,Dr_Emerge_01,Laboratorio,52,M,1,Emergencias,Hospitalización
EP01130,Tratamiento,2026-06-03 20:51:09,Enf_Emerge_02,,50,M,4,Emergencias,Alta
EP00032,Evaluación de resultados,2026-06-03 21:13:15,Dr_Emerge_01,Imagenología,53,F,3,Emergencias,Hospitalización
EP00061,Tratamiento,2026-06-03 21:14:27,Enf_Medici_02,,15,F,4,Medicina Interna,Alta
EP00771,Consulta médica,2026-06-03 21:16:42,Dr_Medici_02,,65,F,4,Medicina Interna,Alta
EP00032,Solicitud de examen,2026-06-03 21:19:05,Dr_Emerge_01,Imagenología,53,F,3,Emergencias,Hospitalización
EP01184,Realización de examen,2026-06-03 21:46:29,Laboratorio_Clinico,Laboratorio,52,M,1,Emergencias,Hospitalización
EP00061,Alta,2026-06-03 21:49:23,Dr_Medici_03,,15,F,4,Medicina Interna,Alta
EP01130,Alta,2026-06-03 21:54:59,Dr_Emerge_04,,50,M,4,Emergencias,Alta
EP00771,Tratamiento,2026-06-03 22:20:15,Enf_Medici_02,,65,F,4,Medicina Interna,Alta
EP01184,Evaluación de resultados,2026-06-03 22:52:23,Dr_Emerge_01,Laboratorio,52,M,1,Emergencias,Hospitalización
EP00263,Consulta médica,2026-06-03 22:55:29,Dr_Medici_01,,46,F,3,Medicina Interna,Alta
EP01184,Tratamiento,2026-06-03 23:22:28,Enf_Emerge_04,,52,M,1,Emergencias,Hospitalización
EP00263,Tratamiento,2026-06-03 23:48:33,Enf_Medici_01,,46,F,3,Medicina Interna,Alta
EP00771,Alta,2026-06-04 00:09:53,Dr_Medici_02,,65,F,4,Medicina Interna,Alta
EP00263,Alta,2026-06-04 00:46:40,Dr_Medici_01,,46,F,3,Medicina Interna,Alta
EP01184,Ingreso a hospitalización,2026-06-04 04:48:29,Gestion_Camas,,52,M,1,Emergencias,Hospitalización
EP01256,Registro del paciente,2026-06-04 04:53:04,Admision_02,,15,M,3,Medicina Interna,Alta
EP01256,Triage,2026-06-04 05:33:34,Enf_Triage_02,,15,M,3,Medicina Interna,Alta
EP01256,Consulta médica,2026-06-04 07:48:18,Dr_Medici_03,,15,M,3,Medicina Interna,Alta
EP01256,Tratamiento,2026-06-04 08:09:10,Enf_Medici_03,,15,M,3,Medicina Interna,Alta
EP01068,Registro del paciente,2026-06-04 08:18:46,Admision_01,,7,F,3,Pediatría,Alta
EP00126,Registro del paciente,2026-06-04 08:22:02,Admision_02,,23,F,2,Emergencias,Alta
EP00032,Realización de examen,2026-06-04 08:27:48,Imagenologia,Imagenología,53,F,3,Emergencias,Hospitalización
EP00126,Triage,2026-06-04 08:43:34,Enf_Triage_03,,23,F,2,Emergencias,Alta
EP01256,Alta,2026-06-04 08:58:50,Dr_Medici_03,,15,M,3,Medicina Interna,Alta
EP01068,Triage,2026-06-04 09:00:34,Enf_Triage_01,,7,F,3,Pediatría,Alta
EP00227,Registro del paciente,2026-06-04 09:09:37,Admision_02,,83,M,2,Medicina Interna,Hospitalización
EP00126,Consulta médica,2026-06-04 09:21:30,Dr_Emerge_01,,23,F,2,Emergencias,Alta
EP00227,Triage,2026-06-04 09:40:03,Enf_Triage_03,,83,M,2,Medicina Interna,Hospitalización
EP00227,Consulta médica,2026-06-04 10:08:35,Dr_Medici_03,,83,M,2,Medicina Interna,Hospitalización
EP00227,Solicitud de examen,2026-06-04 10:20:22,Dr_Medici_03,Imagenología,83,M,2,Medicina Interna,Hospitalización
EP00169,Registro del paciente,2026-06-04 10:35:21,Admision_01,,46,F,5,Emergencias,Alta
EP01068,Consulta médica,2026-06-04 10:42:38,Dr_Pediat_01,,7,F,3,Pediatría,Alta
EP00032,Evaluación de resultados,2026-06-04 11:18:38,Dr_Emerge_01,Imagenología,53,F,3,Emergencias,Hospitalización
EP00032,Tratamiento,2026-06-04 11:40:00,Enf_Emerge_02,,53,F,3,Emergencias,Hospitalización
EP00169,Triage,2026-06-04 11:51:37,Enf_Triage_01,,46,F,5,Emergencias,Alta
EP00227,Realización de examen,2026-06-04 12:52:15,Imagenologia,Imagenología,83,M,2,Medicina Interna,Hospitalización
EP00127,Registro del paciente,2026-06-04 13:01:57,Admision_03,,1,F,3,Pediatría,Hospitalización
EP00126,Consulta médica,2026-06-04 13:13:28,Dr_Emerge_01,,23,F,2,Emergencias,Alta
EP00126,Tratamiento,2026-06-04 13:44:52,Enf_Emerge_03,,23,F,2,Emergencias,Alta
EP00127,Triage,2026-06-04 13:48:33,Enf_Triage_03,,1,F,3,Pediatría,Hospitalización
EP00386,Registro del paciente,2026-06-04 14:01:21,Admision_01,,15,F,3,Emergencias,Alta
EP00227,Evaluación de resultados,2026-06-04 14:15:51,Dr_Medici_03,Imagenología,83,M,2,Medicina Interna,Hospitalización
EP00386,Triage,2026-06-04 14:23:36,Enf_Triage_01,,15,F,3,Emergencias,Alta
EP00359,Registro del paciente,2026-06-04 14:26:17,Admision_03,,24,F,5,Emergencias,Alta
EP00126,Alta,2026-06-04 15:27:37,Dr_Emerge_01,,23,F,2,Emergencias,Alta
EP00386,Consulta médica,2026-06-04 15:31:47,Dr_Emerge_04,,15,F,3,Emergencias,Alta
EP00359,Triage,2026-06-04 15:46:09,Enf_Triage_01,,24,F,5,Emergencias,Alta
EP00386,Tratamiento,2026-06-04 16:15:12,Enf_Emerge_03,,15,F,3,Emergencias,Alta
EP00169,Consulta médica,2026-06-04 16:28:33,Dr_Emerge_01,,46,F,5,Emergencias,Alta
EP00127,Consulta médica,2026-06-04 16:32:01,Dr_Pediat_01,,1,F,3,Pediatría,Hospitalización
EP01446,Registro del paciente,2026-06-04 16:38:07,Admision_01,,65,M,3,Traumatología,Alta
EP00127,Tratamiento ,2026-06-04 16:52:38,Enf_Pediat_02,,1,F,3,Pediatría,Hospitalización
EP00169,Solicitud de examen,2026-06-04 17:02:21,Dr_Emerge_01,Laboratorio,46,F,5,Emergencias,Alta
EP01446,Triage,2026-06-04 17:06:13,Enf_Triage_03,,65,M,3,Traumatología,Alta
EP00386,Alta,2026-06-04 17:08:45,Dr_Emerge_04,,15,F,3,Emergencias,Alta
EP00169,Realización de examen,2026-06-04 17:54:31,Laboratorio_Clinico,Laboratorio,46,F,5,Emergencias,Alta
EP00169,Evaluación de resultados,2026-06-04 18:46:59,Dr_Emerge_01,Laboratorio,46,F,5,Emergencias,Alta
EP00359,Consulta médica,2026-06-04 18:47:26,Dr_Emerge_03,,24,F,5,Emergencias,Alta
EP00359,Solicitud de examen,2026-06-04 18:54:23,Dr_Emerge_03,Laboratorio,24,F,5,Emergencias,Alta
EP01446,Consulta médica,2026-06-04 19:05:11,Dr_Trauma_03,,65,M,3,Traumatología,Alta
EP00227,Consulta médica,2026-06-04 19:25:27,Dr_Medici_03,,83,M,2,Medicina Interna,Hospitalización
EP00227,Consulta médica,2026-06-04 19:25:27,Dr_Medici_03,,83,M,2,Medicina Interna,Hospitalización
EP00359,Realización de examen,2026-06-04 19:36:59,Laboratorio_Clinico,Laboratorio,24,F,5,Emergencias,Alta
EP00169,Tratamiento,2026-06-04 19:44:51,Enf_Emerge_03,,46,F,5,Emergencias,Alta
EP00359,Evaluación de resultados,2026-06-04 19:52:12,Dr_Emerge_03,Laboratorio,24,F,5,Emergencias,Alta
EP00227,Tratamiento,2026-06-04 19:59:26,Enf_Medici_03,,83,M,2,Medicina Interna,Hospitalización
EP01446,Tratamiento,2026-06-04 20:12:54,Enf_Trauma_04,,65,M,3,Traumatología,Alta
EP00169,Alta,2026-06-04 20:15:10,Dr_Emerge_01,,46,F,5,Emergencias,Alta
EP00359,Tratamiento,2026-06-04 20:40:54,Enf_Emerge_02,,24,F,5,Emergencias,Alta
EP01446,Alta,2026-06-04 20:50:41,Dr_Trauma_03,,65,M,3,Traumatología,Alta
EP00127,Ingreso a hospitalización,2026-06-04 21:09:08,Gestion_Camas,,1,F,3,Pediatría,Hospitalización
EP01068,Interconsulta especialista,2026-06-04 21:28:48,Especialista_01,,7,F,3,Pediatría,Alta
EP00359,Alta,2026-06-04 21:48:55,Dr_Emerge_03,,24,F,5,Emergencias,Alta
EP00032,Ingreso a hospitalización,2026-06-04 22:15:10,Gestion_Camas,,53,F,3,Emergencias,Hospitalización
EP01068,Tratamiento,2026-06-04 22:29:24,Enf_Pediat_02,,7,F,3,Pediatría,Alta
EP01068,Alta,2026-06-05 00:13:36,Dr_Pediat_01,,7,F,3,Pediatría,Alta
EP01190,Registro del paciente,2026-06-05 00:19:39,Admision_02,,65,F,4,Medicina Interna,Alta
EP01190,Triage,2026-06-05 01:21:37,Enf_Triage_02,,65,F,4,Medicina Interna,Alta
EP00227,Ingreso a hospitalización,2026-06-05 04:00:55,Gestion_Camas,,83,M,2,Medicina Interna,Hospitalización
EP01190,Consulta médica,2026-06-05 05:08:01,Dr_Medici_01,,65,F,4,Medicina Interna,Alta
EP01190,Consulta médica,2026-06-05 06:21:42,Dr_Medici_01,,65,F,4,Medicina Interna,Alta
EP01190,Tratamiento,2026-06-05 06:55:57,Enf_Medici_03,,65,F,4,Medicina Interna,Alta
EP01190,Alta,2026-06-05 08:37:39,Dr_Medici_01,,65,F,4,Medicina Interna,Alta
EP01360,Registro del paciente,2026-06-05 08:54:53,Admision_02,,22,M,3,Medicina Interna,Alta
EP01360,Triage,2026-06-05 09:22:12,Enf_Triage_01,,22,M,3,Medicina Interna,Alta
EP01360,Consulta médica,2026-06-05 12:01:44,Dr_Medici_01,,22,M,3,Medicina Interna,Alta
EP01360,Solicitud de examen,2026-06-05 12:33:57,Dr_Medici_01,Laboratorio,22,M,3,Medicina Interna,Alta
EP01360,Realización de examen,2026-06-05 13:48:55,Laboratorio_Clinico,Laboratorio,22,M,3,Medicina Interna,Alta
EP00380,Registro del paciente,2026-06-05 14:05:47,Admision_01,,50,F,2,Medicina Interna,Hospitalización
EP00380,Triage,2026-06-05 14:34:10,Enf_Triage_03,,50,F,2,Medicina Interna,Hospitalización
EP01360,Evaluación de resultados,2026-06-05 14:40:17,Dr_Medici_01,Laboratorio,22,M,3,Medicina Interna,Alta
EP00380,Consulta médica,2026-06-05 15:09:06,Dr_Medici_01,,50,F,2,Medicina Interna,Hospitalización
EP00380,Solicitud de examen,2026-06-05 15:25:40,Dr_Medici_01,Laboratorio,50,F,2,Medicina Interna,Hospitalización
EP01360,Tratamiento,2026-06-05 16:05:19,Enf_Medici_02,,22,M,3,Medicina Interna,Alta
EP01360,Alta,2026-06-05 16:50:53,Dr_Medici_01,,22,M,3,Medicina Interna,Alta
EP00380,Realización de examen,2026-06-05 17:30:13,Laboratorio_Clinico,Laboratorio,50,F,2,Medicina Interna,Hospitalización
EP00380,Evaluación de resultados,2026-06-05 17:48:37,Dr_Medici_01,Laboratorio,50,F,2,Medicina Interna,Hospitalización
EP00380,Tratamiento,2026-06-05 18:45:29,Enf_Medici_01,,50,F,2,Medicina Interna,Hospitalización
EP00380,Ingreso a hospitalización,2026-06-05 21:12:09,Gestion_Camas,,50,F,2,Medicina Interna,Hospitalización
EP01101,Registro del paciente,2026-06-06 08:36:48,Admision_02,,75,F,4,Medicina Interna,Alta
EP01101,Triage,2026-06-06 09:01:45,Enf_Triage_01,,75,F,4,Medicina Interna,Alta
EP01146,Registro del paciente,2026-06-06 09:10:15,Admision_02,,67,F,4,Emergencias,Alta
EP01146,Triage,2026-06-06 09:38:43,Enf_Triage_03,,67,F,4,Emergencias,Alta
EP01291,Registro del paciente,2026-06-06 09:42:17,Admision_02,,56,M,3,Emergencias,Alta
EP01291,Triage,2026-06-06 10:03:58,Enf_Triage_03,,56,M,3,Emergencias,Alta
EP00776,Registro del paciente,2026-06-06 10:27:26,Admision_02,,68,M,3,Medicina Interna,Alta
EP00776,Triage,2026-06-06 11:10:23,Enf_Triage_03,,68,M,3,Medicina Interna,Alta
EP01291,Consulta médica,2026-06-06 11:26:06,Dr_Emerge_02,,56,M,3,Emergencias,Alta
EP01146,Consulta médica,2026-06-06 11:50:11,Dr_Emerge_02,,67,F,4,Emergencias,Alta
EP01291,Tratamiento,2026-06-06 11:50:56,Enf_Emerge_04,,56,M,3,Emergencias,Alta
EP01101,Consulta médica,2026-06-06 11:59:16,Dr_Medici_04,,75,F,4,Medicina Interna,Alta
EP01101,Solicitud de examen,2026-06-06 12:20:22,Dr_Medici_04,Laboratorio,75,F,4,Medicina Interna,Alta
EP01291,Alta,2026-06-06 12:35:04,Dr_Emerge_02,,56,M,3,Emergencias,Alta
EP01146,Tratamiento,2026-06-06 12:58:56,Enf_Emerge_03,,67,F,4,Emergencias,Alta
EP01101,Realización de examen,2026-06-06 13:01:25,Laboratorio_Clinico,Laboratorio,75,F,4,Medicina Interna,Alta
EP01146,Alta,2026-06-06 13:12:55,Dr_Emerge_02,,67,F,4,Emergencias,Alta
EP01101,Evaluación de resultados,2026-06-06 13:47:10,Dr_Medici_04,Laboratorio,75,F,4,Medicina Interna,Alta
EP00776,Consulta médica,2026-06-06 13:52:30,Dr_Medici_01,,68,M,3,Medicina Interna,Alta
EP00776,Tratamiento,2026-06-06 14:47:11,Enf_Medici_04,,68,M,3,Medicina Interna,Alta
EP01101,Tratamiento,2026-06-06 14:47:31,Enf_Medici_01,,75,F,4,Medicina Interna,Alta
EP00776,Alta,2026-06-06 15:57:13,Dr_Medici_01,,68,M,3,Medicina Interna,Alta
EP01101,Alta,2026-06-06 16:27:24,Dr_Medici_04,,75,F,4,Medicina Interna,Alta
EP00159,Registro del paciente,2026-06-06 18:38:28,Admision_02,,45,F,3,Medicina Interna,Alta
EP00964,Registro del paciente,2026-06-06 19:07:29,Admision_02,,19,M,1,Medicina Interna,Alta
EP00159,Triage,2026-06-06 19:10:09,Enf_Triage_03,,45,F,3,Medicina Interna,Alta
EP00964,Triage,2026-06-06 19:10:30,Enf_Triage_03,,19,M,1,Medicina Interna,Alta
EP00964,Consulta médica,2026-06-06 19:17:17,Dr_Medici_04,,19,M,1,Medicina Interna,Alta
EP00964,Solicitud de examen,2026-06-06 19:27:16,Dr_Medici_04,Laboratorio,19,M,1,Medicina Interna,Alta
EP00159,Consulta médica,2026-06-06 20:45:28,Dr_Medici_03,,45,F,3,Medicina Interna,Alta
EP00964,Realización de examen,2026-06-06 21:12:42,Laboratorio_Clinico,Laboratorio,19,M,1,Medicina Interna,Alta
EP00964,Evaluación de resultados,2026-06-06 21:50:41,Dr_Medici_04,Laboratorio,19,M,1,Medicina Interna,Alta
EP00964,Consulta médica,2026-06-06 22:52:42,Dr_Medici_04,,19,M,1,Medicina Interna,Alta
EP00964,Tratamiento,2026-06-06 23:28:28,Enf_Medici_01,,19,M,1,Medicina Interna,Alta
EP00964,Alta,2026-06-06 23:59:09,Dr_Medici_04,,19,M,1,Medicina Interna,Alta
EP00159,Consulta médica,2026-06-07 01:39:58,Dr_Medici_03,,45,F,3,Medicina Interna,Alta
EP00159,Tratamiento,2026-06-07 02:13:23,Enf_Medici_01,,45,F,3,Medicina Interna,Alta
EP00159,Alta,2026-06-07 02:48:10,Dr_Medici_03,,45,F,3,Medicina Interna,Alta
EP00144,Registro del paciente,2026-06-07 03:25:11,Admision_03,,21,M,5,Traumatología,Alta
EP00144,Triage,2026-06-07 03:55:26,Enf_Triage_02,,21,M,5,Traumatología,Alta
EP00762,Registro del paciente,2026-06-07 04:16:33,Admision_03,,55,M,3,Medicina Interna,Alta
EP00762,Triage,2026-06-07 04:52:57,Enf_Triage_03,,55,M,3,Medicina Interna,Alta
EP00762,Consulta médica,2026-06-07 05:27:33,Dr_Medici_02,,55,M,3,Medicina Interna,Alta
EP00762,Solicitud de examen,2026-06-07 05:44:30,Dr_Medici_02,Laboratorio,55,M,3,Medicina Interna,Alta
EP00762,Realización de examen,2026-06-07 06:37:46,Laboratorio_Clinico,Laboratorio,55,M,3,Medicina Interna,Alta
EP00144,Consulta médica,2026-06-07 06:47:24,Dr_Trauma_02,,21,M,5,Traumatología,Alta
EP00144,Solicitud de examen,2026-06-07 06:55:51,Dr_Trauma_02,Imagenología,21,M,5,Traumatología,Alta
EP00762,Evaluación de resultados,2026-06-07 06:56:32,Dr_Medici_02,Laboratorio,55,M,3,Medicina Interna,Alta
EP00762,Solicitud de examen,2026-06-07 07:14:15,Dr_Medici_02,Laboratorio,55,M,3,Medicina Interna,Alta
EP00762,Realización de examen,2026-06-07 08:12:34,Laboratorio_Clinico,Laboratorio,55,M,3,Medicina Interna,Alta
EP00762,Evaluación de resultados,2026-06-07 08:57:05,Dr_Medici_02,Laboratorio,55,M,3,Medicina Interna,Alta
EP00762,Tratamiento,2026-06-07 09:31:43,Enf_Medici_02,,55,M,3,Medicina Interna,Alta
EP00762,Alta,2026-06-07 10:37:52,Dr_Medici_02,,55,M,3,Medicina Interna,Alta
EP00101,Registro del paciente ,2026-06-07 12:12:54,Admision_02,,56,F,3,Emergencias,Traslado
EP00101,Triage,2026-06-07 12:43:52,Enf_Triage_01,,56,F,3,Emergencias,Traslado
EP00872,Registro del paciente,2026-06-07 13:03:46,Admision_01,,4,F,4,Pediatría,Hospitalización
EP00872,Triage,2026-06-07 13:20:50,Enf_Triage_03,,4,F,4,Pediatría,Hospitalización
EP00101,Consulta médica,2026-06-07 14:52:51,Dr_Emerge_03,,56,F,3,Emergencias,Traslado
EP00101,Solicitud de examen,2026-06-07 15:05:40,Dr_Emerge_03,Laboratorio,56,F,3,Emergencias,Traslado
EP00101,Realización de examen,2026-06-07 15:42:49,Laboratorio_Clinico,Laboratorio,56,F,3,Emergencias,Traslado
EP00872,Consulta médica,2026-06-07 16:18:53,Dr_Pediat_01,,4,F,4,Pediatría,Hospitalización
EP00872,Solicitud de examen,2026-06-07 16:30:13,Dr_Pediat_01,Imagenología,4,F,4,Pediatría,Hospitalización
EP00682,Registro del paciente,2026-06-07 16:30:23,Admision_02,,62,M,3,Medicina Interna,Alta
EP00101,Evaluación de resultados,2026-06-07 16:40:03,Dr_Emerge_03,Laboratorio,56,F,3,Emergencias,Traslado
EP00144,Realización de examen,2026-06-07 17:13:38,Imagenologia,Imagenología,21,M,5,Traumatología,Alta
EP00682,Triage,2026-06-07 17:18:59,Enf_Triage_02,,62,M,3,Medicina Interna,Alta
EP00101,Tratamiento,2026-06-07 17:25:12,Enf_Emerge_01,,56,F,3,Emergencias,Traslado
EP00840,Registro del paciente,2026-06-07 17:37:37,Admision_02,,75,M,4,Medicina Interna,Hospitalización
EP00840,Triage,2026-06-07 18:13:24,Enf_Triage_03,,75,M,4,Medicina Interna,Hospitalización
EP01201,Registro del paciente,2026-06-07 19:09:48,Admision_02,,20,F,4,Emergencias,Alta
EP00144,Evaluación de resultados,2026-06-07 19:33:05,Dr_Trauma_02,Imagenología,21,M,5,Traumatología,Alta
EP01201,Triage,2026-06-07 19:38:19,Enf_Triage_01,,20,F,4,Emergencias,Alta
EP00144,Solicitud de examen,2026-06-07 19:45:09,Dr_Trauma_02,Imagenología,21,M,5,Traumatología,Alta
EP00101,Traslado a otro centro,2026-06-07 19:45:34,Admision_01,,56,F,3,Emergencias,Traslado
EP00682,Consulta médica,2026-06-07 21:56:27,Dr_Medici_01,,62,M,3,Medicina Interna,Alta
EP00682,Solicitud de examen,2026-06-07 22:03:46,Dr_Medici_01,Laboratorio,62,M,3,Medicina Interna,Alta
EP00840,Consulta médica,2026-06-07 22:30:57,Dr_Medici_02,,75,M,4,Medicina Interna,Hospitalización
EP00144,Realización de examen,2026-06-07 22:32:59,Imagenologia,Imagenología,21,M,5,Traumatología,Alta
EP00840,Solicitud de examen,2026-06-07 22:37:15,Dr_Medici_02,Laboratorio,75,M,4,Medicina Interna,Hospitalización
EP00840,Realización de examen,2026-06-07 23:10:31,Laboratorio_Clinico,Laboratorio,75,M,4,Medicina Interna,Hospitalización
EP00682,Realización de examen,2026-06-07 23:27:09,Laboratorio_Clinico,Laboratorio,62,M,3,Medicina Interna,Alta
EP00144,Evaluación de resultados,2026-06-07 23:36:18,Dr_Trauma_02,Imagenología,21,M,5,Traumatología,Alta
EP00840,Evaluación de resultados,2026-06-07 23:43:34,Dr_Medici_02,Laboratorio,75,M,4,Medicina Interna,Hospitalización
EP00144,Solicitud de examen,2026-06-07 23:51:35,Dr_Trauma_02,Imagenología,21,M,5,Traumatología,Alta
EP00682,Evaluación de resultados,2026-06-08 00:11:36,Dr_Medici_01,Laboratorio,62,M,3,Medicina Interna,Alta
EP00682,Solicitud de examen,2026-06-08 00:24:22,Dr_Medici_01,Laboratorio,62,M,3,Medicina Interna,Alta
EP01201,Consulta médica,2026-06-08 00:33:39,Dr_Emerge_03,,20,F,4,Emergencias,Alta
EP01201,Solicitud de examen,2026-06-08 00:47:11,Dr_Emerge_03,Imagenología,20,F,4,Emergencias,Alta
EP00682,Realización de examen,2026-06-08 01:34:17,Laboratorio_Clinico,Laboratorio,62,M,3,Medicina Interna,Alta
EP00840,Interconsulta especialista,2026-06-08 01:53:32,Especialista_04,,75,M,4,Medicina Interna,Hospitalización
EP00682,Evaluación de resultados,2026-06-08 02:28:05,Dr_Medici_01,Laboratorio,62,M,3,Medicina Interna,Alta
EP00840,Tratamiento,2026-06-08 02:38:20,Enf_Medici_02,,75,M,4,Medicina Interna,Hospitalización
EP00682,Solicitud de examen,2026-06-08 02:39:53,Dr_Medici_01,Laboratorio,62,M,3,Medicina Interna,Alta
EP01201,Realización de examen,2026-06-08 03:20:43,Imagenologia,Imagenología,20,F,4,Emergencias,Alta
EP00872,Realización de examen,2026-06-08 04:30:48,Imagenologia,Imagenología,4,F,4,Pediatría,Hospitalización
EP00682,Realización de examen,2026-06-08 04:36:22,Laboratorio_Clinico,Laboratorio,62,M,3,Medicina Interna,Alta
EP01201,Evaluación de resultados,2026-06-08 05:18:44,Dr_Emerge_03,Imagenología,20,F,4,Emergencias,Alta
EP00682,Evaluación de resultados,2026-06-08 05:23:41,Dr_Medici_01,Laboratorio,62,M,3,Medicina Interna,Alta
EP01201,Consulta médica,2026-06-08 06:08:29,Dr_Emerge_03,,20,F,4,Emergencias,Alta
EP01201,Tratamiento,2026-06-08 06:44:51,Enf_Emerge_01,,20,F,4,Emergencias,Alta
EP00872,Evaluación de resultados,2026-06-08 06:53:05,Dr_Pediat_01,Imagenología,4,F,4,Pediatría,Hospitalización
EP00682,Consulta médica,2026-06-08 07:18:08,Dr_Medici_01,,62,M,3,Medicina Interna,Alta
EP00750,Registro del paciente,2026-06-08 08:04:44,Admision_03,,64,F,2,Medicina Interna,Alta
EP00682,Tratamiento,2026-06-08 08:12:48,Enf_Medici_02,,62,M,3,Medicina Interna,Alta
EP00872,Consulta médica,2026-06-08 08:30:49,Dr_Pediat_01,,4,F,4,Pediatría,Hospitalización
EP00750,Triage,2026-06-08 08:35:30,Enf_Triage_02,,64,F,2,Medicina Interna,Alta
EP01201,Alta,2026-06-08 08:42:08,Dr_Emerge_03,,20,F,4,Emergencias,Alta
EP00682,Alta,2026-06-08 08:56:14,Dr_Medici_01,,62,M,3,Medicina Interna,Alta
EP00750,Consulta médica,2026-06-08 08:57:42,Dr_Medici_02,,64,F,2,Medicina Interna,Alta
EP00840,Ingreso a hospitalización,2026-06-08 09:19:55,Gestion_Camas,,75,M,4,Medicina Interna,Hospitalización
EP00872,Tratamiento,2026-06-08 09:40:13,Enf_Pediat_02,,4,F,4,Pediatría,Hospitalización
EP00144,Realización de examen,2026-06-08 09:47:17,Imagenologia,Imagenología,21,M,5,Traumatología,Alta
EP00750,Tratamiento,2026-06-08 10:05:03,Enf_Medici_04,,64,F,2,Medicina Interna,Alta
EP00144,Evaluación de resultados,2026-06-08 10:56:12,Dr_Trauma_02,Imagenología,21,M,5,Traumatología,Alta
EP00750,Alta,2026-06-08 11:06:15,Dr_Medici_02,,64,F,2,Medicina Interna,Alta
EP01434,Registro del paciente,2026-06-08 11:11:30,Admision_03,,2,F,3,Pediatría,Alta
EP00144,Tratamiento,2026-06-08 11:23:23,Enf_Trauma_01,,21,M,5,Traumatología,Alta
EP01434,Triage,2026-06-08 11:36:15,Enf_Triage_01,,2,F,3,Pediatría,Alta
EP00144,Alta,2026-06-08 13:32:40,Dr_Trauma_02,,21,M,5,Traumatología,Alta
EP01434,Consulta médica,2026-06-08 13:41:12,Dr_Pediat_01,,2,F,3,Pediatría,Alta
EP01434,Tratamiento,2026-06-08 14:07:10,Enf_Pediat_01,,2,F,3,Pediatría,Alta
EP01434,Alta,2026-06-08 14:45:49,Dr_Pediat_01,,2,F,3,Pediatría,Alta
EP01228,Registro del paciente,2026-06-08 15:36:42,Admision_03,,69,F,4,Emergencias,Alta
EP00057,Registro del paciente,2026-06-08 15:44:07,Admision_03,,36,F,4,Emergencias,Alta
EP00057,Triage,2026-06-08 16:11:53,Enf_Triage_01,,36,F,4,Emergencias,Alta
EP01228,Triage,2026-06-08 16:15:06,Enf_Triage_03,,69,F,4,Emergencias,Alta
EP00586,Registro del paciente,2026-06-08 17:08:41,Admision_03,,28,M,3,Medicina Interna,Alta
EP00181,Registro del paciente,2026-06-08 17:36:38,Admision_01,,1,F,3,Pediatría,Alta
EP00586,Triage,2026-06-08 17:50:23,Enf_Triage_01,,28,M,3,Medicina Interna,Alta
EP00057,Consulta médica,2026-06-08 18:08:46,Dr_Emerge_01,,36,F,4,Emergencias,Alta
EP00181,Triage,2026-06-08 18:19:15,Enf_Triage_02,,1,F,3,Pediatría,Alta
EP00181,Consulta médica,2026-06-08 18:50:25,Dr_Pediat_02,,1,F,3,Pediatría,Alta
EP00057,Tratamiento,2026-06-08 18:55:07,Enf_Emerge_01,,36,F,4,Emergencias,Alta
EP00181,Solicitud de examen,2026-06-08 19:01:34,Dr_Pediat_02,Laboratorio,1,F,3,Pediatría,Alta
EP00057,Alta,2026-06-08 19:22:02,Dr_Emerge_01,,36,F,4,Emergencias,Alta
EP00068,Registro del paciente,2026-06-08 19:26:17,Admision_02,,1,F,4,Pediatría,Alta
EP00586,Consulta médica,2026-06-08 19:45:48,Dr_Medici_03,,28,M,3,Medicina Interna,Alta
EP00181,Realización de examen,2026-06-08 19:49:27,Laboratorio_Clinico,Laboratorio,1,F,3,Pediatría,Alta
EP00586,Tratamiento,2026-06-08 20:18:44,Enf_Medici_03,,28,M,3,Medicina Interna,Alta
EP00068,Triage,2026-06-08 20:33:49,Enf_Triage_03,,1,F,4,Pediatría,Alta
EP00586,Alta,2026-06-08 20:53:35,Dr_Medici_03,,28,M,3,Medicina Interna,Alta
EP00181,Evaluación de resultados,2026-06-08 21:01:50,Dr_Pediat_02,Laboratorio,1,F,3,Pediatría,Alta
EP00068,Consulta médica,2026-06-08 22:32:19,Dr_Pediat_04,,1,F,4,Pediatría,Alta
EP00068,Tratamiento,2026-06-08 23:19:50,Enf_Pediat_01,,1,F,4,Pediatría,Alta
EP00068,Alta,2026-06-09 00:02:20,Dr_Pediat_04,,1,F,4,Pediatría,Alta
EP00821,Registro del paciente,2026-06-09 00:13:14,Admision_03,,37,F,5,Emergencias,Alta
EP00821,Triage,2026-06-09 01:08:47,Enf_Triage_01,,37,F,5,Emergencias,Alta
EP01228,Consulta médica,2026-06-09 01:22:26,Dr_Emerge_03,,69,F,4,Emergencias,Alta
EP01228,Tratamiento,2026-06-09 02:00:22,Enf_Emerge_03,,69,F,4,Emergencias,Alta
EP01228,Alta,2026-06-09 02:53:06,Dr_Emerge_03,,69,F,4,Emergencias,Alta
EP00872,Ingreso a hospitalización,2026-06-09 05:15:38,Gestion_Camas,,4,F,4,Pediatría,Hospitalización
EP01373,Registro del paciente,2026-06-09 06:24:43,Admision_01,,59,M,3,Traumatología,Alta
EP01373,Triage,2026-06-09 07:13:36,Enf_Triage_02,,59,M,3,Traumatología,Alta
EP00821,Consulta médica,2026-06-09 08:10:42,Dr_Emerge_03,,37,F,5,Emergencias,Alta
EP00821,Tratamiento,2026-06-09 08:39:12,Enf_Emerge_04,,37,F,5,Emergencias,Alta
EP01373,Consulta médica,2026-06-09 08:43:00,Dr_Trauma_03,,59,M,3,Traumatología,Alta
EP01373,Solicitud de examen,2026-06-09 08:55:13,Dr_Trauma_03,Imagenología,59,M,3,Traumatología,Alta
EP00821,Alta,2026-06-09 11:03:11,Dr_Emerge_03,,37,F,5,Emergencias,Alta
EP01099,Registro del paciente,2026-06-09 13:25:30,Admision_01,,90,M,4,Traumatología,Alta
EP01099,Triage,2026-06-09 13:41:10,Enf_Triage_03,,90,M,4,Traumatología,Alta
EP00891,Registro del paciente,2026-06-09 14:36:01,Admision_03,,55,F,4,Medicina Interna,Alta
EP00891,Triage,2026-06-09 15:22:06,Enf_Triage_01,,55,F,4,Medicina Interna,Alta
EP00463,Registro del paciente,2026-06-09 15:43:49,Admision_02,,70,F,5,Medicina Interna,Alta
EP00463,Triage,2026-06-09 16:18:56,Enf_Triage_03,,70,F,5,Medicina Interna,Alta
EP01373,Realización de examen,2026-06-09 16:39:06,Imagenologia,Imagenología,59,M,3,Traumatología,Alta
EP00181,Interconsulta especialista,2026-06-09 17:17:08,Especialista_01,,1,F,3,Pediatría,Alta
EP00891,Consulta médica,2026-06-09 17:30:48,Dr_Medici_04,,55,F,4,Medicina Interna,Alta
EP00181,Tratamiento,2026-06-09 17:56:23,Enf_Pediat_03,,1,F,3,Pediatría,Alta
EP01373,Evaluación de resultados,2026-06-09 18:08:53,Dr_Trauma_03,Imagenología,59,M,3,Traumatología,Alta
EP00891,Tratamiento,2026-06-09 18:17:20,Enf_Medici_02,,55,F,4,Medicina Interna,Alta
EP01373,Tratamiento,2026-06-09 18:42:40,Enf_Trauma_03,,59,M,3,Traumatología,Alta
EP00463,Consulta médica,2026-06-09 18:59:00,Dr_Medici_04,,70,F,5,Medicina Interna,Alta
EP01373,Alta,2026-06-09 19:05:39,Dr_Trauma_03,,59,M,3,Traumatología,Alta
EP00181,Alta,2026-06-09 19:17:00,Dr_Pediat_02,,1,F,3,Pediatría,Alta
EP00463,Solicitud de examen,2026-06-09 19:18:17,Dr_Medici_04,Laboratorio,70,F,5,Medicina Interna,Alta
EP00891,Alta,2026-06-09 19:38:38,Dr_Medici_04,,55,F,4,Medicina Interna,Alta
EP00463,Realización de examen,2026-06-09 20:21:59,Laboratorio_Clinico,Laboratorio,70,F,5,Medicina Interna,Alta
EP00463,Evaluación de resultados,2026-06-09 20:42:24,Dr_Medici_04,Laboratorio,70,F,5,Medicina Interna,Alta
EP00463,Solicitud de examen,2026-06-09 20:49:23,Dr_Medici_04,Laboratorio,70,F,5,Medicina Interna,Alta
EP00463,Realización de examen,2026-06-09 21:29:59,Laboratorio_Clinico,Laboratorio,70,F,5,Medicina Interna,Alta
EP00463,Evaluación de resultados,2026-06-09 21:43:26,Dr_Medici_04,Laboratorio,70,F,5,Medicina Interna,Alta
EP00463,Solicitud de examen,2026-06-09 21:47:54,Dr_Medici_04,Imagenología,70,F,5,Medicina Interna,Alta
EP01099,Consulta médica ,2026-06-09 23:23:08,Dr_Trauma_03,,90,M,4,Traumatología,Alta
EP01099,Tratamiento,2026-06-10 00:03:41,Enf_Trauma_01,,90,M,4,Traumatología,Alta
EP01099,Alta,2026-06-10 03:26:14,Dr_Trauma_03,,90,M,4,Traumatología,Alta
EP00093,Registro del paciente,2026-06-10 03:49:53,Admision_03,,71,M,3,Traumatología,Alta
EP00093,Triage,2026-06-10 04:22:58,Enf_Triage_02,,71,M,3,Traumatología,Alta
EP00093,Consulta médica,2026-06-10 04:55:30,Dr_Trauma_03,,71,M,3,Traumatología,Alta
EP00093,Tratamiento,2026-06-10 06:05:57,Enf_Trauma_04,,71,M,3,Traumatología,Alta
EP00931,Registro del paciente,2026-06-10 07:40:51,Admision_03,,60,M,1,Emergencias,Hospitalización
EP00931,Triage,2026-06-10 07:43:52,Enf_Triage_01,,60,M,1,Emergencias,Hospitalización
EP00931,Consulta médica,2026-06-10 07:46:55,Dr_Emerge_02,,60,M,1,Emergencias,Hospitalización
EP00931,Solicitud de examen,2026-06-10 07:52:35,Dr_Emerge_02,Laboratorio,60,M,1,Emergencias,Hospitalización
EP00594,Registro del paciente,2026-06-10 07:58:17,Admision_01,,47,F,5,Emergencias,Alta
EP00093,Alta,2026-06-10 08:00:56,Dr_Trauma_03,,71,M,3,Traumatología,Alta
EP00594,Triage,2026-06-10 08:16:32,Enf_Triage_02,,47,F,5,Emergencias,Alta
EP00931,Realización de examen,2026-06-10 08:51:45,Laboratorio_Clinico,Laboratorio,60,M,1,Emergencias,Hospitalización
EP00931,Evaluación de resultados,2026-06-10 09:04:05,Dr_Emerge_02,Laboratorio,60,M,1,Emergencias,Hospitalización
EP00931,Evaluación de resultados,2026-06-10 09:04:05,Dr_Emerge_02,Laboratorio,60,M,1,Emergencias,Hospitalización
EP00931,Tratamiento,2026-06-10 09:30:44,Enf_Emerge_01,,60,M,1,Emergencias,Hospitalización
EP00463,Realización de examen,2026-06-10 10:53:21,Imagenologia,Imagenología,70,F,5,Medicina Interna,Alta
EP00500,Registro del paciente,2026-06-10 12:09:02,Admision_01,,70,F,4,Emergencias,Alta
EP00247,Registro del paciente,2026-06-10 12:38:59,Admision_01,,56,F,3,Emergencias,Alta
EP00463,Evaluación de resultados,2026-06-10 12:45:51,Dr_Medici_04,Imagenología,70,F,5,Medicina Interna,Alta
EP00247,Triage,2026-06-10 12:58:16,Enf_Triage_02,,56,F,3,Emergencias,Alta
EP00594,Consulta médica,2026-06-10 12:59:16,Dr_Emerge_01,,47,F,5,Emergencias,Alta
EP00500,Triage,2026-06-10 13:38:43,Enf_Triage_01,,70,F,4,Emergencias,Alta
EP00594,Tratamiento,2026-06-10 13:43:15,Enf_Emerge_02,,47,F,5,Emergencias,Alta
EP00463,Tratamiento,2026-06-10 13:49:20,Enf_Medici_04,,70,F,5,Medicina Interna,Alta
EP00247,Consulta médica,2026-06-10 14:20:36,Dr_Emerge_04,,56,F,3,Emergencias,Alta
EP00463,Alta,2026-06-10 14:25:45,Dr_Medici_04,,70,F,5,Medicina Interna,Alta
EP00594,Alta,2026-06-10 14:38:14,Dr_Emerge_01,,47,F,5,Emergencias,Alta
EP00247,Tratamiento,2026-06-10 15:23:29,Enf_Emerge_01,,56,F,3,Emergencias,Alta
EP00080,Registro del paciente,2026-06-10 16:02:00,Admision_03,,47,M,3,Emergencias,Alta
EP00500,Consulta médica,2026-06-10 16:04:30,Dr_Emerge_02,,70,F,4,Emergencias,Alta
EP00247,Alta,2026-06-10 16:04:47,Dr_Emerge_04,,56,F,3,Emergencias,Alta
EP00080,Triage,2026-06-10 16:28:32,Enf_Triage_03,,47,M,3,Emergencias,Alta
EP00500,Tratamiento,2026-06-10 16:31:37,Enf_Emerge_02,,70,F,4,Emergencias,Alta
EP00500,Alta,2026-06-10 18:13:25,Dr_Emerge_02,,70,F,4,Emergencias,Alta
EP00080,Consulta médica,2026-06-10 19:13:48,Dr_Emerge_03,,47,M,3,Emergencias,Alta
EP00080,Tratamiento,2026-06-10 19:50:52,Enf_Emerge_01,,47,M,3,Emergencias,Alta
EP00080,Alta,2026-06-10 20:29:37,Dr_Emerge_03,,47,M,3,Emergencias,Alta
EP00936,Registro del paciente,2026-06-10 21:33:32,Admision_02,,19,F,4,Emergencias,Alta
EP00936,Triage,2026-06-10 21:48:15,Enf_Triage_03,,19,F,4,Emergencias,Alta
EP00052,Registro del paciente,2026-06-10 23:21:10,Admision_03,,87,F,4,Emergencias,Hospitalización
EP00052,Triage,2026-06-11 00:11:26,Enf_Triage_01,,87,F,4,Emergencias,Hospitalización
EP00936,Consulta médica,2026-06-11 02:06:52,Dr_Emerge_03,,19,F,4,Emergencias,Alta
EP00936,Tratamiento,2026-06-11 02:44:23,Enf_Emerge_04,,19,F,4,Emergencias,Alta
EP00936,Alta,2026-06-11 03:54:19,Dr_Emerge_03,,19,F,4,Emergencias,Alta
EP00931,Ingreso a hospitalización,2026-06-11 09:21:15,Gestion_Camas,,60,M,1,Emergencias,Hospitalización
EP00681,Registro del paciente,2026-06-11 09:33:39,Admision_02,,55,F,3,Emergencias,Alta
EP00681,Triage,2026-06-11 10:01:20,Enf_Triage_01,,55,F,3,Emergencias,Alta
EP00681,Triage,2026-06-11 10:01:20,Enf_Triage_01,,55,F,3,Emergencias,Alta
EP01036,Registro del paciente,2026-06-11 10:11:20,Admision_01,,5,M,3,Pediatría,Alta
EP01036,Triage,2026-06-11 10:41:06,Enf_Triage_03,,5,M,3,Pediatría,Alta
EP00681,Consulta médica,2026-06-11 10:52:18,Dr_Emerge_04,,55,F,3,Emergencias,Alta
EP00052,Consulta médica,2026-06-11 10:54:18,Dr_Emerge_04,,87,F,4,Emergencias,Hospitalización
EP01019,Registro del paciente,2026-06-11 11:15:40,Admision_02,,57,M,4,Emergencias,Alta
EP00681,Tratamiento,2026-06-11 11:24:13,Enf_Emerge_03,,55,F,3,Emergencias,Alta
EP00660,Registro del paciente,2026-06-11 11:50:14,Admision_01,,39,F,2,Emergencias,Hospitalización
EP01019,Triage,2026-06-11 11:54:31,Enf_Triage_01,,57,M,4,Emergencias,Alta
EP00660,Triage,2026-06-11 12:08:36,Enf_Triage_03,,39,F,2,Emergencias,Hospitalización
EP00681,Alta,2026-06-11 12:19:59,Dr_Emerge_04,,55,F,3,Emergencias,Alta
EP00697,Registro del paciente,2026-06-11 12:35:17,Admision_03,,66,M,2,Emergencias,Hospitalización
EP01036,Consulta médica,2026-06-11 12:47:21,Dr_Pediat_01,,5,M,3,Pediatría,Alta
EP00697,Triage,2026-06-11 12:52:59,Enf_Triage_02,,66,M,2,Emergencias,Hospitalización
EP00660,Consulta médica,2026-06-11 12:53:48,Dr_Emerge_04,,39,F,2,Emergencias,Hospitalización
EP00660,Tratamiento,2026-06-11 13:15:15,Enf_Emerge_02,,39,F,2,Emergencias,Hospitalización
EP00697,Consulta médica,2026-06-11 13:26:58,Dr_Emerge_01,,66,M,2,Emergencias,Hospitalización
EP01036,Tratamiento,2026-06-11 13:32:57,Enf_Pediat_02,,5,M,3,Pediatría,Alta
EP00697,Solicitud de examen,2026-06-11 13:50:01,Dr_Emerge_01,Laboratorio,66,M,2,Emergencias,Hospitalización
EP00393,Registro del paciente,2026-06-11 13:53:03,Admision_03,,65,F,4,Emergencias,Alta
EP01406,Registro del paciente,2026-06-11 14:06:18,Admision_03,,11,F,3,Pediatría,Alta
EP01406,Triage,2026-06-11 14:23:40,Enf_Triage_02,,11,F,3,Pediatría,Alta
EP01162,Registro del paciente,2026-06-11 14:30:24,Admision_03,,38,M,2,Emergencias,Hospitalización
EP01160,Registro del paciente,2026-06-11 14:40:53,Admision_03,,15,M,4,Traumatología,Alta
EP00393,Triage,2026-06-11 14:42:17,Enf_Triage_03,,65,F,4,Emergencias,Alta
EP00269,Registro del paciente,2026-06-11 14:51:46,Admision_03,,39,F,2,Medicina Interna,Alta
EP01036,Alta,2026-06-11 14:52:13,Dr_Pediat_01,,5,M,3,Pediatría,Alta
EP00269,Triage,2026-06-11 15:18:17,Enf_Triage_03,,39,F,2,Medicina Interna,Alta
EP00697,Realización de examen,2026-06-11 15:19:29,Laboratorio_Clinico,Laboratorio,66,M,2,Emergencias,Hospitalización
EP01160,Triage,2026-06-11 15:25:02,Enf_Triage_02,,15,M,4,Traumatología,Alta
EP01162,Triage,2026-06-11 15:35:00,Enf_Triage_02,,38,M,2,Emergencias,Hospitalización
EP01019,Consulta médica,2026-06-11 15:43:20,Dr_Emerge_01,,57,M,4,Emergencias,Alta
EP01406,Consulta médica,2026-06-11 15:43:27,Dr_Pediat_01,,11,F,3,Pediatría,Alta
EP01406,Solicitud de examen,2026-06-11 15:49:23,Dr_Pediat_01,Laboratorio,11,F,3,Pediatría,Alta
EP01019,Solicitud de examen,2026-06-11 15:51:27,Dr_Emerge_01,Laboratorio,57,M,4,Emergencias,Alta
EP00269,Consulta médica,2026-06-11 15:53:09,Dr_Medici_02,,39,F,2,Medicina Interna,Alta
EP01162,Consulta médica,2026-06-11 15:55:00,Dr_Emerge_04,,38,M,2,Emergencias,Hospitalización
EP00269,Solicitud de examen,2026-06-11 15:58:31,Dr_Medici_02,Imagenología,39,F,2,Medicina Interna,Alta
EP01162,Solicitud de examen,2026-06-11 16:09:59,Dr_Emerge_04,Laboratorio,38,M,2,Emergencias,Hospitalización
EP00697,Evaluación de resultados,2026-06-11 16:11:25,Dr_Emerge_01,Laboratorio,66,M,2,Emergencias,Hospitalización
EP01183,Registro del paciente,2026-06-11 16:32:30,Admision_03,,47,F,3,Emergencias,Alta
EP01406,Realización de examen,2026-06-11 16:47:53,Laboratorio_Clinico,Laboratorio,11,F,3,Pediatría,Alta
EP01019,Realización de examen,2026-06-11 16:56:44,Laboratorio_Clinico,Laboratorio,57,M,4,Emergencias,Alta
EP01183,Triage,2026-06-11 17:20:35,Enf_Triage_03,,47,F,3,Emergencias,Alta
EP01406,Evaluación de resultados,2026-06-11 17:26:11,Dr_Pediat_01,Laboratorio,11,F,3,Pediatría,Alta
EP01162,Realización de examen,2026-06-11 17:49:40,Laboratorio_Clinico,Laboratorio,38,M,2,Emergencias,Hospitalización
EP01162,Evaluación de resultados,2026-06-11 18:17:24,Dr_Emerge_04,Laboratorio,38,M,2,Emergencias,Hospitalización
EP01019,Evaluación de resultados,2026-06-11 18:25:10,Dr_Emerge_01,Laboratorio,57,M,4,Emergencias,Alta
EP01285,Registro del paciente,2026-06-11 18:26:04,Admision_02,,28,M,4,Medicina Interna,Alta
EP00269,Realización de examen,2026-06-11 18:33:34,Imagenologia,Imagenología,39,F,2,Medicina Interna,Alta
EP01019,Tratamiento,2026-06-11 18:44:53,Enf_Emerge_04,,57,M,4,Emergencias,Alta
EP01162,Tratamiento,2026-06-11 18:46:54,Enf_Emerge_02,,38,M,2,Emergencias,Hospitalización
EP01183,Consulta médica,2026-06-11 18:53:00,Dr_Emerge_04,,47,F,3,Emergencias,Alta
EP00785,Registro del paciente,2026-06-11 18:56:30,Admision_03,,38,M,4,Medicina Interna,Hospitalización
EP01285,Triage,2026-06-11 18:59:45,Enf_Triage_02,,28,M,4,Medicina Interna,Alta
EP00785,Triage,2026-06-11 19:09:55,Enf_Triage_01,,38,M,4,Medicina Interna,Hospitalización
EP00052,Consulta médica,2026-06-11 19:19:51,Dr_Emerge_04,,87,F,4,Emergencias,Hospitalización
EP00393,Consulta médica,2026-06-11 19:21:10,Dr_Emerge_03,,65,F,4,Emergencias,Alta
EP01183,Tratamiento,2026-06-11 19:44:15,Enf_Emerge_03,,47,F,3,Emergencias,Alta
EP00269,Evaluación de resultados,2026-06-11 19:45:54,Dr_Medici_02,Imagenología,39,F,2,Medicina Interna,Alta
EP00740,Registro del paciente,2026-06-11 19:48:13,Admision_02,,57,M,3,Traumatología,Hospitalización
EP00393,Tratamiento,2026-06-11 20:04:37,Enf_Emerge_02,,65,F,4,Emergencias,Alta
EP01019,Alta,2026-06-11 20:06:53,Dr_Emerge_01,,57,M,4,Emergencias,Alta
EP00052,Tratamiento,2026-06-11 20:08:31,Enf_Emerge_04,,87,F,4,Emergencias,Hospitalización
EP00740,Triage,2026-06-11 20:10:46,Enf_Triage_02,,57,M,3,Traumatología,Hospitalización
EP01160,Consulta médica,2026-06-11 20:34:02,Dr_Trauma_04,,15,M,4,Traumatología,Alta
EP01183,Alta,2026-06-11 20:45:42,Dr_Emerge_04,,47,F,3,Emergencias,Alta
EP01406,Interconsulta especialista,2026-06-11 20:49:30,Especialista_01,,11,F,3,Pediatría,Alta
EP00697,Interconsulta especialista,2026-06-11 21:04:56,Especialista_05,,66,M,2,Emergencias,Hospitalización
EP01160,Tratamiento,2026-06-11 21:21:11,Enf_Trauma_04,,15,M,4,Traumatología,Alta
EP00393,Alta,2026-06-11 21:35:51,Dr_Emerge_03,,65,F,4,Emergencias,Alta
EP00740,Consulta médica,2026-06-11 21:44:35,Dr_Trauma_01,,57,M,3,Traumatología,Hospitalización
EP00740,Solicitud de examen,2026-06-11 21:52:40,Dr_Trauma_01,Imagenología,57,M,3,Traumatología,Hospitalización
EP01406,Tratamiento,2026-06-11 21:54:27,Enf_Pediat_02,,11,F,3,Pediatría,Alta
EP00697,Tratamiento,2026-06-11 22:02:05,Enf_Emerge_04,,66,M,2,Emergencias,Hospitalización
EP01285,Consulta médica,2026-06-11 22:05:40,Dr_Medici_03,,28,M,4,Medicina Interna,Alta
EP01160,Alta,2026-06-11 22:37:04,Dr_Trauma_04,,15,M,4,Traumatología,Alta
EP00269,Consulta médica,2026-06-11 22:42:13,Dr_Medici_02,,39,F,2,Medicina Interna,Alta
EP00269,Consulta médica,2026-06-11 22:42:13,Dr_Medici_02,,39,F,2,Medicina Interna,Alta
EP00785,Consulta médica,2026-06-11 22:45:58,Dr_Medici_02,,38,M,4,Medicina Interna,Hospitalización
EP00785,Solicitud de examen,2026-06-11 22:59:10,Dr_Medici_02,Laboratorio,38,M,4,Medicina Interna,Hospitalización
EP01406,Alta,2026-06-11 23:04:52,Dr_Pediat_01,,11,F,3,Pediatría,Alta
EP00269,Tratamiento,2026-06-11 23:41:59,Enf_Medici_04,,39,F,2,Medicina Interna,Alta
EP00052,Ingreso a hospitalización,2026-06-12 00:10:23,Gestion_Camas,,87,F,4,Emergencias,Hospitalización
EP00269,Alta,2026-06-12 00:12:16,Dr_Medici_02,,39,F,2,Medicina Interna,Alta
EP01162,Ingreso a hospitalización,2026-06-12 00:13:30,Gestion_Camas,,38,M,2,Emergencias,Hospitalización
EP01285,Consulta médica,2026-06-12 00:17:56,Dr_Medici_03,,28,M,4,Medicina Interna,Alta
EP00785,Realización de examen,2026-06-12 00:19:56,Laboratorio_Clinico,Laboratorio,38,M,4,Medicina Interna,Hospitalización
EP00125,Registro del paciente,2026-06-12 00:26:49,Admision_03,,64,M,3,Emergencias,Hospitalización
EP00660,Ingreso a hospitalización,2026-06-12 00:39:53,Gestion_Camas,,39,F,2,Emergencias,Hospitalización
EP00125,Triage,2026-06-12 00:51:34,Enf_Triage_01,,64,M,3,Emergencias,Hospitalización
EP01285,Tratamiento,2026-06-12 01:08:20,Enf_Medici_01,,28,M,4,Medicina Interna,Alta
EP00785,Evaluación de resultados,2026-06-12 01:08:26,Dr_Medici_02,Laboratorio,38,M,4,Medicina Interna,Hospitalización
EP00835,Registro del paciente,2026-06-12 01:19:17,Admision_02,,41,F,2,Medicina Interna,Alta
EP00835,Triage,2026-06-12 01:36:00,Enf_Triage_01,,41,F,2,Medicina Interna,Alta
EP00835,Consulta médica,2026-06-12 01:55:12,Dr_Medici_01,,41,F,2,Medicina Interna,Alta
EP01285,Alta,2026-06-12 02:03:13,Dr_Medici_03,,28,M,4,Medicina Interna,Alta
EP01466,Registro del paciente,2026-06-12 02:23:26,Admision_02,,68,F,5,Emergencias,Alta
EP00125,Consulta médica,2026-06-12 02:28:23,Dr_Emerge_01,,64,M,3,Emergencias,Hospitalización
EP00125,Solicitud de examen,2026-06-12 02:37:42,Dr_Emerge_01,Imagenología,64,M,3,Emergencias,Hospitalización
EP01466,Triage,2026-06-12 02:52:34,Enf_Triage_02,,68,F,5,Emergencias,Alta
EP00835,Tratamiento,2026-06-12 03:25:39,Enf_Medici_03,,41,F,2,Medicina Interna,Alta
EP00785,Consulta médica,2026-06-12 03:43:01,Dr_Medici_02,,38,M,4,Medicina Interna,Hospitalización
EP00835,Alta,2026-06-12 03:57:21,Dr_Medici_01,,41,F,2,Medicina Interna,Alta
EP00954,Registro del paciente,2026-06-12 04:40:20,Admision_02,,29,M,4,Emergencias,Alta
EP00954,Triage,2026-06-12 05:26:09,Enf_Triage_02,,29,M,4,Emergencias,Alta
EP00785,Interconsulta especialista,2026-06-12 05:53:27,Especialista_02,,38,M,4,Medicina Interna,Hospitalización
EP00785,Tratamiento,2026-06-12 06:14:28,Enf_Medici_04,,38,M,4,Medicina Interna,Hospitalización
EP00125,Realización de examen,2026-06-12 06:53:23,Imagenologia,Imagenología,64,M,3,Emergencias,Hospitalización
EP00251,Registro del paciente,2026-06-12 07:10:40,Admision_01,,16,M,5,Emergencias,Hospitalización
EP00697,Ingreso a hospitalización,2026-06-12 07:42:29,Gestion_Camas,,66,M,2,Emergencias,Hospitalización
EP00954,Consulta médica,2026-06-12 07:53:19,Dr_Emerge_04,,29,M,4,Emergencias,Alta
EP00251,Triage,2026-06-12 08:08:44,Enf_Triage_01,,16,M,5,Emergencias,Hospitalización
EP00578,Registro del paciente,2026-06-12 08:17:04,Admision_02,,38,M,2,Traumatología,Alta
EP00125,Evaluación de resultados,2026-06-12 08:18:24,Dr_Emerge_01,Imagenología,64,M,3,Emergencias,Hospitalización
EP00125,Solicitud de examen,2026-06-12 08:28:35,Dr_Emerge_01,Imagenología,64,M,3,Emergencias,Hospitalización
EP00954,Tratamiento,2026-06-12 08:42:46,Enf_Emerge_04,,29,M,4,Emergencias,Alta
EP00785,Ingreso a hospitalización,2026-06-12 08:56:59,Gestion_Camas,,38,M,4,Medicina Interna,Hospitalización
EP00578,Triage,2026-06-12 09:03:22,Enf_Triage_02,,38,M,2,Traumatología,Alta
EP00578,Consulta médica,2026-06-12 09:17:06,Dr_Trauma_04,,38,M,2,Traumatología,Alta
EP00954,Alta,2026-06-12 09:25:00,Dr_Emerge_04,,29,M,4,Emergencias,Alta
EP00578,Consulta médica,2026-06-12 11:32:51,Dr_Trauma_04,,38,M,2,Traumatología,Alta
EP00106,Registro del paciente,2026-06-12 11:38:47,Admision_01,,34,F,3,Medicina Interna,Alta
EP00740,Realización de examen,2026-06-12 11:41:29,Imagenologia,Imagenología,57,M,3,Traumatología,Hospitalización
EP00106,Triage,2026-06-12 12:08:21,Enf_Triage_02,,34,F,3,Medicina Interna,Alta
EP00578,Tratamiento,2026-06-12 12:18:18,Enf_Trauma_03,,38,M,2,Traumatología,Alta
EP01466,Consulta médica,2026-06-12 12:42:15,Dr_Emerge_03,,68,F,5,Emergencias,Alta
EP01466,Solicitud de examen,2026-06-12 13:05:15,Dr_Emerge_03,Laboratorio,68,F,5,Emergencias,Alta
EP00695,Registro del paciente,2026-06-12 13:05:40,Admision_03,,2,M,5,Pediatría,Alta
EP00175,Registro del paciente,2026-06-12 13:30:20,Admision_01,,15,F,3,Traumatología,Alta
EP00890,Registro del paciente,2026-06-12 13:40:33,Admision_03,,18,M,3,Emergencias,Alta
EP00695,Triage,2026-06-12 13:45:49,Enf_Triage_02,,2,M,5,Pediatría,Alta
EP00175,Triage,2026-06-12 13:52:58,Enf_Triage_03,,15,F,3,Traumatología,Alta
EP00578,Alta,2026-06-12 14:05:24,Dr_Trauma_04,,38,M,2,Traumatología,Alta
EP00890,Triage,2026-06-12 14:19:33,Enf_Triage_02,,18,M,3,Emergencias,Alta
EP00740,Evaluación de resultados,2026-06-12 14:29:11,Dr_Trauma_01,Imagenología,57,M,3,Traumatología,Hospitalización
EP00740,Solicitud de examen,2026-06-12 14:38:35,Dr_Trauma_01,Imagenología,57,M,3,Traumatología,Hospitalización
EP01466,Realización de examen,2026-06-12 14:39:23,Laboratorio_Clinico,Laboratorio,68,F,5,Emergencias,Alta
EP00106,Consulta médica,2026-06-12 14:43:17,Dr_Medici_01,,34,F,3,Medicina Interna,Alta
EP01466,Evaluación de resultados,2026-06-12 15:22:08,Dr_Emerge_03,Laboratorio,68,F,5,Emergencias,Alta
EP00106,Tratamiento,2026-06-12 15:23:15,Enf_Medici_03,,34,F,3,Medicina Interna,Alta
EP01466,Solicitud de examen,2026-06-12 15:28:44,Dr_Emerge_03,Laboratorio,68,F,5,Emergencias,Alta
EP00695,Consulta médica,2026-06-12 15:33:18,Dr_Pediat_03,,2,M,5,Pediatría,Alta
EP01007,Registro del paciente,2026-06-12 15:48:46,Admision_01,,59,F,3,Emergencias,Alta
EP00175,Consulta médica,2026-06-12 15:56:46,Dr_Trauma_01,,15,F,3,Traumatología,Alta
EP01466,Realización de examen,2026-06-12 16:08:24,Laboratorio_Clinico,Laboratorio,68,F,5,Emergencias,Alta
EP00890,Consulta médica,2026-06-12 16:10:07,Dr_Emerge_02,,18,M,3,Emergencias,Alta
EP00106,Alta,2026-06-12 16:11:40,Dr_Medici_01,,34,F,3,Medicina Interna,Alta
EP00695,Tratamiento,2026-06-12 16:12:44,Enf_Pediat_04,,2,M,5,Pediatría,Alta
EP01007,Triage,2026-06-12 16:16:34,Enf_Triage_02,,59,F,3,Emergencias,Alta
EP01466,Evaluación de resultados,2026-06-12 16:49:52,Dr_Emerge_03,Laboratorio,68,F,5,Emergencias,Alta
EP00175,Tratamiento,2026-06-12 16:50:17,Enf_Trauma_02,,15,F,3,Traumatología,Alta
EP00695,Alta,2026-06-12 16:55:50,Dr_Pediat_03,,2,M,5,Pediatría,Alta
EP00251,Consulta médica,2026-06-12 16:56:06,Dr_Emerge_03,,16,M,5,Emergencias,Hospitalización
EP00251,Tratamiento,2026-06-12 17:21:01,Enf_Emerge_04,,16,M,5,Emergencias,Hospitalización
EP01007,Consulta médica,2026-06-12 17:24:15,Dr_Emerge_03,,59,F,3,Emergencias,Alta
EP01466,Tratamiento,2026-06-12 17:26:37,Enf_Emerge_04,,68,F,5,Emergencias,Alta
EP01102,Registro del paciente,2026-06-12 17:28:58,Admision_02,,0,M,3,Pediatría,Alta
EP00740,Realización de examen,2026-06-12 17:32:55,Imagenologia,Imagenología,57,M,3,Traumatología,Hospitalización
EP00890,Tratamiento,2026-06-12 17:39:34,Enf_Emerge_03,,18,M,3,Emergencias,Alta
EP01007,Tratamiento,2026-06-12 17:54:59,Enf_Emerge_03,,59,F,3,Emergencias,Alta
EP01466,Alta,2026-06-12 18:05:53,Dr_Emerge_03,,68,F,5,Emergencias,Alta
EP01102,Triage,2026-06-12 18:10:16,Enf_Triage_01,,0,M,3,Pediatría,Alta
EP00175,Alta,2026-06-12 18:18:36,Dr_Trauma_01,,15,F,3,Traumatología,Alta
EP01102,Consulta médica,2026-06-12 18:50:14,Dr_Pediat_01,,0,M,3,Pediatría,Alta
EP00890,Alta,2026-06-12 18:51:17,Dr_Emerge_02,,18,M,3,Emergencias,Alta
EP00552,Registro del paciente,2026-06-12 19:21:02,Admision_03,,3,F,3,Pediatría,Alta
EP00740,Evaluación de resultados,2026-06-12 19:30:02,Dr_Trauma_01,Imagenología,57,M,3,Traumatología,Hospitalización
EP01007,Alta,2026-06-12 19:30:03,Dr_Emerge_03,,59,F,3,Emergencias,Alta
EP00552,Triage,2026-06-12 19:34:48,Enf_Triage_01,,3,F,3,Pediatría,Alta
EP00740,Tratamiento,2026-06-12 20:13:06,Enf_Trauma_01,,57,M,3,Traumatología,Hospitalización
EP00552,Consulta médica,2026-06-12 20:27:33,Dr_Pediat_03,,3,F,3,Pediatría,Alta
EP00552,Consulta médica,2026-06-12 21:34:18,Dr_Pediat_03,,3,F,3,Pediatría,Alta
EP00251,Ingreso a hospitalización,2026-06-12 21:50:03,Gestion_Camas,,16,M,5,Emergencias,Hospitalización
EP01102,Interconsulta especialista,2026-06-12 21:50:12,Especialista_03,,0,M,3,Pediatría,Alta
EP00552,Tratamiento,2026-06-12 22:19:57,Enf_Pediat_02,,3,F,3,Pediatría,Alta
EP00125,Realización de examen,2026-06-12 22:42:45,Imagenologia,Imagenología,64,M,3,Emergencias,Hospitalización
EP01102,Tratamiento,2026-06-12 22:45:46,Enf_Pediat_01,,0,M,3,Pediatría,Alta
EP00740,Ingreso a hospitalización,2026-06-12 23:54:52,Gestion_Camas,,57,M,3,Traumatología,Hospitalización
EP00125,Evaluación de resultados,2026-06-13 00:05:16,Dr_Emerge_01,Imagenología,64,M,3,Emergencias,Hospitalización
EP00552,Alta,2026-06-13 00:27:36,Dr_Pediat_03,,3,F,3,Pediatría,Alta
EP01102,Alta,2026-06-13 00:43:16,Dr_Pediat_01,,0,M,3,Pediatría,Alta
EP00125,Consulta médica,2026-06-13 02:11:01,Dr_Emerge_01,,64,M,3,Emergencias,Hospitalización
EP01333,Registro del paciente,2026-06-13 03:05:37,Admision_03,,11,M,4,Pediatría,Alta
EP00125,Tratamiento,2026-06-13 03:14:49,Enf_Emerge_02,,64,M,3,Emergencias,Hospitalización
EP01333,Triage,2026-06-13 03:47:39,Enf_Triage_02,,11,M,4,Pediatría,Alta
EP01333,Consulta médica,2026-06-13 05:24:51,Dr_Pediat_04,,11,M,4,Pediatría,Alta
EP01333,Solicitud de examen,2026-06-13 05:35:19,Dr_Pediat_04,Laboratorio,11,M,4,Pediatría,Alta
EP01333,Realización de examen,2026-06-13 06:36:14,Laboratorio_Clinico,Laboratorio,11,M,4,Pediatría,Alta
EP01333,Evaluación de resultados,2026-06-13 08:30:40,Dr_Pediat_04,Laboratorio,11,M,4,Pediatría,Alta
EP00262,Registro del paciente,2026-06-13 09:04:50,Admision_01,,14,M,4,Pediatría,Alta
EP01333,Tratamiento,2026-06-13 09:24:57,Enf_Pediat_04,,11,M,4,Pediatría,Alta
EP00262,Triage,2026-06-13 09:57:04,Enf_Triage_02,,14,M,4,Pediatría,Alta
EP01333,Alta,2026-06-13 09:57:28,Dr_Pediat_04,,11,M,4,Pediatría,Alta
EP00956,Registro del paciente,2026-06-13 11:07:29,Admision_03,,32,F,3,Emergencias,Hospitalización
EP01303,Registro del paciente,2026-06-13 11:37:16,Admision_02,,42,F,4,Emergencias,Alta
EP00956,Triage,2026-06-13 11:37:31,Enf_Triage_01,,32,F,3,Emergencias,Hospitalización
EP01303,Triage,2026-06-13 12:17:08,Enf_Triage_03,,42,F,4,Emergencias,Alta
EP00956,Consulta médica,2026-06-13 12:43:16,Dr_Emerge_02,,32,F,3,Emergencias,Hospitalización
EP00956,Solicitud de examen,2026-06-13 12:51:36,Dr_Emerge_02,Laboratorio,32,F,3,Emergencias,Hospitalización
EP00262,Consulta médica,2026-06-13 14:32:09,Dr_Pediat_03,,14,M,4,Pediatría,Alta
EP00956,Realización de examen,2026-06-13 14:34:25,Laboratorio_Clinico,Laboratorio,32,F,3,Emergencias,Hospitalización
EP00262,Solicitud de examen,2026-06-13 14:42:29,Dr_Pediat_03,Laboratorio,14,M,4,Pediatría,Alta
EP01303,Consulta médica,2026-06-13 15:05:24,Dr_Emerge_04,,42,F,4,Emergencias,Alta
EP00262,Realización de examen,2026-06-13 15:49:48,Laboratorio_Clinico,Laboratorio,14,M,4,Pediatría,Alta
EP00956,Evaluación de resultados,2026-06-13 16:02:35,Dr_Emerge_02,Laboratorio,32,F,3,Emergencias,Hospitalización
EP00262,Evaluación de resultados,2026-06-13 16:20:18,Dr_Pediat_03,Laboratorio,14,M,4,Pediatría,Alta
EP01303,Tratamiento,2026-06-13 16:22:05,Enf_Emerge_03,,42,F,4,Emergencias,Alta
EP00262,Solicitud de examen,2026-06-13 16:40:26,Dr_Pediat_03,Imagenología,14,M,4,Pediatría,Alta
EP00956,Tratamiento,2026-06-13 16:50:09,Enf_Emerge_03,,32,F,3,Emergencias,Hospitalización
EP00207,Registro del paciente,2026-06-13 17:17:27,Admision_02,,82,M,1,Medicina Interna,Alta
EP00207,Triage,2026-06-13 17:20:28,Enf_Triage_03,,82,M,1,Medicina Interna,Alta
EP01303,Alta,2026-06-13 17:23:36,Dr_Emerge_04,,42,F,4,Emergencias,Alta
EP00207,Consulta médica,2026-06-13 17:28:09,Dr_Medici_04,,82,M,1,Medicina Interna,Alta
EP00207,Tratamiento,2026-06-13 17:52:55,Enf_Medici_04,,82,M,1,Medicina Interna,Alta
EP00207,Alta,2026-06-13 18:34:37,Dr_Medici_04,,82,M,1,Medicina Interna,Alta
EP00478,Registro del paciente,2026-06-13 18:51:20,Admision_02,,15,M,5,Medicina Interna,Alta
EP00956,Ingreso a hospitalización,2026-06-13 19:29:40,Gestion_Camas,,32,F,3,Emergencias,Hospitalización
EP00478,Triage,2026-06-13 19:46:27,Enf_Triage_03,,15,M,5,Medicina Interna,Alta
EP00125,Ingreso a hospitalización,2026-06-13 20:33:31,Gestion_Camas,,64,M,3,Emergencias,Hospitalización
EP00363,Registro del paciente,2026-06-14 00:09:36,Admision_02,,39,M,2,Emergencias,Alta
EP00363,Triage,2026-06-14 00:20:02,Enf_Triage_01,,39,M,2,Emergencias,Alta
EP00363,Consulta médica,2026-06-14 00:47:44,Dr_Emerge_02,,39,M,2,Emergencias,Alta
EP00363,Solicitud de examen,2026-06-14 01:02:37,Dr_Emerge_02,Laboratorio,39,M,2,Emergencias,Alta
EP01342,Registro del paciente,2026-06-14 01:56:42,Admision_02,,15,F,3,Emergencias,Alta
EP00363,Realización de examen,2026-06-14 02:18:38,Laboratorio_Clinico,Laboratorio,39,M,2,Emergencias,Alta
EP00478,Consulta médica,2026-06-14 02:55:32,Dr_Medici_01,,15,M,5,Medicina Interna,Alta
EP01342,Triage,2026-06-14 03:04:53,Enf_Triage_03,,15,F,3,Emergencias,Alta
EP00478,Solicitud de examen,2026-06-14 03:07:38,Dr_Medici_01,Laboratorio,15,M,5,Medicina Interna,Alta
EP00363,Evaluación de resultados,2026-06-14 03:10:17,Dr_Emerge_02,Laboratorio,39,M,2,Emergencias,Alta
EP00363,Solicitud de examen,2026-06-14 03:21:33,Dr_Emerge_02,Imagenología,39,M,2,Emergencias,Alta
EP00262,Realización de examen,2026-06-14 03:49:52,Imagenologia,Imagenología,14,M,4,Pediatría,Alta
EP00478,Realización de examen,2026-06-14 03:53:56,Laboratorio_Clinico,Laboratorio,15,M,5,Medicina Interna,Alta
EP00478,Realización de examen,2026-06-14 03:53:56,Laboratorio_Clinico,Laboratorio,15,M,5,Medicina Interna,Alta
EP00075,Registro del paciente,2026-06-14 04:10:44,Admision_02,,15,M,2,Emergencias,Hospitalización
EP00719,Registro del paciente,2026-06-14 04:14:49,Admision_03,,65,M,4,Emergencias,Alta
EP01469,Registro del paciente,2026-06-14 04:16:38,Admision_02,,51,M,3,Emergencias,Alta
EP01342,Consulta médica,2026-06-14 04:20:55,Dr_Emerge_04,,15,F,3,Emergencias,Alta
EP01342,Solicitud de examen,2026-06-14 04:32:32,Dr_Emerge_04,Laboratorio,15,F,3,Emergencias,Alta
EP00075,Triage,2026-06-14 04:36:27,Enf_Triage_02,,15,M,2,Emergencias,Hospitalización
EP00719,Triage,2026-06-14 04:37:32,Enf_Triage_03,,65,M,4,Emergencias,Alta
EP01469,Triage,2026-06-14 04:39:29,Enf_Triage_01,,51,M,3,Emergencias,Alta
EP00075,Consulta médica,2026-06-14 05:06:38,Dr_Emerge_02,,15,M,2,Emergencias,Hospitalización
EP00262,Evaluación de resultados,2026-06-14 05:18:23,Dr_Pediat_03,Imagenología,14,M,4,Pediatría,Alta
EP01342,Realización de examen,2026-06-14 05:23:00,Laboratorio_Clinico,Laboratorio,15,F,3,Emergencias,Alta
EP00075,Tratamiento,2026-06-14 05:24:15,Enf_Emerge_02,,15,M,2,Emergencias,Hospitalización
EP00478,Evaluación de resultados,2026-06-14 05:34:35,Dr_Medici_01,Laboratorio,15,M,5,Medicina Interna,Alta
EP00262,Tratamiento,2026-06-14 05:58:09,Enf_Pediat_04,,14,M,4,Pediatría,Alta
EP01342,Evaluación de resultados,2026-06-14 06:13:22,Dr_Emerge_04,Laboratorio,15,F,3,Emergencias,Alta
EP00090,Registro del paciente,2026-06-14 06:45:44,Admision_02,,51,M,4,Medicina Interna,Alta
EP00262,Alta,2026-06-14 06:53:56,Dr_Pediat_03,,14,M,4,Pediatría,Alta
EP01342,Tratamiento,2026-06-14 06:55:44,Enf_Emerge_02,,15,F,3,Emergencias,Alta
EP00090,Triage,2026-06-14 07:30:11,Enf_Triage_01,,51,M,4,Medicina Interna,Alta
EP01342,Alta,2026-06-14 07:56:59,Dr_Emerge_04,,15,F,3,Emergencias,Alta
EP00363,Realización de examen,2026-06-14 08:01:50,Imagenologia,Imagenología,39,M,2,Emergencias,Alta
EP00950,Registro del paciente,2026-06-14 08:17:52,Admision_01,,15,M,4,Medicina Interna,Alta
EP00950,Triage,2026-06-14 08:52:10,Enf_Triage_01,,15,M,4,Medicina Interna,Alta
EP00363,Evaluación de resultados,2026-06-14 09:12:33,Dr_Emerge_02,Imagenología,39,M,2,Emergencias,Alta
EP00301,Registro del paciente,2026-06-14 09:45:29,Admision_02,,22,F,1,Emergencias,Alta
EP00301,Triage,2026-06-14 09:48:30,Enf_Triage_03,,22,F,1,Emergencias,Alta
EP00363,Tratamiento,2026-06-14 09:49:41,Enf_Emerge_03,,39,M,2,Emergencias,Alta
EP00400,Registro del paciente,2026-06-14 09:50:23,Admision_02,,64,F,3,Emergencias,Alta
EP00301,Consulta médica,2026-06-14 09:57:58,Dr_Emerge_04,,22,F,1,Emergencias,Alta
EP00400,Triage,2026-06-14 10:09:14,Enf_Triage_01,,64,F,3,Emergencias,Alta
EP00478,Consulta médica,2026-06-14 10:29:44,Dr_Medici_01,,15,M,5,Medicina Interna,Alta
EP00809,Registro del paciente,2026-06-14 10:40:04,Admision_02,,23,M,3,Medicina Interna,Alta
EP00090,Consulta médica,2026-06-14 10:52:00,Dr_Medici_02,,51,M,4,Medicina Interna,Alta
EP00301,Tratamiento,2026-06-14 10:56:15,Enf_Emerge_01,,22,F,1,Emergencias,Alta
EP00809,Triage,2026-06-14 11:00:04,Enf_Triage_01,,23,M,3,Medicina Interna,Alta
EP00090,Solicitud de examen,2026-06-14 11:14:26,Dr_Medici_02,Laboratorio,51,M,4,Medicina Interna,Alta
EP00301,Alta,2026-06-14 11:32:43,Dr_Emerge_04,,22,F,1,Emergencias,Alta
EP00719,Consulta médica,2026-06-14 11:34:49,Dr_Emerge_04,,65,M,4,Emergencias,Alta
EP00719,Solicitud de examen,2026-06-14 11:46:51,Dr_Emerge_04,Laboratorio,65,M,4,Emergencias,Alta
EP00478,Tratamiento,2026-06-14 11:47:40,Enf_Medici_03,,15,M,5,Medicina Interna,Alta
EP00950,Consulta médica,2026-06-14 12:02:50,Dr_Medici_02,,15,M,4,Medicina Interna,Alta
EP01469,Consulta médica,2026-06-14 12:10:24,Dr_Emerge_01,,51,M,3,Emergencias,Alta
EP00090,Realización de examen,2026-06-14 12:11:38,Laboratorio_Clinico,Laboratorio,51,M,4,Medicina Interna,Alta
EP00400,Consulta médica,2026-06-14 12:23:07,Dr_Emerge_02,,64,F,3,Emergencias,Alta
EP00400,Solicitud de examen,2026-06-14 12:27:29,Dr_Emerge_02,Laboratorio,64,F,3,Emergencias,Alta
EP01469,Solicitud de examen,2026-06-14 12:32:53,Dr_Emerge_01,Laboratorio,51,M,3,Emergencias,Alta
EP00651,Registro del paciente,2026-06-14 12:37:41,Admision_03,,15,F,1,Emergencias,Alta
EP00651,Triage,2026-06-14 12:40:42,Enf_Triage_03,,15,F,1,Emergencias,Alta
EP00651,Consulta médica,2026-06-14 12:49:54,Dr_Emerge_01,,15,F,1,Emergencias,Alta
EP00950,Tratamiento,2026-06-14 12:53:46,Enf_Medici_04,,15,M,4,Medicina Interna,Alta
EP00363,Alta,2026-06-14 12:57:00,Dr_Emerge_02,,39,M,2,Emergencias,Alta
EP01469,Realización de examen,2026-06-14 13:09:19,Laboratorio_Clinico,Laboratorio,51,M,3,Emergencias,Alta
EP00809,Consulta médica,2026-06-14 13:12:28,Dr_Medici_01,,23,M,3,Medicina Interna,Alta
EP00651,Tratamiento,2026-06-14 13:15:28,Enf_Emerge_01,,15,F,1,Emergencias,Alta
EP00478,Alta,2026-06-14 13:21:19,Dr_Medici_01,,15,M,5,Medicina Interna,Alta
EP00075,ingreso a hospitalización,2026-06-14 13:27:17,Gestion_Camas,,15,M,2,Emergencias,Hospitalización
EP00400,Realización de examen,2026-06-14 13:38:57,Laboratorio_Clinico,Laboratorio,64,F,3,Emergencias,Alta
EP00539,Registro del paciente,2026-06-14 13:40:20,Admision_03,,30,F,4,Medicina Interna,Hospitalización
EP00090,Evaluación de resultados,2026-06-14 13:40:51,Dr_Medici_02,Laboratorio,51,M,4,Medicina Interna,Alta
EP00950,Alta,2026-06-14 13:43:41,Dr_Medici_02,,15,M,4,Medicina Interna,Alta
EP01469,Evaluación de resultados,2026-06-14 13:49:10,Dr_Emerge_01,Laboratorio,51,M,3,Emergencias,Alta
EP00090,Solicitud de examen,2026-06-14 13:50:11,Dr_Medici_02,Laboratorio,51,M,4,Medicina Interna,Alta
EP01469,Solicitud de examen,2026-06-14 14:03:51,Dr_Emerge_01,Laboratorio,51,M,3,Emergencias,Alta
EP01076,Registro del paciente,2026-06-14 14:04:54,Admision_03,,35,F,3,Medicina Interna,Alta
EP00539,Triage,2026-06-14 14:09:39,Enf_Triage_01,,30,F,4,Medicina Interna,Hospitalización
EP00719,Realización de examen,2026-06-14 14:12:14,Laboratorio_Clinico,Laboratorio,65,M,4,Emergencias,Alta
EP00651,Alta,2026-06-14 14:26:07,Dr_Emerge_01,,15,F,1,Emergencias,Alta
EP00809,Consulta médica,2026-06-14 14:39:29,Dr_Medici_01,,23,M,3,Medicina Interna,Alta
EP01076,Triage,2026-06-14 14:42:36,Enf_Triage_02,,35,F,3,Medicina Interna,Alta
EP00090,Realización de examen,2026-06-14 14:57:14,Laboratorio_Clinico,Laboratorio,51,M,4,Medicina Interna,Alta
EP01469,Realización de examen,2026-06-14 15:13:06,Laboratorio_Clinico,Laboratorio,51,M,3,Emergencias,Alta
EP00719,Evaluación de resultados,2026-06-14 15:16:19,Dr_Emerge_04,Laboratorio,65,M,4,Emergencias,Alta
EP00809,Tratamiento,2026-06-14 15:17:29,Enf_Medici_01,,23,M,3,Medicina Interna,Alta
EP01326,Registro del paciente,2026-06-14 15:34:39,Admision_01,,58,F,2,Emergencias,Alta
EP00400,Evaluación de resultados,2026-06-14 15:35:04,Dr_Emerge_02,Laboratorio,64,F,3,Emergencias,Alta
EP00614,Registro del paciente,2026-06-14 15:36:36,Admision_03,,2,F,3,Pediatría,Alta
EP01469,Evaluación de resultados,2026-06-14 15:44:42,Dr_Emerge_01,Laboratorio,51,M,3,Emergencias,Alta
EP00719,Tratamiento,2026-06-14 15:54:37,Enf_Emerge_03,,65,M,4,Emergencias,Alta
EP01076,Consulta médica,2026-06-14 15:55:56,Dr_Medici_03,,35,F,3,Medicina Interna,Alta
EP00614,Triage,2026-06-14 16:01:06,Enf_Triage_01,,2,F,3,Pediatría,Alta
EP01326,Triage,2026-06-14 16:14:01,Enf_Triage_03,,58,F,2,Emergencias,Alta
EP01469,Tratamiento,2026-06-14 16:19:50,Enf_Emerge_02,,51,M,3,Emergencias,Alta
EP00090,Evaluación de resultados,2026-06-14 16:21:32,Dr_Medici_02,Laboratorio,51,M,4,Medicina Interna,Alta
EP01337,Registro del paciente,2026-06-14 16:26:43,Admision_03,,42,M,3,Emergencias,Alta
EP01326,Consulta médica,2026-06-14 16:38:04,Dr_Emerge_02,,58,F,2,Emergencias,Alta
EP00090,Solicitud de examen,2026-06-14 16:47:11,Dr_Medici_02,Laboratorio,51,M,4,Medicina Interna,Alta
EP01337,Triage,2026-06-14 16:52:27,Enf_Triage_01,,42,M,3,Emergencias,Alta
EP01469,Alta,2026-06-14 16:56:07,Dr_Emerge_01,,51,M,3,Emergencias,Alta
EP01076,Tratamiento,2026-06-14 17:08:43,Enf_Medici_01,,35,F,3,Medicina Interna,Alta
EP00400,Tratamiento,2026-06-14 17:20:56,Enf_Emerge_01,,64,F,3,Emergencias,Alta
EP00539,Consulta médica,2026-06-14 17:35:30,Dr_Medici_03,,30,F,4,Medicina Interna,Hospitalización
EP00539,Solicitud de examen,2026-06-14 17:43:42,Dr_Medici_03,Imagenología,30,F,4,Medicina Interna,Hospitalización
EP00614,Consulta médica,2026-06-14 18:11:03,Dr_Pediat_02,,2,F,3,Pediatría,Alta
EP00809,Alta,2026-06-14 18:20:28,Dr_Medici_01,,23,M,3,Medicina Interna,Alta
EP01076,Alta,2026-06-14 18:31:45,Dr_Medici_03,,35,F,3,Medicina Interna,Alta
EP00090,Realización de examen,2026-06-14 18:34:37,Laboratorio_Clinico,Laboratorio,51,M,4,Medicina Interna,Alta
EP00719,Alta,2026-06-14 18:36:15,Dr_Emerge_04,,65,M,4,Emergencias,Alta
EP00400,Alta,2026-06-14 18:38:52,Dr_Emerge_02,,64,F,3,Emergencias,Alta
EP01337,Consulta médica,2026-06-14 18:47:06,Dr_Emerge_03,,42,M,3,Emergencias,Alta
EP00614,Tratamiento,2026-06-14 19:10:37,Enf_Pediat_03,,2,F,3,Pediatría,Alta
EP00234,Registro del paciente,2026-06-14 19:26:56,Admision_03,,58,M,2,Traumatología,Alta
EP00234,Registro del paciente,2026-06-14 19:26:56,Admision_03,,58,M,2,Traumatología,Alta
EP00090,Evaluación de resultados,2026-06-14 19:29:31,Dr_Medici_02,Laboratorio,51,M,4,Medicina Interna,Alta
EP00614,Alta,2026-06-14 19:38:25,Dr_Pediat_02,,2,F,3,Pediatría,Alta
EP00234,Triage,2026-06-14 19:50:43,Enf_Triage_03,,58,M,2,Traumatología,Alta
EP01215,Registro del paciente,2026-06-14 20:07:15,Admision_02,,49,M,3,Emergencias,Alta
EP01337,Interconsulta especialista,2026-06-14 20:32:47,Especialista_04,,42,M,3,Emergencias,Alta
EP00035,Registro del paciente,2026-06-14 20:36:25,Admision_01,,48,M,3,Traumatología,Alta
EP01215,Triage,2026-06-14 20:44:13,Enf_Triage_02,,49,M,3,Emergencias,Alta
EP00035,Triage,2026-06-14 20:56:15,Enf_Triage_01,,48,M,3,Traumatología,Alta
EP01337,Tratamiento,2026-06-14 20:58:58,Enf_Emerge_02,,42,M,3,Emergencias,Alta
EP00234,Consulta médica,2026-06-14 21:01:23,Dr_Trauma_02,,58,M,2,Traumatología,Alta
EP00166,Registro del paciente,2026-06-14 21:32:19,Admision_01,,0,F,3,Pediatría,Alta
EP00234,Tratamiento,2026-06-14 21:34:34,Enf_Trauma_01,,58,M,2,Traumatología,Alta
EP00234,Alta,2026-06-14 22:13:17,Dr_Trauma_02,,58,M,2,Traumatología,Alta
EP01326,Interconsulta especialista,2026-06-14 22:17:22,Especialista_04,,58,F,2,Emergencias,Alta
EP00166,Triage,2026-06-14 22:33:15,Enf_Triage_02,,0,F,3,Pediatría,Alta
EP01326,Tratamiento,2026-06-14 22:37:22,Enf_Emerge_04,,58,F,2,Emergencias,Alta
EP01337,Alta,2026-06-14 22:59:43,Dr_Emerge_03,,42,M,3,Emergencias,Alta
EP01218,Registro del paciente,2026-06-14 23:04:53,Admision_03,,16,M,3,Medicina Interna,Alta
EP01326,Alta,2026-06-14 23:21:39,Dr_Emerge_02,,58,F,2,Emergencias,Alta
EP01218,Triage,2026-06-14 23:24:13,Enf_Triage_03,,16,M,3,Medicina Interna,Alta
EP01218,Consulta médica,2026-06-15 00:23:10,Dr_Medici_03,,16,M,3,Medicina Interna,Alta
EP01215,Consulta médica,2026-06-15 00:31:02,Dr_Emerge_03,,49,M,3,Emergencias,Alta
EP01218,Solicitud de examen,2026-06-15 00:31:37,Dr_Medici_03,Imagenología,16,M,3,Medicina Interna,Alta
EP01215,Tratamiento,2026-06-15 00:58:58,Enf_Emerge_01,,49,M,3,Emergencias,Alta
EP00166,Consulta médica,2026-06-15 01:03:47,Dr_Pediat_01,,0,F,3,Pediatría,Alta
EP00035,Consulta médica,2026-06-15 01:13:00,Dr_Trauma_02,,48,M,3,Traumatología,Alta
EP00035,Tratamiento,2026-06-15 01:33:28,Enf_Trauma_03,,48,M,3,Traumatología,Alta
EP00539,Realización de examen,2026-06-15 01:37:49,Imagenologia,Imagenología,30,F,4,Medicina Interna,Hospitalización
EP00166,Tratamiento,2026-06-15 01:56:33,Enf_Pediat_02,,0,F,3,Pediatría,Alta
EP01215,Alta,2026-06-15 02:23:21,Dr_Emerge_03,,49,M,3,Emergencias,Alta
EP00035,Alta,2026-06-15 02:52:30,Dr_Trauma_02,,48,M,3,Traumatología,Alta
EP00539,Evaluación de resultados,2026-06-15 03:01:33,Dr_Medici_03,Imagenología,30,F,4,Medicina Interna,Hospitalización
EP00166,Alta,2026-06-15 03:02:59,Dr_Pediat_01,,0,F,3,Pediatría,Alta
EP00280,Registro del paciente,2026-06-15 03:19:19,Admision_01,,44,F,1,Medicina Interna,Traslado
EP00280,Triage,2026-06-15 03:22:20,Enf_Triage_03,,44,F,1,Medicina Interna,Traslado
EP00280,Consulta médica,2026-06-15 03:27:27,Dr_Medici_01,,44,F,1,Medicina Interna,Traslado
EP00280,Solicitud de examen,2026-06-15 03:44:37,Dr_Medici_01,Laboratorio,44,F,1,Medicina Interna,Traslado
EP00920,Registro del paciente,2026-06-15 03:50:32,Admision_03,,32,F,2,Traumatología,Hospitalización
EP00539,Tratamiento,2026-06-15 04:00:01,Enf_Medici_01,,30,F,4,Medicina Interna,Hospitalización
EP00920,Triage,2026-06-15 04:07:25,Enf_Triage_01,,32,F,2,Traumatología,Hospitalización
EP00280,Realización de examen,2026-06-15 04:26:09,Laboratorio_Clinico,Laboratorio,44,F,1,Medicina Interna,Traslado
EP00920,Consulta médica,2026-06-15 04:36:35,Dr_Trauma_04,,32,F,2,Traumatología,Hospitalización
EP00090,Interconsulta especialista,2026-06-15 04:56:27,Especialista_02,,51,M,4,Medicina Interna,Alta
EP00920,Tratamiento,2026-06-15 04:56:30,Enf_Trauma_01,,32,F,2,Traumatología,Hospitalización
EP00280,Evaluación de resultados,2026-06-15 04:56:36,Dr_Medici_01,Laboratorio,44,F,1,Medicina Interna,Traslado
EP00280,Solicitud de examen,2026-06-15 05:07:33,Dr_Medici_01,Imagenología,44,F,1,Medicina Interna,Traslado
EP00090,Tratamiento,2026-06-15 05:42:08,Enf_Medici_04,,51,M,4,Medicina Interna,Alta
EP00539,Ingreso a hospitalización,2026-06-15 06:03:36,Gestion_Camas,,30,F,4,Medicina Interna,Hospitalización
EP00090,Alta,2026-06-15 06:32:04,Dr_Medici_02,,51,M,4,Medicina Interna,Alta
EP01178,Registro del paciente,2026-06-15 08:11:19,Admision_02,,46,M,3,Emergencias,Alta
EP01178,Triage,2026-06-15 08:27:41,Enf_Triage_02,,46,M,3,Emergencias,Alta
EP00401,Registro del paciente,2026-06-15 09:12:03,Admision_02,,54,M,3,Emergencias,Alta
EP01178,Consulta médica,2026-06-15 09:36:37,Dr_Emerge_03,,46,M,3,Emergencias,Alta
EP00401,Triage,2026-06-15 10:05:37,Enf_Triage_03,,54,M,3,Emergencias,Alta
EP01178,Tratamiento,2026-06-15 10:07:36,Enf_Emerge_01,,46,M,3,Emergencias,Alta
EP00401,Consulta médica,2026-06-15 11:14:57,Dr_Emerge_01,,54,M,3,Emergencias,Alta
EP01218,Realización de examen,2026-06-15 11:18:46,Imagenologia,Imagenología,16,M,3,Medicina Interna,Alta
EP01178,Alta,2026-06-15 11:24:52,Dr_Emerge_03,,46,M,3,Emergencias,Alta
EP01481,Registro del paciente,2026-06-15 11:38:33,Admision_03,,18,F,3,Emergencias,Alta
EP00913,Registro del paciente,2026-06-15 11:47:01,Admision_03,,38,M,2,Emergencias,Hospitalización
EP00401,Tratamiento,2026-06-15 11:51:03,Enf_Emerge_03,,54,M,3,Emergencias,Alta
EP01481,Triage,2026-06-15 11:54:05,Enf_Triage_01,,18,F,3,Emergencias,Alta
EP00913,Triage,2026-06-15 12:04:29,Enf_Triage_01,,38,M,2,Emergencias,Hospitalización
EP00103,Registro del paciente,2026-06-15 12:05:08,Admision_02,,55,M,4,Medicina Interna,Alta
EP00103,Triage,2026-06-15 12:33:58,Enf_Triage_01,,55,M,4,Medicina Interna,Alta
EP00977,Registro del paciente,2026-06-15 12:47:42,Admision_03,,28,M,5,Emergencias,Alta
EP00913,Consulta médica,2026-06-15 12:52:24,Dr_Emerge_03,,38,M,2,Emergencias,Hospitalización
EP00401,Alta,2026-06-15 13:00:39,Dr_Emerge_01,,54,M,3,Emergencias,Alta
EP00920,Ingreso a hospitalización,2026-06-15 13:32:57,Gestion_Camas,,32,F,2,Traumatología,Hospitalización
EP00913,Tratamiento,2026-06-15 13:33:04,Enf_Emerge_02,,38,M,2,Emergencias,Hospitalización
EP00977,Triage,2026-06-15 13:34:17,Enf_Triage_01,,28,M,5,Emergencias,Alta
EP01218,Evaluación de resultados,2026-06-15 13:44:18,Dr_Medici_03,Imagenología,16,M,3,Medicina Interna,Alta
EP01481,Consulta médica,2026-06-15 13:53:21,Dr_Emerge_01,,18,F,3,Emergencias,Alta
EP01481,Solicitud de examen,2026-06-15 14:13:53,Dr_Emerge_01,Imagenología,18,F,3,Emergencias,Alta
EP01033,Registro del paciente,2026-06-15 14:33:22,Admision_03,,42,M,3,Medicina Interna,Alta
EP01218,Consulta médica,2026-06-15 14:48:41,Dr_Medici_03,,16,M,3,Medicina Interna,Alta
EP01033,Triage,2026-06-15 15:15:28,Enf_Triage_03,,42,M,3,Medicina Interna,Alta
EP01218,Tratamiento,2026-06-15 15:31:15,Enf_Medici_02,,16,M,3,Medicina Interna,Alta
EP01218,Tratamiento,2026-06-15 15:31:15,Enf_Medici_02,,16,M,3,Medicina Interna,Alta
EP00103,Consulta médica,2026-06-15 16:05:58,Dr_Medici_01,,55,M,4,Medicina Interna,Alta
EP00103,Consulta médica,2026-06-15 17:04:30,Dr_Medici_01,,55,M,4,Medicina Interna,Alta
EP01033,Consulta médica,2026-06-15 17:12:28,Dr_Medici_02,,42,M,3,Medicina Interna,Alta
EP01033,Solicitud de examen,2026-06-15 17:43:28,Dr_Medici_02,Laboratorio,42,M,3,Medicina Interna,Alta
EP00280,Realización de examen,2026-06-15 17:43:40,Imagenologia,Imagenología,44,F,1,Medicina Interna,Traslado
EP00103,Tratamiento,2026-06-15 17:47:54,Enf_Medici_02,,55,M,4,Medicina Interna,Alta
EP00280,Evaluación de resultados,2026-06-15 18:08:37,Dr_Medici_01,Imagenología,44,F,1,Medicina Interna,Traslado
EP01033,Realización de examen,2026-06-15 18:21:25,Laboratorio_Clinico,Laboratorio,42,M,3,Medicina Interna,Alta
EP00280,Tratamiento,2026-06-15 18:24:45,Enf_Medici_01,,44,F,1,Medicina Interna,Traslado
EP01218,Alta,2026-06-15 18:28:30,Dr_Medici_03,,16,M,3,Medicina Interna,Alta
EP01481,Realización de examen,2026-06-15 18:30:05,Imagenologia,Imagenología,18,F,3,Emergencias,Alta
EP01033,Evaluación de resultados,2026-06-15 18:35:34,Dr_Medici_02,Laboratorio,42,M,3,Medicina Interna,Alta
EP00977,Consulta médica,2026-06-15 18:54:59,Dr_Emerge_04,,28,M,5,Emergencias,Alta
EP00977,Solicitud de examen,2026-06-15 19:07:59,Dr_Emerge_04,Imagenología,28,M,5,Emergencias,Alta
EP01033,Solicitud de examen,2026-06-15 19:12:25,Dr_Medici_02,Laboratorio,42,M,3,Medicina Interna,Alta
EP00103,Alta,2026-06-15 19:20:29,Dr_Medici_01,,55,M,4,Medicina Interna,Alta
EP01481,Evaluación de resultados,2026-06-15 19:56:39,Dr_Emerge_01,Imagenología,18,F,3,Emergencias,Alta
EP01033,Realización de examen,2026-06-15 20:14:46,Laboratorio_Clinico,Laboratorio,42,M,3,Medicina Interna,Alta
EP01481,Tratamiento,2026-06-15 20:40:26,Enf_Emerge_01,,18,F,3,Emergencias,Alta
EP01033,Evaluación de resultados,2026-06-15 21:25:05,Dr_Medici_02,Laboratorio,42,M,3,Medicina Interna,Alta
EP01481,Alta,2026-06-15 21:28:57,Dr_Emerge_01,,18,F,3,Emergencias,Alta
EP00280,Traslado a otro centro,2026-06-15 21:33:33,Admision_01,,44,F,1,Medicina Interna,Traslado
EP01033,Tratamiento,2026-06-15 22:03:51,Enf_Medici_04,,42,M,3,Medicina Interna,Alta
EP00533,Registro del paciente,2026-06-15 23:19:49,Admision_03,,12,F,3,Pediatría,Alta
EP01033,Alta,2026-06-15 23:59:41,Dr_Medici_02,,42,M,3,Medicina Interna,Alta
EP00533,Triage,2026-06-16 00:03:15,Enf_Triage_02,,12,F,3,Pediatría,Alta
EP00977,Realización de examen,2026-06-16 00:41:30,Imagenologia,Imagenología,28,M,5,Emergencias,Alta
EP00533,Consulta médica,2026-06-16 01:30:37,Dr_Pediat_02,,12,F,3,Pediatría,Alta
EP00533,Solicitud de examen,2026-06-16 01:39:49,Dr_Pediat_02,Laboratorio,12,F,3,Pediatría,Alta
EP00977,Evaluación de resultados,2026-06-16 01:53:33,Dr_Emerge_04,Imagenología,28,M,5,Emergencias,Alta
EP00977,Tratamiento,2026-06-16 02:46:05,Enf_Emerge_04,,28,M,5,Emergencias,Alta
EP00533,Realización de examen,2026-06-16 03:18:30,Laboratorio_Clinico,Laboratorio,12,F,3,Pediatría,Alta
EP00977,Alta,2026-06-16 03:53:36,Dr_Emerge_04,,28,M,5,Emergencias,Alta
EP00913,Ingreso a hospitalización,2026-06-16 04:25:38,Gestion_Camas,,38,M,2,Emergencias,Hospitalización
EP00533,Evaluación de resultados,2026-06-16 04:39:43,Dr_Pediat_02,Laboratorio,12,F,3,Pediatría,Alta
EP00533,Tratamiento,2026-06-16 05:24:18,Enf_Pediat_02,,12,F,3,Pediatría,Alta
EP00533,Alta,2026-06-16 06:54:59,Dr_Pediat_02,,12,F,3,Pediatría,Alta
EP01092,Registro del paciente,2026-06-16 08:19:26,Admision_03,,38,F,2,Emergencias,Hospitalización
EP01092,Triage,2026-06-16 08:38:00,Enf_Triage_02,,38,F,2,Emergencias,Hospitalización
EP01092,Consulta médica,2026-06-16 09:15:21,Dr_Emerge_01,,38,F,2,Emergencias,Hospitalización
EP01092,Tratamiento,2026-06-16 10:03:15,Enf_Emerge_02,,38,F,2,Emergencias,Hospitalización
EP01319,Registro del paciente,2026-06-16 12:26:54,Admision_02,,34,M,4,Medicina Interna,Traslado
EP01319,Triage,2026-06-16 13:04:48,Enf_Triage_01,,34,M,4,Medicina Interna,Traslado
EP00620,Registro del paciente,2026-06-16 13:09:27,Admision_02,,9,F,5,Pediatría,Hospitalización
EP01092,Ingreso a hospitalización,2026-06-16 13:34:13,Gestion_Camas,,38,F,2,Emergencias,Hospitalización
EP00620,Triage,2026-06-16 13:50:43,Enf_Triage_03,,9,F,5,Pediatría,Hospitalización
EP01319,Consulta médica,2026-06-16 14:50:58,Dr_Medici_03,,34,M,4,Medicina Interna,Traslado
EP01319,Solicitud de examen,2026-06-16 15:02:13,Dr_Medici_03,Laboratorio,34,M,4,Medicina Interna,Traslado
EP01319,Realización de examen,2026-06-16 15:56:10,Laboratorio_Clinico,Laboratorio,34,M,4,Medicina Interna,Traslado
EP01319,Evaluación de resultados,2026-06-16 16:22:01,Dr_Medici_03,Laboratorio,34,M,4,Medicina Interna,Traslado
EP01319,Consulta médica,2026-06-16 17:38:08,Dr_Medici_03,,34,M,4,Medicina Interna,Traslado
EP00761,Registro del paciente,2026-06-16 18:08:11,Admision_02,,30,M,3,Traumatología,Alta
EP00620,Consulta médica,2026-06-16 18:13:58,Dr_Pediat_03,,9,F,5,Pediatría,Hospitalización
EP00383,Registro del paciente,2026-06-16 18:15:05,Admision_02,,30,M,4,Medicina Interna,Alta
EP00620,Solicitud de examen,2026-06-16 18:30:15,Dr_Pediat_03,Laboratorio,9,F,5,Pediatría,Hospitalización
EP00761,Triage,2026-06-16 18:33:04,Enf_Triage_01,,30,M,3,Traumatología,Alta
EP00383,Triage,2026-06-16 18:54:29,Enf_Triage_01,,30,M,4,Medicina Interna,Alta
EP01319,Tratamiento,2026-06-16 19:04:58,Enf_Medici_01,,34,M,4,Medicina Interna,Traslado
EP00620,Realización de examen,2026-06-16 19:24:22,Laboratorio_Clinico,Laboratorio,9,F,5,Pediatría,Hospitalización
EP00620,Evaluación de resultados,2026-06-16 20:25:16,Dr_Pediat_03,Laboratorio,9,F,5,Pediatría,Hospitalización
EP01319,Traslado a otro centro,2026-06-16 21:31:10,Admision_01,,34,M,4,Medicina Interna,Traslado
EP00620,Consulta médica,2026-06-16 21:37:38,Dr_Pediat_03,,9,F,5,Pediatría,Hospitalización
EP00383,Consulta médica,2026-06-16 21:44:35,Dr_Medici_02,,30,M,4,Medicina Interna,Alta
EP00761,Consulta médica,2026-06-16 22:04:27,Dr_Trauma_03,,30,M,3,Traumatología,Alta
EP00620,Tratamiento,2026-06-16 22:05:16,Enf_Pediat_02,,9,F,5,Pediatría,Hospitalización
EP00761,Solicitud de examen,2026-06-16 22:18:24,Dr_Trauma_03,Imagenología,30,M,3,Traumatología,Alta
EP00383,Tratamiento,2026-06-16 22:49:14,Enf_Medici_01,,30,M,4,Medicina Interna,Alta
EP00383,Alta,2026-06-17 01:30:25,Dr_Medici_02,,30,M,4,Medicina Interna,Alta
EP00620,Ingreso a hospitalización,2026-06-17 04:11:24,Gestion_Camas,,9,F,5,Pediatría,Hospitalización
EP01280,Registro del paciente,2026-06-17 04:42:33,Admision_03,,4,M,4,Pediatría,Alta
EP00962,Registro del paciente,2026-06-17 04:50:27,Admision_01,,11,F,4,Pediatría,Hospitalización
EP00962,Triage,2026-06-17 05:28:35,Enf_Triage_02,,11,F,4,Pediatría,Hospitalización
EP01280,Triage,2026-06-17 05:54:57,Enf_Triage_02,,4,M,4,Pediatría,Alta
EP01280,Consulta médica,2026-06-17 08:44:08,Dr_Pediat_03,,4,M,4,Pediatría,Alta
EP00962,Consulta médica,2026-06-17 09:16:38,Dr_Pediat_04,,11,F,4,Pediatría,Hospitalización
EP01280,Tratamiento,2026-06-17 09:37:48,Enf_Pediat_03,,4,M,4,Pediatría,Alta
EP00962,Solicitud de examen,2026-06-17 09:44:35,Dr_Pediat_04,Laboratorio,11,F,4,Pediatría,Hospitalización
EP01280,Alta,2026-06-17 10:33:33,Dr_Pediat_03,,4,M,4,Pediatría,Alta
EP00962,Realización de examen,2026-06-17 10:37:06,Laboratorio_Clinico,Laboratorio,11,F,4,Pediatría,Hospitalización
EP00962,Evaluacion de resultados,2026-06-17 11:05:36,Dr_Pediat_04,Laboratorio,11,F,4,Pediatría,Hospitalización
EP00962,Tratamiento,2026-06-17 11:38:21,Enf_Pediat_03,,11,F,4,Pediatría,Hospitalización
EP00271,Registro del paciente,2026-06-17 11:51:57,Admision_02,,15,F,5,Emergencias,Alta
EP00271,Triage,2026-06-17 12:17:16,Enf_Triage_01,,15,F,5,Emergencias,Alta
EP01436,Registro del paciente,2026-06-17 12:57:16,Admision_03,,21,F,4,Emergencias,Alta
EP01436,Triage,2026-06-17 13:23:34,Enf_Triage_01,,21,F,4,Emergencias,Alta
EP00365,Registro del paciente,2026-06-17 14:14:53,Admision_02,,66,F,4,Traumatología,Alta
EP00365,Triage,2026-06-17 15:01:41,Enf_Triage_01,,66,F,4,Traumatología,Alta
EP00556,Registro del paciente,2026-06-17 15:14:27,Admision_02,,62,F,3,Emergencias,Alta
EP00974,Registro del paciente,2026-06-17 15:29:08,Admision_03,,57,F,4,Emergencias,Alta
EP00556,Triage,2026-06-17 15:46:01,Enf_Triage_03,,62,F,3,Emergencias,Alta
EP00974,Triage,2026-06-17 16:11:16,Enf_Triage_03,,57,F,4,Emergencias,Alta
EP00556,Consulta médica,2026-06-17 17:13:54,Dr_Emerge_02,,62,F,3,Emergencias,Alta
EP00662,Registro del paciente,2026-06-17 17:58:34,Admision_03,,17,M,3,Emergencias,Alta
EP00662,Triage,2026-06-17 18:38:06,Enf_Triage_01,,17,M,3,Emergencias,Alta
EP01436,Consulta médica,2026-06-17 18:51:51,Dr_Emerge_02,,21,F,4,Emergencias,Alta
EP00271,Consulta médica,2026-06-17 19:01:18,Dr_Emerge_02,,15,F,5,Emergencias,Alta
EP00761,Realización de examen,2026-06-17 19:03:35,Imagenologia,Imagenología,30,M,3,Traumatología,Alta
EP00662,Consulta médica,2026-06-17 19:11:29,Dr_Emerge_03,,17,M,3,Emergencias,Alta
EP00662,solicitud de examen,2026-06-17 19:21:40,Dr_Emerge_03,Imagenología,17,M,3,Emergencias,Alta
EP01436,Tratamiento,2026-06-17 19:24:12,Enf_Emerge_04,,21,F,4,Emergencias,Alta
EP00271,Tratamiento,2026-06-17 19:33:54,Enf_Emerge_04,,15,F,5,Emergencias,Alta
EP00556,Consulta médica,2026-06-17 19:38:40,Dr_Emerge_02,,62,F,3,Emergencias,Alta
EP00761,Evaluación de resultados,2026-06-17 19:45:19,Dr_Trauma_03,Imagenología,30,M,3,Traumatología,Alta
EP00974,Consulta médica,2026-06-17 19:50:52,Dr_Emerge_04,,57,F,4,Emergencias,Alta
EP00761,Tratamiento,2026-06-17 20:06:55,Enf_Trauma_04,,30,M,3,Traumatología,Alta
EP01436,Alta,2026-06-17 20:09:44,Dr_Emerge_02,,21,F,4,Emergencias,Alta
EP00556,Tratamiento,2026-06-17 20:24:29,Enf_Emerge_03,,62,F,3,Emergencias,Alta
EP00271,Alta,2026-06-17 20:26:26,Dr_Emerge_02,,15,F,5,Emergencias,Alta
EP00974,Tratamiento,2026-06-17 20:37:03,Enf_Emerge_01,,57,F,4,Emergencias,Alta
EP00260,Registro del paciente,2026-06-17 20:37:47,Admision_03,,36,M,5,Emergencias,Alta
EP00962,Ingreso a hospitalización,2026-06-17 20:40:06,Gestion_Camas,,11,F,4,Pediatría,Hospitalización
EP00365,Consulta médica,2026-06-17 21:16:49,Dr_Trauma_04,,66,F,4,Traumatología,Alta
EP00556,Alta,2026-06-17 21:17:58,Dr_Emerge_02,,62,F,3,Emergencias,Alta
EP00365,Solicitud de examen,2026-06-17 21:21:09,Dr_Trauma_04,Laboratorio,66,F,4,Traumatología,Alta
EP00974,Alta,2026-06-17 21:40:56,Dr_Emerge_04,,57,F,4,Emergencias,Alta
EP00365,Realización de examen,2026-06-17 21:42:00,Laboratorio_Clinico,Laboratorio,66,F,4,Traumatología,Alta
EP00260,Triage,2026-06-17 21:47:33,Enf_Triage_03,,36,M,5,Emergencias,Alta
EP00365,Evaluación de resultados,2026-06-17 22:03:03,Dr_Trauma_04,Laboratorio,66,F,4,Traumatología,Alta
EP00365,Tratamiento,2026-06-17 23:15:21,Enf_Trauma_02,,66,F,4,Traumatología,Alta
EP00761,Alta,2026-06-17 23:46:52,Dr_Trauma_03,,30,M,3,Traumatología,Alta
EP00662,Realización de examen,2026-06-18 00:11:29,Imagenologia,Imagenología,17,M,3,Emergencias,Alta
EP00365,Alta,2026-06-18 00:58:23,Dr_Trauma_04,,66,F,4,Traumatología,Alta
EP00662,Evaluación de resultados,2026-06-18 01:10:16,Dr_Emerge_03,Imagenología,17,M,3,Emergencias,Alta
EP00662,Tratamiento,2026-06-18 01:50:33,Enf_Emerge_02,,17,M,3,Emergencias,Alta
EP00662,Alta,2026-06-18 02:38:38,Dr_Emerge_03,,17,M,3,Emergencias,Alta
EP00260,Consulta médica,2026-06-18 02:59:09,Dr_Emerge_02,,36,M,5,Emergencias,Alta
EP00260,Tratamiento,2026-06-18 03:30:04,Enf_Emerge_03,,36,M,5,Emergencias,Alta
EP00979,Registro del paciente,2026-06-18 04:25:02,Admision_02,,81,F,4,Medicina Interna,Alta
EP00417,Registro del paciente,2026-06-18 04:25:24,Admision_01,,62,F,4,Emergencias,Alta
EP00979,Triage ,2026-06-18 04:45:15,Enf_Triage_03,,81,F,4,Medicina Interna,Alta
EP00260,Alta,2026-06-18 05:00:42,Dr_Emerge_02,,36,M,5,Emergencias,Alta
EP00417,Triage,2026-06-18 05:03:13,Enf_Triage_03,,62,F,4,Emergencias,Alta
EP00979,Consulta médica,2026-06-18 06:25:09,Dr_Medici_03,,81,F,4,Medicina Interna,Alta
EP00979,Tratamiento,2026-06-18 07:04:53,Enf_Medici_04,,81,F,4,Medicina Interna,Alta
EP01452,Registro del paciente,2026-06-18 07:36:03,Admision_02,,35,M,5,Medicina Interna,Alta
EP01452,Triage,2026-06-18 07:58:49,Enf_Triage_01,,35,M,5,Medicina Interna,Alta
EP00736,Registro del paciente,2026-06-18 08:02:15,Admision_03,,12,F,3,Pediatría,Alta
EP00979,Alta,2026-06-18 08:07:24,Dr_Medici_03,,81,F,4,Medicina Interna,Alta
EP00279,Registro del paciente,2026-06-18 08:45:36,Admision_02,,35,F,4,Emergencias,Alta
EP00736,Triage,2026-06-18 08:52:43,Enf_Triage_02,,12,F,3,Pediatría,Alta
EP00279,Triage,2026-06-18 09:13:22,Enf_Triage_02,,35,F,4,Emergencias,Alta
EP01316,Registro del paciente,2026-06-18 09:14:29,Admision_03,,70,F,4,Emergencias,Alta
EP00736,Consulta médica,2026-06-18 10:00:12,Dr_Pediat_03,,12,F,3,Pediatría,Alta
EP01316,Triage,2026-06-18 10:01:42,Enf_Triage_02,,70,F,4,Emergencias,Alta
EP00279,Consulta médica,2026-06-18 10:35:57,Dr_Emerge_01,,35,F,4,Emergencias,Alta
EP00736,Interconsulta especialista,2026-06-18 10:38:35,Especialista_04,,12,F,3,Pediatría,Alta
EP01316,Consulta médica,2026-06-18 11:05:45,Dr_Emerge_04,,70,F,4,Emergencias,Alta
EP01316,Tratamiento,2026-06-18 11:23:47,Enf_Emerge_02,,70,F,4,Emergencias,Alta
EP00736,Tratamiento,2026-06-18 11:39:25,Enf_Pediat_01,,12,F,3,Pediatría,Alta
EP01316,Alta,2026-06-18 12:44:47,Dr_Emerge_04,,70,F,4,Emergencias,Alta
EP00736,Alta,2026-06-18 12:44:51,Dr_Pediat_03,,12,F,3,Pediatría,Alta
EP00417,Consulta médica,2026-06-18 13:52:33,Dr_Emerge_03,,62,F,4,Emergencias,Alta
EP00417,Solicitud de examen,2026-06-18 14:11:31,Dr_Emerge_03,Laboratorio,62,F,4,Emergencias,Alta
EP00279,Interconsulta especialista,2026-06-18 14:33:57,Especialista_03,,35,F,4,Emergencias,Alta
EP00417,Realización de examen,2026-06-18 14:35:23,Laboratorio_Clinico,Laboratorio,62,F,4,Emergencias,Alta
EP00417,Evaluación de resultados,2026-06-18 15:06:15,Dr_Emerge_03,Laboratorio,62,F,4,Emergencias,Alta
EP01166,Registro del paciente,2026-06-18 15:06:55,Admision_02,,64,M,4,Emergencias,Alta
EP00279,Tratamiento,2026-06-18 15:12:38,Enf_Emerge_01,,35,F,4,Emergencias,Alta
EP00050,Registro del paciente,2026-06-18 15:17:37,Admision_03,,0,F,4,Pediatría,Alta
EP00417,Solicitud de examen,2026-06-18 15:25:50,Dr_Emerge_03,Imagenología,62,F,4,Emergencias,Alta
EP01166,Triage,2026-06-18 15:28:21,Enf_Triage_03,,64,M,4,Emergencias,Alta
EP00050,Triage,2026-06-18 15:37:40,Enf_Triage_03,,0,F,4,Pediatría,Alta
EP00279,Alta,2026-06-18 16:09:00,Dr_Emerge_01,,35,F,4,Emergencias,Alta
EP00417,Realización de examen,2026-06-18 16:33:02,Imagenologia,Imagenología,62,F,4,Emergencias,Alta
EP00417,Evaluación de resultados,2026-06-18 17:57:57,Dr_Emerge_03,Imagenología,62,F,4,Emergencias,Alta
EP00050,Consulta médica,2026-06-18 18:21:35,Dr_Pediat_02,,0,F,4,Pediatría,Alta
EP00417,Tratamiento,2026-06-18 18:42:07,Enf_Emerge_02,,62,F,4,Emergencias,Alta
EP00050,Tratamiento,2026-06-18 18:57:37,Enf_Pediat_03,,0,F,4,Pediatría,Alta
EP00509,Registro del paciente,2026-06-18 19:35:39,Admision_02,,35,F,4,Emergencias,Alta
EP01166,Consulta médica,2026-06-18 19:35:48,Dr_Emerge_03,,64,M,4,Emergencias,Alta
EP01166,Solicitud de examen,2026-06-18 19:41:24,Dr_Emerge_03,Laboratorio,64,M,4,Emergencias,Alta
EP00050,Alta,2026-06-18 20:06:19,Dr_Pediat_02,,0,F,4,Pediatría,Alta
EP00509,Triage,2026-06-18 20:36:33,Enf_Triage_02,,35,F,4,Emergencias,Alta
EP00417,Alta,2026-06-18 20:36:58,Dr_Emerge_03,,62,F,4,Emergencias,Alta
EP01166,Realización de examen,2026-06-18 20:59:20,Laboratorio_Clinico,Laboratorio,64,M,4,Emergencias,Alta
EP01452,Consulta médica,2026-06-18 21:10:27,Dr_Medici_03,,35,M,5,Medicina Interna,Alta
EP01166,Evaluación de resultados,2026-06-18 21:18:59,Dr_Emerge_03,Laboratorio,64,M,4,Emergencias,Alta
EP01166,Tratamiento,2026-06-18 21:54:55,Enf_Emerge_01,,64,M,4,Emergencias,Alta
EP00509,Consulta médica,2026-06-18 22:00:23,Dr_Emerge_04,,35,F,4,Emergencias,Alta
EP00747,Registro del paciente,2026-06-18 22:33:23,Admision_03,,45,F,2,Emergencias,Alta
EP01166,Alta,2026-06-18 22:53:41,Dr_Emerge_03,,64,M,4,Emergencias,Alta
EP00747,Triage,2026-06-18 23:04:12,Enf_Triage_02,,45,F,2,Emergencias,Alta
EP00509,Tratamiento,2026-06-18 23:04:55,Enf_Emerge_04,,35,F,4,Emergencias,Alta
EP00509,Tratamiento,2026-06-18 23:04:55,Enf_Emerge_04,,35,F,4,Emergencias,Alta
EP00747,Consulta médica,2026-06-18 23:57:45,Dr_Emerge_02,,45,F,2,Emergencias,Alta
EP00747,Tratamiento,2026-06-19 00:24:41,Enf_Emerge_01,,45,F,2,Emergencias,Alta
EP00509,Alta,2026-06-19 01:09:22,Dr_Emerge_04,,35,F,4,Emergencias,Alta
EP00747,Alta,2026-06-19 01:29:17,Dr_Emerge_02,,45,F,2,Emergencias,Alta
EP01452,Consulta médica,2026-06-19 01:37:47,Dr_Medici_03,,35,M,5,Medicina Interna,Alta
EP00733,Registro del paciente,2026-06-19 01:44:38,Admision_02,,39,M,3,Emergencias,Alta
EP00733,Triage,2026-06-19 02:03:59,Enf_Triage_02,,39,M,3,Emergencias,Alta
EP01452,Tratamiento,2026-06-19 02:28:55,Enf_Medici_03,,35,M,5,Medicina Interna,Alta
EP01452,Alta,2026-06-19 03:20:41,Dr_Medici_03,,35,M,5,Medicina Interna,Alta
EP00733,Consulta médica,2026-06-19 04:12:48,Dr_Emerge_02,,39,M,3,Emergencias,Alta
EP00733,Tratamiento,2026-06-19 05:28:51,Enf_Emerge_04,,39,M,3,Emergencias,Alta
EP00733,Alta,2026-06-19 05:47:47,Dr_Emerge_02,,39,M,3,Emergencias,Alta
EP00795,Registro del paciente,2026-06-19 10:51:55,Admision_03,,37,F,3,Emergencias,Hospitalización
EP00174,Registro del paciente,2026-06-19 11:04:10,Admision_03,,48,M,4,Medicina Interna,Alta
EP00795,Triage,2026-06-19 11:07:47,Enf_Triage_02,,37,F,3,Emergencias,Hospitalización
EP00493,Registro del paciente,2026-06-19 11:21:58,Admision_02,,37,F,3,Emergencias,Alta
EP00368,Registro del paciente,2026-06-19 11:54:09,Admision_02,,54,F,3,Emergencias,Alta
EP00174,Triage,2026-06-19 11:55:01,Enf_Triage_01,,48,M,4,Medicina Interna,Alta
EP00699,Registro del paciente,2026-06-19 12:12:43,Admision_03,,52,F,5,Emergencias,Alta
EP00134,Registro del paciente,2026-06-19 12:25:08,Admision_01,,55,M,2,Emergencias,Alta
EP00493,Triage,2026-06-19 12:26:21,Enf_Triage_03,,37,F,3,Emergencias,Alta
EP00368,Triage,2026-06-19 12:34:34,Enf_Triage_01,,54,F,3,Emergencias,Alta
EP00134,Triage,2026-06-19 12:42:23,Enf_Triage_01,,55,M,2,Emergencias,Alta
EP00134,Consulta médica,2026-06-19 13:03:39,Dr_Emerge_01,,55,M,2,Emergencias,Alta
EP00221,Registro del paciente,2026-06-19 13:07:54,Admision_03,,76,F,2,Medicina Interna,Alta
EP00795,Consulta médica,2026-06-19 13:12:34,Dr_Emerge_02,,37,F,3,Emergencias,Hospitalización
EP00394,Registro del paciente,2026-06-19 13:16:38,Admision_03,,50,M,4,Traumatología,Alta
EP00699,Triage,2026-06-19 13:20:27,Enf_Triage_02,,52,F,5,Emergencias,Alta
EP00795,Solicitud de examen,2026-06-19 13:27:36,Dr_Emerge_02,Imagenología,37,F,3,Emergencias,Hospitalización
EP00493,Consulta médica,2026-06-19 13:33:09,Dr_Emerge_02,,37,F,3,Emergencias,Alta
EP01056,Registro del paciente,2026-06-19 13:34:48,Admision_02,,60,M,3,Medicina Interna,Alta
EP00394,Triage,2026-06-19 13:38:05,Enf_Triage_02,,50,M,4,Traumatología,Alta
EP00134,Tratamiento,2026-06-19 13:47:41,Enf_Emerge_04,,55,M,2,Emergencias,Alta
EP00221,Triage,2026-06-19 13:51:10,Enf_Triage_02,,76,F,2,Medicina Interna,Alta
EP00493,Tratamiento,2026-06-19 13:58:50,Enf_Emerge_01,,37,F,3,Emergencias,Alta
EP01056,Triage,2026-06-19 14:03:54,Enf_Triage_02,,60,M,3,Medicina Interna,Alta
EP00368,Consulta médica,2026-06-19 14:13:27,Dr_Emerge_01,,54,F,3,Emergencias,Alta
EP00221,Consulta médica,2026-06-19 14:20:00,Dr_Medici_03,,76,F,2,Medicina Interna,Alta
EP00221,Solicitud de examen,2026-06-19 14:27:21,Dr_Medici_03,Laboratorio,76,F,2,Medicina Interna,Alta
EP00174,Consulta médica,2026-06-19 14:37:05,Dr_Medici_04,,48,M,4,Medicina Interna,Alta
EP00174,Solicitud de examen,2026-06-19 14:51:41,Dr_Medici_04,Laboratorio,48,M,4,Medicina Interna,Alta
EP00368,Tratamiento,2026-06-19 15:04:44,Enf_Emerge_04,,54,F,3,Emergencias,Alta
EP00493,Alta,2026-06-19 15:05:01,Dr_Emerge_02,,37,F,3,Emergencias,Alta
EP00134,Alta,2026-06-19 15:23:26,Dr_Emerge_01,,55,M,2,Emergencias,Alta
EP00221,Realización de examen,2026-06-19 15:40:17,Laboratorio_Clinico,Laboratorio,76,F,2,Medicina Interna,Alta
EP00174,Realización de examen,2026-06-19 15:44:11,Laboratorio_Clinico,Laboratorio,48,M,4,Medicina Interna,Alta
EP00795,Realización de examen,2026-06-19 16:09:33,Imagenologia,Imagenología,37,F,3,Emergencias,Hospitalización
EP01056,Consulta médica,2026-06-19 16:14:36,Dr_Medici_02,,60,M,3,Medicina Interna,Alta
EP00174,Evaluación de resultados,2026-06-19 16:23:00,Dr_Medici_04,Laboratorio,48,M,4,Medicina Interna,Alta
EP00368,Alta,2026-06-19 16:23:49,Dr_Emerge_01,,54,F,3,Emergencias,Alta
EP00174,Solicitud de examen,2026-06-19 16:31:55,Dr_Medici_04,Laboratorio,48,M,4,Medicina Interna,Alta
EP00699,Consulta médica,2026-06-19 16:33:48,Dr_Emerge_04,,52,F,5,Emergencias,Alta
EP01056,Solicitud de examen,2026-06-19 16:35:34,Dr_Medici_02,Laboratorio,60,M,3,Medicina Interna,Alta
EP00861,Registro del paciente,2026-06-19 16:42:34,Admision_01,,52,M,2,Medicina Interna,Alta
EP00221,Evaluación de resultados,2026-06-19 16:52:50,Dr_Medici_03,Laboratorio,76,F,2,Medicina Interna,Alta
EP00861,Triage,2026-06-19 16:59:41,Enf_Triage_03,,52,M,2,Medicina Interna,Alta
EP00221,Solicitud de examen,2026-06-19 17:10:53,Dr_Medici_03,Imagenología,76,F,2,Medicina Interna,Alta
EP00861,Consulta médica,2026-06-19 17:32:22,Dr_Medici_01,,52,M,2,Medicina Interna,Alta
EP01056,Realización de examen,2026-06-19 17:46:53,Laboratorio_Clinico,Laboratorio,60,M,3,Medicina Interna,Alta
EP00174,Realización de examen,2026-06-19 17:47:08,Laboratorio_Clinico,Laboratorio,48,M,4,Medicina Interna,Alta
EP00699,Tratamiento,2026-06-19 17:48:41,Enf_Emerge_03,,52,F,5,Emergencias,Alta
EP00861,Solicitud de examen,2026-06-19 17:49:04,Dr_Medici_01,Laboratorio,52,M,2,Medicina Interna,Alta
EP00795,Evaluación de resultados,2026-06-19 18:20:29,Dr_Emerge_02,Imagenología,37,F,3,Emergencias,Hospitalización
EP00221,Realización de examen,2026-06-19 18:49:05,Imagenologia,Imagenología,76,F,2,Medicina Interna,Alta
EP01056,Evaluación de resultados,2026-06-19 18:54:06,Dr_Medici_02,Laboratorio,60,M,3,Medicina Interna,Alta
EP01056,Solicitud de examen,2026-06-19 18:59:21,Dr_Medici_02,Imagenología,60,M,3,Medicina Interna,Alta
EP00174,Evaluación de resultados,2026-06-19 19:00:52,Dr_Medici_04,Laboratorio,48,M,4,Medicina Interna,Alta
EP00699,Alta,2026-06-19 19:14:45,Dr_Emerge_04,,52,F,5,Emergencias,Alta
EP00174,Solicitud de examen,2026-06-19 19:17:25,Dr_Medici_04,Imagenología,48,M,4,Medicina Interna,Alta
EP00861,Realización de examen,2026-06-19 19:52:01,Laboratorio_Clinico,Laboratorio,52,M,2,Medicina Interna,Alta
EP00795,Tratamiento,2026-06-19 19:56:21,Enf_Emerge_03,,37,F,3,Emergencias,Hospitalización
EP00228,Registro del paciente,2026-06-19 20:14:30,Admision_02,,22,F,3,Emergencias,Alta
EP00228,Triage,2026-06-19 20:36:29,Enf_Triage_01,,22,F,3,Emergencias,Alta
EP00394,Consulta médica,2026-06-19 20:55:38,Dr_Trauma_03,,50,M,4,Traumatología,Alta
EP00394,Tratamiento,2026-06-19 21:14:08,Enf_Trauma_02,,50,M,4,Traumatología,Alta
EP00861,Evaluación de resultados,2026-06-19 21:20:39,Dr_Medici_01,Laboratorio,52,M,2,Medicina Interna,Alta
EP00394,Alta,2026-06-19 21:31:27,Dr_Trauma_03,,50,M,4,Traumatología,Alta
EP00861,Solicitud de examen,2026-06-19 21:34:52,Dr_Medici_01,Imagenología,52,M,2,Medicina Interna,Alta
EP01439,Registro del paciente,2026-06-19 22:09:28,Admision_01,,28,M,5,Traumatología,Alta
EP00901,Registro del paciente,2026-06-19 22:26:35,Admision_01,,49,F,5,Medicina Interna,Alta
EP00221,Evaluación de resultados,2026-06-19 22:38:15,Dr_Medici_03,Imagenología,76,F,2,Medicina Interna,Alta
EP01439,Triage,2026-06-19 23:14:04,Enf_Triage_01,,28,M,5,Traumatología,Alta
EP00221,Tratamiento,2026-06-19 23:18:49,Enf_Medici_04,,76,F,2,Medicina Interna,Alta
EP00795,Ingreso a hospitalización,2026-06-19 23:29:35,Gestion_Camas,,37,F,3,Emergencias,Hospitalización
EP00901,Triage,2026-06-19 23:36:14,Enf_Triage_03,,49,F,5,Medicina Interna,Alta
EP01056,Realización de examen,2026-06-19 23:46:39,Imagenologia,Imagenología,60,M,3,Medicina Interna,Alta
EP00221,Alta,2026-06-20 00:17:28,Dr_Medici_03,,76,F,2,Medicina Interna,Alta
EP00228,Consulta médica,2026-06-20 01:03:32,Dr_Emerge_04,,22,F,3,Emergencias,Alta
EP00174,Realización de examen,2026-06-20 01:37:27,Imagenologia,Imagenología,48,M,4,Medicina Interna,Alta
EP00861,Realización de examen,2026-06-20 02:04:24,Imagenologia,Imagenología,52,M,2,Medicina Interna,Alta
EP01439,Consulta médica,2026-06-20 02:28:38,Dr_Trauma_04,,28,M,5,Traumatología,Alta
EP01056,Evaluación de resultados,2026-06-20 02:30:15,Dr_Medici_02,Imagenología,60,M,3,Medicina Interna,Alta
EP00174,Evaluación de resultados,2026-06-20 02:45:52,Dr_Medici_04,Imagenología,48,M,4,Medicina Interna,Alta
EP01056,Tratamiento,2026-06-20 02:59:05,Enf_Medici_02,,60,M,3,Medicina Interna,Alta
EP00228,Consulta médica,2026-06-20 03:05:59,Dr_Emerge_04,,22,F,3,Emergencias,Alta
EP00174,Tratamiento,2026-06-20 03:12:01,Enf_Medici_04,,48,M,4,Medicina Interna,Alta
EP00861,Evaluación de resultados,2026-06-20 03:21:47,Dr_Medici_01,Imagenología,52,M,2,Medicina Interna,Alta
EP00901,Consulta médica,2026-06-20 03:23:47,Dr_Medici_03,,49,F,5,Medicina Interna,Alta
EP00228,Tratamiento,2026-06-20 03:26:58,Enf_Emerge_01,,22,F,3,Emergencias,Alta
EP01056,Alta,2026-06-20 03:27:42,Dr_Medici_02,,60,M,3,Medicina Interna,Alta
EP01439,Tratamiento,2026-06-20 03:31:23,Enf_Trauma_01,,28,M,5,Traumatología,Alta
EP00861,Tratamiento,2026-06-20 04:26:57,Enf_Medici_01,,52,M,2,Medicina Interna,Alta
EP00174,Alta,2026-06-20 04:34:15,Dr_Medici_04,,48,M,4,Medicina Interna,Alta
EP00901,Consulta médica,2026-06-20 04:54:20,Dr_Medici_03,,49,F,5,Medicina Interna,Alta
EP01439,Alta,2026-06-20 04:56:11,Dr_Trauma_04,,28,M,5,Traumatología,Alta
EP00901,Tratamiento,2026-06-20 05:31:06,Enf_Medici_04,,49,F,5,Medicina Interna,Alta
EP00861,Alta,2026-06-20 05:40:58,Dr_Medici_01,,52,M,2,Medicina Interna,Alta
EP00228,Alta,2026-06-20 05:45:06,Dr_Emerge_04,,22,F,3,Emergencias,Alta
EP00901,Alta,2026-06-20 06:20:21,Dr_Medici_03,,49,F,5,Medicina Interna,Alta
EP01049,Registro del paciente,2026-06-20 09:01:38,Admision_03,,53,F,3,Emergencias,Hospitalización
EP01049,Triage,2026-06-20 09:47:11,Enf_Triage_01,,53,F,3,Emergencias,Hospitalización
EP01049,Consulta médica,2026-06-20 11:10:40,Dr_Emerge_03,,53,F,3,Emergencias,Hospitalización
EP01049,Tratamiento,2026-06-20 12:16:07,Enf_Emerge_03,,53,F,3,Emergencias,Hospitalización
EP00764,Registro del paciente,2026-06-20 12:25:19,Admision_03,,57,F,3,Traumatología,Hospitalización
EP00764,Triage,2026-06-20 12:47:29,Enf_Triage_01,,57,F,3,Traumatología,Hospitalización
EP00585,Registro del paciente,2026-06-20 12:49:53,Admision_03,,5,M,4,Pediatría,Alta
EP00585,Triage,2026-06-20 13:19:41,Enf_Triage_03,,5,M,4,Pediatría,Alta
EP00728,Registro del paciente,2026-06-20 14:16:09,Admision_03,,36,F,2,Emergencias,Alta
EP00764,Consulta médica,2026-06-20 14:18:26,Dr_Trauma_02,,57,F,3,Traumatología,Hospitalización
EP00764,Solicitud de examen,2026-06-20 14:29:04,Dr_Trauma_02,Laboratorio,57,F,3,Traumatología,Hospitalización
EP00728,Triage,2026-06-20 14:32:53,Enf_Triage_02,,36,F,2,Emergencias,Alta
EP01042,Registro del paciente,2026-06-20 15:18:10,Admision_02,,30,M,4,Traumatología,Alta
EP00728,Consulta médica,2026-06-20 15:28:19,Dr_Emerge_02,,36,F,2,Emergencias,Alta
EP01042,Triage,2026-06-20 15:39:46,Enf_Triage_01,,30,M,4,Traumatología,Alta
EP00634,Registro del paciente,2026-06-20 15:39:58,Admision_01,,61,M,3,Emergencias,Alta
EP01364,Registro del paciente,2026-06-20 15:59:08,Admision_01,,25,M,3,Emergencias,Alta
EP00634,Triage,2026-06-20 16:01:17,Enf_Triage_01,,61,M,3,Emergencias,Alta
EP01364,Triage,2026-06-20 16:13:47,Enf_Triage_03,,25,M,3,Emergencias,Alta
EP01288,Registro del paciente,2026-06-20 16:14:46,Admision_01,,44,F,3,Traumatología,Alta
EP00728,Tratamiento,2026-06-20 16:20:47,Enf_Emerge_02,,36,F,2,Emergencias,Alta
EP01288,Triage,2026-06-20 16:34:11,Enf_Triage_03,,44,F,3,Traumatología,Alta
EP00764,Realización de examen,2026-06-20 16:34:30,Laboratorio_Clinico,Laboratorio,57,F,3,Traumatología,Hospitalización
EP01288,Consulta médica,2026-06-20 17:17:22,Dr_Trauma_02,,44,F,3,Traumatología,Alta
EP00728,Alta,2026-06-20 17:34:07,Dr_Emerge_02,,36,F,2,Emergencias,Alta
EP00764,Evaluación de resultados,2026-06-20 17:34:26,Dr_Trauma_02,Laboratorio,57,F,3,Traumatología,Hospitalización
EP01364,Consulta médica,2026-06-20 18:00:23,Dr_Emerge_03,,25,M,3,Emergencias,Alta
EP01288,Tratamiento,2026-06-20 18:03:34,Enf_Trauma_02,,44,F,3,Traumatología,Alta
EP00764,Tratamiento,2026-06-20 18:16:12,Enf_Trauma_03,,57,F,3,Traumatología,Hospitalización
EP01288,Alta,2026-06-20 18:29:38,Dr_Trauma_02,,44,F,3,Traumatología,Alta
EP01364,Tratamiento,2026-06-20 18:31:05,Enf_Emerge_04,,25,M,3,Emergencias,Alta
EP00634,Consulta médica,2026-06-20 18:48:29,Dr_Emerge_04,,61,M,3,Emergencias,Alta
EP00908,Registro del paciente,2026-06-20 19:11:07,Admision_01,,8,M,3,Pediatría,Alta
EP00634,Tratamiento,2026-06-20 19:17:07,Enf_Emerge_01,,61,M,3,Emergencias,Alta
EP00585,Consulta médica,2026-06-20 19:22:00,Dr_Pediat_01,,5,M,4,Pediatría,Alta
EP01349,Registro del paciente,2026-06-20 19:25:48,Admision_01,,51,F,3,Emergencias,Hospitalización
EP00908,Triage,2026-06-20 19:31:14,Enf_Triage_02,,8,M,3,Pediatría,Alta
EP00585,Solicitud de examen,2026-06-20 19:40:08,Dr_Pediat_01,Laboratorio,5,M,4,Pediatría,Alta
EP01364,Alta,2026-06-20 19:43:33,Dr_Emerge_03,,25,M,3,Emergencias,Alta
EP01042,Consulta médica,2026-06-20 19:48:08,Dr_Trauma_02,,30,M,4,Traumatología,Alta
EP01349,Triage,2026-06-20 19:53:06,Enf_Triage_02,,51,F,3,Emergencias,Hospitalización
EP01042,Solicitud de examen,2026-06-20 20:01:28,Dr_Trauma_02,Imagenología,30,M,4,Traumatología,Alta
EP00585,Realización de examen,2026-06-20 20:38:09,Laboratorio_Clinico,Laboratorio,5,M,4,Pediatría,Alta
EP00634,Alta,2026-06-20 20:48:23,Dr_Emerge_04,,61,M,3,Emergencias,Alta
EP00236,Registro del paciente,2026-06-20 21:25:53,Admision_02,,14,F,5,Pediatría,Alta
EP00585,Evaluación de resultados,2026-06-20 21:35:15,Dr_Pediat_01,Laboratorio,5,M,4,Pediatría,Alta
EP00440,Registro del paciente,2026-06-20 21:39:04,Admision_02,,71,F,5,Emergencias,Alta
EP00236,Triage,2026-06-20 21:52:57,Enf_Triage_02,,14,F,5,Pediatría,Alta
EP01349,Consulta médica,2026-06-20 21:55:16,Dr_Emerge_02,,51,F,3,Emergencias,Hospitalización
EP00764,Ingreso a hospitalización,2026-06-20 22:00:00,Gestion_Camas,,57,F,3,Traumatología,Hospitalización
EP01349,Solicitud de examen,2026-06-20 22:07:35,Dr_Emerge_02,Laboratorio,51,F,3,Emergencias,Hospitalización
EP00585,Tratamiento,2026-06-20 22:09:46,Enf_Pediat_01,,5,M,4,Pediatría,Alta
EP00440,Triage,2026-06-20 22:16:07,Enf_Triage_03,,71,F,5,Emergencias,Alta
EP00908,Consulta médica,2026-06-20 22:31:27,Dr_Pediat_01,,8,M,3,Pediatría,Alta
EP01349,Realización de examen,2026-06-20 22:43:15,Laboratorio_Clinico,Laboratorio,51,F,3,Emergencias,Hospitalización
EP01349,Evaluación de resultados,2026-06-20 23:08:23,Dr_Emerge_02,Laboratorio,51,F,3,Emergencias,Hospitalización
EP00585,Alta,2026-06-20 23:16:14,Dr_Pediat_01,,5,M,4,Pediatría,Alta
EP00908,Tratamiento,2026-06-20 23:17:16,Enf_Pediat_04,,8,M,3,Pediatría,Alta
EP01042,Realización de examen,2026-06-20 23:31:03,Imagenologia,Imagenología,30,M,4,Traumatología,Alta
EP01349,Tratamiento,2026-06-20 23:42:29,Enf_Emerge_01,,51,F,3,Emergencias,Hospitalización
EP00908,Alta,2026-06-21 00:10:53,Dr_Pediat_01,,8,M,3,Pediatría,Alta
EP01042,Evaluación de resultados,2026-06-21 00:48:26,Dr_Trauma_02,Imagenología,30,M,4,Traumatología,Alta
EP01042,Tratamiento,2026-06-21 01:15:32,Enf_Trauma_01,,30,M,4,Traumatología,Alta
EP00236,Consulta médica,2026-06-21 01:34:11,Dr_Pediat_02,,14,F,5,Pediatría,Alta
EP01042,Alta,2026-06-21 02:13:33,Dr_Trauma_02,,30,M,4,Traumatología,Alta
EP00236,Tratamiento,2026-06-21 02:22:59,Enf_Pediat_03,,14,F,5,Pediatría,Alta
EP00236,Alta,2026-06-21 03:42:08,Dr_Pediat_02,,14,F,5,Pediatría,Alta
EP01349,Ingreso a hospitalización,2026-06-21 04:16:20,Gestion_Camas,,51,F,3,Emergencias,Hospitalización
EP00067,Registro del paciente,2026-06-21 05:21:21,Admision_01,,61,M,3,Emergencias,Alta
EP00067,Triage,2026-06-21 05:45:48,Enf_Triage_01,,61,M,3,Emergencias,Alta
EP00440,Consulta médica,2026-06-21 08:25:13,Dr_Emerge_02,,71,F,5,Emergencias,Alta
EP00067,Consulta médica,2026-06-21 08:45:00,Dr_Emerge_02,,61,M,3,Emergencias,Alta
EP00067,Consulta médica,2026-06-21 10:13:25,Dr_Emerge_02,,61,M,3,Emergencias,Alta
EP00067,Tratamiento,2026-06-21 10:58:25,Enf_Emerge_02,,61,M,3,Emergencias,Alta
EP01062,Registro del paciente,2026-06-21 11:19:14,Admision_03,,8,F,5,Pediatría,Alta
EP00067,Alta,2026-06-21 11:29:54,Dr_Emerge_02,,61,M,3,Emergencias,Alta
EP01049,Ingreso a hospitalización,2026-06-21 12:01:26,Gestion_Camas,,53,F,3,Emergencias,Hospitalización
EP01062,Triage,2026-06-21 12:03:36,Enf_Triage_02,,8,F,5,Pediatría,Alta
EP00497,Registro del paciente,2026-06-21 13:53:12,Admision_02,,63,F,4,Emergencias,Alta
EP00497,Triage,2026-06-21 14:32:58,Enf_Triage_01,,63,F,4,Emergencias,Alta
EP01062,Consulta médica,2026-06-21 14:39:27,Dr_Pediat_01,,8,F,5,Pediatría,Alta
EP01062,Solicitud de examen,2026-06-21 14:42:45,Dr_Pediat_01,Imagenología,8,F,5,Pediatría,Alta
EP00497,Consulta médica,2026-06-21 15:14:49,Dr_Emerge_01,,63,F,4,Emergencias,Alta
EP00497,Tratamiento,2026-06-21 15:44:19,Enf_Emerge_03,,63,F,4,Emergencias,Alta
EP00440,Interconsulta especialista,2026-06-21 16:22:46,Especialista_05,,71,F,5,Emergencias,Alta
EP00724,Registro del paciente,2026-06-21 16:43:02,Admision_02,,3,F,2,Pediatría,Alta
EP00440,Tratamiento,2026-06-21 16:50:23,Enf_Emerge_02,,71,F,5,Emergencias,Alta
EP00724,Triage,2026-06-21 17:04:50,Enf_Triage_01,,3,F,2,Pediatría,Alta
EP00724,Consulta médica,2026-06-21 17:37:49,Dr_Pediat_02,,3,F,2,Pediatría,Alta
EP00724,Tratamiento,2026-06-21 18:21:58,Enf_Pediat_01,,3,F,2,Pediatría,Alta
EP00497,Alta,2026-06-21 18:23:27,Dr_Emerge_01,,63,F,4,Emergencias,Alta
EP00440,Alta,2026-06-21 18:35:33,Dr_Emerge_02,,71,F,5,Emergencias,Alta
EP00724,Alta,2026-06-21 18:57:29,Dr_Pediat_02,,3,F,2,Pediatría,Alta
EP01497,Registro del paciente,2026-06-21 19:30:35,Admision_01,,13,M,4,Pediatría,Alta
EP00354,Registro del paciente,2026-06-21 19:41:12,Admision_01,,62,F,3,Emergencias,Alta
EP01497,Triage,2026-06-21 19:46:14,Enf_Triage_03,,13,M,4,Pediatría,Alta
EP00354,Triage,2026-06-21 20:30:40,Enf_Triage_02,,62,F,3,Emergencias,Alta
EP01062,Realización de examen,2026-06-21 21:29:50,Imagenologia,Imagenología,8,F,5,Pediatría,Alta
EP01497,Consulta médica,2026-06-21 22:09:24,Dr_Pediat_04,,13,M,4,Pediatría,Alta
EP00354,Consulta médica,2026-06-21 22:43:13,Dr_Emerge_03,,62,F,3,Emergencias,Alta
EP01497,Tratamiento,2026-06-21 23:12:13,Enf_Pediat_04,,13,M,4,Pediatría,Alta
EP01062,Evaluación de resultados,2026-06-21 23:22:38,Dr_Pediat_01,Imagenología,8,F,5,Pediatría,Alta
EP00354,Tratamiento,2026-06-21 23:27:31,Enf_Emerge_02,,62,F,3,Emergencias,Alta
EP01062,Solicitud de examen,2026-06-21 23:34:10,Dr_Pediat_01,Imagenología,8,F,5,Pediatría,Alta
EP00354,Alta,2026-06-22 00:51:41,Dr_Emerge_03,,62,F,3,Emergencias,Alta
EP01497,Alta,2026-06-22 01:17:06,Dr_Pediat_04,,13,M,4,Pediatría,Alta
EP00411,Registro del paciente,2026-06-22 01:37:50,Admision_01,,63,F,2,Emergencias,Alta
EP00411,Triage,2026-06-22 02:10:52,Enf_Triage_03,,63,F,2,Emergencias,Alta
EP00411,Consulta médica,2026-06-22 02:40:59,Dr_Emerge_04,,63,F,2,Emergencias,Alta
EP00411,Solicitud de examen,2026-06-22 02:53:05,Dr_Emerge_04,Laboratorio,63,F,2,Emergencias,Alta
EP01062,Realización de examen,2026-06-22 04:04:39,Imagenologia,Imagenología,8,F,5,Pediatría,Alta
EP00411,Realización de examen,2026-06-22 04:09:13,Laboratorio_Clinico,Laboratorio,63,F,2,Emergencias,Alta
EP00138,Registro del paciente,2026-06-22 04:46:21,Admision_02,,72,M,4,Emergencias,Alta
EP01062,Evaluación de resultados,2026-06-22 05:09:08,Dr_Pediat_01,Imagenología,8,F,5,Pediatría,Alta
EP01062,Tratamiento,2026-06-22 05:33:11,Enf_Pediat_02,,8,F,5,Pediatría,Alta
EP00138,Triage,2026-06-22 05:44:59,Enf_Triage_03,,72,M,4,Emergencias,Alta
EP00411,Evaluación de resultados,2026-06-22 05:46:09,Dr_Emerge_04,Laboratorio,63,F,2,Emergencias,Alta
EP00411,Tratamiento,2026-06-22 06:26:10,Enf_Emerge_01,,63,F,2,Emergencias,Alta
EP01044,Registro del paciente,2026-06-22 06:34:03,Admision_03,,64,F,3,Traumatología,Alta
EP01062,Alta,2026-06-22 06:36:30,Dr_Pediat_01,,8,F,5,Pediatría,Alta
EP00184,Registro del paciente,2026-06-22 06:46:41,Admision_03,,28,F,5,Emergencias,Alta
EP01044,Triage,2026-06-22 07:12:58,Enf_Triage_01,,64,F,3,Traumatología,Alta
EP00184,Triage,2026-06-22 07:24:07,Enf_Triage_01,,28,F,5,Emergencias,Alta
EP00411,Alta,2026-06-22 08:16:08,Dr_Emerge_04,,63,F,2,Emergencias,Alta
EP01044,Consulta médica,2026-06-22 09:45:45,Dr_Trauma_04,,64,F,3,Traumatología,Alta
EP01044,Solicitud de examen,2026-06-22 09:56:16,Dr_Trauma_04,Imagenología,64,F,3,Traumatología,Alta
EP00138,Consulta médica,2026-06-22 11:23:13,Dr_Emerge_04,,72,M,4,Emergencias,Alta
EP00138,Tratamiento,2026-06-22 12:14:07,Enf_Emerge_01,,72,M,4,Emergencias,Alta
EP00180,Registro del paciente,2026-06-22 12:40:47,Admision_03,,63,F,4,Emergencias,Alta
EP00138,Alta,2026-06-22 13:12:52,Dr_Emerge_04,,72,M,4,Emergencias,Alta
EP00180,Triage,2026-06-22 13:38:02,Enf_Triage_03,,63,F,4,Emergencias,Alta
EP01044,Realización de examen,2026-06-22 13:56:29,Imagenologia,Imagenología,64,F,3,Traumatología,Alta
EP00184,Consulta médica,2026-06-22 14:13:26,Dr_Emerge_04,,28,F,5,Emergencias,Alta
EP00198,Registro del paciente,2026-06-22 14:46:30,Admision_01,,71,M,4,Medicina Interna,Hospitalización
EP00184,Tratamiento,2026-06-22 15:13:59,Enf_Emerge_02,,28,F,5,Emergencias,Alta
EP00420,Registro del paciente,2026-06-22 15:23:08,Admision_01,,39,M,1,Medicina Interna,Hospitalización
EP01044,Evaluación de resultados,2026-06-22 15:25:08,Dr_Trauma_04,Imagenología,64,F,3,Traumatología,Alta
EP00420,Triage,2026-06-22 15:26:09,Enf_Triage_02,,39,M,1,Medicina Interna,Hospitalización
EP00420,Consulta médica,2026-06-22 15:29:37,Dr_Medici_04,,39,M,1,Medicina Interna,Hospitalización
EP00180,Consulta médica,2026-06-22 15:37:11,Dr_Emerge_04,,63,F,4,Emergencias,Alta
EP00180,Solicitud de examen,2026-06-22 15:40:33,Dr_Emerge_04,Laboratorio,63,F,4,Emergencias,Alta
EP00198,Triage,2026-06-22 15:41:21,Enf_Triage_03,,71,M,4,Medicina Interna,Hospitalización
EP00184,Alta,2026-06-22 15:55:34,Dr_Emerge_04,,28,F,5,Emergencias,Alta
EP01380,Registro del paciente,2026-06-22 16:18:52,Admision_03,,13,F,5,Pediatría,Alta
EP00420,Tratamiento,2026-06-22 16:47:53,Enf_Medici_02,,39,M,1,Medicina Interna,Hospitalización
EP01380,Triage,2026-06-22 16:52:39,Enf_Triage_01,,13,F,5,Pediatría,Alta
EP00180,Realización de examen,2026-06-22 16:54:27,Laboratorio_Clinico,Laboratorio,63,F,4,Emergencias,Alta
EP00180,Evaluación de resultados,2026-06-22 17:43:55,Dr_Emerge_04,Laboratorio,63,F,4,Emergencias,Alta
EP00937,Registro del paciente,2026-06-22 17:57:31,Admision_03,,46,M,4,Traumatología,Alta
EP00198,Consulta médica,2026-06-22 18:12:46,Dr_Medici_04,,71,M,4,Medicina Interna,Hospitalización
EP00198,Tratamiento,2026-06-22 18:31:42,Enf_Medici_02,,71,M,4,Medicina Interna,Hospitalización
EP00180,Tratamiento,2026-06-22 18:45:26,Enf_Emerge_04,,63,F,4,Emergencias,Alta
EP00937,Triage,2026-06-22 18:49:02,Enf_Triage_01,,46,M,4,Traumatología,Alta
EP01352,Registro del paciente,2026-06-22 19:35:46,Admision_02,,95,M,4,Emergencias,Alta
EP00180,Alta,2026-06-22 19:58:18,Dr_Emerge_04,,63,F,4,Emergencias,Alta
EP01352,Triage,2026-06-22 20:26:13,Enf_Triage_03,,95,M,4,Emergencias,Alta
EP01380,Consulta médica,2026-06-22 20:51:07,Dr_Pediat_02,,13,F,5,Pediatría,Alta
EP01380,Solicitud de examen,2026-06-22 21:01:54,Dr_Pediat_02,Laboratorio,13,F,5,Pediatría,Alta
EP00420,Ingreso a hospitalización,2026-06-22 21:32:59,Gestion_Camas,,39,M,1,Medicina Interna,Hospitalización
EP01044,Interconsulta especialista,2026-06-22 21:52:44,Especialista_01,,64,F,3,Traumatología,Alta
EP01380,Realización de examen,2026-06-22 21:53:57,Laboratorio_Clinico,Laboratorio,13,F,5,Pediatría,Alta
EP00198,Ingreso a hospitalización,2026-06-22 21:58:32,Gestion_Camas,,71,M,4,Medicina Interna,Hospitalización
EP01044,Tratamiento,2026-06-22 22:36:30,Enf_Trauma_03,,64,F,3,Traumatología,Alta
EP01352,Consulta médica,2026-06-22 23:01:51,Dr_Emerge_04,,95,M,4,Emergencias,Alta
EP01380,Evaluación de resultados,2026-06-22 23:02:15,Dr_Pediat_02,Laboratorio,13,F,5,Pediatría,Alta
EP01380,Solicitud de examen,2026-06-22 23:11:39,Dr_Pediat_02,Laboratorio,13,F,5,Pediatría,Alta
EP01352,Solicitud de examen,2026-06-22 23:17:14,Dr_Emerge_04,Laboratorio,95,M,4,Emergencias,Alta
EP01044,Alta,2026-06-22 23:21:50,Dr_Trauma_04,,64,F,3,Traumatología,Alta
EP01380,Realización de examen,2026-06-22 23:48:06,Laboratorio_Clinico,Laboratorio,13,F,5,Pediatría,Alta
EP01380,Evaluación de resultados,2026-06-23 00:06:34,Dr_Pediat_02,Laboratorio,13,F,5,Pediatría,Alta
EP01352,Realización de examen,2026-06-23 00:14:47,Laboratorio_Clinico,Laboratorio,95,M,4,Emergencias,Alta
EP01352,Evaluación de resultados,2026-06-23 00:30:15,Dr_Emerge_04,Laboratorio,95,M,4,Emergencias,Alta
EP01380,Tratamiento,2026-06-23 00:58:39,Enf_Pediat_04,,13,F,5,Pediatría,Alta
EP00937,Consulta médica,2026-06-23 01:27:21,Dr_Trauma_04,,46,M,4,Traumatología,Alta
EP01380,Alta,2026-06-23 02:00:24,Dr_Pediat_02,,13,F,5,Pediatría,Alta
EP00937,Tratamiento,2026-06-23 02:23:25,Enf_Trauma_03,,46,M,4,Traumatología,Alta
EP00937,Alta,2026-06-23 03:15:16,Dr_Trauma_04,,46,M,4,Traumatología,Alta
EP01352,Interconsulta especialista,2026-06-23 08:16:10,Especialista_03,,95,M,4,Emergencias,Alta
EP00949,Registro del paciente,2026-06-23 08:40:24,Admision_01,,3,F,3,Pediatría,Alta
EP01352,Tratamiento,2026-06-23 08:56:22,Enf_Emerge_04,,95,M,4,Emergencias,Alta
EP00949,Triage,2026-06-23 09:06:45,Enf_Triage_03,,3,F,3,Pediatría,Alta
EP00087,Registro del paciente,2026-06-23 10:05:19,Admision_01,,21,F,3,Medicina Interna,Alta
EP00087,Triage,2026-06-23 10:24:43,Enf_Triage_02,,21,F,3,Medicina Interna,Alta
EP01352,Alta,2026-06-23 10:32:50,Dr_Emerge_04,,95,M,4,Emergencias,Alta
EP00949,Consulta médica,2026-06-23 11:04:16,Dr_Pediat_02,,3,F,3,Pediatría,Alta
EP00949,Tratamiento,2026-06-23 11:31:46,Enf_Pediat_03,,3,F,3,Pediatría,Alta
EP00087,Consulta médica,2026-06-23 12:13:54,Dr_Medici_03,,21,F,3,Medicina Interna,Alta
EP00949,Alta,2026-06-23 12:21:40,Dr_Pediat_02,,3,F,3,Pediatría,Alta
EP00087,Consulta médica,2026-06-23 14:50:42,Dr_Medici_03,,21,F,3,Medicina Interna,Alta
EP01152,Registro del paciente,2026-06-23 15:29:49,Admision_01,,30,F,4,Emergencias,Alta
EP00525,Registro del paciente,2026-06-23 15:41:50,Admision_01,,26,F,5,Traumatología,Alta
EP00087,Tratamiento,2026-06-23 15:50:04,Enf_Medici_04,,21,F,3,Medicina Interna,Alta
EP01152,Triage,2026-06-23 15:55:21,Enf_Triage_03,,30,F,4,Emergencias,Alta
EP00112,Registro del paciente,2026-06-23 16:04:02,Admision_03,,35,M,5,Emergencias,Alta
EP00525,Triage,2026-06-23 16:26:33,Enf_Triage_03,,26,F,5,Traumatología,Alta
EP00112,Triage,2026-06-23 16:28:14,Enf_Triage_01,,35,M,5,Emergencias,Alta
EP01401,Registro del paciente,2026-06-23 16:30:04,Admision_01,,21,M,3,Emergencias,Alta
EP01401,Triage,2026-06-23 16:50:07,Enf_Triage_02,,21,M,3,Emergencias,Alta
EP00087,Alta,2026-06-23 17:48:02,Dr_Medici_03,,21,F,3,Medicina Interna,Alta
EP01401,Consulta médica,2026-06-23 18:04:10,Dr_Emerge_04,,21,M,3,Emergencias,Alta
EP01401,Solicitud de examen,2026-06-23 18:12:03,Dr_Emerge_04,Laboratorio,21,M,3,Emergencias,Alta
EP01152,Consulta médica,2026-06-23 18:55:38,Dr_Emerge_01,,30,F,4,Emergencias,Alta
EP01152,Tratamiento,2026-06-23 19:20:11,Enf_Emerge_02,,30,F,4,Emergencias,Alta
EP01401,Realización de examen,2026-06-23 19:21:54,Laboratorio_Clinico,Laboratorio,21,M,3,Emergencias,Alta
EP00525,Consulta médica,2026-06-23 19:32:48,Dr_Trauma_01,,26,F,5,Traumatología,Alta
EP01401,Evaluación de resultados,2026-06-23 19:54:02,Dr_Emerge_04,Laboratorio,21,M,3,Emergencias,Alta
EP01152,Alta,2026-06-23 20:01:06,Dr_Emerge_01,,30,F,4,Emergencias,Alta
EP00525,Consulta médica,2026-06-23 20:08:57,Dr_Trauma_01,,26,F,5,Traumatología,Alta
EP00112,Consulta médica,2026-06-23 20:10:25,Dr_Emerge_02,,35,M,5,Emergencias,Alta
EP00112,Tratamiento,2026-06-23 20:32:51,Enf_Emerge_03,,35,M,5,Emergencias,Alta
EP01401,Consulta médica,2026-06-23 21:15:58,Dr_Emerge_04,,21,M,3,Emergencias,Alta
EP00112,alta,2026-06-23 21:26:09,Dr_Emerge_02,,35,M,5,Emergencias,Alta
EP01401,Tratamiento,2026-06-23 22:07:21,Enf_Emerge_01,,21,M,3,Emergencias,Alta
EP01401,Alta,2026-06-23 23:19:31,Dr_Emerge_04,,21,M,3,Emergencias,Alta
EP00947,Registro del paciente,2026-06-23 23:50:10,Admision_02,,8,F,4,Pediatría,Alta
EP00278,Registro del paciente,2026-06-24 00:19:06,Admision_03,,52,M,5,Medicina Interna,Alta
EP00947,Triage,2026-06-24 00:49:37,Enf_Triage_01,,8,F,4,Pediatría,Alta
EP00278,Triage,2026-06-24 01:06:42,Enf_Triage_01,,52,M,5,Medicina Interna,Alta
EP00525,Interconsulta especialista,2026-06-24 01:58:58,Especialista_01,,26,F,5,Traumatología,Alta
EP00525,Tratamiento,2026-06-24 02:28:41,Enf_Trauma_02,,26,F,5,Traumatología,Alta
EP00278,Consulta médica,2026-06-24 03:05:58,Dr_Medici_02,,52,M,5,Medicina Interna,Alta
EP00278,Solicitud de examen,2026-06-24 03:15:43,Dr_Medici_02,Laboratorio,52,M,5,Medicina Interna,Alta
EP00947,Consulta médica,2026-06-24 03:48:34,Dr_Pediat_01,,8,F,4,Pediatría,Alta
EP00525,Alta,2026-06-24 03:57:36,Dr_Trauma_01,,26,F,5,Traumatología,Alta
EP00947,Tratamiento,2026-06-24 04:29:53,Enf_Pediat_03,,8,F,4,Pediatría,Alta
EP00278,Realización de examen,2026-06-24 04:40:38,Laboratorio_Clinico,Laboratorio,52,M,5,Medicina Interna,Alta
EP00947,Alta,2026-06-24 05:08:22,Dr_Pediat_01,,8,F,4,Pediatría,Alta
EP00874,Registro del paciente,2026-06-24 05:21:57,Admision_02,,45,F,4,Traumatología,Alta
EP00874,Triage,2026-06-24 05:56:48,Enf_Triage_01,,45,F,4,Traumatología,Alta
EP00278,Evaluación de resultados,2026-06-24 05:58:21,Dr_Medici_02,Laboratorio,52,M,5,Medicina Interna,Alta
EP00278,Tratamiento,2026-06-24 06:46:02,Enf_Medici_03,,52,M,5,Medicina Interna,Alta
EP00874,Consulta médica,2026-06-24 07:47:42,Dr_Trauma_03,,45,F,4,Traumatología,Alta
EP00568,Registro del paciente,2026-06-24 07:53:08,Admision_03,,47,M,3,Emergencias,Alta
EP00568,Triage,2026-06-24 08:21:04,Enf_Triage_02,,47,M,3,Emergencias,Alta
EP00278,Alta,2026-06-24 08:25:28,Dr_Medici_02,,52,M,5,Medicina Interna,Alta
EP00874,Tratamiento,2026-06-24 08:30:36,Enf_Trauma_04,,45,F,4,Traumatología,Alta
EP01103,Registro del paciente,2026-06-24 08:31:36,Admision_03,,21,F,4,Medicina Interna,Alta
EP01103,Triage,2026-06-24 08:57:54,Enf_Triage_01,,21,F,4,Medicina Interna,Alta
EP00568,Consulta médica,2026-06-24 09:13:06,Dr_Emerge_03,,47,M,3,Emergencias,Alta
EP00874,Alta,2026-06-24 09:17:15,Dr_Trauma_03,,45,F,4,Traumatología,Alta
EP00568,Solicitud de examen,2026-06-24 09:20:39,Dr_Emerge_03,Laboratorio,47,M,3,Emergencias,Alta
EP00568,Realización de examen,2026-06-24 10:07:27,Laboratorio_Clinico,Laboratorio,47,M,3,Emergencias,Alta
EP01095,Registro del paciente,2026-06-24 10:20:43,Admision_03,,15,F,4,Emergencias,Alta
EP01095,Triage,2026-06-24 10:44:03,Enf_Triage_02,,15,F,4,Emergencias,Alta
EP00092,Registro del paciente,2026-06-24 10:54:08,Admision_01,,9,M,2,Pediatría,Hospitalización
EP00063,Registro del paciente,2026-06-24 11:19:00,Admision_03,,4,M,3,Pediatría,Alta
EP00092,Triage,2026-06-24 11:20:38,Enf_Triage_02,,9,M,2,Pediatría,Hospitalización
EP00568,Evaluación de resultados,2026-06-24 11:31:48,Dr_Emerge_03,Laboratorio,47,M,3,Emergencias,Alta
EP00063,Triage,2026-06-24 11:38:56,Enf_Triage_03,,4,M,3,Pediatría,Alta
EP00092,Consulta médica,2026-06-24 11:43:15,Dr_Pediat_01,,9,M,2,Pediatría,Hospitalización
EP00568,Tratamiento,2026-06-24 12:17:11,Enf_Emerge_01,,47,M,3,Emergencias,Alta
EP00063,Consulta médica,2026-06-24 12:20:15,Dr_Pediat_02,,4,M,3,Pediatría,Alta
EP00063,Solicitud de examen,2026-06-24 12:35:30,Dr_Pediat_02,Laboratorio,4,M,3,Pediatría,Alta
EP00092,Tratamiento,2026-06-24 12:36:03,Enf_Pediat_04,,9,M,2,Pediatría,Hospitalización
EP00063,Realización de examen,2026-06-24 13:08:31,Laboratorio_Clinico,Laboratorio,4,M,3,Pediatría,Alta
EP00568,Alta,2026-06-24 13:18:41,Dr_Emerge_03,,47,M,3,Emergencias,Alta
EP01095,Consulta médica,2026-06-24 13:31:44,Dr_Emerge_04,,15,F,4,Emergencias,Alta
EP00063,Evaluación de resultados,2026-06-24 13:35:15,Dr_Pediat_02,Laboratorio,4,M,3,Pediatría,Alta
EP01103,Consulta médica,2026-06-24 14:04:11,Dr_Medici_01,,21,F,4,Medicina Interna,Alta
EP01095,Tratamiento,2026-06-24 14:26:40,Enf_Emerge_01,,15,F,4,Emergencias,Alta
EP00063,Tratamiento,2026-06-24 14:36:07,Enf_Pediat_03,,4,M,3,Pediatría,Alta
EP01095,Alta,2026-06-24 15:27:55,Dr_Emerge_04,,15,F,4,Emergencias,Alta
EP01157,Registro del paciente,2026-06-24 15:48:09,Admision_02,,59,M,5,Traumatología,Alta
EP00063,Alta,2026-06-24 16:01:27,Dr_Pediat_02,,4,M,3,Pediatría,Alta
EP00092,Ingreso a hospitalización,2026-06-24 16:14:02,Gestion_Camas,,9,M,2,Pediatría,Hospitalización
EP01157,Triage,2026-06-24 16:18:49,Enf_Triage_01,,59,M,5,Traumatología,Alta
EP01103,Consulta médica,2026-06-24 16:36:45,Dr_Medici_01,,21,F,4,Medicina Interna,Alta
EP01103,Tratamiento,2026-06-24 17:15:41,Enf_Medici_01,,21,F,4,Medicina Interna,Alta
EP01157,Consulta médica,2026-06-24 18:35:53,Dr_Trauma_03,,59,M,5,Traumatología,Alta
EP01103,Alta,2026-06-24 18:50:31,Dr_Medici_01,,21,F,4,Medicina Interna,Alta
EP01157,Consulta médica,2026-06-24 19:17:00,Dr_Trauma_03,,59,M,5,Traumatología,Alta
EP01157,Tratamiento,2026-06-24 19:57:56,Enf_Trauma_01,,59,M,5,Traumatología,Alta
EP01157,Alta,2026-06-24 20:50:53,Dr_Trauma_03,,59,M,5,Traumatología,Alta
EP00425,Registro del paciente,2026-06-25 02:32:01,Admision_03,,18,M,5,Emergencias,Alta
EP00425,Triage,2026-06-25 02:59:59,Enf_Triage_01,,18,M,5,Emergencias,Alta
EP00425,Consulta médica,2026-06-25 06:46:44,Dr_Emerge_04,,18,M,5,Emergencias,Alta
EP00425,Tratamiento,2026-06-25 07:48:04,Enf_Emerge_03,,18,M,5,Emergencias,Alta
EP00425,Alta,2026-06-25 08:04:53,Dr_Emerge_04,,18,M,5,Emergencias,Alta
EP00978,Registro del paciente,2026-06-25 09:39:23,Admision_03,,42,M,4,Medicina Interna,Alta
EP01275,Registro del paciente,2026-06-25 09:43:29,Admision_03,,20,M,5,Traumatología,Alta
EP00978,Triage,2026-06-25 10:12:37,Enf_Triage_03,,42,M,4,Medicina Interna,Alta
EP00978,Triage,2026-06-25 10:12:37,Enf_Triage_03,,42,M,4,Medicina Interna,Alta
EP01275,Triage,2026-06-25 10:34:20,Enf_Triage_03,,20,M,5,Traumatología,Alta
EP01275,Consulta médica,2026-06-25 12:10:00,Dr_Trauma_02,,20,M,5,Traumatología,Alta
EP01275,Tratamiento,2026-06-25 12:28:26,Enf_Trauma_04,,20,M,5,Traumatología,Alta
EP00985,Registro del paciente,2026-06-25 12:32:28,Admision_02,,39,M,3,Medicina Interna,Alta
EP00985,Triage,2026-06-25 13:07:42,Enf_Triage_01,,39,M,3,Medicina Interna,Alta
EP00978,Consulta médica,2026-06-25 13:21:47,Dr_Medici_04,,42,M,4,Medicina Interna,Alta
EP00978,Solicitud de examen,2026-06-25 13:31:26,Dr_Medici_04,Imagenología,42,M,4,Medicina Interna,Alta
EP01275,Alta,2026-06-25 13:47:25,Dr_Trauma_02,,20,M,5,Traumatología,Alta
EP01022,Registro del paciente,2026-06-25 13:51:46,Admision_02,,89,F,3,Medicina Interna,Hospitalización
EP01022,Triage,2026-06-25 14:13:15,Enf_Triage_01,,89,F,3,Medicina Interna,Hospitalización
EP00985,Consulta médica,2026-06-25 15:01:25,Dr_Medici_03,,39,M,3,Medicina Interna,Alta
EP00985,Solicitud de examen,2026-06-25 15:14:29,Dr_Medici_03,Imagenología,39,M,3,Medicina Interna,Alta
EP01022,Consulta médica,2026-06-25 16:27:18,Dr_Medici_04,,89,F,3,Medicina Interna,Hospitalización
EP01022,Solicitud de examen,2026-06-25 16:49:12,Dr_Medici_04,Imagenología,89,F,3,Medicina Interna,Hospitalización
EP01394,Registro del paciente,2026-06-25 17:58:26,Admision_01,,36,M,3,Medicina Interna,Alta
EP01394,Triage,2026-06-25 18:27:47,Enf_Triage_03,,36,M,3,Medicina Interna,Alta
EP00985,Realización de examen,2026-06-25 18:47:13,Imagenologia,Imagenología,39,M,3,Medicina Interna,Alta
EP01022,Realización de examen,2026-06-25 18:51:02,Imagenologia,Imagenología,89,F,3,Medicina Interna,Hospitalización
EP00854,Registro del paciente,2026-06-25 19:22:14,Admision_02,,61,M,5,Emergencias,Alta
EP01022,Evaluación de resultados,2026-06-25 19:37:09,Dr_Medici_04,Imagenología,89,F,3,Medicina Interna,Hospitalización
EP00854,Triage,2026-06-25 19:50:00,Enf_Triage_02,,61,M,5,Emergencias,Alta
EP00985,Evaluación de resultados,2026-06-25 19:58:03,Dr_Medici_03,Imagenología,39,M,3,Medicina Interna,Alta
EP00985,Solicitud de examen,2026-06-25 20:05:19,Dr_Medici_03,Imagenología,39,M,3,Medicina Interna,Alta
EP00993,Registro del paciente,2026-06-25 20:31:32,Admision_03,,67,F,5,Traumatología,Alta
EP01394,Consulta médica,2026-06-25 20:35:15,Dr_Medici_04,,36,M,3,Medicina Interna,Alta
EP01022,Consulta médica,2026-06-25 20:57:19,Dr_Medici_04,,89,F,3,Medicina Interna,Hospitalización
EP00978,Realización de examen,2026-06-25 21:03:19,Imagenologia,Imagenología,42,M,4,Medicina Interna,Alta
EP01394,Tratamiento,2026-06-25 21:15:34,Enf_Medici_03,,36,M,3,Medicina Interna,Alta
EP00993,Triage,2026-06-25 21:27:51,Enf_Triage_01,,67,F,5,Traumatología,Alta
EP01022,Tratamiento,2026-06-25 21:41:12,Enf_Medici_02,,89,F,3,Medicina Interna,Hospitalización
EP00978,Evaluación de resultados,2026-06-25 21:52:16,Dr_Medici_04,Imagenología,42,M,4,Medicina Interna,Alta
EP01394,Alta,2026-06-25 21:57:21,Dr_Medici_04,,36,M,3,Medicina Interna,Alta
EP00846,Registro del paciente,2026-06-25 22:04:03,Admision_01,,22,M,4,Emergencias,Alta
EP00978,Solicitud de examen,2026-06-25 22:09:48,Dr_Medici_04,Laboratorio,42,M,4,Medicina Interna,Alta
EP00846,Triage,2026-06-25 22:31:49,Enf_Triage_03,,22,M,4,Emergencias,Alta
EP00978,Realización de examen,2026-06-25 23:10:38,Laboratorio_Clinico,Laboratorio,42,M,4,Medicina Interna,Alta
EP00993,Consulta médica,2026-06-25 23:43:26,Dr_Trauma_04,,67,F,5,Traumatología,Alta
EP00978,Evaluación de resultados,2026-06-25 23:51:52,Dr_Medici_04,Laboratorio,42,M,4,Medicina Interna,Alta
EP00993,Solicitud de examen,2026-06-25 23:54:34,Dr_Trauma_04,Laboratorio,67,F,5,Traumatología,Alta
EP00978,Tratamiento,2026-06-26 00:37:33,Enf_Medici_01,,42,M,4,Medicina Interna,Alta
EP00985,Realización de examen,2026-06-26 00:42:09,Imagenologia,Imagenología,39,M,3,Medicina Interna,Alta
EP00846,Consulta médica,2026-06-26 01:07:36,Dr_Emerge_01,,22,M,4,Emergencias,Alta
EP00993,Realización de examen,2026-06-26 01:18:51,Laboratorio_Clinico,Laboratorio,67,F,5,Traumatología,Alta
EP00846,Tratamiento,2026-06-26 01:20:46,Enf_Emerge_04,,22,M,4,Emergencias,Alta
EP00978,Alta,2026-06-26 01:32:39,Dr_Medici_04,,42,M,4,Medicina Interna,Alta
EP00985,Evaluación de resultados,2026-06-26 01:50:55,Dr_Medici_03,Imagenología,39,M,3,Medicina Interna,Alta
EP00625,Registro del paciente,2026-06-26 01:57:15,Admision_01,,65,M,5,Medicina Interna,Hospitalización
EP00985,Tratamiento,2026-06-26 02:08:34,Enf_Medici_01,,39,M,3,Medicina Interna,Alta
EP00854,Consulta médica,2026-06-26 02:19:45,Dr_Emerge_04,,61,M,5,Emergencias,Alta
EP00993,Evaluación de resultados,2026-06-26 02:20:05,Dr_Trauma_04,Laboratorio,67,F,5,Traumatología,Alta
EP00854,Solicitud de examen,2026-06-26 02:25:53,Dr_Emerge_04,Laboratorio,61,M,5,Emergencias,Alta
EP00625,Triage,2026-06-26 02:28:20,Enf_Triage_02,,65,M,5,Medicina Interna,Hospitalización
EP00846,Alta,2026-06-26 02:44:05,Dr_Emerge_01,,22,M,4,Emergencias,Alta
EP00985,Alta,2026-06-26 02:48:38,Dr_Medici_03,,39,M,3,Medicina Interna,Alta
EP00854,Realización de examen,2026-06-26 03:27:58,Laboratorio_Clinico,Laboratorio,61,M,5,Emergencias,Alta
EP00854,Evaluación de resultados,2026-06-26 04:53:46,Dr_Emerge_04,Laboratorio,61,M,5,Emergencias,Alta
EP00854,Tratamiento,2026-06-26 05:40:38,Enf_Emerge_01,,61,M,5,Emergencias,Alta
EP00854,Alta,2026-06-26 06:20:26,Dr_Emerge_04,,61,M,5,Emergencias,Alta
EP00256,Registro del paciente,2026-06-26 06:31:04,Admision_03,,30,F,3,Medicina Interna,Alta
EP00754,Registro del paciente,2026-06-26 06:36:22,Admision_01,,69,M,5,Medicina Interna,Hospitalización
EP00625,Consulta médica,2026-06-26 06:50:09,Dr_Medici_03,,65,M,5,Medicina Interna,Hospitalización
EP00256,Triage,2026-06-26 06:50:54,Enf_Triage_01,,30,F,3,Medicina Interna,Alta
EP00625,Solicitud de examen,2026-06-26 06:57:58,Dr_Medici_03,Laboratorio,65,M,5,Medicina Interna,Hospitalización
EP00754,Triage,2026-06-26 07:18:52,Enf_Triage_03,,69,M,5,Medicina Interna,Hospitalización
EP00625,Realización de examen,2026-06-26 08:29:36,Laboratorio_Clinico,Laboratorio,65,M,5,Medicina Interna,Hospitalización
EP00625,Evaluación de resultados,2026-06-26 09:04:23,Dr_Medici_03,Laboratorio,65,M,5,Medicina Interna,Hospitalización
EP00111,Registro del paciente,2026-06-26 09:31:09,Admision_03,,30,F,2,Traumatología,Alta
EP00111,Triage,2026-06-26 09:45:57,Enf_Triage_02,,30,F,2,Traumatología,Alta
EP00625,Tratamiento,2026-06-26 09:55:28,Enf_Medici_04,,65,M,5,Medicina Interna,Hospitalización
EP00256,Consulta médica,2026-06-26 10:02:33,Dr_Medici_03,,30,F,3,Medicina Interna,Alta
EP00111,Consulta médica,2026-06-26 10:25:04,Dr_Trauma_02,,30,F,2,Traumatología,Alta
EP01022,Ingreso a hospitalización,2026-06-26 10:40:17,Gestion_Camas,,89,F,3,Medicina Interna,Hospitalización
EP00256,Tratamiento,2026-06-26 10:49:28,Enf_Medici_03,,30,F,3,Medicina Interna,Alta
EP00717,Registro del paciente,2026-06-26 11:28:56,Admision_03,,64,F,2,Emergencias,Hospitalización
EP00717,Triage,2026-06-26 12:01:54,Enf_Triage_01,,64,F,2,Emergencias,Hospitalización
EP00993,Interconsulta especialista,2026-06-26 12:21:40,Especialista_04,,67,F,5,Traumatología,Alta
EP00993,Tratamiento,2026-06-26 12:52:22,Enf_Trauma_02,,67,F,5,Traumatología,Alta
EP00256,Alta,2026-06-26 13:04:05,Dr_Medici_03,,30,F,3,Medicina Interna,Alta
EP00717,Consulta médica,2026-06-26 13:19:25,Dr_Emerge_03,,64,F,2,Emergencias,Hospitalización
EP00717,Solicitud de examen,2026-06-26 13:40:10,Dr_Emerge_03,Laboratorio,64,F,2,Emergencias,Hospitalización
EP00993,Alta,2026-06-26 13:47:00,Dr_Trauma_04,,67,F,5,Traumatología,Alta
EP00044,Registro del paciente,2026-06-26 13:51:25,Admision_03,,56,F,2,Emergencias,Hospitalización
EP00717,Realización de examen,2026-06-26 14:16:08,Laboratorio_Clinico,Laboratorio,64,F,2,Emergencias,Hospitalización
EP00717,Evaluación de resultados,2026-06-26 14:44:53,Dr_Emerge_03,Laboratorio,64,F,2,Emergencias,Hospitalización
EP00044,Triage,2026-06-26 14:46:55,Enf_Triage_02,,56,F,2,Emergencias,Hospitalización
EP00717,Solicitud de examen,2026-06-26 14:59:05,Dr_Emerge_03,Imagenología,64,F,2,Emergencias,Hospitalización
EP00044,Consulta médica,2026-06-26 15:06:19,Dr_Emerge_01,,56,F,2,Emergencias,Hospitalización
EP00388,Registro del paciente,2026-06-26 17:44:25,Admision_01,,73,F,5,Emergencias,Alta
EP00111,Interconsulta especialista,2026-06-26 17:44:38,Especialista_01,,30,F,2,Traumatología,Alta
EP00111,Tratamiento,2026-06-26 18:13:35,Enf_Trauma_01,,30,F,2,Traumatología,Alta
EP00388,Triage,2026-06-26 18:32:30,Enf_Triage_03,,73,F,5,Emergencias,Alta
EP00111,Alta,2026-06-26 18:37:49,Dr_Trauma_02,,30,F,2,Traumatología,Alta
EP00754,Consulta médica,2026-06-26 18:41:37,Dr_Medici_04,,69,M,5,Medicina Interna,Hospitalización
EP00754,Solicitud de examen,2026-06-26 18:58:19,Dr_Medici_04,Laboratorio,69,M,5,Medicina Interna,Hospitalización
EP00754,Realización de examen,2026-06-26 19:26:21,Laboratorio_Clinico,Laboratorio,69,M,5,Medicina Interna,Hospitalización
EP00754,Evaluación de resultados,2026-06-26 20:08:43,Dr_Medici_04,Laboratorio,69,M,5,Medicina Interna,Hospitalización
EP00754,Tratamiento,2026-06-26 21:13:52,Enf_Medici_04,,69,M,5,Medicina Interna,Hospitalización
EP00044,Consulta médica,2026-06-26 22:44:19,Dr_Emerge_01,,56,F,2,Emergencias,Hospitalización
EP00044,Tratamiento,2026-06-26 23:27:39,Enf_Emerge_03,,56,F,2,Emergencias,Hospitalización
EP00754,Ingreso a hospitalización,2026-06-27 02:17:01,Gestion_Camas,,69,M,5,Medicina Interna,Hospitalización
EP01221,Registro del paciente,2026-06-27 02:50:37,Admision_02,,0,F,4,Pediatría,Alta
EP00388,Consulta médica,2026-06-27 03:33:33,Dr_Emerge_04,,73,F,5,Emergencias,Alta
EP00388,Solicitud de examen,2026-06-27 03:49:04,Dr_Emerge_04,Imagenología,73,F,5,Emergencias,Alta
EP01221,Triage,2026-06-27 04:22:32,Enf_Triage_03,,0,F,4,Pediatría,Alta
EP00717,Realización de examen,2026-06-27 05:03:13,Imagenologia,Imagenología,64,F,2,Emergencias,Hospitalización
EP00388,Realización de examen,2026-06-27 06:13:32,Imagenologia,Imagenología,73,F,5,Emergencias,Alta
EP01221,Consulta médica,2026-06-27 07:43:40,Dr_Pediat_01,,0,F,4,Pediatría,Alta
EP00388,Evaluación de resultados,2026-06-27 07:45:05,Dr_Emerge_04,Imagenología,73,F,5,Emergencias,Alta
EP00595,Registro del paciente,2026-06-27 08:12:56,Admision_01,,39,M,3,Traumatología,Alta
EP01221,Tratamiento,2026-06-27 08:15:05,Enf_Pediat_01,,0,F,4,Pediatría,Alta
EP00388,Tratamiento,2026-06-27 08:34:26,Enf_Emerge_03,,73,F,5,Emergencias,Alta
EP00717,Evaluación de resultados,2026-06-27 08:51:22,Dr_Emerge_03,Imagenología,64,F,2,Emergencias,Hospitalización
EP00595,Triage,2026-06-27 09:16:46,Enf_Triage_03,,39,M,3,Traumatología,Alta
EP01221,Alta,2026-06-27 09:24:16,Dr_Pediat_01,,0,F,4,Pediatría,Alta
EP00388,Alta,2026-06-27 09:26:29,Dr_Emerge_04,,73,F,5,Emergencias,Alta
EP00717,Tratamiento,2026-06-27 09:27:18,Enf_Emerge_02,,64,F,2,Emergencias,Hospitalización
EP00044,Ingreso a hospitalización,2026-06-27 09:50:21,Gestion_Camas,,56,F,2,Emergencias,Hospitalización
EP01128,Registro del paciente,2026-06-27 10:09:14,Admision_03,,46,M,4,Emergencias,Alta
EP01128,Triage,2026-06-27 10:55:02,Enf_Triage_03,,46,M,4,Emergencias,Alta
EP00595,Consulta médica,2026-06-27 12:19:41,Dr_Trauma_03,,39,M,3,Traumatología,Alta
EP01096,Registro del paciente,2026-06-27 13:01:58,Admision_03,,52,F,4,Medicina Interna,Alta
EP00717,Ingreso a hospitalización,2026-06-27 13:47:05,Gestion_Camas,,64,F,2,Emergencias,Hospitalización
EP01096,Triage,2026-06-27 13:51:48,Enf_Triage_02,,52,F,4,Medicina Interna,Alta
EP00595,Consulta médica,2026-06-27 14:17:38,Dr_Trauma_03,,39,M,3,Traumatología,Alta
EP00595,Tratamiento,2026-06-27 14:50:29,Enf_Trauma_01,,39,M,3,Traumatología,Alta
EP00508,Registro del paciente,2026-06-27 15:11:39,Admision_03,,15,M,3,Emergencias,Alta
EP00595,Alta,2026-06-27 15:16:28,Dr_Trauma_03,,39,M,3,Traumatología,Alta
EP01128,Consulta médica,2026-06-27 15:20:40,Dr_Emerge_04,,46,M,4,Emergencias,Alta
EP00508,Triage,2026-06-27 15:30:15,Enf_Triage_01,,15,M,3,Emergencias,Alta
EP01128,Solicitud de examen,2026-06-27 15:35:40,Dr_Emerge_04,Laboratorio,46,M,4,Emergencias,Alta
EP00508,Consulta médica,2026-06-27 16:37:47,Dr_Emerge_03,,15,M,3,Emergencias,Alta
EP01128,Realización de examen,2026-06-27 16:47:45,Laboratorio_Clinico,Laboratorio,46,M,4,Emergencias,Alta
EP01096,Consulta médica,2026-06-27 17:13:04,Dr_Medici_04,,52,F,4,Medicina Interna,Alta
EP01096,Solicitud de examen,2026-06-27 17:19:37,Dr_Medici_04,Laboratorio,52,F,4,Medicina Interna,Alta
EP00508,Tratamiento,2026-06-27 17:51:23,Enf_Emerge_02,,15,M,3,Emergencias,Alta
EP01096,Realización de examen,2026-06-27 17:58:22,Laboratorio_Clinico,Laboratorio,52,F,4,Medicina Interna,Alta
EP01128,Evaluación de resultados,2026-06-27 18:04:22,Dr_Emerge_04,Laboratorio,46,M,4,Emergencias,Alta
EP01128,Tratamiento,2026-06-27 18:49:52,Enf_Emerge_01,,46,M,4,Emergencias,Alta
EP01096,Evaluación de resultados,2026-06-27 19:13:19,Dr_Medici_04,Laboratorio,52,F,4,Medicina Interna,Alta
EP01128,Alta,2026-06-27 19:27:50,Dr_Emerge_04,,46,M,4,Emergencias,Alta
EP00508,Alta,2026-06-27 19:31:09,Dr_Emerge_03,,15,M,3,Emergencias,Alta
EP00927,Registro del paciente,2026-06-27 19:31:29,Admision_01,,15,F,3,Medicina Interna,Hospitalización
EP01096,Tratamiento,2026-06-27 19:52:19,Enf_Medici_01,,52,F,4,Medicina Interna,Alta
EP00927,Triage,2026-06-27 20:19:38,Enf_Triage_01,,15,F,3,Medicina Interna,Hospitalización
EP01096,Alta,2026-06-27 20:42:10,Dr_Medici_04,,52,F,4,Medicina Interna,Alta
EP00927,Consulta médica,2026-06-27 20:55:27,Dr_Medici_03,,15,F,3,Medicina Interna,Hospitalización
EP00927,Solicitud de examen,2026-06-27 21:13:59,Dr_Medici_03,Laboratorio,15,F,3,Medicina Interna,Hospitalización
EP00927,Realización de examen,2026-06-27 21:45:51,Laboratorio_Clinico,Laboratorio,15,F,3,Medicina Interna,Hospitalización
EP01048,Registro del paciente,2026-06-27 22:47:58,Admision_02,,32,M,3,Medicina Interna,Alta
EP00522,Registro del paciente,2026-06-27 23:02:38,Admision_02,,19,F,4,Emergencias,Alta
EP01048,Triage,2026-06-27 23:04:43,Enf_Triage_03,,32,M,3,Medicina Interna,Alta
EP00927,Evaluación de resultados,2026-06-27 23:11:05,Dr_Medici_03,Laboratorio,15,F,3,Medicina Interna,Hospitalización
EP00522,Triage,2026-06-27 23:23:11,Enf_Triage_03,,19,F,4,Emergencias,Alta
EP00927,Solicitud de examen,2026-06-27 23:24:36,Dr_Medici_03,Laboratorio,15,F,3,Medicina Interna,Hospitalización
EP01048,Consulta médica,2026-06-28 00:01:06,Dr_Medici_04,,32,M,3,Medicina Interna,Alta
EP00927,Realización de examen,2026-06-28 00:03:32,Laboratorio_Clinico,Laboratorio,15,F,3,Medicina Interna,Hospitalización
EP00927,Evaluación de resultados,2026-06-28 00:39:03,Dr_Medici_03,Laboratorio,15,F,3,Medicina Interna,Hospitalización
EP00970,Registro del paciente,2026-06-28 01:28:57,Admision_03,,35,M,4,Traumatología,Alta
EP00970,Triage,2026-06-28 01:39:45,Enf_Triage_01,,35,M,4,Traumatología,Alta
EP00927,Tratamiento,2026-06-28 01:40:08,Enf_Medici_02,,15,F,3,Medicina Interna,Hospitalización
EP01048,Consulta médica,2026-06-28 01:58:13,Dr_Medici_04,,32,M,3,Medicina Interna,Alta
EP01048,Tratamiento,2026-06-28 03:03:37,Enf_Medici_04,,32,M,3,Medicina Interna,Alta
EP00625,Ingreso a hospitalización,2026-06-28 03:24:57,Gestion_Camas,,65,M,5,Medicina Interna,Hospitalización
EP01048,Alta,2026-06-28 05:24:52,Dr_Medici_04,,32,M,3,Medicina Interna,Alta
EP00522,Consulta médica,2026-06-28 05:52:31,Dr_Emerge_01,,19,F,4,Emergencias,Alta
EP00970,Consulta médica,2026-06-28 05:57:05,Dr_Trauma_02,,35,M,4,Traumatología,Alta
EP00214,Registro del paciente,2026-06-28 06:03:51,Admision_03,,74,F,4,Medicina Interna,Hospitalización
EP00970,Solicitud de examen,2026-06-28 06:18:29,Dr_Trauma_02,Imagenología,35,M,4,Traumatología,Alta
EP00214,Triage,2026-06-28 06:38:22,Enf_Triage_03,,74,F,4,Medicina Interna,Hospitalización
EP00522,Tratamiento,2026-06-28 06:53:53,Enf_Emerge_01,,19,F,4,Emergencias,Alta
EP00288,Registro del paciente,2026-06-28 08:12:12,Admision_01,,23,M,3,Emergencias,Alta
EP00288,Triage,2026-06-28 08:25:56,Enf_Triage_01,,23,M,3,Emergencias,Alta
EP00522,Alta,2026-06-28 08:41:17,Dr_Emerge_01,,19,F,4,Emergencias,Alta
EP00214,Consulta médica,2026-06-28 08:50:21,Dr_Medici_01,,74,F,4,Medicina Interna,Hospitalización
EP00288,Consulta médica,2026-06-28 08:52:02,Dr_Emerge_02,,23,M,3,Emergencias,Alta
EP00951,Registro del paciente,2026-06-28 08:59:39,Admision_03,,15,F,3,Medicina Interna,Alta
EP00288,Tratamiento,2026-06-28 09:17:10,Enf_Emerge_04,,23,M,3,Emergencias,Alta
EP00951,Triage,2026-06-28 09:27:15,Enf_Triage_01,,15,F,3,Medicina Interna,Alta
EP00337,Registro del paciente,2026-06-28 09:36:26,Admision_02,,42,M,3,Emergencias,Alta
EP00214,Tratamiento,2026-06-28 09:53:54,Enf_Medici_03,,74,F,4,Medicina Interna,Hospitalización
EP00288,Alta,2026-06-28 10:29:19,Dr_Emerge_02,,23,M,3,Emergencias,Alta
EP00337,Triage,2026-06-28 10:35:14,Enf_Triage_02,,42,M,3,Emergencias,Alta
EP00951,Consulta médica,2026-06-28 10:40:40,Dr_Medici_01,,15,F,3,Medicina Interna,Alta
EP00214,Ingreso a hospitalización,2026-06-28 10:45:37,Gestion_Camas,,74,F,4,Medicina Interna,Hospitalización
EP01332,Registro del paciente,2026-06-28 10:59:22,Admision_02,,71,F,5,Medicina Interna,Alta
EP00951,Solicitud de examen,2026-06-28 11:08:35,Dr_Medici_01,Laboratorio,15,F,3,Medicina Interna,Alta
EP00337,consulta médica,2026-06-28 11:12:02,Dr_Emerge_03,,42,M,3,Emergencias,Alta
EP00337,Solicitud de examen,2026-06-28 11:21:54,Dr_Emerge_03,Laboratorio,42,M,3,Emergencias,Alta
EP01332,Triage,2026-06-28 11:28:31,Enf_Triage_02,,71,F,5,Medicina Interna,Alta
EP00987,Registro del paciente,2026-06-28 11:31:24,Admision_01,,61,M,3,Emergencias,Alta
EP00337,Realización de examen,2026-06-28 12:56:57,Laboratorio_Clinico,Laboratorio,42,M,3,Emergencias,Alta
EP00987,Triage,2026-06-28 12:57:35,Enf_Triage_03,,61,M,3,Emergencias,Alta
EP00951,Realización de examen,2026-06-28 13:00:40,Laboratorio_Clinico,Laboratorio,15,F,3,Medicina Interna,Alta
EP00337,Evaluación de resultados,2026-06-28 13:44:05,Dr_Emerge_03,Laboratorio,42,M,3,Emergencias,Alta
EP00337,Solicitud de examen,2026-06-28 13:52:43,Dr_Emerge_03,Laboratorio,42,M,3,Emergencias,Alta
EP00951,Evaluación de resultados,2026-06-28 14:05:02,Dr_Medici_01,Laboratorio,15,F,3,Medicina Interna,Alta
EP00951,Solicitud de examen,2026-06-28 14:15:51,Dr_Medici_01,Laboratorio,15,F,3,Medicina Interna,Alta
EP00337,Realización de examen,2026-06-28 14:39:29,Laboratorio_Clinico,Laboratorio,42,M,3,Emergencias,Alta
EP00970,Realización de examen,2026-06-28 14:46:19,Imagenologia,Imagenología,35,M,4,Traumatología,Alta
EP00987,Consulta médica,2026-06-28 14:48:29,Dr_Emerge_03,,61,M,3,Emergencias,Alta
EP00951,Realización de examen,2026-06-28 15:01:42,Laboratorio_Clinico,Laboratorio,15,F,3,Medicina Interna,Alta
EP00337,Evaluación de resultados,2026-06-28 15:15:21,Dr_Emerge_03,Laboratorio,42,M,3,Emergencias,Alta
EP00987,Tratamiento,2026-06-28 15:17:51,Enf_Emerge_04,,61,M,3,Emergencias,Alta
EP00970,Evaluación de resultados,2026-06-28 15:47:35,Dr_Trauma_02,Imagenología,35,M,4,Traumatología,Alta
EP00337,Tratamiento,2026-06-28 15:55:36,Enf_Emerge_02,,42,M,3,Emergencias,Alta
EP00987,Alta,2026-06-28 16:03:17,Dr_Emerge_03,,61,M,3,Emergencias,Alta
EP00951,Evaluación de resultados,2026-06-28 16:18:06,Dr_Medici_01,Laboratorio,15,F,3,Medicina Interna,Alta
EP01332,Consulta médica,2026-06-28 16:25:51,Dr_Medici_04,,71,F,5,Medicina Interna,Alta
EP00970,Tratamiento,2026-06-28 16:48:17,Enf_Trauma_04,,35,M,4,Traumatología,Alta
EP00337,Alta,2026-06-28 17:02:37,Dr_Emerge_03,,42,M,3,Emergencias,Alta
EP01332,Tratamiento,2026-06-28 17:06:51,Enf_Medici_02,,71,F,5,Medicina Interna,Alta
EP00951,Consulta médica,2026-06-28 18:04:21,Dr_Medici_01,,15,F,3,Medicina Interna,Alta
EP00970,Alta,2026-06-28 18:11:27,Dr_Trauma_02,,35,M,4,Traumatología,Alta
EP01332,Alta,2026-06-28 18:16:39,Dr_Medici_04,,71,F,5,Medicina Interna,Alta
EP00951,Tratamiento,2026-06-28 18:30:17,Enf_Medici_03,,15,F,3,Medicina Interna,Alta
EP00951,Alta,2026-06-28 20:43:44,Dr_Medici_01,,15,F,3,Medicina Interna,Alta
EP00687,Registro del paciente,2026-06-28 21:08:03,Admision_03,,1,M,3,Pediatría,Alta
EP00154,Registro del paciente,2026-06-28 21:20:37,Admision_02,,14,M,5,Pediatría,Alta
EP00687,Triage,2026-06-28 21:40:36,Enf_Triage_02,,1,M,3,Pediatría,Alta
EP00927,Ingreso a hospitalización,2026-06-28 22:04:41,Gestion_Camas,,15,F,3,Medicina Interna,Hospitalización
EP00154,triage,2026-06-28 22:39:58,Enf_Triage_02,,14,M,5,Pediatría,Alta
EP00455,Registro del paciente,2026-06-28 23:38:25,Admision_02,,63,M,2,Emergencias,Alta
EP00455,Triage,2026-06-28 23:58:22,Enf_Triage_01,,63,M,2,Emergencias,Alta
EP00455,Consulta médica,2026-06-29 00:26:30,Dr_Emerge_04,,63,M,2,Emergencias,Alta
EP00687,Consulta médica,2026-06-29 01:21:29,Dr_Pediat_01,,1,M,3,Pediatría,Alta
EP00687,Solicitud de examen,2026-06-29 01:33:41,Dr_Pediat_01,Imagenología,1,M,3,Pediatría,Alta
EP00455,Tratamiento,2026-06-29 01:42:01,Enf_Emerge_04,,63,M,2,Emergencias,Alta
EP00687,Realización de examen,2026-06-29 03:23:39,Imagenologia,Imagenología,1,M,3,Pediatría,Alta
EP00455,Alta,2026-06-29 03:39:26,Dr_Emerge_04,,63,M,2,Emergencias,Alta
EP00687,Evaluación de resultados,2026-06-29 03:56:20,Dr_Pediat_01,Imagenología,1,M,3,Pediatría,Alta
EP00154,Consulta médica,2026-06-29 04:11:20,Dr_Pediat_02,,14,M,5,Pediatría,Alta
EP00687,Tratamiento,2026-06-29 04:48:29,Enf_Pediat_02,,1,M,3,Pediatría,Alta
EP00154,Tratamiento,2026-06-29 05:07:54,Enf_Pediat_01,,14,M,5,Pediatría,Alta
EP00687,Alta,2026-06-29 05:43:44,Dr_Pediat_01,,1,M,3,Pediatría,Alta
EP00154,Alta,2026-06-29 06:20:39,Dr_Pediat_02,,14,M,5,Pediatría,Alta
