case_id,activity,timestamp,resource,tipo_credito,monto_solicitado,ingreso_mensual,nivel_endeudamiento,antiguedad_laboral_meses,canal,edad_solicitante
SOL00201,Solicitud recibida,2026-01-05 07:29:11,Ejecutivo_02,Vehicular,13600.0,4248.69,0.32,81,Sucursal,40
SOL00781,Solicitud recibida,2026-01-05 10:45:17,Ejecutivo_06,Personal,17000.0,1330.61,0.09,14,Sucursal,48
SOL00909,Solicitud recibida,2026-01-05 11:37:47,Ejecutivo_04,Personal,11600.0,1899.4,0.02,136,Sucursal,45
SOL00954,Solicitud recibida,2026-01-05 12:28:16,Ejecutivo_06,Consumo,2300.0,2402.15,0.51,53,Sucursal,31
SOL00014,Solicitud recibida,2026-01-05 12:54:56,Sistema,Consumo,3900.0,1087.15,0.37,59,Web,59
SOL00201,Verificación de documentos,2026-01-05 14:36:44,Verificador_02,Vehicular,13600.0,4248.69,0.32,81,Sucursal,40
SOL00702,Solicitud recibida,2026-01-05 15:02:56,Ejecutivo_03,Hipotecario,109100.0,2758.68,0.37,15,Sucursal,52
SOL00201,Solicitud de información adicional,2026-01-05 15:06:45,Verificador_02,Vehicular,13600.0,4248.69,0.32,81,Sucursal,40
SOL00511,Solicitud recibida,2026-01-05 15:42:43,Ejecutivo_05,Consumo,7600.0,1448.77,0.38,98,Sucursal,42
SOL00801,Solicitud recibida,2026-01-05 17:39:52,Sistema,Personal,3100.0,911.78,0.58,6,Web,21
SOL00672,Solicitud recibida,2026-01-06 07:58:50,Ejecutivo_01,Hipotecario,190500.0,700.99,0.33,11,Sucursal,63
SOL00909,Verificación de documentos,2026-01-06 08:00:00,Verificador_01,Personal,11600.0,1899.4,0.02,136,Sucursal,45
SOL00014,Verificación de documentos,2026-01-06 08:00:00,Verificador_02,Consumo,3900.0,1087.15,0.37,59,Web,59
SOL00954,Verificación de documentos,2026-01-06 08:00:00,Verificador_04,Consumo,2300.0,2402.15,0.51,53,Sucursal,31
SOL00801,Verificación de documentos,2026-01-06 08:00:00,Verificador_03,Personal,3100.0,911.78,0.58,6,Web,21
SOL00781,Verificación de documentos,2026-01-06 08:00:00,Verificador_02,Personal,17000.0,1330.61,0.09,14,Sucursal,48
SOL00511,Verificación de documentos,2026-01-06 08:20:00,Verificador_01,Consumo,7600.0,1448.77,0.38,98,Sucursal,42
SOL00702,Verificación de documentos,2026-01-06 08:29:00,Verificador_02,Hipotecario,109100.0,2758.68,0.37,15,Sucursal,52
SOL00801,Solicitud de información adicional,2026-01-06 08:30:01,Verificador_03,Personal,3100.0,911.78,0.58,6,Web,21
SOL00781,Solicitud de información adicional,2026-01-06 08:30:01,Verificador_02,Personal,17000.0,1330.61,0.09,14,Sucursal,48
SOL01026,Solicitud recibida,2026-01-06 10:38:05,Sistema,Personal,16900.0,1732.48,0.5,100,Web,46
SOL00672,Verificación de documentos,2026-01-06 11:55:07,Verificador_01,Hipotecario,190500.0,700.99,0.33,11,Sucursal,63
SOL00718,Solicitud recibida,2026-01-06 16:17:21,Ejecutivo_06,Personal,6400.0,839.24,0.47,19,Sucursal,32
SOL01026,Verificación de documentos,2026-01-06 16:20:14,Verificador_04,Personal,16900.0,1732.48,0.5,100,Web,46
SOL01002,Solicitud recibida,2026-01-06 16:32:06,Ejecutivo_05,Vehicular,21100.0,912.25,0.07,76,Agente,37
SOL00886,Solicitud recibida,2026-01-06 17:50:29,Sistema,Personal,17700.0,2067.54,0.44,52,Web,23
SOL00926,Solicitud recibida,2026-01-06 21:11:42,Ejecutivo_01,Personal,16000.0,1615.97,0.54,96,Sucursal,70
SOL00672,Análisis financiero,2026-01-07 08:00:00,Analista_06,Hipotecario,190500.0,700.99,0.33,11,Sucursal,63
SOL00718,Verificación de documentos,2026-01-07 08:00:00,Verificador_01,Personal,6400.0,839.24,0.47,19,Sucursal,32
SOL00909,Análisis financiero,2026-01-07 08:00:00,Analista_08,Personal,11600.0,1899.4,0.02,136,Sucursal,45
SOL00886,Verificación de documentos,2026-01-07 08:02:00,Verificador_03,Personal,17700.0,2067.54,0.44,52,Web,23
SOL00702,Análisis financiero,2026-01-07 08:06:00,Analista_01,Hipotecario,109100.0,2758.68,0.37,15,Sucursal,52
SOL00014,Análisis financiero,2026-01-07 08:08:00,Analista_05,Consumo,3900.0,1087.15,0.37,59,Web,59
SOL00511,Análisis financiero,2026-01-07 08:20:00,Analista_05,Consumo,7600.0,1448.77,0.38,98,Sucursal,42
SOL00926,Verificación de documentos,2026-01-07 08:21:00,Verificador_04,Personal,16000.0,1615.97,0.54,96,Sucursal,70
SOL01002,Verificacion de documentos,2026-01-07 08:25:00,Verificador_03,Vehicular,21100.0,912.25,0.07,76,Agente,37
SOL00954,Análisis financiero,2026-01-07 08:30:57,Analista_06,Consumo,2300.0,2402.15,0.51,53,Sucursal,31
SOL00886,Solicitud de información adicional,2026-01-07 08:32:01,Verificador_01,Personal,17700.0,2067.54,0.44,52,Web,23
SOL00444,Solicitud recibida,2026-01-07 09:19:49,Sistema,Consumo,4900.0,1762.72,0.54,14,Web,48
SOL00909,Aprobación,2026-01-07 10:40:14,Analista_08,Personal,11600.0,1899.4,0.02,136,Sucursal,45
SOL00511,Aprobación,2026-01-07 12:38:36,Analista_05,Consumo,7600.0,1448.77,0.38,98,Sucursal,42
SOL00391,Solicitud recibida,2026-01-07 13:32:01,Sistema,Vehicular,20400.0,840.09,0.44,34,Web,49
SOL00014,Aprobación,2026-01-07 14:01:40,Analista_05,Consumo,3900.0,1087.15,0.37,59,Web,59
SOL00954,Rechazo,2026-01-07 14:37:08,Analista_06,Consumo,2300.0,2402.15,0.51,53,Sucursal,31
SOL00500,Solicitud recibida,2026-01-07 16:13:33,Ejecutivo_02,Personal,4100.0,2081.4,0.61,62,Agente,61
SOL01150,Solicitud recibida,2026-01-07 17:33:17,Ejecutivo_04,Hipotecario,155200.0,914.77,0.41,26,Sucursal,59
SOL00891,Solicitud recibida,2026-01-07 18:20:32,Sistema,Hipotecario,92300.0,1144.5,0.14,16,Web,64
SOL01128,Solicitud recibida,2026-01-07 19:55:14,Sistema,Personal,10000.0,457.07,0.3,26,Web,53
SOL00886,Recepción de información,2026-01-08 01:19:59,Sistema,Personal,17700.0,2067.54,0.44,52,Web,23
SOL00391,Verificación de documentos,2026-01-08 08:00:00,Verificador_02,Vehicular,20400.0,840.09,0.44,34,Web,49
SOL00718,Análisis financiero,2026-01-08 08:05:00,Analista_04,Personal,6400.0,839.24,0.47,19,Sucursal,32
SOL01077,Solicitud recibida,2026-01-08 08:05:38,Ejecutivo_02,Personal,19700.0,1305.98,0.33,108,Sucursal,41
SOL00500,Verificación de documentos,2026-01-08 08:08:00,Verificador_02,Personal,4100.0,2081.4,0.61,62,Agente,61
SOL00444,Verificación de documentos,2026-01-08 08:10:00,Verificador_01,Consumo,4900.0,1762.72,0.54,14,Web,48
SOL01150,Verificación de documentos,2026-01-08 08:15:00,Verificador_01,Hipotecario,155200.0,914.77,0.41,26,Sucursal,59
SOL00926,Análisis financiero,2026-01-08 08:19:00,Analista_08,Personal,16000.0,1615.97,0.54,96,Sucursal,70
SOL00891,Verificación de documentos,2026-01-08 08:21:00,Verificador_03,Hipotecario,92300.0,1144.5,0.14,16,Web,64
SOL00391,Solicitud de información adicional,2026-01-08 08:30:01,Verificador_03,Vehicular,20400.0,840.09,0.44,34,Web,49
SOL00891,Solicitud de información adicional,2026-01-08 08:51:01,Verificador_03,Hipotecario,92300.0,1144.5,0.14,16,Web,64
SOL00886,Verificación de documentos,2026-01-08 09:07:35,Verificador_04,Personal,17700.0,2067.54,0.44,52,Web,23
SOL00672,Comité de crédito,2026-01-08 10:00:01,Comite,Hipotecario,190500.0,700.99,0.33,11,Sucursal,63
SOL00702,Comité de crédito,2026-01-08 10:00:01,Comite,Hipotecario,109100.0,2758.68,0.37,15,Sucursal,52
SOL00415,Solicitud recibida,2026-01-08 11:30:37,Sistema,Consumo,3200.0,670.97,0.55,33,Web,34
SOL01002,Análisis financiero,2026-01-08 11:46:35,Analista_02,Vehicular,21100.0,912.25,0.07,76,Agente,37
SOL00416,Solicitud recibida,2026-01-08 12:22:57,Sistema,Consumo,7000.0,1283.32,0.1,39,Web,70
SOL01128,Verificación de documentos,2026-01-08 13:17:53,Verificador_04,Personal,10000.0,457.07,0.3,26,Web,53
SOL01128,Solicitud de información adicional,2026-01-08 13:47:54,Verificador_03,Personal,10000.0,457.07,0.3,26,Web,53
SOL01151,Solicitud recibida,2026-01-08 13:56:37,Sistema,Consumo,7200.0,2347.42,0.53,42,Web,36
SOL01002,Rechazo,2026-01-08 14:54:03,Analista_02,Vehicular,21100.0,912.25,0.07,76,Agente,37
SOL00672,Rechazo,2026-01-08 14:58:34,Analista_06,Hipotecario,190500.0,700.99,0.33,11,Sucursal,63
SOL00702,Rechazo,2026-01-08 15:18:18,Analista_01,Hipotecario,109100.0,2758.68,0.37,15,Sucursal,52
SOL00241,Solicitud recibida,2026-01-08 17:17:50,Ejecutivo_03,Hipotecario,58700.0,531.17,0.4,16,Sucursal,29
SOL00580,Solicitud recibida,2026-01-08 20:59:25,Sistema,Personal,8100.0,989.97,0.41,27,Web,68
SOL00781,Recepción de información,2026-01-09 03:59:45,Sistema,Personal,17000.0,1330.61,0.09,14,Sucursal,48
SOL00544,Solicitud recibida,2026-01-09 07:52:31,Ejecutivo_05,Consumo,2800.0,1042.28,0.5,8,Sucursal,32
SOL01151,Verificación de documentos,2026-01-09 08:00:00,Verificador_01,Consumo,7200.0,2347.42,0.53,42,Web,36
SOL00415,Verificación de documentos,2026-01-09 08:00:00,Verificador_02,Consumo,3200.0,670.97,0.55,33,Web,34
SOL01077,Verificación de documentos,2026-01-09 08:00:00,Verificador_03,Personal,19700.0,1305.98,0.33,108,Sucursal,41
SOL00416,Verificación de documentos,2026-01-09 08:00:00,Verificador_01,Consumo,7000.0,1283.32,0.1,39,Web,70
SOL00444,Análisis financiero,2026-01-09 08:00:00,Analista_04,Consumo,4900.0,1762.72,0.54,14,Web,48
SOL01150,Análisis financiero,2026-01-09 08:00:00,Analista_04,Hipotecario,155200.0,914.77,0.41,26,Sucursal,59
SOL00500,Análisis financiero,2026-01-09 08:05:00,Analista_06,Personal,4100.0,2081.4,0.61,62,Agente,61
SOL00718,Reevaluación,2026-01-09 08:11:00,Analista_04,Personal,6400.0,839.24,0.47,19,Sucursal,32
SOL00886,Análisis financiero,2026-01-09 08:15:00,Analista_05,Personal,17700.0,2067.54,0.44,52,Web,23
SOL00511,Formalización,2026-01-09 08:27:00,Ejecutivo_06,Consumo,7600.0,1448.77,0.38,98,Sucursal,42
SOL00580,Verificación de documentos,2026-01-09 08:28:00,Verificador_04,Personal,8100.0,989.97,0.41,27,Web,68
SOL00241,Verificación de documentos,2026-01-09 08:30:41,Verificador_04,Hipotecario,58700.0,531.17,0.4,16,Sucursal,29
SOL00062,Solicitud recibida,2026-01-09 09:28:36,Ejecutivo_03,Hipotecario,200000.0,504.85,0.22,104,Sucursal,45
SOL00801,Recepción de información,2026-01-09 09:30:50,Sistema,Personal,3100.0,911.78,0.58,6,Web,21
SOL00781,Verificación de documentos,2026-01-09 10:36:35,Verificador_03,Personal,17000.0,1330.61,0.09,14,Sucursal,48
SOL00210,Solicitud recibida,2026-01-09 10:47:39,Ejecutivo_02,Consumo,3900.0,1930.46,0.11,35,Sucursal,51
SOL00500,Rechazo,2026-01-09 12:50:54,Analista_06,Personal,4100.0,2081.4,0.61,62,Agente,61
SOL00909,Formalización,2026-01-09 12:56:00,Ejecutivo_02,Personal,11600.0,1899.4,0.02,136,Sucursal,45
SOL00801,Verificación de documentos,2026-01-09 12:57:07,Verificador_03,Personal,3100.0,911.78,0.58,6,Web,21
SOL00221,Solicitud recibida,2026-01-09 13:01:53,Sistema,Personal,8500.0,4798.42,0.21,58,Web,65
SOL00926,Reevaluación,2026-01-09 13:04:00,Analista_08,Personal,16000.0,1615.97,0.54,96,Sucursal,70
SOL00801,Solicitud de información adicional,2026-01-09 13:27:08,Verificador_02,Personal,3100.0,911.78,0.58,6,Web,21
SOL00718,Rechazo,2026-01-09 13:32:33,Analista_04,Personal,6400.0,839.24,0.47,19,Sucursal,32
SOL01151,Análisis financiero,2026-01-09 14:05:58,Analista_01,Consumo,7200.0,2347.42,0.53,42,Web,36
SOL00221,Verificación de documentos,2026-01-09 15:17:39,Verificador_04,Personal,8500.0,4798.42,0.21,58,Web,65
SOL00221,Solicitud de información adicional,2026-01-09 15:47:40,Verificador_03,Personal,8500.0,4798.42,0.21,58,Web,65
SOL00126,Solicitud recibida,2026-01-09 15:51:11,Ejecutivo_01,Consumo,3000.0,689.26,0.1,3,Agente,56
SOL00655,Solicitud recibida,2026-01-10 09:22:47,Sistema,Vehicular,17200.0,1959.24,0.17,142,Web,38
SOL00962,Solicitud recibida,2026-01-10 09:36:58,Ejecutivo_06,Vehicular,27700.0,2150.13,0.28,151,Agente,29
SOL00406,Solicitud recibida,2026-01-10 13:35:46,Ejecutivo_01,Consumo,2800.0,4465.0,0.27,43,Sucursal,21
SOL00944,Solicitud recibida,2026-01-10 15:02:55,Ejecutivo_03,Personal,14100.0,1335.75,0.37,16,Sucursal,37
SOL01195,Solicitud recibida,2026-01-10 18:49:18,Ejecutivo_06,Consumo,4900.0,963.3,0.44,31,Sucursal,47
SOL01128,Recepción de información,2026-01-11 03:12:27,Sistema,Personal,10000.0,457.07,0.3,26,Web,53
SOL00891,Recepción de información,2026-01-11 08:43:30,Sistema,Hipotecario,92300.0,1144.5,0.14,16,Web,64
SOL00484,Solicitud recibida,2026-01-11 10:06:12,Ejecutivo_02,Consumo,1300.0,1313.02,0.5,115,Agente,32
SOL00880,Solicitud recibida,2026-01-11 11:30:35,Ejecutivo_01,Consumo,7700.0,1523.18,0.3,105,Agente,41
SOL00327,Solicitud recibida,2026-01-11 13:20:50,Ejecutivo_05,Consumo,2100.0,1283.4,0.5,158,Agente,67
SOL00543,Solicitud recibida,2026-01-11 13:39:18,Ejecutivo_06,Vehicular,14700.0,1789.36,0.22,1,Sucursal,61
SOL00202,Solicitud recibida,2026-01-11 15:41:11,Ejecutivo_06,Vehicular,39900.0,2190.04,0.08,3,Sucursal,65
SOL01174,Solicitud recibida,2026-01-11 21:38:43,Ejecutivo_01,Personal,5900.0,1031.07,0.39,15,Sucursal,29
SOL00126,Verificación de documentos,2026-01-12 08:00:00,Verificador_04,Consumo,3000.0,689.26,0.1,3,Agente,56
SOL01151,Reevaluación,2026-01-12 08:00:00,Analista_01,Consumo,7200.0,2347.42,0.53,42,Web,36
SOL00655,Verificación de documentos,2026-01-12 08:00:00,Verificador_03,Vehicular,17200.0,1959.24,0.17,142,Web,38
SOL00544,Verificación de documentos,2026-01-12 08:00:00,Verificador_02,Consumo,2800.0,1042.28,0.5,8,Sucursal,32
SOL00926,Reevaluación,2026-01-12 08:00:00,Analista_08,Personal,16000.0,1615.97,0.54,96,Sucursal,70
SOL00444,Reevaluación,2026-01-12 08:00:00,Analista_04,Consumo,4900.0,1762.72,0.54,14,Web,48
SOL00543,verificación de documentos,2026-01-12 08:00:00,Verificador_01,Vehicular,14700.0,1789.36,0.22,1,Sucursal,61
SOL00406,Verificación de documentos,2026-01-12 08:00:00,Verificador_02,Consumo,2800.0,4465.0,0.27,43,Sucursal,21
SOL00944,Verificación de documentos,2026-01-12 08:00:00,Verificador_01,Personal,14100.0,1335.75,0.37,16,Sucursal,37
SOL00241,Análisis financiero,2026-01-12 08:00:00,Analista_03,Hipotecario,58700.0,531.17,0.4,16,Sucursal,29
SOL00327,Verificación de documentos,2026-01-12 08:00:00,Verificador_01,Consumo,2100.0,1283.4,0.5,158,Agente,67
SOL00062,Verificacion de documentos,2026-01-12 08:00:00,Verificador_04,Hipotecario,200000.0,504.85,0.22,104,Sucursal,45
SOL01128,Verificación de documentos,2026-01-12 08:00:00,Verificador_03,Personal,10000.0,457.07,0.3,26,Web,53
SOL00880,Verificación de documentos,2026-01-12 08:00:00,Verificador_01,Consumo,7700.0,1523.18,0.3,105,Agente,41
SOL00511,Desembolso,2026-01-12 08:00:00,Tesoreria,Consumo,7600.0,1448.77,0.38,98,Sucursal,42
SOL01026,Análisis financiero,2026-01-12 08:00:00,Analista_07,Personal,16900.0,1732.48,0.5,100,Web,46
SOL00909,Desembolso,2026-01-12 08:00:00,Tesoreria,Personal,11600.0,1899.4,0.02,136,Sucursal,45
SOL00416,Análisis financiero,2026-01-12 08:00:00,Analista_08,Consumo,7000.0,1283.32,0.1,39,Web,70
SOL01077,Análisis financiero,2026-01-12 08:00:00,Analista_07,Personal,19700.0,1305.98,0.33,108,Sucursal,41
SOL00014,Formalización,2026-01-12 08:00:00,Ejecutivo_01,Consumo,3900.0,1087.15,0.37,59,Web,59
SOL00580,Análisis financiero,2026-01-12 08:00:00,Analista_08,Personal,8100.0,989.97,0.41,27,Web,68
SOL00415,Análisis financiero,2026-01-12 08:00:00,Analista_01,Consumo,3200.0,670.97,0.55,33,Web,34
SOL00962,Verificación de documentos,2026-01-12 08:00:00,Verificador_03,Vehicular,27700.0,2150.13,0.28,151,Agente,29
SOL00886,Reevaluación,2026-01-12 08:00:00,Analista_05,Personal,17700.0,2067.54,0.44,52,Web,23
SOL00781,Análisis financiero,2026-01-12 08:00:00,Analista_07,Personal,17000.0,1330.61,0.09,14,Sucursal,48
SOL00891,Verificación de documentos,2026-01-12 08:00:00,Verificador_02,Hipotecario,92300.0,1144.5,0.14,16,Web,64
SOL00210,Verificacion de documentos,2026-01-12 08:00:00,Verificador_03,Consumo,3900.0,1930.46,0.11,35,Sucursal,51
SOL01195,Verificación de documentos,2026-01-12 08:00:00,Verificador_04,Consumo,4900.0,963.3,0.44,31,Sucursal,47
SOL00202,Verificación de documentos,2026-01-12 08:01:00,Verificador_04,Vehicular,39900.0,2190.04,0.08,3,Sucursal,65
SOL00484,Verificación de documentos,2026-01-12 08:28:00,Verificador_02,Consumo,1300.0,1313.02,0.5,115,Agente,32
SOL00655,Solicitud de información adicional,2026-01-12 08:30:01,Verificador_03,Vehicular,17200.0,1959.24,0.17,142,Web,38
SOL00870,Solicitud recibida,2026-01-12 08:56:56,Sistema,Vehicular,12700.0,731.83,0.46,33,Web,63
SOL01026,Aprobación,2026-01-12 10:20:40,Analista_07,Personal,16900.0,1732.48,0.5,100,Web,46
SOL01174,Verificación de documentos,2026-01-12 10:25:43,Verificador_02,Personal,5900.0,1031.07,0.39,15,Sucursal,29
SOL00209,Solicitud recibida,2026-01-12 11:06:39,Sistema,Vehicular,20300.0,1977.3,0.41,97,Web,40
SOL00926,Rechazo,2026-01-12 13:00:42,Analista_08,Personal,16000.0,1615.97,0.54,96,Sucursal,70
SOL00781,Aprobación,2026-01-12 13:04:19,Analista_07,Personal,17000.0,1330.61,0.09,14,Sucursal,48
SOL00870,Verificación de documentos,2026-01-12 14:42:21,Verificador_04,Vehicular,12700.0,731.83,0.46,33,Web,63
SOL01077,Aprobación,2026-01-12 14:43:36,Analista_07,Personal,19700.0,1305.98,0.33,108,Sucursal,41
SOL00415,Aprobación,2026-01-12 14:58:13,Analista_01,Consumo,3200.0,670.97,0.55,33,Web,34
SOL00962,Análisis financiero,2026-01-12 16:13:30,Analista_06,Vehicular,27700.0,2150.13,0.28,151,Agente,29
SOL00820,Solicitud recibida,2026-01-12 16:15:50,Ejecutivo_03,Personal,5700.0,523.05,0.41,39,Sucursal,54
SOL00202,Análisis financiero,2026-01-12 16:25:52,Analista_02,Vehicular,39900.0,2190.04,0.08,3,Sucursal,65
SOL00416,Aprobación,2026-01-12 16:36:56,Analista_08,Consumo,7000.0,1283.32,0.1,39,Web,70
SOL01151,Aprobación,2026-01-12 16:54:11,Analista_01,Consumo,7200.0,2347.42,0.53,42,Web,36
SOL00579,Solicitud recibida,2026-01-12 18:29:24,Ejecutivo_03,Personal,17100.0,2018.56,0.29,9,Sucursal,24
SOL00655,Recepción de información,2026-01-13 03:00:18,Sistema,Vehicular,17200.0,1959.24,0.17,142,Web,38
SOL00825,Solicitud recibida,2026-01-13 07:01:35,Sistema,Vehicular,35000.0,2294.18,0.26,20,Web,38
SOL00962,Aprobación,2026-01-13 08:00:00,Analista_06,Vehicular,27700.0,2150.13,0.28,151,Agente,29
SOL00820,Verificación de documentos,2026-01-13 08:00:00,Verificador_04,Personal,5700.0,523.05,0.41,39,Sucursal,54
SOL01174,Análisis financiero,2026-01-13 08:00:00,Analista_08,Personal,5900.0,1031.07,0.39,15,Sucursal,29
SOL00891,Análisis financiero,2026-01-13 08:00:00,Analista_05,Hipotecario,92300.0,1144.5,0.14,16,Web,64
SOL01195,Análisis financiero,2026-01-13 08:00:00,Analista_07,Consumo,4900.0,963.3,0.44,31,Sucursal,47
SOL00210,Análisis financiero,2026-01-13 08:00:00,Analista_06,Consumo,3900.0,1930.46,0.11,35,Sucursal,51
SOL00209,Verificación de documentos,2026-01-13 08:00:00,Verificador_04,Vehicular,20300.0,1977.3,0.41,97,Web,40
SOL00579,Verificación de documentos,2026-01-13 08:00:00,Verificador_01,Personal,17100.0,2018.56,0.29,9,Sucursal,24
SOL00880,Análisis financiero,2026-01-13 08:02:00,Analista_05,Consumo,7700.0,1523.18,0.3,105,Agente,41
SOL00327,Análisis financiero,2026-01-13 08:04:00,Analista_05,Consumo,2100.0,1283.4,0.5,158,Agente,67
SOL00126,Análisis financiero,2026-01-13 08:05:00,Analista_07,Consumo,3000.0,689.26,0.1,3,Agente,56
SOL00484,Análisis financiero,2026-01-13 08:12:00,Analista_02,Consumo,1300.0,1313.02,0.5,115,Agente,32
SOL00944,Análisis financiero,2026-01-13 08:15:00,Analista_06,Personal,14100.0,1335.75,0.37,16,Sucursal,37
SOL00444,Reevaluación,2026-01-13 08:29:00,Analista_04,Consumo,4900.0,1762.72,0.54,14,Web,48
SOL01128,Análisis financiero,2026-01-13 08:54:05,Analista_04,Personal,10000.0,457.07,0.3,26,Web,53
SOL00327,Aprobación,2026-01-13 10:35:55,Analista_05,Consumo,2100.0,1283.4,0.5,158,Agente,67
SOL00944,Aprobación,2026-01-13 10:38:25,Analista_06,Personal,14100.0,1335.75,0.37,16,Sucursal,37
SOL00818,Solicitud recibida,2026-01-13 10:54:32,Sistema,Personal,10900.0,2951.46,0.39,84,Web,21
SOL01195,Rechazo,2026-01-13 11:06:43,Analista_07,Consumo,4900.0,963.3,0.44,31,Sucursal,47
SOL00126,Aprobación,2026-01-13 11:22:04,Analista_07,Consumo,3000.0,689.26,0.1,3,Agente,56
SOL00210,Aprobación,2026-01-13 11:30:18,Analista_06,Consumo,3900.0,1930.46,0.11,35,Sucursal,51
SOL00655,Verificación de documentos,2026-01-13 11:30:44,Verificador_01,Vehicular,17200.0,1959.24,0.17,142,Web,38
SOL00825,Verificación de documentos,2026-01-13 11:33:31,Verificador_02,Vehicular,35000.0,2294.18,0.26,20,Web,38
SOL00444,Rechazo,2026-01-13 11:45:53,Analista_04,Consumo,4900.0,1762.72,0.54,14,Web,48
SOL00825,Solicitud de información adicional,2026-01-13 12:03:32,Verificador_04,Vehicular,35000.0,2294.18,0.26,20,Web,38
SOL01132,Solicitud recibida,2026-01-13 12:04:43,Sistema,Hipotecario,240800.0,2540.93,0.51,111,Web,56
SOL01128,Aprobación,2026-01-13 12:50:52,Analista_04,Personal,10000.0,457.07,0.3,26,Web,53
SOL00878,Solicitud recibida,2026-01-13 13:11:46,Ejecutivo_03,Personal,6000.0,870.46,0.21,65,Sucursal,35
SOL00416,Formalización,2026-01-13 13:28:59,Ejecutivo_04,Consumo,7000.0,1283.32,0.1,39,Web,70
SOL00209,Análisis financiero,2026-01-13 13:35:00,Analista_05,Vehicular,20300.0,1977.3,0.41,97,Web,40
SOL00880,Aprobación,2026-01-13 15:22:26,Analista_05,Consumo,7700.0,1523.18,0.3,105,Agente,41
SOL00437,Solicitud recibida,2026-01-13 15:48:41,Ejecutivo_02,Consumo,7600.0,1069.67,0.1,11,Sucursal,54
SOL00257,Solicitud recibida,2026-01-13 15:57:10,Sistema,Consumo,2700.0,3216.47,0.09,184,Web,23
SOL01174,Rechazo,2026-01-13 15:58:57,Analista_08,Personal,5900.0,1031.07,0.39,15,Sucursal,29
SOL00738,Solicitud recibida,2026-01-13 16:12:04,Sistema,Personal,12700.0,1602.93,0.69,42,Web,31
SOL00406,Análisis financiero,2026-01-13 16:55:41,Analista_04,Consumo,2800.0,4465.0,0.27,43,Sucursal,21
SOL00801,Recepción de información,2026-01-13 17:29:27,Sistema,Personal,3100.0,911.78,0.58,6,Web,21
SOL00068,Solicitud recibida,2026-01-13 21:32:25,Sistema,Personal,5300.0,1089.05,0.33,164,Web,40
SOL00972,Solicitud recibida,2026-01-13 21:54:18,Ejecutivo_02,Personal,13100.0,1367.9,0.17,116,Sucursal,37
SOL00020,Solicitud recibida,2026-01-14 07:09:57,Ejecutivo_06,Vehicular,12900.0,2869.63,0.39,127,Sucursal,32
SOL01077,Formalización,2026-01-14 08:00:00,Ejecutivo_03,Personal,19700.0,1305.98,0.33,108,Sucursal,41
SOL00437,Verificación de documentos,2026-01-14 08:00:00,Verificador_03,Consumo,7600.0,1069.67,0.1,11,Sucursal,54
SOL00878,Verificación de documentos,2026-01-14 08:00:00,Verificador_01,Personal,6000.0,870.46,0.21,65,Sucursal,35
SOL00406,Aprobación,2026-01-14 08:00:00,Analista_04,Consumo,2800.0,4465.0,0.27,43,Sucursal,21
SOL00870,Análisis financiero,2026-01-14 08:00:00,Analista_04,Vehicular,12700.0,731.83,0.46,33,Web,63
SOL01132,Verificación de documentos,2026-01-14 08:00:00,Verificador_02,Hipotecario,240800.0,2540.93,0.51,111,Web,56
SOL00580,Reevaluación,2026-01-14 08:00:00,Analista_08,Personal,8100.0,989.97,0.41,27,Web,68
SOL00801,Verificación de documentos,2026-01-14 08:00:00,Verificador_01,Personal,3100.0,911.78,0.58,6,Web,21
SOL00543,Análisis financiero,2026-01-14 08:00:00,Analista_07,Vehicular,14700.0,1789.36,0.22,1,Sucursal,61
SOL00544,Análisis financiero,2026-01-14 08:00:00,Analista_07,Consumo,2800.0,1042.28,0.5,8,Sucursal,32
SOL00416,Desembolso,2026-01-14 08:09:00,Tesoreria,Consumo,7000.0,1283.32,0.1,39,Web,70
SOL00962,Formalización,2026-01-14 08:17:00,Ejecutivo_03,Vehicular,27700.0,2150.13,0.28,151,Agente,29
SOL00415,Formalización,2026-01-14 08:17:00,Ejecutivo_06,Consumo,3200.0,670.97,0.55,33,Web,34
SOL00257,Verificación de documentos,2026-01-14 08:18:00,Verificador_02,Consumo,2700.0,3216.47,0.09,184,Web,23
SOL00818,Verificación de documentos,2026-01-14 08:19:02,Verificador_01,Personal,10900.0,2951.46,0.39,84,Web,21
SOL00972,Verificación de documentos,2026-01-14 08:23:00,Verificador_02,Personal,13100.0,1367.9,0.17,116,Sucursal,37
SOL01026,Formalización,2026-01-14 08:26:00,Ejecutivo_05,Personal,16900.0,1732.48,0.5,100,Web,46
SOL00818,Solicitud de información adicional,2026-01-14 08:49:03,Verificador_04,Personal,10900.0,2951.46,0.39,84,Web,21
SOL00014,Desembolso,2026-01-14 09:42:15,Tesoreria,Consumo,3900.0,1087.15,0.37,59,Web,59
SOL00781,Formalización,2026-01-14 09:58:26,Ejecutivo_02,Personal,17000.0,1330.61,0.09,14,Sucursal,48
SOL00484,Reevaluación,2026-01-14 10:14:21,Analista_02,Consumo,1300.0,1313.02,0.5,115,Agente,32
SOL00062,Análisis financiero,2026-01-14 10:21:10,Analista_04,Hipotecario,200000.0,504.85,0.22,104,Sucursal,45
SOL00580,Aprobación,2026-01-14 11:14:03,Analista_08,Personal,8100.0,989.97,0.41,27,Web,68
SOL00544,Rechazo,2026-01-14 11:14:46,Analista_07,Consumo,2800.0,1042.28,0.5,8,Sucursal,32
SOL00068,Verificación de documentos,2026-01-14 12:26:08,Verificador_02,Personal,5300.0,1089.05,0.33,164,Web,40
SOL00579,Análisis financiero,2026-01-14 12:40:32,Analista_03,Personal,17100.0,2018.56,0.29,9,Sucursal,24
SOL00738,Verificación de documentos,2026-01-14 13:27:35,Verificador_02,Personal,12700.0,1602.93,0.69,42,Web,31
SOL00020,Verificación de documentos,2026-01-14 13:56:54,Verificador_02,Vehicular,12900.0,2869.63,0.39,127,Sucursal,32
SOL00543,Aprobación,2026-01-14 14:32:44,Analista_07,Vehicular,14700.0,1789.36,0.22,1,Sucursal,61
SOL00619,Solicitud recibida,2026-01-14 14:46:24,Sistema,Personal,3400.0,1879.56,0.45,89,Web,21
SOL00176,Solicitud recibida,2026-01-14 15:06:57,Sistema,Vehicular,38900.0,1752.99,0.15,37,Web,31
SOL00655,Análisis financiero,2026-01-14 15:08:50,Analista_01,Vehicular,17200.0,1959.24,0.17,142,Web,38
SOL00579,Aprobación,2026-01-14 15:39:44,Analista_03,Personal,17100.0,2018.56,0.29,9,Sucursal,24
SOL00209,Reevaluación,2026-01-14 15:41:27,Analista_05,Vehicular,20300.0,1977.3,0.41,97,Web,40
SOL01151,Formalización,2026-01-14 16:34:52,Ejecutivo_04,Consumo,7200.0,2347.42,0.53,42,Web,36
SOL00176,Verificación de documentos,2026-01-15 08:00:00,Verificador_02,Vehicular,38900.0,1752.99,0.15,37,Web,31
SOL00944,Formalización,2026-01-15 08:00:00,Ejecutivo_03,Personal,14100.0,1335.75,0.37,16,Sucursal,37
SOL00738,Análisis financiero,2026-01-15 08:00:00,Analista_05,Personal,12700.0,1602.93,0.69,42,Web,31
SOL00655,Aprobación,2026-01-15 08:00:00,Analista_01,Vehicular,17200.0,1959.24,0.17,142,Web,38
SOL01128,Formalización,2026-01-15 08:00:00,Ejecutivo_02,Personal,10000.0,457.07,0.3,26,Web,53
SOL00781,Desembolso,2026-01-15 08:00:00,Tesoreria,Personal,17000.0,1330.61,0.09,14,Sucursal,48
SOL00878,Análisis financiero,2026-01-15 08:00:00,Analista_08,Personal,6000.0,870.46,0.21,65,Sucursal,35
SOL00962,Desembolso,2026-01-15 08:00:00,Tesoreria,Vehicular,27700.0,2150.13,0.28,151,Agente,29
SOL00619,Verificación de documentos,2026-01-15 08:05:00,Verificador_02,Personal,3400.0,1879.56,0.45,89,Web,21
SOL00209,Reevaluación,2026-01-15 08:05:00,Analista_05,Vehicular,20300.0,1977.3,0.41,97,Web,40
SOL00484,Reevaluación,2026-01-15 08:05:00,Analista_02,Consumo,1300.0,1313.02,0.5,115,Agente,32
SOL01132,Análisis financiero,2026-01-15 08:05:00,Analista_08,Hipotecario,240800.0,2540.93,0.51,111,Web,56
SOL00870,Reevaluación,2026-01-15 08:08:00,Analista_04,Vehicular,12700.0,731.83,0.46,33,Web,63
SOL00257,Análisis financiero,2026-01-15 08:12:00,Analista_08,Consumo,2700.0,3216.47,0.09,184,Web,23
SOL01077,Desembolso,2026-01-15 08:18:00,Tesoreria,Personal,19700.0,1305.98,0.33,108,Sucursal,41
SOL01026,Desembolso,2026-01-15 08:19:00,Tesoreria,Personal,16900.0,1732.48,0.5,100,Web,46
SOL00801,Análisis financiero,2026-01-15 08:25:00,Analista_04,Personal,3100.0,911.78,0.58,6,Web,21
SOL00468,Solicitud recibida,2026-01-15 09:14:07,Sistema,Personal,12200.0,1721.04,0.44,42,Web,44
SOL00543,Formalización,2026-01-15 09:38:31,Ejecutivo_03,Vehicular,14700.0,1789.36,0.22,1,Sucursal,61
SOL00062,Comité de crédito,2026-01-15 10:00:01,Comite,Hipotecario,200000.0,504.85,0.22,104,Sucursal,45
SOL00241,Comité de crédito,2026-01-15 10:00:01,Comite,Hipotecario,58700.0,531.17,0.4,16,Sucursal,29
SOL00891,Comité de crédito,2026-01-15 10:00:01,Comite,Hipotecario,92300.0,1144.5,0.14,16,Web,64
SOL00202,Comité de crédito,2026-01-15 10:00:01,Comite,Vehicular,39900.0,2190.04,0.08,3,Sucursal,65
SOL01150,Comité de crédito,2026-01-15 10:00:01,Comite,Hipotecario,155200.0,914.77,0.41,26,Sucursal,59
SOL00738,Aprobación,2026-01-15 10:08:35,Analista_05,Personal,12700.0,1602.93,0.69,42,Web,31
SOL00210,Formalización,2026-01-15 10:13:43,Ejecutivo_03,Consumo,3900.0,1930.46,0.11,35,Sucursal,51
SOL01070,Solicitud recibida,2026-01-15 10:19:25,Sistema,Consumo,6600.0,1292.23,0.18,16,Web,40
SOL00801,Aprobación,2026-01-15 11:24:42,Analista_04,Personal,3100.0,911.78,0.58,6,Web,21
SOL00257,Aprobación,2026-01-15 11:28:27,Analista_08,Consumo,2700.0,3216.47,0.09,184,Web,23
SOL00062,Rechazo,2026-01-15 11:36:50,Analista_04,Hipotecario,200000.0,504.85,0.22,104,Sucursal,45
SOL01197,Solicitud recibida,2026-01-15 11:38:51,Ejecutivo_04,Consumo,1500.0,3226.05,0.53,7,Sucursal,68
SOL00484,Rechazo,2026-01-15 11:40:20,Analista_02,Consumo,1300.0,1313.02,0.5,115,Agente,32
SOL00209,Rechazo,2026-01-15 12:01:28,Analista_05,Vehicular,20300.0,1977.3,0.41,97,Web,40
SOL00878,Aprobación,2026-01-15 12:34:36,Analista_08,Personal,6000.0,870.46,0.21,65,Sucursal,35
SOL00891,Aprobación,2026-01-15 12:36:13,Comite,Hipotecario,92300.0,1144.5,0.14,16,Web,64
SOL00605,Solicitud recibida,2026-01-15 12:54:44,Ejecutivo_02,Consumo,7100.0,2226.52,0.21,55,Agente,61
SOL00415,Desembolso,2026-01-15 13:11:25,Tesoreria,Consumo,3200.0,670.97,0.55,33,Web,34
SOL00241,Rechazo,2026-01-15 13:14:55,Analista_03,Hipotecario,58700.0,531.17,0.4,16,Sucursal,29
SOL01157,Solicitud recibida,2026-01-15 13:27:12,Sistema,Personal,3900.0,1221.74,0.34,15,Web,31
SOL00202,Aprobación,2026-01-15 13:41:26,Comite,Vehicular,39900.0,2190.04,0.08,3,Sucursal,65
SOL00126,Formalización,2026-01-15 13:51:36,Ejecutivo_05,Consumo,3000.0,689.26,0.1,3,Agente,56
SOL00880,Formalización,2026-01-15 14:18:28,Ejecutivo_03,Consumo,7700.0,1523.18,0.3,105,Agente,41
SOL00870,Reevaluación,2026-01-15 15:31:56,Analista_04,Vehicular,12700.0,731.83,0.46,33,Web,63
SOL01157,Verificación de documentos,2026-01-15 16:05:34,Verificador_01,Personal,3900.0,1221.74,0.34,15,Web,31
SOL00254,Solicitud recibida,2026-01-15 16:43:02,Sistema,Vehicular,30100.0,1086.67,0.12,48,Web,35
SOL00488,Solicitud recibida,2026-01-15 21:07:04,Ejecutivo_03,Personal,14100.0,1501.38,0.41,392,Agente,36
SOL00437,Análisis financiero,2026-01-16 08:00:00,Analista_03,Consumo,7600.0,1069.67,0.1,11,Sucursal,54
SOL01070,Verificación de documentos,2026-01-16 08:00:00,Verificador_01,Consumo,6600.0,1292.23,0.18,16,Web,40
SOL00176,Análisis financiero,2026-01-16 08:00:00,Analista_01,Vehicular,38900.0,1752.99,0.15,37,Web,31
SOL00944,Desembolso,2026-01-16 08:00:00,Tesoreria,Personal,14100.0,1335.75,0.37,16,Sucursal,37
SOL00605,Verificación de documentos,2026-01-16 08:00:00,Verificador_02,Consumo,7100.0,2226.52,0.21,55,Agente,61
SOL01151,Desembolso,2026-01-16 08:00:00,Tesoreria,Consumo,7200.0,2347.42,0.53,42,Web,36
SOL01157,Aprobación,2026-01-16 08:00:00,Gerente_Sucursal_02,Personal,3900.0,1221.74,0.34,15,Web,31
SOL00020,Análisis financiero,2026-01-16 08:00:00,Analista_07,Vehicular,12900.0,2869.63,0.39,127,Sucursal,32
SOL00820,Análisis financiero,2026-01-16 08:00:00,Analista_07,Personal,5700.0,523.05,0.41,39,Sucursal,54
SOL01197,Verificación de documentos,2026-01-16 08:00:00,Verificador_02,Consumo,1500.0,3226.05,0.53,7,Sucursal,68
SOL00468,Verificación de documentos,2026-01-16 08:00:00,Verificador_02,Personal,12200.0,1721.04,0.44,42,Web,44
SOL00870,Aprobación,2026-01-16 08:00:00,Analista_04,Vehicular,12700.0,731.83,0.46,33,Web,63
SOL00972,Análisis financiero,2026-01-16 08:01:00,Analista_02,Personal,13100.0,1367.9,0.17,116,Sucursal,37
SOL00327,Formalización,2026-01-16 08:22:00,Ejecutivo_02,Consumo,2100.0,1283.4,0.5,158,Agente,67
SOL00579,Formalización,,Ejecutivo_06,Personal,17100.0,2018.56,0.29,9,Sucursal,24
SOL00210,Desembolso,2026-01-16 08:23:00,Tesoreria,Consumo,3900.0,1930.46,0.11,35,Sucursal,51
SOL01150,Reevaluación,2026-01-16 08:26:00,Analista_04,Hipotecario,155200.0,914.77,0.41,26,Sucursal,59
SOL00254,Verificación de documentos,2026-01-16 08:26:00,Verificador_01,Vehicular,30100.0,1086.67,0.12,48,Web,35
SOL00001,Solicitud recibida,2026-01-16 08:27:56,Ejecutivo_03,Consumo,2400.0,1591.28,0.48,3,Sucursal,56
SOL00488,Verificación de documentos,2026-01-16 08:28:00,Verificador_03,Personal,14100.0,1501.38,0.41,392,Agente,36
SOL01070,Solicitud de información adicional,2026-01-16 08:30:01,Verificador_01,Consumo,6600.0,1292.23,0.18,16,Web,40
SOL00468,Solicitud de información adicional,2026-01-16 08:30:01,Verificador_01,Personal,12200.0,1721.04,0.44,42,Web,44
SOL00619,Análisis financiero,2026-01-16 08:48:09,Analista_05,Personal,3400.0,1879.56,0.45,89,Web,21
SOL00880,Desembolso,2026-01-16 09:00:39,Tesoreria,Consumo,7700.0,1523.18,0.3,105,Agente,41
SOL00818,Recepción de información,2026-01-16 09:20:44,Sistema,Personal,10900.0,2951.46,0.39,84,Web,21
SOL00257,Formalización,2026-01-16 09:23:11,Ejecutivo_03,Consumo,2700.0,3216.47,0.09,184,Web,23
SOL00406,Formalización,2026-01-16 09:26:18,Ejecutivo_04,Consumo,2800.0,4465.0,0.27,43,Sucursal,21
SOL00972,Aprobación,2026-01-16 10:06:37,Analista_02,Personal,13100.0,1367.9,0.17,116,Sucursal,37
SOL00391,Recepcion de informacion,2026-01-16 10:08:30,Sistema,Vehicular,20400.0,840.09,0.44,34,Web,49
SOL00016,Solicitud recibida,2026-01-16 10:34:12,Sistema,Personal,6700.0,2573.14,0.52,79,Web,25
SOL00020,Aprobación,2026-01-16 11:24:19,Analista_07,Vehicular,12900.0,2869.63,0.39,127,Sucursal,32
SOL00820,Aprobación,2026-01-16 11:38:26,Analista_07,Personal,5700.0,523.05,0.41,39,Sucursal,54
SOL00437,Aprobación,2026-01-16 11:58:03,Analista_03,Consumo,7600.0,1069.67,0.1,11,Sucursal,54
SOL00126,Desembolso,2026-01-16 13:43:58,Tesoreria,Consumo,3000.0,689.26,0.1,3,Agente,56
SOL00619,Aprobación,2026-01-16 15:37:47,Analista_05,Personal,3400.0,1879.56,0.45,89,Web,21
SOL00221,Recepción de información,2026-01-16 16:38:44,Sistema,Personal,8500.0,4798.42,0.21,58,Web,65
SOL00246,Solicitud recibida,2026-01-16 20:01:46,Ejecutivo_01,Personal,10100.0,717.01,0.3,162,Agente,69
SOL00072,Solicitud recibida,2026-01-16 20:13:33,Sistema,Consumo,2300.0,1433.86,0.51,32,Web,33
SOL00468,Recepción de información,2026-01-17 02:34:47,Sistema,Personal,12200.0,1721.04,0.44,42,Web,44
SOL00771,Solicitud recibida,2026-01-17 08:55:06,Ejecutivo_05,Consumo,7700.0,818.09,0.25,63,Sucursal,49
SOL01024,Solicitud recibida,2026-01-17 09:18:34,Sistema,Vehicular,20700.0,1884.51,0.25,110,Web,21
SOL00022,Solicitud recibida,2026-01-17 10:53:12,Ejecutivo_03,Personal,6400.0,2067.76,0.14,20,Sucursal,61
SOL01181,Solicitud recibida,2026-01-17 11:17:32,Sistema,Consumo,4500.0,2030.16,0.4,124,Web,54
SOL01104,Solicitud recibida,2026-01-17 12:27:46,Ejecutivo_06,Vehicular,35600.0,1880.15,0.18,138,Sucursal,40
SOL00501,Solicitud recibida,2026-01-17 13:02:02,Ejecutivo_05,Personal,17300.0,2608.6,0.14,18,Sucursal,61
SOL00941,Solicitud recibida,2026-01-17 18:59:21,Ejecutivo_01,Personal,9300.0,2465.97,0.18,15,Sucursal,55
SOL00280,Solicitud recibida,2026-01-17 19:12:20,Sistema,Personal,17200.0,1945.13,0.69,187,Web,31
SOL00489,Solicitud recibida,2026-01-17 19:18:25,Ejecutivo_02,Consumo,4200.0,3298.22,0.48,80,Sucursal,56
SOL00201,Recepción de información,2026-01-18 00:38:30,Sistema,Vehicular,13600.0,4248.69,0.32,81,Sucursal,40
SOL00697,Solicitud recibida,2026-01-18 07:13:24,Ejecutivo_03,Personal,13000.0,1933.38,0.31,32,Sucursal,69
SOL00855,Solicitud recibida,2026-01-18 07:33:23,Sistema,Vehicular,24700.0,2058.32,0.34,14,Web,43
SOL01158,Solicitud recibida,2026-01-18 09:52:27,Ejecutivo_05,Vehicular,22600.0,1828.89,0.35,11,Sucursal,50
SOL00752,Solicitud recibida,2026-01-18 10:23:07,Sistema,Hipotecario,104600.0,6283.68,0.38,6,Web,48
SOL00873,Solicitud recibida,2026-01-18 11:30:00,Ejecutivo_01,Consumo,4800.0,855.9,0.49,143,Sucursal,22
SOL00003,Solicitud recibida,2026-01-18 15:35:08,Ejecutivo_04,Personal,3400.0,606.87,0.34,27,Agente,32
SOL00803,Solicitud recibida,2026-01-18 16:08:06,Ejecutivo_02,Personal,14600.0,1107.54,0.05,38,Sucursal,68
SOL00975,Solicitud recibida,2026-01-18 16:33:30,Sistema,Consumo,7500.0,622.47,0.38,1,Web,24
SOL00720,Solicitud recibida,2026-01-18 18:25:34,Ejecutivo_02,Personal,14800.0,1022.29,0.29,81,Sucursal,65
SOL00585,Solicitud recibida,2026-01-18 19:38:40,Sistema,Personal,14600.0,1577.34,0.36,71,Web,40
SOL00175,Solicitud recibida,2026-01-18 20:25:42,Sistema,Consumo,3100.0,1768.99,0.1,105,Web,44
SOL00292,Solicitud recibida,2026-01-18 20:48:21,Ejecutivo_02,Hipotecario,65600.0,4227.94,0.43,31,Sucursal,45
SOL00628,Solicitud recibida,2026-01-18 21:06:37,Sistema,Personal,13100.0,1432.15,0.31,27,Web,35
SOL00856,Solicitud recibida,2026-01-18 21:40:18,Ejecutivo_01,Consumo,4200.0,1291.71,0.27,164,Sucursal,23
SOL00244,Solicitud recibida,2026-01-19 07:29:41,Sistema,Personal,3500.0,1668.61,0.17,4,Web,22
SOL00022,Verificación de documentos,2026-01-19 08:00:00,Verificador_04,Personal,6400.0,2067.76,0.14,20,Sucursal,61
SOL00738,Formalización,2026-01-19 08:00:00,Ejecutivo_03,Personal,12700.0,1602.93,0.69,42,Web,31
SOL00221,Verificación de documentos,2026-01-19 08:00:00,Verificador_04,Personal,8500.0,4798.42,0.21,58,Web,65
SOL00697,Verificación de documentos,2026-01-19 08:00:00,Verificador_03,Personal,13000.0,1933.38,0.31,32,Sucursal,69
SOL01024,Verificación de documentos,2026-01-19 08:00:00,Verificador_01,Vehicular,20700.0,1884.51,0.25,110,Web,21
SOL00201,Verificación de documentos,2026-01-19 08:00:00,Verificador_02,Vehicular,13600.0,4248.69,0.32,81,Sucursal,40
SOL00820,Formalización,2026-01-19 08:00:00,Ejecutivo_06,Personal,5700.0,523.05,0.41,39,Sucursal,54
SOL00280,Verificación de documentos,2026-01-19 08:00:00,Verificador_02,Personal,17200.0,1945.13,0.69,187,Web,31
SOL00489,Verificación de documentos,2026-01-19 08:00:00,Verificador_04,Consumo,4200.0,3298.22,0.48,80,Sucursal,56
SOL00818,Verificación de documentos,2026-01-19 08:00:00,Verificador_02,Personal,10900.0,2951.46,0.39,84,Web,21
SOL00003,Verificación de documentos,2026-01-19 08:00:00,Verificador_03,Personal,3400.0,606.87,0.34,27,Agente,32
SOL00941,Verificación de documentos,2026-01-19 08:00:00,Verificador_01,Personal,9300.0,2465.97,0.18,15,Sucursal,55
SOL00068,Análisis financiero,2026-01-19 08:00:00,Analista_04,Personal,5300.0,1089.05,0.33,164,Web,40
SOL00605,Análisis financiero,2026-01-19 08:00:00,Analista_06,Consumo,7100.0,2226.52,0.21,55,Agente,61
SOL01158,Verificación de documentos,2026-01-19 08:00:00,Verificador_04,Vehicular,22600.0,1828.89,0.35,11,Sucursal,50
SOL01197,Análisis financiero,2026-01-19 08:00:00,Analista_01,Consumo,1500.0,3226.05,0.53,7,Sucursal,68
SOL00801,Formalización,2026-01-19 08:00:00,Ejecutivo_04,Personal,3100.0,911.78,0.58,6,Web,21
SOL00579,Desembolso,2026-01-19 08:00:00,Tesoreria,Personal,17100.0,2018.56,0.29,9,Sucursal,24
SOL00246,Verificación de documentos,2026-01-19 08:00:00,Verificador_02,Personal,10100.0,717.01,0.3,162,Agente,69
SOL00016,Verificación de documentos,2026-01-19 08:00:00,Verificador_04,Personal,6700.0,2573.14,0.52,79,Web,25
SOL00873,Verificación de documentos,2026-01-19 08:00:00,Verificador_04,Consumo,4800.0,855.9,0.49,143,Sucursal,22
SOL00468,Verificación de documentos,2026-01-19 08:00:00,Verificador_03,Personal,12200.0,1721.04,0.44,42,Web,44
SOL00543,Desembolso,2026-01-19 08:00:00,Tesoreria,Vehicular,14700.0,1789.36,0.22,1,Sucursal,61
SOL00406,Desembolso,2026-01-19 08:00:00,Tesoreria,Consumo,2800.0,4465.0,0.27,43,Sucursal,21
SOL01104,Verificación de documentos,2026-01-19 08:00:00,Verificador_02,Vehicular,35600.0,1880.15,0.18,138,Sucursal,40
SOL01181,Verificación de documentos,2026-01-19 08:00:00,Verificador_03,Consumo,4500.0,2030.16,0.4,124,Web,54
SOL00628,Verificación de documentos,2026-01-19 08:00:00,Verificador_01,Personal,13100.0,1432.15,0.31,27,Web,35
SOL01150,Reevaluación,2026-01-19 08:00:00,Analista_04,Hipotecario,155200.0,914.77,0.41,26,Sucursal,59
SOL00254,Análisis financiero,2026-01-19 08:00:00,Analista_07,Vehicular,30100.0,1086.67,0.12,48,Web,35
SOL00855,Verificación de documentos,2026-01-19 08:00:00,Verificador_01,Vehicular,24700.0,2058.32,0.34,14,Web,43
SOL00488,Análisis financiero,2026-01-19 08:00:00,Analista_08,Personal,14100.0,1501.38,0.41,392,Agente,36
SOL00580,Formalización,2026-01-19 08:00:00,Ejecutivo_06,Personal,8100.0,989.97,0.41,27,Web,68
SOL00886,Reevaluación,2026-01-19 08:00:00,Analista_05,Personal,17700.0,2067.54,0.44,52,Web,23
SOL00202,Formalización,2026-01-19 08:00:00,Ejecutivo_05,Vehicular,39900.0,2190.04,0.08,3,Sucursal,65
SOL01128,Desembolso,2026-01-19 08:00:00,Tesoreria,Personal,10000.0,457.07,0.3,26,Web,53
SOL00001,Verificación de documentos,2026-01-19 08:00:00,Verificador_01,Consumo,2400.0,1591.28,0.48,3,Sucursal,56
SOL00257,Desembolso,2026-01-19 08:00:00,Tesoreria,Consumo,2700.0,3216.47,0.09,184,Web,23
SOL00752,Verificación de documentos,2026-01-19 08:00:00,Verificador_04,Hipotecario,104600.0,6283.68,0.38,6,Web,48
SOL00771,Verificación de documentos,2026-01-19 08:00:00,Verificador_04,Consumo,7700.0,818.09,0.25,63,Sucursal,49
SOL00020,Formalización,2026-01-19 08:00:00,Ejecutivo_03,Vehicular,12900.0,2869.63,0.39,127,Sucursal,32
SOL00327,Desembolso,2026-01-19 08:00:00,Tesoreria,Consumo,2100.0,1283.4,0.5,158,Agente,67
SOL00391,Verificación de documentos,2026-01-19 08:00:00,Verificador_02,Vehicular,20400.0,840.09,0.44,34,Web,49
SOL00619,Formalización,2026-01-19 08:00:00,Ejecutivo_01,Personal,3400.0,1879.56,0.45,89,Web,21
SOL00072,Verificación de documentos,2026-01-19 08:00:00,Verificador_02,Consumo,2300.0,1433.86,0.51,32,Web,33
SOL00501,Verificación de documentos,2026-01-19 08:00:00,Verificador_03,Personal,17300.0,2608.6,0.14,18,Sucursal,61
SOL01157,Formalización,2026-01-19 08:04:00,Ejecutivo_04,Personal,3900.0,1221.74,0.34,15,Web,31
SOL00720,Verificación de documentos,2026-01-19 08:05:00,Verificador_01,Personal,14800.0,1022.29,0.29,81,Sucursal,65
SOL00856,Verificación de documentos,2026-01-19 08:06:00,Verificador_03,Consumo,4200.0,1291.71,0.27,164,Sucursal,23
SOL00175,Verificación de documentos,2026-01-19 08:12:00,Verificador_02,Consumo,3100.0,1768.99,0.1,105,Web,44
SOL00585,Verificación de documentos,2026-01-19 08:14:00,Verificador_01,Personal,14600.0,1577.34,0.36,71,Web,40
SOL00655,Formalización,2026-01-19 08:18:00,Ejecutivo_06,Vehicular,17200.0,1959.24,0.17,142,Web,38
SOL00975,Verificación de documentos,2026-01-19 08:25:00,Verificador_03,Consumo,7500.0,622.47,0.38,1,Web,24
SOL00803,Verificación de documentos,2026-01-19 08:27:00,Verificador_04,Personal,14600.0,1107.54,0.05,38,Sucursal,68
SOL00016,Solicitud de información adicional,2026-01-19 08:30:01,Verificador_03,Personal,6700.0,2573.14,0.52,79,Web,25
SOL00628,Solicitud de información adicional,2026-01-19 08:30:01,Verificador_04,Personal,13100.0,1432.15,0.31,27,Web,35
SOL00855,Solicitud de información adicional,2026-01-19 08:30:01,Verificador_04,Vehicular,24700.0,2058.32,0.34,14,Web,43
SOL00072,Solicitud de información adicional,2026-01-19 08:30:01,Verificador_04,Consumo,2300.0,1433.86,0.51,32,Web,33
SOL00585,Solicitud de información adicional,2026-01-19 08:44:01,Verificador_02,Personal,14600.0,1577.34,0.36,71,Web,40
SOL01021,Solicitud recibida,2026-01-19 10:45:00,Ejecutivo_05,Personal,3900.0,963.45,0.2,75,Sucursal,57
SOL00886,Rechazo,2026-01-19 11:55:50,Analista_05,Personal,17700.0,2067.54,0.44,52,Web,23
SOL00489,Análisis financiero,2026-01-19 11:59:22,Analista_02,Consumo,4200.0,3298.22,0.48,80,Sucursal,56
SOL00488,Aprobación,2026-01-19 13:31:16,Analista_08,Personal,14100.0,1501.38,0.41,392,Agente,36
SOL00068,Aprobación,2026-01-19 13:58:14,Analista_04,Personal,5300.0,1089.05,0.33,164,Web,40
SOL00975,Análisis financiero,2026-01-19 14:15:17,Analista_05,Consumo,7500.0,622.47,0.38,1,Web,24
SOL01024,Análisis financiero,2026-01-19 14:34:38,Analista_02,Vehicular,20700.0,1884.51,0.25,110,Web,21
SOL00720,Análisis financiero,2026-01-19 14:40:30,Analista_02,Personal,14800.0,1022.29,0.29,81,Sucursal,65
SOL00292,Verificación de documentos,2026-01-19 15:32:55,Verificador_03,Hipotecario,65600.0,4227.94,0.43,31,Sucursal,45
SOL00489,Aprobación,2026-01-19 16:30:36,Analista_02,Consumo,4200.0,3298.22,0.48,80,Sucursal,56
SOL01070,Recepción de información,2026-01-19 17:42:30,Sistema,Consumo,6600.0,1292.23,0.18,16,Web,40
SOL00937,Solicitud recibida,2026-01-19 18:11:28,Sistema,Consumo,6100.0,986.53,0.45,58,Web,30
SOL00164,Solicitud recibida,2026-01-20 07:17:28,Sistema,Personal,5900.0,656.65,0.29,17,Web,55
SOL00391,Análisis financiero,2026-01-20 08:00:00,Analista_04,Vehicular,20400.0,840.09,0.44,34,Web,49
SOL00391,Análisis financiero,2026-01-20 08:00:00,Analista_04,Vehicular,20400.0,840.09,0.44,34,Web,49
SOL01157,Desembolso,2026-01-20 08:00:00,Tesoreria,Personal,3900.0,1221.74,0.34,15,Web,31
SOL00292,Análisis financiero,2026-01-20 08:00:00,Analista_02,Hipotecario,65600.0,4227.94,0.43,31,Sucursal,45
SOL01150,Rechazo,2026-01-20 08:00:00,Analista_04,Hipotecario,155200.0,914.77,0.41,26,Sucursal,59
SOL00605,Aprobación,2026-01-20 08:00:00,Analista_06,Consumo,7100.0,2226.52,0.21,55,Agente,61
SOL00873,Análisis financiero,2026-01-20 08:00:00,Analista_03,Consumo,4800.0,855.9,0.49,143,Sucursal,22
SOL00244,Verificación de documentos,2026-01-20 08:00:00,Verificador_02,Personal,3500.0,1668.61,0.17,4,Web,22
SOL01104,Análisis financiero,2026-01-20 08:00:00,Analista_08,Vehicular,35600.0,1880.15,0.18,138,Sucursal,40
SOL00697,Análisis financiero,2026-01-20 08:00:00,Analista_03,Personal,13000.0,1933.38,0.31,32,Sucursal,69
SOL00803,Análisis financiero,2026-01-20 08:00:00,Analista_03,Personal,14600.0,1107.54,0.05,38,Sucursal,68
SOL00468,Análisis financiero,2026-01-20 08:00:00,Analista_04,Personal,12200.0,1721.04,0.44,42,Web,44
SOL00870,Formalización,2026-01-20 08:00:00,Ejecutivo_06,Vehicular,12700.0,731.83,0.46,33,Web,63
SOL01158,Análisis financiero,2026-01-20 08:00:00,Analista_06,Vehicular,22600.0,1828.89,0.35,11,Sucursal,50
SOL01021,Verificación de documentos,2026-01-20 08:00:00,Verificador_04,Personal,3900.0,963.45,0.2,75,Sucursal,57
SOL00975,Rechazo,2026-01-20 08:00:00,Analista_05,Consumo,7500.0,622.47,0.38,1,Web,24
SOL00720,Rechazo,2026-01-20 08:00:00,Analista_02,Personal,14800.0,1022.29,0.29,81,Sucursal,65
SOL00175,Análisis financiero,2026-01-20 08:00:00,Analista_03,Consumo,3100.0,1768.99,0.1,105,Web,44
SOL00001,Análisis financiero,2026-01-20 08:00:00,Analista_02,Consumo,2400.0,1591.28,0.48,3,Sucursal,56
SOL01024,Aprobación,2026-01-20 08:00:00,Analista_02,Vehicular,20700.0,1884.51,0.25,110,Web,21
SOL00752,Análisis financiero,2026-01-20 08:00:00,Analista_03,Hipotecario,104600.0,6283.68,0.38,6,Web,48
SOL00280,Análisis financiero,2026-01-20 08:00:00,Analista_01,Personal,17200.0,1945.13,0.69,187,Web,31
SOL00201,Análisis financiero,2026-01-20 08:00:00,Analista_03,Vehicular,13600.0,4248.69,0.32,81,Sucursal,40
SOL00941,Análisis financiero,2026-01-20 08:00:00,Analista_04,Personal,9300.0,2465.97,0.18,15,Sucursal,55
SOL00003,Análisis financiero,2026-01-20 08:04:00,Analista_03,Personal,3400.0,606.87,0.34,27,Agente,32
SOL00818,Análisis financiero,2026-01-20 08:04:00,Analista_08,Personal,10900.0,2951.46,0.39,84,Web,21
SOL00771,Análisis financiero,2026-01-20 08:05:00,Analista_03,Consumo,7700.0,818.09,0.25,63,Sucursal,49
SOL01070,Verificación de documentos,2026-01-20 08:10:00,Verificador_01,Consumo,6600.0,1292.23,0.18,16,Web,40
SOL00937,Verificación de documentos,2026-01-20 08:10:00,Verificador_01,Consumo,6100.0,986.53,0.45,58,Web,30
SOL01181,Análisis financiero,2026-01-20 08:12:00,Analista_02,Consumo,4500.0,2030.16,0.4,124,Web,54
SOL00501,Análisis financiero,2026-01-20 08:17:00,Analista_08,Personal,17300.0,2608.6,0.14,18,Sucursal,61
SOL00580,Desembolso,2026-01-20 08:17:00,Tesoreria,Personal,8100.0,989.97,0.41,27,Web,68
SOL00246,Análisis financiero,2026-01-20 08:19:00,Analista_03,Personal,10100.0,717.01,0.3,162,Agente,69
SOL00619,Desembolso,2026-01-20 08:19:00,Tesoreria,Personal,3400.0,1879.56,0.45,89,Web,21
SOL00856,Análisis financiero,2026-01-20 08:20:00,Analista_01,Consumo,4200.0,1291.71,0.27,164,Sucursal,23
SOL00221,Análisis financiero,2026-01-20 08:24:00,Analista_04,Personal,8500.0,4798.42,0.21,58,Web,65
SOL00820,Desembolso,2026-01-20 08:25:00,Tesoreria,Personal,5700.0,523.05,0.41,39,Sucursal,54
SOL00818,Rechazo,2026-01-20 10:07:51,Analista_08,Personal,10900.0,2951.46,0.39,84,Web,21
SOL00801,Desembolso,2026-01-20 10:11:16,Tesoreria,Personal,3100.0,911.78,0.58,6,Web,21
SOL00771,Aprobación,2026-01-20 10:11:22,Analista_03,Consumo,7700.0,818.09,0.25,63,Sucursal,49
SOL00246,Aprobación,2026-01-20 11:05:34,Analista_03,Personal,10100.0,717.01,0.3,162,Agente,69
SOL01181,Aprobación,2026-01-20 11:32:02,Analista_02,Consumo,4500.0,2030.16,0.4,124,Web,54
SOL01158,Rechazo,2026-01-20 11:35:56,Analista_06,Vehicular,22600.0,1828.89,0.35,11,Sucursal,50
SOL00201,Aprobación,2026-01-20 11:39:44,Analista_03,Vehicular,13600.0,4248.69,0.32,81,Sucursal,40
SOL00003,Aprobación,2026-01-20 11:41:10,Analista_03,Personal,3400.0,606.87,0.34,27,Agente,32
SOL00221,Aprobación,2026-01-20 11:41:18,Analista_04,Personal,8500.0,4798.42,0.21,58,Web,65
SOL00020,Desembolso,2026-01-20 12:09:02,Tesoreria,Vehicular,12900.0,2869.63,0.39,127,Sucursal,32
SOL00941,Aprobación,2026-01-20 12:21:23,Analista_04,Personal,9300.0,2465.97,0.18,15,Sucursal,55
SOL00585,Recepción de información,2026-01-20 12:22:53,Sistema,Personal,14600.0,1577.34,0.36,71,Web,40
SOL00697,Aprobación,2026-01-20 12:39:47,Analista_03,Personal,13000.0,1933.38,0.31,32,Sucursal,69
SOL00175,Aprobación,2026-01-20 12:47:34,Analista_03,Consumo,3100.0,1768.99,0.1,105,Web,44
SOL00856,Aprobación,2026-01-20 13:23:03,Analista_01,Consumo,4200.0,1291.71,0.27,164,Sucursal,23
SOL00817,Solicitud recibida,2026-01-20 13:48:57,Sistema,Hipotecario,129200.0,1767.13,0.52,5,Web,49
SOL00501,Aprobación,2026-01-20 14:02:57,Analista_08,Personal,17300.0,2608.6,0.14,18,Sucursal,61
SOL00655,Desembolso,2026-01-20 14:04:06,Tesoreria,Vehicular,17200.0,1959.24,0.17,142,Web,38
SOL00699,Solicitud recibida,2026-01-20 14:08:59,Ejecutivo_05,Personal,19800.0,1383.36,0.11,242,Sucursal,46
SOL00583,Solicitud recibida,2026-01-20 14:20:41,Sistema,Personal,6700.0,1890.8,0.1,106,Web,27
SOL00164,Verificación de documentos,2026-01-20 15:05:28,Verificador_03,Personal,5900.0,656.65,0.29,17,Web,55
SOL00001,Aprobación,2026-01-20 15:22:31,Analista_02,Consumo,2400.0,1591.28,0.48,3,Sucursal,56
SOL00068,Formalización,2026-01-20 15:26:51,Ejecutivo_02,Personal,5300.0,1089.05,0.33,164,Web,40
SOL00738,Desembolso,2026-01-20 15:30:23,Tesoreria,Personal,12700.0,1602.93,0.69,42,Web,31
SOL00164,Solicitud de información adicional,2026-01-20 15:35:29,Verificador_01,Personal,5900.0,656.65,0.29,17,Web,55
SOL00064,Solicitud recibida,2026-01-20 15:50:38,Ejecutivo_03,Personal,7800.0,1609.84,0.51,214,Sucursal,29
SOL00803,Aprobación,2026-01-20 16:22:31,Analista_03,Personal,14600.0,1107.54,0.05,38,Sucursal,68
SOL00113,Solicitud recibida,2026-01-20 16:27:20,Sistema,Consumo,4800.0,2299.28,0.42,126,Web,22
SOL00873,Rechazo,2026-01-20 16:48:50,Analista_03,Consumo,4800.0,855.9,0.49,143,Sucursal,22
SOL00202,Desembolso,2026-01-20 16:58:10,Tesoreria,Vehicular,39900.0,2190.04,0.08,3,Sucursal,65
SOL01106,Solicitud recibida,2026-01-20 17:33:46,Ejecutivo_05,Consumo,5400.0,1228.19,0.19,3,Agente,45
SOL00423,Solicitud recibida,2026-01-20 19:11:41,Ejecutivo_03,Personal,5300.0,1089.82,0.48,190,Sucursal,24
SOL00755,Solicitud recibida,2026-01-20 21:51:04,Sistema,Personal,14800.0,1333.19,0.07,23,Web,49
SOL00825,Recepción de información,2026-01-21 01:48:36,Sistema,Vehicular,35000.0,2294.18,0.26,20,Web,38
SOL00391,Aprobación,2026-01-21 08:00:00,Analista_04,Vehicular,20400.0,840.09,0.44,34,Web,49
SOL00937,Análisis financiero,2026-01-21 08:00:00,Analista_05,Consumo,6100.0,986.53,0.45,58,Web,30
SOL01070,Análisis financiero,2026-01-21 08:00:00,Analista_03,Consumo,6600.0,1292.23,0.18,16,Web,40
SOL00064,Verificación de documentos,2026-01-21 08:00:00,Verificador_03,Personal,7800.0,1609.84,0.51,214,Sucursal,29
SOL00817,Verificación de documentos,2026-01-21 08:00:00,Verificador_01,Hipotecario,129200.0,1767.13,0.52,5,Web,49
SOL00585,Verificación de documentos,2026-01-21 08:00:00,Verificador_01,Personal,14600.0,1577.34,0.36,71,Web,40
SOL01106,Verificación de documentos,2026-01-21 08:00:00,Verificador_01,Consumo,5400.0,1228.19,0.19,3,Agente,45
SOL00699,Verificación de documentos,2026-01-21 08:00:00,Verificador_03,Personal,19800.0,1383.36,0.11,242,Sucursal,46
SOL00437,Formalización,2026-01-21 08:00:00,Ejecutivo_06,Consumo,7600.0,1069.67,0.1,11,Sucursal,54
SOL00423,Verificación de documentos,2026-01-21 08:00:00,Verificador_03,Personal,5300.0,1089.82,0.48,190,Sucursal,24
SOL01197,Reevaluación,2026-01-21 08:02:00,Analista_01,Consumo,1500.0,3226.05,0.53,7,Sucursal,68
SOL00878,Formalización,2026-01-21 08:10:00,Ejecutivo_06,Personal,6000.0,870.46,0.21,65,Sucursal,35
SOL00583,Verificación de documentos,2026-01-21 08:19:00,Verificador_03,Personal,6700.0,1890.8,0.1,106,Web,27
SOL00022,Análisis financiero,2026-01-21 08:22:00,Analista_07,Personal,6400.0,2067.76,0.14,20,Sucursal,61
SOL00113,Verificación de documentos,2026-01-21 08:23:00,Verificador_04,Consumo,4800.0,2299.28,0.42,126,Web,22
SOL00280,Reevaluación,2026-01-21 08:27:00,Analista_01,Personal,17200.0,1945.13,0.69,187,Web,31
SOL00817,Solicitud de información adicional,2026-01-21 08:30:01,Verificador_04,Hipotecario,129200.0,1767.13,0.52,5,Web,49
SOL00585,Solicitud de información adicional,2026-01-21 08:30:01,Verificador_01,Personal,14600.0,1577.34,0.36,71,Web,40
SOL00699,Solicitud de información adicional,2026-01-21 08:30:01,Verificador_03,Personal,19800.0,1383.36,0.11,242,Sucursal,46
SOL00825,Verificación de documentos,2026-01-21 08:36:25,Verificador_03,Vehicular,35000.0,2294.18,0.26,20,Web,38
SOL00583,Solicitud de información adicional,2026-01-21 08:49:01,Verificador_02,Personal,6700.0,1890.8,0.1,106,Web,27
SOL00113,Solicitud de información adicional,2026-01-21 08:53:01,Verificador_04,Consumo,4800.0,2299.28,0.42,126,Web,22
SOL00755,Verificación de documentos,2026-01-21 09:09:21,Verificador_04,Personal,14800.0,1333.19,0.07,23,Web,49
SOL00870,Desembolso,2026-01-21 09:38:14,Tesoreria,Vehicular,12700.0,731.83,0.46,33,Web,63
SOL00022,Aprobación,2026-01-21 10:07:03,Analista_07,Personal,6400.0,2067.76,0.14,20,Sucursal,61
SOL00030,Solicitud recibida,2026-01-21 10:34:42,Ejecutivo_04,Hipotecario,96900.0,2144.05,0.56,33,Agente,44
SOL01070,Aprobación,2026-01-21 11:19:40,Analista_03,Consumo,6600.0,1292.23,0.18,16,Web,40
SOL01197,Aprobación,2026-01-21 12:56:38,Analista_01,Consumo,1500.0,3226.05,0.53,7,Sucursal,68
SOL01021,Análisis financiero,2026-01-21 13:34:02,Analista_04,Personal,3900.0,963.45,0.2,75,Sucursal,57
SOL00068,Desembolso,2026-01-21 13:39:10,Tesoreria,Personal,5300.0,1089.05,0.33,164,Web,40
SOL00520,Solicitud recibida,2026-01-21 14:29:08,Ejecutivo_04,Hipotecario,93000.0,1190.32,0.23,8,Agente,27
SOL01181,Formalización,2026-01-21 15:54:10,Ejecutivo_05,Consumo,4500.0,2030.16,0.4,124,Web,54
SOL01051,Solicitud recibida,2026-01-21 17:52:21,Sistema,Consumo,1600.0,483.62,0.21,19,Web,33
SOL00485,Solicitud recibida,2026-01-21 17:55:49,Sistema,Consumo,7600.0,1277.39,0.26,199,Web,32
SOL00016,Recepción de información,2026-01-21 21:02:12,Sistema,Personal,6700.0,2573.14,0.52,79,Web,25
SOL01021,Aprobación,2026-01-22 08:00:00,Analista_04,Personal,3900.0,963.45,0.2,75,Sucursal,57
SOL00064,Análisis financiero,2026-01-22 08:00:00,Analista_04,Personal,7800.0,1609.84,0.51,214,Sucursal,29
SOL00423,Análisis financiero,2026-01-22 08:00:00,Analista_04,Personal,5300.0,1089.82,0.48,190,Sucursal,24
SOL00771,Formalización,2026-01-22 08:00:00,Ejecutivo_03,Consumo,7700.0,818.09,0.25,63,Sucursal,49
SOL00891,Formalización,2026-01-22 08:00:00,Ejecutivo_04,Hipotecario,92300.0,1144.5,0.14,16,Web,64
SOL00856,Formalización,2026-01-22 08:00:00,Ejecutivo_01,Consumo,4200.0,1291.71,0.27,164,Sucursal,23
SOL00937,Reevaluación,2026-01-22 08:00:00,Analista_05,Consumo,6100.0,986.53,0.45,58,Web,30
SOL01024,Formalización,2026-01-22 08:00:00,Ejecutivo_04,Vehicular,20700.0,1884.51,0.25,110,Web,21
SOL00003,Formalización,2026-01-22 08:00:00,Ejecutivo_04,Personal,3400.0,606.87,0.34,27,Agente,32
SOL00201,Formalización,2026-01-22 08:00:00,Ejecutivo_03,Vehicular,13600.0,4248.69,0.32,81,Sucursal,40
SOL01106,Análisis financiero,2026-01-22 08:00:00,Analista_07,Consumo,5400.0,1228.19,0.19,3,Agente,45
SOL00221,Formalización,2026-01-22 08:01:00,Ejecutivo_06,Personal,8500.0,4798.42,0.21,58,Web,65
SOL01197,Formalización,2026-01-22 08:01:00,Ejecutivo_01,Consumo,1500.0,3226.05,0.53,7,Sucursal,68
SOL00697,Formalización,2026-01-22 08:03:00,Ejecutivo_06,Personal,13000.0,1933.38,0.31,32,Sucursal,69
SOL00825,Análisis financiero,2026-01-22 08:04:00,Analista_01,Vehicular,35000.0,2294.18,0.26,20,Web,38
SOL00485,Verificación de documentos,2026-01-22 08:05:00,Verificador_02,Consumo,7600.0,1277.39,0.26,199,Web,32
SOL00016,Verificación de documentos,2026-01-22 08:07:00,Verificador_04,Personal,6700.0,2573.14,0.52,79,Web,25
SOL00030,Verificación de documentos,2026-01-22 08:11:00,Verificador_02,Hipotecario,96900.0,2144.05,0.56,33,Agente,44
SOL00437,Desembolso,2026-01-22 08:11:00,Tesoreria,Consumo,7600.0,1069.67,0.1,11,Sucursal,54
SOL00246,Formalización,2026-01-22 08:14:03,Ejecutivo_05,Personal,10100.0,717.01,0.3,162,Agente,69
SOL00755,Análisis financiero,2026-01-22 08:19:00,Analista_03,Personal,14800.0,1333.19,0.07,23,Web,49
SOL00244,Análisis financiero,2026-01-22 08:24:00,Analista_08,Personal,3500.0,1668.61,0.17,4,Web,22
SOL01051,Verificación de documentos,2026-01-22 08:40:52,Verificador_04,Consumo,1600.0,483.62,0.21,19,Web,33
SOL01051,Solicitud de información adicional,2026-01-22 09:10:53,Verificador_02,Consumo,1600.0,483.62,0.21,19,Web,33
SOL01106,Aprobación,2026-01-22 09:37:37,Analista_07,Consumo,5400.0,1228.19,0.19,3,Agente,45
SOL00292,Comité de crédito,2026-01-22 10:00:01,Comite,Hipotecario,65600.0,4227.94,0.43,31,Sucursal,45
SOL01104,Comité de crédito,2026-01-22 10:00:01,Comite,Vehicular,35600.0,1880.15,0.18,138,Sucursal,40
SOL00176,Comité de crédito,2026-01-22 10:00:01,Comite,Vehicular,38900.0,1752.99,0.15,37,Web,31
SOL00254,Comité de crédito,2026-01-22 10:00:01,Comite,Vehicular,30100.0,1086.67,0.12,48,Web,35
SOL00752,Comité de crédito,2026-01-22 10:00:01,Comite,Hipotecario,104600.0,6283.68,0.38,6,Web,48
SOL01132,Comité de crédito,2026-01-22 10:00:01,Comite,Hipotecario,240800.0,2540.93,0.51,111,Web,56
SOL00356,Solicitud recibida,2026-01-22 10:08:05,Ejecutivo_02,Personal,17300.0,1431.93,0.12,103,Agente,25
SOL00520,Verificación de documentos,2026-01-22 10:08:53,Verificador_02,Hipotecario,93000.0,1190.32,0.23,8,Agente,27
SOL01096,Solicitud recibida,2026-01-22 10:39:30,Ejecutivo_05,Personal,15700.0,2036.74,0.16,169,Agente,37
SOL00949,Solicitud recibida,2026-01-22 10:40:39,Ejecutivo_02,Hipotecario,158500.0,1913.98,0.02,245,Sucursal,32
SOL00937,Aprobación,2026-01-22 10:47:51,Analista_05,Consumo,6100.0,986.53,0.45,58,Web,30
SOL00646,Solicitud recibida,2026-01-22 11:00:26,Ejecutivo_01,Personal,15200.0,1335.16,0.21,132,Sucursal,54
SOL00064,Aprobación,2026-01-22 11:32:22,Analista_04,Personal,7800.0,1609.84,0.51,214,Sucursal,29
SOL00254,Aprobación,2026-01-22 13:12:35,Comite,Vehicular,30100.0,1086.67,0.12,48,Web,35
SOL00878,Desembolso,2026-01-22 13:27:26,Tesoreria,Personal,6000.0,870.46,0.21,65,Sucursal,35
SOL01132,Rechazo,2026-01-22 13:32:33,Analista_08,Hipotecario,240800.0,2540.93,0.51,111,Web,56
SOL00755,Aprobación,2026-01-22 13:42:29,Analista_03,Personal,14800.0,1333.19,0.07,23,Web,49
SOL00244,Aprobación,2026-01-22 14:00:35,Analista_08,Personal,3500.0,1668.61,0.17,4,Web,22
SOL01104,Aprobación,2026-01-22 14:22:26,Comite,Vehicular,35600.0,1880.15,0.18,138,Sucursal,40
SOL00855,Recepción de información,2026-01-22 14:36:36,Sistema,Vehicular,24700.0,2058.32,0.34,14,Web,43
SOL00391,Formalización,2026-01-22 14:40:19,Ejecutivo_02,Vehicular,20400.0,840.09,0.44,34,Web,49
SOL00949,Verificación de documentos,2026-01-22 14:59:59,Verificador_03,Hipotecario,158500.0,1913.98,0.02,245,Sucursal,32
SOL00423,Aprobación,2026-01-22 15:29:16,Analista_04,Personal,5300.0,1089.82,0.48,190,Sucursal,24
SOL00752,Rechazo,2026-01-22 15:29:38,Analista_03,Hipotecario,104600.0,6283.68,0.38,6,Web,48
SOL00489,Formalización,2026-01-22 15:31:53,Ejecutivo_03,Consumo,4200.0,3298.22,0.48,80,Sucursal,56
SOL00356,Verificación de documentos,2026-01-22 15:57:50,Verificador_03,Personal,17300.0,1431.93,0.12,103,Agente,25
SOL00307,Solicitud recibida,2026-01-22 16:13:10,Ejecutivo_06,Personal,8500.0,1007.27,0.29,22,Sucursal,21
SOL00280,Reevaluación,2026-01-22 16:30:15,Analista_01,Personal,17200.0,1945.13,0.69,187,Web,31
SOL00628,Recepción de información,2026-01-22 17:13:01,Sistema,Personal,13100.0,1432.15,0.31,27,Web,35
SOL00585,Recepción de información,2026-01-22 23:27:37,Sistema,Personal,14600.0,1577.34,0.36,71,Web,40
SOL00488,Formalización,2026-01-23 08:00:00,Ejecutivo_02,Personal,14100.0,1501.38,0.41,392,Agente,36
SOL00016,Análisis financiero,2026-01-23 08:00:00,Analista_05,Personal,6700.0,2573.14,0.52,79,Web,25
SOL00501,Formalización,2026-01-23 08:00:00,Ejecutivo_02,Personal,17300.0,2608.6,0.14,18,Sucursal,61
SOL00022,Formalización,2026-01-23 08:00:00,Ejecutivo_02,Personal,6400.0,2067.76,0.14,20,Sucursal,61
SOL01096,Verificación de documentos,2026-01-23 08:00:00,Verificador_03,Personal,15700.0,2036.74,0.16,169,Agente,37
SOL00628,Verificación de documentos,2026-01-23 08:00:00,Verificador_02,Personal,13100.0,1432.15,0.31,27,Web,35
SOL00030,Análisis financiero,2026-01-23 08:00:00,Analista_03,Hipotecario,96900.0,2144.05,0.56,33,Agente,44
SOL00468,Reevaluación,2026-01-23 08:00:00,Analista_04,Personal,12200.0,1721.04,0.44,42,Web,44
SOL00468,Reevaluación,2026-01-23 08:00:00,Analista_04,Personal,12200.0,1721.04,0.44,42,Web,44
SOL00307,Verificación de documentos,2026-01-23 08:00:00,Verificador_03,Personal,8500.0,1007.27,0.29,22,Sucursal,21
SOL00176,Rechazo,2026-01-23 08:00:00,Analista_01,Vehicular,38900.0,1752.99,0.15,37,Web,31
SOL00585,Verificación de documentos,2026-01-23 08:01:00,Verificador_03,Personal,14600.0,1577.34,0.36,71,Web,40
SOL00175,Formalización,2026-01-23 08:01:00,Ejecutivo_01,Consumo,3100.0,1768.99,0.1,105,Web,44
SOL00489,Desembolso,2026-01-23 08:02:00,Tesoreria,Consumo,4200.0,3298.22,0.48,80,Sucursal,56
SOL00485,Análisis financiero,2026-01-23 08:03:00,Analista_08,Consumo,7600.0,1277.39,0.26,199,Web,32
SOL01181,Desembolso,2026-01-23 08:07:00,Tesoreria,Consumo,4500.0,2030.16,0.4,124,Web,54
SOL00246,Desembolso,2026-01-23 08:09:00,Tesoreria,Personal,10100.0,717.01,0.3,162,Agente,69
SOL00803,Formalización,2026-01-23 08:10:00,Ejecutivo_05,Personal,14600.0,1107.54,0.05,38,Sucursal,68
SOL00280,Aprobación,2026-01-23 08:15:00,Analista_01,Personal,17200.0,1945.13,0.69,187,Web,31
SOL00003,Desembolso,2026-01-23 08:18:00,Tesoreria,Personal,3400.0,606.87,0.34,27,Agente,32
SOL00855,verificación de documentos,2026-01-23 08:20:00,Verificador_01,Vehicular,24700.0,2058.32,0.34,14,Web,43
SOL00520,Análisis financiero,2026-01-23 08:20:00,Analista_04,Hipotecario,93000.0,1190.32,0.23,8,Agente,27
SOL00605,Formalización,2026-01-23 08:20:43,Ejecutivo_04,Consumo,7100.0,2226.52,0.21,55,Agente,61
SOL00064,Formalización,2026-01-23 08:21:00,Ejecutivo_04,Personal,7800.0,1609.84,0.51,214,Sucursal,29
SOL00356,Análisis financiero,2026-01-23 08:22:00,Analista_03,Personal,17300.0,1431.93,0.12,103,Agente,25
SOL00771,Desembolso,2026-01-23 08:26:00,Tesoreria,Consumo,7700.0,818.09,0.25,63,Sucursal,49
SOL01106,Formalización,2026-01-23 08:26:00,Ejecutivo_03,Consumo,5400.0,1228.19,0.19,3,Agente,45
SOL00949,Análisis financiero,2026-01-23 08:27:00,Analista_03,Hipotecario,158500.0,1913.98,0.02,245,Sucursal,32
SOL00646,Verificación de documentos,2026-01-23 08:27:00,Verificador_04,Personal,15200.0,1335.16,0.21,132,Sucursal,54
SOL00972,Formalización,2026-01-23 08:28:00,Ejecutivo_04,Personal,13100.0,1367.9,0.17,116,Sucursal,37
SOL00152,Solicitud recibida,2026-01-23 08:56:13,Ejecutivo_05,Personal,4400.0,4151.01,0.33,97,Sucursal,65
SOL00646,Solicitud de información adicional,2026-01-23 08:57:01,Verificador_01,Personal,15200.0,1335.16,0.21,132,Sucursal,54
SOL01024,Desembolso,2026-01-23 09:47:50,Tesoreria,Vehicular,20700.0,1884.51,0.25,110,Web,21
SOL01024,Desembolso,2026-01-23 09:47:50,Tesoreria,Vehicular,20700.0,1884.51,0.25,110,Web,21
SOL00201,Desembolso,2026-01-23 10:11:55,Tesoreria,Vehicular,13600.0,4248.69,0.32,81,Sucursal,40
SOL00757,Solicitud recibida,2026-01-23 10:20:39,Ejecutivo_03,Personal,13700.0,1523.41,0.33,35,Sucursal,52
SOL00908,Solicitud recibida,2026-01-23 10:36:38,Sistema,Vehicular,36200.0,1007.86,0.48,65,Web,40
SOL00908,Solicitud recibida,2026-01-23 10:36:38,Sistema,Vehicular,36200.0,1007.86,0.48,65,Web,40
SOL00356,Aprobación,2026-01-23 10:38:45,Analista_03,Personal,17300.0,1431.93,0.12,103,Agente,25
SOL00152,Verificación de documentos,2026-01-23 11:13:52,Verificador_02,Personal,4400.0,4151.01,0.33,97,Sucursal,65
SOL00485,Aprobación,2026-01-23 11:16:15,Analista_08,Consumo,7600.0,1277.39,0.26,199,Web,32
SOL00468,Rechazo,2026-01-23 13:06:34,Analista_04,Personal,12200.0,1721.04,0.44,42,Web,44
SOL00221,Desembolso,2026-01-23 13:37:39,Tesoreria,Personal,8500.0,4798.42,0.21,58,Web,65
SOL00697,Desembolso,2026-01-23 14:46:15,Tesoreria,Personal,13000.0,1933.38,0.31,32,Sucursal,69
SOL00152,Aprobación,2026-01-23 16:21:38,Gerente_Sucursal_01,Personal,4400.0,4151.01,0.33,97,Sucursal,65
SOL01197,Desembolso,2026-01-23 16:44:52,Tesoreria,Consumo,1500.0,3226.05,0.53,7,Sucursal,68
SOL00908,Verificación de documentos,2026-01-23 16:46:43,Verificador_04,Vehicular,36200.0,1007.86,0.48,65,Web,40
SOL00261,Solicitud recibida,2026-01-23 16:49:45,Ejecutivo_02,Vehicular,28000.0,2673.2,0.6,88,Sucursal,43
SOL00083,Solicitud recibida,2026-01-23 17:15:40,Ejecutivo_01,Personal,18300.0,2940.63,0.34,4,Sucursal,23
SOL00643,Solicitud recibida,2026-01-23 18:29:28,Sistema,Personal,8800.0,3283.76,0.16,34,Web,27
SOL00817,Recepción de información,2026-01-23 18:56:01,Sistema,Hipotecario,129200.0,1767.13,0.52,5,Web,49
SOL00679,Solicitud recibida,2026-01-23 19:14:41,Sistema,Consumo,3800.0,1247.24,0.2,43,Web,68
SOL00310,Solicitud recibida,2026-01-23 19:45:23,Sistema,Vehicular,18500.0,1270.19,0.37,2,Web,67
SOL00113,Recepción de información,2026-01-24 02:46:38,Sistema,Consumo,4800.0,2299.28,0.42,126,Web,22
SOL01051,Recepción de información,2026-01-24 06:14:27,Sistema,Consumo,1600.0,483.62,0.21,19,Web,33
SOL00711,Solicitud recibida,2026-01-24 07:08:24,Ejecutivo_06,Consumo,7300.0,839.37,0.47,150,Agente,39
SOL00712,solicitud recibida,2026-01-24 13:00:18,Ejecutivo_01,Vehicular,13400.0,2330.03,0.22,51,Sucursal,39
SOL01055,Solicitud recibida,2026-01-24 14:39:52,Sistema,Personal,16500.0,628.99,0.16,21,Web,46
SOL00768,Solicitud recibida,2026-01-24 15:45:40,Ejecutivo_02,Consumo,4500.0,748.84,0.18,45,Sucursal,22
SOL00436,Solicitud recibida,2026-01-24 16:41:12,Ejecutivo_01,Vehicular,28300.0,1420.85,0.44,105,Sucursal,64
SOL00363,Solicitud recibida,2026-01-24 16:42:12,Ejecutivo_03,Personal,13500.0,1716.96,0.29,181,Sucursal,69
SOL00910,Solicitud recibida,2026-01-24 17:28:31,Ejecutivo_04,Vehicular,12900.0,1502.94,0.39,37,Sucursal,40
SOL01094,Solicitud recibida,2026-01-24 19:25:36,Ejecutivo_03,Consumo,6000.0,1890.17,0.41,90,Sucursal,36
SOL00646,Recepción de información,2026-01-25 06:28:04,Sistema,Personal,15200.0,1335.16,0.21,132,Sucursal,54
SOL01175,Solicitud recibida,2026-01-25 07:55:39,Ejecutivo_04,Hipotecario,116900.0,2438.11,0.22,25,Sucursal,49
SOL00547,Solicitud recibida,2026-01-25 08:02:27,Sistema,Personal,12200.0,1518.46,0.2,62,Web,23
SOL00583,Recepción de información,2026-01-25 10:08:09,Sistema,Personal,6700.0,1890.8,0.1,106,Web,27
SOL01173,Solicitud recibida,2026-01-25 14:41:05,Ejecutivo_05,Consumo,3800.0,838.79,0.19,57,Agente,29
SOL00987,Solicitud recibida,2026-01-25 16:29:07,Ejecutivo_06,Hipotecario,146500.0,1153.4,0.16,56,Sucursal,64
SOL00096,Solicitud recibida,2026-01-25 17:55:38,Ejecutivo_04,Consumo,5200.0,713.97,0.55,25,Sucursal,61
SOL01038,Solicitud recibida,2026-01-25 19:21:36,Ejecutivo_02,Hipotecario,99200.0,1285.38,0.16,26,Sucursal,65
SOL00304,Solicitud recibida,2026-01-26 07:16:40,Sistema,Consumo,3700.0,898.57,0.57,6,Web,55
SOL00072,Recepción de información,2026-01-26 07:44:24,Sistema,Consumo,2300.0,1433.86,0.51,32,Web,33
SOL01021,Formalización,2026-01-26 08:00:00,Ejecutivo_04,Personal,3900.0,963.45,0.2,75,Sucursal,57
SOL00175,Desembolso,2026-01-26 08:00:00,Tesoreria,Consumo,3100.0,1768.99,0.1,105,Web,44
SOL00436,Verificación de documentos,2026-01-26 08:00:00,Verificador_01,Vehicular,28300.0,1420.85,0.44,105,Sucursal,64
SOL00391,Desembolso,2026-01-26 08:00:00,Tesoreria,Vehicular,20400.0,840.09,0.44,34,Web,49
SOL00292,Reevaluación,2026-01-26 08:00:00,Analista_02,Hipotecario,65600.0,4227.94,0.43,31,Sucursal,45
SOL00605,Desembolso,2026-01-26 08:00:00,Tesoreria,Consumo,7100.0,2226.52,0.21,55,Agente,61
SOL00022,Desembolso,2026-01-26 08:00:00,Tesoreria,Personal,6400.0,2067.76,0.14,20,Sucursal,61
SOL00585,Análisis financiero,2026-01-26 08:00:00,Analista_08,Personal,14600.0,1577.34,0.36,71,Web,40
SOL00628,Análisis financiero,2026-01-26 08:00:00,Analista_05,Personal,13100.0,1432.15,0.31,27,Web,35
SOL00064,Desembolso,2026-01-26 08:00:00,Tesoreria,Personal,7800.0,1609.84,0.51,214,Sucursal,29
SOL00891,Desembolso,2026-01-26 08:00:00,Tesoreria,Hipotecario,92300.0,1144.5,0.14,16,Web,64
SOL00712,Verificación de documentos,2026-01-26 08:00:00,Verificador_03,Vehicular,13400.0,2330.03,0.22,51,Sucursal,39
SOL00908,Análisis financiero,2026-01-26 08:00:00,Analista_07,Vehicular,36200.0,1007.86,0.48,65,Web,40
SOL00711,Verificación de documentos,2026-01-26 08:00:00,Verificador_03,Consumo,7300.0,839.37,0.47,150,Agente,39
SOL00363,Verificación de documentos,2026-01-26 08:00:00,Verificador_02,Personal,13500.0,1716.96,0.29,181,Sucursal,69
SOL00113,Verificación de documentos,2026-01-26 08:00:00,Verificador_02,Consumo,4800.0,2299.28,0.42,126,Web,22
SOL01104,Formalización,2026-01-26 08:00:00,Ejecutivo_01,Vehicular,35600.0,1880.15,0.18,138,Sucursal,40
SOL00583,Verificación de documentos,2026-01-26 08:00:00,Verificador_02,Personal,6700.0,1890.8,0.1,106,Web,27
SOL00941,Formalización,2026-01-26 08:00:00,Ejecutivo_01,Personal,9300.0,2465.97,0.18,15,Sucursal,55
SOL00643,Verificación de documentos,2026-01-26 08:00:00,Verificador_01,Personal,8800.0,3283.76,0.16,34,Web,27
SOL00261,Verificación de documentos,2026-01-26 08:00:00,Verificador_01,Vehicular,28000.0,2673.2,0.6,88,Sucursal,43
SOL00803,Desembolso,2026-01-26 08:00:00,Tesoreria,Personal,14600.0,1107.54,0.05,38,Sucursal,68
SOL00679,Verificación de documentos,2026-01-26 08:00:00,Verificador_04,Consumo,3800.0,1247.24,0.2,43,Web,68
SOL00817,Verificación de documentos,2026-01-26 08:00:00,Verificador_02,Hipotecario,129200.0,1767.13,0.52,5,Web,49
SOL00244,Formalización,2026-01-26 08:00:00,Ejecutivo_05,Personal,3500.0,1668.61,0.17,4,Web,22
SOL00646,Verificación de documentos,2026-01-26 08:00:00,Verificador_03,Personal,15200.0,1335.16,0.21,132,Sucursal,54
SOL00307,Análisis financiero,2026-01-26 08:00:00,Analista_08,Personal,8500.0,1007.27,0.29,22,Sucursal,21
SOL00501,Desembolso,2026-01-26 08:00:00,Tesoreria,Personal,17300.0,2608.6,0.14,18,Sucursal,61
SOL01051,Verificación de documentos,2026-01-26 08:00:00,Verificador_03,Consumo,1600.0,483.62,0.21,19,Web,33
SOL00152,Formalización,2026-01-26 08:00:00,Ejecutivo_04,Personal,4400.0,4151.01,0.33,97,Sucursal,65
SOL00488,Desembolso,2026-01-26 08:00:00,Tesoreria,Personal,14100.0,1501.38,0.41,392,Agente,36
SOL00016,Reevaluación,2026-01-26 08:00:00,Analista_05,Personal,6700.0,2573.14,0.52,79,Web,25
SOL00855,Análisis financiero,2026-01-26 08:00:00,Analista_02,Vehicular,24700.0,2058.32,0.34,14,Web,43
SOL01070,Formalización,2026-01-26 08:00:00,Ejecutivo_06,Consumo,6600.0,1292.23,0.18,16,Web,40
SOL00254,Formalización,2026-01-26 08:00:00,Ejecutivo_03,Vehicular,30100.0,1086.67,0.12,48,Web,35
SOL00547,Verificación de documentos,2026-01-26 08:00:00,Verificador_04,Personal,12200.0,1518.46,0.2,62,Web,23
SOL00972,Desembolso,2026-01-26 08:00:00,Tesoreria,Personal,13100.0,1367.9,0.17,116,Sucursal,37
SOL00001,Formalización,2026-01-26 08:00:00,Ejecutivo_01,Consumo,2400.0,1591.28,0.48,3,Sucursal,56
SOL01055,Verificación de documentos,2026-01-26 08:00:00,Verificador_03,Personal,16500.0,628.99,0.16,21,Web,46
SOL00423,Formalización,2026-01-26 08:00:00,Ejecutivo_04,Personal,5300.0,1089.82,0.48,190,Sucursal,24
SOL00768,Verificación de documentos,2026-01-26 08:00:00,Verificador_01,Consumo,4500.0,748.84,0.18,45,Sucursal,22
SOL00987,Verificación de documentos,2026-01-26 08:00:00,Verificador_02,Hipotecario,146500.0,1153.4,0.16,56,Sucursal,64
SOL00937,Formalización,2026-01-26 08:00:00,Ejecutivo_01,Consumo,6100.0,986.53,0.45,58,Web,30
SOL00910,Verificación de documentos,2026-01-26 08:00:00,Verificador_03,Vehicular,12900.0,1502.94,0.39,37,Sucursal,40
SOL00310,Verificación de documentos,2026-01-26 08:00:00,Verificador_01,Vehicular,18500.0,1270.19,0.37,2,Web,67
SOL00757,Verificación de documentos,2026-01-26 08:00:00,Verificador_02,Personal,13700.0,1523.41,0.33,35,Sucursal,52
SOL01094,Verificación de documentos,2026-01-26 08:00:00,Verificador_01,Consumo,6000.0,1890.17,0.41,90,Sucursal,36
SOL00083,Verificación de documentos,2026-01-26 08:00:00,Verificador_01,Personal,18300.0,2940.63,0.34,4,Sucursal,23
SOL01175,Verificación de documentos,2026-01-26 08:00:00,Verificador_03,Hipotecario,116900.0,2438.11,0.22,25,Sucursal,49
SOL01096,Análisis financiero,2026-01-26 08:00:00,Analista_07,Personal,15700.0,2036.74,0.16,169,Agente,37
SOL00485,Formalización,2026-01-26 08:20:00,Ejecutivo_01,Consumo,7600.0,1277.39,0.26,199,Web,32
SOL00280,Formalización,2026-01-26 08:25:00,Ejecutivo_01,Personal,17200.0,1945.13,0.69,187,Web,31
SOL00096,Verificación de documentos,2026-01-26 08:28:00,Verificador_02,Consumo,5200.0,713.97,0.55,25,Sucursal,61
SOL00356,Formalización,2026-01-26 08:29:00,Ejecutivo_04,Personal,17300.0,1431.93,0.12,103,Agente,25
SOL00363,Solicitud de información adicional,2026-01-26 08:30:01,Verificador_03,Personal,13500.0,1716.96,0.29,181,Sucursal,69
SOL01055,Solicitud de información adicional,2026-01-26 08:30:01,Verificador_03,Personal,16500.0,628.99,0.16,21,Web,46
SOL00910,solicitud de información adicional,2026-01-26 08:30:01,Verificador_03,Vehicular,12900.0,1502.94,0.39,37,Sucursal,40
SOL01175,Solicitud de información adicional,2026-01-26 08:30:01,Verificador_04,Hipotecario,116900.0,2438.11,0.22,25,Sucursal,49
SOL01165,Solicitud recibida,2026-01-26 09:36:19,Ejecutivo_05,Consumo,1800.0,1640.98,0.3,70,Agente,65
SOL00025,Solicitud recibida,2026-01-26 10:16:09,Sistema,Personal,5400.0,1675.58,0.19,98,Web,56
SOL00307,Aprobación,2026-01-26 10:18:21,Analista_08,Personal,8500.0,1007.27,0.29,22,Sucursal,21
SOL00072,Verificación de documentos,2026-01-26 10:30:21,Verificador_01,Consumo,2300.0,1433.86,0.51,32,Web,33
SOL00585,Aprobación,2026-01-26 10:59:24,Analista_08,Personal,14600.0,1577.34,0.36,71,Web,40
SOL00322,Solicitud recibida,2026-01-26 11:00:51,Ejecutivo_02,Consumo,7300.0,1673.05,0.03,82,Sucursal,23
SOL00077,Solicitud recibida,2026-01-26 11:25:43,Sistema,Hipotecario,105500.0,1280.3,0.2,51,Web,26
SOL01173,Verificación de documentos,2026-01-26 11:27:01,Verificador_01,Consumo,3800.0,838.79,0.19,57,Agente,29
SOL01096,Aprobación,2026-01-26 11:28:31,Analista_07,Personal,15700.0,2036.74,0.16,169,Agente,37
SOL00855,Aprobación,2026-01-26 11:34:07,Analista_02,Vehicular,24700.0,2058.32,0.34,14,Web,43
SOL00292,Aprobación,2026-01-26 12:05:48,Analista_02,Hipotecario,65600.0,4227.94,0.43,31,Sucursal,45
SOL01106,Desembolso,2026-01-26 12:07:25,Tesoreria,Consumo,5400.0,1228.19,0.19,3,Agente,45
SOL00713,Solicitud recibida,2026-01-26 13:04:03,Ejecutivo_01,Personal,15300.0,1776.81,0.3,8,Sucursal,68
SOL00025,Verificación de documentos,2026-01-26 13:11:14,Verificador_04,Personal,5400.0,1675.58,0.19,98,Web,56
SOL00514,Solicitud recibida,2026-01-26 13:31:32,Ejecutivo_01,Vehicular,21700.0,1016.57,0.42,105,Sucursal,35
SOL00152,Desembolso,2026-01-26 13:40:32,Tesoreria,Personal,4400.0,4151.01,0.33,97,Sucursal,65
SOL00025,Solicitud de información adicional,2026-01-26 13:41:15,Verificador_01,Personal,5400.0,1675.58,0.19,98,Web,56
SOL00856,Desembolso,2026-01-26 14:00:56,Tesoreria,Consumo,4200.0,1291.71,0.27,164,Sucursal,23
SOL00918,Solicitud recibida,2026-01-26 14:05:47,Sistema,Consumo,7300.0,2576.37,0.3,25,Web,32
SOL00628,Aprobación,2026-01-26 14:21:08,Analista_05,Personal,13100.0,1432.15,0.31,27,Web,35
SOL00646,Análisis financiero,2026-01-26 14:42:41,Analista_03,Personal,15200.0,1335.16,0.21,132,Sucursal,54
SOL00889,Solicitud recibida,2026-01-26 16:56:15,Ejecutivo_06,Vehicular,21900.0,2425.69,0.06,8,Sucursal,25
SOL01115,Solicitud recibida,2026-01-27 07:05:23,Ejecutivo_06,Hipotecario,57600.0,1390.87,0.19,34,Sucursal,27
SOL00817,Análisis financiero,2026-01-27 08:00:00,Analista_08,Hipotecario,129200.0,1767.13,0.52,5,Web,49
SOL00547,Análisis financiero,2026-01-27 08:00:00,Analista_01,Personal,12200.0,1518.46,0.2,62,Web,23
SOL00322,Verificación de documentos,2026-01-27 08:00:00,Verificador_01,Consumo,7300.0,1673.05,0.03,82,Sucursal,23
SOL00514,Verificación de documentos,2026-01-27 08:00:00,Verificador_04,Vehicular,21700.0,1016.57,0.42,105,Sucursal,35
SOL00310,Análisis financiero,2026-01-27 08:00:00,Analista_08,Vehicular,18500.0,1270.19,0.37,2,Web,67
SOL00987,Análisis financiero,2026-01-27 08:00:00,Analista_01,Hipotecario,146500.0,1153.4,0.16,56,Sucursal,64
SOL00646,Aprobación,2026-01-27 08:00:00,Analista_03,Personal,15200.0,1335.16,0.21,132,Sucursal,54
SOL01051,Análisis financiero,2026-01-27 08:00:00,Analista_08,Consumo,1600.0,483.62,0.21,19,Web,33
SOL00757,Análisis financiero,2026-01-27 08:00:00,Analista_01,Personal,13700.0,1523.41,0.33,35,Sucursal,52
SOL00077,Verificación de documentos,2026-01-27 08:00:00,Verificador_03,Hipotecario,105500.0,1280.3,0.2,51,Web,26
SOL00755,Formalización,2026-01-27 08:00:00,Ejecutivo_03,Personal,14800.0,1333.19,0.07,23,Web,49
SOL00711,Análisis financiero,2026-01-27 08:00:00,Analista_03,Consumo,7300.0,839.37,0.47,150,Agente,39
SOL00712,Análisis financiero,2026-01-27 08:00:00,Analista_01,Vehicular,13400.0,2330.03,0.22,51,Sucursal,39
SOL00889,Verificación de documentos,2026-01-27 08:00:00,Verificador_04,Vehicular,21900.0,2425.69,0.06,8,Sucursal,25
SOL00304,Verificación de documentos,2026-01-27 08:00:00,Verificador_04,Consumo,3700.0,898.57,0.57,6,Web,55
SOL01094,Análisis financiero,2026-01-27 08:00:00,Analista_01,Consumo,6000.0,1890.17,0.41,90,Sucursal,36
SOL00768,Análisis financiero,2026-01-27 08:00:00,Analista_06,Consumo,4500.0,748.84,0.18,45,Sucursal,22
SOL00001,Desembolso,2026-01-27 08:00:00,Tesoreria,Consumo,2400.0,1591.28,0.48,3,Sucursal,56
SOL00113,Análisis financiero,2026-01-27 08:00:00,Analista_01,Consumo,4800.0,2299.28,0.42,126,Web,22
SOL00941,Desembolso,2026-01-27 08:00:00,Tesoreria,Personal,9300.0,2465.97,0.18,15,Sucursal,55
SOL00356,Desembolso,2026-01-27 08:00:00,Tesoreria,Personal,17300.0,1431.93,0.12,103,Agente,25
SOL00918,Verificación de documentos,2026-01-27 08:00:00,Verificador_03,Consumo,7300.0,2576.37,0.3,25,Web,32
SOL01038,Verificación de documentos,2026-01-27 08:00:00,Verificador_02,Hipotecario,99200.0,1285.38,0.16,26,Sucursal,65
SOL00016,Reevaluación,2026-01-27 08:01:00,Analista_05,Personal,6700.0,2573.14,0.52,79,Web,25
SOL01021,Desembolso,2026-01-27 08:02:00,Tesoreria,Personal,3900.0,963.45,0.2,75,Sucursal,57
SOL00583,Análisis financiero,2026-01-27 08:05:00,Analista_05,Personal,6700.0,1890.8,0.1,106,Web,27
SOL01165,Verificación de documentos,2026-01-27 08:13:00,Verificador_03,Consumo,1800.0,1640.98,0.3,70,Agente,65
SOL00072,Análisis financiero,2026-01-27 08:15:00,Analista_02,Consumo,2300.0,1433.86,0.51,32,Web,33
SOL00207,Solicitud recibida,2026-01-27 08:16:19,Ejecutivo_02,Vehicular,17600.0,505.48,0.46,19,Sucursal,40
SOL00261,Análisis financiero,2026-01-27 08:17:00,Analista_04,Vehicular,28000.0,2673.2,0.6,88,Sucursal,43
SOL00254,Desembolso,2026-01-27 08:18:00,Tesoreria,Vehicular,30100.0,1086.67,0.12,48,Web,35
SOL00280,Desembolso,2026-01-27 08:19:32,Tesoreria,Personal,17200.0,1945.13,0.69,187,Web,31
SOL01096,Formalización,2026-01-27 08:21:00,Ejecutivo_05,Personal,15700.0,2036.74,0.16,169,Agente,37
SOL00423,Desembolso,2026-01-27 08:22:14,Tesoreria,Personal,5300.0,1089.82,0.48,190,Sucursal,24
SOL00937,Desembolso,2026-01-27 08:24:00,Tesoreria,Consumo,6100.0,986.53,0.45,58,Web,30
SOL00292,Formalización,2026-01-27 08:24:33,Ejecutivo_02,Hipotecario,65600.0,4227.94,0.43,31,Sucursal,45
SOL00679,Análisis financiero,2026-01-27 08:29:00,Analista_08,Consumo,3800.0,1247.24,0.2,43,Web,68
SOL00322,Solicitud de información adicional,2026-01-27 08:30:01,Verificador_02,Consumo,7300.0,1673.05,0.03,82,Sucursal,23
SOL00077,Solicitud de información adicional,2026-01-27 08:30:01,Verificador_02,Hipotecario,105500.0,1280.3,0.2,51,Web,26
SOL00889,Solicitud de información adicional,2026-01-27 08:30:01,Verificador_04,Vehicular,21900.0,2425.69,0.06,8,Sucursal,25
SOL00918,Solicitud de información adicional,2026-01-27 08:30:01,Verificador_01,Consumo,7300.0,2576.37,0.3,25,Web,32
SOL00713,Verificación de documentos,2026-01-27 09:22:46,Verificador_04,Personal,15300.0,1776.81,0.3,8,Sucursal,68
SOL00713,Verificación de documentos,2026-01-27 09:22:46,Verificador_04,Personal,15300.0,1776.81,0.3,8,Sucursal,68
SOL00083,Análisis financiero,2026-01-27 09:50:30,Analista_05,Personal,18300.0,2940.63,0.34,4,Sucursal,23
SOL00643,Análisis financiero,2026-01-27 10:00:41,Analista_03,Personal,8800.0,3283.76,0.16,34,Web,27
SOL00124,Solicitud recibida,2026-01-27 10:00:54,Sistema,Hipotecario,133800.0,5803.16,0.26,16,Web,52
SOL00711,Aprobación,2026-01-27 10:42:34,Analista_03,Consumo,7300.0,839.37,0.47,150,Agente,39
SOL00679,Aprobación,2026-01-27 10:47:15,Analista_08,Consumo,3800.0,1247.24,0.2,43,Web,68
SOL00757,Aprobación,2026-01-27 10:55:43,Analista_01,Personal,13700.0,1523.41,0.33,35,Sucursal,52
SOL00016,Rechazo,2026-01-27 11:28:42,Analista_05,Personal,6700.0,2573.14,0.52,79,Web,25
SOL00583,Aprobación,2026-01-27 11:38:44,Analista_05,Personal,6700.0,1890.8,0.1,106,Web,27
SOL00262,Solicitud recibida,2026-01-27 11:58:55,Sistema,Vehicular,15500.0,3469.73,0.27,36,Web,24
SOL00450,Solicitud recibida,2026-01-27 12:13:39,Ejecutivo_06,Personal,7100.0,2826.41,0.51,90,Sucursal,43
SOL00547,Aprobación,2026-01-27 12:51:29,Analista_01,Personal,12200.0,1518.46,0.2,62,Web,23
SOL01070,Desembolso,2026-01-27 13:11:13,Tesoreria,Consumo,6600.0,1292.23,0.18,16,Web,40
SOL01051,Aprobación,2026-01-27 13:12:42,Analista_08,Consumo,1600.0,483.62,0.21,19,Web,33
SOL00083,Aprobación,2026-01-27 13:41:46,Analista_05,Personal,18300.0,2940.63,0.34,4,Sucursal,23
SOL01173,Análisis financiero,2026-01-27 14:00:32,Analista_01,Consumo,3800.0,838.79,0.19,57,Agente,29
SOL00310,Aprobación,2026-01-27 14:07:17,Analista_08,Vehicular,18500.0,1270.19,0.37,2,Web,67
SOL00207,Verificación de documentos,2026-01-27 14:32:06,Verificador_03,Vehicular,17600.0,505.48,0.46,19,Sucursal,40
SOL00207,Verificación de documentos,2026-01-27 14:32:06,Verificador_03,Vehicular,17600.0,505.48,0.46,19,Sucursal,40
SOL00768,Aprobación,2026-01-27 14:41:42,Analista_06,Consumo,4500.0,748.84,0.18,45,Sucursal,22
SOL01115,Verificación de documentos,2026-01-27 14:51:45,Verificador_02,Hipotecario,57600.0,1390.87,0.19,34,Sucursal,27
SOL00471,Solicitud recibida,2026-01-27 15:24:13,Ejecutivo_06,Vehicular,38200.0,1754.81,0.43,41,Sucursal,62
SOL00712,Aprobación,2026-01-27 15:28:55,Analista_01,Vehicular,13400.0,2330.03,0.22,51,Sucursal,39
SOL00643,Aprobación,2026-01-27 16:12:01,Analista_03,Personal,8800.0,3283.76,0.16,34,Web,27
SOL00262,Verificación de documentos,2026-01-27 16:31:39,Verificador_04,Vehicular,15500.0,3469.73,0.27,36,Web,24
SOL00892,Solicitud recibida,2026-01-27 17:20:26,Ejecutivo_01,Personal,18800.0,828.37,0.55,9,Sucursal,65
SOL00371,Solicitud recibida,2026-01-27 18:05:20,Ejecutivo_03,Personal,14700.0,552.5,0.37,35,Agente,34
SOL00843,Solicitud recibida,2026-01-27 18:05:36,Ejecutivo_03,Personal,3700.0,794.19,0.31,11,Sucursal,26
SOL00652,Solicitud recibida,2026-01-27 20:26:25,Ejecutivo_03,Consumo,1500.0,1309.47,0.34,76,Agente,37
SOL00575,Solicitud recibida,2026-01-27 21:00:00,Ejecutivo_05,Personal,12200.0,603.47,0.28,114,Sucursal,51
SOL00436,Análisis financiero,2026-01-28 08:00:00,Analista_01,Vehicular,28300.0,1420.85,0.44,105,Sucursal,64
SOL00450,Verificación de documentos,2026-01-28 08:00:00,Verificador_01,Personal,7100.0,2826.41,0.51,90,Sucursal,43
SOL00124,Verificación de documentos,2026-01-28 08:00:00,Verificador_04,Hipotecario,133800.0,5803.16,0.26,16,Web,52
SOL00843,Verificación de documentos,2026-01-28 08:00:00,Verificador_02,Personal,3700.0,794.19,0.31,11,Sucursal,26
SOL00713,Análisis financiero,2026-01-28 08:00:00,Analista_06,Personal,15300.0,1776.81,0.3,8,Sucursal,68
SOL00304,Análisis financiero,2026-01-28 08:00:00,Analista_05,Consumo,3700.0,898.57,0.57,6,Web,55
SOL01094,Aprobación,2026-01-28 08:00:00,Analista_01,Consumo,6000.0,1890.17,0.41,90,Sucursal,36
SOL01173,Aprobación,2026-01-28 08:00:00,Analista_01,Consumo,3800.0,838.79,0.19,57,Agente,29
SOL01165,Análisis financiero,2026-01-28 08:00:00,Analista_08,Consumo,1800.0,1640.98,0.3,70,Agente,65
SOL00485,Desembolso,2026-01-28 08:00:00,Tesoreria,Consumo,7600.0,1277.39,0.26,199,Web,32
SOL00892,Verificación de documentos,2026-01-28 08:07:00,Verificador_04,Personal,18800.0,828.37,0.55,9,Sucursal,65
SOL00514,Análisis financiero,2026-01-28 08:09:00,Analista_07,Vehicular,21700.0,1016.57,0.42,105,Sucursal,35
SOL00755,Desembolso,2026-01-28 08:12:00,Tesoreria,Personal,14800.0,1333.19,0.07,23,Web,49
SOL00471,Verificación de documentos,2026-01-28 08:13:00,Verificador_02,Vehicular,38200.0,1754.81,0.43,41,Sucursal,62
SOL00207,Análisis financiero,2026-01-28 08:15:00,Analista_03,Vehicular,17600.0,505.48,0.46,19,Sucursal,40
SOL00628,Formalización,2026-01-28 08:16:00,Ejecutivo_04,Personal,13100.0,1432.15,0.31,27,Web,35
SOL00292,Desembolso,2026-01-28 08:19:00,Tesoreria,Hipotecario,65600.0,4227.94,0.43,31,Sucursal,45
SOL00371,Verificación de documentos,2026-01-28 08:19:00,Verificador_01,Personal,14700.0,552.5,0.37,35,Agente,34
SOL00575,Verificación de documentos,2026-01-28 08:21:00,Verificador_03,Personal,12200.0,603.47,0.28,114,Sucursal,51
SOL01096,Desembolso,2026-01-28 08:22:00,Tesoreria,Personal,15700.0,2036.74,0.16,169,Agente,37
SOL01104,Desembolso,2026-01-28 08:25:00,Tesoreria,Vehicular,35600.0,1880.15,0.18,138,Sucursal,40
SOL00072,Reevaluación,2026-01-28 08:26:00,Analista_02,Consumo,2300.0,1433.86,0.51,32,Web,33
SOL00244,Desembolso,2026-01-28 08:26:00,Tesoreria,Personal,3500.0,1668.61,0.17,4,Web,22
SOL00124,Solicitud de información adicional,2026-01-28 08:30:01,Verificador_04,Hipotecario,133800.0,5803.16,0.26,16,Web,52
SOL00371,Solicitud de información adicional,2026-01-28 08:49:01,Verificador_01,Personal,14700.0,552.5,0.37,35,Agente,34
SOL01051,Formalización,2026-01-28 09:18:29,Ejecutivo_02,Consumo,1600.0,483.62,0.21,19,Web,33
SOL00711,Formalización,2026-01-28 10:15:39,Ejecutivo_03,Consumo,7300.0,839.37,0.47,150,Agente,39
SOL00652,Verificación de documentos,2026-01-28 10:47:51,Verificador_03,Consumo,1500.0,1309.47,0.34,76,Agente,37
SOL00652,Solicitud de informacion adicional,2026-01-28 11:17:52,Verificador_02,Consumo,1500.0,1309.47,0.34,76,Agente,37
SOL00843,Aprobación,2026-01-28 11:18:46,Gerente_Sucursal_01,Personal,3700.0,794.19,0.31,11,Sucursal,26
SOL00072,Rechazo,2026-01-28 11:25:56,Analista_02,Consumo,2300.0,1433.86,0.51,32,Web,33
SOL00713,Aprobación,2026-01-28 12:14:42,Analista_06,Personal,15300.0,1776.81,0.3,8,Sucursal,68
SOL01115,Análisis financiero,2026-01-28 12:14:45,Analista_06,Hipotecario,57600.0,1390.87,0.19,34,Sucursal,27
SOL00086,Solicitud recibida,2026-01-28 13:44:24,Ejecutivo_02,Personal,3200.0,770.49,0.4,57,Sucursal,39
SOL01165,Aprobación,2026-01-28 13:50:41,Analista_08,Consumo,1800.0,1640.98,0.3,70,Agente,65
SOL00191,Solicitud recibida,2026-01-28 13:53:18,Ejecutivo_03,Hipotecario,98400.0,2223.9,0.38,2,Agente,68
SOL00358,Solicitud recibida,2026-01-28 14:49:07,Sistema,Vehicular,25600.0,1725.75,0.19,23,Web,49
SOL00137,Solicitud recibida,2026-01-28 17:32:56,Ejecutivo_02,Personal,3600.0,719.79,0.08,134,Sucursal,44
SOL00519,Solicitud recibida,2026-01-28 18:16:45,Sistema,Personal,8200.0,2500.87,0.18,82,Web,45
SOL00250,Solicitud recibida,2026-01-28 20:08:07,Ejecutivo_05,Personal,16200.0,1475.32,0.31,18,Sucursal,29
SOL00318,Solicitud recibida,2026-01-28 21:05:58,Ejecutivo_03,Personal,16900.0,1455.52,0.24,62,Sucursal,67
SOL00519,Verificación de documentos,2026-01-29 08:00:00,Verificador_04,Personal,8200.0,2500.87,0.18,82,Web,45
SOL00262,Análisis financiero,2026-01-29 08:00:00,Analista_03,Vehicular,15500.0,3469.73,0.27,36,Web,24
SOL00585,Formalización,2026-01-29 08:00:00,Ejecutivo_01,Personal,14600.0,1577.34,0.36,71,Web,40
SOL00310,Formalización,2026-01-29 08:00:00,Ejecutivo_05,Vehicular,18500.0,1270.19,0.37,2,Web,67
SOL00892,Análisis financiero,2026-01-29 08:00:00,Analista_04,Personal,18800.0,828.37,0.55,9,Sucursal,65
SOL00358,Verificación de documentos,2026-01-29 08:00:00,Verificador_03,Vehicular,25600.0,1725.75,0.19,23,Web,49
SOL00096,Análisis financiero,2026-01-29 08:00:00,Analista_07,Consumo,5200.0,713.97,0.55,25,Sucursal,61
SOL00250,Verificación de documentos,2026-01-29 08:00:00,Verificador_03,Personal,16200.0,1475.32,0.31,18,Sucursal,29
SOL00191,Verificación de documentos,2026-01-29 08:00:00,Verificador_03,Hipotecario,98400.0,2223.9,0.38,2,Agente,68
SOL00261,Reevaluación,2026-01-29 08:00:00,Analista_04,Vehicular,28000.0,2673.2,0.6,88,Sucursal,43
SOL00113,Reevaluación,2026-01-29 08:00:00,Analista_01,Consumo,4800.0,2299.28,0.42,126,Web,22
SOL00855,Formalización,2026-01-29 08:00:00,Ejecutivo_05,Vehicular,24700.0,2058.32,0.34,14,Web,43
SOL00471,Análisis financiero,2026-01-29 08:00:00,Analista_06,Vehicular,38200.0,1754.81,0.43,41,Sucursal,62
SOL00207,Reevaluación,2026-01-29 08:00:00,Analista_03,Vehicular,17600.0,505.48,0.46,19,Sucursal,40
SOL00318,Verificación de documentos,2026-01-29 08:01:00,Verificador_01,Personal,16900.0,1455.52,0.24,62,Sucursal,67
SOL01038,Análisis financiero,2026-01-29 08:02:00,Analista_07,Hipotecario,99200.0,1285.38,0.16,26,Sucursal,65
SOL00086,Verificación de documentos,2026-01-29 08:03:00,Verificador_04,Personal,3200.0,770.49,0.4,57,Sucursal,39
SOL00137,Verificación de documentos,2026-01-29 08:11:00,Verificador_02,Personal,3600.0,719.79,0.08,134,Sucursal,44
SOL00575,Análisis financiero,2026-01-29 08:25:00,Analista_03,Personal,12200.0,603.47,0.28,114,Sucursal,51
SOL00397,Solicitud recibida,2026-01-29 08:32:52,Sistema,Consumo,7400.0,1208.7,0.47,55,Web,37
SOL00436,Reevaluación,2026-01-29 09:16:35,Analista_01,Vehicular,28300.0,1420.85,0.44,105,Sucursal,64
SOL01090,Solicitud recibida,2026-01-29 09:41:35,Sistema,Personal,9100.0,1367.89,0.5,48,Web,41
SOL00949,Comité de crédito,2026-01-29 10:00:01,Comite,Hipotecario,158500.0,1913.98,0.02,245,Sucursal,32
SOL00817,Comité de crédito,2026-01-29 10:00:01,Comite,Hipotecario,129200.0,1767.13,0.52,5,Web,49
SOL01115,Comité de crédito,2026-01-29 10:00:01,Comite,Hipotecario,57600.0,1390.87,0.19,34,Sucursal,27
SOL00987,Comité de crédito,2026-01-29 10:00:01,Comite,Hipotecario,146500.0,1153.4,0.16,56,Sucursal,64
SOL00520,Comité de crédito,2026-01-29 10:00:01,Comite,Hipotecario,93000.0,1190.32,0.23,8,Agente,27
SOL00908,Comité de crédito,2026-01-29 10:00:01,Comite,Vehicular,36200.0,1007.86,0.48,65,Web,40
SOL00030,Comité de crédito,2026-01-29 10:00:01,Comite,Hipotecario,96900.0,2144.05,0.56,33,Agente,44
SOL00825,Comité de crédito,2026-01-29 10:00:01,Comite,Vehicular,35000.0,2294.18,0.26,20,Web,38
SOL00628,Desembolso,2026-01-29 10:41:20,Tesoreria,Personal,13100.0,1432.15,0.31,27,Web,35
SOL00740,Solicitud recibida,2026-01-29 10:44:58,Ejecutivo_04,Consumo,5400.0,2310.79,0.07,14,Agente,43
SOL00575,Aprobación,2026-01-29 11:23:59,Analista_03,Personal,12200.0,603.47,0.28,114,Sucursal,51
SOL00547,Formalización,2026-01-29 11:38:13,Ejecutivo_06,Personal,12200.0,1518.46,0.2,62,Web,23
SOL00908,Rechazo,2026-01-29 11:42:14,Analista_07,Vehicular,36200.0,1007.86,0.48,65,Web,40
SOL00844,Solicitud recibida,2026-01-29 11:43:57,Ejecutivo_02,Hipotecario,164100.0,286.01,0.81,10,Sucursal,60
SOL00825,Aprobación,2026-01-29 11:51:37,Comite,Vehicular,35000.0,2294.18,0.26,20,Web,38
SOL00825,Aprobación,2026-01-29 11:51:37,Comite,Vehicular,35000.0,2294.18,0.26,20,Web,38
SOL00757,Formalización,2026-01-29 12:12:35,Ejecutivo_04,Personal,13700.0,1523.41,0.33,35,Sucursal,52
SOL01173,Formalización,2026-01-29 12:24:40,Ejecutivo_02,Consumo,3800.0,838.79,0.19,57,Agente,29
SOL00279,Solicitud recibida,2026-01-29 12:27:13,Ejecutivo_04,Consumo,6900.0,1941.86,0.61,23,Sucursal,30
SOL00096,Aprobación,2026-01-29 12:45:57,Analista_07,Consumo,5200.0,713.97,0.55,25,Sucursal,61
SOL00375,Solicitud recibida,2026-01-29 12:46:39,Sistema,Personal,6500.0,1157.36,0.36,29,Web,32
SOL00397,Verificación de documentos,2026-01-29 12:54:48,Verificador_04,Consumo,7400.0,1208.7,0.47,55,Web,37
SOL00207,Rechazo,2026-01-29 13:00:06,Analista_03,Vehicular,17600.0,505.48,0.46,19,Sucursal,40
SOL00949,Aprobación,2026-01-29 13:05:58,Comite,Hipotecario,158500.0,1913.98,0.02,245,Sucursal,32
SOL01116,Solicitud recibida,2026-01-29 13:17:02,Ejecutivo_01,Consumo,4500.0,1434.0,0.34,20,Sucursal,61
SOL00030,Aprobación,2026-01-29 13:24:40,Comite,Hipotecario,96900.0,2144.05,0.56,33,Agente,44
SOL01115,Aprobación,2026-01-29 13:28:57,Comite,Hipotecario,57600.0,1390.87,0.19,34,Sucursal,27
SOL00261,Aprobación,2026-01-29 14:10:31,Analista_04,Vehicular,28000.0,2673.2,0.6,88,Sucursal,43
SOL00740,Verificación de documentos,2026-01-29 14:58:32,Verificador_02,Consumo,5400.0,2310.79,0.07,14,Agente,43
SOL00740,Solicitud de información adicional,2026-01-29 15:28:33,Verificador_03,Consumo,5400.0,2310.79,0.07,14,Agente,43
SOL00025,Recepción de información,2026-01-29 15:30:38,Sistema,Personal,5400.0,1675.58,0.19,98,Web,56
SOL00519,Análisis financiero,2026-01-29 15:39:12,Analista_01,Personal,8200.0,2500.87,0.18,82,Web,45
SOL00519,Análisis financiero,2026-01-29 15:39:12,Analista_01,Personal,8200.0,2500.87,0.18,82,Web,45
SOL00817,Rechazo,2026-01-29 15:44:42,Analista_08,Hipotecario,129200.0,1767.13,0.52,5,Web,49
SOL00520,Rechazo,2026-01-29 15:57:46,Analista_04,Hipotecario,93000.0,1190.32,0.23,8,Agente,27
SOL00310,Desembolso,2026-01-29 16:15:43,Tesoreria,Vehicular,18500.0,1270.19,0.37,2,Web,67
SOL00554,Solicitud recibida,2026-01-29 16:19:59,Ejecutivo_04,Consumo,5900.0,2090.41,0.85,41,Sucursal,35
SOL01175,Recepción de información,2026-01-30 04:24:53,Sistema,Hipotecario,116900.0,2438.11,0.22,25,Sucursal,49
SOL00693,Solicitud recibida,2026-01-30 07:57:16,Sistema,Consumo,1200.0,1187.91,0.53,201,Web,32
SOL00843,Formalización,2026-01-30 08:00:00,Ejecutivo_03,Personal,3700.0,794.19,0.31,11,Sucursal,26
SOL00519,Aprobación,2026-01-30 08:00:00,Analista_01,Personal,8200.0,2500.87,0.18,82,Web,45
SOL01094,Formalización,2026-01-30 08:00:00,Ejecutivo_02,Consumo,6000.0,1890.17,0.41,90,Sucursal,36
SOL00358,Análisis financiero,2026-01-30 08:00:00,Analista_02,Vehicular,25600.0,1725.75,0.19,23,Web,49
SOL01051,Desembolso,2026-01-30 08:00:00,Tesoreria,Consumo,1600.0,483.62,0.21,19,Web,33
SOL01090,Verificación de documentos,2026-01-30 08:00:00,Verificador_01,Personal,9100.0,1367.89,0.5,48,Web,41
SOL01165,Formalización,2026-01-30 08:00:00,Ejecutivo_02,Consumo,1800.0,1640.98,0.3,70,Agente,65
SOL00757,Desembolso,2026-01-30 08:00:00,Tesoreria,Personal,13700.0,1523.41,0.33,35,Sucursal,52
SOL00987,Rechazo,2026-01-30 08:00:00,Analista_01,Hipotecario,146500.0,1153.4,0.16,56,Sucursal,64
SOL00768,Formalización,2026-01-30 08:00:00,Ejecutivo_02,Consumo,4500.0,748.84,0.18,45,Sucursal,22
SOL00279,Verificación de documentos,2026-01-30 08:00:00,Verificador_04,Consumo,6900.0,1941.86,0.61,23,Sucursal,30
SOL00711,Desembolso,2026-01-30 08:00:00,Tesoreria,Consumo,7300.0,839.37,0.47,150,Agente,39
SOL00844,Verificación de documentos,2026-01-30 08:00:00,Verificador_03,Hipotecario,164100.0,286.01,0.81,10,Sucursal,60
SOL00375,Verificación de documentos,2026-01-30 08:00:00,Verificador_02,Personal,6500.0,1157.36,0.36,29,Web,32
SOL00025,Verificación de documentos,2026-01-30 08:00:00,Verificador_03,Personal,5400.0,1675.58,0.19,98,Web,56
SOL00892,Reevaluación,2026-01-30 08:00:34,Analista_04,Personal,18800.0,828.37,0.55,9,Sucursal,65
SOL00547,Desembolso,2026-01-30 08:04:00,Tesoreria,Personal,12200.0,1518.46,0.2,62,Web,23
SOL00086,Análisis financiero,2026-01-30 08:04:00,Analista_05,Personal,3200.0,770.49,0.4,57,Sucursal,39
SOL00514,Reevaluación,2026-01-30 08:07:00,Analista_07,Vehicular,21700.0,1016.57,0.42,105,Sucursal,35
SOL00262,Aprobación,2026-01-30 08:12:00,Analista_03,Vehicular,15500.0,3469.73,0.27,36,Web,24
SOL00304,Reevaluación,2026-01-30 08:15:00,Analista_05,Consumo,3700.0,898.57,0.57,6,Web,55
SOL00083,Formalización,2026-01-30 08:15:00,Ejecutivo_04,Personal,18300.0,2940.63,0.34,4,Sucursal,23
SOL00250,Análisis financiero,2026-01-30 08:15:00,Analista_03,Personal,16200.0,1475.32,0.31,18,Sucursal,29
SOL00554,Verificación de documentos,2026-01-30 08:20:00,Verificador_02,Consumo,5900.0,2090.41,0.85,41,Sucursal,35
SOL00307,Formalización,2026-01-30 08:23:00,Ejecutivo_02,Personal,8500.0,1007.27,0.29,22,Sucursal,21
SOL00397,Análisis financiero,2026-01-30 08:25:00,Analista_05,Consumo,7400.0,1208.7,0.47,55,Web,37
SOL00583,Formalización,2026-01-30 08:29:00,Ejecutivo_06,Personal,6700.0,1890.8,0.1,106,Web,27
SOL01116,Verificación de documentos,2026-01-30 08:29:00,Verificador_01,Consumo,4500.0,1434.0,0.34,20,Sucursal,61
SOL00855,desembolso,2026-01-30 08:39:15,Tesoreria,Vehicular,24700.0,2058.32,0.34,14,Web,43
SOL01116,Solicitud de información adicional,2026-01-30 08:59:01,Verificador_02,Consumo,4500.0,1434.0,0.34,20,Sucursal,61
SOL01055,Recepción de información,2026-01-30 09:21:13,Sistema,Personal,16500.0,628.99,0.16,21,Web,46
SOL01173,Desembolso,2026-01-30 10:22:21,Tesoreria,Consumo,3800.0,838.79,0.19,57,Agente,29
SOL01115,Formalización,2026-01-30 10:22:52,Ejecutivo_02,Hipotecario,57600.0,1390.87,0.19,34,Sucursal,27
SOL00585,Desembolso,2026-01-30 10:52:08,Tesoreria,Personal,14600.0,1577.34,0.36,71,Web,40
SOL00086,Aprobación,2026-01-30 10:58:27,Analista_05,Personal,3200.0,770.49,0.4,57,Sucursal,39
SOL00358,Aprobación,2026-01-30 10:59:20,Analista_02,Vehicular,25600.0,1725.75,0.19,23,Web,49
SOL00397,Aprobación,2026-01-30 11:11:55,Analista_05,Consumo,7400.0,1208.7,0.47,55,Web,37
SOL00450,Análisis financiero,2026-01-30 12:23:33,Analista_02,Personal,7100.0,2826.41,0.51,90,Sucursal,43
SOL00892,Rechazo,2026-01-30 12:41:16,Analista_04,Personal,18800.0,828.37,0.55,9,Sucursal,65
SOL00137,Análisis financiero,2026-01-30 12:45:34,Analista_06,Personal,3600.0,719.79,0.08,134,Sucursal,44
SOL00124,Recepción de información,2026-01-30 12:49:31,Sistema,Hipotecario,133800.0,5803.16,0.26,16,Web,52
SOL00124,Recepción de información,2026-01-30 12:49:31,Sistema,Hipotecario,133800.0,5803.16,0.26,16,Web,52
SOL00643,Formalización,2026-01-30 13:18:19,Ejecutivo_04,Personal,8800.0,3283.76,0.16,34,Web,27
SOL00376,Solicitud recibida,2026-01-30 14:08:37,Sistema,Hipotecario,121100.0,1390.52,0.33,17,Web,69
SOL00191,Análisis financiero,2026-01-30 14:10:43,Analista_07,Hipotecario,98400.0,2223.9,0.38,2,Agente,68
SOL00250,Aprobación,2026-01-30 14:26:49,Analista_03,Personal,16200.0,1475.32,0.31,18,Sucursal,29
SOL01090,Análisis financiero,2026-01-30 14:29:36,Analista_06,Personal,9100.0,1367.89,0.5,48,Web,41
SOL00450,Aprobación,2026-01-30 14:53:02,Analista_02,Personal,7100.0,2826.41,0.51,90,Sucursal,43
SOL00113,Reevaluación,2026-01-30 15:08:16,Analista_01,Consumo,4800.0,2299.28,0.42,126,Web,22
SOL00318,Análisis financiero,2026-01-30 16:30:57,Analista_07,Personal,16900.0,1455.52,0.24,62,Sucursal,67
SOL00137,Aprobación,2026-01-30 16:41:25,Analista_06,Personal,3600.0,719.79,0.08,134,Sucursal,44
SOL00749,Solicitud recibida,2026-01-30 16:44:35,Ejecutivo_06,Hipotecario,66700.0,1311.7,0.64,14,Agente,62
SOL00184,Solicitud recibida,2026-01-30 19:20:50,Sistema,Personal,15200.0,653.87,0.07,235,Web,25
SOL01110,Solicitud recibida,2026-01-30 19:33:08,Sistema,Personal,18700.0,3017.27,0.42,26,Web,43
SOL01116,Recepción de información,2026-01-31 01:50:29,Sistema,Consumo,4500.0,1434.0,0.34,20,Sucursal,61
SOL01166,Solicitud recibida,2026-01-31 09:26:31,Ejecutivo_04,Vehicular,17100.0,1018.68,0.03,15,Sucursal,33
SOL01107,Solicitud recibida,2026-01-31 09:58:54,Ejecutivo_04,Vehicular,29300.0,1160.15,0.2,87,Sucursal,44
SOL00043,Solicitud recibida,2026-01-31 10:38:54,Sistema,Personal,9000.0,392.72,0.39,7,Web,26
SOL00089,Solicitud recibida,2026-01-31 11:33:42,Ejecutivo_05,Personal,10700.0,662.53,0.23,2,Agente,41
SOL01143,Solicitud recibida,2026-01-31 12:04:43,Ejecutivo_05,Vehicular,25500.0,846.61,0.29,43,Sucursal,29
SOL00877,Solicitud recibida,2026-01-31 13:00:50,Ejecutivo_02,Hipotecario,207500.0,435.33,0.07,12,Agente,62
SOL00740,Recepción de información,2026-01-31 14:17:55,Sistema,Consumo,5400.0,2310.79,0.07,14,Agente,43
SOL00671,Solicitud recibida,2026-01-31 15:16:24,Sistema,Personal,10600.0,1350.38,0.34,43,Web,57
SOL00377,Solicitud recibida,2026-01-31 17:45:07,Ejecutivo_03,Personal,4800.0,1615.52,0.34,49,Sucursal,36
SOL00139,Solicitud recibida,2026-01-31 19:40:56,Sistema,Vehicular,38300.0,1223.28,0.44,65,Web,53
SOL01127,Solicitud recibida,2026-01-31 20:06:28,Sistema,Consumo,6400.0,5137.77,0.45,92,Web,48
SOL00322,Recepción de información,2026-02-01 00:06:59,Sistema,Consumo,7300.0,1673.05,0.03,82,Sucursal,23
SOL00918,Recepción de información,2026-02-01 01:57:39,Sistema,Consumo,7300.0,2576.37,0.3,25,Web,32
SOL00785,Solicitud recibida,2026-02-01 08:23:54,Ejecutivo_06,Consumo,3700.0,1697.23,0.32,76,Sucursal,63
SOL00791,Solicitud recibida,2026-02-01 08:59:38,Sistema,Vehicular,10500.0,1001.55,0.27,64,Web,34
SOL00600,Solicitud recibida,2026-02-01 12:21:27,Ejecutivo_04,Personal,9500.0,920.71,0.28,71,Agente,26
SOL00706,Solicitud recibida,2026-02-01 15:53:27,Ejecutivo_03,Consumo,5600.0,1477.46,0.19,306,Sucursal,43
SOL00763,Solicitud recibida,2026-02-01 16:38:09,Sistema,Consumo,3700.0,3496.61,0.13,45,Web,49
SOL00458,Solicitud recibida,2026-02-01 17:17:45,Ejecutivo_06,Personal,16700.0,1086.16,0.18,171,Sucursal,49
SOL00822,Solicitud recibida,2026-02-01 18:52:14,Ejecutivo_05,Consumo,1600.0,2895.94,0.19,10,Sucursal,21
SOL00306,Solicitud recibida,2026-02-01 20:05:46,Ejecutivo_04,Hipotecario,242300.0,1964.99,0.23,19,Sucursal,29
SOL01027,Solicitud recibida,2026-02-01 21:50:12,Sistema,Personal,19400.0,1707.46,0.17,19,Web,51
SOL00113,Aprobación,2026-02-02 08:00:00,Analista_01,Consumo,4800.0,2299.28,0.42,126,Web,22
SOL00918,Verificación de documentos,2026-02-02 08:00:00,Verificador_04,Consumo,7300.0,2576.37,0.3,25,Web,32
SOL01116,Verificación de documentos,2026-02-02 08:00:00,Verificador_02,Consumo,4500.0,1434.0,0.34,20,Sucursal,61
SOL00458,Verificación de documentos,2026-02-02 08:00:00,Verificador_02,Personal,16700.0,1086.16,0.18,171,Sucursal,49
SOL01127,Verificación de documentos,2026-02-02 08:00:00,Verificador_04,Consumo,6400.0,5137.77,0.45,92,Web,48
SOL00843,Desembolso,2026-02-02 08:00:00,Tesoreria,Personal,3700.0,794.19,0.31,11,Sucursal,26
SOL00646,Formalización,2026-02-02 08:00:00,Ejecutivo_04,Personal,15200.0,1335.16,0.21,132,Sucursal,54
SOL00376,Verificación de documentos,2026-02-02 08:00:00,Verificador_02,Hipotecario,121100.0,1390.52,0.33,17,Web,69
SOL00139,Verificación de documentos,2026-02-02 08:00:00,Verificador_02,Vehicular,38300.0,1223.28,0.44,65,Web,53
SOL00322,Verificación de documentos,2026-02-02 08:00:00,Verificador_01,Consumo,7300.0,1673.05,0.03,82,Sucursal,23
SOL00679,Formalización,2026-02-02 08:00:00,Ejecutivo_06,Consumo,3800.0,1247.24,0.2,43,Web,68
SOL01115,Desembolso,2026-02-02 08:00:00,Tesoreria,Hipotecario,57600.0,1390.87,0.19,34,Sucursal,27
SOL00768,Desembolso,2026-02-02 08:00:00,Tesoreria,Consumo,4500.0,748.84,0.18,45,Sucursal,22
SOL00825,Formalización,2026-02-02 08:00:00,Ejecutivo_02,Vehicular,35000.0,2294.18,0.26,20,Web,38
SOL00250,Formalización,2026-02-02 08:00:00,Ejecutivo_06,Personal,16200.0,1475.32,0.31,18,Sucursal,29
SOL00304,Reevaluación,2026-02-02 08:00:00,Analista_05,Consumo,3700.0,898.57,0.57,6,Web,55
SOL00706,Verificación de documentos,2026-02-02 08:00:00,Verificador_04,Consumo,5600.0,1477.46,0.19,306,Sucursal,43
SOL00377,Verificación de documentos,2026-02-02 08:00:00,Verificador_03,Personal,4800.0,1615.52,0.34,49,Sucursal,36
SOL00025,Análisis financiero,2026-02-02 08:00:00,Analista_06,Personal,5400.0,1675.58,0.19,98,Web,56
SOL00749,Verificación de documentos,2026-02-02 08:00:00,Verificador_04,Hipotecario,66700.0,1311.7,0.64,14,Agente,62
SOL00844,Análisis financiero,2026-02-02 08:00:00,Analista_04,Hipotecario,164100.0,286.01,0.81,10,Sucursal,60
SOL00575,Formalización,2026-02-02 08:00:00,Ejecutivo_02,Personal,12200.0,603.47,0.28,114,Sucursal,51
SOL01090,Reevaluación,2026-02-02 08:00:00,Analista_06,Personal,9100.0,1367.89,0.5,48,Web,41
SOL00712,Formalización,2026-02-02 08:00:00,Ejecutivo_04,Vehicular,13400.0,2330.03,0.22,51,Sucursal,39
SOL00583,Desembolso,2026-02-02 08:00:00,Tesoreria,Personal,6700.0,1890.8,0.1,106,Web,27
SOL00740,Verificación de documentos,2026-02-02 08:00:00,Verificador_01,Consumo,5400.0,2310.79,0.07,14,Agente,43
SOL00089,Verificación de documentos,2026-02-02 08:00:00,Verificador_02,Personal,10700.0,662.53,0.23,2,Agente,41
SOL00375,Análisis financiero,2026-02-02 08:00:00,Analista_04,Personal,6500.0,1157.36,0.36,29,Web,32
SOL00307,Desembolso,2026-02-02 08:00:00,Tesoreria,Personal,8500.0,1007.27,0.29,22,Sucursal,21
SOL00043,Verificación de documentos,2026-02-02 08:00:00,Verificador_02,Personal,9000.0,392.72,0.39,7,Web,26
SOL00554,Análisis financiero,2026-02-02 08:00:00,Analista_03,Consumo,5900.0,2090.41,0.85,41,Sucursal,35
SOL01094,Desembolso,2026-02-02 08:00:00,Tesoreria,Consumo,6000.0,1890.17,0.41,90,Sucursal,36
SOL00279,Análisis financiero,2026-02-02 08:00:00,Analista_06,Consumo,6900.0,1941.86,0.61,23,Sucursal,30
SOL01055,Verificación de documentos,2026-02-02 08:00:00,Verificador_02,Personal,16500.0,628.99,0.16,21,Web,46
SOL00083,Desembolso,2026-02-02 08:00:00,Tesoreria,Personal,18300.0,2940.63,0.34,4,Sucursal,23
SOL01107,Verificación de documentos,2026-02-02 08:00:00,Verificador_04,Vehicular,29300.0,1160.15,0.2,87,Sucursal,44
SOL00137,Formalización,2026-02-02 08:00:00,Ejecutivo_05,Personal,3600.0,719.79,0.08,134,Sucursal,44
SOL00261,Formalización,2026-02-02 08:00:00,Ejecutivo_06,Vehicular,28000.0,2673.2,0.6,88,Sucursal,43
SOL00877,Verificación de documentos,2026-02-02 08:00:00,Verificador_01,Hipotecario,207500.0,435.33,0.07,12,Agente,62
SOL00262,Formalización,2026-02-02 08:00:00,Ejecutivo_06,Vehicular,15500.0,3469.73,0.27,36,Web,24
SOL00693,Verificación de documentos,2026-02-02 08:00:00,Verificador_04,Consumo,1200.0,1187.91,0.53,201,Web,32
SOL00671,Verificación de documentos,2026-02-02 08:00:00,Verificador_04,Personal,10600.0,1350.38,0.34,43,Web,57
SOL00643,Desembolso,2026-02-02 08:00:00,Tesoreria,Personal,8800.0,3283.76,0.16,34,Web,27
SOL00096,Formalización,2026-02-02 08:00:00,Ejecutivo_06,Consumo,5200.0,713.97,0.55,25,Sucursal,61
SOL01175,Verificación de documentos,2026-02-02 08:00:00,Verificador_01,Hipotecario,116900.0,2438.11,0.22,25,Sucursal,49
SOL00030,Formalización,2026-02-02 08:00:00,Ejecutivo_04,Hipotecario,96900.0,2144.05,0.56,33,Agente,44
SOL00436,Reevaluación,2026-02-02 08:00:00,Analista_01,Vehicular,28300.0,1420.85,0.44,105,Sucursal,64
SOL00124,Verificación de documentos,2026-02-02 08:00:00,Verificador_04,Hipotecario,133800.0,5803.16,0.26,16,Web,52
SOL00318,Aprobación,2026-02-02 08:00:00,Analista_07,Personal,16900.0,1455.52,0.24,62,Sucursal,67
SOL00514,Reevaluación,2026-02-02 08:00:00,Analista_07,Vehicular,21700.0,1016.57,0.42,105,Sucursal,35
SOL01110,Verificación de documentos,2026-02-02 08:00:00,Verificador_03,Personal,18700.0,3017.27,0.42,26,Web,43
SOL00785,Verificación de documentos,2026-02-02 08:00:00,Verificador_04,Consumo,3700.0,1697.23,0.32,76,Sucursal,63
SOL00713,Formalización,2026-02-02 08:00:00,Ejecutivo_03,Personal,15300.0,1776.81,0.3,8,Sucursal,68
SOL00184,Verificación de documentos,2026-02-02 08:00:00,Verificador_02,Personal,15200.0,653.87,0.07,235,Web,25
SOL01143,Verificación de documentos,2026-02-02 08:00:00,Verificador_02,Vehicular,25500.0,846.61,0.29,43,Sucursal,29
SOL01166,Verificación de documentos,2026-02-02 08:00:00,Verificador_04,Vehicular,17100.0,1018.68,0.03,15,Sucursal,33
SOL01165,Desembolso,2026-02-02 08:00:00,Tesoreria,Consumo,1800.0,1640.98,0.3,70,Agente,65
SOL00450,Formalización,2026-02-02 08:00:00,Ejecutivo_02,Personal,7100.0,2826.41,0.51,90,Sucursal,43
SOL00397,Formalización,2026-02-02 08:00:00,Ejecutivo_04,Consumo,7400.0,1208.7,0.47,55,Web,37
SOL01027,Verificación de documentos,2026-02-02 08:09:00,Verificador_04,Personal,19400.0,1707.46,0.17,19,Web,51
SOL00600,Verificación de documentos,2026-02-02 08:17:17,Verificador_04,Personal,9500.0,920.71,0.28,71,Agente,26
SOL00822,Verificacion de documentos,2026-02-02 08:18:00,Verificador_01,Consumo,1600.0,2895.94,0.19,10,Sucursal,21
SOL00791,Verificación de documentos,2026-02-02 08:20:00,Verificador_04,Vehicular,10500.0,1001.55,0.27,64,Web,34
SOL00763,Verificación de documentos,2026-02-02 08:22:00,Verificador_01,Consumo,3700.0,3496.61,0.13,45,Web,49
SOL00376,Solicitud de información adicional,2026-02-02 08:30:01,Verificador_03,Hipotecario,121100.0,1390.52,0.33,17,Web,69
SOL00706,Solicitud de información adicional,2026-02-02 08:30:01,Verificador_04,Consumo,5600.0,1477.46,0.19,306,Sucursal,43
SOL00740,Solicitud de información adicional,2026-02-02 08:30:01,Verificador_04,Consumo,5400.0,2310.79,0.07,14,Agente,43
SOL00043,Solicitud de información adicional,2026-02-02 08:30:01,Verificador_02,Personal,9000.0,392.72,0.39,7,Web,26
SOL00693,Solicitud de información adicional,2026-02-02 08:30:01,Verificador_03,Consumo,1200.0,1187.91,0.53,201,Web,32
SOL00124,Solicitud de información adicional,2026-02-02 08:30:01,Verificador_04,Hipotecario,133800.0,5803.16,0.26,16,Web,52
SOL01110,Solicitud de información adicional,2026-02-02 08:30:01,Verificador_03,Personal,18700.0,3017.27,0.42,26,Web,43
SOL00184,Solicitud de información adicional,2026-02-02 08:30:01,Verificador_01,Personal,15200.0,653.87,0.07,235,Web,25
SOL00600,Solicitud de información adicional,2026-02-02 08:47:18,Verificador_02,Personal,9500.0,920.71,0.28,71,Agente,26
SOL00306,Verificación de documentos,2026-02-02 10:01:37,Verificador_04,Hipotecario,242300.0,1964.99,0.23,19,Sucursal,29
SOL00554,Aprobación,2026-02-02 10:11:04,Analista_03,Consumo,5900.0,2090.41,0.85,41,Sucursal,35
SOL00279,Aprobación,2026-02-02 10:52:28,Analista_06,Consumo,6900.0,1941.86,0.61,23,Sucursal,30
SOL00375,Aprobación,2026-02-02 11:41:01,Analista_04,Personal,6500.0,1157.36,0.36,29,Web,32
SOL00436,Rechazo,2026-02-02 12:20:35,Analista_01,Vehicular,28300.0,1420.85,0.44,105,Sucursal,64
SOL00371,Recepción de información,2026-02-02 12:21:52,Sistema,Personal,14700.0,552.5,0.37,35,Agente,34
SOL01125,Solicitud recibida,2026-02-02 12:36:58,Sistema,Consumo,7400.0,1257.93,0.32,5,Web,70
SOL00304,Aprobación,2026-02-02 12:40:16,Analista_05,Consumo,3700.0,898.57,0.57,6,Web,55
SOL00240,Solicitud recibida,2026-02-02 13:04:36,Ejecutivo_06,Hipotecario,132300.0,1258.81,0.23,81,Sucursal,38
SOL00970,Solicitud recibida,2026-02-02 14:00:09,Sistema,Vehicular,14200.0,2123.22,0.64,12,Web,35
SOL00025,Aprobación,2026-02-02 14:59:52,Analista_06,Personal,5400.0,1675.58,0.19,98,Web,56
SOL01175,Análisis financiero,2026-02-02 15:05:43,Analista_04,Hipotecario,116900.0,2438.11,0.22,25,Sucursal,49
SOL00514,Rechazo,2026-02-02 15:10:47,Analista_07,Vehicular,21700.0,1016.57,0.42,105,Sucursal,35
SOL01143,Análisis financiero,2026-02-02 16:49:09,Analista_06,Vehicular,25500.0,846.61,0.29,43,Sucursal,29
SOL01163,Solicitud recibida,2026-02-02 17:54:03,Ejecutivo_04,Consumo,3400.0,464.99,0.4,23,Sucursal,69
SOL01031,Solicitud recibida,2026-02-02 20:28:58,Sistema,Personal,9900.0,2374.6,0.23,1,Web,56
SOL00699,Recepcion de informacion,2026-02-02 20:44:31,Sistema,Personal,19800.0,1383.36,0.11,242,Sucursal,46
SOL00644,Solicitud recibida,2026-02-02 20:56:43,Ejecutivo_05,Consumo,2500.0,1635.22,0.45,69,Sucursal,60
SOL00077,Recepción de información,2026-02-02 22:02:51,Sistema,Hipotecario,105500.0,1280.3,0.2,51,Web,26
SOL00600,Recepción de información,2026-02-03 00:17:35,Sistema,Personal,9500.0,920.71,0.28,71,Agente,26
SOL00883,Solicitud recibida,2026-02-03 07:37:35,Ejecutivo_04,Vehicular,23300.0,1932.68,0.21,45,Sucursal,29
SOL00699,Verificación de documentos,2026-02-03 08:00:00,Verificador_03,Personal,19800.0,1383.36,0.11,242,Sucursal,46
SOL00763,Análisis financiero,2026-02-03 08:00:00,Analista_08,Consumo,3700.0,3496.61,0.13,45,Web,49
SOL01163,Verificación de documentos,2026-02-03 08:00:00,Verificador_02,Consumo,3400.0,464.99,0.4,23,Sucursal,69
SOL00279,Formalización,2026-02-03 08:00:00,Ejecutivo_05,Consumo,6900.0,1941.86,0.61,23,Sucursal,30
SOL00306,Análisis financiero,2026-02-03 08:00:00,Analista_02,Hipotecario,242300.0,1964.99,0.23,19,Sucursal,29
SOL01166,Análisis financiero,2026-02-03 08:00:00,Analista_08,Vehicular,17100.0,1018.68,0.03,15,Sucursal,33
SOL00086,Formalización,2026-02-03 08:00:00,Ejecutivo_06,Personal,3200.0,770.49,0.4,57,Sucursal,39
SOL00949,Formalización,2026-02-03 08:00:00,Ejecutivo_06,Hipotecario,158500.0,1913.98,0.02,245,Sucursal,32
SOL00679,Desembolso,2026-02-03 08:00:00,Tesoreria,Consumo,3800.0,1247.24,0.2,43,Web,68
SOL00322,Análisis financiero,2026-02-03 08:00:00,Analista_01,Consumo,7300.0,1673.05,0.03,82,Sucursal,23
SOL00089,Análisis financiero,2026-02-03 08:00:00,Analista_07,Personal,10700.0,662.53,0.23,2,Agente,41
SOL01055,Análisis financiero,2026-02-03 08:00:00,Analista_05,Personal,16500.0,628.99,0.16,21,Web,46
SOL01143,Aprobación,2026-02-03 08:00:00,Analista_06,Vehicular,25500.0,846.61,0.29,43,Sucursal,29
SOL00030,Desembolso,2026-02-03 08:00:00,Tesoreria,Hipotecario,96900.0,2144.05,0.56,33,Agente,44
SOL00240,Verificación de documentos,2026-02-03 08:00:00,Verificador_01,Hipotecario,132300.0,1258.81,0.23,81,Sucursal,38
SOL01125,Verificación de documentos,2026-02-03 08:00:00,Verificador_04,Consumo,7400.0,1257.93,0.32,5,Web,70
SOL00671,Análisis financiero,2026-02-03 08:00:00,Analista_03,Personal,10600.0,1350.38,0.34,43,Web,57
SOL00918,Análisis financiero,2026-02-03 08:00:00,Analista_04,Consumo,7300.0,2576.37,0.3,25,Web,32
SOL00377,Análisis financiero,2026-02-03 08:00:00,Analista_02,Personal,4800.0,1615.52,0.34,49,Sucursal,36
SOL00450,Desembolso,2026-02-03 08:02:00,Tesoreria,Personal,7100.0,2826.41,0.51,90,Sucursal,43
SOL00600,Verificación de documentos,2026-02-03 08:03:00,Verificador_04,Personal,9500.0,920.71,0.28,71,Agente,26
SOL00261,Desembolso,2026-02-03 08:05:00,Tesoreria,Vehicular,28000.0,2673.2,0.6,88,Sucursal,43
SOL01090,Reevaluación,2026-02-03 08:13:00,Analista_06,Personal,9100.0,1367.89,0.5,48,Web,41
SOL00397,Desembolso,2026-02-03 08:13:00,Tesoreria,Consumo,7400.0,1208.7,0.47,55,Web,37
SOL01127,Análisis financiero,2026-02-03 08:14:00,Analista_07,Consumo,6400.0,5137.77,0.45,92,Web,48
SOL01031,Verificación de documentos,2026-02-03 08:14:00,Verificador_03,Personal,9900.0,2374.6,0.23,1,Web,56
SOL00139,Análisis financiero,2026-02-03 08:17:00,Analista_07,Vehicular,38300.0,1223.28,0.44,65,Web,53
SOL00712,Desembolso,2026-02-03 08:17:00,Tesoreria,Vehicular,13400.0,2330.03,0.22,51,Sucursal,39
SOL00575,Desembolso,2026-02-03 08:19:00,Tesoreria,Personal,12200.0,603.47,0.28,114,Sucursal,51
SOL00096,Desembolso,2026-02-03 08:19:00,Tesoreria,Consumo,5200.0,713.97,0.55,25,Sucursal,61
SOL01107,Análisis financiero,2026-02-03 08:20:00,Analista_06,Vehicular,29300.0,1160.15,0.2,87,Sucursal,44
SOL00785,Análisis financiero,2026-02-03 08:20:00,Analista_03,Consumo,3700.0,1697.23,0.32,76,Sucursal,63
SOL00371,Verificación de documentos,2026-02-03 08:21:00,Verificador_01,Personal,14700.0,552.5,0.37,35,Agente,34
SOL00137,Desembolso,2026-02-03 08:25:00,Tesoreria,Personal,3600.0,719.79,0.08,134,Sucursal,44
SOL00077,Verificación de documentos,2026-02-03 08:25:00,Verificador_02,Hipotecario,105500.0,1280.3,0.2,51,Web,26
SOL00970,Verificación de documentos,2026-02-03 08:26:00,Verificador_01,Vehicular,14200.0,2123.22,0.64,12,Web,35
SOL00250,Desembolso,2026-02-03 08:29:00,Tesoreria,Personal,16200.0,1475.32,0.31,18,Sucursal,29
SOL01125,Solicitud de información adicional,2026-02-03 08:30:01,Verificador_03,Consumo,7400.0,1257.93,0.32,5,Web,70
SOL01031,Solicitud de información adicional,2026-02-03 08:44:01,Verificador_03,Personal,9900.0,2374.6,0.23,1,Web,56
SOL01107,Rechazo,2026-02-03 09:52:05,Analista_06,Vehicular,29300.0,1160.15,0.2,87,Sucursal,44
SOL00644,Verificación de documentos,2026-02-03 09:52:49,Verificador_04,Consumo,2500.0,1635.22,0.45,69,Sucursal,60
SOL00561,solicitud recibida,2026-02-03 10:00:34,Sistema,Hipotecario,114800.0,2239.0,0.41,22,Web,21
SOL00785,Aprobación,2026-02-03 10:04:30,Analista_03,Consumo,3700.0,1697.23,0.32,76,Sucursal,63
SOL00377,Aprobación,2026-02-03 10:09:44,Analista_02,Personal,4800.0,1615.52,0.34,49,Sucursal,36
SOL00763,Aprobación,2026-02-03 10:12:53,Analista_08,Consumo,3700.0,3496.61,0.13,45,Web,49
SOL00182,Solicitud recibida,2026-02-03 10:42:05,Ejecutivo_06,Personal,19600.0,2117.55,0.27,24,Sucursal,67
SOL00198,Solicitud recibida,2026-02-03 10:44:52,Sistema,Personal,6500.0,846.17,0.21,89,Web,55
SOL00791,Análisis financiero,2026-02-03 11:29:49,Analista_08,Vehicular,10500.0,1001.55,0.27,64,Web,34
SOL00322,Aprobación,2026-02-03 11:59:08,Analista_01,Consumo,7300.0,1673.05,0.03,82,Sucursal,23
SOL01166,Aprobación,2026-02-03 12:07:08,Analista_08,Vehicular,17100.0,1018.68,0.03,15,Sucursal,33
SOL00089,Aprobación,2026-02-03 12:16:37,Analista_07,Personal,10700.0,662.53,0.23,2,Agente,41
SOL00519,Formalización,2026-02-03 12:29:41,Ejecutivo_02,Personal,8200.0,2500.87,0.18,82,Web,45
SOL00918,Aprobación,2026-02-03 12:40:07,Analista_04,Consumo,7300.0,2576.37,0.3,25,Web,32
SOL00646,Desembolso,2026-02-03 12:47:32,Tesoreria,Personal,15200.0,1335.16,0.21,132,Sucursal,54
SOL00182,Verificación de documentos,2026-02-03 13:14:11,Verificador_02,Personal,19600.0,2117.55,0.27,24,Sucursal,67
SOL00652,Recepción de información,2026-02-03 13:52:37,Sistema,Consumo,1500.0,1309.47,0.34,76,Agente,37
SOL00935,Solicitud recibida,2026-02-03 14:14:11,Ejecutivo_06,Personal,15700.0,1341.81,0.13,29,Sucursal,67
SOL01055,Aprobación,2026-02-03 14:22:09,Analista_05,Personal,16500.0,628.99,0.16,21,Web,46
SOL00671,Aprobación,2026-02-03 14:48:15,Analista_03,Personal,10600.0,1350.38,0.34,43,Web,57
SOL00458,Análisis financiero,2026-02-03 15:13:43,Analista_02,Personal,16700.0,1086.16,0.18,171,Sucursal,49
SOL01163,Análisis financiero,2026-02-03 15:18:32,Analista_08,Consumo,3400.0,464.99,0.4,23,Sucursal,69
SOL01027,Análisis financiero,2026-02-03 15:29:13,Analista_01,Personal,19400.0,1707.46,0.17,19,Web,51
SOL01090,Rechazo,2026-02-03 16:00:15,Analista_06,Personal,9100.0,1367.89,0.5,48,Web,41
SOL00009,Solicitud recibida,2026-02-03 16:00:33,Ejecutivo_05,Vehicular,36800.0,1636.99,0.22,70,Agente,38
SOL00791,Aprobación,2026-02-03 16:00:45,Analista_08,Vehicular,10500.0,1001.55,0.27,64,Web,34
SOL00025,Formalización,2026-02-03 16:08:17,Ejecutivo_03,Personal,5400.0,1675.58,0.19,98,Web,56
SOL00822,Análisis financiero,2026-02-03 16:35:44,Analista_07,Consumo,1600.0,2895.94,0.19,10,Sucursal,21
SOL00534,Solicitud recibida,2026-02-03 17:32:59,Ejecutivo_01,Personal,15500.0,3055.36,0.12,24,Agente,33
SOL01159,Solicitud recibida,2026-02-03 18:48:54,Ejecutivo_06,Personal,8600.0,2121.27,0.5,66,Sucursal,53
SOL00706,Recepción de información,2026-02-03 19:25:53,Sistema,Consumo,5600.0,1477.46,0.19,306,Sucursal,43
SOL00363,Recepción de información,2026-02-04 01:14:06,Sistema,Personal,13500.0,1716.96,0.29,181,Sucursal,69
SOL00043,Recepción de información,2026-02-04 06:37:55,Sistema,Personal,9000.0,392.72,0.39,7,Web,26
SOL00458,Aprobación,2026-02-04 08:00:00,Analista_02,Personal,16700.0,1086.16,0.18,171,Sucursal,49
SOL01027,Aprobación,2026-02-04 08:00:00,Analista_01,Personal,19400.0,1707.46,0.17,19,Web,51
SOL00699,Análisis financiero,2026-02-04 08:00:00,Analista_06,Personal,19800.0,1383.36,0.11,242,Sucursal,46
SOL00970,Análisis financiero,2026-02-04 08:00:00,Analista_06,Vehicular,14200.0,2123.22,0.64,12,Web,35
SOL01116,Análisis financiero,2026-02-04 08:00:00,Analista_03,Consumo,4500.0,1434.0,0.34,20,Sucursal,61
SOL00198,Verificación de documentos,2026-02-04 08:00:00,Verificador_03,Personal,6500.0,846.17,0.21,89,Web,55
SOL00371,Análisis financiero,2026-02-04 08:00:00,Analista_08,Personal,14700.0,552.5,0.37,35,Agente,34
SOL00883,Verificación de documentos,2026-02-04 08:00:00,Verificador_01,Vehicular,23300.0,1932.68,0.21,45,Sucursal,29
SOL00822,Aprobación,2026-02-04 08:00:00,Analista_07,Consumo,1600.0,2895.94,0.19,10,Sucursal,21
SOL00644,Análisis financiero,2026-02-04 08:00:00,Analista_01,Consumo,2500.0,1635.22,0.45,69,Sucursal,60
SOL00375,Formalización,2026-02-04 08:00:00,Ejecutivo_04,Personal,6500.0,1157.36,0.36,29,Web,32
SOL00262,Desembolso,2026-02-04 08:00:00,Tesoreria,Vehicular,15500.0,3469.73,0.27,36,Web,24
SOL00519,Desembolso,2026-02-04 08:00:00,Tesoreria,Personal,8200.0,2500.87,0.18,82,Web,45
SOL01163,Aprobación,2026-02-04 08:00:00,Analista_08,Consumo,3400.0,464.99,0.4,23,Sucursal,69
SOL00652,Verificación de documentos,2026-02-04 08:00:00,Verificador_04,Consumo,1500.0,1309.47,0.34,76,Agente,37
SOL00935,Verificación de documentos,2026-02-04 08:00:00,Verificador_01,Personal,15700.0,1341.81,0.13,29,Sucursal,67
SOL00009,Verificación de documentos,2026-02-04 08:00:00,Verificador_04,Vehicular,36800.0,1636.99,0.22,70,Agente,38
SOL00825,Desembolso,2026-02-04 08:00:00,Tesoreria,Vehicular,35000.0,2294.18,0.26,20,Web,38
SOL00534,Verificación de documentos,2026-02-04 08:02:00,Verificador_02,Personal,15500.0,3055.36,0.12,24,Agente,33
SOL01159,Verificación de documentos,2026-02-04 08:07:24,Verificador_03,Personal,8600.0,2121.27,0.5,66,Sucursal,53
SOL00561,Verificación de documentos,2026-02-04 08:15:00,Verificador_03,Hipotecario,114800.0,2239.0,0.41,22,Web,21
SOL00240,Análisis financiero,2026-02-04 08:18:00,Analista_05,Hipotecario,132300.0,1258.81,0.23,81,Sucursal,38
SOL00182,Análisis financiero,2026-02-04 08:26:00,Analista_03,Personal,19600.0,2117.55,0.27,24,Sucursal,67
SOL00935,Solicitud de información adicional,,Verificador_02,Personal,15700.0,1341.81,0.13,29,Sucursal,67
SOL00534,Solicitud de información adicional,2026-02-04 08:32:01,Verificador_02,Personal,15500.0,3055.36,0.12,24,Agente,33
SOL01101,Solicitud recibida,2026-02-04 09:14:21,Ejecutivo_05,Personal,11100.0,3058.1,0.25,54,Sucursal,27
SOL00600,Análisis financiero,2026-02-04 10:01:33,Analista_07,Personal,9500.0,920.71,0.28,71,Agente,26
SOL00321,Solicitud recibida,2026-02-04 10:21:19,Sistema,Vehicular,24000.0,1458.13,0.06,6,Web,67
SOL01116,Aprobación,2026-02-04 10:27:14,Analista_03,Consumo,4500.0,1434.0,0.34,20,Sucursal,61
SOL00970,Rechazo,2026-02-04 10:38:05,Analista_06,Vehicular,14200.0,2123.22,0.64,12,Web,35
SOL00182,Aprobación,2026-02-04 10:44:35,Analista_03,Personal,19600.0,2117.55,0.27,24,Sucursal,67
SOL00706,Verificación de documentos,2026-02-04 10:48:35,Verificador_04,Consumo,5600.0,1477.46,0.19,306,Sucursal,43
SOL00572,Solicitud recibida,2026-02-04 11:06:07,Ejecutivo_06,Personal,5300.0,2275.36,0.27,105,Agente,49
SOL00363,Verificación de documentos,2026-02-04 11:12:11,Verificador_02,Personal,13500.0,1716.96,0.29,181,Sucursal,69
SOL00638,Solicitud recibida,2026-02-04 11:34:50,Ejecutivo_04,Consumo,1800.0,1717.02,0.3,132,Sucursal,33
SOL00279,Desembolso,2026-02-04 11:43:52,Tesoreria,Consumo,6900.0,1941.86,0.61,23,Sucursal,30
SOL00699,Rechazo,2026-02-04 11:55:20,Analista_06,Personal,19800.0,1383.36,0.11,242,Sucursal,46
SOL00713,Desembolso,2026-02-04 12:03:53,Tesoreria,Personal,15300.0,1776.81,0.3,8,Sucursal,68
SOL00644,Rechazo,2026-02-04 12:28:43,Analista_01,Consumo,2500.0,1635.22,0.45,69,Sucursal,60
SOL00749,Análisis financiero,2026-02-04 12:42:11,Analista_03,Hipotecario,66700.0,1311.7,0.64,14,Agente,62
SOL00371,Aprobación,2026-02-04 12:43:41,Analista_08,Personal,14700.0,552.5,0.37,35,Agente,34
SOL00889,Recepción de información,2026-02-04 13:26:59,Sistema,Vehicular,21900.0,2425.69,0.06,8,Sucursal,25
SOL00600,Aprobación,2026-02-04 13:37:05,Analista_07,Personal,9500.0,920.71,0.28,71,Agente,26
SOL00043,Verificación de documentos,2026-02-04 13:53:17,Verificador_03,Personal,9000.0,392.72,0.39,7,Web,26
SOL00043,Solicitud de información adicional,2026-02-04 14:23:18,Verificador_03,Personal,9000.0,392.72,0.39,7,Web,26
SOL00318,Formalización,2026-02-04 14:34:03,Ejecutivo_02,Personal,16900.0,1455.52,0.24,62,Sucursal,67
SOL00572,Verificación de documentos,2026-02-04 15:34:47,Verificador_04,Personal,5300.0,2275.36,0.27,105,Agente,49
SOL00164,Desistimiento,2026-02-04 15:35:30,Sistema,Personal,5900.0,656.65,0.29,17,Web,55
SOL00548,Solicitud recibida,2026-02-04 15:47:04,Ejecutivo_05,Personal,11700.0,1154.73,0.41,15,Agente,64
SOL00918,Formalización,2026-02-04 15:59:36,Ejecutivo_05,Consumo,7300.0,2576.37,0.3,25,Web,32
SOL00572,Solicitud de información adicional,2026-02-04 16:04:48,Verificador_01,Personal,5300.0,2275.36,0.27,105,Agente,49
SOL01110,Recepción de información,2026-02-04 16:41:28,Sistema,Personal,18700.0,3017.27,0.42,26,Web,43
SOL00756,Solicitud recibida,2026-02-04 17:41:49,Ejecutivo_05,Vehicular,39200.0,2889.46,0.15,118,Sucursal,40
SOL00161,Solicitud recibida,2026-02-04 17:54:22,Sistema,Personal,18700.0,1448.24,0.46,23,Web,56
SOL00766,Solicitud recibida,2026-02-04 20:23:46,Ejecutivo_05,Consumo,5500.0,2550.95,0.19,26,Agente,50
SOL00376,Recepción de información,2026-02-05 05:18:18,Sistema,Hipotecario,121100.0,1390.52,0.33,17,Web,69
SOL00791,Formalización,2026-02-05 08:00:00,Ejecutivo_04,Vehicular,10500.0,1001.55,0.27,64,Web,34
SOL00009,Análisis financiero,2026-02-05 08:00:00,Analista_04,Vehicular,36800.0,1636.99,0.22,70,Agente,38
SOL01127,Reevaluación,2026-02-05 08:00:00,Analista_07,Consumo,6400.0,5137.77,0.45,92,Web,48
SOL00638,Verificación de documentos,2026-02-05 08:00:00,Verificador_04,Consumo,1800.0,1717.02,0.3,132,Sucursal,33
SOL00358,Formalización,2026-02-05 08:00:00,Ejecutivo_05,Vehicular,25600.0,1725.75,0.19,23,Web,49
SOL00025,Desembolso,2026-02-05 08:00:00,Tesoreria,Personal,5400.0,1675.58,0.19,98,Web,56
SOL00077,Análisis financiero,2026-02-05 08:00:00,Analista_07,Hipotecario,105500.0,1280.3,0.2,51,Web,26
SOL00877,Análisis financiero,2026-02-05 08:00:00,Analista_07,Hipotecario,207500.0,435.33,0.07,12,Agente,62
SOL00889,Verificación de documentos,2026-02-05 08:00:00,Verificador_04,Vehicular,21900.0,2425.69,0.06,8,Sucursal,25
SOL00554,Formalización,2026-02-05 08:00:00,Ejecutivo_05,Consumo,5900.0,2090.41,0.85,41,Sucursal,35
SOL00883,Análisis financiero,2026-02-05 08:00:00,Analista_04,Vehicular,23300.0,1932.68,0.21,45,Sucursal,29
SOL00918,Desembolso,2026-02-05 08:01:00,Tesoreria,Consumo,7300.0,2576.37,0.3,25,Web,32
SOL00375,Desembolso,2026-02-05 08:07:00,Tesoreria,Personal,6500.0,1157.36,0.36,29,Web,32
SOL00766,Verificación de documentos,2026-02-05 08:09:00,Verificador_03,Consumo,5500.0,2550.95,0.19,26,Agente,50
SOL00304,Formalización,2026-02-05 08:11:00,Ejecutivo_06,Consumo,3700.0,898.57,0.57,6,Web,55
SOL01159,Análisis financiero ,2026-02-05 08:17:00,Analista_01,Personal,8600.0,2121.27,0.5,66,Sucursal,53
SOL00561,Análisis financiero,2026-02-05 08:19:00,Analista_08,Hipotecario,114800.0,2239.0,0.41,22,Web,21
SOL00161,Verificación de documentos,2026-02-05 08:20:00,Verificador_02,Personal,18700.0,1448.24,0.46,23,Web,56
SOL00322,Formalización,2026-02-05 08:23:00,Ejecutivo_01,Consumo,7300.0,1673.05,0.03,82,Sucursal,23
SOL00548,Verificación de documentos,2026-02-05 08:25:00,Verificador_03,Personal,11700.0,1154.73,0.41,15,Agente,64
SOL01110,Verificación de documentos,2026-02-05 08:29:00,Verificador_01,Personal,18700.0,3017.27,0.42,26,Web,43
SOL00321,Verificación de documentos,2026-02-05 08:29:28,Verificador_02,Vehicular,24000.0,1458.13,0.06,6,Web,67
SOL00113,Formalización,2026-02-05 08:32:22,Ejecutivo_06,Consumo,4800.0,2299.28,0.42,126,Web,22
SOL00161,Solicitud de información adicional,2026-02-05 08:50:01,Verificador_04,Personal,18700.0,1448.24,0.46,23,Web,56
SOL00376,Verificación de documentos,2026-02-05 08:56:21,Verificador_02,Hipotecario,121100.0,1390.52,0.33,17,Web,69
SOL01110,Solicitud de información adicional,2026-02-05 08:59:01,Verificador_04,Personal,18700.0,3017.27,0.42,26,Web,43
SOL00376,Solicitud de información adicional,2026-02-05 09:26:22,Verificador_02,Hipotecario,121100.0,1390.52,0.33,17,Web,69
SOL00139,Comité de crédito,2026-02-05 10:00:01,Comite,Vehicular,38300.0,1223.28,0.44,65,Web,53
SOL00306,Comité de crédito,2026-02-05 10:00:01,Comite,Hipotecario,242300.0,1964.99,0.23,19,Sucursal,29
SOL00240,Comité de crédito,2026-02-05 10:00:01,Comite,Hipotecario,132300.0,1258.81,0.23,81,Sucursal,38
SOL00844,Comité de crédito,2026-02-05 10:00:01,Comite,Hipotecario,164100.0,286.01,0.81,10,Sucursal,60
SOL01175,Comité de crédito,2026-02-05 10:00:01,Comite,Hipotecario,116900.0,2438.11,0.22,25,Sucursal,49
SOL00191,Comité de crédito,2026-02-05 10:00:01,Comite,Hipotecario,98400.0,2223.9,0.38,2,Agente,68
SOL01038,Comité de crédito,2026-02-05 10:00:01,Comite,Hipotecario,99200.0,1285.38,0.16,26,Sucursal,65
SOL00749,Comité de crédito,2026-02-05 10:00:01,Comite,Hipotecario,66700.0,1311.7,0.64,14,Agente,62
SOL00471,Comité de crédito,2026-02-05 10:00:01,Comite,Vehicular,38200.0,1754.81,0.43,41,Sucursal,62
SOL00301,Solicitud recibida,2026-02-05 10:50:43,Ejecutivo_03,Vehicular,24200.0,1722.53,0.38,109,Sucursal,36
SOL00198,Análisis financiero,2026-02-05 11:35:33,Analista_05,Personal,6500.0,846.17,0.21,89,Web,55
SOL01101,Verificación de documentos,2026-02-05 11:42:06,Verificador_02,Personal,11100.0,3058.1,0.25,54,Sucursal,27
SOL01127,Aprobación,2026-02-05 12:05:21,Analista_07,Consumo,6400.0,5137.77,0.45,92,Web,48
SOL00191,Aprobación,2026-02-05 12:38:00,Comite,Hipotecario,98400.0,2223.9,0.38,2,Agente,68
SOL01175,Aprobación,2026-02-05 12:47:53,Comite,Hipotecario,116900.0,2438.11,0.22,25,Sucursal,49
SOL00652,Análisis financiero,2026-02-05 13:00:08,Analista_03,Consumo,1500.0,1309.47,0.34,76,Agente,37
SOL00706,Análisis financiero,2026-02-05 13:03:11,Analista_02,Consumo,5600.0,1477.46,0.19,306,Sucursal,43
SOL00883,Aprobación,2026-02-05 13:12:24,Analista_04,Vehicular,23300.0,1932.68,0.21,45,Sucursal,29
SOL00378,Solicitud recibida,2026-02-05 14:00:15,Sistema,Personal,14400.0,1325.87,0.28,54,Web,60
SOL00756,Verificación de documentos,2026-02-05 14:46:08,Verificador_03,Vehicular,39200.0,2889.46,0.15,118,Sucursal,40
SOL01038,Aprobación,2026-02-05 15:01:05,Comite,Hipotecario,99200.0,1285.38,0.16,26,Sucursal,65
SOL00306,Aprobación,2026-02-05 16:03:20,Comite,Hipotecario,242300.0,1964.99,0.23,19,Sucursal,29
SOL00652,Aprobación,2026-02-05 16:49:17,Analista_03,Consumo,1500.0,1309.47,0.34,76,Agente,37
SOL00791,Desembolso,2026-02-05 16:53:39,Tesoreria,Vehicular,10500.0,1001.55,0.27,64,Web,34
SOL00363,Análisis financiero,2026-02-06 08:00:00,Analista_07,Personal,13500.0,1716.96,0.29,181,Sucursal,69
SOL00756,Análisis financiero,2026-02-06 08:00:00,Analista_01,Vehicular,39200.0,2889.46,0.15,118,Sucursal,40
SOL00671,Formalización,2026-02-06 08:00:00,Ejecutivo_02,Personal,10600.0,1350.38,0.34,43,Web,57
SOL00301,Verificación de documentos,2026-02-06 08:00:00,Verificador_02,Vehicular,24200.0,1722.53,0.38,109,Sucursal,36
SOL00198,Aprobación,2026-02-06 08:00:00,Analista_05,Personal,6500.0,846.17,0.21,89,Web,55
SOL00785,Formalización,2026-02-06 08:00:00,Ejecutivo_03,Consumo,3700.0,1697.23,0.32,76,Sucursal,63
SOL00749,Reevaluación,2026-02-06 08:00:00,Analista_03,Hipotecario,66700.0,1311.7,0.64,14,Agente,62
SOL00318,Desembolso,2026-02-06 08:00:00,Tesoreria,Personal,16900.0,1455.52,0.24,62,Sucursal,67
SOL00706,Aprobación,2026-02-06 08:00:00,Analista_02,Consumo,5600.0,1477.46,0.19,306,Sucursal,43
SOL00240,Aprobación,2026-02-06 08:00:00,Comite,Hipotecario,132300.0,1258.81,0.23,81,Sucursal,38
SOL00321,Análisis financiero,2026-02-06 08:00:00,Analista_02,Vehicular,24000.0,1458.13,0.06,6,Web,67
SOL00766,Análisis financiero,2026-02-06 08:04:00,Analista_04,Consumo,5500.0,2550.95,0.19,26,Agente,50
SOL00554,Desembolso,2026-02-06 08:08:00,Tesoreria,Consumo,5900.0,2090.41,0.85,41,Sucursal,35
SOL00377,Formalización,2026-02-06 08:12:00,Ejecutivo_03,Personal,4800.0,1615.52,0.34,49,Sucursal,36
SOL00378,Verificación de documentos,2026-02-06 08:15:00,Verificador_01,Personal,14400.0,1325.87,0.28,54,Web,60
SOL00358,Desembolso,2026-02-06 08:20:00,Tesoreria,Vehicular,25600.0,1725.75,0.19,23,Web,49
SOL01101,Análisis financiero,2026-02-06 08:24:00,Analista_07,Personal,11100.0,3058.1,0.25,54,Sucursal,27
SOL00322,Desembolso,2026-02-06 08:25:00,Tesoreria,Consumo,7300.0,1673.05,0.03,82,Sucursal,23
SOL00113,Desembolso,2026-02-06 08:26:00,Tesoreria,Consumo,4800.0,2299.28,0.42,126,Web,22
SOL00301,Solicitud de información adicional,2026-02-06 08:30:01,Verificador_03,Vehicular,24200.0,1722.53,0.38,109,Sucursal,36
SOL01116,Formalización,2026-02-06 08:30:21,Ejecutivo_02,Consumo,4500.0,1434.0,0.34,20,Sucursal,61
SOL00372,Solicitud recibida,2026-02-06 09:04:35,Sistema,Hipotecario,135500.0,1365.13,0.38,119,Web,52
SOL00844,Reevaluación,2026-02-06 09:26:51,Analista_04,Hipotecario,164100.0,286.01,0.81,10,Sucursal,60
SOL00123,Solicitud recibida,2026-02-06 10:06:35,Sistema,Personal,8900.0,1584.14,0.32,182,Web,64
SOL00304,Desembolso,2026-02-06 10:19:02,Tesoreria,Consumo,3700.0,898.57,0.57,6,Web,55
SOL00652,Formalización,2026-02-06 10:38:17,Ejecutivo_06,Consumo,1500.0,1309.47,0.34,76,Agente,37
SOL00471,Reevaluación,2026-02-06 11:00:03,Analista_06,Vehicular,38200.0,1754.81,0.43,41,Sucursal,62
SOL00321,Aprobación,2026-02-06 11:01:43,Analista_02,Vehicular,24000.0,1458.13,0.06,6,Web,67
SOL00139,Reevaluación,2026-02-06 12:04:48,Analista_07,Vehicular,38300.0,1223.28,0.44,65,Web,53
SOL01101,Aprobación,2026-02-06 12:05:33,Analista_07,Personal,11100.0,3058.1,0.25,54,Sucursal,27
SOL01166,Formalización,2026-02-06 12:06:18,Ejecutivo_02,Vehicular,17100.0,1018.68,0.03,15,Sucursal,33
SOL00766,Rechazo,2026-02-06 12:08:22,Analista_04,Consumo,5500.0,2550.95,0.19,26,Agente,50
SOL00889,Análisis financiero,2026-02-06 12:43:01,Analista_06,Vehicular,21900.0,2425.69,0.06,8,Sucursal,25
SOL00844,Rechazo,2026-02-06 12:44:27,Analista_04,Hipotecario,164100.0,286.01,0.81,10,Sucursal,60
SOL00508,Solicitud recibida,2026-02-06 13:05:25,Sistema,Hipotecario,169400.0,2624.08,0.29,136,Web,40
SOL01143,Formalización,2026-02-06 13:37:03,Ejecutivo_01,Vehicular,25500.0,846.61,0.29,43,Sucursal,29
SOL00363,Aprobación,2026-02-06 13:47:05,Analista_07,Personal,13500.0,1716.96,0.29,181,Sucursal,69
SOL00182,Formalización,2026-02-06 14:10:09,Ejecutivo_03,Personal,19600.0,2117.55,0.27,24,Sucursal,67
SOL01155,Solicitud recibida,2026-02-06 14:22:36,Ejecutivo_06,Hipotecario,107600.0,1625.96,0.18,57,Sucursal,55
SOL00372,Verificación de documentos,2026-02-06 14:31:19,Verificador_03,Hipotecario,135500.0,1365.13,0.38,119,Web,52
SOL00789,Solicitud recibida,2026-02-06 14:34:35,Sistema,Consumo,5200.0,686.28,0.2,29,Web,64
SOL00698,Solicitud recibida,2026-02-06 14:35:10,Sistema,Consumo,4800.0,1515.71,0.49,10,Web,27
SOL01159,Reevaluación,2026-02-06 14:45:19,Analista_01,Personal,8600.0,2121.27,0.5,66,Sucursal,53
SOL00372,Solicitud de información adicional,2026-02-06 15:01:20,Verificador_01,Hipotecario,135500.0,1365.13,0.38,119,Web,52
SOL00471,Aprobación,2026-02-06 15:33:38,Analista_06,Vehicular,38200.0,1754.81,0.43,41,Sucursal,62
SOL00123,Verificación de documentos,2026-02-06 16:19:27,Verificador_03,Personal,8900.0,1584.14,0.32,182,Web,64
SOL00275,Solicitud recibida,2026-02-06 17:57:34,Ejecutivo_01,Consumo,4000.0,752.04,0.11,4,Sucursal,23
SOL00813,Solicitud recibida,2026-02-06 18:15:46,Ejecutivo_02,Hipotecario,196500.0,1549.63,0.17,57,Sucursal,56
SOL01125,Recepción de información,2026-02-06 19:29:22,Sistema,Consumo,7400.0,1257.93,0.32,5,Web,70
SOL00124,Recepción de información,2026-02-07 06:56:41,Sistema,Hipotecario,133800.0,5803.16,0.26,16,Web,52
SOL00098,Solicitud recibida,2026-02-07 07:59:39,Ejecutivo_03,Consumo,6500.0,1142.69,0.26,44,Sucursal,30
SOL01108,Solicitud recibida,2026-02-07 10:41:46,Ejecutivo_05,Personal,9000.0,2536.64,0.23,91,Sucursal,38
SOL00840,Solicitud recibida,2026-02-07 10:47:40,Sistema,Consumo,5700.0,1205.26,0.2,20,Web,27
SOL00370,Solicitud recibida,2026-02-07 12:08:38,Sistema,Consumo,7700.0,2487.71,0.58,18,Web,60
SOL00634,Solicitud recibida,2026-02-07 12:15:45,Ejecutivo_05,Personal,6700.0,2359.1,0.27,28,Sucursal,51
SOL01017,Solicitud recibida,2026-02-07 15:08:50,Ejecutivo_03,Vehicular,16600.0,1614.58,0.21,106,Sucursal,26
SOL01105,Solicitud recibida,2026-02-07 15:17:36,Sistema,Personal,5300.0,2426.56,0.49,36,Web,44
SOL00042,Solicitud recibida,2026-02-07 15:27:40,Sistema,Vehicular,36500.0,644.75,0.49,105,Web,69
SOL00496,Solicitud recibida,2026-02-07 18:23:20,Ejecutivo_02,Hipotecario,196400.0,1144.67,0.33,41,Sucursal,41
SOL01031,Recepción de información,2026-02-07 19:56:39,Sistema,Personal,9900.0,2374.6,0.23,1,Web,56
SOL00486,Solicitud recibida,2026-02-07 20:06:38,Sistema,Personal,9100.0,1465.18,0.19,13,Web,54
SOL00161,Recepción de información,2026-02-08 02:01:40,Sistema,Personal,18700.0,1448.24,0.46,23,Web,56
SOL00299,Solicitud recibida,2026-02-08 08:28:22,Ejecutivo_05,Consumo,4500.0,1826.27,0.44,2,Sucursal,38
SOL01148,Solicitud recibida,2026-02-08 08:42:55,Ejecutivo_01,Personal,9800.0,1617.89,0.41,82,Sucursal,29
SOL00540,Solicitud recibida,2026-02-08 10:44:50,Sistema,Personal,6000.0,1442.86,0.37,77,Web,66
SOL01130,Solicitud recibida,2026-02-08 12:42:23,Ejecutivo_06,Vehicular,39100.0,2138.2,0.29,42,Sucursal,50
SOL00301,Recepción de información,2026-02-08 13:44:34,Sistema,Vehicular,24200.0,1722.53,0.38,109,Sucursal,36
SOL00996,Solicitud recibida,2026-02-08 14:02:02,Sistema,Consumo,3900.0,850.26,0.48,7,Web,26
SOL00721,Solicitud recibida,2026-02-08 18:26:40,Ejecutivo_03,Consumo,4200.0,1883.66,0.08,67,Sucursal,62
SOL00740,Recepción de información,2026-02-08 21:48:39,Sistema,Consumo,5400.0,2310.79,0.07,14,Agente,43
SOL00043,Recepción de información,2026-02-09 02:02:08,Sistema,Personal,9000.0,392.72,0.39,7,Web,26
SOL00572,Recepción de información,2026-02-09 02:56:38,Sistema,Personal,5300.0,2275.36,0.27,105,Agente,49
SOL01054,Solicitud recibida,2026-02-09 07:09:37,Sistema,Personal,12500.0,911.3,0.14,55,Web,35
SOL00698,Verificación de documentos,2026-02-09 08:00:00,Verificador_01,Consumo,4800.0,1515.71,0.49,10,Web,27
SOL00785,Desembolso,2026-02-09 08:00:00,Tesoreria,Consumo,3700.0,1697.23,0.32,76,Sucursal,63
SOL00124,Verificación de documentos ,2026-02-09 08:00:00,Verificador_04,Hipotecario,133800.0,5803.16,0.26,16,Web,52
SOL01038,Formalización,2026-02-09 08:00:00,Ejecutivo_01,Hipotecario,99200.0,1285.38,0.16,26,Sucursal,65
SOL01163,Formalización,2026-02-09 08:00:00,Ejecutivo_03,Consumo,3400.0,464.99,0.4,23,Sucursal,69
SOL00371,Formalización,2026-02-09 08:00:00,Ejecutivo_06,Personal,14700.0,552.5,0.37,35,Agente,34
SOL01055,Formalización,2026-02-09 08:00:00,Ejecutivo_03,Personal,16500.0,628.99,0.16,21,Web,46
SOL00652,Desembolso,2026-02-09 08:00:00,Tesoreria,Consumo,1500.0,1309.47,0.34,76,Agente,37
SOL00182,Desembolso,2026-02-09 08:00:00,Tesoreria,Personal,19600.0,2117.55,0.27,24,Sucursal,67
SOL00299,Verificación de documentos,2026-02-09 08:00:00,Verificador_03,Consumo,4500.0,1826.27,0.44,2,Sucursal,38
SOL01159,Aprobación,2026-02-09 08:00:00,Analista_01,Personal,8600.0,2121.27,0.5,66,Sucursal,53
SOL00889,Aprobación,2026-02-09 08:00:00,Analista_06,Vehicular,21900.0,2425.69,0.06,8,Sucursal,25
SOL01105,Verificación de documentos,2026-02-09 08:00:00,Verificador_02,Personal,5300.0,2426.56,0.49,36,Web,44
SOL00301,Verificación de documentos,2026-02-09 08:00:00,Verificador_02,Vehicular,24200.0,1722.53,0.38,109,Sucursal,36
SOL00139,Rechazo,2026-02-09 08:00:00,Analista_07,Vehicular,38300.0,1223.28,0.44,65,Web,53
SOL00763,Formalización,2026-02-09 08:00:00,Ejecutivo_05,Consumo,3700.0,3496.61,0.13,45,Web,49
SOL01155,Verificación de documentos,2026-02-09 08:00:00,Verificador_01,Hipotecario,107600.0,1625.96,0.18,57,Sucursal,55
SOL00086,Desembolso,2026-02-09 08:00:00,Tesoreria,Personal,3200.0,770.49,0.4,57,Sucursal,39
SOL00240,Formalización,2026-02-09 08:00:00,Ejecutivo_04,Hipotecario,132300.0,1258.81,0.23,81,Sucursal,38
SOL01101,Formalización,2026-02-09 08:00:00,Ejecutivo_05,Personal,11100.0,3058.1,0.25,54,Sucursal,27
SOL00496,Verificación de documentos,2026-02-09 08:00:00,Verificador_01,Hipotecario,196400.0,1144.67,0.33,41,Sucursal,41
SOL00161,Verificación de documentos,2026-02-09 08:00:00,Verificador_03,Personal,18700.0,1448.24,0.46,23,Web,56
SOL00949,Desembolso,2026-02-09 08:00:00,Tesoreria,Hipotecario,158500.0,1913.98,0.02,245,Sucursal,32
SOL00486,Verificación de documentos,2026-02-09 08:00:00,Verificador_04,Personal,9100.0,1465.18,0.19,13,Web,54
SOL00813,Verificación de documentos,2026-02-09 08:00:00,Verificador_01,Hipotecario,196500.0,1549.63,0.17,57,Sucursal,56
SOL00840,Verificación de documentos,2026-02-09 08:00:00,Verificador_01,Consumo,5700.0,1205.26,0.2,20,Web,27
SOL01031,Verificación de documentos,2026-02-09 08:00:00,Verificador_04,Personal,9900.0,2374.6,0.23,1,Web,56
SOL00098,Verificación de documentos,2026-02-09 08:00:00,Verificador_04,Consumo,6500.0,1142.69,0.26,44,Sucursal,30
SOL00471,Formalización,2026-02-09 08:00:00,Ejecutivo_01,Vehicular,38200.0,1754.81,0.43,41,Sucursal,62
SOL00377,Desembolso,2026-02-09 08:00:00,Tesoreria,Personal,4800.0,1615.52,0.34,49,Sucursal,36
SOL01108,Verificación de documentos,2026-02-09 08:00:00,Verificador_01,Personal,9000.0,2536.64,0.23,91,Sucursal,38
SOL01116,Desembolso,2026-02-09 08:00:00,Tesoreria,Consumo,4500.0,1434.0,0.34,20,Sucursal,61
SOL00378,Análisis financiero,2026-02-09 08:00:00,Analista_03,Personal,14400.0,1325.87,0.28,54,Web,60
SOL00749,Reevaluación,2026-02-09 08:00:00,Analista_03,Hipotecario,66700.0,1311.7,0.64,14,Agente,62
SOL00508,Verificación de documentos,2026-02-09 08:00:00,Verificador_03,Hipotecario,169400.0,2624.08,0.29,136,Web,40
SOL00321,Formalización,2026-02-09 08:00:00,Ejecutivo_06,Vehicular,24000.0,1458.13,0.06,6,Web,67
SOL00548,Análisis financiero,2026-02-09 08:00:00,Analista_07,Personal,11700.0,1154.73,0.41,15,Agente,64
SOL00306,Formalización,2026-02-09 08:00:00,Ejecutivo_01,Hipotecario,242300.0,1964.99,0.23,19,Sucursal,29
SOL01125,Verificación de documentos,2026-02-09 08:00:00,Verificador_03,Consumo,7400.0,1257.93,0.32,5,Web,70
SOL01166,Desembolso,2026-02-09 08:00:00,Tesoreria,Vehicular,17100.0,1018.68,0.03,15,Sucursal,33
SOL00540,Verificación de documentos,2026-02-09 08:00:00,Verificador_01,Personal,6000.0,1442.86,0.37,77,Web,66
SOL00789,Verificación de documentos,2026-02-09 08:00:00,Verificador_02,Consumo,5200.0,686.28,0.2,29,Web,64
SOL00600,Formalización,2026-02-09 08:00:00,Ejecutivo_05,Personal,9500.0,920.71,0.28,71,Agente,26
SOL00123,Análisis financiero,2026-02-09 08:00:00,Analista_08,Personal,8900.0,1584.14,0.32,182,Web,64
SOL01143,Desembolso,2026-02-09 08:00:00,Tesoreria,Vehicular,25500.0,846.61,0.29,43,Sucursal,29
SOL00638,Análisis financiero,2026-02-09 08:00:00,Analista_07,Consumo,1800.0,1717.02,0.3,132,Sucursal,33
SOL00883,Formalización,2026-02-09 08:00:00,Ejecutivo_06,Vehicular,23300.0,1932.68,0.21,45,Sucursal,29
SOL01017,Verificación de documentos,2026-02-09 08:00:00,Verificador_03,Vehicular,16600.0,1614.58,0.21,106,Sucursal,26
SOL00634,Verificación de documentos,2026-02-09 08:00:00,Verificador_04,Personal,6700.0,2359.1,0.27,28,Sucursal,51
SOL00089,Formalización,2026-02-09 08:00:00,Ejecutivo_04,Personal,10700.0,662.53,0.23,2,Agente,41
SOL01148,Verificación de documentos,2026-02-09 08:00:00,Verificador_03,Personal,9800.0,1617.89,0.41,82,Sucursal,29
SOL01027,Formalización,2026-02-09 08:00:00,Ejecutivo_01,Personal,19400.0,1707.46,0.17,19,Web,51
SOL00275,Verificación de documentos,2026-02-09 08:00:00,Verificador_02,Consumo,4000.0,752.04,0.11,4,Sucursal,23
SOL00198,Formalización,2026-02-09 08:00:00,Ejecutivo_04,Personal,6500.0,846.17,0.21,89,Web,55
SOL00458,Formalización,2026-02-09 08:00:00,Ejecutivo_05,Personal,16700.0,1086.16,0.18,171,Sucursal,49
SOL01175,Formalización,2026-02-09 08:00:00,Ejecutivo_06,Hipotecario,116900.0,2438.11,0.22,25,Sucursal,49
SOL00671,Desembolso,2026-02-09 08:00:00,Tesoreria,Personal,10600.0,1350.38,0.34,43,Web,57
SOL00042,Verificación de documentos,2026-02-09 08:00:00,Verificador_02,Vehicular,36500.0,644.75,0.49,105,Web,69
SOL00370,Verificación de documentos,2026-02-09 08:00:00,Verificador_03,Consumo,7700.0,2487.71,0.58,18,Web,60
SOL00822,Formalización,2026-02-09 08:00:00,Ejecutivo_03,Consumo,1600.0,2895.94,0.19,10,Sucursal,21
SOL00363,Formalización,2026-02-09 08:05:00,Ejecutivo_03,Personal,13500.0,1716.96,0.29,181,Sucursal,69
SOL00572,Verificación de documentos,2026-02-09 08:11:00,Verificador_04,Personal,5300.0,2275.36,0.27,105,Agente,49
SOL00740,Verificación de documentos,2026-02-09 08:12:00,Verificador_02,Consumo,5400.0,2310.79,0.07,14,Agente,43
SOL00706,Formalización,2026-02-09 08:15:00,Ejecutivo_03,Consumo,5600.0,1477.46,0.19,306,Sucursal,43
SOL00721,Verificación de documentos,2026-02-09 08:15:00,Verificador_02,Consumo,4200.0,1883.66,0.08,67,Sucursal,62
SOL00299,Solicitud de información adicional,2026-02-09 08:30:01,Verificador_03,Consumo,4500.0,1826.27,0.44,2,Sucursal,38
SOL01105,Solicitud de información adicional,2026-02-09 08:30:01,Verificador_02,Personal,5300.0,2426.56,0.49,36,Web,44
SOL00161,Solicitud de información adicional,2026-02-09 08:30:01,Verificador_04,Personal,18700.0,1448.24,0.46,23,Web,56
SOL00486,Solicitud de información adicional,2026-02-09 08:30:01,Verificador_01,Personal,9100.0,1465.18,0.19,13,Web,54
SOL00486,Solicitud de información adicional,2026-02-09 08:30:01,Verificador_01,Personal,9100.0,1465.18,0.19,13,Web,54
SOL00789,Solicitud de información adicional,2026-02-09 08:30:01,Verificador_01,Consumo,5200.0,686.28,0.2,29,Web,64
SOL00042,Solicitud de información adicional,2026-02-09 08:30:01,Verificador_02,Vehicular,36500.0,644.75,0.49,105,Web,69
SOL00370,Solicitud de información adicional,2026-02-09 08:30:01,Verificador_04,Consumo,7700.0,2487.71,0.58,18,Web,60
SOL00606,Solicitud recibida,2026-02-09 09:19:48,Ejecutivo_03,Hipotecario,77300.0,469.75,0.58,107,Sucursal,47
SOL00996,Verificación de documentos,2026-02-09 10:06:08,Verificador_01,Consumo,3900.0,850.26,0.48,7,Web,26
SOL00043,Verificación de documentos,2026-02-09 10:52:09,Verificador_04,Personal,9000.0,392.72,0.39,7,Web,26
SOL00352,Solicitud recibida,2026-02-09 11:05:51,Ejecutivo_04,Vehicular,18700.0,2846.65,0.48,14,Sucursal,46
SOL00123,Aprobación,2026-02-09 11:53:30,Analista_08,Personal,8900.0,1584.14,0.32,182,Web,64
SOL01130,Verificación de documentos,2026-02-09 13:24:25,Verificador_01,Vehicular,39100.0,2138.2,0.29,42,Sucursal,50
SOL00638,Aprobación,2026-02-09 13:43:05,Analista_07,Consumo,1800.0,1717.02,0.3,132,Sucursal,33
SOL00378,Aprobación,2026-02-09 14:07:04,Analista_03,Personal,14400.0,1325.87,0.28,54,Web,60
SOL00352,Verificación de documentos,2026-02-09 14:13:23,Verificador_04,Vehicular,18700.0,2846.65,0.48,14,Sucursal,46
SOL00572,Análisis financiero,2026-02-09 14:50:50,Analista_05,Personal,5300.0,2275.36,0.27,105,Agente,49
SOL00749,Rechazo,2026-02-09 14:55:18,Analista_03,Hipotecario,66700.0,1311.7,0.64,14,Agente,62
SOL00540,Análisis financiero,2026-02-09 15:42:58,Analista_04,Personal,6000.0,1442.86,0.37,77,Web,66
SOL00240,Desembolso,2026-02-09 16:20:35,Tesoreria,Hipotecario,132300.0,1258.81,0.23,81,Sucursal,38
SOL00504,Solicitud recibida,2026-02-09 16:23:11,Sistema,Consumo,5600.0,1968.12,0.23,82,Web,29
SOL00504,Solicitud recibida,2026-02-09 16:23:11,Sistema,Consumo,5600.0,1968.12,0.23,82,Web,29
SOL00496,Análisis financiero,2026-02-09 16:51:17,Analista_05,Hipotecario,196400.0,1144.67,0.33,41,Sucursal,41
SOL00534,Recepción de información,2026-02-10 05:17:51,Sistema,Personal,15500.0,3055.36,0.12,24,Agente,33
SOL01110,Recepción de información,2026-02-10 07:08:20,Sistema,Personal,18700.0,3017.27,0.42,26,Web,43
SOL00929,Solicitud recibida,2026-02-10 07:09:23,Ejecutivo_02,Hipotecario,150000.0,1012.87,0.77,112,Agente,57
SOL00098,Análisis financiero,2026-02-10 08:00:00,Analista_05,Consumo,6500.0,1142.69,0.26,44,Sucursal,30
SOL00124,Análisis financiero,2026-02-10 08:00:00,Analista_04,Hipotecario,133800.0,5803.16,0.26,16,Web,52
SOL00191,Formalización,2026-02-10 08:00:00,Ejecutivo_06,Hipotecario,98400.0,2223.9,0.38,2,Agente,68
SOL01130,Analisis financiero,2026-02-10 08:00:00,Analista_06,Vehicular,39100.0,2138.2,0.29,42,Sucursal,50
SOL00504,Verificación de documentos,2026-02-10 08:00:00,Verificador_02,Consumo,5600.0,1968.12,0.23,82,Web,29
SOL00634,Análisis financiero,2026-02-10 08:00:00,Analista_04,Personal,6700.0,2359.1,0.27,28,Sucursal,51
SOL01054,Verificación de documentos,2026-02-10 08:00:00,Verificador_04,Personal,12500.0,911.3,0.14,55,Web,35
SOL00606,Verificación de documentos,2026-02-10 08:00:00,Verificador_04,Hipotecario,77300.0,469.75,0.58,107,Sucursal,47
SOL00572,Aprobación,2026-02-10 08:00:00,Analista_05,Personal,5300.0,2275.36,0.27,105,Agente,49
SOL00740,Análisis financiero,2026-02-10 08:00:00,Analista_04,Consumo,5400.0,2310.79,0.07,14,Agente,43
SOL01108,Análisis financiero,2026-02-10 08:00:00,Analista_02,Personal,9000.0,2536.64,0.23,91,Sucursal,38
SOL00306,Desembolso,2026-02-10 08:00:00,Tesoreria,Hipotecario,242300.0,1964.99,0.23,19,Sucursal,29
SOL00721,Análisis financiero,2026-02-10 08:00:00,Analista_04,Consumo,4200.0,1883.66,0.08,67,Sucursal,62
SOL00540,Aprobación,2026-02-10 08:00:00,Analista_04,Personal,6000.0,1442.86,0.37,77,Web,66
SOL00301,Análisis financiero,2026-02-10 08:00:00,Analista_01,Vehicular,24200.0,1722.53,0.38,109,Sucursal,36
SOL00508,Análisis financiero,2026-02-10 08:04:00,Analista_06,Hipotecario,169400.0,2624.08,0.29,136,Web,40
SOL01163,Desembolso,2026-02-10 08:05:00,Tesoreria,Consumo,3400.0,464.99,0.4,23,Sucursal,69
SOL00198,Desembolso,2026-02-10 08:05:00,Tesoreria,Personal,6500.0,846.17,0.21,89,Web,55
SOL00275,Análisis financiero,2026-02-10 08:06:00,Analista_08,Consumo,4000.0,752.04,0.11,4,Sucursal,23
SOL00616,Solicitud recibida,2026-02-10 08:07:58,Sistema,Personal,7800.0,660.76,0.26,17,Web,58
SOL01038,Desembolso,2026-02-10 08:10:00,Tesoreria,Hipotecario,99200.0,1285.38,0.16,26,Sucursal,65
SOL00813,Análisis financiero,2026-02-10 08:13:00,Analista_07,Hipotecario,196500.0,1549.63,0.17,57,Sucursal,56
SOL00471,Desembolso,2026-02-10 08:14:00,Tesoreria,Vehicular,38200.0,1754.81,0.43,41,Sucursal,62
SOL00043,Análisis financiero,2026-02-10 08:17:00,Analista_03,Personal,9000.0,392.72,0.39,7,Web,26
SOL01175,Desembolso,2026-02-10 08:18:00,Tesoreria,Hipotecario,116900.0,2438.11,0.22,25,Sucursal,49
SOL01027,Desembolso,2026-02-10 08:18:30,Tesoreria,Personal,19400.0,1707.46,0.17,19,Web,51
SOL01148,Análisis financiero,2026-02-10 08:21:00,Analista_08,Personal,9800.0,1617.89,0.41,82,Sucursal,29
SOL01031,Análisis financiero,2026-02-10 08:23:00,Analista_08,Personal,9900.0,2374.6,0.23,1,Web,56
SOL00600,Desembolso,,Tesoreria,Personal,9500.0,920.71,0.28,71,Agente,26
SOL00504,Solicitud de información adicional,2026-02-10 08:30:01,Verificador_02,Consumo,5600.0,1968.12,0.23,82,Web,29
SOL01054,Solicitud de información adicional,,Verificador_03,Personal,12500.0,911.3,0.14,55,Web,35
SOL00910,Desistimiento,2026-02-10 08:30:02,Sistema,Vehicular,12900.0,1502.94,0.39,37,Sucursal,40
SOL00996,Análisis financiero,2026-02-10 09:00:04,Analista_04,Consumo,3900.0,850.26,0.48,7,Web,26
SOL00352,Análisis financiero,2026-02-10 09:42:20,Analista_04,Vehicular,18700.0,2846.65,0.48,14,Sucursal,46
SOL00330,Solicitud recibida,2026-02-10 10:07:43,Ejecutivo_05,Vehicular,18300.0,2436.75,0.2,10,Agente,38
SOL00677,Solicitud recibida,2026-02-10 10:08:30,Ejecutivo_02,Vehicular,35300.0,2260.69,0.53,62,Agente,37
SOL00634,Aprobación,2026-02-10 10:22:04,Analista_04,Personal,6700.0,2359.1,0.27,28,Sucursal,51
SOL00534,Verificación de documentos,2026-02-10 10:30:04,Verificador_01,Personal,15500.0,3055.36,0.12,24,Agente,33
SOL00740,Aprobación,2026-02-10 10:33:22,Analista_04,Consumo,5400.0,2310.79,0.07,14,Agente,43
SOL00043,Aprobación,2026-02-10 10:47:40,Analista_03,Personal,9000.0,392.72,0.39,7,Web,26
SOL00089,Desembolso,2026-02-10 10:58:58,Tesoreria,Personal,10700.0,662.53,0.23,2,Agente,41
SOL00840,Análisis financiero,2026-02-10 10:59:11,Analista_06,Consumo,5700.0,1205.26,0.2,20,Web,27
SOL00275,Aprobación,2026-02-10 11:43:20,Analista_08,Consumo,4000.0,752.04,0.11,4,Sucursal,23
SOL00883,Desembolso,2026-02-10 11:51:06,Tesoreria,Vehicular,23300.0,1932.68,0.21,45,Sucursal,29
SOL01101,Desembolso,2026-02-10 11:53:44,Tesoreria,Personal,11100.0,3058.1,0.25,54,Sucursal,27
SOL01108,Aprobación,2026-02-10 12:06:28,Analista_02,Personal,9000.0,2536.64,0.23,91,Sucursal,38
SOL00996,Aprobación,2026-02-10 12:30:06,Analista_04,Consumo,3900.0,850.26,0.48,7,Web,26
SOL00321,Desembolso,2026-02-10 12:52:48,Tesoreria,Vehicular,24000.0,1458.13,0.06,6,Web,67
SOL00822,Desembolso,2026-02-10 12:59:55,Tesoreria,Consumo,1600.0,2895.94,0.19,10,Sucursal,21
SOL00763,Desembolso,2026-02-10 13:03:11,Tesoreria,Consumo,3700.0,3496.61,0.13,45,Web,49
SOL00098,Aprobación,2026-02-10 13:08:19,Analista_05,Consumo,6500.0,1142.69,0.26,44,Sucursal,30
SOL01110,Verificación de documentos,2026-02-10 13:13:03,Verificador_03,Personal,18700.0,3017.27,0.42,26,Web,43
SOL00458,Desembolso,2026-02-10 13:46:43,Tesoreria,Personal,16700.0,1086.16,0.18,171,Sucursal,49
SOL01031,Aprobación,2026-02-10 14:18:27,Analista_08,Personal,9900.0,2374.6,0.23,1,Web,56
SOL00706,Desembolso,2026-02-10 14:53:21,Tesoreria,Consumo,5600.0,1477.46,0.19,306,Sucursal,43
SOL00301,Aprobación,2026-02-10 15:02:14,Analista_01,Vehicular,24200.0,1722.53,0.38,109,Sucursal,36
SOL00721,Aprobación,2026-02-10 16:18:04,Analista_04,Consumo,4200.0,1883.66,0.08,67,Sucursal,62
SOL00677,Verificación de documentos,2026-02-10 16:26:54,Verificador_01,Vehicular,35300.0,2260.69,0.53,62,Agente,37
SOL00687,Solicitud recibida,2026-02-10 17:27:12,Ejecutivo_05,Consumo,2500.0,1798.33,0.35,0,Sucursal,46
SOL00789,Recepción de información,2026-02-11 04:46:32,Sistema,Consumo,5200.0,686.28,0.2,29,Web,64
SOL00698,Análisis financiero,2026-02-11 08:00:00,Analista_08,Consumo,4800.0,1515.71,0.49,10,Web,27
SOL00687,Verificación de documentos,2026-02-11 08:00:00,Verificador_03,Consumo,2500.0,1798.33,0.35,0,Sucursal,46
SOL00191,Desembolso,2026-02-11 08:00:00,Tesoreria,Hipotecario,98400.0,2223.9,0.38,2,Agente,68
SOL00330,Verificación de documentos,2026-02-11 08:00:00,Verificador_04,Vehicular,18300.0,2436.75,0.2,10,Agente,38
SOL01127,Formalización,2026-02-11 08:00:00,Ejecutivo_01,Consumo,6400.0,5137.77,0.45,92,Web,48
SOL00616,Verificación de documentos,2026-02-11 08:00:00,Verificador_04,Personal,7800.0,660.76,0.26,17,Web,58
SOL00606,Análisis financiero,2026-02-11 08:00:00,Analista_01,Hipotecario,77300.0,469.75,0.58,107,Sucursal,47
SOL01055,Desembolso,2026-02-11 08:00:00,Tesoreria,Personal,16500.0,628.99,0.16,21,Web,46
SOL01155,Análisis financiero,2026-02-11 08:00:00,Analista_07,Hipotecario,107600.0,1625.96,0.18,57,Sucursal,55
SOL00371,Desembolso,2026-02-11 08:00:00,Tesoreria,Personal,14700.0,552.5,0.37,35,Agente,34
SOL00548,Reevaluación,2026-02-11 08:00:00,Analista_07,Personal,11700.0,1154.73,0.41,15,Agente,64
SOL00840,Aprobación,2026-02-11 08:00:00,Analista_06,Consumo,5700.0,1205.26,0.2,20,Web,27
SOL01017,Análisis financiero,2026-02-11 08:00:00,Analista_07,Vehicular,16600.0,1614.58,0.21,106,Sucursal,26
SOL01125,Análisis financiero,2026-02-11 08:00:00,Analista_04,Consumo,7400.0,1257.93,0.32,5,Web,70
SOL01148,Reevaluación,2026-02-11 08:01:00,Analista_08,Personal,9800.0,1617.89,0.41,82,Sucursal,29
SOL00363,Desembolso,2026-02-11 08:03:00,Tesoreria,Personal,13500.0,1716.96,0.29,181,Sucursal,69
SOL00378,Formalización,2026-02-11 08:04:00,Ejecutivo_06,Personal,14400.0,1325.87,0.28,54,Web,60
SOL00929,Verificación de documentos,2026-02-11 08:09:00,Verificador_02,Hipotecario,150000.0,1012.87,0.77,112,Agente,57
SOL00638,Formalización,2026-02-11 08:11:00,Ejecutivo_06,Consumo,1800.0,1717.02,0.3,132,Sucursal,33
SOL01110,Análisis financiero,2026-02-11 08:14:00,Analista_05,Personal,18700.0,3017.27,0.42,26,Web,43
SOL00677,Análisis financiero,2026-02-11 08:15:00,Analista_07,Vehicular,35300.0,2260.69,0.53,62,Agente,37
SOL00789,Verificación de documentos,2026-02-11 08:22:00,Verificador_04,Consumo,5200.0,686.28,0.2,29,Web,64
SOL00170,Solicitud recibida,2026-02-11 09:36:36,Sistema,Vehicular,10900.0,1300.68,0.74,50,Web,42
SOL01054,Recepción de información,2026-02-11 09:50:41,Sistema,Personal,12500.0,911.3,0.14,55,Web,35
SOL00751,Solicitud recibida,2026-02-11 09:54:15,Ejecutivo_05,Vehicular,34200.0,1802.17,0.1,45,Sucursal,35
SOL00534,Análisis financiero,2026-02-11 09:55:04,Analista_03,Personal,15500.0,3055.36,0.12,24,Agente,33
SOL00572,Formalización,2026-02-11 10:05:27,Ejecutivo_02,Personal,5300.0,2275.36,0.27,105,Agente,49
SOL01148,Aprobación,2026-02-11 11:21:09,Analista_08,Personal,9800.0,1617.89,0.41,82,Sucursal,29
SOL01125,Aprobación,2026-02-11 11:34:21,Analista_04,Consumo,7400.0,1257.93,0.32,5,Web,70
SOL01159,Formalización,2026-02-11 11:42:01,Ejecutivo_02,Personal,8600.0,2121.27,0.5,66,Sucursal,53
SOL00782,Solicitud recibida,2026-02-11 12:00:28,Sistema,Vehicular,21800.0,1842.09,0.23,26,Web,47
SOL00170,Verificación de documentos,2026-02-11 12:02:16,Verificador_02,Vehicular,10900.0,1300.68,0.74,50,Web,42
SOL00352,Reevaluación,2026-02-11 12:41:45,Analista_04,Vehicular,18700.0,2846.65,0.48,14,Sucursal,46
SOL01110,Rechazo,2026-02-11 12:49:17,Analista_05,Personal,18700.0,3017.27,0.42,26,Web,43
SOL01017,Aprobación,2026-02-11 14:11:44,Analista_07,Vehicular,16600.0,1614.58,0.21,106,Sucursal,26
SOL00301,Formalización,2026-02-11 14:25:07,Ejecutivo_05,Vehicular,24200.0,1722.53,0.38,109,Sucursal,36
SOL00740,Formalización,2026-02-11 15:19:56,Ejecutivo_01,Consumo,5400.0,2310.79,0.07,14,Agente,43
SOL01092,Solicitud recibida,2026-02-11 15:50:29,Ejecutivo_04,Hipotecario,133600.0,1339.7,0.38,69,Sucursal,70
SOL00782,Verificación de documentos,2026-02-11 16:06:27,Verificador_02,Vehicular,21800.0,1842.09,0.23,26,Web,47
SOL00299,Recepción de información,2026-02-11 16:26:49,Sistema,Consumo,4500.0,1826.27,0.44,2,Sucursal,38
SOL00395,Solicitud recibida,2026-02-11 17:43:01,Ejecutivo_06,Vehicular,34500.0,1952.62,0.3,38,Agente,39
SOL00841,Solicitud recibida,2026-02-11 21:11:51,Sistema,Hipotecario,90300.0,1572.64,0.53,87,Web,31
SOL00161,Recepción de información,2026-02-11 21:17:26,Sistema,Personal,18700.0,1448.24,0.46,23,Web,56
SOL00036,Solicitud recibida,2026-02-11 21:27:05,Ejecutivo_05,Personal,16700.0,1526.47,0.33,39,Sucursal,24
SOL00122,Solicitud recibida,2026-02-11 21:34:19,Ejecutivo_04,Hipotecario,91400.0,1291.47,0.32,12,Sucursal,51
SOL00042,Recepción de información,2026-02-12 05:19:40,Sistema,Vehicular,36500.0,644.75,0.49,105,Web,69
SOL00841,Verificación de documentos,2026-02-12 08:00:00,Verificador_03,Hipotecario,90300.0,1572.64,0.53,87,Web,31
SOL01108,Formalización,2026-02-12 08:00:00,Ejecutivo_06,Personal,9000.0,2536.64,0.23,91,Sucursal,38
SOL00687,Análisis financiero,2026-02-12 08:00:00,Analista_08,Consumo,2500.0,1798.33,0.35,0,Sucursal,46
SOL00751,Verificación de documentos,2026-02-12 08:00:00,Verificador_04,Vehicular,34200.0,1802.17,0.1,45,Sucursal,35
SOL00534,Aprobación,2026-02-12 08:00:00,Analista_03,Personal,15500.0,3055.36,0.12,24,Agente,33
SOL01092,Verificación de documentos,2026-02-12 08:00:00,Verificador_02,Hipotecario,133600.0,1339.7,0.38,69,Sucursal,70
SOL00330,Análisis financiero,2026-02-12 08:00:00,Analista_04,Vehicular,18300.0,2436.75,0.2,10,Agente,38
SOL00548,Reevaluación,2026-02-12 08:00:00,Analista_07,Personal,11700.0,1154.73,0.41,15,Agente,64
SOL01127,Desembolso,2026-02-12 08:00:00,Tesoreria,Consumo,6400.0,5137.77,0.45,92,Web,48
SOL01031,Formalización,2026-02-12 08:00:00,Ejecutivo_04,Personal,9900.0,2374.6,0.23,1,Web,56
SOL00395,Verificación de documentos,2026-02-12 08:00:00,Verificador_02,Vehicular,34500.0,1952.62,0.3,38,Agente,39
SOL01054,Verificación de documentos,2026-02-12 08:00:00,Verificador_01,Personal,12500.0,911.3,0.14,55,Web,35
SOL00123,Formalización,2026-02-12 08:00:00,Ejecutivo_05,Personal,8900.0,1584.14,0.32,182,Web,64
SOL00996,Formalización,2026-02-12 08:00:00,Ejecutivo_02,Consumo,3900.0,850.26,0.48,7,Web,26
SOL00299,Verificación de documentos,2026-02-12 08:04:00,Verificador_04,Consumo,4500.0,1826.27,0.44,2,Sucursal,38
SOL00634,Formalización,2026-02-12 08:09:00,Ejecutivo_03,Personal,6700.0,2359.1,0.27,28,Sucursal,51
SOL00889,Formalización,2026-02-12 08:10:00,Ejecutivo_05,Vehicular,21900.0,2425.69,0.06,8,Sucursal,25
SOL00352,Reevaluación,2026-02-12 08:12:00,Analista_04,Vehicular,18700.0,2846.65,0.48,14,Sucursal,46
SOL00122,Verificación de documentos,2026-02-12 08:14:00,Verificador_04,Hipotecario,91400.0,1291.47,0.32,12,Sucursal,51
SOL00638,Desembolso,2026-02-12 08:18:00,Tesoreria,Consumo,1800.0,1717.02,0.3,132,Sucursal,33
SOL00378,Desembolso,2026-02-12 08:24:18,Tesoreria,Personal,14400.0,1325.87,0.28,54,Web,60
SOL00161,Verificación de documentos,2026-02-12 08:29:00,Verificador_04,Personal,18700.0,1448.24,0.46,23,Web,56
SOL00616,Análisis financiero,2026-02-12 08:29:00,Analista_06,Personal,7800.0,660.76,0.26,17,Web,58
SOL01054,Solicitud de información adicional,2026-02-12 08:30:01,Verificador_03,Personal,12500.0,911.3,0.14,55,Web,35
SOL00036,Verificación de documentos,2026-02-12 08:36:22,Verificador_03,Personal,16700.0,1526.47,0.33,39,Sucursal,24
SOL00122,solicitud de información adicional,2026-02-12 08:44:01,Verificador_01,Hipotecario,91400.0,1291.47,0.32,12,Sucursal,51
SOL00782,Análisis financiero,2026-02-12 08:47:47,Analista_02,Vehicular,21800.0,1842.09,0.23,26,Web,47
SOL00124,Comité de crédito,2026-02-12 10:00:01,Comite,Hipotecario,133800.0,5803.16,0.26,16,Web,52
SOL00009,Comité de crédito,2026-02-12 10:00:01,Comite,Vehicular,36800.0,1636.99,0.22,70,Agente,38
SOL00813,Comité de crédito,2026-02-12 10:00:01,Comite,Hipotecario,196500.0,1549.63,0.17,57,Sucursal,56
SOL00756,Comité de crédito,2026-02-12 10:00:01,Comite,Vehicular,39200.0,2889.46,0.15,118,Sucursal,40
SOL01130,Comité de crédito,2026-02-12 10:00:01,Comite,Vehicular,39100.0,2138.2,0.29,42,Sucursal,50
SOL00496,Comité de crédito,2026-02-12 10:00:01,Comite,Hipotecario,196400.0,1144.67,0.33,41,Sucursal,41
SOL00077,Comité de crédito,2026-02-12 10:00:01,Comite,Hipotecario,105500.0,1280.3,0.2,51,Web,26
SOL00561,Comité de crédito,2026-02-12 10:00:01,Comite,Hipotecario,114800.0,2239.0,0.41,22,Web,21
SOL00877,Comité de crédito,2026-02-12 10:00:01,Comite,Hipotecario,207500.0,435.33,0.07,12,Agente,62
SOL00606,Comité de crédito,2026-02-12 10:00:01,Comite,Hipotecario,77300.0,469.75,0.58,107,Sucursal,47
SOL01155,Comité de crédito,2026-02-12 10:00:01,Comite,Hipotecario,107600.0,1625.96,0.18,57,Sucursal,55
SOL00677,Comité de crédito,2026-02-12 10:00:01,Comite,Vehicular,35300.0,2260.69,0.53,62,Agente,37
SOL00508,Comité de crédito,2026-02-12 10:00:01,Comite,Hipotecario,169400.0,2624.08,0.29,136,Web,40
SOL00782,Aprobación,2026-02-12 10:17:34,Analista_02,Vehicular,21800.0,1842.09,0.23,26,Web,47
SOL00548,Rechazo,2026-02-12 10:53:30,Analista_07,Personal,11700.0,1154.73,0.41,15,Agente,64
SOL00540,Formalización,2026-02-12 10:56:32,Ejecutivo_06,Personal,6000.0,1442.86,0.37,77,Web,66
SOL00687,Aprobación,2026-02-12 11:20:31,Analista_08,Consumo,2500.0,1798.33,0.35,0,Sucursal,46
SOL00330,Aprobación,2026-02-12 11:25:23,Analista_04,Vehicular,18300.0,2436.75,0.2,10,Agente,38
SOL01155,Rechazo,2026-02-12 11:35:04,Analista_07,Hipotecario,107600.0,1625.96,0.18,57,Sucursal,55
SOL00042,Verificación de documentos,2026-02-12 11:53:34,Verificador_03,Vehicular,36500.0,644.75,0.49,105,Web,69
SOL01046,Solicitud recibida,2026-02-12 12:04:38,Ejecutivo_06,Consumo,1100.0,4154.83,0.11,41,Sucursal,36
SOL00077,Aprobación,2026-02-12 12:33:10,Comite,Hipotecario,105500.0,1280.3,0.2,51,Web,26
SOL00616,Aprobación,2026-02-12 12:38:20,Analista_06,Personal,7800.0,660.76,0.26,17,Web,58
SOL00124,Aprobación,2026-02-12 12:38:29,Comite,Hipotecario,133800.0,5803.16,0.26,16,Web,52
SOL01030,Solicitud recibida,2026-02-12 12:38:50,Sistema,Personal,4200.0,1257.76,0.3,27,Web,43
SOL00813,Rechazo,2026-02-12 13:13:32,Analista_07,Hipotecario,196500.0,1549.63,0.17,57,Sucursal,56
SOL00352,Rechazo,2026-02-12 13:20:01,Analista_04,Vehicular,18700.0,2846.65,0.48,14,Sucursal,46
SOL01130,Aprobación,2026-02-12 13:23:25,Comite,Vehicular,39100.0,2138.2,0.29,42,Sucursal,50
SOL00871,Solicitud recibida,2026-02-12 13:24:17,Sistema,Hipotecario,206000.0,873.14,0.2,46,Web,28
SOL00098,Formalización,2026-02-12 13:24:26,Ejecutivo_04,Consumo,6500.0,1142.69,0.26,44,Sucursal,30
SOL00740,Desembolso,2026-02-12 13:33:32,Tesoreria,Consumo,5400.0,2310.79,0.07,14,Agente,43
SOL00275,Formalización,2026-02-12 13:35:21,Ejecutivo_02,Consumo,4000.0,752.04,0.11,4,Sucursal,23
SOL00349,Solicitud recibida,2026-02-12 13:37:45,Sistema,Personal,11100.0,4111.42,0.1,21,Web,26
SOL00496,Rechazo,2026-02-12 13:38:21,Analista_05,Hipotecario,196400.0,1144.67,0.33,41,Sucursal,41
SOL00756,Aprobación,2026-02-12 13:56:11,Comite,Vehicular,39200.0,2889.46,0.15,118,Sucursal,40
SOL00561,Aprobación,2026-02-12 13:58:47,Comite,Hipotecario,114800.0,2239.0,0.41,22,Web,21
SOL01125,Formalización,2026-02-12 14:12:28,Ejecutivo_01,Consumo,7400.0,1257.93,0.32,5,Web,70
SOL01159,Desembolso,2026-02-12 14:14:26,Tesoreria,Personal,8600.0,2121.27,0.5,66,Sucursal,53
SOL00572,Desembolso,2026-02-12 14:21:28,Tesoreria,Personal,5300.0,2275.36,0.27,105,Agente,49
SOL00009,Aprobación,2026-02-12 14:28:40,Comite,Vehicular,36800.0,1636.99,0.22,70,Agente,38
SOL00053,Solicitud recibida,2026-02-12 15:20:52,Sistema,Hipotecario,211200.0,2526.08,0.46,115,Web,52
SOL00871,Verificación de documentos,2026-02-12 15:42:46,Verificador_04,Hipotecario,206000.0,873.14,0.2,46,Web,28
SOL00877,Rechazo,2026-02-12 16:38:57,Analista_07,Hipotecario,207500.0,435.33,0.07,12,Agente,62
SOL00517,Solicitud recibida,2026-02-12 17:28:34,Sistema,Personal,15300.0,604.08,0.64,77,Web,26
SOL01049,Solicitud recibida,2026-02-12 18:06:28,Ejecutivo_02,Personal,7300.0,1461.41,0.3,60,Sucursal,68
SOL00142,Solicitud recibida,2026-02-12 19:41:42,Sistema,Personal,11800.0,454.21,0.59,12,Web,67
SOL00376,Recepción de información,2026-02-12 21:28:01,Sistema,Hipotecario,121100.0,1390.52,0.33,17,Web,69
SOL00372,Recepción de información,2026-02-13 01:11:16,Sistema,Hipotecario,135500.0,1365.13,0.38,119,Web,52
SOL01105,Recepción de información,2026-02-13 04:08:44,Sistema,Personal,5300.0,2426.56,0.49,36,Web,44
SOL00115,Solicitud recibida,2026-02-13 07:28:18,Sistema,Personal,15800.0,4516.4,0.36,0,Web,59
SOL00721,Formalización,2026-02-13 08:00:00,Ejecutivo_06,Consumo,4200.0,1883.66,0.08,67,Sucursal,62
SOL01030,Verificación de documentos,2026-02-13 08:00:00,Verificador_03,Personal,4200.0,1257.76,0.3,27,Web,43
SOL00929,Análisis financiero,2026-02-13 08:00:00,Analista_07,Hipotecario,150000.0,1012.87,0.77,112,Agente,57
SOL01108,Desembolso,2026-02-13 08:00:00,Tesoreria,Personal,9000.0,2536.64,0.23,91,Sucursal,38
SOL00996,Desembolso,2026-02-13 08:00:00,Tesoreria,Consumo,3900.0,850.26,0.48,7,Web,26
SOL00170,Análisis financiero,2026-02-13 08:00:00,Analista_04,Vehicular,10900.0,1300.68,0.74,50,Web,42
SOL00395,Análisis financiero,2026-02-13 08:00:00,Analista_05,Vehicular,34500.0,1952.62,0.3,38,Agente,39
SOL00123,Desembolso,2026-02-13 08:00:00,Tesoreria,Personal,8900.0,1584.14,0.32,182,Web,64
SOL00751,Análisis financiero,2026-02-13 08:00:00,Analista_05,Vehicular,34200.0,1802.17,0.1,45,Sucursal,35
SOL00349,Verificación de documentos,2026-02-13 08:00:00,Verificador_02,Personal,11100.0,4111.42,0.1,21,Web,26
SOL01148,Formalización,2026-02-13 08:00:00,Ejecutivo_06,Personal,9800.0,1617.89,0.41,82,Sucursal,29
SOL00161,Análisis financiero,2026-02-13 08:00:00,Analista_04,Personal,18700.0,1448.24,0.46,23,Web,56
SOL00043,Formalización,2026-02-13 08:00:00,Ejecutivo_04,Personal,9000.0,392.72,0.39,7,Web,26
SOL00841,Análisis financiero,2026-02-13 08:00:00,Analista_03,Hipotecario,90300.0,1572.64,0.53,87,Web,31
SOL00517,Verificación de documentos,2026-02-13 08:02:00,Verificador_04,Personal,15300.0,604.08,0.64,77,Web,26
SOL00540,Desembolso,2026-02-13 08:07:00,Tesoreria,Personal,6000.0,1442.86,0.37,77,Web,66
SOL00376,Verificación de documentos,2026-02-13 08:07:00,Verificador_01,Hipotecario,121100.0,1390.52,0.33,17,Web,69
SOL01049,Verificación de documentos,2026-02-13 08:09:00,Verificador_03,Personal,7300.0,1461.41,0.3,60,Sucursal,68
SOL00508,Aprobación,2026-02-13 08:09:00,Comite,Hipotecario,169400.0,2624.08,0.29,136,Web,40
SOL00871,Análisis financiero,2026-02-13 08:10:00,Analista_05,Hipotecario,206000.0,873.14,0.2,46,Web,28
SOL01046,Verificación de documentos,2026-02-13 08:12:00,Verificador_02,Consumo,1100.0,4154.83,0.11,41,Sucursal,36
SOL00142,Verificación de documentos,2026-02-13 08:13:00,Verificador_01,Personal,11800.0,454.21,0.59,12,Web,67
SOL01105,Verificación de documentos,2026-02-13 08:14:00,Verificador_03,Personal,5300.0,2426.56,0.49,36,Web,44
SOL00301,Desembolso,2026-02-13 08:15:00,Tesoreria,Vehicular,24200.0,1722.53,0.38,109,Sucursal,36
SOL00606,Reevaluación,2026-02-13 08:21:57,Analista_01,Hipotecario,77300.0,469.75,0.58,107,Sucursal,47
SOL00098,Desembolso,2026-02-13 08:22:00,Tesoreria,Consumo,6500.0,1142.69,0.26,44,Sucursal,30
SOL00053,Verificación de documentos,2026-02-13 08:25:00,Verificador_03,Hipotecario,211200.0,2526.08,0.46,115,Web,52
SOL00889,Desembolso,2026-02-13 08:39:57,Tesoreria,Vehicular,21900.0,2425.69,0.06,8,Sucursal,25
SOL00053,Solicitud de información adicional,2026-02-13 08:55:01,Verificador_03,Hipotecario,211200.0,2526.08,0.46,115,Web,52
SOL00634,Desembolso,2026-02-13 09:13:47,Tesoreria,Personal,6700.0,2359.1,0.27,28,Sucursal,51
SOL00798,Solicitud recibida,2026-02-13 09:47:11,Ejecutivo_02,Personal,11400.0,3315.79,0.18,15,Agente,21
SOL00698,Reevaluación,2026-02-13 10:16:54,Analista_08,Consumo,4800.0,1515.71,0.49,10,Web,27
SOL00036,Análisis financiero,2026-02-13 11:03:01,Analista_06,Personal,16700.0,1526.47,0.33,39,Sucursal,24
SOL00170,Rechazo,2026-02-13 11:42:45,Analista_04,Vehicular,10900.0,1300.68,0.74,50,Web,42
SOL00184,Recepción de información,2026-02-13 12:04:21,Sistema,Personal,15200.0,653.87,0.07,235,Web,25
SOL00698,Rechazo,2026-02-13 12:33:44,Analista_08,Consumo,4800.0,1515.71,0.49,10,Web,27
SOL00115,Verificación de documentos,2026-02-13 12:37:25,Verificador_02,Personal,15800.0,4516.4,0.36,0,Web,59
SOL00606,Rechazo,2026-02-13 12:50:19,Analista_01,Hipotecario,77300.0,469.75,0.58,107,Sucursal,47
SOL00115,Solicitud de información adicional,2026-02-13 13:07:26,Verificador_01,Personal,15800.0,4516.4,0.36,0,Web,59
SOL00372,Verificación de documentos,2026-02-13 13:12:30,Verificador_01,Hipotecario,135500.0,1365.13,0.38,119,Web,52
SOL00055,Solicitud recibida,2026-02-13 13:19:22,Ejecutivo_04,Consumo,1600.0,763.02,0.35,9,Agente,33
SOL00330,Formalización,2026-02-13 13:22:13,Ejecutivo_05,Vehicular,18300.0,2436.75,0.2,10,Agente,38
SOL01092,Análisis financiero,2026-02-13 13:31:33,Analista_01,Hipotecario,133600.0,1339.7,0.38,69,Sucursal,70
SOL00789,Análisis financiero,2026-02-13 14:02:36,Analista_03,Consumo,5200.0,686.28,0.2,29,Web,64
SOL00442,Solicitud recibida,2026-02-13 14:30:32,Ejecutivo_04,Personal,10000.0,1584.78,0.04,21,Sucursal,28
SOL00036,Aprobación,2026-02-13 15:12:00,Analista_06,Personal,16700.0,1526.47,0.33,39,Sucursal,24
SOL00349,Análisis financiero,2026-02-13 15:47:07,Analista_04,Personal,11100.0,4111.42,0.1,21,Web,26
SOL00789,Aprobación,2026-02-13 16:08:21,Analista_03,Consumo,5200.0,686.28,0.2,29,Web,64
SOL00798,Verificación de documentos,2026-02-13 16:08:54,Verificador_04,Personal,11400.0,3315.79,0.18,15,Agente,21
SOL00042,Análisis financiero,2026-02-13 16:16:18,Analista_01,Vehicular,36500.0,644.75,0.49,105,Web,69
SOL00491,Solicitud recibida,2026-02-13 17:31:20,Sistema,Vehicular,32700.0,1139.69,0.09,27,Web,68
SOL00234,Solicitud recibida,2026-02-13 18:48:58,Sistema,Consumo,5400.0,878.06,0.56,102,Web,59
SOL00812,Solicitud recibida,2026-02-13 21:22:13,Sistema,Hipotecario,192600.0,1297.56,0.61,76,Web,26
SOL00959,Solicitud recibida,2026-02-14 08:21:08,Ejecutivo_01,Personal,18000.0,1248.55,0.26,22,Sucursal,40
SOL00128,Solicitud recibida,2026-02-14 08:51:20,Sistema,Consumo,4200.0,612.55,0.27,80,Web,30
SOL00654,Solicitud recibida,2026-02-14 10:55:52,Ejecutivo_05,Vehicular,18400.0,837.37,0.21,1,Sucursal,32
SOL00219,Solicitud recibida,2026-02-14 15:04:45,Ejecutivo_05,Vehicular,35400.0,2492.71,0.02,114,Agente,53
SOL00011,Solicitud recibida,2026-02-14 15:21:28,Ejecutivo_02,Personal,12100.0,2596.19,0.14,76,Sucursal,63
SOL00448,Solicitud recibida,2026-02-14 16:52:24,Sistema,Personal,10800.0,491.55,0.43,117,Web,33
SOL00336,Solicitud recibida,2026-02-14 17:25:28,Ejecutivo_01,Hipotecario,64000.0,2020.65,0.59,14,Agente,52
SOL00709,Solicitud recibida,2026-02-14 17:33:33,Ejecutivo_01,Personal,19900.0,1578.1,0.48,6,Agente,42
SOL01018,Solicitud recibida,2026-02-14 18:15:23,Ejecutivo_01,Personal,18100.0,1771.3,0.4,111,Sucursal,46
SOL00065,Solicitud recibida,2026-02-14 18:24:40,Ejecutivo_03,Hipotecario,162500.0,1155.62,0.21,38,Agente,53
SOL00122,Recepción de información,2026-02-15 02:44:47,Sistema,Hipotecario,91400.0,1291.47,0.32,12,Sucursal,51
SOL00115,Recepción de información,2026-02-15 04:01:20,Sistema,Personal,15800.0,4516.4,0.36,0,Web,59
SOL00245,Solicitud recibida,2026-02-15 07:38:59,Sistema,Personal,15100.0,1728.22,0.29,70,Web,31
SOL01114,Solicitud recibida,2026-02-15 10:15:22,Sistema,Consumo,6900.0,1709.58,0.25,64,Web,54
SOL01054,Recepción de información,2026-02-15 10:16:43,Sistema,Personal,12500.0,911.3,0.14,55,Web,35
SOL01129,Solicitud recibida,2026-02-15 15:00:50,Sistema,Consumo,8000.0,2141.76,0.46,13,Web,51
SOL00650,Solicitud recibida,2026-02-15 16:22:52,Ejecutivo_03,Consumo,2100.0,2726.78,0.15,46,Sucursal,67
SOL00286,Solicitud recibida,2026-02-15 16:42:45,Ejecutivo_02,Hipotecario,52400.0,1359.62,0.11,120,Sucursal,56
SOL00824,Solicitud recibida,2026-02-15 20:59:47,Ejecutivo_06,Consumo,6900.0,1559.39,0.24,24,Agente,62
SOL00821,Solicitud recibida,2026-02-15 21:25:05,Sistema,Consumo,4200.0,2650.82,0.36,5,Web,28
SOL00370,Recepción de información,2026-02-16 04:26:15,Sistema,Consumo,7700.0,2487.71,0.58,18,Web,60
SOL00219,Verificación de documentos,2026-02-16 08:00:00,Verificador_04,Vehicular,35400.0,2492.71,0.02,114,Agente,53
SOL00721,Desembolso,2026-02-16 08:00:00,Tesoreria,Consumo,4200.0,1883.66,0.08,67,Sucursal,62
SOL00299,Análisis financiero,2026-02-16 08:00:00,Analista_08,Consumo,4500.0,1826.27,0.44,2,Sucursal,38
SOL01017,Formalización,2026-02-16 08:00:00,Ejecutivo_06,Vehicular,16600.0,1614.58,0.21,106,Sucursal,26
SOL01030,Análisis financiero,2026-02-16 08:00:00,Analista_07,Personal,4200.0,1257.76,0.3,27,Web,43
SOL00534,Formalización,2026-02-16 08:00:00,Ejecutivo_05,Personal,15500.0,3055.36,0.12,24,Agente,33
SOL01105,Análisis financiero,2026-02-16 08:00:00,Analista_05,Personal,5300.0,2426.56,0.49,36,Web,44
SOL00372,Análisis financiero,2026-02-16 08:00:00,Analista_01,Hipotecario,135500.0,1365.13,0.38,119,Web,52
SOL00184,Verificación de documentos,2026-02-16 08:00:00,Verificador_03,Personal,15200.0,653.87,0.07,235,Web,25
SOL01148,Desembolso,2026-02-16 08:00:00,Tesoreria,Personal,9800.0,1617.89,0.41,82,Sucursal,29
SOL00009,Formalización,2026-02-16 08:00:00,Ejecutivo_06,Vehicular,36800.0,1636.99,0.22,70,Agente,38
SOL00036,Formalización,2026-02-16 08:00:00,Ejecutivo_06,Personal,16700.0,1526.47,0.33,39,Sucursal,24
SOL00491,Verificación de documentos,2026-02-16 08:00:00,Verificador_02,Vehicular,32700.0,1139.69,0.09,27,Web,68
SOL01129,Verificación de documentos,2026-02-16 08:00:00,Verificador_01,Consumo,8000.0,2141.76,0.46,13,Web,51
SOL00561,Formalización,2026-02-16 08:00:00,Ejecutivo_03,Hipotecario,114800.0,2239.0,0.41,22,Web,21
SOL01125,Desembolso,2026-02-16 08:00:00,Tesoreria,Consumo,7400.0,1257.93,0.32,5,Web,70
SOL00959,Verificación de documentos,2026-02-16 08:00:00,Verificador_04,Personal,18000.0,1248.55,0.26,22,Sucursal,40
SOL00709,Verificación de documentos,2026-02-16 08:00:00,Verificador_04,Personal,19900.0,1578.1,0.48,6,Agente,42
SOL00812,Verificación de documentos,2026-02-16 08:00:00,Verificador_03,Hipotecario,192600.0,1297.56,0.61,76,Web,26
SOL00517,Análisis financiero,2026-02-16 08:00:00,Analista_01,Personal,15300.0,604.08,0.64,77,Web,26
SOL00245,Verificación de documentos,2026-02-16 08:00:00,Verificador_02,Personal,15100.0,1728.22,0.29,70,Web,31
SOL01049,Análisis financiero,2026-02-16 08:00:00,Analista_01,Personal,7300.0,1461.41,0.3,60,Sucursal,68
SOL00234,Verificación de documentos,2026-02-16 08:00:00,Verificador_02,Consumo,5400.0,878.06,0.56,102,Web,59
SOL00448,Verificación de documentos,2026-02-16 08:00:00,Verificador_02,Personal,10800.0,491.55,0.43,117,Web,33
SOL00349,Aprobación,2026-02-16 08:00:00,Analista_04,Personal,11100.0,4111.42,0.1,21,Web,26
SOL00756,Formalización,2026-02-16 08:00:00,Ejecutivo_06,Vehicular,39200.0,2889.46,0.15,118,Sucursal,40
SOL00275,Desembolso,2026-02-16 08:00:00,Tesoreria,Consumo,4000.0,752.04,0.11,4,Sucursal,23
SOL01046,Análisis financiero,2026-02-16 08:00:00,Analista_02,Consumo,1100.0,4154.83,0.11,41,Sucursal,36
SOL00128,Verificación de documentos,2026-02-16 08:00:00,Verificador_03,Consumo,4200.0,612.55,0.27,80,Web,30
SOL00043,Desembolso,2026-02-16 08:00:00,Tesoreria,Personal,9000.0,392.72,0.39,7,Web,26
SOL01130,Formalización,2026-02-16 08:00:00,Ejecutivo_02,Vehicular,39100.0,2138.2,0.29,42,Sucursal,50
SOL01054,Verificación de documentos,2026-02-16 08:00:00,Verificador_03,Personal,12500.0,911.3,0.14,55,Web,35
SOL00376,Análisis financiero,2026-02-16 08:00:00,Analista_07,Hipotecario,121100.0,1390.52,0.33,17,Web,69
SOL00011,Verificación de documentos,2026-02-16 08:00:00,Verificador_01,Personal,12100.0,2596.19,0.14,76,Sucursal,63
SOL00654,Verificación de documentos,2026-02-16 08:00:00,Verificador_03,Vehicular,18400.0,837.37,0.21,1,Sucursal,32
SOL00442,Verificación de documentos,2026-02-16 08:00:00,Verificador_04,Personal,10000.0,1584.78,0.04,21,Sucursal,28
SOL01018,Verificación de documentos,2026-02-16 08:00:00,Verificador_01,Personal,18100.0,1771.3,0.4,111,Sucursal,46
SOL00330,Desembolso,2026-02-16 08:00:00,Tesoreria,Vehicular,18300.0,2436.75,0.2,10,Agente,38
SOL01114,Verificación de documentos,2026-02-16 08:00:00,Verificador_04,Consumo,6900.0,1709.58,0.25,64,Web,54
SOL00840,Formalización,2026-02-16 08:00:00,Ejecutivo_06,Consumo,5700.0,1205.26,0.2,20,Web,27
SOL00798,Análisis financiero,2026-02-16 08:00:00,Analista_08,Personal,11400.0,3315.79,0.18,15,Agente,21
SOL00687,Formalización,2026-02-16 08:00:00,Ejecutivo_05,Consumo,2500.0,1798.33,0.35,0,Sucursal,46
SOL00782,Formalización,2026-02-16 08:00:00,Ejecutivo_06,Vehicular,21800.0,1842.09,0.23,26,Web,47
SOL00650,Verificación de documentos,2026-02-16 08:00:00,Verificador_03,Consumo,2100.0,2726.78,0.15,46,Sucursal,67
SOL00115,Verificación de documentos,2026-02-16 08:00:00,Verificador_03,Personal,15800.0,4516.4,0.36,0,Web,59
SOL00065,Verificación de documentos,2026-02-16 08:00:00,Verificador_04,Hipotecario,162500.0,1155.62,0.21,38,Agente,53
SOL01031,Desembolso,2026-02-16 08:00:00,Tesoreria,Personal,9900.0,2374.6,0.23,1,Web,56
SOL00142,Análisis financiero,2026-02-16 08:00:00,Analista_01,Personal,11800.0,454.21,0.59,12,Web,67
SOL00677,Reevaluación,2026-02-16 08:00:00,Analista_07,Vehicular,35300.0,2260.69,0.53,62,Agente,37
SOL00055,Verificación de documentos,2026-02-16 08:00:00,Verificador_01,Consumo,1600.0,763.02,0.35,9,Agente,33
SOL00122,Verificación de documentos,2026-02-16 08:00:00,Verificador_01,Hipotecario,91400.0,1291.47,0.32,12,Sucursal,51
SOL00336,Verificación de documentos,2026-02-16 08:00:00,Verificador_04,Hipotecario,64000.0,2020.65,0.59,14,Agente,52
SOL00824,Verificación de documentos,2026-02-16 08:01:00,Verificador_01,Consumo,6900.0,1559.39,0.24,24,Agente,62
SOL00077,Formalización,2026-02-16 08:08:00,Ejecutivo_01,Hipotecario,105500.0,1280.3,0.2,51,Web,26
SOL00286,Verificación de documentos,2026-02-16 08:14:00,Verificador_01,Hipotecario,52400.0,1359.62,0.11,120,Sucursal,56
SOL00161,Reevaluación,2026-02-16 08:14:00,Analista_04,Personal,18700.0,1448.24,0.46,23,Web,56
SOL00623,Solicitud recibida,2026-02-16 08:21:23,Ejecutivo_04,Hipotecario,201700.0,1456.66,0.54,17,Sucursal,33
SOL00491,Solicitud de información adicional,2026-02-16 08:30:01,Verificador_02,Vehicular,32700.0,1139.69,0.09,27,Web,68
SOL00128,Solicitud de información adicional,2026-02-16 08:30:01,Verificador_02,Consumo,4200.0,612.55,0.27,80,Web,30
SOL00011,Solicitud de información adicional,2026-02-16 08:30:01,Verificador_02,Personal,12100.0,2596.19,0.14,76,Sucursal,63
SOL00654,Solicitud de informacion adicional,2026-02-16 08:30:01,Verificador_04,Vehicular,18400.0,837.37,0.21,1,Sucursal,32
SOL01114,Solicitud de información adicional,2026-02-16 08:30:01,Verificador_01,Consumo,6900.0,1709.58,0.25,64,Web,54
SOL00065,Solicitud de información adicional,2026-02-16 08:30:01,Verificador_02,Hipotecario,162500.0,1155.62,0.21,38,Agente,53
SOL00821,Verificación de documentos,2026-02-16 08:48:15,Verificador_02,Consumo,4200.0,2650.82,0.36,5,Web,28
SOL00403,Solicitud recibida,2026-02-16 09:15:06,Ejecutivo_06,Personal,10600.0,705.54,0.52,102,Sucursal,34
SOL00821,Solicitud de información adicional,2026-02-16 09:18:16,Verificador_01,Consumo,4200.0,2650.82,0.36,5,Web,28
SOL00508,Formalización,2026-02-16 09:31:20,Ejecutivo_06,Hipotecario,169400.0,2624.08,0.29,136,Web,40
SOL00285,Solicitud recibida,2026-02-16 10:27:53,Ejecutivo_06,Personal,16300.0,909.38,0.24,126,Sucursal,50
SOL00616,Formalización,2026-02-16 11:19:48,Ejecutivo_02,Personal,7800.0,660.76,0.26,17,Web,58
SOL00517,Rechazo,2026-02-16 11:25:22,Analista_01,Personal,15300.0,604.08,0.64,77,Web,26
SOL00161,Rechazo,2026-02-16 11:33:38,Analista_04,Personal,18700.0,1448.24,0.46,23,Web,56
SOL00798,Aprobación,2026-02-16 11:52:21,Analista_08,Personal,11400.0,3315.79,0.18,15,Agente,21
SOL00299,Rechazo,2026-02-16 12:16:36,Analista_08,Consumo,4500.0,1826.27,0.44,2,Sucursal,38
SOL00650,Análisis financiero,2026-02-16 12:23:35,Analista_04,Consumo,2100.0,2726.78,0.15,46,Sucursal,67
SOL00677,Aprobación,2026-02-16 12:23:42,Analista_07,Vehicular,35300.0,2260.69,0.53,62,Agente,37
SOL01049,Aprobación,2026-02-16 12:38:08,Analista_01,Personal,7300.0,1461.41,0.3,60,Sucursal,68
SOL01030,Aprobación,2026-02-16 12:41:02,Analista_07,Personal,4200.0,1257.76,0.3,27,Web,43
SOL00162,Solicitud recibida,2026-02-16 12:47:01,Ejecutivo_05,Consumo,1300.0,705.11,0.36,185,Agente,63
SOL00824,Análisis financiero,2026-02-16 12:59:01,Analista_08,Consumo,6900.0,1559.39,0.24,24,Agente,62
SOL01046,Aprobación,2026-02-16 13:45:11,Analista_02,Consumo,1100.0,4154.83,0.11,41,Sucursal,36
SOL00370,Verificación de documentos,2026-02-16 13:53:29,Verificador_01,Consumo,7700.0,2487.71,0.58,18,Web,60
SOL00162,Verificación de documentos,2026-02-16 14:26:18,Verificador_03,Consumo,1300.0,705.11,0.36,185,Agente,63
SOL00650,Aprobación,2026-02-16 14:53:50,Analista_04,Consumo,2100.0,2726.78,0.15,46,Sucursal,67
SOL00162,Solicitud de información adicional,2026-02-16 14:56:19,Verificador_03,Consumo,1300.0,705.11,0.36,185,Agente,63
SOL00219,Análisis financiero,2026-02-16 16:10:54,Analista_03,Vehicular,35400.0,2492.71,0.02,114,Agente,53
SOL00286,Análisis financiero,2026-02-16 16:37:18,Analista_01,Hipotecario,52400.0,1359.62,0.11,120,Sucursal,56
SOL00497,Solicitud recibida,2026-02-16 16:42:08,Sistema,Vehicular,23400.0,1217.17,0.36,74,Web,64
SOL00203,Solicitud recibida,2026-02-16 17:05:39,Sistema,Vehicular,25900.0,742.33,0.25,8,Web,62
SOL00065,Recepción de información,2026-02-16 20:05:03,Sistema,Hipotecario,162500.0,1155.62,0.21,38,Agente,53
SOL00193,Solicitud recibida,2026-02-16 20:43:09,Sistema,Personal,5700.0,810.74,0.3,23,Web,50
SOL00851,Solicitud recibida,2026-02-16 21:06:58,Ejecutivo_05,Vehicular,32900.0,725.47,0.23,2,Agente,54
SOL00298,Solicitud recibida,2026-02-16 21:29:17,Ejecutivo_03,Hipotecario,64600.0,1628.74,0.42,34,Sucursal,25
SOL00497,Verificación de documentos,2026-02-17 08:00:00,Verificador_03,Vehicular,23400.0,1217.17,0.36,74,Web,64
SOL00851,Verificación de documentos,2026-02-17 08:00:00,Verificador_03,Vehicular,32900.0,725.47,0.23,2,Agente,54
SOL00336,Análisis financiero,2026-02-17 08:00:00,Analista_05,Hipotecario,64000.0,2020.65,0.59,14,Agente,52
SOL01130,Desembolso,2026-02-17 08:00:00,Tesoreria,Vehicular,39100.0,2138.2,0.29,42,Sucursal,50
SOL00122,Análisis financiero,2026-02-17 08:00:00,Analista_06,Hipotecario,91400.0,1291.47,0.32,12,Sucursal,51
SOL00623,Verificación de documentos,2026-02-17 08:00:00,Verificador_03,Hipotecario,201700.0,1456.66,0.54,17,Sucursal,33
SOL00789,Formalización,2026-02-17 08:00:00,Ejecutivo_06,Consumo,5200.0,686.28,0.2,29,Web,64
SOL00824,Aprobación,2026-02-17 08:00:00,Analista_08,Consumo,6900.0,1559.39,0.24,24,Agente,62
SOL00009,Desembolso,2026-02-17 08:00:00,Tesoreria,Vehicular,36800.0,1636.99,0.22,70,Agente,38
SOL00285,Verificación de documentos,2026-02-17 08:00:00,Verificador_01,Personal,16300.0,909.38,0.24,126,Sucursal,50
SOL00448,Análisis financiero,2026-02-17 08:00:00,Analista_01,Personal,10800.0,491.55,0.43,117,Web,33
SOL00115,Análisis financiero,2026-02-17 08:00:00,Analista_08,Personal,15800.0,4516.4,0.36,0,Web,59
SOL00403,Verificación de documentos,2026-02-17 08:00:00,Verificador_01,Personal,10600.0,705.54,0.52,102,Sucursal,34
SOL00687,Desembolso,2026-02-17 08:00:00,Tesoreria,Consumo,2500.0,1798.33,0.35,0,Sucursal,46
SOL00442,Análisis financiero,2026-02-17 08:00:00,Analista_08,Personal,10000.0,1584.78,0.04,21,Sucursal,28
SOL00077,Desembolso,2026-02-17 08:00:00,Tesoreria,Hipotecario,105500.0,1280.3,0.2,51,Web,26
SOL00709,Análisis financiero,2026-02-17 08:00:00,Analista_01,Personal,19900.0,1578.1,0.48,6,Agente,42
SOL01129,Análisis financiero,2026-02-17 08:00:00,Analista_06,Consumo,8000.0,2141.76,0.46,13,Web,51
SOL01054,Análisis financiero,2026-02-17 08:05:43,Analista_04,Personal,12500.0,911.3,0.14,55,Web,35
SOL01018,Análisis financiero,2026-02-17 08:08:00,Analista_01,Personal,18100.0,1771.3,0.4,111,Sucursal,46
SOL00616,Desembolso,2026-02-17 08:09:00,Tesoreria,Personal,7800.0,660.76,0.26,17,Web,58
SOL00065,Verificación de documentos,2026-02-17 08:11:00,Verificador_02,Hipotecario,162500.0,1155.62,0.21,38,Agente,53
SOL01105,Reevaluación,2026-02-17 08:11:00,Analista_05,Personal,5300.0,2426.56,0.49,36,Web,44
SOL00055,Análisis financiero,2026-02-17 08:13:32,Analista_07,Consumo,1600.0,763.02,0.35,9,Agente,33
SOL00184,Análisis financiero,2026-02-17 08:20:00,Analista_06,Personal,15200.0,653.87,0.07,235,Web,25
SOL01017,Desembolso,2026-02-17 08:21:00,Tesoreria,Vehicular,16600.0,1614.58,0.21,106,Sucursal,26
SOL00203,Verificación de documentos,2026-02-17 08:21:00,Verificador_01,Vehicular,25900.0,742.33,0.25,8,Web,62
SOL00298,Verificación de documentos,2026-02-17 08:21:00,Verificador_04,Hipotecario,64600.0,1628.74,0.42,34,Sucursal,25
SOL00508,Desembolso,2026-02-17 08:23:00,Tesoreria,Hipotecario,169400.0,2624.08,0.29,136,Web,40
SOL00193,Verificación de documentos,2026-02-17 08:27:00,Verificador_01,Personal,5700.0,810.74,0.3,23,Web,50
SOL00370,Análisis financiero,2026-02-17 08:28:00,Analista_03,Consumo,7700.0,2487.71,0.58,18,Web,60
SOL00497,Solicitud de información adicional,2026-02-17 08:30:01,Verificador_04,Vehicular,23400.0,1217.17,0.36,74,Web,64
SOL00851,Solicitud de información adicional,2026-02-17 08:30:01,Verificador_04,Vehicular,32900.0,725.47,0.23,2,Agente,54
SOL00285,Solicitud de información adicional,2026-02-17 08:30:01,Verificador_03,Personal,16300.0,909.38,0.24,126,Sucursal,50
SOL00693,Desistimiento,2026-02-17 08:30:02,Sistema,Consumo,1200.0,1187.91,0.53,201,Web,32
SOL00959,Análisis financiero,2026-02-17 08:36:35,Analista_01,Personal,18000.0,1248.55,0.26,22,Sucursal,40
SOL00782,Desembolso,2026-02-17 09:34:18,Tesoreria,Vehicular,21800.0,1842.09,0.23,26,Web,47
SOL00756,Desembolso,2026-02-17 10:04:19,Tesoreria,Vehicular,39200.0,2889.46,0.15,118,Sucursal,40
SOL00812,Análisis financiero,2026-02-17 10:19:15,Analista_03,Hipotecario,192600.0,1297.56,0.61,76,Web,26
SOL00479,Solicitud recibida,2026-02-17 10:27:50,Sistema,Personal,6200.0,2264.13,0.1,146,Web,38
SOL00142,Reevaluación,2026-02-17 11:02:12,Analista_01,Personal,11800.0,454.21,0.59,12,Web,67
SOL01018,Aprobación,2026-02-17 11:14:54,Analista_01,Personal,18100.0,1771.3,0.4,111,Sucursal,46
SOL00055,Rechazo,2026-02-17 11:33:48,Analista_07,Consumo,1600.0,763.02,0.35,9,Agente,33
SOL00276,Solicitud recibida,2026-02-17 11:40:47,Ejecutivo_05,Consumo,4400.0,695.54,0.45,34,Agente,47
SOL00507,Solicitud recibida,2026-02-17 11:47:02,Ejecutivo_02,Consumo,6400.0,1512.64,0.26,3,Sucursal,53
SOL00442,Aprobación,2026-02-17 11:51:16,Analista_08,Personal,10000.0,1584.78,0.04,21,Sucursal,28
SOL00115,Rechazo,2026-02-17 12:12:39,Analista_08,Personal,15800.0,4516.4,0.36,0,Web,59
SOL00959,Aprobación,2026-02-17 12:27:57,Analista_01,Personal,18000.0,1248.55,0.26,22,Sucursal,40
SOL00234,Análisis financiero,2026-02-17 12:39:45,Analista_03,Consumo,5400.0,878.06,0.56,102,Web,59
SOL01054,Aprobación,2026-02-17 13:04:03,Analista_04,Personal,12500.0,911.3,0.14,55,Web,35
SOL00184,Aprobación,2026-02-17 13:18:06,Analista_06,Personal,15200.0,653.87,0.07,235,Web,25
SOL00105,Solicitud recibida,2026-02-17 13:40:47,Ejecutivo_04,Consumo,3300.0,573.69,0.35,38,Sucursal,45
SOL00534,Desembolso,2026-02-17 14:17:43,Tesoreria,Personal,15500.0,3055.36,0.12,24,Agente,33
SOL00059,Solicitud recibida,2026-02-17 14:22:53,Sistema,Vehicular,15000.0,697.12,0.29,78,Web,33
SOL00479,Verificación de documentos,2026-02-17 14:36:01,Verificador_03,Personal,6200.0,2264.13,0.1,146,Web,38
SOL00479,Solicitud de información adicional,2026-02-17 15:06:02,Verificador_02,Personal,6200.0,2264.13,0.1,146,Web,38
SOL01129,Rechazo,2026-02-17 15:44:47,Analista_06,Consumo,8000.0,2141.76,0.46,13,Web,51
SOL00276,Verificación de documentos,2026-02-17 16:28:25,Verificador_04,Consumo,4400.0,695.54,0.45,34,Agente,47
SOL00105,Verificación de documentos,2026-02-17 16:32:20,Verificador_03,Consumo,3300.0,573.69,0.35,38,Sucursal,45
SOL00226,Solicitud recibida,2026-02-17 18:49:47,Ejecutivo_02,Vehicular,29500.0,540.64,0.17,285,Agente,29
SOL00885,Solicitud recibida,2026-02-17 19:38:59,Ejecutivo_03,Personal,15400.0,1782.84,0.21,134,Sucursal,57
SOL00731,Solicitud recibida,2026-02-17 20:13:04,Sistema,Consumo,2900.0,971.92,0.08,52,Web,67
SOL00011,Recepción de información,2026-02-18 01:09:41,Sistema,Personal,12100.0,2596.19,0.14,76,Sucursal,63
SOL01114,Recepción de información,2026-02-18 04:59:11,Sistema,Consumo,6900.0,1709.58,0.25,64,Web,54
SOL00804,Solicitud recibida,2026-02-18 07:07:20,Ejecutivo_02,Vehicular,14900.0,7215.03,0.16,1,Sucursal,69
SOL00507,Verificación de documentos,2026-02-18 08:00:00,Verificador_02,Consumo,6400.0,1512.64,0.26,3,Sucursal,53
SOL00193,Análisis financiero,2026-02-18 08:00:00,Analista_03,Personal,5700.0,810.74,0.3,23,Web,50
SOL00403,Análisis financiero,2026-02-18 08:00:00,Analista_04,Personal,10600.0,705.54,0.52,102,Sucursal,34
SOL00059,Verificación de documentos,2026-02-18 08:00:00,Verificador_02,Vehicular,15000.0,697.12,0.29,78,Web,33
SOL00561,Desembolso,2026-02-18 08:00:00,Tesoreria,Hipotecario,114800.0,2239.0,0.41,22,Web,21
SOL01105,Aprobación,2026-02-18 08:00:00,Analista_05,Personal,5300.0,2426.56,0.49,36,Web,44
SOL00623,Análisis financiero,2026-02-18 08:00:00,Analista_04,Hipotecario,201700.0,1456.66,0.54,17,Sucursal,33
SOL00840,Desembolso,2026-02-18 08:00:00,Tesoreria,Consumo,5700.0,1205.26,0.2,20,Web,27
SOL01030,Formalización,2026-02-18 08:09:00,Ejecutivo_02,Personal,4200.0,1257.76,0.3,27,Web,43
SOL00789,Desembolso,2026-02-18 08:12:00,Tesoreria,Consumo,5200.0,686.28,0.2,29,Web,64
SOL00709,Reevaluación,2026-02-18 08:26:00,Analista_01,Personal,19900.0,1578.1,0.48,6,Agente,42
SOL00226,Verificación de documentos,2026-02-18 08:26:00,Verificador_02,Vehicular,29500.0,540.64,0.17,285,Agente,29
SOL00233,Solicitud recibida,2026-02-18 08:55:12,Ejecutivo_01,Hipotecario,62100.0,1984.04,0.02,19,Sucursal,22
SOL00226,Solicitud de información adicional,2026-02-18 08:56:01,Verificador_03,Vehicular,29500.0,540.64,0.17,285,Agente,29
SOL00442,Formalización,2026-02-18 09:40:34,Ejecutivo_04,Personal,10000.0,1584.78,0.04,21,Sucursal,28
SOL00974,Solicitud recibida,2026-02-18 09:41:04,Sistema,Consumo,4700.0,1194.0,0.07,11,Web,58
SOL00245,Análisis financiero,2026-02-18 10:03:17,Analista_07,Personal,15100.0,1728.22,0.29,70,Web,31
SOL00731,Verificación de documentos,2026-02-18 10:19:46,Verificador_03,Consumo,2900.0,971.92,0.08,52,Web,67
SOL00033,Solicitud recibida,2026-02-18 10:31:55,Ejecutivo_02,Personal,8600.0,1591.97,0.4,186,Sucursal,53
SOL00105,Análisis financiero,2026-02-18 10:32:36,Analista_04,Consumo,3300.0,573.69,0.35,38,Sucursal,45
SOL00233,Verificación de documentos,2026-02-18 11:28:56,Verificador_03,Hipotecario,62100.0,1984.04,0.02,19,Sucursal,22
SOL00276,Análisis financiero,2026-02-18 12:00:58,Analista_04,Consumo,4400.0,695.54,0.45,34,Agente,47
SOL01114,Verificación de documentos,2026-02-18 12:01:52,Verificador_03,Consumo,6900.0,1709.58,0.25,64,Web,54
SOL00011,Verificación de documentos,2026-02-18 12:06:48,Verificador_04,Personal,12100.0,2596.19,0.14,76,Sucursal,63
SOL00118,Solicitud recibida,2026-02-18 12:36:43,Ejecutivo_04,Vehicular,22700.0,1435.69,0.67,2,Sucursal,64
SOL00974,Verificación de documentos,2026-02-18 12:36:59,Verificador_02,Consumo,4700.0,1194.0,0.07,11,Web,58
SOL01087,Solicitud recibida,2026-02-18 12:40:30,Ejecutivo_04,Personal,16600.0,778.13,0.33,361,Sucursal,38
SOL00234,Reevaluación,2026-02-18 12:55:57,Analista_03,Consumo,5400.0,878.06,0.56,102,Web,59
SOL00193,Aprobación,2026-02-18 13:09:10,Analista_03,Personal,5700.0,810.74,0.3,23,Web,50
SOL00851,Recepción de información,2026-02-18 13:31:38,Sistema,Vehicular,32900.0,725.47,0.23,2,Agente,54
SOL00036,Desembolso,2026-02-18 13:40:41,Tesoreria,Personal,16700.0,1526.47,0.33,39,Sucursal,24
SOL00709,Rechazo,2026-02-18 13:47:02,Analista_01,Personal,19900.0,1578.1,0.48,6,Agente,42
SOL00245,Aprobación,2026-02-18 13:48:37,Analista_07,Personal,15100.0,1728.22,0.29,70,Web,31
SOL00124,Formalización,2026-02-18 13:54:33,Ejecutivo_04,Hipotecario,133800.0,5803.16,0.26,16,Web,52
SOL00650,Formalización,2026-02-18 14:00:44,Ejecutivo_06,Consumo,2100.0,2726.78,0.15,46,Sucursal,67
SOL00162,Recepción de información,2026-02-18 15:09:32,Sistema,Consumo,1300.0,705.11,0.36,185,Agente,63
SOL00804,Verificación de documentos,2026-02-18 15:14:03,Verificador_02,Vehicular,14900.0,7215.03,0.16,1,Sucursal,69
SOL00370,Reevaluación,2026-02-18 15:29:56,Analista_03,Consumo,7700.0,2487.71,0.58,18,Web,60
SOL00677,Formalización,2026-02-18 15:31:31,Ejecutivo_05,Vehicular,35300.0,2260.69,0.53,62,Agente,37
SOL00438,Solicitud recibida,2026-02-18 15:37:53,Ejecutivo_04,Hipotecario,230200.0,3112.09,0.44,54,Sucursal,22
SOL00105,Aprobación,2026-02-18 15:54:47,Analista_04,Consumo,3300.0,573.69,0.35,38,Sucursal,45
SOL00255,Solicitud recibida,2026-02-18 19:10:30,Ejecutivo_06,Personal,14800.0,721.66,0.53,26,Agente,41
SOL00184,Formalización,2026-02-19 08:00:00,Ejecutivo_01,Personal,15200.0,653.87,0.07,235,Web,25
SOL01087,Verificación de documentos,2026-02-19 08:00:00,Verificador_01,Personal,16600.0,778.13,0.33,361,Sucursal,38
SOL00798,Formalización,2026-02-19 08:00:00,Ejecutivo_04,Personal,11400.0,3315.79,0.18,15,Agente,21
SOL00142,Reevaluación,2026-02-19 08:00:00,Analista_01,Personal,11800.0,454.21,0.59,12,Web,67
SOL00851,Verificación de documentos,2026-02-19 08:00:00,Verificador_02,Vehicular,32900.0,725.47,0.23,2,Agente,54
SOL00011,Análisis financiero,2026-02-19 08:00:00,Analista_01,Personal,12100.0,2596.19,0.14,76,Sucursal,63
SOL00959,Formalización,2026-02-19 08:00:00,Ejecutivo_06,Personal,18000.0,1248.55,0.26,22,Sucursal,40
SOL00370,Rechazo,2026-02-19 08:00:00,Analista_03,Consumo,7700.0,2487.71,0.58,18,Web,60
SOL00162,Verificación de documentos,2026-02-19 08:00:00,Verificador_04,Consumo,1300.0,705.11,0.36,185,Agente,63
SOL00118,Verificación de documentos,2026-02-19 08:00:00,Verificador_01,Vehicular,22700.0,1435.69,0.67,2,Sucursal,64
SOL00448,Reevaluación ,2026-02-19 08:00:00,Analista_01,Personal,10800.0,491.55,0.43,117,Web,33
SOL00233,Análisis financiero,2026-02-19 08:01:00,Analista_07,Hipotecario,62100.0,1984.04,0.02,19,Sucursal,22
SOL01114,Análisis financiero,2026-02-19 08:03:00,Analista_06,Consumo,6900.0,1709.58,0.25,64,Web,54
SOL00349,Formalización,2026-02-19 08:04:00,Ejecutivo_01,Personal,11100.0,4111.42,0.1,21,Web,26
SOL00731,Análisis financiero,2026-02-19 08:07:00,Analista_01,Consumo,2900.0,971.92,0.08,52,Web,67
SOL00403,Reevaluación,2026-02-19 08:08:00,Analista_04,Personal,10600.0,705.54,0.52,102,Sucursal,34
SOL01049,Formalización,2026-02-19 08:09:00,Ejecutivo_04,Personal,7300.0,1461.41,0.3,60,Sucursal,68
SOL01105,Formalización,2026-02-19 08:11:00,Ejecutivo_03,Personal,5300.0,2426.56,0.49,36,Web,44
SOL00234,Rechazo,2026-02-19 08:12:00,Analista_03,Consumo,5400.0,878.06,0.56,102,Web,59
SOL00203,Análisis financiero,2026-02-19 08:14:00,Analista_07,Vehicular,25900.0,742.33,0.25,8,Web,62
SOL00059,Análisis financiero,2026-02-19 08:22:00,Analista_08,Vehicular,15000.0,697.12,0.29,78,Web,33
SOL00438,Verificación de documentos,2026-02-19 08:26:00,Verificador_01,Hipotecario,230200.0,3112.09,0.44,54,Sucursal,22
SOL01018,Formalización,2026-02-19 08:28:00,Ejecutivo_04,Personal,18100.0,1771.3,0.4,111,Sucursal,46
SOL01030,Desembolso,2026-02-19 08:28:00,Tesoreria,Personal,4200.0,1257.76,0.3,27,Web,43
SOL00935,Desistimiento,2026-02-19 08:30:02,Sistema,Personal,15700.0,1341.81,0.13,29,Sucursal,67
SOL00124,Desembolso,2026-02-19 08:52:32,Tesoreria,Hipotecario,133800.0,5803.16,0.26,16,Web,52
SOL00479,Recepción de información,2026-02-19 09:00:59,Sistema,Personal,6200.0,2264.13,0.1,146,Web,38
SOL00567,Solicitud recibida,2026-02-19 09:25:36,Sistema,Consumo,4000.0,2005.72,0.06,13,Web,63
SOL00193,Formalización,2026-02-19 09:54:42,Ejecutivo_05,Personal,5700.0,810.74,0.3,23,Web,50
SOL00871,Comité de crédito,2026-02-19 10:00:01,Comite,Hipotecario,206000.0,873.14,0.2,46,Web,28
SOL00812,Comité de crédito,2026-02-19 10:00:01,Comite,Hipotecario,192600.0,1297.56,0.61,76,Web,26
SOL00929,Comité de crédito,2026-02-19 10:00:01,Comite,Hipotecario,150000.0,1012.87,0.77,112,Agente,57
SOL00372,Comité de crédito,2026-02-19 10:00:01,Comite,Hipotecario,135500.0,1365.13,0.38,119,Web,52
SOL00336,Comité de crédito,2026-02-19 10:00:01,Comite,Hipotecario,64000.0,2020.65,0.59,14,Agente,52
SOL00395,Comité de crédito,2026-02-19 10:00:01,Comite,Vehicular,34500.0,1952.62,0.3,38,Agente,39
SOL01092,Comité de crédito,2026-02-19 10:00:01,Comite,Hipotecario,133600.0,1339.7,0.38,69,Sucursal,70
SOL00122,Comité de crédito,2026-02-19 10:00:01,Comite,Hipotecario,91400.0,1291.47,0.32,12,Sucursal,51
SOL00751,Comité de crédito,2026-02-19 10:00:01,Comite,Vehicular,34200.0,1802.17,0.1,45,Sucursal,35
SOL00376,Comité de crédito,2026-02-19 10:00:01,Comite,Hipotecario,121100.0,1390.52,0.33,17,Web,69
SOL00042,Comité de crédito,2026-02-19 10:00:01,Comite,Vehicular,36500.0,644.75,0.49,105,Web,69
SOL00219,Comité de crédito,2026-02-19 10:00:01,Comite,Vehicular,35400.0,2492.71,0.02,114,Agente,53
SOL00623,Comité de crédito,2026-02-19 10:00:01,Comite,Hipotecario,201700.0,1456.66,0.54,17,Sucursal,33
SOL00286,Comité de crédito,2026-02-19 10:00:01,Comite,Hipotecario,52400.0,1359.62,0.11,120,Sucursal,56
SOL00841,Comité de crédito,2026-02-19 10:00:01,Comite,Hipotecario,90300.0,1572.64,0.53,87,Web,31
SOL00403,Aprobación,2026-02-19 10:14:05,Analista_04,Personal,10600.0,705.54,0.52,102,Sucursal,34
SOL00226,Recepción de información,2026-02-19 10:25:24,Sistema,Vehicular,29500.0,540.64,0.17,285,Agente,29
SOL00442,Desembolso,2026-02-19 10:33:08,Tesoreria,Personal,10000.0,1584.78,0.04,21,Sucursal,28
SOL00654,Recepción de información,2026-02-19 10:48:22,Sistema,Vehicular,18400.0,837.37,0.21,1,Sucursal,32
SOL00033,verificación de documentos,2026-02-19 10:54:34,Verificador_04,Personal,8600.0,1591.97,0.4,186,Sucursal,53
SOL00804,Análisis financiero,2026-02-19 11:36:20,Analista_08,Vehicular,14900.0,7215.03,0.16,1,Sucursal,69
SOL00011,Aprobación,2026-02-19 11:41:43,Analista_01,Personal,12100.0,2596.19,0.14,76,Sucursal,63
SOL01114,Aprobación,2026-02-19 11:47:34,Analista_06,Consumo,6900.0,1709.58,0.25,64,Web,54
SOL00203,Rechazo,2026-02-19 11:47:42,Analista_07,Vehicular,25900.0,742.33,0.25,8,Web,62
SOL00315,Solicitud recibida,2026-02-19 12:02:26,Sistema,Consumo,6600.0,1555.16,0.12,56,Web,41
SOL00827,Solicitud recibida,2026-02-19 12:21:02,Ejecutivo_01,Consumo,7700.0,1284.61,0.39,8,Sucursal,63
SOL00516,Solicitud recibida,2026-02-19 12:42:11,Ejecutivo_01,Personal,11400.0,4445.84,0.06,17,Sucursal,64
SOL00911,Solicitud recibida,2026-02-19 12:51:42,Ejecutivo_01,Personal,5500.0,1229.08,0.57,55,Sucursal,47
SOL00255,Verificación de documentos,2026-02-19 12:54:28,Verificador_03,Personal,14800.0,721.66,0.53,26,Agente,41
SOL00731,Rechazo,2026-02-19 13:12:15,Analista_01,Consumo,2900.0,971.92,0.08,52,Web,67
SOL00219,Aprobación,2026-02-19 13:17:27,Comite,Vehicular,35400.0,2492.71,0.02,114,Agente,53
SOL00448,Aprobación,2026-02-19 13:21:06,Analista_01,Personal,10800.0,491.55,0.43,117,Web,33
SOL00042,Aprobación,2026-02-19 13:30:02,Comite,Vehicular,36500.0,644.75,0.49,105,Web,69
SOL00871,Rechazo,2026-02-19 13:38:57,Analista_05,Hipotecario,206000.0,873.14,0.2,46,Web,28
SOL00507,Análisis financiero,2026-02-19 13:39:04,Analista_06,Consumo,6400.0,1512.64,0.26,3,Sucursal,53
SOL00122,Aprobación,2026-02-19 13:50:14,Comite,Hipotecario,91400.0,1291.47,0.32,12,Sucursal,51
SOL00065,Análisis financiero,2026-02-19 13:51:10,Analista_07,Hipotecario,162500.0,1155.62,0.21,38,Agente,53
SOL01046,Formalización,2026-02-19 14:03:47,Ejecutivo_05,Consumo,1100.0,4154.83,0.11,41,Sucursal,36
SOL00824,Formalización,2026-02-19 14:07:16,Ejecutivo_06,Consumo,6900.0,1559.39,0.24,24,Agente,62
SOL00142,Rechazo,2026-02-19 14:10:21,Analista_01,Personal,11800.0,454.21,0.59,12,Web,67
SOL00751,Aprobación,2026-02-19 14:24:28,Comite,Vehicular,34200.0,1802.17,0.1,45,Sucursal,35
SOL01056,Solicitud recibida,2026-02-19 14:24:54,Ejecutivo_02,Vehicular,38700.0,1636.15,0.38,57,Sucursal,43
SOL00286,Aprobación,2026-02-19 14:30:57,Comite,Hipotecario,52400.0,1359.62,0.11,120,Sucursal,56
SOL00654,Verificación de documentos,2026-02-19 14:36:49,Verificador_04,Vehicular,18400.0,837.37,0.21,1,Sucursal,32
SOL00276,Reevaluación,2026-02-19 14:50:03,Analista_04,Consumo,4400.0,695.54,0.45,34,Agente,47
SOL00537,Solicitud recibida,2026-02-19 14:50:08,Ejecutivo_02,Personal,13500.0,1412.19,0.08,19,Sucursal,60
SOL00395,Aprobación,2026-02-19 15:29:01,Comite,Vehicular,34500.0,1952.62,0.3,38,Agente,39
SOL00650,Desembolso,2026-02-19 16:09:03,Tesoreria,Consumo,2100.0,2726.78,0.15,46,Sucursal,67
SOL00162,Análisis financiero,2026-02-19 16:23:46,Analista_03,Consumo,1300.0,705.11,0.36,185,Agente,63
SOL01092,Aprobación,2026-02-19 16:27:58,Comite,Hipotecario,133600.0,1339.7,0.38,69,Sucursal,70
SOL00507,Aprobación,2026-02-19 16:53:43,Analista_06,Consumo,6400.0,1512.64,0.26,3,Sucursal,53
SOL00535,Solicitud recibida,2026-02-19 17:28:41,Sistema,Consumo,1800.0,705.75,0.64,32,Web,31
SOL00387,Solicitud recibida,2026-02-20 07:21:29,Sistema,Personal,17800.0,1188.98,0.16,31,Web,39
SOL00298,Análisis financiero,2026-02-20 08:00:00,Analista_02,Hipotecario,64600.0,1628.74,0.42,34,Sucursal,25
SOL00162,Aprobación,2026-02-20 08:00:00,Analista_03,Consumo,1300.0,705.11,0.36,185,Agente,63
SOL00438,Análisis financiero,2026-02-20 08:00:00,Analista_08,Hipotecario,230200.0,3112.09,0.44,54,Sucursal,22
SOL01056,Verificación de documentos,2026-02-20 08:00:00,Verificador_02,Vehicular,38700.0,1636.15,0.38,57,Sucursal,43
SOL00537,Verificación de documentos,2026-02-20 08:00:00,Verificador_04,Personal,13500.0,1412.19,0.08,19,Sucursal,60
SOL00516,Verificación de documentos,2026-02-20 08:00:00,Verificador_04,Personal,11400.0,4445.84,0.06,17,Sucursal,64
SOL00827,Verificación de documentos,2026-02-20 08:00:00,Verificador_02,Consumo,7700.0,1284.61,0.39,8,Sucursal,63
SOL00315,Verificación de documentos,2026-02-20 08:00:00,Verificador_01,Consumo,6600.0,1555.16,0.12,56,Web,41
SOL00479,Verificación de documentos,2026-02-20 08:00:00,Verificador_03,Personal,6200.0,2264.13,0.1,146,Web,38
SOL00911,Verificación de documentos,2026-02-20 08:00:00,Verificador_02,Personal,5500.0,1229.08,0.57,55,Sucursal,47
SOL00276,Aprobación,2026-02-20 08:00:00,Analista_04,Consumo,4400.0,695.54,0.45,34,Agente,47
SOL00567,Verificación de documentos,2026-02-20 08:00:00,Verificador_03,Consumo,4000.0,2005.72,0.06,13,Web,63
SOL00677,Desembolso,2026-02-20 08:00:00,Tesoreria,Vehicular,35300.0,2260.69,0.53,62,Agente,37
SOL01087,Análisis financiero,2026-02-20 08:00:00,Analista_03,Personal,16600.0,778.13,0.33,361,Sucursal,38
SOL00885,Verificación de documentos,2026-02-20 08:00:00,Verificador_03,Personal,15400.0,1782.84,0.21,134,Sucursal,57
SOL00059,Aprobación,2026-02-20 08:00:00,Analista_08,Vehicular,15000.0,697.12,0.29,78,Web,33
SOL00376,Aprobación,2026-02-20 08:00:00,Comite,Hipotecario,121100.0,1390.52,0.33,17,Web,69
SOL00372,Rechazo,2026-02-20 08:00:00,Analista_01,Hipotecario,135500.0,1365.13,0.38,119,Web,52
SOL00226,Verificación de documentos,2026-02-20 08:04:00,Verificador_04,Vehicular,29500.0,540.64,0.17,285,Agente,29
SOL01018,Desembolso,2026-02-20 08:06:00,Tesoreria,Personal,18100.0,1771.3,0.4,111,Sucursal,46
SOL00804,Aprobación,2026-02-20 08:09:00,Analista_08,Vehicular,14900.0,7215.03,0.16,1,Sucursal,69
SOL00929,Reevaluación,2026-02-20 08:13:00,Analista_07,Hipotecario,150000.0,1012.87,0.77,112,Agente,57
SOL00349,Desembolso,2026-02-20 08:14:00,Tesoreria,Personal,11100.0,4111.42,0.1,21,Web,26
SOL00245,Formalización,2026-02-20 08:19:00,Ejecutivo_05,Personal,15100.0,1728.22,0.29,70,Web,31
SOL00654,Análisis financiero,2026-02-20 08:19:00,Analista_05,Vehicular,18400.0,837.37,0.21,1,Sucursal,32
SOL00535,Verificación de documentos,2026-02-20 08:21:00,Verificador_02,Consumo,1800.0,705.75,0.64,32,Web,31
SOL00959,Desembolso,2026-02-20 08:26:00,Tesoreria,Personal,18000.0,1248.55,0.26,22,Sucursal,40
SOL00974,Análisis financiero,2026-02-20 08:28:00,Analista_07,Consumo,4700.0,1194.0,0.07,11,Web,58
SOL00105,Formalización,2026-02-20 08:28:00,Ejecutivo_05,Consumo,3300.0,573.69,0.35,38,Sucursal,45
SOL00824,Desembolso,2026-02-20 08:29:00,Tesoreria,Consumo,6900.0,1559.39,0.24,24,Agente,62
SOL00315,Solicitud de información adicional,2026-02-20 08:30:01,Verificador_02,Consumo,6600.0,1555.16,0.12,56,Web,41
SOL00567,Solicitud de información adicional,2026-02-20 08:30:01,Verificador_03,Consumo,4000.0,2005.72,0.06,13,Web,63
SOL00705,Solicitud recibida,2026-02-20 09:46:51,Ejecutivo_02,Consumo,6300.0,1229.46,0.05,20,Sucursal,43
SOL00812,Reevaluación,2026-02-20 10:18:03,Analista_03,Hipotecario,192600.0,1297.56,0.61,76,Web,26
SOL00033,Análisis financiero,2026-02-20 10:26:47,Analista_06,Personal,8600.0,1591.97,0.4,186,Sucursal,53
SOL01087,Aprobación,2026-02-20 10:33:05,Analista_03,Personal,16600.0,778.13,0.33,361,Sucursal,38
SOL00851,Análisis financiero,2026-02-20 10:36:59,Analista_07,Vehicular,32900.0,725.47,0.23,2,Agente,54
SOL00127,Solicitud recibida,2026-02-20 10:42:05,Ejecutivo_04,Consumo,1900.0,1491.39,0.18,53,Sucursal,29
SOL00798,Desembolso,2026-02-20 11:28:21,Tesoreria,Personal,11400.0,3315.79,0.18,15,Agente,21
SOL01046,Desembolso,2026-02-20 11:57:13,Tesoreria,Consumo,1100.0,4154.83,0.11,41,Sucursal,36
SOL00741,Solicitud recibida,2026-02-20 12:08:46,Sistema,Vehicular,21400.0,1533.0,0.18,18,Web,52
SOL00255,Análisis financiero,2026-02-20 12:32:18,Analista_01,Personal,14800.0,721.66,0.53,26,Agente,41
SOL00336,Reevaluación,2026-02-20 12:47:24,Analista_05,Hipotecario,64000.0,2020.65,0.59,14,Agente,52
SOL00654,Aprobación,2026-02-20 12:50:08,Analista_05,Vehicular,18400.0,837.37,0.21,1,Sucursal,32
SOL00974,Rechazo,2026-02-20 13:37:25,Analista_07,Consumo,4700.0,1194.0,0.07,11,Web,58
SOL00705,Verificación de documentos,2026-02-20 14:02:07,Verificador_01,Consumo,6300.0,1229.46,0.05,20,Sucursal,43
SOL01177,Solicitud recibida,2026-02-20 15:09:46,Sistema,Personal,14400.0,1808.05,0.06,11,Web,59
SOL00448,Formalización,2026-02-20 16:26:04,Ejecutivo_06,Personal,10800.0,491.55,0.43,117,Web,33
SOL00255,Rechazo,2026-02-20 16:27:03,Analista_01,Personal,14800.0,721.66,0.53,26,Agente,41
SOL00033,Aprobación,2026-02-20 16:33:27,Analista_06,Personal,8600.0,1591.97,0.4,186,Sucursal,53
SOL00911,Análisis financiero,2026-02-20 16:50:09,Analista_05,Personal,5500.0,1229.08,0.57,55,Sucursal,47
SOL00387,Verificación de documentos,2026-02-20 16:52:29,Verificador_02,Personal,17800.0,1188.98,0.16,31,Web,39
SOL00595,Solicitud recibida,2026-02-20 17:02:10,Sistema,Hipotecario,51400.0,1203.54,0.67,44,Web,44
SOL00387,Solicitud de información adicional,2026-02-20 17:22:30,Verificador_02,Personal,17800.0,1188.98,0.16,31,Web,39
SOL00285,Recepción de información,2026-02-20 18:01:36,Sistema,Personal,16300.0,909.38,0.24,126,Sucursal,50
SOL00413,Solicitud recibida,2026-02-20 19:15:10,Ejecutivo_04,Vehicular,25500.0,1236.48,0.32,21,Agente,42
SOL00497,Recepción de información,2026-02-21 09:00:32,Sistema,Vehicular,23400.0,1217.17,0.36,74,Web,64
SOL00858,Solicitud recibida,2026-02-21 09:48:53,Sistema,Personal,4600.0,2812.04,0.61,16,Web,50
SOL00110,Solicitud recibida,2026-02-21 11:57:43,Sistema,Vehicular,31100.0,1319.18,0.28,108,Web,40
SOL00722,Solicitud recibida,2026-02-21 13:18:46,Sistema,Vehicular,35300.0,971.52,0.27,33,Web,21
SOL00981,Solicitud recibida,2026-02-21 14:02:48,Sistema,Personal,3700.0,1462.19,0.67,8,Web,28
SOL00344,Solicitud recibida,2026-02-21 15:48:04,Ejecutivo_01,Vehicular,18000.0,1317.85,0.31,28,Sucursal,64
SOL01075,Solicitud recibida,2026-02-21 15:52:30,Ejecutivo_05,Personal,19100.0,1981.24,0.23,5,Agente,46
SOL00914,Solicitud recibida,2026-02-21 20:48:31,Ejecutivo_05,Personal,18400.0,1415.0,0.05,32,Sucursal,50
SOL00598,Solicitud recibida,2026-02-21 21:02:54,Ejecutivo_05,Consumo,5000.0,2084.35,0.49,66,Agente,25
SOL00315,Recepción de información,2026-02-22 08:25:07,Sistema,Consumo,6600.0,1555.16,0.12,56,Web,41
SOL00739,Solicitud recibida,2026-02-22 10:49:09,Ejecutivo_04,Vehicular,17100.0,1360.4,0.12,14,Sucursal,23
SOL00567,Recepción de información,2026-02-22 16:00:40,Sistema,Consumo,4000.0,2005.72,0.06,13,Web,63
SOL00046,Solicitud recibida,2026-02-22 16:25:52,Ejecutivo_04,Personal,6900.0,2389.99,0.64,43,Sucursal,26
SOL00491,Recepción de información,2026-02-22 19:10:22,Sistema,Vehicular,32700.0,1139.69,0.09,27,Web,68
SOL00148,Solicitud recibida,2026-02-22 21:25:01,Sistema,Consumo,4300.0,3033.39,0.6,134,Web,70
SOL00535,Análisis financiero,2026-02-23 08:00:00,Analista_05,Consumo,1800.0,705.75,0.64,32,Web,31
SOL00105,Desembolso,2026-02-23 08:00:00,Tesoreria,Consumo,3300.0,573.69,0.35,38,Sucursal,45
SOL01056,Análisis financiero,2026-02-23 08:00:00,Analista_02,Vehicular,38700.0,1636.15,0.38,57,Sucursal,43
SOL01114,Formalización,2026-02-23 08:00:00,Ejecutivo_05,Consumo,6900.0,1709.58,0.25,64,Web,54
SOL00042,Formalización,2026-02-23 08:00:00,Ejecutivo_04,Vehicular,36500.0,644.75,0.49,105,Web,69
SOL01177,Verificación de documentos,2026-02-23 08:00:00,Verificador_02,Personal,14400.0,1808.05,0.06,11,Web,59
SOL00479,Análisis financiero,2026-02-23 08:00:00,Analista_08,Personal,6200.0,2264.13,0.1,146,Web,38
SOL00739,Verificación de documentos,2026-02-23 08:00:00,Verificador_03,Vehicular,17100.0,1360.4,0.12,14,Sucursal,23
SOL00598,Verificación de documentos,2026-02-23 08:00:00,Verificador_01,Consumo,5000.0,2084.35,0.49,66,Agente,25
SOL00413,Verificación de documentos,2026-02-23 08:00:00,Verificador_02,Vehicular,25500.0,1236.48,0.32,21,Agente,42
SOL00046,Verificación de documentos,2026-02-23 08:00:00,Verificador_02,Personal,6900.0,2389.99,0.64,43,Sucursal,26
SOL00827,Análisis financiero,2026-02-23 08:00:00,Analista_02,Consumo,7700.0,1284.61,0.39,8,Sucursal,63
SOL00804,Formalización,2026-02-23 08:00:00,Ejecutivo_05,Vehicular,14900.0,7215.03,0.16,1,Sucursal,69
SOL00118,Análisis financiero,2026-02-23 08:00:00,Analista_02,Vehicular,22700.0,1435.69,0.67,2,Sucursal,64
SOL00516,Análisis financiero,2026-02-23 08:00:00,Analista_05,Personal,11400.0,4445.84,0.06,17,Sucursal,64
SOL00403,Formalización,2026-02-23 08:00:00,Ejecutivo_04,Personal,10600.0,705.54,0.52,102,Sucursal,34
SOL00315,Verificación de documentos,2026-02-23 08:00:00,Verificador_01,Consumo,6600.0,1555.16,0.12,56,Web,41
SOL00286,Formalización,2026-02-23 08:00:00,Ejecutivo_04,Hipotecario,52400.0,1359.62,0.11,120,Sucursal,56
SOL00285,Verificación de documentos,2026-02-23 08:00:00,Verificador_02,Personal,16300.0,909.38,0.24,126,Sucursal,50
SOL00497,Verificacion de documentos,2026-02-23 08:00:00,Verificador_02,Vehicular,23400.0,1217.17,0.36,74,Web,64
SOL00219,Formalización,2026-02-23 08:00:00,Ejecutivo_03,Vehicular,35400.0,2492.71,0.02,114,Agente,53
SOL00059,Formalización,2026-02-23 08:00:00,Ejecutivo_04,Vehicular,15000.0,697.12,0.29,78,Web,33
SOL00751,Formalización,2026-02-23 08:00:00,Ejecutivo_04,Vehicular,34200.0,1802.17,0.1,45,Sucursal,35
SOL00226,Análisis financiero,2026-02-23 08:00:00,Analista_02,Vehicular,29500.0,540.64,0.17,285,Agente,29
SOL00162,Formalización,2026-02-23 08:00:00,Ejecutivo_01,Consumo,1300.0,705.11,0.36,185,Agente,63
SOL01105,Desembolso,2026-02-23 08:00:00,Tesoreria,Personal,5300.0,2426.56,0.49,36,Web,44
SOL00011,Formalización,2026-02-23 08:00:00,Ejecutivo_06,Personal,12100.0,2596.19,0.14,76,Sucursal,63
SOL00812,Reevaluación,2026-02-23 08:00:00,Analista_03,Hipotecario,192600.0,1297.56,0.61,76,Web,26
SOL01049,Desembolso,2026-02-23 08:00:00,Tesoreria,Personal,7300.0,1461.41,0.3,60,Sucursal,68
SOL00507,Formalización,2026-02-23 08:00:00,Ejecutivo_03,Consumo,6400.0,1512.64,0.26,3,Sucursal,53
SOL00595,Verificación de documentos,2026-02-23 08:00:00,Verificador_02,Hipotecario,51400.0,1203.54,0.67,44,Web,44
SOL00491,Verificación de documentos,2026-02-23 08:00:00,Verificador_04,Vehicular,32700.0,1139.69,0.09,27,Web,68
SOL00448,Desembolso,2026-02-23 08:00:00,Tesoreria,Personal,10800.0,491.55,0.43,117,Web,33
SOL00914,Verificación de documentos,2026-02-23 08:00:00,Verificador_03,Personal,18400.0,1415.0,0.05,32,Sucursal,50
SOL00741,Verificación de documentos,2026-02-23 08:00:00,Verificador_01,Vehicular,21400.0,1533.0,0.18,18,Web,52
SOL00929,Reevaluación ,2026-02-23 08:00:00,Analista_07,Hipotecario,150000.0,1012.87,0.77,112,Agente,57
SOL00981,Verificación de documentos,2026-02-23 08:00:00,Verificador_03,Personal,3700.0,1462.19,0.67,8,Web,28
SOL01075,Verificación de documentos,2026-02-23 08:00:00,Verificador_02,Personal,19100.0,1981.24,0.23,5,Agente,46
SOL00193,Desembolso,2026-02-23 08:00:00,Tesoreria,Personal,5700.0,810.74,0.3,23,Web,50
SOL01054,Formalización,2026-02-23 08:00:00,Ejecutivo_02,Personal,12500.0,911.3,0.14,55,Web,35
SOL00395,Formalización,2026-02-23 08:00:00,Ejecutivo_04,Vehicular,34500.0,1952.62,0.3,38,Agente,39
SOL00127,Verificación de documentos,2026-02-23 08:00:00,Verificador_04,Consumo,1900.0,1491.39,0.18,53,Sucursal,29
SOL00344,Verificación de documentos,2026-02-23 08:00:00,Verificador_02,Vehicular,18000.0,1317.85,0.31,28,Sucursal,64
SOL00705,Análisis financiero,2026-02-23 08:00:00,Analista_01,Consumo,6300.0,1229.46,0.05,20,Sucursal,43
SOL00184,Desembolso,2026-02-23 08:00:00,Tesoreria,Personal,15200.0,653.87,0.07,235,Web,25
SOL00245,Desembolso,2026-02-23 08:00:00,Tesoreria,Personal,15100.0,1728.22,0.29,70,Web,31
SOL00885,Análisis financiero,2026-02-23 08:00:00,Analista_05,Personal,15400.0,1782.84,0.21,134,Sucursal,57
SOL00841,Reevaluación,2026-02-23 08:00:00,Analista_03,Hipotecario,90300.0,1572.64,0.53,87,Web,31
SOL00376,Formalización,2026-02-23 08:00:00,Ejecutivo_06,Hipotecario,121100.0,1390.52,0.33,17,Web,69
SOL00537,Análisis financiero,2026-02-23 08:00:00,Analista_04,Personal,13500.0,1412.19,0.08,19,Sucursal,60
SOL00110,Verificación de documentos,2026-02-23 08:00:00,Verificador_02,Vehicular,31100.0,1319.18,0.28,108,Web,40
SOL00336,Reevaluación,2026-02-23 08:00:00,Analista_05,Hipotecario,64000.0,2020.65,0.59,14,Agente,52
SOL00858,Verificación de documentos,2026-02-23 08:00:00,Verificador_03,Personal,4600.0,2812.04,0.61,16,Web,50
SOL00911,Rechazo,2026-02-23 08:00:00,Analista_05,Personal,5500.0,1229.08,0.57,55,Sucursal,47
SOL00623,Reevaluación,2026-02-23 08:00:00,Analista_04,Hipotecario,201700.0,1456.66,0.54,17,Sucursal,33
SOL00122,Formalización,2026-02-23 08:00:00,Ejecutivo_06,Hipotecario,91400.0,1291.47,0.32,12,Sucursal,51
SOL00722,Verificación de documentos,2026-02-23 08:00:00,Verificador_03,Vehicular,35300.0,971.52,0.27,33,Web,21
SOL00033,Formalización,2026-02-23 08:08:00,Ejecutivo_02,Personal,8600.0,1591.97,0.4,186,Sucursal,53
SOL00567,Verificación de documentos,2026-02-23 08:27:00,Verificador_02,Consumo,4000.0,2005.72,0.06,13,Web,63
SOL00315,Solicitud de información adicional,2026-02-23 08:30:01,Verificador_02,Consumo,6600.0,1555.16,0.12,56,Web,41
SOL00344,Solicitud de información adicional,2026-02-23 08:30:01,Verificador_02,Vehicular,18000.0,1317.85,0.31,28,Sucursal,64
SOL00533,Solicitud recibida,2026-02-23 08:33:57,Sistema,Personal,16300.0,1224.23,0.49,104,Web,26
SOL01092,Formalización,2026-02-23 09:26:49,Ejecutivo_02,Hipotecario,133600.0,1339.7,0.38,69,Sucursal,70
SOL00841,Aprobación,2026-02-23 09:45:38,Analista_03,Hipotecario,90300.0,1572.64,0.53,87,Web,31
SOL00446,Solicitud recibida,2026-02-23 10:00:27,Sistema,Vehicular,17400.0,866.38,0.42,66,Web,50
SOL00705,Aprobación,2026-02-23 10:36:07,Analista_01,Consumo,6300.0,1229.46,0.05,20,Sucursal,43
SOL00336,Rechazo,2026-02-23 10:36:49,Analista_05,Hipotecario,64000.0,2020.65,0.59,14,Agente,52
SOL00981,Aprobación,2026-02-23 10:48:52,Gerente_Sucursal_02,Personal,3700.0,1462.19,0.67,8,Web,28
SOL00516,Aprobación,2026-02-23 10:50:23,Analista_05,Personal,11400.0,4445.84,0.06,17,Sucursal,64
SOL00623,Rechazo ,2026-02-23 11:06:35,Analista_04,Hipotecario,201700.0,1456.66,0.54,17,Sucursal,33
SOL00479,Aprobación,2026-02-23 11:13:18,Analista_08,Personal,6200.0,2264.13,0.1,146,Web,38
SOL00767,Solicitud recibida,2026-02-23 11:15:59,Sistema,Personal,8000.0,1076.07,0.6,44,Web,56
SOL00929,Aprobación,2026-02-23 11:24:45,Analista_07,Hipotecario,150000.0,1012.87,0.77,112,Agente,57
SOL00885,Aprobación,2026-02-23 12:04:41,Analista_05,Personal,15400.0,1782.84,0.21,134,Sucursal,57
SOL00533,Verificación de documentos,2026-02-23 13:37:36,Verificador_02,Personal,16300.0,1224.23,0.49,104,Web,26
SOL00914,Análisis financiero,2026-02-23 13:44:11,Analista_05,Personal,18400.0,1415.0,0.05,32,Sucursal,50
SOL00537,Aprobación,2026-02-23 13:52:38,Analista_04,Personal,13500.0,1412.19,0.08,19,Sucursal,60
SOL00226,Rechazo,2026-02-23 13:58:16,Analista_02,Vehicular,29500.0,540.64,0.17,285,Agente,29
SOL00827,Aprobación,2026-02-23 14:07:27,Analista_02,Consumo,7700.0,1284.61,0.39,8,Sucursal,63
SOL01087,Formalización,2026-02-23 14:07:50,Ejecutivo_05,Personal,16600.0,778.13,0.33,361,Sucursal,38
SOL00799,Solicitud recibida,2026-02-23 14:22:04,Sistema,Consumo,4500.0,2208.62,0.16,36,Web,31
SOL00048,Solicitud recibida,2026-02-23 16:32:14,Ejecutivo_06,Personal,10500.0,2648.54,0.4,83,Sucursal,26
SOL00285,Análisis financiero,2026-02-23 16:34:27,Analista_02,Personal,16300.0,909.38,0.24,126,Sucursal,50
SOL00903,Solicitud recibida,2026-02-23 18:09:11,Ejecutivo_01,Vehicular,27300.0,2967.63,0.48,6,Sucursal,28
SOL00408,Solicitud recibida,2026-02-23 18:57:41,Ejecutivo_04,Consumo,6200.0,1011.28,0.13,25,Agente,46
SOL00906,Solicitud recibida,2026-02-23 19:10:14,Ejecutivo_03,Personal,4100.0,1511.11,0.26,171,Sucursal,62
SOL00285,Rechazo,2026-02-24 08:00:00,Analista_02,Personal,16300.0,909.38,0.24,126,Sucursal,50
SOL00491,Análisis financiero ,2026-02-24 08:00:00,Analista_03,Vehicular,32700.0,1139.69,0.09,27,Web,68
SOL00535,Reevaluación,2026-02-24 08:00:00,Analista_05,Consumo,1800.0,705.75,0.64,32,Web,31
SOL00858,Análisis financiero,2026-02-24 08:00:00,Analista_02,Personal,4600.0,2812.04,0.61,16,Web,50
SOL00408,Verificación de documentos,2026-02-24 08:00:00,Verificador_04,Consumo,6200.0,1011.28,0.13,25,Agente,46
SOL00110,Análisis financiero,2026-02-24 08:00:00,Analista_08,Vehicular,31100.0,1319.18,0.28,108,Web,40
SOL00413,Análisis financiero,2026-02-24 08:00:00,Analista_08,Vehicular,25500.0,1236.48,0.32,21,Agente,42
SOL00127,Análisis financiero,2026-02-24 08:00:00,Analista_06,Consumo,1900.0,1491.39,0.18,53,Sucursal,29
SOL00048,Verificación de documentos,2026-02-24 08:00:00,Verificador_03,Personal,10500.0,2648.54,0.4,83,Sucursal,26
SOL00812,Rechazo,2026-02-24 08:00:00,Analista_03,Hipotecario,192600.0,1297.56,0.61,76,Web,26
SOL00162,Desembolso,2026-02-24 08:00:00,Tesoreria,Consumo,1300.0,705.11,0.36,185,Agente,63
SOL01114,Desembolso,2026-02-24 08:00:00,Tesoreria,Consumo,6900.0,1709.58,0.25,64,Web,54
SOL00914,Aprobación,2026-02-24 08:00:00,Analista_05,Personal,18400.0,1415.0,0.05,32,Sucursal,50
SOL00403,Desembolso,2026-02-24 08:00:00,Tesoreria,Personal,10600.0,705.54,0.52,102,Sucursal,34
SOL00567,Análisis financiero,2026-02-24 08:01:00,Analista_03,Consumo,4000.0,2005.72,0.06,13,Web,63
SOL00046,Análisis financiero,2026-02-24 08:02:00,Analista_07,Personal,6900.0,2389.99,0.64,43,Sucursal,26
SOL00799,Verificación de documentos,2026-02-24 08:02:00,Verificador_02,Consumo,4500.0,2208.62,0.16,36,Web,31
SOL00446,Verificación de documentos,2026-02-24 08:05:00,Verificador_02,Vehicular,17400.0,866.38,0.42,66,Web,50
SOL00286,Desembolso,2026-02-24 08:07:00,Tesoreria,Hipotecario,52400.0,1359.62,0.11,120,Sucursal,56
SOL00906,Verificación de documentos,2026-02-24 08:08:00,Verificador_02,Personal,4100.0,1511.11,0.26,171,Sucursal,62
SOL00148,Verificación de documentos,2026-02-24 08:13:00,Verificador_04,Consumo,4300.0,3033.39,0.6,134,Web,70
SOL00903,Verificación de documentos,2026-02-24 08:13:00,Verificador_02,Vehicular,27300.0,2967.63,0.48,6,Sucursal,28
SOL00122,Desembolso,2026-02-24 08:17:00,Tesoreria,Hipotecario,91400.0,1291.47,0.32,12,Sucursal,51
SOL00395,Desembolso,2026-02-24 08:20:00,Tesoreria,Vehicular,34500.0,1952.62,0.3,38,Agente,39
SOL01075,Análisis financiero,2026-02-24 08:21:00,Analista_07,Personal,19100.0,1981.24,0.23,5,Agente,46
SOL00767,Verificación de documentos,2026-02-24 08:22:00,Verificador_04,Personal,8000.0,1076.07,0.6,44,Web,56
SOL00595,Análisis financiero,2026-02-24 08:23:00,Analista_01,Hipotecario,51400.0,1203.54,0.67,44,Web,44
SOL00533,Análisis financiero,2026-02-24 08:26:00,Analista_01,Personal,16300.0,1224.23,0.49,104,Web,26
SOL00497,Análisis financiero,2026-02-24 08:26:00,Analista_02,Vehicular,23400.0,1217.17,0.36,74,Web,64
SOL00486,Desistimiento,2026-02-24 08:30:02,Sistema,Personal,9100.0,1465.18,0.19,13,Web,54
SOL00446,Solicitud de información adicional,2026-02-24 08:35:01,Verificador_04,Vehicular,17400.0,866.38,0.42,66,Web,50
SOL00148,Solicitud de información adicional,2026-02-24 08:43:01,Verificador_04,Consumo,4300.0,3033.39,0.6,134,Web,70
SOL00903,Solicitud de información adicional,2026-02-24 08:43:01,Verificador_01,Vehicular,27300.0,2967.63,0.48,6,Sucursal,28
SOL00059,Desembolso,2026-02-24 08:48:33,Tesoreria,Vehicular,15000.0,697.12,0.29,78,Web,33
SOL00767,Solicitud de información adicional,2026-02-24 08:52:01,Verificador_01,Personal,8000.0,1076.07,0.6,44,Web,56
SOL00804,Desembolso,2026-02-24 09:16:16,Tesoreria,Vehicular,14900.0,7215.03,0.16,1,Sucursal,69
SOL01092,Desembolso,2026-02-24 10:11:26,Tesoreria,Hipotecario,133600.0,1339.7,0.38,69,Sucursal,70
SOL00413,Rechazo,2026-02-24 10:19:09,Analista_08,Vehicular,25500.0,1236.48,0.32,21,Agente,42
SOL00705,Formalización,2026-02-24 10:22:41,Ejecutivo_05,Consumo,6300.0,1229.46,0.05,20,Sucursal,43
SOL00906,Aprobación,2026-02-24 10:25:03,Gerente_Sucursal_02,Personal,4100.0,1511.11,0.26,171,Sucursal,62
SOL00773,Solicitud recibida,2026-02-24 10:37:41,Ejecutivo_06,Personal,6700.0,1257.61,0.14,49,Sucursal,55
SOL00497,Aprobación,2026-02-24 11:00:14,Analista_02,Vehicular,23400.0,1217.17,0.36,74,Web,64
SOL00533,Aprobación,2026-02-24 11:01:19,Analista_01,Personal,16300.0,1224.23,0.49,104,Web,26
SOL00127,Aprobación,2026-02-24 11:03:13,Analista_06,Consumo,1900.0,1491.39,0.18,53,Sucursal,29
SOL00567,Aprobación,2026-02-24 11:17:42,Analista_03,Consumo,4000.0,2005.72,0.06,13,Web,63
SOL01010,Solicitud recibida,2026-02-24 11:20:32,Ejecutivo_01,Consumo,7900.0,816.4,0.29,20,Sucursal,55
SOL00598,Análisis financiero,2026-02-24 11:34:01,Analista_06,Consumo,5000.0,2084.35,0.49,66,Agente,25
SOL01075,Aprobación,2026-02-24 11:57:07,Analista_07,Personal,19100.0,1981.24,0.23,5,Agente,46
SOL00394,Solicitud recibida,2026-02-24 12:14:55,Ejecutivo_03,Hipotecario,91500.0,1156.15,0.36,57,Agente,38
SOL00046,Aprobación,2026-02-24 12:54:56,Analista_07,Personal,6900.0,2389.99,0.64,43,Sucursal,26
SOL00507,Desembolso,2026-02-24 13:01:15,Tesoreria,Consumo,6400.0,1512.64,0.26,3,Sucursal,53
SOL00118,Reevaluación,2026-02-24 13:24:56,Analista_02,Vehicular,22700.0,1435.69,0.67,2,Sucursal,64
SOL00588,Solicitud recibida,2026-02-24 13:31:34,Sistema,Personal,11800.0,3482.91,0.25,115,Web,34
SOL00118,Rechazo,2026-02-24 15:17:41,Analista_02,Vehicular,22700.0,1435.69,0.67,2,Sucursal,64
SOL00011,Desembolso,2026-02-24 15:38:09,Tesoreria,Personal,12100.0,2596.19,0.14,76,Sucursal,63
SOL00033,Desembolso,2026-02-24 15:58:58,Tesoreria,Personal,8600.0,1591.97,0.4,186,Sucursal,53
SOL01087,Desembolso,2026-02-24 16:06:43,Tesoreria,Personal,16600.0,778.13,0.33,361,Sucursal,38
SOL01010,Verificación de documentos,2026-02-24 16:30:37,Verificador_04,Consumo,7900.0,816.4,0.29,20,Sucursal,55
SOL01145,Solicitud recibida,2026-02-24 16:57:10,Ejecutivo_01,Hipotecario,56100.0,1254.11,0.24,56,Agente,68
SOL00921,Solicitud recibida,2026-02-24 19:02:47,Ejecutivo_04,Vehicular,35700.0,388.63,0.42,53,Sucursal,54
SOL00552,Solicitud recibida,2026-02-24 20:00:46,Sistema,Consumo,3300.0,1491.81,0.3,2,Web,41
SOL00362,Solicitud recibida,2026-02-24 20:14:32,Sistema,Consumo,7000.0,1164.38,0.22,6,Web,33
SOL00446,Recepción de información,2026-02-25 05:23:26,Sistema,Vehicular,17400.0,866.38,0.42,66,Web,50
SOL00148,Recepción de información,2026-02-25 05:33:58,Sistema,Consumo,4300.0,3033.39,0.6,134,Web,70
SOL00872,Solicitud recibida,2026-02-25 07:01:19,Ejecutivo_02,Personal,6100.0,1268.95,0.57,44,Sucursal,56
SOL00722,Análisis financiero,2026-02-25 08:00:00,Analista_07,Vehicular,35300.0,971.52,0.27,33,Web,21
SOL00394,Verificación de documentos,2026-02-25 08:00:00,Verificador_01,Hipotecario,91500.0,1156.15,0.36,57,Agente,38
SOL00588,Verificación de documentos,2026-02-25 08:00:00,Verificador_04,Personal,11800.0,3482.91,0.25,115,Web,34
SOL01177,Análisis financiero ,2026-02-25 08:00:00,Analista_03,Personal,14400.0,1808.05,0.06,11,Web,59
SOL00219,Desembolso,2026-02-25 08:00:00,Tesoreria,Vehicular,35400.0,2492.71,0.02,114,Agente,53
SOL00537,Formalización,2026-02-25 08:00:00,Ejecutivo_01,Personal,13500.0,1412.19,0.08,19,Sucursal,60
SOL00042,Desembolso,2026-02-25 08:00:00,Tesoreria,Vehicular,36500.0,644.75,0.49,105,Web,69
SOL00827,formalización,2026-02-25 08:00:00,Ejecutivo_06,Consumo,7700.0,1284.61,0.39,8,Sucursal,63
SOL00981,Formalización,2026-02-25 08:00:00,Ejecutivo_04,Personal,3700.0,1462.19,0.67,8,Web,28
SOL00799,Análisis financiero,2026-02-25 08:00:00,Analista_08,Consumo,4500.0,2208.62,0.16,36,Web,31
SOL00741,Análisis financiero,2026-02-25 08:01:00,Analista_05,Vehicular,21400.0,1533.0,0.18,18,Web,52
SOL00773,Verificación de documentos,2026-02-25 08:02:00,Verificador_02,Personal,6700.0,1257.61,0.14,49,Sucursal,55
SOL00552,Verificación de documentos,2026-02-25 08:03:00,Verificador_02,Consumo,3300.0,1491.81,0.3,2,Web,41
SOL01145,Verificación de documentos,2026-02-25 08:03:00,Verificador_02,Hipotecario,56100.0,1254.11,0.24,56,Agente,68
SOL00048,Análisis financiero,2026-02-25 08:04:00,Analista_07,Personal,10500.0,2648.54,0.4,83,Sucursal,26
SOL00885,Formalización,2026-02-25 08:09:00,Ejecutivo_04,Personal,15400.0,1782.84,0.21,134,Sucursal,57
SOL00408,Análisis financiero,2026-02-25 08:10:00,Analista_06,Consumo,6200.0,1011.28,0.13,25,Agente,46
SOL00362,Verificación de documentos,2026-02-25 08:11:00,Verificador_02,Consumo,7000.0,1164.38,0.22,6,Web,33
SOL00516,Formalización,2026-02-25 08:16:00,Ejecutivo_01,Personal,11400.0,4445.84,0.06,17,Sucursal,64
SOL00376,Desembolso,2026-02-25 08:18:00,Tesoreria,Hipotecario,121100.0,1390.52,0.33,17,Web,69
SOL00446,Verificación de documentos,2026-02-25 08:21:00,Verificador_03,Vehicular,17400.0,866.38,0.42,66,Web,50
SOL00504,Desistimiento,2026-02-25 08:30:02,Sistema,Consumo,5600.0,1968.12,0.23,82,Web,29
SOL00552,Solicitud de información adicional,2026-02-25 08:33:01,Verificador_02,Consumo,3300.0,1491.81,0.3,2,Web,41
SOL00344,Recepción de información,2026-02-25 09:16:39,Sistema,Vehicular,18000.0,1317.85,0.31,28,Sucursal,64
SOL01003,Solicitud recibida,2026-02-25 09:42:51,Sistema,Personal,6500.0,945.09,0.52,86,Web,52
SOL01054,Desembolso,2026-02-25 09:50:55,Tesoreria,Personal,12500.0,911.3,0.14,55,Web,35
SOL00799,Aprobación,2026-02-25 10:16:21,Analista_08,Consumo,4500.0,2208.62,0.16,36,Web,31
SOL00148,Verificación de documentos,2026-02-25 10:32:55,Verificador_04,Consumo,4300.0,3033.39,0.6,134,Web,70
SOL00133,Solicitud recibida,2026-02-25 10:44:08,Ejecutivo_01,Personal,11200.0,3201.58,0.61,27,Agente,57
SOL00408,Aprobación,2026-02-25 10:56:55,Analista_06,Consumo,6200.0,1011.28,0.13,25,Agente,46
SOL00921,Verificación de documentos,2026-02-25 10:57:19,Verificador_04,Vehicular,35700.0,388.63,0.42,53,Sucursal,54
SOL00921,Solicitud de información adicional,2026-02-25 11:27:20,Verificador_01,Vehicular,35700.0,388.63,0.42,53,Sucursal,54
SOL01177,Aprobación,2026-02-25 11:38:42,Analista_03,Personal,14400.0,1808.05,0.06,11,Web,59
SOL00751,Desembolso,2026-02-25 12:13:03,Tesoreria,Vehicular,34200.0,1802.17,0.1,45,Sucursal,35
SOL00705,Desembolso,2026-02-25 14:19:54,Tesoreria,Consumo,6300.0,1229.46,0.05,20,Sucursal,43
SOL00741,Rechazo,2026-02-25 15:14:43,Analista_05,Vehicular,21400.0,1533.0,0.18,18,Web,52
SOL00048,Aprobación,2026-02-25 15:37:51,Analista_07,Personal,10500.0,2648.54,0.4,83,Sucursal,26
SOL00148,Análisis financiero,2026-02-25 15:51:12,Analista_05,Consumo,4300.0,3033.39,0.6,134,Web,70
SOL00502,Solicitud recibida,2026-02-25 17:48:51,Ejecutivo_03,Personal,14100.0,2878.29,0.2,66,Agente,67
SOL00795,Solicitud recibida,2026-02-25 19:45:10,Sistema,Vehicular,10900.0,1005.79,0.6,102,Web,22
SOL00739,Análisis financiero,2026-02-26 08:00:00,Analista_07,Vehicular,17100.0,1360.4,0.12,14,Sucursal,23
SOL00344,Verificación de documentos,2026-02-26 08:00:00,Verificador_02,Vehicular,18000.0,1317.85,0.31,28,Sucursal,64
SOL01010,Análisis financiero,2026-02-26 08:00:00,Analista_05,Consumo,7900.0,816.4,0.29,20,Sucursal,55
SOL00535,Reevaluación,2026-02-26 08:00:00,Analista_05,Consumo,1800.0,705.75,0.64,32,Web,31
SOL00588,Análisis financiero,2026-02-26 08:00:00,Analista_02,Personal,11800.0,3482.91,0.25,115,Web,34
SOL00362,Análisis financiero,2026-02-26 08:00:00,Analista_03,Consumo,7000.0,1164.38,0.22,6,Web,33
SOL00408,Formalización,2026-02-26 08:00:00,Ejecutivo_04,Consumo,6200.0,1011.28,0.13,25,Agente,46
SOL00906,Formalización,2026-02-26 08:00:00,Ejecutivo_04,Personal,4100.0,1511.11,0.26,171,Sucursal,62
SOL00148,Aprobación,2026-02-26 08:00:00,Analista_05,Consumo,4300.0,3033.39,0.6,134,Web,70
SOL00981,Desembolso,2026-02-26 08:00:00,Tesoreria,Personal,3700.0,1462.19,0.67,8,Web,28
SOL00133,Verificación de documentos,2026-02-26 08:00:00,Verificador_03,Personal,11200.0,3201.58,0.61,27,Agente,57
SOL00872,Verificación de documentos,2026-02-26 08:00:00,Verificador_01,Personal,6100.0,1268.95,0.57,44,Sucursal,56
SOL01003,Verificación de documentos,2026-02-26 08:00:00,Verificador_01,Personal,6500.0,945.09,0.52,86,Web,52
SOL01145,Análisis financiero,2026-02-26 08:00:00,Analista_01,Hipotecario,56100.0,1254.11,0.24,56,Agente,68
SOL00827,Desembolso,2026-02-26 08:03:00,Tesoreria,Consumo,7700.0,1284.61,0.39,8,Sucursal,63
SOL00598,Reevaluación,2026-02-26 08:03:00,Analista_06,Consumo,5000.0,2084.35,0.49,66,Agente,25
SOL00516,Desembolso,2026-02-26 08:04:00,Tesoreria,Personal,11400.0,4445.84,0.06,17,Sucursal,64
SOL00841,Formalización,2026-02-26 08:04:00,Ejecutivo_06,Hipotecario,90300.0,1572.64,0.53,87,Web,31
SOL00858,Reevaluación,2026-02-26 08:06:00,Analista_02,Personal,4600.0,2812.04,0.61,16,Web,50
SOL00537,Desembolso,2026-02-26 08:23:00,Tesoreria,Personal,13500.0,1412.19,0.08,19,Sucursal,60
SOL00929,Formalización,2026-02-26 08:24:00,Ejecutivo_02,Hipotecario,150000.0,1012.87,0.77,112,Agente,57
SOL00276,Formalización,2026-02-26 08:27:00,Ejecutivo_04,Consumo,4400.0,695.54,0.45,34,Agente,47
SOL00502,Verificación de documentos,2026-02-26 08:29:00,Verificador_01,Personal,14100.0,2878.29,0.2,66,Agente,67
SOL00133,Solicitud de información adicional,2026-02-26 08:30:01,Verificador_01,Personal,11200.0,3201.58,0.61,27,Agente,57
SOL00872,Solicitud de información adicional,,Verificador_03,Personal,6100.0,1268.95,0.57,44,Sucursal,56
SOL01063,Solicitud recibida,2026-02-26 08:52:08,Ejecutivo_05,Personal,13700.0,1780.21,0.5,2,Agente,35
SOL00502,Solicitud de información adicional,2026-02-26 08:59:01,Verificador_02,Personal,14100.0,2878.29,0.2,66,Agente,67
SOL01075,Formalización,2026-02-26 09:31:09,Ejecutivo_06,Personal,19100.0,1981.24,0.23,5,Agente,46
SOL01056,Comité de crédito,2026-02-26 10:00:01,Comite,Vehicular,38700.0,1636.15,0.38,57,Sucursal,43
SOL00298,Comité de crédito,2026-02-26 10:00:01,Comite,Hipotecario,64600.0,1628.74,0.42,34,Sucursal,25
SOL00491,Comité de crédito,2026-02-26 10:00:01,Comite,Vehicular,32700.0,1139.69,0.09,27,Web,68
SOL00438,Comité de crédito,2026-02-26 10:00:01,Comite,Hipotecario,230200.0,3112.09,0.44,54,Sucursal,22
SOL00110,Comité de crédito,2026-02-26 10:00:01,Comite,Vehicular,31100.0,1319.18,0.28,108,Web,40
SOL00722,Comité de crédito,2026-02-26 10:00:01,Comite,Vehicular,35300.0,971.52,0.27,33,Web,21
SOL00065,Comité de crédito,2026-02-26 10:00:01,Comite,Hipotecario,162500.0,1155.62,0.21,38,Agente,53
SOL00595,Comité de crédito,2026-02-26 10:00:01,Comite,Hipotecario,51400.0,1203.54,0.67,44,Web,44
SOL00851,Comité de crédito,2026-02-26 10:00:01,Comite,Vehicular,32900.0,725.47,0.23,2,Agente,54
SOL00233,Comité de crédito,2026-02-26 10:00:01,Comite,Hipotecario,62100.0,1984.04,0.02,19,Sucursal,22
SOL01010,Aprobación,2026-02-26 10:39:47,Analista_05,Consumo,7900.0,816.4,0.29,20,Sucursal,55
SOL00362,Aprobación,2026-02-26 10:42:23,Analista_03,Consumo,7000.0,1164.38,0.22,6,Web,33
SOL00739,Aprobación,2026-02-26 10:49:07,Analista_07,Vehicular,17100.0,1360.4,0.12,14,Sucursal,23
SOL00031,Solicitud recibida,2026-02-26 11:09:49,Sistema,Personal,16900.0,1821.62,0.54,0,Web,29
SOL00598,Aprobación,2026-02-26 11:17:45,Analista_06,Consumo,5000.0,2084.35,0.49,66,Agente,25
SOL00535,Rechazo,2026-02-26 11:22:58,Analista_05,Consumo,1800.0,705.75,0.64,32,Web,31
SOL00491,Aprobación,2026-02-26 12:13:51,Comite,Vehicular,32700.0,1139.69,0.09,27,Web,68
SOL00588,Aprobación,2026-02-26 12:14:15,Analista_02,Personal,11800.0,3482.91,0.25,115,Web,34
SOL00795,Verificación de documentos,2026-02-26 12:27:42,Verificador_03,Vehicular,10900.0,1005.79,0.6,102,Web,22
SOL01056,Aprobación,2026-02-26 12:37:08,Comite,Vehicular,38700.0,1636.15,0.38,57,Sucursal,43
SOL00906,Desembolso,2026-02-26 12:39:43,Tesoreria,Personal,4100.0,1511.11,0.26,171,Sucursal,62
SOL00722,Aprobación,2026-02-26 12:43:54,Comite,Vehicular,35300.0,971.52,0.27,33,Web,21
SOL00851,Rechazo,2026-02-26 13:15:26,Analista_07,Vehicular,32900.0,725.47,0.23,2,Agente,54
SOL00821,Recepción de información,2026-02-26 13:23:23,Sistema,Consumo,4200.0,2650.82,0.36,5,Web,28
SOL00298,Rechazo,2026-02-26 13:35:05,Analista_02,Hipotecario,64600.0,1628.74,0.42,34,Sucursal,25
SOL00071,Solicitud recibida,2026-02-26 13:50:07,Ejecutivo_03,Consumo,8000.0,4085.29,0.62,72,Agente,21
SOL00446,Análisis financiero,2026-02-26 14:07:42,Analista_06,Vehicular,17400.0,866.38,0.42,66,Web,50
SOL00065,Aprobación,2026-02-26 14:08:55,Comite,Hipotecario,162500.0,1155.62,0.21,38,Agente,53
SOL00110,Aprobación,2026-02-26 14:18:50,Comite,Vehicular,31100.0,1319.18,0.28,108,Web,40
SOL00438,Rechazo,2026-02-26 14:39:27,Analista_08,Hipotecario,230200.0,3112.09,0.44,54,Sucursal,22
SOL00233,Aprobación,2026-02-26 14:43:08,Comite,Hipotecario,62100.0,1984.04,0.02,19,Sucursal,22
SOL00595,Rechazo,2026-02-26 15:02:33,Analista_01,Hipotecario,51400.0,1203.54,0.67,44,Web,44
SOL01028,Solicitud recibida,2026-02-26 15:09:20,Sistema,Personal,19300.0,1442.65,0.37,16,Web,64
SOL00885,Desembolso,2026-02-26 16:59:56,Tesoreria,Personal,15400.0,1782.84,0.21,134,Sucursal,57
SOL01050,Solicitud recibida,2026-02-26 17:20:11,Sistema,Vehicular,17100.0,1276.23,0.14,51,Web,39
SOL00601,Solicitud recibida,2026-02-26 18:30:21,Ejecutivo_06,Vehicular,39700.0,760.84,0.19,4,Sucursal,60
SOL00627,Solicitud recibida,2026-02-26 18:32:20,Ejecutivo_04,Personal,11200.0,1295.57,0.25,88,Sucursal,58
SOL01180,Solicitud recibida,2026-02-26 19:09:50,Sistema,Personal,3900.0,1476.13,0.22,47,Web,69
SOL00218,Solicitud recibida,2026-02-26 19:44:35,Sistema,Personal,12600.0,2549.06,0.36,4,Web,24
SOL00331,Solicitud recibida,2026-02-26 20:01:31,Sistema,Hipotecario,73300.0,2877.75,0.13,9,Web,23
SOL00627,Verificación de documentos,2026-02-27 08:00:00,Verificador_04,Personal,11200.0,1295.57,0.25,88,Sucursal,58
SOL00046,Formalización,2026-02-27 08:00:00,Ejecutivo_02,Personal,6900.0,2389.99,0.64,43,Sucursal,26
SOL00821,Verificación de documentos,2026-02-27 08:00:00,Verificador_03,Consumo,4200.0,2650.82,0.36,5,Web,28
SOL01063,Verificación de documentos,2026-02-27 08:00:00,Verificador_04,Personal,13700.0,1780.21,0.5,2,Agente,35
SOL00071,Verificación de documentos,2026-02-27 08:00:00,Verificador_02,Consumo,8000.0,4085.29,0.62,72,Agente,21
SOL00031,Verificación de documentos,2026-02-27 08:00:00,Verificador_03,Personal,16900.0,1821.62,0.54,0,Web,29
SOL00799,Formalización,2026-02-27 08:00:00,Ejecutivo_04,Consumo,4500.0,2208.62,0.16,36,Web,31
SOL00654,Formalización,2026-02-27 08:00:00,Ejecutivo_06,Vehicular,18400.0,837.37,0.21,1,Sucursal,32
SOL00479,Formalización,2026-02-27 08:00:00,Ejecutivo_03,Personal,6200.0,2264.13,0.1,146,Web,38
SOL00601,Verificación de documentos,2026-02-27 08:00:00,Verificador_02,Vehicular,39700.0,760.84,0.19,4,Sucursal,60
SOL00127,Formalización,2026-02-27 08:00:00,Ejecutivo_05,Consumo,1900.0,1491.39,0.18,53,Sucursal,29
SOL01003,Análisis financiero,2026-02-27 08:00:00,Analista_04,Personal,6500.0,945.09,0.52,86,Web,52
SOL01028,Verificación de documentos,2026-02-27 08:00:00,Verificador_03,Personal,19300.0,1442.65,0.37,16,Web,64
SOL01180,Verificación de documentos,2026-02-27 08:04:00,Verificador_04,Personal,3900.0,1476.13,0.22,47,Web,69
SOL01075,Desembolso,2026-02-27 08:04:00,Tesoreria,Personal,19100.0,1981.24,0.23,5,Agente,46
SOL00858,Reevaluación,2026-02-27 08:11:00,Analista_02,Personal,4600.0,2812.04,0.61,16,Web,50
SOL00773,Análisis financiero,2026-02-27 08:18:00,Analista_04,Personal,6700.0,1257.61,0.14,49,Sucursal,55
SOL00331,Verificación de documentos,2026-02-27 08:18:00,Verificador_01,Hipotecario,73300.0,2877.75,0.13,9,Web,23
SOL01177,Formalización,2026-02-27 08:19:00,Ejecutivo_02,Personal,14400.0,1808.05,0.06,11,Web,59
SOL00929,Desembolso,2026-02-27 08:21:00,Tesoreria,Hipotecario,150000.0,1012.87,0.77,112,Agente,57
SOL00795,Análisis financiero,2026-02-27 08:24:00,Analista_08,Vehicular,10900.0,1005.79,0.6,102,Web,22
SOL00497,Formalización,2026-02-27 08:24:00,Ejecutivo_06,Vehicular,23400.0,1217.17,0.36,74,Web,64
SOL01076,Solicitud recibida,2026-02-27 08:25:54,Ejecutivo_06,Personal,10700.0,2168.9,0.36,107,Sucursal,53
SOL00394,Análisis financiero,2026-02-27 08:26:00,Analista_03,Hipotecario,91500.0,1156.15,0.36,57,Agente,38
SOL00218,Verificación de documentos,2026-02-27 08:27:00,Verificador_01,Personal,12600.0,2549.06,0.36,4,Web,24
SOL01050,Verificación de documentos,2026-02-27 08:27:00,Verificador_01,Vehicular,17100.0,1276.23,0.14,51,Web,39
SOL00031,Solicitud de información adicional,2026-02-27 08:30:01,Verificador_04,Personal,16900.0,1821.62,0.54,0,Web,29
SOL01028,Solicitud de información adicional,2026-02-27 08:30:01,Verificador_01,Personal,19300.0,1442.65,0.37,16,Web,64
SOL00362,Formalización,2026-02-27 08:42:05,Ejecutivo_03,Consumo,7000.0,1164.38,0.22,6,Web,33
SOL00331,Solicitud de información adicional,2026-02-27 08:48:01,Verificador_04,Hipotecario,73300.0,2877.75,0.13,9,Web,23
SOL01050,Solicitud de información adicional,2026-02-27 08:57:01,Verificador_03,Vehicular,17100.0,1276.23,0.14,51,Web,39
SOL00125,Solicitud recibida,2026-02-27 10:13:38,Ejecutivo_03,Consumo,3400.0,2063.68,0.23,13,Sucursal,42
SOL00533,Formalización,2026-02-27 10:17:48,Ejecutivo_06,Personal,16300.0,1224.23,0.49,104,Web,26
SOL01164,Solicitud recibida,2026-02-27 10:20:21,Ejecutivo_02,Personal,15200.0,2113.96,0.37,36,Sucursal,44
SOL00858,Rechazo,2026-02-27 10:44:15,Analista_02,Personal,4600.0,2812.04,0.61,16,Web,50
SOL00222,Solicitud recibida,2026-02-27 10:46:02,Ejecutivo_04,Consumo,1500.0,1361.0,0.22,10,Sucursal,57
SOL00773,Aprobación ,2026-02-27 10:48:09,Analista_04,Personal,6700.0,1257.61,0.14,49,Sucursal,55
SOL00344,Análisis financiero,2026-02-27 12:31:10,Analista_07,Vehicular,18000.0,1317.85,0.31,28,Sucursal,64
SOL00765,Solicitud recibida,2026-02-27 12:36:56,Sistema,Personal,18200.0,1226.51,0.51,57,Web,27
SOL00587,Solicitud recibida,2026-02-27 12:41:53,Ejecutivo_05,Personal,8700.0,1560.67,0.17,12,Sucursal,38
SOL00810,Solicitud recibida,2026-02-27 12:57:23,Sistema,Consumo,2500.0,515.49,0.13,300,Web,37
SOL00222,Verificación de documentos,2026-02-27 13:11:39,Verificador_02,Consumo,1500.0,1361.0,0.22,10,Sucursal,57
SOL00648,Solicitud recibida,2026-02-27 13:35:51,Sistema,Vehicular,18000.0,779.52,0.1,3,Web,64
SOL00598,Formalización,2026-02-27 13:41:53,Ejecutivo_02,Consumo,5000.0,2084.35,0.49,66,Agente,25
SOL00125,Verificación de documentos,2026-02-27 13:52:57,Verificador_01,Consumo,3400.0,2063.68,0.23,13,Sucursal,42
SOL00795,Rechazo,2026-02-27 14:05:41,Analista_08,Vehicular,10900.0,1005.79,0.6,102,Web,22
SOL00125,Solicitud de información adicional,2026-02-27 14:22:58,Verificador_01,Consumo,3400.0,2063.68,0.23,13,Sucursal,42
SOL00048,Formalización,2026-02-27 14:58:09,Ejecutivo_03,Personal,10500.0,2648.54,0.4,83,Sucursal,26
SOL00344,Aprobación,2026-02-27 15:14:56,Analista_07,Vehicular,18000.0,1317.85,0.31,28,Sucursal,64
SOL01076,Verificación de documentos,2026-02-27 16:49:00,Verificador_01,Personal,10700.0,2168.9,0.36,107,Sucursal,53
SOL00440,Solicitud recibida,2026-02-27 21:03:30,Sistema,Vehicular,34500.0,1011.09,0.83,133,Web,25
SOL00729,Solicitud recibida,2026-02-27 21:33:30,Ejecutivo_03,Vehicular,20800.0,1346.54,0.2,83,Sucursal,70
SOL00921,Recepción de información,2026-02-28 07:25:52,Sistema,Vehicular,35700.0,388.63,0.42,53,Sucursal,54
SOL00053,Desistimiento,2026-02-28 08:55:02,Sistema,Hipotecario,211200.0,2526.08,0.46,115,Web,52
SOL00933,Solicitud recibida,2026-02-28 09:29:46,Sistema,Consumo,1100.0,1247.5,0.53,57,Web,30
SOL01086,Solicitud recibida,2026-02-28 10:45:46,Ejecutivo_03,Hipotecario,117700.0,1821.01,0.33,43,Agente,32
SOL00384,Solicitud recibida,2026-02-28 13:42:24,Ejecutivo_05,Hipotecario,103700.0,1713.44,0.27,2,Sucursal,41
SOL00736,Solicitud recibida,2026-02-28 16:50:49,Ejecutivo_05,Hipotecario,231900.0,1713.33,0.33,60,Agente,55
SOL00100,Solicitud recibida,2026-02-28 19:16:13,Sistema,Personal,12000.0,2881.67,0.22,56,Web,70
SOL00028,Solicitud recibida,2026-02-28 21:36:33,Ejecutivo_02,Vehicular,33300.0,1053.34,0.11,18,Agente,44
SOL00767,Recepción de información,2026-02-28 21:49:16,Sistema,Personal,8000.0,1076.07,0.6,44,Web,56
SOL01050,Recepción de información,2026-03-01 05:14:24,Sistema,Vehicular,17100.0,1276.23,0.14,51,Web,39
SOL00993,Solicitud recibida,2026-03-01 16:06:12,Sistema,Personal,10800.0,1934.86,0.63,108,Web,70
SOL01178,Solicitud recibida,2026-03-01 17:14:24,Ejecutivo_04,Personal,10800.0,534.91,0.46,36,Sucursal,65
SOL00024,Solicitud recibida,2026-03-01 18:48:28,Ejecutivo_06,Personal,16300.0,1144.31,0.14,18,Agente,59
SOL00742,Solicitud recibida,2026-03-01 20:40:23,Sistema,Consumo,4700.0,1245.55,0.31,11,Web,54
SOL00466,Solicitud recibida,2026-03-01 20:53:56,Ejecutivo_02,Vehicular,27400.0,890.88,0.1,91,Sucursal,21
SOL00502,Recepción de información,2026-03-02 03:24:54,Sistema,Personal,14100.0,2878.29,0.2,66,Agente,67
SOL00387,Recepción de información,2026-03-02 05:14:32,Sistema,Personal,17800.0,1188.98,0.16,31,Web,39
SOL00319,Solicitud recibida,2026-03-02 07:10:19,Sistema,Personal,3700.0,897.94,0.18,105,Web,39
SOL00446,Reevaluación,2026-03-02 08:00:00,Analista_06,Vehicular,17400.0,866.38,0.42,66,Web,50
SOL01164,Verificación de documentos,2026-03-02 08:00:00,Verificador_04,Personal,15200.0,2113.96,0.37,36,Sucursal,44
SOL00736,Verificación de documentos,2026-03-02 08:00:00,Verificador_02,Hipotecario,231900.0,1713.33,0.33,60,Agente,55
SOL00127,Desembolso,2026-03-02 08:00:00,Tesoreria,Consumo,1900.0,1491.39,0.18,53,Sucursal,29
SOL00065,Formalización,2026-03-02 08:00:00,Ejecutivo_02,Hipotecario,162500.0,1155.62,0.21,38,Agente,53
SOL00148,Formalización,2026-03-02 08:00:00,Ejecutivo_02,Consumo,4300.0,3033.39,0.6,134,Web,70
SOL00810,Verificación de documentos ,2026-03-02 08:00:00,Verificador_04,Consumo,2500.0,515.49,0.13,300,Web,37
SOL00048,Desembolso,2026-03-02 08:00:00,Tesoreria,Personal,10500.0,2648.54,0.4,83,Sucursal,26
SOL00627,Análisis financiero,2026-03-02 08:00:00,Analista_01,Personal,11200.0,1295.57,0.25,88,Sucursal,58
SOL00440,Verificación de documentos,2026-03-02 08:00:00,Verificador_03,Vehicular,34500.0,1011.09,0.83,133,Web,25
SOL00533,Desembolso,2026-03-02 08:00:00,Tesoreria,Personal,16300.0,1224.23,0.49,104,Web,26
SOL01086,Verificación de documentos,2026-03-02 08:00:00,Verificador_04,Hipotecario,117700.0,1821.01,0.33,43,Agente,32
SOL01063,Análisis financiero,2026-03-02 08:00:00,Analista_06,Personal,13700.0,1780.21,0.5,2,Agente,35
SOL00100,Verificación de documentos,2026-03-02 08:00:00,Verificador_04,Personal,12000.0,2881.67,0.22,56,Web,70
SOL00821,Análisis financiero,2026-03-02 08:00:00,Analista_02,Consumo,4200.0,2650.82,0.36,5,Web,28
SOL00071,Análisis financiero,2026-03-02 08:00:00,Analista_04,Consumo,8000.0,4085.29,0.62,72,Agente,21
SOL00046,Desembolso,2026-03-02 08:00:00,Tesoreria,Personal,6900.0,2389.99,0.64,43,Sucursal,26
SOL00773,Formalización,2026-03-02 08:00:00,Ejecutivo_01,Personal,6700.0,1257.61,0.14,49,Sucursal,55
SOL00497,Desembolso,2026-03-02 08:00:00,Tesoreria,Vehicular,23400.0,1217.17,0.36,74,Web,64
SOL00765,Verificación de documentos,2026-03-02 08:00:00,Verificador_03,Personal,18200.0,1226.51,0.51,57,Web,27
SOL01050,Verificación de documentos,2026-03-02 08:00:00,Verificador_01,Vehicular,17100.0,1276.23,0.14,51,Web,39
SOL00491,Formalización,2026-03-02 08:00:00,Ejecutivo_06,Vehicular,32700.0,1139.69,0.09,27,Web,68
SOL00587,Verificacion de documentos,2026-03-02 08:00:00,Verificador_03,Personal,8700.0,1560.67,0.17,12,Sucursal,38
SOL00598,Desembolso,2026-03-02 08:00:00,Tesoreria,Consumo,5000.0,2084.35,0.49,66,Agente,25
SOL00218,Análisis financiero,2026-03-02 08:00:00,Analista_05,Personal,12600.0,2549.06,0.36,4,Web,24
SOL00799,Desembolso,2026-03-02 08:00:00,Tesoreria,Consumo,4500.0,2208.62,0.16,36,Web,31
SOL01177,Desembolso,2026-03-02 08:00:00,Tesoreria,Personal,14400.0,1808.05,0.06,11,Web,59
SOL01056,Formalización,2026-03-02 08:00:00,Ejecutivo_05,Vehicular,38700.0,1636.15,0.38,57,Sucursal,43
SOL00588,Formalización,2026-03-02 08:00:00,Ejecutivo_04,Personal,11800.0,3482.91,0.25,115,Web,34
SOL00567,Formalización,2026-03-02 08:00:00,Ejecutivo_06,Consumo,4000.0,2005.72,0.06,13,Web,63
SOL00841,Desembolso,2026-03-02 08:00:00,Tesoreria,Hipotecario,90300.0,1572.64,0.53,87,Web,31
SOL00648,Verificación de documentos,2026-03-02 08:00:00,Verificador_04,Vehicular,18000.0,779.52,0.1,3,Web,64
SOL01076,Análisis financiero,2026-03-02 08:00:00,Analista_06,Personal,10700.0,2168.9,0.36,107,Sucursal,53
SOL00276,Desembolso,2026-03-02 08:00:00,Tesoreria,Consumo,4400.0,695.54,0.45,34,Agente,47
SOL01180,Análisis financiero,2026-03-02 08:00:00,Analista_01,Personal,3900.0,1476.13,0.22,47,Web,69
SOL00479,Desembolso,2026-03-02 08:00:00,Tesoreria,Personal,6200.0,2264.13,0.1,146,Web,38
SOL00914,Formalización,2026-03-02 08:00:00,Ejecutivo_04,Personal,18400.0,1415.0,0.05,32,Sucursal,50
SOL00767,Verificación de documentos,2026-03-02 08:00:00,Verificador_02,Personal,8000.0,1076.07,0.6,44,Web,56
SOL01003,Reevaluación,2026-03-02 08:00:00,Analista_04,Personal,6500.0,945.09,0.52,86,Web,52
SOL01178,Verificación de documentos,2026-03-02 08:00:00,Verificador_04,Personal,10800.0,534.91,0.46,36,Sucursal,65
SOL00601,Análisis financiero,2026-03-02 08:00:00,Analista_07,Vehicular,39700.0,760.84,0.19,4,Sucursal,60
SOL00739,Formalización,,Ejecutivo_04,Vehicular,17100.0,1360.4,0.12,14,Sucursal,23
SOL00722,Formalización,2026-03-02 08:00:00,Ejecutivo_01,Vehicular,35300.0,971.52,0.27,33,Web,21
SOL00729,Verificación de documentos,2026-03-02 08:00:00,Verificador_04,Vehicular,20800.0,1346.54,0.2,83,Sucursal,70
SOL00384,Verificación de documentos,2026-03-02 08:00:00,Verificador_04,Hipotecario,103700.0,1713.44,0.27,2,Sucursal,41
SOL00933,Verificación de documentos,2026-03-02 08:00:00,Verificador_03,Consumo,1100.0,1247.5,0.53,57,Web,30
SOL00362,Desembolso,2026-03-02 08:00:00,Tesoreria,Consumo,7000.0,1164.38,0.22,6,Web,33
SOL01010,Formalización,2026-03-02 08:00:00,Ejecutivo_03,Consumo,7900.0,816.4,0.29,20,Sucursal,55
SOL00921,Verificación de documentos,2026-03-02 08:00:00,Verificador_04,Vehicular,35700.0,388.63,0.42,53,Sucursal,54
SOL00222,Análisis financiero,2026-03-02 08:00:00,Analista_01,Consumo,1500.0,1361.0,0.22,10,Sucursal,57
SOL00028,Verificación de documentos,2026-03-02 08:04:00,Verificador_03,Vehicular,33300.0,1053.34,0.11,18,Agente,44
SOL00408,Desembolso,2026-03-02 08:07:59,Tesoreria,Consumo,6200.0,1011.28,0.13,25,Agente,46
SOL00466,Verificación de documentos,2026-03-02 08:18:00,Verificador_03,Vehicular,27400.0,890.88,0.1,91,Sucursal,21
SOL00765,Solicitud de información adicional,2026-03-02 08:30:01,Verificador_03,Personal,18200.0,1226.51,0.51,57,Web,27
SOL00024,Verificación de documentos,2026-03-02 08:56:55,Verificador_03,Personal,16300.0,1144.31,0.14,18,Agente,59
SOL00654,Desembolso,2026-03-02 09:32:43,Tesoreria,Vehicular,18400.0,837.37,0.21,1,Sucursal,32
SOL00218,Aprobación,2026-03-02 09:36:54,Analista_05,Personal,12600.0,2549.06,0.36,4,Web,24
SOL00387,Verificación de documentos,2026-03-02 09:52:51,Verificador_02,Personal,17800.0,1188.98,0.16,31,Web,39
SOL01180,Aprobación,2026-03-02 10:12:16,Analista_01,Personal,3900.0,1476.13,0.22,47,Web,69
SOL00821,Aprobación,2026-03-02 10:19:28,Analista_02,Consumo,4200.0,2650.82,0.36,5,Web,28
SOL01063,Rechazo,2026-03-02 10:22:50,Analista_06,Personal,13700.0,1780.21,0.5,2,Agente,35
SOL00502,Verificación de documentos,2026-03-02 10:54:32,Verificador_03,Personal,14100.0,2878.29,0.2,66,Agente,67
SOL00071,Aprobación,2026-03-02 10:55:25,Analista_04,Consumo,8000.0,4085.29,0.62,72,Agente,21
SOL00993,Verificación de documentos,2026-03-02 11:00:32,Verificador_04,Personal,10800.0,1934.86,0.63,108,Web,70
SOL00993,Solicitud de información adicional,2026-03-02 11:30:33,Verificador_03,Personal,10800.0,1934.86,0.63,108,Web,70
SOL00742,Verificación de documentos,2026-03-02 11:50:22,Verificador_04,Consumo,4700.0,1245.55,0.31,11,Web,54
SOL00742,Solicitud de información adicional,2026-03-02 12:20:23,Verificador_04,Consumo,4700.0,1245.55,0.31,11,Web,54
SOL01111,Solicitud recibida,2026-03-02 12:36:07,Ejecutivo_05,Consumo,4500.0,964.47,0.31,200,Sucursal,52
SOL00345,Solicitud recibida,2026-03-02 13:10:17,Ejecutivo_05,Personal,11300.0,1652.13,0.31,18,Sucursal,32
SOL00222,Aprobación,2026-03-02 13:38:09,Analista_01,Consumo,1500.0,1361.0,0.22,10,Sucursal,57
SOL01076,Aprobación,2026-03-02 13:44:40,Analista_06,Personal,10700.0,2168.9,0.36,107,Sucursal,53
SOL00627,Aprobación,2026-03-02 14:26:40,Analista_01,Personal,11200.0,1295.57,0.25,88,Sucursal,58
SOL00316,Solicitud recibida,2026-03-02 14:57:50,Ejecutivo_03,Personal,15500.0,1413.51,0.17,61,Sucursal,29
SOL00319,Verificación de documentos,2026-03-02 15:07:55,Verificador_02,Personal,3700.0,897.94,0.18,105,Web,39
SOL00233,Formalización,2026-03-02 15:15:22,Ejecutivo_05,Hipotecario,62100.0,1984.04,0.02,19,Sucursal,22
SOL00216,Solicitud recibida,2026-03-02 15:43:15,Sistema,Personal,7200.0,1425.03,0.05,44,Web,34
SOL00656,Solicitud recibida,2026-03-02 15:52:09,Sistema,Personal,16100.0,1459.69,0.36,34,Web,45
SOL00088,Solicitud recibida,2026-03-02 16:21:32,Ejecutivo_04,Personal,6500.0,1171.69,0.32,68,Sucursal,56
SOL00872,Recepción de información,2026-03-02 16:24:44,Sistema,Personal,6100.0,1268.95,0.57,44,Sucursal,56
SOL00882,Solicitud recibida,2026-03-02 18:08:59,Sistema,Personal,11600.0,2480.95,0.3,90,Web,33
SOL00481,Solicitud recibida,2026-03-02 18:26:55,Ejecutivo_06,Personal,15900.0,1267.3,0.56,51,Sucursal,37
SOL00274,Solicitud recibida,2026-03-02 18:36:49,Ejecutivo_05,Personal,17900.0,880.71,0.36,55,Agente,46
SOL00800,Solicitud recibida,2026-03-02 18:45:51,Sistema,Consumo,5000.0,1970.66,0.25,3,Web,50
SOL01140,Solicitud recibida,2026-03-02 18:52:50,Sistema,Consumo,3500.0,634.56,0.06,6,Web,29
SOL00617,Solicitud recibida,2026-03-02 20:13:42,Sistema,Hipotecario,111400.0,1012.17,0.67,29,Web,31
SOL01199,Solicitud recibida,2026-03-02 20:28:53,Sistema,Consumo,1700.0,1879.04,0.17,10,Web,50
SOL00876,Solicitud recibida,2026-03-02 20:42:52,Ejecutivo_05,Personal,9200.0,5843.32,0.48,43,Agente,42
SOL00770,Solicitud recibida,2026-03-02 21:11:41,Sistema,Consumo,4800.0,1013.09,0.51,12,Web,60
SOL00993,Recepción de información,2026-03-03 05:21:10,Sistema,Personal,10800.0,1934.86,0.63,108,Web,70
SOL00110,Formalización,2026-03-03 08:00:00,Ejecutivo_01,Vehicular,31100.0,1319.18,0.28,108,Web,40
SOL00345,Verificación de documentos,2026-03-03 08:00:00,Verificador_02,Personal,11300.0,1652.13,0.31,18,Sucursal,32
SOL00100,Análisis financiero,2026-03-03 08:00:00,Analista_01,Personal,12000.0,2881.67,0.22,56,Web,70
SOL00739,Desembolso,2026-03-03 08:00:00,Tesoreria,Vehicular,17100.0,1360.4,0.12,14,Sucursal,23
SOL00933,Análisis financiero,2026-03-03 08:00:00,Analista_01,Consumo,1100.0,1247.5,0.53,57,Web,30
SOL00872,Verificación de documentos,2026-03-03 08:00:00,Verificador_01,Personal,6100.0,1268.95,0.57,44,Sucursal,56
SOL00024,Análisis financiero,2026-03-03 08:00:00,Analista_05,Personal,16300.0,1144.31,0.14,18,Agente,59
SOL00481,Verificación de documentos,2026-03-03 08:00:00,Verificador_01,Personal,15900.0,1267.3,0.56,51,Sucursal,37
SOL00656,Verificación de documentos,2026-03-03 08:00:00,Verificador_04,Personal,16100.0,1459.69,0.36,34,Web,45
SOL00921,Análisis financiero,2026-03-03 08:00:00,Analista_03,Vehicular,35700.0,388.63,0.42,53,Sucursal,54
SOL01111,Verificación de documentos,2026-03-03 08:00:00,Verificador_02,Consumo,4500.0,964.47,0.31,200,Sucursal,52
SOL01178,Análisis financiero,2026-03-03 08:00:00,Analista_01,Personal,10800.0,534.91,0.46,36,Sucursal,65
SOL00588,Desembolso,2026-03-03 08:00:00,Tesoreria,Personal,11800.0,3482.91,0.25,115,Web,34
SOL00384,Análisis financiero,2026-03-03 08:00:00,Analista_06,Hipotecario,103700.0,1713.44,0.27,2,Sucursal,41
SOL00088,Verificación de documentos,2026-03-03 08:00:00,Verificador_02,Personal,6500.0,1171.69,0.32,68,Sucursal,56
SOL00440,Análisis financiero,2026-03-03 08:00:00,Analista_05,Vehicular,34500.0,1011.09,0.83,133,Web,25
SOL01140,Verificación de documentos,2026-03-03 08:00:00,Verificador_01,Consumo,3500.0,634.56,0.06,6,Web,29
SOL00316,Verificación de documentos,2026-03-03 08:00:00,Verificador_03,Personal,15500.0,1413.51,0.17,61,Sucursal,29
SOL00446,Reevaluación,2026-03-03 08:00:00,Analista_06,Vehicular,17400.0,866.38,0.42,66,Web,50
SOL00648,Análisis financiero,2026-03-03 08:02:00,Analista_04,Vehicular,18000.0,779.52,0.1,3,Web,64
SOL01003,Reevaluación,2026-03-03 08:03:00,Analista_04,Personal,6500.0,945.09,0.52,86,Web,52
SOL01164,Análisis financiero,2026-03-03 08:03:00,Analista_07,Personal,15200.0,2113.96,0.37,36,Sucursal,44
SOL00491,Desembolso,2026-03-03 08:06:00,Tesoreria,Vehicular,32700.0,1139.69,0.09,27,Web,68
SOL00617,Verificación de documentos,2026-03-03 08:09:00,Verificador_02,Hipotecario,111400.0,1012.17,0.67,29,Web,31
SOL00319,Análisis financiero,2026-03-03 08:11:00,Analista_08,Personal,3700.0,897.94,0.18,105,Web,39
SOL01050,Análisis financiero,2026-03-03 08:12:00,Analista_05,Vehicular,17100.0,1276.23,0.14,51,Web,39
SOL00216,Verificación de documentos,2026-03-03 08:12:00,Verificador_01,Personal,7200.0,1425.03,0.05,44,Web,34
SOL01199,Verificación de documentos,2026-03-03 08:16:00,Verificador_02,Consumo,1700.0,1879.04,0.17,10,Web,50
SOL00466,Análisis financiero,2026-03-03 08:18:00,Analista_06,Vehicular,27400.0,890.88,0.1,91,Sucursal,21
SOL00810,Análisis financiero,2026-03-03 08:18:00,Analista_03,Consumo,2500.0,515.49,0.13,300,Web,37
SOL00914,Desembolso,2026-03-03 08:18:00,Tesoreria,Personal,18400.0,1415.0,0.05,32,Sucursal,50
SOL00028,Análisis financiero,2026-03-03 08:19:00,Analista_03,Vehicular,33300.0,1053.34,0.11,18,Agente,44
SOL00567,Desembolso,2026-03-03 08:20:00,Tesoreria,Consumo,4000.0,2005.72,0.06,13,Web,63
SOL00773,Desembolso,2026-03-03 08:20:00,Tesoreria,Personal,6700.0,1257.61,0.14,49,Sucursal,55
SOL00876,Verificación de documentos,2026-03-03 08:22:00,Verificador_03,Personal,9200.0,5843.32,0.48,43,Agente,42
SOL00502,Análisis financiero,2026-03-03 08:23:00,Analista_04,Personal,14100.0,2878.29,0.2,66,Agente,67
SOL00274,verificación de documentos,2026-03-03 08:25:00,Verificador_01,Personal,17900.0,880.71,0.36,55,Agente,46
SOL00736,Análisis financiero,2026-03-03 08:29:00,Analista_04,Hipotecario,231900.0,1713.33,0.33,60,Agente,55
SOL00767,Análisis financiero,2026-03-03 08:29:00,Analista_05,Personal,8000.0,1076.07,0.6,44,Web,56
SOL00128,Desistimiento,2026-03-03 08:30:02,Sistema,Consumo,4200.0,612.55,0.27,80,Web,30
SOL00617,Solicitud de información adicional,2026-03-03 08:39:01,Verificador_04,Hipotecario,111400.0,1012.17,0.67,29,Web,31
SOL00876,Solicitud de información adicional,2026-03-03 08:52:01,Verificador_02,Personal,9200.0,5843.32,0.48,43,Agente,42
SOL00410,Solicitud recibida,2026-03-03 09:02:47,Sistema,Hipotecario,155200.0,1561.3,0.42,39,Web,31
SOL00587,Análisis financiero,2026-03-03 09:05:54,Analista_05,Personal,8700.0,1560.67,0.17,12,Sucursal,38
SOL00475,Solicitud recibida,2026-03-03 09:22:02,Ejecutivo_06,Personal,10600.0,2667.09,0.72,21,Agente,53
SOL00770,Verificación de documentos,2026-03-03 09:54:42,Verificador_04,Consumo,4800.0,1013.09,0.51,12,Web,60
SOL00770,Solicitud de información adicional,2026-03-03 10:24:43,Verificador_04,Consumo,4800.0,1013.09,0.51,12,Web,60
SOL01050,Aprobación,2026-03-03 10:26:53,Analista_05,Vehicular,17100.0,1276.23,0.14,51,Web,39
SOL00587,Rechazo,2026-03-03 11:05:25,Analista_05,Personal,8700.0,1560.67,0.17,12,Sucursal,38
SOL00729,Análisis financiero,2026-03-03 11:11:14,Analista_04,Vehicular,20800.0,1346.54,0.2,83,Sucursal,70
SOL00024,Aprobación,2026-03-03 11:27:23,Analista_05,Personal,16300.0,1144.31,0.14,18,Agente,59
SOL01164,Aprobación,2026-03-03 11:29:15,Analista_07,Personal,15200.0,2113.96,0.37,36,Sucursal,44
SOL00882,Verificación de documentos,2026-03-03 11:37:10,Verificador_01,Personal,11600.0,2480.95,0.3,90,Web,33
SOL00100,Aprobación,2026-03-03 11:47:56,Analista_01,Personal,12000.0,2881.67,0.22,56,Web,70
SOL00466,Aprobación,2026-03-03 12:06:18,Analista_06,Vehicular,27400.0,890.88,0.1,91,Sucursal,21
SOL00882,Solicitud de información adicional,2026-03-03 12:07:11,Verificador_01,Personal,11600.0,2480.95,0.3,90,Web,33
SOL01003,Rechazo,2026-03-03 12:08:28,Analista_04,Personal,6500.0,945.09,0.52,86,Web,52
SOL00319,Rechazo,2026-03-03 12:32:04,Analista_08,Personal,3700.0,897.94,0.18,105,Web,39
SOL01199,Análisis financiero,2026-03-03 12:37:28,Analista_08,Consumo,1700.0,1879.04,0.17,10,Web,50
SOL00125,Recepción de información,2026-03-03 12:45:33,Sistema,Consumo,3400.0,2063.68,0.23,13,Sucursal,42
SOL00826,Solicitud recibida,2026-03-03 12:47:59,Ejecutivo_03,Hipotecario,129900.0,775.02,0.68,9,Sucursal,35
SOL00993,Verificación de documentos,2026-03-03 12:57:11,Verificador_01,Personal,10800.0,1934.86,0.63,108,Web,70
SOL00387,Análisis financiero,2026-03-03 13:01:12,Analista_07,Personal,17800.0,1188.98,0.16,31,Web,39
SOL00722,Desembolso,2026-03-03 13:01:56,Tesoreria,Vehicular,35300.0,971.52,0.27,33,Web,21
SOL00648,Rechazo,2026-03-03 13:13:54,Analista_04,Vehicular,18000.0,779.52,0.1,3,Web,64
SOL00446,Rechazo,2026-03-03 13:16:25,Analista_06,Vehicular,17400.0,866.38,0.42,66,Web,50
SOL00769,Solicitud recibida,2026-03-03 13:16:37,Ejecutivo_02,Hipotecario,90700.0,1030.71,0.48,44,Agente,33
SOL00018,Solicitud recibida,2026-03-03 13:32:53,Sistema,Hipotecario,190200.0,1729.42,0.38,70,Web,42
SOL01199,Aprobación,2026-03-03 14:15:54,Analista_08,Consumo,1700.0,1879.04,0.17,10,Web,50
SOL00737,Solicitud recibida,2026-03-03 14:29:35,Sistema,Consumo,4800.0,2203.41,0.28,37,Web,43
SOL01178,Reevaluación,2026-03-03 15:18:34,Analista_01,Personal,10800.0,534.91,0.46,36,Sucursal,65
SOL00502,Aprobación,2026-03-03 16:01:27,Analista_04,Personal,14100.0,2878.29,0.2,66,Agente,67
SOL00148,Desembolso,2026-03-03 16:04:23,Tesoreria,Consumo,4300.0,3033.39,0.6,134,Web,70
SOL00387,Rechazo,2026-03-03 16:31:30,Analista_07,Personal,17800.0,1188.98,0.16,31,Web,39
SOL00729,Rechazo,2026-03-03 16:37:51,Analista_04,Vehicular,20800.0,1346.54,0.2,83,Sucursal,70
SOL00185,Solicitud recibida,2026-03-03 18:52:22,Sistema,Personal,10400.0,1146.66,0.12,27,Web,68
SOL00135,Solicitud recibida,2026-03-03 20:21:05,Ejecutivo_01,Consumo,2000.0,2116.17,0.37,16,Agente,66
SOL01074,Solicitud recibida,2026-03-03 20:25:38,Ejecutivo_04,Vehicular,12900.0,1988.89,0.22,99,Sucursal,68
SOL00031,Recepción de información,2026-03-04 02:59:01,Sistema,Personal,16900.0,1821.62,0.54,0,Web,29
SOL00617,Recepción de información,2026-03-04 06:08:40,Sistema,Hipotecario,111400.0,1012.17,0.67,29,Web,31
SOL00185,Verificación de documentos,2026-03-04 08:00:00,Verificador_04,Personal,10400.0,1146.66,0.12,27,Web,68
SOL01010,Desembolso,2026-03-04 08:00:00,Tesoreria,Consumo,7900.0,816.4,0.29,20,Sucursal,55
SOL00810,Aprobación,2026-03-04 08:00:00,Analista_03,Consumo,2500.0,515.49,0.13,300,Web,37
SOL00410,Verificación de documentos,2026-03-04 08:00:00,Verificador_01,Hipotecario,155200.0,1561.3,0.42,39,Web,31
SOL00316,Análisis financiero,2026-03-04 08:00:00,Analista_06,Personal,15500.0,1413.51,0.17,61,Sucursal,29
SOL00769,Verificación de documentos,2026-03-04 08:00:00,Verificador_04,Hipotecario,90700.0,1030.71,0.48,44,Agente,33
SOL00800,Verificación de documentos,2026-03-04 08:00:00,Verificador_01,Consumo,5000.0,1970.66,0.25,3,Web,50
SOL00872,Análisis financiero,2026-03-04 08:00:00,Analista_04,Personal,6100.0,1268.95,0.57,44,Sucursal,56
SOL00216,Análisis financiero,2026-03-04 08:00:00,Analista_03,Personal,7200.0,1425.03,0.05,44,Web,34
SOL00475,Verificación de documentos,2026-03-04 08:00:00,Verificador_04,Personal,10600.0,2667.09,0.72,21,Agente,53
SOL00018,Verificación de documentos,2026-03-04 08:00:00,Verificador_02,Hipotecario,190200.0,1729.42,0.38,70,Web,42
SOL01178,Rechazo,2026-03-04 08:00:00,Analista_01,Personal,10800.0,534.91,0.46,36,Sucursal,65
SOL00481,Análisis financiero,2026-03-04 08:00:00,Analista_04,Personal,15900.0,1267.3,0.56,51,Sucursal,37
SOL00125,Verificación de documentos,2026-03-04 08:00:00,Verificador_01,Consumo,3400.0,2063.68,0.23,13,Sucursal,42
SOL00993,Analisis financiero,2026-03-04 08:00:00,Analista_01,Personal,10800.0,1934.86,0.63,108,Web,70
SOL01111,Análisis financiero,2026-03-04 08:00:00,Analista_04,Consumo,4500.0,964.47,0.31,200,Sucursal,52
SOL00345,Análisis financiero,2026-03-04 08:00:00,Analista_04,Personal,11300.0,1652.13,0.31,18,Sucursal,32
SOL00274,Análisis financiero,2026-03-04 08:01:00,Analista_05,Personal,17900.0,880.71,0.36,55,Agente,46
SOL00071,Formalización,2026-03-04 08:04:00,Ejecutivo_03,Consumo,8000.0,4085.29,0.62,72,Agente,21
SOL01074,Verificación de documentos,2026-03-04 08:06:00,Verificador_04,Vehicular,12900.0,1988.89,0.22,99,Sucursal,68
SOL01199,Formalización,2026-03-04 08:09:30,Ejecutivo_02,Consumo,1700.0,1879.04,0.17,10,Web,50
SOL01140,Análisis financiero,2026-03-04 08:10:00,Analista_01,Consumo,3500.0,634.56,0.06,6,Web,29
SOL00737,Verificación de documentos,2026-03-04 08:11:00,Verificador_01,Consumo,4800.0,2203.41,0.28,37,Web,43
SOL00135,Verificación de documentos,2026-03-04 08:16:00,Verificador_01,Consumo,2000.0,2116.17,0.37,16,Agente,66
SOL00088,Análisis financiero,2026-03-04 08:16:00,Analista_01,Personal,6500.0,1171.69,0.32,68,Sucursal,56
SOL00826,Verificación de documentos,2026-03-04 08:17:00,Verificador_02,Hipotecario,129900.0,775.02,0.68,9,Sucursal,35
SOL00656,Análisis financiero,2026-03-04 08:25:00,Analista_01,Personal,16100.0,1459.69,0.36,34,Web,45
SOL01056,Desembolso,2026-03-04 08:26:00,Tesoreria,Vehicular,38700.0,1636.15,0.38,57,Sucursal,43
SOL00769,Solicitud de información adicional,2026-03-04 08:30:01,Verificador_01,Hipotecario,90700.0,1030.71,0.48,44,Agente,33
SOL00800,Solicitud de información adicional,2026-03-04 08:30:01,Verificador_01,Consumo,5000.0,1970.66,0.25,3,Web,50
SOL00971,Solicitud recibida,2026-03-04 08:41:21,Sistema,Personal,6200.0,2482.45,0.74,23,Web,49
SOL00274,Aprobación,2026-03-04 09:13:24,Analista_05,Personal,17900.0,880.71,0.36,55,Agente,46
SOL01100,Solicitud recibida,2026-03-04 09:28:38,Ejecutivo_01,Consumo,6700.0,5398.55,0.27,34,Sucursal,41
SOL01140,Aprobación,2026-03-04 09:42:31,Analista_01,Consumo,3500.0,634.56,0.06,6,Web,29
SOL00427,Solicitud recibida,2026-03-04 10:21:09,Ejecutivo_06,Consumo,3200.0,890.28,0.5,75,Sucursal,21
SOL00933,Reevaluación,2026-03-04 12:18:47,Analista_01,Consumo,1100.0,1247.5,0.53,57,Web,30
SOL01111,Aprobación,2026-03-04 12:43:01,Analista_04,Consumo,4500.0,964.47,0.31,200,Sucursal,52
SOL00971,Verificación de documentos,2026-03-04 13:14:06,Verificador_04,Personal,6200.0,2482.45,0.74,23,Web,49
SOL00971,Solicitud de información adicional,2026-03-04 13:44:07,Verificador_04,Personal,6200.0,2482.45,0.74,23,Web,49
SOL00216,Aprobación,2026-03-04 13:51:10,Analista_03,Personal,7200.0,1425.03,0.05,44,Web,34
SOL00427,Verificación de documentos,2026-03-04 13:54:02,Verificador_02,Consumo,3200.0,890.28,0.5,75,Sucursal,21
SOL00031,Verificación de documentos,2026-03-04 14:11:58,Verificador_02,Personal,16900.0,1821.62,0.54,0,Web,29
SOL00065,Desembolso,2026-03-04 14:34:02,Tesoreria,Hipotecario,162500.0,1155.62,0.21,38,Agente,53
SOL00031,Solicitud de información adicional,2026-03-04 14:41:59,Verificador_02,Personal,16900.0,1821.62,0.54,0,Web,29
SOL00002,Solicitud recibida,2026-03-04 15:00:10,Sistema,Personal,10500.0,886.92,0.19,16,Web,27
SOL00110,Desembolso,2026-03-04 15:25:30,Tesoreria,Vehicular,31100.0,1319.18,0.28,108,Web,40
SOL01180,Formalización,2026-03-04 15:29:06,Ejecutivo_01,Personal,3900.0,1476.13,0.22,47,Web,69
SOL00639,Solicitud recibida,2026-03-04 15:43:38,Ejecutivo_03,Consumo,5500.0,1500.74,0.45,45,Sucursal,35
SOL01074,Análisis financiero,2026-03-04 15:54:06,Analista_08,Vehicular,12900.0,1988.89,0.22,99,Sucursal,68
SOL00018,Análisis financiero,2026-03-04 16:06:47,Analista_05,Hipotecario,190200.0,1729.42,0.38,70,Web,42
SOL00369,Solicitud recibida,2026-03-04 16:09:17,Sistema,Consumo,1900.0,2671.87,0.27,202,Web,70
SOL00872,Rechazo,2026-03-04 16:20:16,Analista_04,Personal,6100.0,1268.95,0.57,44,Sucursal,56
SOL00316,Aprobación,2026-03-04 16:46:42,Analista_06,Personal,15500.0,1413.51,0.17,61,Sucursal,29
SOL01185,Solicitud recibida,2026-03-04 18:26:12,Sistema,Personal,15400.0,464.38,0.47,96,Web,24
SOL00742,Recepción de información,2026-03-04 20:12:02,Sistema,Consumo,4700.0,1245.55,0.31,11,Web,54
SOL01192,Solicitud recibida,2026-03-04 20:55:23,Ejecutivo_03,Personal,9200.0,2747.3,0.62,57,Agente,63
SOL00461,Solicitud recibida,2026-03-04 21:42:06,Ejecutivo_02,Personal,12700.0,734.86,0.28,58,Sucursal,29
SOL01028,Recepción de información,2026-03-04 23:46:54,Sistema,Personal,19300.0,1442.65,0.37,16,Web,64
SOL00765,Recepción de información,2026-03-05 02:40:20,Sistema,Personal,18200.0,1226.51,0.51,57,Web,27
SOL01074,Aprobación,2026-03-05 08:00:00,Analista_08,Vehicular,12900.0,1988.89,0.22,99,Sucursal,68
SOL00737,Análisis financiero,2026-03-05 08:00:00,Analista_08,Consumo,4800.0,2203.41,0.28,37,Web,43
SOL00002,Verificación de documentos,2026-03-05 08:00:00,Verificador_01,Personal,10500.0,886.92,0.19,16,Web,27
SOL00466,Formalización ,2026-03-05 08:00:00,Ejecutivo_05,Vehicular,27400.0,890.88,0.1,91,Sucursal,21
SOL00345,Rechazo,2026-03-05 08:00:00,Analista_04,Personal,11300.0,1652.13,0.31,18,Sucursal,32
SOL00088,Aprobación,2026-03-05 08:00:00,Analista_01,Personal,6500.0,1171.69,0.32,68,Sucursal,56
SOL00627,Formalización,2026-03-05 08:00:00,Ejecutivo_01,Personal,11200.0,1295.57,0.25,88,Sucursal,58
SOL01086,Análisis financiero,2026-03-05 08:00:00,Analista_07,Hipotecario,117700.0,1821.01,0.33,43,Agente,32
SOL00933,Reevaluación ,2026-03-05 08:00:00,Analista_01,Consumo,1100.0,1247.5,0.53,57,Web,30
SOL00993,Reevaluación,2026-03-05 08:00:00,Analista_01,Personal,10800.0,1934.86,0.63,108,Web,70
SOL00475,Análisis financiero,2026-03-05 08:00:00,Analista_06,Personal,10600.0,2667.09,0.72,21,Agente,53
SOL00481,Reevaluación,2026-03-05 08:00:00,Analista_04,Personal,15900.0,1267.3,0.56,51,Sucursal,37
SOL00656,Aprobación,2026-03-05 08:00:00,Analista_01,Personal,16100.0,1459.69,0.36,34,Web,45
SOL00344,Formalización,2026-03-05 08:00:00,Ejecutivo_01,Vehicular,18000.0,1317.85,0.31,28,Sucursal,64
SOL00767,Reevaluación,2026-03-05 08:00:00,Analista_05,Personal,8000.0,1076.07,0.6,44,Web,56
SOL00639,Verificación de documentos,2026-03-05 08:00:00,Verificador_01,Consumo,5500.0,1500.74,0.45,45,Sucursal,35
SOL01185,Verificación de documentos,2026-03-05 08:01:00,Verificador_03,Personal,15400.0,464.38,0.47,96,Web,24
SOL01028,Verificación de documentos,2026-03-05 08:05:00,Verificador_01,Personal,19300.0,1442.65,0.37,16,Web,64
SOL00071,Desembolso,2026-03-05 08:08:00,Tesoreria,Consumo,8000.0,4085.29,0.62,72,Agente,21
SOL00765,Verificación de documentos,2026-03-05 08:08:04,Verificador_02,Personal,18200.0,1226.51,0.51,57,Web,27
SOL00461,Verificación de documentos,2026-03-05 08:10:00,Verificador_03,Personal,12700.0,734.86,0.28,58,Sucursal,29
SOL01192,Verificación de documentos,2026-03-05 08:12:00,Verificador_01,Personal,9200.0,2747.3,0.62,57,Agente,63
SOL00617,Verificación de documentos,2026-03-05 08:14:00,Verificador_01,Hipotecario,111400.0,1012.17,0.67,29,Web,31
SOL00222,Formalización,2026-03-05 08:15:00,Ejecutivo_03,Consumo,1500.0,1361.0,0.22,10,Sucursal,57
SOL00742,Verificación de documentos,2026-03-05 08:23:00,Verificador_01,Consumo,4700.0,1245.55,0.31,11,Web,54
SOL00125,Análisis financiero,2026-03-05 08:25:00,Analista_01,Consumo,3400.0,2063.68,0.23,13,Sucursal,42
SOL00369,Verificación de documentos,2026-03-05 08:27:00,Verificador_02,Consumo,1900.0,2671.87,0.27,202,Web,70
SOL00826,Análisis financiero,2026-03-05 08:28:04,Analista_04,Hipotecario,129900.0,775.02,0.68,9,Sucursal,35
SOL00421,Solicitud recibida,2026-03-05 08:42:47,Ejecutivo_03,Personal,16100.0,1613.17,0.21,38,Sucursal,25
SOL00742,Solicitud de información adicional,2026-03-05 08:53:01,Verificador_03,Consumo,4700.0,1245.55,0.31,11,Web,54
SOL00369,Solicitud de información adicional,2026-03-05 08:57:01,Verificador_04,Consumo,1900.0,2671.87,0.27,202,Web,70
SOL00737,Aprobación,2026-03-05 09:15:41,Analista_08,Consumo,4800.0,2203.41,0.28,37,Web,43
SOL00475,Aprobación,2026-03-05 09:59:43,Analista_06,Personal,10600.0,2667.09,0.72,21,Agente,53
SOL00028,Comité de crédito,2026-03-05 10:00:01,Comite,Vehicular,33300.0,1053.34,0.11,18,Agente,44
SOL00394,Comité de crédito,2026-03-05 10:00:01,Comite,Hipotecario,91500.0,1156.15,0.36,57,Agente,38
SOL00736,Comité de crédito,2026-03-05 10:00:01,Comite,Hipotecario,231900.0,1713.33,0.33,60,Agente,55
SOL00921,Comité de crédito,2026-03-05 10:00:01,Comite,Vehicular,35700.0,388.63,0.42,53,Sucursal,54
SOL00018,Comité de crédito,2026-03-05 10:00:01,Comite,Hipotecario,190200.0,1729.42,0.38,70,Web,42
SOL00384,Comité de crédito,2026-03-05 10:00:01,Comite,Hipotecario,103700.0,1713.44,0.27,2,Sucursal,41
SOL00601,Comité de crédito,2026-03-05 10:00:01,Comite,Vehicular,39700.0,760.84,0.19,4,Sucursal,60
SOL00440,Comité de crédito,2026-03-05 10:00:01,Comite,Vehicular,34500.0,1011.09,0.83,133,Web,25
SOL01145,Comité de crédito,2026-03-05 10:00:01,Comite,Hipotecario,56100.0,1254.11,0.24,56,Agente,68
SOL01050,Formalización,2026-03-05 10:21:24,Ejecutivo_03,Vehicular,17100.0,1276.23,0.14,51,Web,39
SOL01180,Desembolso,2026-03-05 11:48:15,Tesoreria,Personal,3900.0,1476.13,0.22,47,Web,69
SOL01146,Solicitud recibida,2026-03-05 11:50:02,Sistema,Personal,16100.0,1254.48,0.17,16,Web,43
SOL00933,Aprobación,2026-03-05 11:56:41,Analista_01,Consumo,1100.0,1247.5,0.53,57,Web,30
SOL00440,Aprobación,2026-03-05 12:03:34,Comite,Vehicular,34500.0,1011.09,0.83,133,Web,25
SOL00031,Recepción de información,2026-03-05 12:13:37,Sistema,Personal,16900.0,1821.62,0.54,0,Web,29
SOL00384,Rechazo,2026-03-05 12:39:30,Analista_06,Hipotecario,103700.0,1713.44,0.27,2,Sucursal,41
SOL01140,Formalización,2026-03-05 12:41:28,Ejecutivo_02,Consumo,3500.0,634.56,0.06,6,Web,29
SOL00125,Aprobación,2026-03-05 13:07:22,Analista_01,Consumo,3400.0,2063.68,0.23,13,Sucursal,42
SOL00018,Rechazo,2026-03-05 14:11:15,Analista_05,Hipotecario,190200.0,1729.42,0.38,70,Web,42
SOL01145,Aprobación,2026-03-05 14:12:39,Comite,Hipotecario,56100.0,1254.11,0.24,56,Agente,68
SOL00233,Desembolso,2026-03-05 14:30:50,Tesoreria,Hipotecario,62100.0,1984.04,0.02,19,Sucursal,22
SOL00601,Rechazo,2026-03-05 14:32:38,Analista_07,Vehicular,39700.0,760.84,0.19,4,Sucursal,60
SOL00921,Rechazo,2026-03-05 14:47:55,Analista_03,Vehicular,35700.0,388.63,0.42,53,Sucursal,54
SOL00736,Rechazo,2026-03-05 15:12:16,Analista_04,Hipotecario,231900.0,1713.33,0.33,60,Agente,55
SOL00552,Recepción de información,2026-03-05 15:18:16,Sistema,Consumo,3300.0,1491.81,0.3,2,Web,41
SOL00394,Aprobación,2026-03-05 15:47:47,Comite,Hipotecario,91500.0,1156.15,0.36,57,Agente,38
SOL00410,Análisis financiero,2026-03-05 16:00:29,Analista_06,Hipotecario,155200.0,1561.3,0.42,39,Web,31
SOL00481,Rechazo,2026-03-05 16:52:21,Analista_04,Personal,15900.0,1267.3,0.56,51,Sucursal,37
SOL01080,Solicitud recibida,2026-03-05 18:55:54,Ejecutivo_04,Personal,9100.0,607.77,0.1,16,Sucursal,55
SOL01170,Solicitud recibida,2026-03-05 20:07:36,Ejecutivo_01,Hipotecario,76900.0,2063.94,0.34,40,Sucursal,69
SOL00632,Solicitud recibida,2026-03-05 21:58:52,Ejecutivo_04,Personal,4100.0,1584.31,0.13,27,Agente,22
SOL00882,Recepción de información,2026-03-06 04:54:56,Sistema,Personal,11600.0,2480.95,0.3,90,Web,33
SOL00432,Solicitud recibida,2026-03-06 07:45:38,Ejecutivo_05,Consumo,1300.0,3004.89,0.25,145,Agente,36
SOL01028,Análisis financiero,2026-03-06 08:00:00,Analista_04,Personal,19300.0,1442.65,0.37,16,Web,64
SOL00031,Verificación de documentos,2026-03-06 08:00:00,Verificador_01,Personal,16900.0,1821.62,0.54,0,Web,29
SOL01080,Verificación de documentos,2026-03-06 08:00:00,Verificador_04,Personal,9100.0,607.77,0.1,16,Sucursal,55
SOL00218,Formalizacion,2026-03-06 08:00:00,Ejecutivo_06,Personal,12600.0,2549.06,0.36,4,Web,24
SOL00344,Desembolso,2026-03-06 08:00:00,Tesoreria,Vehicular,18000.0,1317.85,0.31,28,Sucursal,64
SOL01192,Análisis financiero,2026-03-06 08:00:00,Analista_04,Personal,9200.0,2747.3,0.62,57,Agente,63
SOL00552,Verificación de documentos,2026-03-06 08:00:00,Verificador_01,Consumo,3300.0,1491.81,0.3,2,Web,41
SOL00028,Aprobación,2026-03-06 08:00:00,Comite,Vehicular,33300.0,1053.34,0.11,18,Agente,44
SOL00993,Reevaluación,2026-03-06 08:00:00,Analista_01,Personal,10800.0,1934.86,0.63,108,Web,70
SOL00765,Análisis financiero,2026-03-06 08:00:00,Analista_01,Personal,18200.0,1226.51,0.51,57,Web,27
SOL00002,Análisis financiero,2026-03-06 08:00:00,Analista_08,Personal,10500.0,886.92,0.19,16,Web,27
SOL00627,Desembolso,2026-03-06 08:00:00,Tesoreria,Personal,11200.0,1295.57,0.25,88,Sucursal,58
SOL00639,Análisis financiero,2026-03-06 08:01:00,Analista_06,Consumo,5500.0,1500.74,0.45,45,Sucursal,35
SOL00466,Desembolso,2026-03-06 08:04:00,Tesoreria,Vehicular,27400.0,890.88,0.1,91,Sucursal,21
SOL01185,Análisis financiero,2026-03-06 08:06:00,Analista_02,Personal,15400.0,464.38,0.47,96,Web,24
SOL01199,Desembolso,2026-03-06 08:07:05,Tesoreria,Consumo,1700.0,1879.04,0.17,10,Web,50
SOL01170,Verificación de documentos,2026-03-06 08:10:00,Verificador_03,Hipotecario,76900.0,2063.94,0.34,40,Sucursal,69
SOL01146,Verificación de documentos,2026-03-06 08:14:00,Verificador_04,Personal,16100.0,1254.48,0.17,16,Web,43
SOL00135,Análisis financiero,2026-03-06 08:16:00,Analista_07,Consumo,2000.0,2116.17,0.37,16,Agente,66
SOL00502,Formalización,2026-03-06 08:21:00,Ejecutivo_06,Personal,14100.0,2878.29,0.2,66,Agente,67
SOL00421,Verificación de documentos,2026-03-06 08:23:00,Verificador_02,Personal,16100.0,1613.17,0.21,38,Sucursal,25
SOL00222,Desembolso,2026-03-06 08:23:37,Tesoreria,Consumo,1500.0,1361.0,0.22,10,Sucursal,57
SOL00024,Formalización,2026-03-06 08:25:00,Ejecutivo_01,Personal,16300.0,1144.31,0.14,18,Agente,59
SOL00632,Verificación de documentos,2026-03-06 08:27:00,Verificador_02,Personal,4100.0,1584.31,0.13,27,Agente,22
SOL01100,Verificación de documentos,2026-03-06 08:27:00,Verificador_04,Consumo,6700.0,5398.55,0.27,34,Sucursal,41
SOL00427,Análisis financiero,2026-03-06 08:28:00,Analista_02,Consumo,3200.0,890.28,0.5,75,Sucursal,21
SOL00800,Recepción de información,2026-03-06 08:28:51,Sistema,Consumo,5000.0,1970.66,0.25,3,Web,50
SOL01164,Formalización,2026-03-06 08:29:00,Ejecutivo_04,Personal,15200.0,2113.96,0.37,36,Sucursal,44
SOL00552,Solicitud de información adicional,2026-03-06 08:30:01,Verificador_01,Consumo,3300.0,1491.81,0.3,2,Web,41
SOL01140,Desembolso,2026-03-06 08:41:25,Tesoreria,Consumo,3500.0,634.56,0.06,6,Web,29
SOL00440,Formalización,2026-03-06 09:17:14,Ejecutivo_02,Vehicular,34500.0,1011.09,0.83,133,Web,25
SOL00530,Solicitud recibida,2026-03-06 09:28:00,Ejecutivo_03,Hipotecario,204200.0,1509.71,0.15,58,Agente,56
SOL01192,Aprobación,2026-03-06 10:13:43,Analista_04,Personal,9200.0,2747.3,0.62,57,Agente,63
SOL00177,Solicitud recibida,2026-03-06 10:32:02,Ejecutivo_06,Vehicular,38200.0,1870.6,0.66,6,Agente,39
SOL00135,Aprobación,2026-03-06 10:56:19,Analista_07,Consumo,2000.0,2116.17,0.37,16,Agente,66
SOL01185,Aprobación,2026-03-06 12:40:53,Analista_02,Personal,15400.0,464.38,0.47,96,Web,24
SOL01028,Aprobación,2026-03-06 13:12:14,Analista_04,Personal,19300.0,1442.65,0.37,16,Web,64
SOL00133,Recepción de información,2026-03-06 13:36:46,Sistema,Personal,11200.0,3201.58,0.61,27,Agente,57
SOL00427,Aprobación,2026-03-06 14:18:12,Analista_02,Consumo,3200.0,890.28,0.5,75,Sucursal,21
SOL00394,Formalización,2026-03-06 14:48:21,Ejecutivo_05,Hipotecario,91500.0,1156.15,0.36,57,Agente,38
SOL01076,Formalización,2026-03-06 15:20:20,Ejecutivo_02,Personal,10700.0,2168.9,0.36,107,Sucursal,53
SOL00530,Verificación de documentos,2026-03-06 15:35:25,Verificador_01,Hipotecario,204200.0,1509.71,0.15,58,Agente,56
SOL00432,Verificación de documentos,2026-03-06 15:37:33,Verificador_03,Consumo,1300.0,3004.89,0.25,145,Agente,36
SOL00185,Análisis financiero,2026-03-06 15:47:19,Analista_04,Personal,10400.0,1146.66,0.12,27,Web,68
SOL00882,Verificación de documentos,2026-03-06 16:07:28,Verificador_04,Personal,11600.0,2480.95,0.3,90,Web,33
SOL00368,Solicitud recibida,2026-03-06 16:10:49,Ejecutivo_05,Vehicular,27400.0,1039.47,0.17,7,Sucursal,37
SOL00800,Verificación de documentos,2026-03-06 16:27:51,Verificador_02,Consumo,5000.0,1970.66,0.25,3,Web,50
SOL00278,Solicitud recibida,2026-03-06 16:39:53,Ejecutivo_01,Personal,4200.0,1042.6,0.27,15,Sucursal,43
SOL01032,Solicitud recibida,2026-03-06 17:57:39,Ejecutivo_02,Personal,8300.0,4380.52,0.53,11,Agente,64
SOL00775,Solicitud recibida,2026-03-07 07:42:15,Sistema,Consumo,7200.0,2333.65,0.36,127,Web,40
SOL01011,Solicitud recibida,2026-03-07 10:44:54,Ejecutivo_03,Personal,7500.0,1860.01,0.57,169,Sucursal,21
SOL00977,Solicitud recibida,2026-03-07 12:27:28,Ejecutivo_01,Personal,7800.0,1089.28,0.52,20,Sucursal,53
SOL00338,Solicitud recibida,2026-03-07 14:27:32,Ejecutivo_04,Consumo,5300.0,1158.01,0.57,18,Sucursal,61
SOL00762,Solicitud recibida,2026-03-07 14:52:55,Sistema,Vehicular,18600.0,4972.28,0.26,6,Web,64
SOL00052,Solicitud recibida,2026-03-07 19:53:23,Sistema,Personal,6700.0,1725.55,0.16,11,Web,56
SOL00131,Solicitud recibida,2026-03-07 20:29:50,Sistema,Hipotecario,150500.0,4049.45,0.35,75,Web,33
SOL00166,Solicitud recibida,2026-03-07 20:54:35,Sistema,Vehicular,25400.0,1018.12,0.37,93,Web,34
SOL01052,Solicitud recibida,2026-03-07 21:05:25,Sistema,Personal,3500.0,2025.81,0.16,200,Web,36
SOL00769,Recepción de información,2026-03-08 01:40:49,Sistema,Hipotecario,90700.0,1030.71,0.48,44,Agente,33
SOL00971,Recepción de información,2026-03-08 03:00:39,Sistema,Personal,6200.0,2482.45,0.74,23,Web,49
SOL01048,Solicitud recibida,2026-03-08 07:26:39,Sistema,Vehicular,31300.0,1019.61,0.23,3,Web,52
SOL00552,Recepción de información,2026-03-08 11:04:52,Sistema,Consumo,3300.0,1491.81,0.3,2,Web,41
SOL01160,Solicitud recibida,2026-03-08 11:52:35,Sistema,Personal,18400.0,808.87,0.08,49,Web,67
SOL00980,Solicitud recibida,2026-03-08 14:45:48,Ejecutivo_05,Consumo,3000.0,1199.71,0.26,5,Agente,38
SOL00770,Recepción de información,2026-03-08 18:09:22,Sistema,Consumo,4800.0,1013.09,0.51,12,Web,60
SOL00323,Solicitud recibida,2026-03-08 19:41:42,Sistema,Vehicular,34300.0,1671.37,0.3,173,Web,52
SOL00037,Solicitud recibida,2026-03-08 20:44:36,Ejecutivo_04,Consumo,5400.0,880.98,0.31,21,Sucursal,67
SOL00666,Solicitud recibida,2026-03-08 21:02:41,Ejecutivo_06,Personal,7500.0,1905.67,0.43,8,Sucursal,40
SOL00735,Solicitud recibida,2026-03-08 21:59:36,Sistema,Consumo,2400.0,1664.94,0.45,15,Web,57
SOL00977,Verificación de documentos,2026-03-09 08:00:00,Verificador_01,Personal,7800.0,1089.28,0.52,20,Sucursal,53
SOL00765,Reevaluación,2026-03-09 08:00:00,Analista_01,Personal,18200.0,1226.51,0.51,57,Web,27
SOL00218,Desembolso,2026-03-09 08:00:00,Tesoreria,Personal,12600.0,2549.06,0.36,4,Web,24
SOL00502,Desembolso,2026-03-09 08:00:00,Tesoreria,Personal,14100.0,2878.29,0.2,66,Agente,67
SOL00316,Formalización,2026-03-09 08:00:00,Ejecutivo_03,Personal,15500.0,1413.51,0.17,61,Sucursal,29
SOL00394,Desembolso,2026-03-09 08:00:00,Tesoreria,Hipotecario,91500.0,1156.15,0.36,57,Agente,38
SOL01146,Análisis financiero,2026-03-09 08:00:00,Analista_05,Personal,16100.0,1254.48,0.17,16,Web,43
SOL00177,Verificación de documentos,2026-03-09 08:00:00,Verificador_01,Vehicular,38200.0,1870.6,0.66,6,Agente,39
SOL00882,Análisis financiero,2026-03-09 08:00:00,Analista_03,Personal,11600.0,2480.95,0.3,90,Web,33
SOL00088,Formalización,2026-03-09 08:00:00,Ejecutivo_06,Personal,6500.0,1171.69,0.32,68,Sucursal,56
SOL00617,Análisis financiero,2026-03-09 08:00:00,Analista_04,Hipotecario,111400.0,1012.17,0.67,29,Web,31
SOL01076,Desembolso,2026-03-09 08:00:00,Tesoreria,Personal,10700.0,2168.9,0.36,107,Sucursal,53
SOL00993,Rechazo,2026-03-09 08:00:00,Analista_01,Personal,10800.0,1934.86,0.63,108,Web,70
SOL00639,Reevaluación,2026-03-09 08:00:00,Analista_06,Consumo,5500.0,1500.74,0.45,45,Sucursal,35
SOL00131,Verificación de documentos,2026-03-09 08:00:00,Verificador_04,Hipotecario,150500.0,4049.45,0.35,75,Web,33
SOL00769,Verificación de documentos,2026-03-09 08:00:00,Verificador_03,Hipotecario,90700.0,1030.71,0.48,44,Agente,33
SOL00432,Análisis financiero,2026-03-09 08:00:00,Analista_02,Consumo,1300.0,3004.89,0.25,145,Agente,36
SOL00002,Aprobación,2026-03-09 08:00:00,Analista_08,Personal,10500.0,886.92,0.19,16,Web,27
SOL00933,Formalización,2026-03-09 08:00:00,Ejecutivo_02,Consumo,1100.0,1247.5,0.53,57,Web,30
SOL00274,Formalización,2026-03-09 08:00:00,Ejecutivo_04,Personal,17900.0,880.71,0.36,55,Agente,46
SOL01052,Verificación de documentos,2026-03-09 08:00:00,Verificador_02,Personal,3500.0,2025.81,0.16,200,Web,36
SOL00775,Verificación de documentos,2026-03-09 08:00:00,Verificador_02,Consumo,7200.0,2333.65,0.36,127,Web,40
SOL00656,Formalización,2026-03-09 08:00:00,Ejecutivo_02,Personal,16100.0,1459.69,0.36,34,Web,45
SOL00632,Análisis financiero,2026-03-09 08:00:00,Analista_06,Personal,4100.0,1584.31,0.13,27,Agente,22
SOL00810,Formalización,2026-03-09 08:00:00,Ejecutivo_05,Consumo,2500.0,515.49,0.13,300,Web,37
SOL01080,Análisis financiero,2026-03-09 08:00:00,Analista_05,Personal,9100.0,607.77,0.1,16,Sucursal,55
SOL01032,Verificación de documentos,2026-03-09 08:00:00,Verificador_04,Personal,8300.0,4380.52,0.53,11,Agente,64
SOL00031,Análisis financiero,2026-03-09 08:00:00,Analista_05,Personal,16900.0,1821.62,0.54,0,Web,29
SOL01170,Análisis financiero,2026-03-09 08:00:00,Analista_08,Hipotecario,76900.0,2063.94,0.34,40,Sucursal,69
SOL01145,Formalización,2026-03-09 08:00:00,Ejecutivo_06,Hipotecario,56100.0,1254.11,0.24,56,Agente,68
SOL00024,Desembolso,2026-03-09 08:00:00,Tesoreria,Personal,16300.0,1144.31,0.14,18,Agente,59
SOL00421,Análisis financiero,2026-03-09 08:00:00,Analista_02,Personal,16100.0,1613.17,0.21,38,Sucursal,25
SOL00800,Análisis financiero,2026-03-09 08:00:00,Analista_04,Consumo,5000.0,1970.66,0.25,3,Web,50
SOL01164,Desembolso,2026-03-09 08:00:00,Tesoreria,Personal,15200.0,2113.96,0.37,36,Sucursal,44
SOL00530,Análisis financiero,2026-03-09 08:00:00,Analista_08,Hipotecario,204200.0,1509.71,0.15,58,Agente,56
SOL00971,Verificación de documentos,2026-03-09 08:00:00,Verificador_02,Personal,6200.0,2482.45,0.74,23,Web,49
SOL00338,Verificación de documentos,2026-03-09 08:00:00,Verificador_03,Consumo,5300.0,1158.01,0.57,18,Sucursal,61
SOL00052,Verificación de documentos,2026-03-09 08:00:00,Verificador_02,Personal,6700.0,1725.55,0.16,11,Web,56
SOL00737,Formalización,2026-03-09 08:00:00,Ejecutivo_02,Consumo,4800.0,2203.41,0.28,37,Web,43
SOL00278,Verificación de documentos,2026-03-09 08:00:00,Verificador_04,Personal,4200.0,1042.6,0.27,15,Sucursal,43
SOL01100,Análisis financiero,2026-03-09 08:00:00,Analista_05,Consumo,6700.0,5398.55,0.27,34,Sucursal,41
SOL01074,Formalización,2026-03-09 08:00:00,Ejecutivo_05,Vehicular,12900.0,1988.89,0.22,99,Sucursal,68
SOL00821,Formalización,2026-03-09 08:00:00,Ejecutivo_04,Consumo,4200.0,2650.82,0.36,5,Web,28
SOL01111,Formalización,2026-03-09 08:00:00,Ejecutivo_03,Consumo,4500.0,964.47,0.31,200,Sucursal,52
SOL00440,Desembolso,2026-03-09 08:00:00,Tesoreria,Vehicular,34500.0,1011.09,0.83,133,Web,25
SOL00368,Verificación de documentos,2026-03-09 08:00:00,Verificador_04,Vehicular,27400.0,1039.47,0.17,7,Sucursal,37
SOL01011,Verificación de documentos,2026-03-09 08:00:00,Verificador_03,Personal,7500.0,1860.01,0.57,169,Sucursal,21
SOL01048,Verificación de documentos,2026-03-09 08:00:00,Verificador_02,Vehicular,31300.0,1019.61,0.23,3,Web,52
SOL00216,Formalización,2026-03-09 08:00:00,Ejecutivo_01,Personal,7200.0,1425.03,0.05,44,Web,34
SOL00762,Verificación de documentos,2026-03-09 08:00:00,Verificador_04,Vehicular,18600.0,4972.28,0.26,6,Web,64
SOL00133,Verificación de documentos,2026-03-09 08:00:00,Verificador_01,Personal,11200.0,3201.58,0.61,27,Agente,57
SOL01028,Formalización,2026-03-09 08:00:00,Ejecutivo_04,Personal,19300.0,1442.65,0.37,16,Web,64
SOL00125,Formalización,2026-03-09 08:00:00,Ejecutivo_03,Consumo,3400.0,2063.68,0.23,13,Sucursal,42
SOL00980,Verificación de documentos,2026-03-09 08:00:00,Verificador_03,Consumo,3000.0,1199.71,0.26,5,Agente,38
SOL01050,Desembolso,2026-03-09 08:00:00,Tesoreria,Vehicular,17100.0,1276.23,0.14,51,Web,39
SOL00767,Reevaluación,2026-03-09 08:00:00,Analista_05,Personal,8000.0,1076.07,0.6,44,Web,56
SOL01160,Verificación de documentos,2026-03-09 08:00:00,Verificador_01,Personal,18400.0,808.87,0.08,49,Web,67
SOL00166,Verificación de documentos,2026-03-09 08:00:00,Verificador_04,Vehicular,25400.0,1018.12,0.37,93,Web,34
SOL00461,Análisis financiero,2026-03-09 08:00:00,Analista_07,Personal,12700.0,734.86,0.28,58,Sucursal,29
SOL00185,Aprobación,2026-03-09 08:00:00,Analista_04,Personal,10400.0,1146.66,0.12,27,Web,68
SOL00100,Formalización,2026-03-09 08:00:00,Ejecutivo_02,Personal,12000.0,2881.67,0.22,56,Web,70
SOL00323,Verificación de documentos,2026-03-09 08:03:00,Verificador_02,Vehicular,34300.0,1671.37,0.3,173,Web,52
SOL00770,Verificación de documentos,2026-03-09 08:07:00,Verificador_03,Consumo,4800.0,1013.09,0.51,12,Web,60
SOL00037,Verificación de documentos,2026-03-09 08:10:00,Verificador_03,Consumo,5400.0,880.98,0.31,21,Sucursal,67
SOL00735,Verificación de documentos,2026-03-09 08:16:00,Verificador_03,Consumo,2400.0,1664.94,0.45,15,Web,57
SOL00775,Solicitud de información adicional,2026-03-09 08:30:01,Verificador_01,Consumo,7200.0,2333.65,0.36,127,Web,40
SOL00971,Solicitud de información adicional,2026-03-09 08:30:01,Verificador_03,Personal,6200.0,2482.45,0.74,23,Web,49
SOL00338,Solicitud de información adicional,2026-03-09 08:30:01,Verificador_02,Consumo,5300.0,1158.01,0.57,18,Sucursal,61
SOL00052,Solicitud de información adicional,2026-03-09 08:30:01,Verificador_01,Personal,6700.0,1725.55,0.16,11,Web,56
SOL00278,Solicitud de información adicional,2026-03-09 08:30:01,Verificador_04,Personal,4200.0,1042.6,0.27,15,Sucursal,43
SOL01160,Solicitud de información adicional,2026-03-09 08:30:01,Verificador_04,Personal,18400.0,808.87,0.08,49,Web,67
SOL00166,Solicitud de información adicional,2026-03-09 08:30:01,Verificador_02,Vehicular,25400.0,1018.12,0.37,93,Web,34
SOL00986,Solicitud recibida,2026-03-09 08:31:55,Sistema,Hipotecario,236400.0,776.39,0.56,18,Web,60
SOL00037,Solicitud de información adicional,2026-03-09 08:40:01,Verificador_04,Consumo,5400.0,880.98,0.31,21,Sucursal,67
SOL00735,Solicitud de información adicional,2026-03-09 08:46:01,Verificador_03,Consumo,2400.0,1664.94,0.45,15,Web,57
SOL00188,Solicitud recibida,2026-03-09 10:03:54,Ejecutivo_05,Consumo,6400.0,1603.49,0.15,3,Sucursal,53
SOL00552,Verificación de documentos,2026-03-09 10:22:08,Verificador_01,Consumo,3300.0,1491.81,0.3,2,Web,41
SOL00461,Aprobación,2026-03-09 10:23:21,Analista_07,Personal,12700.0,734.86,0.28,58,Sucursal,29
SOL00632,Rechazo,2026-03-09 10:36:10,Analista_06,Personal,4100.0,1584.31,0.13,27,Agente,22
SOL00421,Aprobación,2026-03-09 10:41:18,Analista_02,Personal,16100.0,1613.17,0.21,38,Sucursal,25
SOL01080,Aprobación,2026-03-09 10:46:51,Analista_05,Personal,9100.0,607.77,0.1,16,Sucursal,55
SOL00432,Aprobación,2026-03-09 10:48:30,Analista_02,Consumo,1300.0,3004.89,0.25,145,Agente,36
SOL01185,Formalización,2026-03-09 10:48:59,Ejecutivo_06,Personal,15400.0,464.38,0.47,96,Web,24
SOL00552,Solicitud de información adicional,2026-03-09 10:52:09,Verificador_02,Consumo,3300.0,1491.81,0.3,2,Web,41
SOL00135,Formalización,2026-03-09 11:23:55,Ejecutivo_02,Consumo,2000.0,2116.17,0.37,16,Agente,66
SOL00800,Aprobación,2026-03-09 11:31:28,Analista_04,Consumo,5000.0,1970.66,0.25,3,Web,50
SOL01100,Aprobación,2026-03-09 11:46:08,Analista_05,Consumo,6700.0,5398.55,0.27,34,Sucursal,41
SOL00882,Aprobación,2026-03-09 12:10:04,Analista_03,Personal,11600.0,2480.95,0.3,90,Web,33
SOL01146,Aprobación,2026-03-09 12:16:26,Analista_05,Personal,16100.0,1254.48,0.17,16,Web,43
SOL00031,Rechazo,2026-03-09 12:17:55,Analista_05,Personal,16900.0,1821.62,0.54,0,Web,29
SOL00793,Solicitud recibida,2026-03-09 12:48:35,Ejecutivo_02,Personal,11300.0,2188.84,0.51,42,Sucursal,22
SOL00793,Solicitud recibida,2026-03-09 12:48:35,Ejecutivo_02,Personal,11300.0,2188.84,0.51,42,Sucursal,22
SOL00160,Solicitud recibida,2026-03-09 13:29:57,Ejecutivo_04,Vehicular,18300.0,3592.56,0.35,88,Sucursal,46
SOL00767,Aprobación,2026-03-09 13:31:22,Analista_05,Personal,8000.0,1076.07,0.6,44,Web,56
SOL00946,Solicitud recibida,2026-03-09 13:57:15,Sistema,Hipotecario,227400.0,2822.73,0.12,3,Web,63
SOL00451,Solicitud recibida,2026-03-09 13:57:55,Sistema,Vehicular,20500.0,1739.57,0.2,54,Web,23
SOL00769,Análisis financiero,2026-03-09 14:02:41,Analista_03,Hipotecario,90700.0,1030.71,0.48,44,Agente,33
SOL00765,Aprobación,2026-03-09 14:18:07,Analista_01,Personal,18200.0,1226.51,0.51,57,Web,27
SOL00666,Verificación de documentos,2026-03-09 14:26:17,Verificador_03,Personal,7500.0,1905.67,0.43,8,Sucursal,40
SOL00666,Solicitud de información adicional,2026-03-09 14:56:18,Verificador_04,Personal,7500.0,1905.67,0.43,8,Sucursal,40
SOL00188,Verificación de documentos,2026-03-09 14:59:36,Verificador_03,Consumo,6400.0,1603.49,0.15,3,Sucursal,53
SOL00986,Verificación de documentos,2026-03-09 14:59:57,Verificador_01,Hipotecario,236400.0,776.39,0.56,18,Web,60
SOL00188,Solicitud de información adicional,2026-03-09 15:29:37,Verificador_04,Consumo,6400.0,1603.49,0.15,3,Sucursal,53
SOL00986,Solicitud de información adicional,2026-03-09 15:29:58,Verificador_04,Hipotecario,236400.0,776.39,0.56,18,Web,60
SOL00946,Verificación de documentos,2026-03-09 15:49:10,Verificador_02,Hipotecario,227400.0,2822.73,0.12,3,Web,63
SOL00475,Formalización,2026-03-09 16:17:56,Ejecutivo_06,Personal,10600.0,2667.09,0.72,21,Agente,53
SOL00451,Verificación de documentos,2026-03-09 16:57:12,Verificador_04,Vehicular,20500.0,1739.57,0.2,54,Web,23
SOL00225,Solicitud recibida,2026-03-09 17:10:29,Sistema,Personal,6000.0,1085.55,0.59,55,Web,67
SOL00357,Solicitud recibida,2026-03-09 18:18:02,Ejecutivo_03,Vehicular,33300.0,1653.63,0.44,5,Sucursal,42
SOL00775,Recepción de información,2026-03-10 05:31:20,Sistema,Consumo,7200.0,2333.65,0.36,127,Web,40
SOL00338,Recepción de información,2026-03-10 06:30:01,Sistema,Consumo,5300.0,1158.01,0.57,18,Sucursal,61
SOL00323,Análisis financiero,2026-03-10 08:00:00,Analista_06,Vehicular,34300.0,1671.37,0.3,173,Web,52
SOL01032,Análisis financiero,2026-03-10 08:00:00,Analista_03,Personal,8300.0,4380.52,0.53,11,Agente,64
SOL00639,Aprobación,2026-03-10 08:00:00,Analista_06,Consumo,5500.0,1500.74,0.45,45,Sucursal,35
SOL01111,Desembolso,2026-03-10 08:00:00,Tesoreria,Consumo,4500.0,964.47,0.31,200,Sucursal,52
SOL00225,Verificación de documentos,2026-03-10 08:00:00,Verificador_02,Personal,6000.0,1085.55,0.59,55,Web,67
SOL00656,Desembolso,2026-03-10 08:00:00,Tesoreria,Personal,16100.0,1459.69,0.36,34,Web,45
SOL00160,Verificación de documentos,2026-03-10 08:00:00,Verificador_02,Vehicular,18300.0,3592.56,0.35,88,Sucursal,46
SOL00427,Formalización,2026-03-10 08:00:00,Ejecutivo_01,Consumo,3200.0,890.28,0.5,75,Sucursal,21
SOL00793,Verificación de documentos,2026-03-10 08:00:00,Verificador_04,Personal,11300.0,2188.84,0.51,42,Sucursal,22
SOL00216,Desembolso,2026-03-10 08:00:00,Tesoreria,Personal,7200.0,1425.03,0.05,44,Web,34
SOL01011,Análisis financiero,2026-03-10 08:00:00,Analista_04,Personal,7500.0,1860.01,0.57,169,Sucursal,21
SOL00177,Análisis financiero,2026-03-10 08:00:00,Analista_02,Vehicular,38200.0,1870.6,0.66,6,Agente,39
SOL00357,Verificación de documentos,2026-03-10 08:00:00,Verificador_01,Vehicular,33300.0,1653.63,0.44,5,Sucursal,42
SOL00125,Desembolso,2026-03-10 08:01:00,Tesoreria,Consumo,3400.0,2063.68,0.23,13,Sucursal,42
SOL00368,Análisis financiero,2026-03-10 08:02:00,Analista_03,Vehicular,27400.0,1039.47,0.17,7,Sucursal,37
SOL00980,Análisis financiero,2026-03-10 08:03:00,Analista_03,Consumo,3000.0,1199.71,0.26,5,Agente,38
SOL01048,Análisis financiero,2026-03-10 08:08:00,Analista_04,Vehicular,31300.0,1019.61,0.23,3,Web,52
SOL01052,Análisis financiero,2026-03-10 08:10:00,Analista_06,Personal,3500.0,2025.81,0.16,200,Web,36
SOL00316,Desembolso,2026-03-10 08:15:00,Tesoreria,Personal,15500.0,1413.51,0.17,61,Sucursal,29
SOL00133,Análisis financiero,2026-03-10 08:19:00,Analista_06,Personal,11200.0,3201.58,0.61,27,Agente,57
SOL00933,Desembolso,2026-03-10 08:23:00,Tesoreria,Consumo,1100.0,1247.5,0.53,57,Web,30
SOL00770,Análisis financiero,2026-03-10 08:24:00,Analista_05,Consumo,4800.0,1013.09,0.51,12,Web,60
SOL00810,Desembolso,2026-03-10 08:26:00,Tesoreria,Consumo,2500.0,515.49,0.13,300,Web,37
SOL00315,Desistimiento,2026-03-10 08:30:02,Sistema,Consumo,6600.0,1555.16,0.12,56,Web,41
SOL00980,Aprobación,2026-03-10 09:50:43,Analista_03,Consumo,3000.0,1199.71,0.26,5,Agente,38
SOL01185,Desembolso,2026-03-10 10:05:35,Tesoreria,Personal,15400.0,464.38,0.47,96,Web,24
SOL01052,Rechazo,2026-03-10 10:29:55,Analista_06,Personal,3500.0,2025.81,0.16,200,Web,36
SOL00260,Solicitud recibida,2026-03-10 11:00:41,Sistema,Consumo,4400.0,1339.02,0.46,19,Web,41
SOL01100,Formalización,2026-03-10 11:10:56,Ejecutivo_04,Consumo,6700.0,5398.55,0.27,34,Sucursal,41
SOL01032,Aprobación,2026-03-10 11:21:00,Analista_03,Personal,8300.0,4380.52,0.53,11,Agente,64
SOL00459,Solicitud recibida,2026-03-10 11:37:11,Ejecutivo_06,Personal,16300.0,2127.58,0.14,35,Sucursal,68
SOL00100,Desembolso,2026-03-10 11:42:26,Tesoreria,Personal,12000.0,2881.67,0.22,56,Web,70
SOL00946,Análisis financiero,2026-03-10 11:49:18,Analista_04,Hipotecario,227400.0,2822.73,0.12,3,Web,63
SOL01192,Formalización,2026-03-10 11:53:54,Ejecutivo_01,Personal,9200.0,2747.3,0.62,57,Agente,63
SOL00775,Verificación de documentos,2026-03-10 11:57:43,Verificador_02,Consumo,7200.0,2333.65,0.36,127,Web,40
SOL00792,Solicitud recibida,2026-03-10 12:09:39,Ejecutivo_06,Personal,17300.0,1334.18,0.19,31,Sucursal,25
SOL00532,Solicitud recibida,2026-03-10 12:30:32,Ejecutivo_03,Consumo,2800.0,889.7,0.24,198,Agente,60
SOL00976,Solicitud recibida,2026-03-10 13:01:10,Ejecutivo_02,Consumo,6200.0,2174.93,0.26,88,Sucursal,21
SOL00338,Verificación de documentos,2026-03-10 13:17:05,Verificador_03,Consumo,5300.0,1158.01,0.57,18,Sucursal,61
SOL01011,Rechazo,2026-03-10 13:32:39,Analista_04,Personal,7500.0,1860.01,0.57,169,Sucursal,21
SOL00461,Formalización,2026-03-10 14:20:44,Ejecutivo_01,Personal,12700.0,734.86,0.28,58,Sucursal,29
SOL00088,Desembolso,2026-03-10 14:26:07,Tesoreria,Personal,6500.0,1171.69,0.32,68,Sucursal,56
SOL00770,Aprobación,2026-03-10 15:01:17,Analista_05,Consumo,4800.0,1013.09,0.51,12,Web,60
SOL00767,Formalización,2026-03-10 15:36:21,Ejecutivo_06,Personal,8000.0,1076.07,0.6,44,Web,56
SOL00368,Aprobación,2026-03-10 15:39:19,Analista_03,Vehicular,27400.0,1039.47,0.17,7,Sucursal,37
SOL01074,Desembolso,2026-03-10 15:48:30,Tesoreria,Vehicular,12900.0,1988.89,0.22,99,Sucursal,68
SOL00882,Formalización,2026-03-10 16:02:59,Ejecutivo_03,Personal,11600.0,2480.95,0.3,90,Web,33
SOL00792,Verificación de documentos,2026-03-10 16:09:49,Verificador_04,Personal,17300.0,1334.18,0.19,31,Sucursal,25
SOL01028,Desembolso,2026-03-10 16:10:01,Tesoreria,Personal,19300.0,1442.65,0.37,16,Web,64
SOL00260,Verificación de documentos,2026-03-10 16:18:57,Verificador_02,Consumo,4400.0,1339.02,0.46,19,Web,41
SOL00117,Solicitud recibida,2026-03-10 16:28:15,Sistema,Hipotecario,67700.0,1324.35,0.25,4,Web,31
SOL00260,Solicitud de información adicional,2026-03-10 16:48:58,Verificador_03,Consumo,4400.0,1339.02,0.46,19,Web,41
SOL00838,Solicitud recibida,2026-03-10 17:50:55,Sistema,Personal,5300.0,3214.33,0.45,72,Web,45
SOL00131,Análisis financiero,2026-03-11 08:00:00,Analista_07,Hipotecario,150500.0,4049.45,0.35,75,Web,33
SOL00357,Análisis financiero,2026-03-11 08:00:00,Analista_05,Vehicular,33300.0,1653.63,0.44,5,Sucursal,42
SOL00762,Análisis financiero,2026-03-11 08:00:00,Analista_02,Vehicular,18600.0,4972.28,0.26,6,Web,64
SOL00160,Análisis financiero,2026-03-11 08:00:00,Analista_02,Vehicular,18300.0,3592.56,0.35,88,Sucursal,46
SOL00475,Desembolso,2026-03-11 08:00:00,Tesoreria,Personal,10600.0,2667.09,0.72,21,Agente,53
SOL00421,Formalización,2026-03-11 08:00:00,Ejecutivo_05,Personal,16100.0,1613.17,0.21,38,Sucursal,25
SOL00427,Desembolso,2026-03-11 08:00:00,Tesoreria,Consumo,3200.0,890.28,0.5,75,Sucursal,21
SOL00765,Formalización,2026-03-11 08:00:00,Ejecutivo_05,Personal,18200.0,1226.51,0.51,57,Web,27
SOL00775,Análisis financiero,2026-03-11 08:00:00,Analista_04,Consumo,7200.0,2333.65,0.36,127,Web,40
SOL00793,Análisis financiero,2026-03-11 08:00:00,Analista_06,Personal,11300.0,2188.84,0.51,42,Sucursal,22
SOL00117,Verificación de documentos,2026-03-11 08:00:00,Verificador_01,Hipotecario,67700.0,1324.35,0.25,4,Web,31
SOL00532,Verificación de documentos,2026-03-11 08:00:00,Verificador_03,Consumo,2800.0,889.7,0.24,198,Agente,60
SOL00976,Verificación de documentos,2026-03-11 08:01:00,Verificador_03,Consumo,6200.0,2174.93,0.26,88,Sucursal,21
SOL00274,Desembolso,2026-03-11 08:03:00,Tesoreria,Personal,17900.0,880.71,0.36,55,Agente,46
SOL00225,Análisis financiero,2026-03-11 08:03:00,Analista_06,Personal,6000.0,1085.55,0.59,55,Web,67
SOL00792,Análisis financiero,2026-03-11 08:05:00,Analista_06,Personal,17300.0,1334.18,0.19,31,Sucursal,25
SOL00459,Verificación de documentos,2026-03-11 08:07:00,Verificador_01,Personal,16300.0,2127.58,0.14,35,Sucursal,68
SOL01192,Desembolso,2026-03-11 08:07:00,Tesoreria,Personal,9200.0,2747.3,0.62,57,Agente,63
SOL00461,Desembolso,2026-03-11 08:08:00,Tesoreria,Personal,12700.0,734.86,0.28,58,Sucursal,29
SOL00821,Desembolso,2026-03-11 08:10:00,Tesoreria,Consumo,4200.0,2650.82,0.36,5,Web,28
SOL00338,Análisis financiero,2026-03-11 08:13:00,Analista_03,Consumo,5300.0,1158.01,0.57,18,Sucursal,61
SOL00002,Formalización,2026-03-11 08:17:27,Ejecutivo_05,Personal,10500.0,886.92,0.19,16,Web,27
SOL01100,Desembolso,2026-03-11 08:18:00,Tesoreria,Consumo,6700.0,5398.55,0.27,34,Sucursal,41
SOL01145,Desembolso,2026-03-11 08:22:00,Tesoreria,Hipotecario,56100.0,1254.11,0.24,56,Agente,68
SOL00977,Análisis financiero,2026-03-11 08:22:00,Analista_07,Personal,7800.0,1089.28,0.52,20,Sucursal,53
SOL00133,Reevaluación,2026-03-11 08:25:00,Analista_06,Personal,11200.0,3201.58,0.61,27,Agente,57
SOL01080,Formalización,2026-03-11 08:25:00,Ejecutivo_01,Personal,9100.0,607.77,0.1,16,Sucursal,55
SOL00737,Desembolso,2026-03-11 08:25:01,Tesoreria,Consumo,4800.0,2203.41,0.28,37,Web,43
SOL00903,Desistimiento,2026-03-11 08:43:02,Sistema,Vehicular,27300.0,2967.63,0.48,6,Sucursal,28
SOL00767,Desembolso,2026-03-11 08:56:27,Tesoreria,Personal,8000.0,1076.07,0.6,44,Web,56
SOL00838,Verificación de documentos,2026-03-11 08:57:29,Verificador_02,Personal,5300.0,3214.33,0.45,72,Web,45
SOL00296,Solicitud recibida,2026-03-11 09:12:19,Ejecutivo_06,Personal,13200.0,507.02,0.19,27,Sucursal,36
SOL00838,Solicitud de información adicional,2026-03-11 09:27:30,Verificador_01,Personal,5300.0,3214.33,0.45,72,Web,45
SOL00674,Solicitud recibida,2026-03-11 09:27:58,Ejecutivo_02,Consumo,1600.0,693.27,0.07,5,Agente,21
SOL00160,Aprobación,2026-03-11 10:19:19,Analista_02,Vehicular,18300.0,3592.56,0.35,88,Sucursal,46
SOL00953,Solicitud recibida,2026-03-11 10:26:34,Sistema,Personal,14100.0,3600.52,0.28,39,Web,70
SOL00762,Aprobación,2026-03-11 10:32:24,Analista_02,Vehicular,18600.0,4972.28,0.26,6,Web,64
SOL00359,Solicitud recibida,2026-03-11 10:38:03,Ejecutivo_02,Personal,14900.0,945.26,0.44,11,Sucursal,21
SOL00800,Formalización,2026-03-11 11:05:11,Ejecutivo_03,Consumo,5000.0,1970.66,0.25,3,Web,50
SOL00775,Aprobación,2026-03-11 11:45:01,Analista_04,Consumo,7200.0,2333.65,0.36,127,Web,40
SOL00133,Rechazo,2026-03-11 14:38:49,Analista_06,Personal,11200.0,3201.58,0.61,27,Agente,57
SOL00296,Verificación de documentos,2026-03-11 14:45:57,Verificador_01,Personal,13200.0,507.02,0.19,27,Sucursal,36
SOL00359,Verificación de documentos,2026-03-11 14:52:13,Verificador_03,Personal,14900.0,945.26,0.44,11,Sucursal,21
SOL00035,Solicitud recibida,2026-03-11 15:18:15,Sistema,Personal,9900.0,1534.79,0.22,2,Web,59
SOL00602,Solicitud recibida,2026-03-11 15:59:19,Ejecutivo_01,Consumo,6800.0,1059.21,0.17,87,Sucursal,42
SOL00108,Solicitud recibida,2026-03-11 16:24:56,Ejecutivo_05,Personal,17200.0,816.79,0.19,62,Agente,58
SOL00980,Formalización,2026-03-11 16:30:28,Ejecutivo_03,Consumo,3000.0,1199.71,0.26,5,Agente,38
SOL00368,Formalización,2026-03-11 16:33:58,Ejecutivo_04,Vehicular,27400.0,1039.47,0.17,7,Sucursal,37
SOL00674,Verificación de documentos,2026-03-11 16:41:16,Verificador_02,Consumo,1600.0,693.27,0.07,5,Agente,21
SOL01085,Solicitud recibida,2026-03-11 18:14:13,Ejecutivo_03,Vehicular,10100.0,1697.24,0.21,23,Sucursal,50
SOL00392,Solicitud recibida,2026-03-11 21:53:08,Ejecutivo_03,Consumo,1100.0,2000.35,0.14,1,Sucursal,26
SOL00432,Formalización,2026-03-12 08:00:00,Ejecutivo_04,Consumo,1300.0,3004.89,0.25,145,Agente,36
SOL00108,Verificación de documentos,2026-03-12 08:00:00,Verificador_01,Personal,17200.0,816.79,0.19,62,Agente,58
SOL00639,Formalización,2026-03-12 08:00:00,Ejecutivo_02,Consumo,5500.0,1500.74,0.45,45,Sucursal,35
SOL00002,Desembolso,2026-03-12 08:00:00,Tesoreria,Personal,10500.0,886.92,0.19,16,Web,27
SOL00792,Aprobación,2026-03-12 08:00:00,Analista_06,Personal,17300.0,1334.18,0.19,31,Sucursal,25
SOL00674,Análisis financiero,2026-03-12 08:00:00,Analista_03,Consumo,1600.0,693.27,0.07,5,Agente,21
SOL00359,Análisis financiero,2026-03-12 08:00:00,Analista_03,Personal,14900.0,945.26,0.44,11,Sucursal,21
SOL00185,Formalización,2026-03-12 08:00:00,Ejecutivo_01,Personal,10400.0,1146.66,0.12,27,Web,68
SOL00117,Análisis financiero,2026-03-12 08:00:00,Analista_07,Hipotecario,67700.0,1324.35,0.25,4,Web,31
SOL00602,Verificación de documentos,2026-03-12 08:00:00,Verificador_03,Consumo,6800.0,1059.21,0.17,87,Sucursal,42
SOL00421,Desembolso,2026-03-12 08:00:00,Tesoreria,Personal,16100.0,1613.17,0.21,38,Sucursal,25
SOL00035,Verificación de documentos,2026-03-12 08:00:00,Verificador_01,Personal,9900.0,1534.79,0.22,2,Web,59
SOL01085,Verificación de documentos,2026-03-12 08:02:00,Verificador_03,Vehicular,10100.0,1697.24,0.21,23,Sucursal,50
SOL00451,Análisis financiero,2026-03-12 08:06:00,Analista_07,Vehicular,20500.0,1739.57,0.2,54,Web,23
SOL00392,Verificación de documentos,2026-03-12 08:09:00,Verificador_04,Consumo,1100.0,2000.35,0.14,1,Sucursal,26
SOL00135,Desembolso,2026-03-12 08:12:00,Tesoreria,Consumo,2000.0,2116.17,0.37,16,Agente,66
SOL00225,Reevaluación,2026-03-12 08:17:00,Analista_06,Personal,6000.0,1085.55,0.59,55,Web,67
SOL00953,Verificación de documentos,2026-03-12 08:17:00,Verificador_03,Personal,14100.0,3600.52,0.28,39,Web,70
SOL00976,Análisis financiero,2026-03-12 08:21:00,Analista_06,Consumo,6200.0,2174.93,0.26,88,Sucursal,21
SOL00882,Desembolso,2026-03-12 08:26:00,Tesoreria,Personal,11600.0,2480.95,0.3,90,Web,33
SOL00532,Análisis financiero,2026-03-12 08:29:00,Analista_06,Consumo,2800.0,889.7,0.24,198,Agente,60
SOL01085,Solicitud de información adicional,2026-03-12 08:32:01,Verificador_01,Vehicular,10100.0,1697.24,0.21,23,Sucursal,50
SOL00953,Solicitud de información adicional,2026-03-12 08:47:01,Verificador_02,Personal,14100.0,3600.52,0.28,39,Web,70
SOL01146,Formalización,2026-03-12 09:01:42,Ejecutivo_02,Personal,16100.0,1254.48,0.17,16,Web,43
SOL00459,Análisis financiero,2026-03-12 09:26:01,Analista_06,Personal,16300.0,2127.58,0.14,35,Sucursal,68
SOL00131,Comité de crédito,2026-03-12 10:00:01,Comite,Hipotecario,150500.0,4049.45,0.35,75,Web,33
SOL00323,Comité de crédito,2026-03-12 10:00:01,Comite,Vehicular,34300.0,1671.37,0.3,173,Web,52
SOL00357,Comité de crédito,2026-03-12 10:00:01,Comite,Vehicular,33300.0,1653.63,0.44,5,Sucursal,42
SOL00617,Comité de crédito,2026-03-12 10:00:01,Comite,Hipotecario,111400.0,1012.17,0.67,29,Web,31
SOL01086,Comité de crédito,2026-03-12 10:00:01,Comite,Hipotecario,117700.0,1821.01,0.33,43,Agente,32
SOL00769,Comité de crédito,2026-03-12 10:00:01,Comite,Hipotecario,90700.0,1030.71,0.48,44,Agente,33
SOL01170,Comité de crédito,2026-03-12 10:00:01,Comite,Hipotecario,76900.0,2063.94,0.34,40,Sucursal,69
SOL00826,Comité de crédito,2026-03-12 10:00:01,Comite,Hipotecario,129900.0,775.02,0.68,9,Sucursal,35
SOL00530,Comité de crédito,2026-03-12 10:00:01,Comite,Hipotecario,204200.0,1509.71,0.15,58,Agente,56
SOL00410,Comité de crédito,2026-03-12 10:00:01,Comite,Hipotecario,155200.0,1561.3,0.42,39,Web,31
SOL01048,Comité de crédito,2026-03-12 10:00:01,Comite,Vehicular,31300.0,1019.61,0.23,3,Web,52
SOL00946,Comité de crédito,2026-03-12 10:00:01,Comite,Hipotecario,227400.0,2822.73,0.12,3,Web,63
SOL00177,Comité de crédito,2026-03-12 10:00:01,Comite,Vehicular,38200.0,1870.6,0.66,6,Agente,39
SOL01171,Solicitud recibida,2026-03-12 10:05:16,Sistema,Personal,18900.0,1696.11,0.06,108,Web,39
SOL00451,Aprobación,2026-03-12 11:22:20,Analista_07,Vehicular,20500.0,1739.57,0.2,54,Web,23
SOL00674,Aprobación,2026-03-12 12:10:44,Analista_03,Consumo,1600.0,693.27,0.07,5,Agente,21
SOL01170,Aprobación,2026-03-12 12:37:41,Comite,Hipotecario,76900.0,2063.94,0.34,40,Sucursal,69
SOL01048,Aprobación,2026-03-12 12:43:53,Comite,Vehicular,31300.0,1019.61,0.23,3,Web,52
SOL00410,Aprobación,2026-03-12 12:59:21,Comite,Hipotecario,155200.0,1561.3,0.42,39,Web,31
SOL00131,Rechazo,2026-03-12 13:05:22,Analista_07,Hipotecario,150500.0,4049.45,0.35,75,Web,33
SOL00411,Solicitud recibida,2026-03-12 13:07:57,Ejecutivo_03,Vehicular,31900.0,2129.3,0.55,12,Agente,65
SOL00459,Aprobación,2026-03-12 13:17:01,Analista_06,Personal,16300.0,2127.58,0.14,35,Sucursal,68
SOL00530,Rechazo,2026-03-12 13:30:34,Analista_08,Hipotecario,204200.0,1509.71,0.15,58,Agente,56
SOL00359,Aprobación,2026-03-12 13:41:11,Analista_03,Personal,14900.0,945.26,0.44,11,Sucursal,21
SOL00946,Aprobación,2026-03-12 13:44:16,Comite,Hipotecario,227400.0,2822.73,0.12,3,Web,63
SOL00976,Aprobación,2026-03-12 13:50:52,Analista_06,Consumo,6200.0,2174.93,0.26,88,Sucursal,21
SOL01033,Solicitud recibida,2026-03-12 14:06:45,Ejecutivo_06,Consumo,7700.0,2200.54,0.31,44,Sucursal,49
SOL00177,Rechazo,2026-03-12 14:34:19,Analista_02,Vehicular,38200.0,1870.6,0.66,6,Agente,39
SOL00532,Aprobación,2026-03-12 14:39:13,Analista_06,Consumo,2800.0,889.7,0.24,198,Agente,60
SOL00338,Reevaluación,2026-03-12 14:57:50,Analista_03,Consumo,5300.0,1158.01,0.57,18,Sucursal,61
SOL01171,Verificación de documentos,2026-03-12 15:02:22,Verificador_01,Personal,18900.0,1696.11,0.06,108,Web,39
SOL01171,Solicitud de información adicional,2026-03-12 15:32:23,Verificador_04,Personal,18900.0,1696.11,0.06,108,Web,39
SOL00296,Análisis financiero,2026-03-12 15:52:42,Analista_04,Personal,13200.0,507.02,0.19,27,Sucursal,36
SOL00368,Desembolso,2026-03-12 16:06:02,Tesoreria,Vehicular,27400.0,1039.47,0.17,7,Sucursal,37
SOL00770,Formalización,2026-03-12 16:09:39,Ejecutivo_03,Consumo,4800.0,1013.09,0.51,12,Web,60
SOL00035,Análisis financiero,2026-03-12 16:37:06,Analista_02,Personal,9900.0,1534.79,0.22,2,Web,59
SOL00187,Solicitud recibida,2026-03-12 16:38:57,Ejecutivo_02,Personal,11600.0,1588.78,0.05,15,Sucursal,55
SOL00323,Aprobación,2026-03-12 16:44:34,Comite,Vehicular,34300.0,1671.37,0.3,173,Web,52
SOL00381,Solicitud recibida,2026-03-12 18:29:07,Sistema,Vehicular,17800.0,1372.81,0.13,22,Web,26
SOL00278,Recepción de información,2026-03-13 06:56:08,Sistema,Personal,4200.0,1042.6,0.27,15,Sucursal,43
SOL01138,Solicitud recibida,2026-03-13 07:29:22,Ejecutivo_05,Consumo,1700.0,1282.09,0.11,133,Sucursal,37
SOL00338,Aprobación,2026-03-13 08:00:00,Analista_03,Consumo,5300.0,1158.01,0.57,18,Sucursal,61
SOL01080,Desembolso,2026-03-13 08:00:00,Tesoreria,Personal,9100.0,607.77,0.1,16,Sucursal,55
SOL00639,Desembolso,2026-03-13 08:00:00,Tesoreria,Consumo,5500.0,1500.74,0.45,45,Sucursal,35
SOL00793,Reevaluación,2026-03-13 08:00:00,Analista_06,Personal,11300.0,2188.84,0.51,42,Sucursal,22
SOL00769,Rechazo,2026-03-13 08:00:00,Analista_03,Hipotecario,90700.0,1030.71,0.48,44,Agente,33
SOL00411,Verificación de documentos,2026-03-13 08:00:00,Verificador_03,Vehicular,31900.0,2129.3,0.55,12,Agente,65
SOL01086,Rechazo,2026-03-13 08:00:00,Analista_07,Hipotecario,117700.0,1821.01,0.33,43,Agente,32
SOL00432,Desembolso,2026-03-13 08:00:00,Tesoreria,Consumo,1300.0,3004.89,0.25,145,Agente,36
SOL00187,Verificación de documentos,2026-03-13 08:00:00,Verificador_04,Personal,11600.0,1588.78,0.05,15,Sucursal,55
SOL00035,Aprobación,2026-03-13 08:00:00,Analista_02,Personal,9900.0,1534.79,0.22,2,Web,59
SOL00296,Aprobación,2026-03-13 08:00:00,Analista_04,Personal,13200.0,507.02,0.19,27,Sucursal,36
SOL00800,Desembolso,2026-03-13 08:00:00,Tesoreria,Consumo,5000.0,1970.66,0.25,3,Web,50
SOL00602,Análisis financiero,2026-03-13 08:02:00,Analista_02,Consumo,6800.0,1059.21,0.17,87,Sucursal,42
SOL00392,Análisis financiero,2026-03-13 08:04:00,Analista_04,Consumo,1100.0,2000.35,0.14,1,Sucursal,26
SOL00108,Análisis financiero,2026-03-13 08:05:00,Analista_02,Personal,17200.0,816.79,0.19,62,Agente,58
SOL01146,Desembolso,2026-03-13 08:05:00,Tesoreria,Personal,16100.0,1254.48,0.17,16,Web,43
SOL00357,Reevaluación,2026-03-13 08:14:00,Analista_05,Vehicular,33300.0,1653.63,0.44,5,Sucursal,42
SOL00457,Solicitud recibida,2026-03-13 08:14:08,Ejecutivo_06,Consumo,6800.0,1258.82,0.28,19,Sucursal,66
SOL00762,Formalización,2026-03-13 08:15:00,Ejecutivo_06,Vehicular,18600.0,4972.28,0.26,6,Web,64
SOL00775,Formalización,2026-03-13 08:16:00,Ejecutivo_03,Consumo,7200.0,2333.65,0.36,127,Web,40
SOL01033,Verificación de documentos,2026-03-13 08:24:00,Verificador_04,Consumo,7700.0,2200.54,0.31,44,Sucursal,49
SOL00765,Desembolso,2026-03-13 08:28:00,Tesoreria,Personal,18200.0,1226.51,0.51,57,Web,27
SOL00185,Desembolso,2026-03-13 08:33:40,Tesoreria,Personal,10400.0,1146.66,0.12,27,Web,68
SOL00617,Reevaluación,2026-03-13 09:14:40,Analista_04,Hipotecario,111400.0,1012.17,0.67,29,Web,31
SOL00532,Formalización,2026-03-13 09:22:37,Ejecutivo_05,Consumo,2800.0,889.7,0.24,198,Agente,60
SOL00552,Recepción de información,2026-03-13 09:35:00,Sistema,Consumo,3300.0,1491.81,0.3,2,Web,41
SOL00793,Rechazo,2026-03-13 11:06:25,Analista_06,Personal,11300.0,2188.84,0.51,42,Sucursal,22
SOL00602,Aprobación,2026-03-13 11:07:46,Analista_02,Consumo,6800.0,1059.21,0.17,87,Sucursal,42
SOL00260,Recepción de información,2026-03-13 11:13:03,Sistema,Consumo,4400.0,1339.02,0.46,19,Web,41
SOL00052,Recepción de información,2026-03-13 11:15:46,Sistema,Personal,6700.0,1725.55,0.16,11,Web,56
SOL00108,Rechazo,2026-03-13 11:37:28,Analista_02,Personal,17200.0,816.79,0.19,62,Agente,58
SOL00735,Recepción de información,2026-03-13 11:58:53,Sistema,Consumo,2400.0,1664.94,0.45,15,Web,57
SOL00971,Recepción de información,2026-03-13 13:40:55,Sistema,Personal,6200.0,2482.45,0.74,23,Web,49
SOL00977,Reevaluación,2026-03-13 13:47:08,Analista_07,Personal,7800.0,1089.28,0.52,20,Sucursal,53
SOL00392,Aprobación,2026-03-13 14:02:11,Analista_04,Consumo,1100.0,2000.35,0.14,1,Sucursal,26
SOL00028,Formalización,2026-03-13 15:00:09,Ejecutivo_06,Vehicular,33300.0,1053.34,0.11,18,Agente,44
SOL00552,Verificación de documentos,2026-03-13 15:01:11,Verificador_02,Consumo,3300.0,1491.81,0.3,2,Web,41
SOL00977,Rechazo,2026-03-13 16:24:52,Analista_07,Personal,7800.0,1089.28,0.52,20,Sucursal,53
SOL00278,Verificación de documentos,2026-03-13 16:36:06,Verificador_03,Personal,4200.0,1042.6,0.27,15,Sucursal,43
SOL00278,Solicitud de información adicional,2026-03-13 17:06:07,Verificador_01,Personal,4200.0,1042.6,0.27,15,Sucursal,43
SOL01015,Solicitud recibida,2026-03-13 18:30:48,Ejecutivo_01,Consumo,5700.0,1654.06,0.47,3,Sucursal,63
SOL00695,Solicitud recibida,2026-03-13 20:21:38,Sistema,Personal,13500.0,1193.7,0.46,248,Web,25
SOL00876,Recepción de información,2026-03-13 20:24:37,Sistema,Personal,9200.0,5843.32,0.48,43,Agente,42
SOL01160,Recepción de información,2026-03-13 20:37:45,Sistema,Personal,18400.0,808.87,0.08,49,Web,67
SOL00354,Solicitud recibida,2026-03-13 21:18:51,Ejecutivo_06,Personal,14900.0,2045.76,0.14,118,Agente,70
SOL00596,Solicitud recibida,2026-03-13 21:37:34,Ejecutivo_06,Hipotecario,60600.0,3335.8,0.11,181,Agente,62
SOL00441,Solicitud recibida ,2026-03-14 07:26:44,Ejecutivo_03,Hipotecario,98200.0,767.58,0.37,80,Agente,41
SOL00331,Desistimiento,2026-03-14 08:48:02,Sistema,Hipotecario,73300.0,2877.75,0.13,9,Web,23
SOL00188,Recepción de información,2026-03-14 11:21:16,Sistema,Consumo,6400.0,1603.49,0.15,3,Sucursal,53
SOL00838,Recepción de información,2026-03-14 12:11:43,Sistema,Personal,5300.0,3214.33,0.45,72,Web,45
SOL00678,Solicitud recibida,2026-03-14 13:38:51,Ejecutivo_03,Hipotecario,105300.0,3061.23,0.34,8,Agente,32
SOL01085,Recepción de información,2026-03-14 15:40:51,Sistema,Vehicular,10100.0,1697.24,0.21,23,Sucursal,50
SOL00291,Solicitud recibida,2026-03-14 16:17:45,Ejecutivo_03,Personal,13700.0,1481.74,0.15,45,Agente,57
SOL00839,Solicitud recibida,2026-03-14 16:30:21,Sistema,Vehicular,30900.0,1493.12,0.47,156,Web,66
SOL00526,Solicitud recibida,2026-03-14 17:45:58,Ejecutivo_04,Personal,10300.0,1166.88,0.31,167,Sucursal,40
SOL00049,Solicitud recibida,2026-03-14 17:49:59,Sistema,Consumo,2000.0,988.2,0.18,51,Web,37
SOL00208,Solicitud recibida,2026-03-14 20:06:31,Ejecutivo_06,Vehicular,17500.0,1516.49,0.07,142,Sucursal,31
SOL00943,Solicitud recibida,2026-03-15 09:29:19,Ejecutivo_04,Vehicular,16100.0,759.95,0.47,150,Sucursal,50
SOL00842,Solicitud recibida,2026-03-15 11:22:51,Sistema,Personal,15600.0,2316.35,0.4,19,Web,56
SOL00969,Solicitud recibida,2026-03-15 12:34:52,Ejecutivo_05,Hipotecario,144800.0,1255.21,0.24,15,Sucursal,26
SOL00666,recepción de información,2026-03-15 13:41:42,Sistema,Personal,7500.0,1905.67,0.43,8,Sucursal,40
SOL00390,Solicitud recibida,2026-03-15 16:16:20,Sistema,Personal,6100.0,1212.72,0.55,160,Web,57
SOL00353,Solicitud recibida,2026-03-15 16:27:02,Sistema,Personal,5600.0,758.06,0.15,9,Web,22
SOL00239,Solicitud recibida,2026-03-16 07:29:52,Sistema,Vehicular,21200.0,785.67,0.55,10,Web,40
SOL00948,Solicitud recibida,2026-03-16 07:39:42,Sistema,Vehicular,16300.0,1890.98,0.2,166,Web,25
SOL00441,Verificación de documentos,2026-03-16 08:00:00,Verificador_04,Hipotecario,98200.0,767.58,0.37,80,Agente,41
SOL00291,Verificación de documentos,2026-03-16 08:00:00,Verificador_01,Personal,13700.0,1481.74,0.15,45,Agente,57
SOL00980,Desembolso,2026-03-16 08:00:00,Tesoreria,Consumo,3000.0,1199.71,0.26,5,Agente,38
SOL00666,Verificación de documentos,2026-03-16 08:00:00,Verificador_02,Personal,7500.0,1905.67,0.43,8,Sucursal,40
SOL00188,Verificación de documentos,2026-03-16 08:00:00,Verificador_03,Consumo,6400.0,1603.49,0.15,3,Sucursal,53
SOL00826,Reevaluación,2026-03-16 08:00:00,Analista_04,Hipotecario,129900.0,775.02,0.68,9,Sucursal,35
SOL00839,Verificación de documentos,2026-03-16 08:00:00,Verificador_04,Vehicular,30900.0,1493.12,0.47,156,Web,66
SOL00323,Formalización,2026-03-16 08:00:00,Ejecutivo_02,Vehicular,34300.0,1671.37,0.3,173,Web,52
SOL00354,Verificación de documentos,2026-03-16 08:00:00,Verificador_03,Personal,14900.0,2045.76,0.14,118,Agente,70
SOL00969,Verificación de documentos,2026-03-16 08:00:00,Verificador_04,Hipotecario,144800.0,1255.21,0.24,15,Sucursal,26
SOL00678,Verificación de documentos,2026-03-16 08:00:00,Verificador_02,Hipotecario,105300.0,3061.23,0.34,8,Agente,32
SOL00390,Verificación de documentos,2026-03-16 08:00:00,Verificador_04,Personal,6100.0,1212.72,0.55,160,Web,57
SOL00260,Verificación de documentos,2026-03-16 08:00:00,Verificador_02,Consumo,4400.0,1339.02,0.46,19,Web,41
SOL00946,Formalización,2026-03-16 08:00:00,Ejecutivo_05,Hipotecario,227400.0,2822.73,0.12,3,Web,63
SOL01033,Análisis financiero,2026-03-16 08:00:00,Analista_08,Consumo,7700.0,2200.54,0.31,44,Sucursal,49
SOL00596,Verificación de documentos,2026-03-16 08:00:00,Verificador_03,Hipotecario,60600.0,3335.8,0.11,181,Agente,62
SOL01170,Formalización,2026-03-16 08:00:00,Ejecutivo_03,Hipotecario,76900.0,2063.94,0.34,40,Sucursal,69
SOL00842,Verificación de documentos,2026-03-16 08:00:00,Verificador_02,Personal,15600.0,2316.35,0.4,19,Web,56
SOL00735,Verificación de documentos,2026-03-16 08:00:00,Verificador_03,Consumo,2400.0,1664.94,0.45,15,Web,57
SOL00943,Verificación de documentos,2026-03-16 08:00:00,Verificador_04,Vehicular,16100.0,759.95,0.47,150,Sucursal,50
SOL00457,Verificación de documentos,2026-03-16 08:00:00,Verificador_04,Consumo,6800.0,1258.82,0.28,19,Sucursal,66
SOL00035,Formalización,2026-03-16 08:00:00,Ejecutivo_04,Personal,9900.0,1534.79,0.22,2,Web,59
SOL00792,Formalización,2026-03-16 08:00:00,Ejecutivo_04,Personal,17300.0,1334.18,0.19,31,Sucursal,25
SOL00532,Desembolso,2026-03-16 08:00:00,Tesoreria,Consumo,2800.0,889.7,0.24,198,Agente,60
SOL01138,Verificación de documentos,2026-03-16 08:00:00,Verificador_01,Consumo,1700.0,1282.09,0.11,133,Sucursal,37
SOL00770,Desembolso,2026-03-16 08:00:00,Tesoreria,Consumo,4800.0,1013.09,0.51,12,Web,60
SOL00411,Análisis financiero,2026-03-16 08:00:00,Analista_01,Vehicular,31900.0,2129.3,0.55,12,Agente,65
SOL00052,Verificación de documentos,2026-03-16 08:00:00,Verificador_03,Personal,6700.0,1725.55,0.16,11,Web,56
SOL00357,Rechazo,2026-03-16 08:00:00,Analista_05,Vehicular,33300.0,1653.63,0.44,5,Sucursal,42
SOL00225,Reevaluación,2026-03-16 08:00:00,Analista_06,Personal,6000.0,1085.55,0.59,55,Web,67
SOL00876,Verificación de documentos,2026-03-16 08:00:00,Verificador_04,Personal,9200.0,5843.32,0.48,43,Agente,42
SOL00976,Formalización,2026-03-16 08:00:00,Ejecutivo_01,Consumo,6200.0,2174.93,0.26,88,Sucursal,21
SOL00359,Formalización,2026-03-16 08:00:00,Ejecutivo_03,Personal,14900.0,945.26,0.44,11,Sucursal,21
SOL01032,Formalización,2026-03-16 08:00:00,Ejecutivo_05,Personal,8300.0,4380.52,0.53,11,Agente,64
SOL00187,Análisis financiero,2026-03-16 08:00:00,Analista_01,Personal,11600.0,1588.78,0.05,15,Sucursal,55
SOL00617,Reevaluación,2026-03-16 08:00:00,Analista_04,Hipotecario,111400.0,1012.17,0.67,29,Web,31
SOL00338,Formalización,2026-03-16 08:00:00,Ejecutivo_03,Consumo,5300.0,1158.01,0.57,18,Sucursal,61
SOL01015,verificación de documentos,2026-03-16 08:00:00,Verificador_04,Consumo,5700.0,1654.06,0.47,3,Sucursal,63
SOL00459,Formalización,2026-03-16 08:00:00,Ejecutivo_04,Personal,16300.0,2127.58,0.14,35,Sucursal,68
SOL00552,Análisis financiero,2026-03-16 08:00:00,Analista_06,Consumo,3300.0,1491.81,0.3,2,Web,41
SOL00971,Verificación de documentos,2026-03-16 08:00:00,Verificador_01,Personal,6200.0,2482.45,0.74,23,Web,49
SOL01160,Verificación de documentos,2026-03-16 08:00:00,Verificador_02,Personal,18400.0,808.87,0.08,49,Web,67
SOL01085,Verificación de documentos,2026-03-16 08:00:00,Verificador_03,Vehicular,10100.0,1697.24,0.21,23,Sucursal,50
SOL00838,Verificación de documentos,2026-03-16 08:00:00,Verificador_01,Personal,5300.0,3214.33,0.45,72,Web,45
SOL00762,Desembolso,2026-03-16 08:00:00,Tesoreria,Vehicular,18600.0,4972.28,0.26,6,Web,64
SOL00028,Desembolso,2026-03-16 08:00:00,Tesoreria,Vehicular,33300.0,1053.34,0.11,18,Agente,44
SOL00160,Formalización,2026-03-16 08:00:00,Ejecutivo_02,Vehicular,18300.0,3592.56,0.35,88,Sucursal,46
SOL00695,Verificación de documentos,2026-03-16 08:00:00,Verificador_01,Personal,13500.0,1193.7,0.46,248,Web,25
SOL00392,Formalización,2026-03-16 08:00:00,Ejecutivo_02,Consumo,1100.0,2000.35,0.14,1,Sucursal,26
SOL00526,Verificación de documentos,2026-03-16 08:00:00,Verificador_04,Personal,10300.0,1166.88,0.31,167,Sucursal,40
SOL00208,Verificación de documentos,2026-03-16 08:00:00,Verificador_02,Vehicular,17500.0,1516.49,0.07,142,Sucursal,31
SOL00049,Verificación de documentos,2026-03-16 08:00:00,Verificador_01,Consumo,2000.0,988.2,0.18,51,Web,37
SOL01048,Formalización,2026-03-16 08:00:00,Ejecutivo_02,Vehicular,31300.0,1019.61,0.23,3,Web,52
SOL00381,Verificación de documentos,2026-03-16 08:00:00,Verificador_01,Vehicular,17800.0,1372.81,0.13,22,Web,26
SOL00531,Solicitud recibida,2026-03-16 08:01:46,Ejecutivo_03,Personal,10200.0,1745.12,0.29,6,Sucursal,34
SOL00410,Formalización,2026-03-16 08:08:00,Ejecutivo_06,Hipotecario,155200.0,1561.3,0.42,39,Web,31
SOL00353,Verificación de documentos,2026-03-16 08:25:00,Verificador_03,Personal,5600.0,758.06,0.15,9,Web,22
SOL00390,Solicitud de información adicional,2026-03-16 08:30:01,Verificador_01,Personal,6100.0,1212.72,0.55,160,Web,57
SOL00842,Solicitud de información adicional,2026-03-16 08:30:01,Verificador_03,Personal,15600.0,2316.35,0.4,19,Web,56
SOL00457,Solicitud de información adicional,2026-03-16 08:30:01,Verificador_01,Consumo,6800.0,1258.82,0.28,19,Sucursal,66
SOL01138,Solicitud de información adicional,2026-03-16 08:30:01,Verificador_02,Consumo,1700.0,1282.09,0.11,133,Sucursal,37
SOL00052,Solicitud de información adicional,2026-03-16 08:30:01,Verificador_04,Personal,6700.0,1725.55,0.16,11,Web,56
SOL00353,Solicitud de información adicional,2026-03-16 08:55:01,Verificador_03,Personal,5600.0,758.06,0.15,9,Web,22
SOL01171,Recepción de información,2026-03-16 09:03:00,Sistema,Personal,18900.0,1696.11,0.06,108,Web,39
SOL00225,Aprobación,2026-03-16 09:26:05,Analista_06,Personal,6000.0,1085.55,0.59,55,Web,67
SOL00296,Formalización,2026-03-16 09:51:11,Ejecutivo_02,Personal,13200.0,507.02,0.19,27,Sucursal,36
SOL00716,Solicitud recibida,2026-03-16 10:28:24,Sistema,Hipotecario,216100.0,2942.78,0.41,29,Web,22
SOL00674,Formalización,2026-03-16 10:48:55,Ejecutivo_06,Consumo,1600.0,693.27,0.07,5,Agente,21
SOL00187,Rechazo,2026-03-16 10:53:23,Analista_01,Personal,11600.0,1588.78,0.05,15,Sucursal,55
SOL00311,Solicitud recibida,2026-03-16 11:13:12,Ejecutivo_03,Hipotecario,199500.0,2872.66,0.3,59,Sucursal,48
SOL00617,Rechazo,2026-03-16 11:28:30,Analista_04,Hipotecario,111400.0,1012.17,0.67,29,Web,31
SOL00552,Rechazo,2026-03-16 11:51:59,Analista_06,Consumo,3300.0,1491.81,0.3,2,Web,41
SOL00239,Verificación de documentos,2026-03-16 12:05:54,Verificador_02,Vehicular,21200.0,785.67,0.55,10,Web,40
SOL01033,Aprobación,2026-03-16 12:33:49,Analista_08,Consumo,7700.0,2200.54,0.31,44,Sucursal,49
SOL00997,Solicitud recibida,2026-03-16 13:25:45,Sistema,Personal,15800.0,3715.87,0.26,133,Web,23
SOL00260,Análisis financiero,2026-03-16 13:40:34,Analista_08,Consumo,4400.0,1339.02,0.46,19,Web,41
SOL01171,Verificación de documentos,2026-03-16 14:04:34,Verificador_03,Personal,18900.0,1696.11,0.06,108,Web,39
SOL00948,Verificación de documentos,2026-03-16 14:21:35,Verificador_01,Vehicular,16300.0,1890.98,0.2,166,Web,25
SOL00948,Solicitud de información adicional,2026-03-16 14:51:36,Verificador_04,Vehicular,16300.0,1890.98,0.2,166,Web,25
SOL00602,Formalización,2026-03-16 14:58:32,Ejecutivo_02,Consumo,6800.0,1059.21,0.17,87,Sucursal,42
SOL00451,Formalización,2026-03-16 15:00:46,Ejecutivo_05,Vehicular,20500.0,1739.57,0.2,54,Web,23
SOL00338,Desembolso,2026-03-16 15:02:29,Tesoreria,Consumo,5300.0,1158.01,0.57,18,Sucursal,61
SOL00381,Análisis financiero,2026-03-16 16:14:27,Analista_04,Vehicular,17800.0,1372.81,0.13,22,Web,26
SOL00260,Aprobación,2026-03-16 16:23:47,Analista_08,Consumo,4400.0,1339.02,0.46,19,Web,41
SOL01160,Análisis financiero,2026-03-16 16:26:42,Analista_05,Personal,18400.0,808.87,0.08,49,Web,67
SOL00805,Solicitud recibida,2026-03-16 16:40:40,Ejecutivo_01,Vehicular,20100.0,4718.05,0.3,19,Sucursal,54
SOL00242,Solicitud recibida,2026-03-16 19:55:29,Ejecutivo_06,Vehicular,37700.0,2380.68,0.23,80,Agente,58
SOL01161,Solicitud recibida,2026-03-16 21:45:29,Ejecutivo_02,Consumo,2900.0,2035.04,0.4,193,Sucursal,24
SOL00353,Recepción de información,2026-03-17 01:35:47,Sistema,Personal,5600.0,758.06,0.15,9,Web,22
SOL01138,Recepción de información,2026-03-17 04:39:44,Sistema,Consumo,1700.0,1282.09,0.11,133,Sucursal,37
SOL00314,Solicitud recibida,2026-03-17 07:30:52,Ejecutivo_01,Consumo,4500.0,738.61,0.56,2,Sucursal,42
SOL00971,Análisis financiero,2026-03-17 08:00:00,Analista_02,Personal,6200.0,2482.45,0.74,23,Web,49
SOL00291,Análisis financiero,2026-03-17 08:00:00,Analista_05,Personal,13700.0,1481.74,0.15,45,Agente,57
SOL00381,Aprobación,2026-03-17 08:00:00,Analista_04,Vehicular,17800.0,1372.81,0.13,22,Web,26
SOL00035,Desembolso,2026-03-17 08:00:00,Tesoreria,Personal,9900.0,1534.79,0.22,2,Web,59
SOL00526,Análisis financiero,2026-03-17 08:00:00,Analista_08,Personal,10300.0,1166.88,0.31,167,Sucursal,40
SOL01015,Análisis financiero,2026-03-17 08:00:00,Analista_06,Consumo,5700.0,1654.06,0.47,3,Sucursal,63
SOL00997,Verificación de documentos,2026-03-17 08:00:00,Verificador_02,Personal,15800.0,3715.87,0.26,133,Web,23
SOL00531,Verificación de documentos,2026-03-17 08:00:00,Verificador_03,Personal,10200.0,1745.12,0.29,6,Sucursal,34
SOL00666,Análisis financiero,2026-03-17 08:00:00,Analista_08,Personal,7500.0,1905.67,0.43,8,Sucursal,40
SOL00969,Análisis financiero,2026-03-17 08:00:00,Analista_02,Hipotecario,144800.0,1255.21,0.24,15,Sucursal,26
SOL00946,Desembolso,2026-03-17 08:00:00,Tesoreria,Hipotecario,227400.0,2822.73,0.12,3,Web,63
SOL00792,Desembolso,2026-03-17 08:00:00,Tesoreria,Personal,17300.0,1334.18,0.19,31,Sucursal,25
SOL01160,Aprobación,2026-03-17 08:00:00,Analista_05,Personal,18400.0,808.87,0.08,49,Web,67
SOL00208,Análisis financiero,2026-03-17 08:00:00,Analista_02,Vehicular,17500.0,1516.49,0.07,142,Sucursal,31
SOL00188,Análisis financiero,2026-03-17 08:00:00,Analista_02,Consumo,6400.0,1603.49,0.15,3,Sucursal,53
SOL00311,Verificación de documentos,2026-03-17 08:00:00,Verificador_04,Hipotecario,199500.0,2872.66,0.3,59,Sucursal,48
SOL00459,Desembolso,2026-03-17 08:00:00,Tesoreria,Personal,16300.0,2127.58,0.14,35,Sucursal,68
SOL00943,Análisis financiero,2026-03-17 08:00:00,Analista_03,Vehicular,16100.0,759.95,0.47,150,Sucursal,50
SOL00805,Verificación de documentos,2026-03-17 08:00:00,Verificador_04,Vehicular,20100.0,4718.05,0.3,19,Sucursal,54
SOL00839,Análisis financiero,2026-03-17 08:00:00,Analista_01,Vehicular,30900.0,1493.12,0.47,156,Web,66
SOL00596,Análisis financiero,2026-03-17 08:00:00,Analista_02,Hipotecario,60600.0,3335.8,0.11,181,Agente,62
SOL00826,Reevaluación,2026-03-17 08:00:00,Analista_04,Hipotecario,129900.0,775.02,0.68,9,Sucursal,35
SOL00392,Desembolso,2026-03-17 08:02:00,Tesoreria,Consumo,1100.0,2000.35,0.14,1,Sucursal,26
SOL00775,Desembolso,2026-03-17 08:07:00,Tesoreria,Consumo,7200.0,2333.65,0.36,127,Web,40
SOL01085,Análisis financiero,2026-03-17 08:09:00,Analista_02,Vehicular,10100.0,1697.24,0.21,23,Sucursal,50
SOL00602,Desembolso,2026-03-17 08:10:00,Tesoreria,Consumo,6800.0,1059.21,0.17,87,Sucursal,42
SOL00876,Análisis financiero,2026-03-17 08:10:00,Analista_04,Personal,9200.0,5843.32,0.48,43,Agente,42
SOL00716,Verificación de documentos,2026-03-17 08:11:00,Verificador_03,Hipotecario,216100.0,2942.78,0.41,29,Web,22
SOL00160,Desembolso,2026-03-17 08:12:00,Tesoreria,Vehicular,18300.0,3592.56,0.35,88,Sucursal,46
SOL00049,Análisis financiero,2026-03-17 08:15:00,Analista_08,Consumo,2000.0,988.2,0.18,51,Web,37
SOL00353,Verificación de documentos,2026-03-17 08:20:00,Verificador_03,Personal,5600.0,758.06,0.15,9,Web,22
SOL00242,Verificación de documentos,2026-03-17 08:22:00,Verificador_03,Vehicular,37700.0,2380.68,0.23,80,Agente,58
SOL01048,Desembolso,2026-03-17 08:29:23,Tesoreria,Vehicular,31300.0,1019.61,0.23,3,Web,52
SOL00531,Solicitud de información adicional,2026-03-17 08:30:01,Verificador_03,Personal,10200.0,1745.12,0.29,6,Sucursal,34
SOL00826,Rechazo,2026-03-17 08:57:57,Analista_04,Hipotecario,129900.0,775.02,0.68,9,Sucursal,35
SOL00296,Desembolso,2026-03-17 09:59:02,Tesoreria,Personal,13200.0,507.02,0.19,27,Sucursal,36
SOL01161,Verificacion de documentos,2026-03-17 10:14:32,Verificador_04,Consumo,2900.0,2035.04,0.4,193,Sucursal,24
SOL00622,Solicitud recibida,2026-03-17 10:24:21,Ejecutivo_05,Personal,18900.0,2402.58,0.34,29,Sucursal,55
SOL00876,Aprobación,2026-03-17 10:45:33,Analista_04,Personal,9200.0,5843.32,0.48,43,Agente,42
SOL00971,Aprobación,2026-03-17 10:52:49,Analista_02,Personal,6200.0,2482.45,0.74,23,Web,49
SOL00441,Análisis financiero,2026-03-17 10:53:18,Analista_02,Hipotecario,98200.0,767.58,0.37,80,Agente,41
SOL01138,Verificación de documentos,2026-03-17 10:57:35,Verificador_02,Consumo,1700.0,1282.09,0.11,133,Sucursal,37
SOL00208,Aprobación,2026-03-17 10:59:27,Analista_02,Vehicular,17500.0,1516.49,0.07,142,Sucursal,31
SOL00526,Aprobación,2026-03-17 11:01:33,Analista_08,Personal,10300.0,1166.88,0.31,167,Sucursal,40
SOL00735,Análisis financiero,2026-03-17 11:08:57,Analista_03,Consumo,2400.0,1664.94,0.45,15,Web,57
SOL00323,Desembolso,2026-03-17 11:57:20,Tesoreria,Vehicular,34300.0,1671.37,0.3,173,Web,52
SOL00695,Análisis financiero,2026-03-17 11:59:47,Analista_05,Personal,13500.0,1193.7,0.46,248,Web,25
SOL00188,Aprobación,2026-03-17 12:12:42,Analista_02,Consumo,6400.0,1603.49,0.15,3,Sucursal,53
SOL00354,Análisis financiero,2026-03-17 12:43:02,Analista_03,Personal,14900.0,2045.76,0.14,118,Agente,70
SOL00772,Solicitud recibida,2026-03-17 12:57:39,Ejecutivo_05,Hipotecario,166100.0,2254.46,0.5,105,Sucursal,70
SOL01042,Solicitud recibida,2026-03-17 13:02:57,Ejecutivo_01,Personal,8300.0,2044.31,0.14,29,Sucursal,36
SOL00842,Recepción de información,2026-03-17 13:07:08,Sistema,Personal,15600.0,2316.35,0.4,19,Web,56
SOL01033,Formalización,2026-03-17 13:11:20,Ejecutivo_02,Consumo,7700.0,2200.54,0.31,44,Sucursal,49
SOL00314,Verificación de documentos,2026-03-17 13:22:41,Verificador_04,Consumo,4500.0,738.61,0.56,2,Sucursal,42
SOL01085,Aprobación,2026-03-17 13:38:12,Analista_02,Vehicular,10100.0,1697.24,0.21,23,Sucursal,50
SOL00049,Aprobación,2026-03-17 14:10:26,Analista_08,Consumo,2000.0,988.2,0.18,51,Web,37
SOL00291,Aprobación,2026-03-17 14:14:00,Analista_05,Personal,13700.0,1481.74,0.15,45,Agente,57
SOL00239,Análisis financiero,2026-03-17 14:24:54,Analista_05,Vehicular,21200.0,785.67,0.55,10,Web,40
SOL00976,Desembolso,2026-03-17 14:40:41,Tesoreria,Consumo,6200.0,2174.93,0.26,88,Sucursal,21
SOL00238,Solicitud recibida,2026-03-17 15:00:16,Ejecutivo_04,Vehicular,17500.0,1912.69,0.11,97,Agente,40
SOL00695,Aprobación,2026-03-17 15:40:54,Analista_05,Personal,13500.0,1193.7,0.46,248,Web,25
SOL00838,Análisis financiero,2026-03-17 15:45:56,Analista_07,Personal,5300.0,3214.33,0.45,72,Web,45
SOL00735,Aprobación,2026-03-17 16:07:40,Analista_03,Consumo,2400.0,1664.94,0.45,15,Web,57
SOL00735,Aprobación,2026-03-17 16:07:40,Analista_03,Consumo,2400.0,1664.94,0.45,15,Web,57
SOL01171,Análisis financiero,2026-03-17 16:18:34,Analista_05,Personal,18900.0,1696.11,0.06,108,Web,39
SOL00772,Verificación de documentos,2026-03-17 16:43:57,Verificador_02,Hipotecario,166100.0,2254.46,0.5,105,Sucursal,70
SOL00340,Solicitud recibida,2026-03-17 21:08:02,Ejecutivo_05,Personal,11000.0,1622.37,0.11,43,Agente,57
SOL00531,Recepción de información,2026-03-18 06:16:54,Sistema,Personal,10200.0,1745.12,0.29,6,Sucursal,34
SOL00353,Análisis financiero,2026-03-18 08:00:00,Analista_01,Personal,5600.0,758.06,0.15,9,Web,22
SOL00678,Análisis financiero,2026-03-18 08:00:00,Analista_07,Hipotecario,105300.0,3061.23,0.34,8,Agente,32
SOL00410,Desembolso,2026-03-18 08:00:00,Tesoreria,Hipotecario,155200.0,1561.3,0.42,39,Web,31
SOL01042,Verificación de documentos,2026-03-18 08:00:00,Verificador_02,Personal,8300.0,2044.31,0.14,29,Sucursal,36
SOL00238,Verificación de documentos,2026-03-18 08:00:00,Verificador_04,Vehicular,17500.0,1912.69,0.11,97,Agente,40
SOL00842,Verificación de documentos,2026-03-18 08:00:00,Verificador_04,Personal,15600.0,2316.35,0.4,19,Web,56
SOL00354,Aprobación,2026-03-18 08:00:00,Analista_03,Personal,14900.0,2045.76,0.14,118,Agente,70
SOL00943,Reevaluación,2026-03-18 08:00:00,Analista_03,Vehicular,16100.0,759.95,0.47,150,Sucursal,50
SOL01170,Desembolso,2026-03-18 08:00:00,Tesoreria,Hipotecario,76900.0,2063.94,0.34,40,Sucursal,69
SOL01171,Aprobación,2026-03-18 08:00:00,Analista_05,Personal,18900.0,1696.11,0.06,108,Web,39
SOL00666,Reevaluación,2026-03-18 08:00:00,Analista_08,Personal,7500.0,1905.67,0.43,8,Sucursal,40
SOL00242,Análisis financiero,2026-03-18 08:00:00,Analista_08,Vehicular,37700.0,2380.68,0.23,80,Agente,58
SOL00311,Análisis financiero,2026-03-18 08:00:00,Analista_06,Hipotecario,199500.0,2872.66,0.3,59,Sucursal,48
SOL01161,Análisis financiero,2026-03-18 08:00:00,Analista_02,Consumo,2900.0,2035.04,0.4,193,Sucursal,24
SOL00359,Desembolso,2026-03-18 08:01:00,Tesoreria,Personal,14900.0,945.26,0.44,11,Sucursal,21
SOL00997,Análisis financiero,2026-03-18 08:02:00,Analista_01,Personal,15800.0,3715.87,0.26,133,Web,23
SOL00314,Análisis financiero,2026-03-18 08:03:00,Analista_01,Consumo,4500.0,738.61,0.56,2,Sucursal,42
SOL00622,Verificación de documentos,2026-03-18 08:04:00,Verificador_02,Personal,18900.0,2402.58,0.34,29,Sucursal,55
SOL00239,Reevaluación,2026-03-18 08:04:00,Analista_05,Vehicular,21200.0,785.67,0.55,10,Web,40
SOL00716,Análisis financiero,2026-03-18 08:06:00,Analista_03,Hipotecario,216100.0,2942.78,0.41,29,Web,22
SOL01015,Reevaluación,2026-03-18 08:07:00,Analista_06,Consumo,5700.0,1654.06,0.47,3,Sucursal,63
SOL00188,Formalización,2026-03-18 08:09:00,Ejecutivo_06,Consumo,6400.0,1603.49,0.15,3,Sucursal,53
SOL01138,Análisis financiero,2026-03-18 08:11:51,Analista_06,Consumo,1700.0,1282.09,0.11,133,Sucursal,37
SOL00225,Formalización,2026-03-18 08:19:00,Ejecutivo_06,Personal,6000.0,1085.55,0.59,55,Web,67
SOL01033,Desembolso,2026-03-18 08:20:00,Tesoreria,Consumo,7700.0,2200.54,0.31,44,Sucursal,49
SOL00838,Reevaluación,2026-03-18 08:24:00,Analista_07,Personal,5300.0,3214.33,0.45,72,Web,45
SOL00842,Solicitud de información adicional,2026-03-18 08:30:01,Verificador_03,Personal,15600.0,2316.35,0.4,19,Web,56
SOL00805,Análisis financiero,2026-03-18 08:49:12,Analista_01,Vehicular,20100.0,4718.05,0.3,19,Sucursal,54
SOL01085,Formalización,2026-03-18 09:03:25,Ejecutivo_02,Vehicular,10100.0,1697.24,0.21,23,Sucursal,50
SOL00049,Formalización,2026-03-18 10:53:49,Ejecutivo_06,Consumo,2000.0,988.2,0.18,51,Web,37
SOL00353,Aprobación,2026-03-18 10:56:22,Analista_01,Personal,5600.0,758.06,0.15,9,Web,22
SOL00236,Solicitud recibida,2026-03-18 11:31:20,Ejecutivo_05,Hipotecario,55700.0,1484.09,0.21,31,Sucursal,44
SOL00239,Rechazo,2026-03-18 11:37:02,Analista_05,Vehicular,21200.0,785.67,0.55,10,Web,40
SOL00838,Aprobación,2026-03-18 11:38:45,Analista_07,Personal,5300.0,3214.33,0.45,72,Web,45
SOL00302,Solicitud recibida,2026-03-18 11:48:40,Ejecutivo_05,Personal,13500.0,2853.7,0.14,25,Sucursal,39
SOL00513,Solicitud recibida,2026-03-18 11:55:02,Ejecutivo_02,Personal,5900.0,1536.81,0.18,103,Agente,39
SOL00026,Solicitud recibida,2026-03-18 12:04:01,Ejecutivo_02,Hipotecario,223300.0,1025.03,0.41,101,Agente,66
SOL00805,Aprobación,2026-03-18 12:11:25,Analista_01,Vehicular,20100.0,4718.05,0.3,19,Sucursal,54
SOL00340,Verificación de documentos,2026-03-18 12:57:00,Verificador_02,Personal,11000.0,1622.37,0.11,43,Agente,57
SOL00457,Recepción de información,2026-03-18 12:58:07,Sistema,Consumo,6800.0,1258.82,0.28,19,Sucursal,66
SOL00531,Verificación de documentos,2026-03-18 13:35:35,Verificador_02,Personal,10200.0,1745.12,0.29,6,Sucursal,34
SOL00674,Desembolso,2026-03-18 13:46:10,Tesoreria,Consumo,1600.0,693.27,0.07,5,Agente,21
SOL00997,Aprobación,2026-03-18 14:04:01,Analista_01,Personal,15800.0,3715.87,0.26,133,Web,23
SOL01161,Aprobación,2026-03-18 14:20:37,Analista_02,Consumo,2900.0,2035.04,0.4,193,Sucursal,24
SOL01015,Aprobación,2026-03-18 14:43:45,Analista_06,Consumo,5700.0,1654.06,0.47,3,Sucursal,63
SOL01138,Aprobación,2026-03-18 14:52:26,Analista_06,Consumo,1700.0,1282.09,0.11,133,Sucursal,37
SOL00451,Desembolso,2026-03-18 15:14:33,Tesoreria,Vehicular,20500.0,1739.57,0.2,54,Web,23
SOL00772,Análisis financiero,2026-03-18 15:25:40,Analista_01,Hipotecario,166100.0,2254.46,0.5,105,Sucursal,70
SOL00526,Formalización,2026-03-18 15:33:00,Ejecutivo_05,Personal,10300.0,1166.88,0.31,167,Sucursal,40
SOL00943,Aprobación,2026-03-18 15:41:13,Analista_03,Vehicular,16100.0,759.95,0.47,150,Sucursal,50
SOL00622,Análisis financiero,2026-03-18 15:54:56,Analista_04,Personal,18900.0,2402.58,0.34,29,Sucursal,55
SOL00208,Formalización,2026-03-18 15:59:58,Ejecutivo_02,Vehicular,17500.0,1516.49,0.07,142,Sucursal,31
SOL00183,Solicitud recibida,2026-03-18 16:11:36,Ejecutivo_04,Hipotecario,116500.0,667.47,0.43,0,Agente,64
SOL00429,Solicitud recibida,2026-03-18 16:30:29,Ejecutivo_06,Personal,18500.0,1343.5,0.28,72,Sucursal,51
SOL00443,Solicitud recibida,2026-03-18 19:09:39,Ejecutivo_06,Personal,4000.0,2498.36,0.2,6,Sucursal,47
SOL00850,Solicitud recibida,2026-03-18 21:37:12,Ejecutivo_05,Vehicular,28300.0,3565.53,0.04,30,Sucursal,52
SOL00470,Solicitud recibida,2026-03-18 21:59:12,Ejecutivo_04,Personal,10500.0,951.85,0.42,42,Sucursal,23
SOL00052,Recepción de información,2026-03-19 06:24:42,Sistema,Personal,6700.0,1725.55,0.16,11,Web,56
SOL00183,Verificación de documentos,2026-03-19 08:00:00,Verificador_03,Hipotecario,116500.0,667.47,0.43,0,Agente,64
SOL00695,Formalización,2026-03-19 08:00:00,Ejecutivo_01,Personal,13500.0,1193.7,0.46,248,Web,25
SOL00457,Verificación de documentos,2026-03-19 08:00:00,Verificador_02,Consumo,6800.0,1258.82,0.28,19,Sucursal,66
SOL00735,Formalización,2026-03-19 08:00:00,Ejecutivo_04,Consumo,2400.0,1664.94,0.45,15,Web,57
SOL00238,Análisis financiero,2026-03-19 08:00:00,Analista_07,Vehicular,17500.0,1912.69,0.11,97,Agente,40
SOL00622,Aprobación,2026-03-19 08:00:00,Analista_04,Personal,18900.0,2402.58,0.34,29,Sucursal,55
SOL00429,Verificación de documentos,2026-03-19 08:00:00,Verificador_04,Personal,18500.0,1343.5,0.28,72,Sucursal,51
SOL00026,Verificación de documentos,2026-03-19 08:00:00,Verificador_04,Hipotecario,223300.0,1025.03,0.41,101,Agente,66
SOL00302,Verificación de documentos,2026-03-19 08:04:00,Verificador_01,Personal,13500.0,2853.7,0.14,25,Sucursal,39
SOL00260,Formalización,2026-03-19 08:05:00,Ejecutivo_01,Consumo,4400.0,1339.02,0.46,19,Web,41
SOL00443,Verificación de documentos,2026-03-19 08:07:00,Verificador_04,Personal,4000.0,2498.36,0.2,6,Sucursal,47
SOL00236,Verificación de documentos,2026-03-19 08:08:00,Verificador_03,Hipotecario,55700.0,1484.09,0.21,31,Sucursal,44
SOL00314,Reevaluación,2026-03-19 08:13:00,Analista_01,Consumo,4500.0,738.61,0.56,2,Sucursal,42
SOL00971,Formalización,2026-03-19 08:19:00,Ejecutivo_05,Personal,6200.0,2482.45,0.74,23,Web,49
SOL00513,Verificación de documentos,2026-03-19 08:23:00,Verificador_02,Personal,5900.0,1536.81,0.18,103,Agente,39
SOL00470,Verificación de documentos,2026-03-19 08:24:00,Verificador_02,Personal,10500.0,951.85,0.42,42,Sucursal,23
SOL00381,Formalización,2026-03-19 08:27:00,Ejecutivo_01,Vehicular,17800.0,1372.81,0.13,22,Web,26
SOL00049,Desembolso,2026-03-19 08:28:00,Tesoreria,Consumo,2000.0,988.2,0.18,51,Web,37
SOL00443,Solicitud de información adicional,2026-03-19 08:37:01,Verificador_01,Personal,4000.0,2498.36,0.2,6,Sucursal,47
SOL00526,Desembolso,2026-03-19 08:49:57,Tesoreria,Personal,10300.0,1166.88,0.31,167,Sucursal,40
SOL00470,Solicitud de información adicional,2026-03-19 08:54:01,Verificador_01,Personal,10500.0,951.85,0.42,42,Sucursal,23
SOL00188,Desembolso,2026-03-19 08:59:24,Tesoreria,Consumo,6400.0,1603.49,0.15,3,Sucursal,53
SOL00531,Análisis financiero,2026-03-19 09:53:58,Analista_06,Personal,10200.0,1745.12,0.29,6,Sucursal,34
SOL00716,Comité de crédito,2026-03-19 10:00:01,Comite,Hipotecario,216100.0,2942.78,0.41,29,Web,22
SOL00678,Comité de crédito,2026-03-19 10:00:01,Comite,Hipotecario,105300.0,3061.23,0.34,8,Agente,32
SOL00441,Comité de crédito,2026-03-19 10:00:01,Comite,Hipotecario,98200.0,767.58,0.37,80,Agente,41
SOL00772,Comité de crédito,2026-03-19 10:00:01,Comite,Hipotecario,166100.0,2254.46,0.5,105,Sucursal,70
SOL00411,Comité de crédito,2026-03-19 10:00:01,Comite,Vehicular,31900.0,2129.3,0.55,12,Agente,65
SOL00969,Comité de crédito,2026-03-19 10:00:01,Comite,Hipotecario,144800.0,1255.21,0.24,15,Sucursal,26
SOL00117,Comité de crédito,2026-03-19 10:00:01,Comite,Hipotecario,67700.0,1324.35,0.25,4,Web,31
SOL00242,Comité de crédito,2026-03-19 10:00:01,Comite,Vehicular,37700.0,2380.68,0.23,80,Agente,58
SOL00839,Comité de crédito,2026-03-19 10:00:01,Comite,Vehicular,30900.0,1493.12,0.47,156,Web,66
SOL00311,Comité de crédito,2026-03-19 10:00:01,Comite,Hipotecario,199500.0,2872.66,0.3,59,Sucursal,48
SOL00596,Comité de crédito,2026-03-19 10:00:01,Comite,Hipotecario,60600.0,3335.8,0.11,181,Agente,62
SOL00314,Rechazo,2026-03-19 10:02:46,Analista_01,Consumo,4500.0,738.61,0.56,2,Sucursal,42
SOL00052,Verificación de documentos,2026-03-19 10:15:57,Verificador_01,Personal,6700.0,1725.55,0.16,11,Web,56
SOL00179,Solicitud recibida,2026-03-19 10:36:32,Sistema,Hipotecario,166300.0,1941.66,0.45,14,Web,34
SOL00666,Reevaluación,2026-03-19 10:45:30,Analista_08,Personal,7500.0,1905.67,0.43,8,Sucursal,40
SOL00238,Aprobación,2026-03-19 11:11:00,Analista_07,Vehicular,17500.0,1912.69,0.11,97,Agente,40
SOL00225,Desembolso,2026-03-19 12:25:50,Tesoreria,Personal,6000.0,1085.55,0.59,55,Web,67
SOL00291,Formalización,2026-03-19 12:56:57,Ejecutivo_05,Personal,13700.0,1481.74,0.15,45,Agente,57
SOL00242,Aprobación,2026-03-19 13:20:10,Comite,Vehicular,37700.0,2380.68,0.23,80,Agente,58
SOL00666,Rechazo,2026-03-19 13:25:31,Analista_08,Personal,7500.0,1905.67,0.43,8,Sucursal,40
SOL00531,Aprobación,2026-03-19 13:28:30,Analista_06,Personal,10200.0,1745.12,0.29,6,Sucursal,34
SOL00441,Rechazo,2026-03-19 14:12:57,Analista_02,Hipotecario,98200.0,767.58,0.37,80,Agente,41
SOL00678,Aprobación,2026-03-19 15:02:42,Comite,Hipotecario,105300.0,3061.23,0.34,8,Agente,32
SOL00411,Rechazo,2026-03-19 15:07:18,Analista_01,Vehicular,31900.0,2129.3,0.55,12,Agente,65
SOL00596,Aprobación,2026-03-19 15:22:03,Comite,Hipotecario,60600.0,3335.8,0.11,181,Agente,62
SOL00311,Aprobación,2026-03-19 15:43:00,Comite,Hipotecario,199500.0,2872.66,0.3,59,Sucursal,48
SOL00183,Análisis financiero,2026-03-19 16:14:00,Analista_08,Hipotecario,116500.0,667.47,0.43,0,Agente,64
SOL01016,Solicitud recibida,2026-03-19 16:14:40,Ejecutivo_01,Personal,15700.0,2361.05,0.05,20,Agente,28
SOL00117,Rechazo,2026-03-19 16:20:27,Analista_07,Hipotecario,67700.0,1324.35,0.25,4,Web,31
SOL00969,Aprobación,2026-03-19 16:31:12,Comite,Hipotecario,144800.0,1255.21,0.24,15,Sucursal,26
SOL00953,Recepción de información,2026-03-19 17:22:56,Sistema,Personal,14100.0,3600.52,0.28,39,Web,70
SOL01190,Solicitud recibida,2026-03-19 19:59:04,Sistema,Consumo,1900.0,1178.99,0.12,6,Web,60
SOL00265,Solicitud recibida,2026-03-19 21:25:08,Sistema,Consumo,5600.0,2414.96,0.32,5,Web,68
SOL00144,Solicitud recibida,2026-03-19 21:30:40,Sistema,Consumo,4200.0,2180.01,0.26,93,Web,54
SOL00443,Recepción de información,2026-03-20 02:05:17,Sistema,Personal,4000.0,2498.36,0.2,6,Sucursal,47
SOL00179,Verificación de documentos,2026-03-20 08:00:00,Verificador_01,Hipotecario,166300.0,1941.66,0.45,14,Web,34
SOL00340,Análisis financiero,2026-03-20 08:00:00,Analista_01,Personal,11000.0,1622.37,0.11,43,Agente,57
SOL00236,Análisis financiero,2026-03-20 08:00:00,Analista_05,Hipotecario,55700.0,1484.09,0.21,31,Sucursal,44
SOL01171,Formalización,2026-03-20 08:00:00,Ejecutivo_02,Personal,18900.0,1696.11,0.06,108,Web,39
SOL01085,Desembolso,2026-03-20 08:00:00,Tesoreria,Vehicular,10100.0,1697.24,0.21,23,Sucursal,50
SOL00735,Desembolso,2026-03-20 08:00:00,Tesoreria,Consumo,2400.0,1664.94,0.45,15,Web,57
SOL00953,Verificación de documentos,2026-03-20 08:00:00,Verificador_02,Personal,14100.0,3600.52,0.28,39,Web,70
SOL00513,Análisis financiero,2026-03-20 08:00:00,Analista_02,Personal,5900.0,1536.81,0.18,103,Agente,39
SOL01016,Verificación de documentos,2026-03-20 08:00:00,Verificador_01,Personal,15700.0,2361.05,0.05,20,Agente,28
SOL00208,Desembolso,2026-03-20 08:00:00,Tesoreria,Vehicular,17500.0,1516.49,0.07,142,Sucursal,31
SOL00850,Verificación de documentos,2026-03-20 08:00:00,Verificador_03,Vehicular,28300.0,3565.53,0.04,30,Sucursal,52
SOL00052,Análisis financiero,2026-03-20 08:01:00,Analista_06,Personal,6700.0,1725.55,0.16,11,Web,56
SOL00302,Análisis financiero,2026-03-20 08:05:00,Analista_07,Personal,13500.0,2853.7,0.14,25,Sucursal,39
SOL00354,Formalización,,Ejecutivo_06,Personal,14900.0,2045.76,0.14,118,Agente,70
SOL01138,Formalización,2026-03-20 08:09:00,Ejecutivo_06,Consumo,1700.0,1282.09,0.11,133,Sucursal,37
SOL01032,Desembolso,2026-03-20 08:16:00,Tesoreria,Personal,8300.0,4380.52,0.53,11,Agente,64
SOL01190,Verificación de documentos,2026-03-20 08:19:00,Verificador_03,Consumo,1900.0,1178.99,0.12,6,Web,60
SOL01160,Formalización,2026-03-20 08:23:00,Ejecutivo_01,Personal,18400.0,808.87,0.08,49,Web,67
SOL00457,Análisis financiero,2026-03-20 08:25:00,Analista_08,Consumo,6800.0,1258.82,0.28,19,Sucursal,66
SOL00429,Análisis financiero,2026-03-20 08:27:00,Analista_01,Personal,18500.0,1343.5,0.28,72,Sucursal,51
SOL00839,Reevaluación,2026-03-20 08:28:00,Analista_01,Vehicular,30900.0,1493.12,0.47,156,Web,66
SOL00144,Verificación de documentos,2026-03-20 08:48:45,Verificador_01,Consumo,4200.0,2180.01,0.26,93,Web,54
SOL00742,Desistimiento,2026-03-20 08:53:02,Sistema,Consumo,4700.0,1245.55,0.31,11,Web,54
SOL00369,Desistimiento,2026-03-20 08:57:02,Sistema,Consumo,1900.0,2671.87,0.27,202,Web,70
SOL00265,Verificación de documentos,2026-03-20 09:00:08,Verificador_02,Consumo,5600.0,2414.96,0.32,5,Web,68
SOL00772,Reevaluación,2026-03-20 09:34:12,Analista_01,Hipotecario,166100.0,2254.46,0.5,105,Sucursal,70
SOL00443,Verificación de documentos,2026-03-20 10:08:06,Verificador_01,Personal,4000.0,2498.36,0.2,6,Sucursal,47
SOL00429,Aprobación,2026-03-20 10:22:36,Analista_01,Personal,18500.0,1343.5,0.28,72,Sucursal,51
SOL00513,Rechazo,2026-03-20 11:02:51,Analista_02,Personal,5900.0,1536.81,0.18,103,Agente,39
SOL00457,Aprobación,2026-03-20 12:20:43,Analista_08,Consumo,6800.0,1258.82,0.28,19,Sucursal,66
SOL00805,Formalización,2026-03-20 12:55:17,Ejecutivo_04,Vehicular,20100.0,4718.05,0.3,19,Sucursal,54
SOL00772,Aprobación,2026-03-20 13:22:31,Analista_01,Hipotecario,166100.0,2254.46,0.5,105,Sucursal,70
SOL00052,Aprobación,2026-03-20 13:26:47,Analista_06,Personal,6700.0,1725.55,0.16,11,Web,56
SOL00876,Formalización,2026-03-20 13:28:35,Ejecutivo_06,Personal,9200.0,5843.32,0.48,43,Agente,42
SOL00260,Desembolso,2026-03-20 13:39:19,Tesoreria,Consumo,4400.0,1339.02,0.46,19,Web,41
SOL01042,Análisis financiero,2026-03-20 14:15:37,Analista_03,Personal,8300.0,2044.31,0.14,29,Sucursal,36
SOL00971,Desembolso,2026-03-20 14:19:15,Tesoreria,Personal,6200.0,2482.45,0.74,23,Web,49
SOL00138,Solicitud recibida,2026-03-20 15:35:44,Ejecutivo_03,Hipotecario,131500.0,981.09,0.21,50,Agente,29
SOL01183,Solicitud recibida,2026-03-20 18:15:44,Sistema,Consumo,7800.0,885.46,0.58,77,Web,59
SOL00407,Solicitud recibida,2026-03-20 19:44:16,Sistema,Personal,4400.0,3621.55,0.37,32,Web,55
SOL00574,Solicitud recibida,2026-03-20 20:32:43,Ejecutivo_02,Personal,10500.0,1931.53,0.61,13,Sucursal,66
SOL01036,Solicitud recibida,2026-03-21 07:45:28,Ejecutivo_04,Personal,5600.0,1190.21,0.17,17,Agente,58
SOL00313,Solicitud recibida,2026-03-21 12:20:03,Sistema,Consumo,4100.0,2330.71,0.26,58,Web,21
SOL00334,Solicitud recibida,2026-03-21 12:22:42,Ejecutivo_03,Vehicular,25200.0,3042.8,0.7,22,Sucursal,70
SOL01012,Solicitud recibida,2026-03-21 14:21:27,Ejecutivo_04,Vehicular,10400.0,1622.47,0.43,37,Sucursal,62
SOL01008,Solicitud recibida,2026-03-21 14:27:40,Ejecutivo_02,Consumo,5100.0,1211.84,0.06,37,Agente,49
SOL00715,Solicitud recibida,2026-03-21 17:42:53,Ejecutivo_03,Personal,11400.0,2157.31,0.47,61,Sucursal,39
SOL00332,Solicitud recibida,2026-03-21 19:41:59,Ejecutivo_04,Personal,17200.0,2366.61,0.26,71,Sucursal,33
SOL00278,Recepción de información,2026-03-21 19:49:42,Sistema,Personal,4200.0,1042.6,0.27,15,Sucursal,43
SOL01122,solicitud recibida,2026-03-22 08:14:56,Ejecutivo_01,Personal,9300.0,497.31,0.35,30,Sucursal,46
SOL00919,Solicitud recibida,2026-03-22 09:32:13,Ejecutivo_03,Vehicular,33700.0,1933.03,0.24,140,Agente,44
SOL00842,Recepción de información,2026-03-22 09:45:29,Sistema,Personal,15600.0,2316.35,0.4,19,Web,56
SOL01062,Solicitud recibida,2026-03-22 12:43:39,Ejecutivo_02,Hipotecario,133500.0,1896.72,0.27,11,Sucursal,23
SOL00287,Solicitud recibida,2026-03-22 14:35:30,Ejecutivo_03,Consumo,3500.0,1941.72,0.4,12,Sucursal,24
SOL00613,Solicitud recibida,2026-03-22 14:36:21,Ejecutivo_01,Personal,19400.0,1097.52,0.15,120,Agente,56
SOL00961,Solicitud recibida,2026-03-22 17:09:49,Sistema,Vehicular,18300.0,1173.02,0.12,16,Web,33
SOL00469,Solicitud recibida,2026-03-22 19:54:02,Ejecutivo_06,Personal,4600.0,1971.41,0.26,9,Sucursal,61
SOL00515,Solicitud recibida,2026-03-23 07:00:19,Ejecutivo_05,Personal,18500.0,2844.51,0.28,23,Sucursal,33
SOL01183,Verificación de documentos,2026-03-23 08:00:00,Verificador_01,Consumo,7800.0,885.46,0.58,77,Web,59
SOL00278,Verificación de documentos,2026-03-23 08:00:00,Verificador_01,Personal,4200.0,1042.6,0.27,15,Sucursal,43
SOL00429,Formalización,2026-03-23 08:00:00,Ejecutivo_01,Personal,18500.0,1343.5,0.28,72,Sucursal,51
SOL01138,Desembolso,2026-03-23 08:00:00,Tesoreria,Consumo,1700.0,1282.09,0.11,133,Sucursal,37
SOL00026,Análisis financiero,2026-03-23 08:00:00,Analista_04,Hipotecario,223300.0,1025.03,0.41,101,Agente,66
SOL00574,Verificación de documentos,2026-03-23 08:00:00,Verificador_01,Personal,10500.0,1931.53,0.61,13,Sucursal,66
SOL01122,Verificación de documentos,2026-03-23 08:00:00,Verificador_04,Personal,9300.0,497.31,0.35,30,Sucursal,46
SOL00291,Desembolso,2026-03-23 08:00:00,Tesoreria,Personal,13700.0,1481.74,0.15,45,Agente,57
SOL00842,Verificación de documentos,2026-03-23 08:00:00,Verificador_01,Personal,15600.0,2316.35,0.4,19,Web,56
SOL00622,Formalización,2026-03-23 08:00:00,Ejecutivo_06,Personal,18900.0,2402.58,0.34,29,Sucursal,55
SOL00340,Aprobación,2026-03-23 08:00:00,Analista_01,Personal,11000.0,1622.37,0.11,43,Agente,57
SOL00311,Formalización,2026-03-23 08:00:00,Ejecutivo_03,Hipotecario,199500.0,2872.66,0.3,59,Sucursal,48
SOL00381,Desembolso,2026-03-23 08:00:00,Tesoreria,Vehicular,17800.0,1372.81,0.13,22,Web,26
SOL01015,Formalización,2026-03-23 08:00:00,Ejecutivo_03,Consumo,5700.0,1654.06,0.47,3,Sucursal,63
SOL00839,Reevaluación,2026-03-23 08:00:00,Analista_01,Vehicular,30900.0,1493.12,0.47,156,Web,66
SOL00613,Verificación de documentos,2026-03-23 08:00:00,Verificador_02,Personal,19400.0,1097.52,0.15,120,Agente,56
SOL01036,Verificación de documentos,2026-03-23 08:00:00,Verificador_02,Personal,5600.0,1190.21,0.17,17,Agente,58
SOL00265,Análisis financiero,2026-03-23 08:00:00,Analista_01,Consumo,5600.0,2414.96,0.32,5,Web,68
SOL00302,Aprobación,2026-03-23 08:00:00,Analista_07,Personal,13500.0,2853.7,0.14,25,Sucursal,39
SOL00531,Formalización,2026-03-23 08:00:00,Ejecutivo_05,Personal,10200.0,1745.12,0.29,6,Sucursal,34
SOL01042,Aprobación,2026-03-23 08:00:00,Analista_03,Personal,8300.0,2044.31,0.14,29,Sucursal,36
SOL00313,Verificación de documentos,2026-03-23 08:00:00,Verificador_01,Consumo,4100.0,2330.71,0.26,58,Web,21
SOL00850,Análisis financiero,2026-03-23 08:00:00,Analista_06,Vehicular,28300.0,3565.53,0.04,30,Sucursal,52
SOL00876,Desembolso,2026-03-23 08:00:00,Tesoreria,Personal,9200.0,5843.32,0.48,43,Agente,42
SOL01012,Verificación de documentos,2026-03-23 08:00:00,Verificador_01,Vehicular,10400.0,1622.47,0.43,37,Sucursal,62
SOL00969,Formalización,2026-03-23 08:00:00,Ejecutivo_06,Hipotecario,144800.0,1255.21,0.24,15,Sucursal,26
SOL00354,Desembolso,2026-03-23 08:00:00,Tesoreria,Personal,14900.0,2045.76,0.14,118,Agente,70
SOL00179,Análisis financiero,2026-03-23 08:00:00,Analista_03,Hipotecario,166300.0,1941.66,0.45,14,Web,34
SOL00407,Verificación de documentos,2026-03-23 08:00:00,Verificador_02,Personal,4400.0,3621.55,0.37,32,Web,55
SOL00052,Formalización,2026-03-23 08:00:00,Ejecutivo_04,Personal,6700.0,1725.55,0.16,11,Web,56
SOL01008,Verificación de documentos,2026-03-23 08:00:00,Verificador_03,Consumo,5100.0,1211.84,0.06,37,Agente,49
SOL00443,Análisis financiero,2026-03-23 08:00:00,Analista_07,Personal,4000.0,2498.36,0.2,6,Sucursal,47
SOL01190,Análisis financiero,2026-03-23 08:00:00,Analista_02,Consumo,1900.0,1178.99,0.12,6,Web,60
SOL01160,Desembolso,2026-03-23 08:00:00,Tesoreria,Personal,18400.0,808.87,0.08,49,Web,67
SOL00332,Verificación de documentos,2026-03-23 08:00:00,Verificador_01,Personal,17200.0,2366.61,0.26,71,Sucursal,33
SOL00838,Formalización,2026-03-23 08:00:00,Ejecutivo_01,Personal,5300.0,3214.33,0.45,72,Web,45
SOL00805,Desembolso,2026-03-23 08:00:00,Tesoreria,Vehicular,20100.0,4718.05,0.3,19,Sucursal,54
SOL00287,Verificación de documentos,2026-03-23 08:00:00,Verificador_03,Consumo,3500.0,1941.72,0.4,12,Sucursal,24
SOL00716,Reevaluación,2026-03-23 08:00:00,Analista_03,Hipotecario,216100.0,2942.78,0.41,29,Web,22
SOL00919,Verificación de documentos,2026-03-23 08:00:00,Verificador_03,Vehicular,33700.0,1933.03,0.24,140,Agente,44
SOL00596,Formalización,2026-03-23 08:00:00,Ejecutivo_04,Hipotecario,60600.0,3335.8,0.11,181,Agente,62
SOL00715,Verificación de documentos,2026-03-23 08:00:00,Verificador_01,Personal,11400.0,2157.31,0.47,61,Sucursal,39
SOL01062,Verificación de documentos,2026-03-23 08:00:00,Verificador_02,Hipotecario,133500.0,1896.72,0.27,11,Sucursal,23
SOL00238,Formalización,2026-03-23 08:00:00,Ejecutivo_01,Vehicular,17500.0,1912.69,0.11,97,Agente,40
SOL00353,Formalización,2026-03-23 08:00:00,Ejecutivo_03,Personal,5600.0,758.06,0.15,9,Web,22
SOL01161,Formalización,2026-03-23 08:00:00,Ejecutivo_06,Consumo,2900.0,2035.04,0.4,193,Sucursal,24
SOL00953,Análisis financiero,2026-03-23 08:00:00,Analista_02,Personal,14100.0,3600.52,0.28,39,Web,70
SOL00242,Formalización,2026-03-23 08:00:00,Ejecutivo_04,Vehicular,37700.0,2380.68,0.23,80,Agente,58
SOL00943,Formalización,2026-03-23 08:00:00,Ejecutivo_04,Vehicular,16100.0,759.95,0.47,150,Sucursal,50
SOL00334,Verificación de documentos,2026-03-23 08:00:00,Verificador_01,Vehicular,25200.0,3042.8,0.7,22,Sucursal,70
SOL00144,Análisis financiero,2026-03-23 08:00:00,Analista_08,Consumo,4200.0,2180.01,0.26,93,Web,54
SOL00678,Formalización,2026-03-23 08:00:00,Ejecutivo_01,Hipotecario,105300.0,3061.23,0.34,8,Agente,32
SOL01016,Análisis financiero,2026-03-23 08:00:00,Analista_08,Personal,15700.0,2361.05,0.05,20,Agente,28
SOL00138,Verificación de documentos,2026-03-23 08:00:00,Verificador_03,Hipotecario,131500.0,981.09,0.21,50,Agente,29
SOL00457,Formalización,2026-03-23 08:15:00,Ejecutivo_02,Consumo,6800.0,1258.82,0.28,19,Sucursal,66
SOL00469,Verificación de documentos,2026-03-23 08:17:00,Verificador_02,Personal,4600.0,1971.41,0.26,9,Sucursal,61
SOL01171,Desembolso,2026-03-23 08:20:00,Tesoreria,Personal,18900.0,1696.11,0.06,108,Web,39
SOL00695,Desembolso,2026-03-23 08:23:00,Tesoreria,Personal,13500.0,1193.7,0.46,248,Web,25
SOL00997,Formalización,2026-03-23 08:24:00,Ejecutivo_03,Personal,15800.0,3715.87,0.26,133,Web,23
SOL00961,Verificación de documentos,2026-03-23 08:26:00,Verificador_03,Vehicular,18300.0,1173.02,0.12,16,Web,33
SOL01122,Solicitud de información adicional,2026-03-23 08:30:01,Verificador_03,Personal,9300.0,497.31,0.35,30,Sucursal,46
SOL00842,Solicitud de información adicional,2026-03-23 08:30:01,Verificador_03,Personal,15600.0,2316.35,0.4,19,Web,56
SOL00613,Solicitud de información adicional,2026-03-23 08:30:01,Verificador_02,Personal,19400.0,1097.52,0.15,120,Agente,56
SOL01012,Solicitud de información adicional,2026-03-23 08:30:01,Verificador_04,Vehicular,10400.0,1622.47,0.43,37,Sucursal,62
SOL00919,Solicitud de información adicional,2026-03-23 08:30:01,Verificador_04,Vehicular,33700.0,1933.03,0.24,140,Agente,44
SOL01064,Solicitud recibida,2026-03-23 09:29:01,Sistema,Personal,9900.0,976.74,0.42,69,Web,56
SOL00180,Solicitud recibida,2026-03-23 09:47:35,Sistema,Personal,12900.0,1464.89,0.47,11,Web,66
SOL00398,Solicitud recibida,2026-03-23 09:55:31,Ejecutivo_06,Vehicular,36600.0,1276.74,0.33,133,Agente,60
SOL01190,Aprobación,2026-03-23 10:09:24,Analista_02,Consumo,1900.0,1178.99,0.12,6,Web,60
SOL00407,Aprobación,2026-03-23 10:27:42,Gerente_Sucursal_02,Personal,4400.0,3621.55,0.37,32,Web,55
SOL01016,Aprobación,2026-03-23 10:42:18,Analista_08,Personal,15700.0,2361.05,0.05,20,Agente,28
SOL01044,Solicitud recibida,2026-03-23 11:24:02,Sistema,Personal,3100.0,2534.59,0.51,197,Web,67
SOL01044,Verificación de documentos,2026-03-23 12:23:38,Verificador_04,Personal,3100.0,2534.59,0.51,197,Web,67
SOL00839,Aprobación,2026-03-23 12:34:14,Analista_01,Vehicular,30900.0,1493.12,0.47,156,Web,66
SOL00443,Aprobación,2026-03-23 12:35:35,Analista_07,Personal,4000.0,2498.36,0.2,6,Sucursal,47
SOL00716,Aprobación,2026-03-23 12:47:53,Analista_03,Hipotecario,216100.0,2942.78,0.41,29,Web,22
SOL00220,Solicitud recibida,2026-03-23 13:03:18,Sistema,Personal,10600.0,843.87,0.16,25,Web,29
SOL00683,Solicitud recibida,2026-03-23 13:47:05,Sistema,Vehicular,29300.0,725.58,0.51,164,Web,31
SOL00953,Aprobación,2026-03-23 13:51:30,Analista_02,Personal,14100.0,3600.52,0.28,39,Web,70
SOL00850,Aprobación,2026-03-23 13:58:55,Analista_06,Vehicular,28300.0,3565.53,0.04,30,Sucursal,52
SOL01044,Aprobación,2026-03-23 14:12:53,Gerente_Sucursal_01,Personal,3100.0,2534.59,0.51,197,Web,67
SOL00515,Verificacion de documentos,2026-03-23 15:12:01,Verificador_03,Personal,18500.0,2844.51,0.28,23,Sucursal,33
SOL00144,Aprobación,2026-03-23 16:29:26,Analista_08,Consumo,4200.0,2180.01,0.26,93,Web,54
SOL01041,Solicitud recibida,2026-03-23 21:41:01,Sistema,Vehicular,11600.0,2413.95,0.4,152,Web,24
SOL00919,Recepción de información,2026-03-24 05:29:16,Sistema,Vehicular,33700.0,1933.03,0.24,140,Agente,44
SOL00103,Solicitud recibida,2026-03-24 07:52:56,Sistema,Hipotecario,120800.0,783.95,0.46,25,Web,43
SOL01064,Verificación de documentos,2026-03-24 08:00:00,Verificador_01,Personal,9900.0,976.74,0.42,69,Web,56
SOL00332,Análisis financiero,2026-03-24 08:00:00,Analista_06,Personal,17200.0,2366.61,0.26,71,Sucursal,33
SOL00238,Desembolso,2026-03-24 08:00:00,Tesoreria,Vehicular,17500.0,1912.69,0.11,97,Agente,40
SOL00287,Análisis financiero,2026-03-24 08:00:00,Analista_04,Consumo,3500.0,1941.72,0.4,12,Sucursal,24
SOL00678,Desembolso,2026-03-24 08:00:00,Tesoreria,Hipotecario,105300.0,3061.23,0.34,8,Agente,32
SOL00334,Análisis financiero,2026-03-24 08:00:00,Analista_04,Vehicular,25200.0,3042.8,0.7,22,Sucursal,70
SOL00265,Aprobación,2026-03-24 08:00:00,Analista_01,Consumo,5600.0,2414.96,0.32,5,Web,68
SOL00398,Verificación de documentos,2026-03-24 08:00:00,Verificador_03,Vehicular,36600.0,1276.74,0.33,133,Agente,60
SOL00311,Desembolso,2026-03-24 08:00:00,Tesoreria,Hipotecario,199500.0,2872.66,0.3,59,Sucursal,48
SOL00838,Desembolso,2026-03-24 08:00:00,Tesoreria,Personal,5300.0,3214.33,0.45,72,Web,45
SOL00622,Desembolso,2026-03-24 08:00:00,Tesoreria,Personal,18900.0,2402.58,0.34,29,Sucursal,55
SOL00715,Análisis financiero,2026-03-24 08:00:00,Analista_04,Personal,11400.0,2157.31,0.47,61,Sucursal,39
SOL00407,Formalización,2026-03-24 08:00:00,Ejecutivo_05,Personal,4400.0,3621.55,0.37,32,Web,55
SOL00278,Análisis financiero,2026-03-24 08:00:00,Analista_06,Personal,4200.0,1042.6,0.27,15,Sucursal,43
SOL00429,Desembolso,2026-03-24 08:00:00,Tesoreria,Personal,18500.0,1343.5,0.28,72,Sucursal,51
SOL00353,Desembolso,2026-03-24 08:00:00,Tesoreria,Personal,5600.0,758.06,0.15,9,Web,22
SOL00469,Aprobación,2026-03-24 08:00:00,Gerente_Sucursal_01,Personal,4600.0,1971.41,0.26,9,Sucursal,61
SOL01015,Desembolso,2026-03-24 08:00:00,Tesoreria,Consumo,5700.0,1654.06,0.47,3,Sucursal,63
SOL00457,Desembolso,2026-03-24 08:06:00,Tesoreria,Consumo,6800.0,1258.82,0.28,19,Sucursal,66
SOL00531,Desembolso,2026-03-24 08:11:00,Tesoreria,Personal,10200.0,1745.12,0.29,6,Sucursal,34
SOL00943,Desembolso,2026-03-24 08:11:00,Tesoreria,Vehicular,16100.0,759.95,0.47,150,Sucursal,50
SOL01154,Solicitud recibida,2026-03-24 08:15:49,Ejecutivo_01,Vehicular,27400.0,3535.91,0.18,35,Sucursal,48
SOL01042,Formalización,2026-03-24 08:18:00,Ejecutivo_01,Personal,8300.0,2044.31,0.14,29,Sucursal,36
SOL00997,Desembolso,2026-03-24 08:19:00,Tesoreria,Personal,15800.0,3715.87,0.26,133,Web,23
SOL01041,Verificación de documentos,2026-03-24 08:23:11,Verificador_04,Vehicular,11600.0,2413.95,0.4,152,Web,24
SOL00220,Verificación de documentos,2026-03-24 08:26:00,Verificador_02,Personal,10600.0,843.87,0.16,25,Web,29
SOL00180,Verificación de documentos,2026-03-24 08:26:00,Verificador_01,Personal,12900.0,1464.89,0.47,11,Web,66
SOL00683,Verificación de documentos,2026-03-24 08:27:00,Verificador_03,Vehicular,29300.0,725.58,0.51,164,Web,31
SOL00313,Análisis financiero,2026-03-24 08:28:00,Analista_02,Consumo,4100.0,2330.71,0.26,58,Web,21
SOL01064,solicitud de información adicional,2026-03-24 08:30:01,Verificador_03,Personal,9900.0,976.74,0.42,69,Web,56
SOL00166,Desistimiento,2026-03-24 08:30:02,Sistema,Vehicular,25400.0,1018.12,0.37,93,Web,34
SOL01183,Análisis financiero,2026-03-24 08:38:06,Analista_01,Consumo,7800.0,885.46,0.58,77,Web,59
SOL00037,Desistimiento,2026-03-24 08:40:02,Sistema,Consumo,5400.0,880.98,0.31,21,Sucursal,67
SOL00596,Desembolso,2026-03-24 08:41:33,Tesoreria,Hipotecario,60600.0,3335.8,0.11,181,Agente,62
SOL00271,Solicitud recibida,2026-03-24 08:44:56,Sistema,Vehicular,10800.0,1614.06,0.49,48,Web,29
SOL01062,Análisis financiero,2026-03-24 08:51:07,Analista_01,Hipotecario,133500.0,1896.72,0.27,11,Sucursal,23
SOL01041,Solicitud de información adicional,2026-03-24 08:53:12,Verificador_03,Vehicular,11600.0,2413.95,0.4,152,Web,24
SOL00220,Solicitud de información adicional,2026-03-24 08:56:01,Verificador_03,Personal,10600.0,843.87,0.16,25,Web,29
SOL00180,Solicitud de información adicional,2026-03-24 08:56:01,Verificador_01,Personal,12900.0,1464.89,0.47,11,Web,66
SOL00574,Análisis financiero,2026-03-24 09:02:55,Analista_07,Personal,10500.0,1931.53,0.61,13,Sucursal,66
SOL00192,Solicitud recibida,2026-03-24 09:05:19,Ejecutivo_04,Consumo,2700.0,908.63,0.42,24,Sucursal,31
SOL00953,Formalización,2026-03-24 09:29:02,Ejecutivo_06,Personal,14100.0,3600.52,0.28,39,Web,70
SOL00242,Desembolso,2026-03-24 09:32:52,Tesoreria,Vehicular,37700.0,2380.68,0.23,80,Agente,58
SOL00278,Aprobación,2026-03-24 09:52:26,Analista_06,Personal,4200.0,1042.6,0.27,15,Sucursal,43
SOL00919,Verificación de documentos,2026-03-24 10:19:03,Verificador_01,Vehicular,33700.0,1933.03,0.24,140,Agente,44
SOL01183,Rechazo,2026-03-24 10:29:58,Analista_01,Consumo,7800.0,885.46,0.58,77,Web,59
SOL00760,Solicitud recibida,2026-03-24 10:34:57,Ejecutivo_01,Hipotecario,103200.0,1865.45,0.29,19,Sucursal,34
SOL00515,Análisis financiero,2026-03-24 10:56:41,Analista_08,Personal,18500.0,2844.51,0.28,23,Sucursal,33
SOL00287,Aprobación,2026-03-24 11:15:00,Analista_04,Consumo,3500.0,1941.72,0.4,12,Sucursal,24
SOL01091,Solicitud recibida,2026-03-24 11:38:44,Ejecutivo_04,Consumo,1300.0,1044.93,0.21,76,Sucursal,51
SOL00138,Análisis financiero,2026-03-24 11:46:15,Analista_04,Hipotecario,131500.0,981.09,0.21,50,Agente,29
SOL00850,Formalización,2026-03-24 11:50:58,Ejecutivo_03,Vehicular,28300.0,3565.53,0.04,30,Sucursal,52
SOL01154,Verificación de documentos,2026-03-24 12:33:32,Verificador_04,Vehicular,27400.0,3535.91,0.18,35,Sucursal,48
SOL00407,Desembolso,2026-03-24 12:36:05,Tesoreria,Personal,4400.0,3621.55,0.37,32,Web,55
SOL00961,Análisis financiero,2026-03-24 14:29:59,Analista_04,Vehicular,18300.0,1173.02,0.12,16,Web,33
SOL00515,Aprobación,2026-03-24 14:48:08,Analista_08,Personal,18500.0,2844.51,0.28,23,Sucursal,33
SOL00986,Desistimiento,2026-03-24 15:29:59,Sistema,Hipotecario,236400.0,776.39,0.56,18,Web,60
SOL00647,Solicitud recibida,2026-03-24 15:31:55,Sistema,Consumo,5800.0,3177.68,0.21,2,Web,36
SOL00144,Formalización,2026-03-24 15:46:23,Ejecutivo_06,Consumo,4200.0,2180.01,0.26,93,Web,54
SOL00103,Verificación de documentos,2026-03-24 16:17:59,Verificador_02,Hipotecario,120800.0,783.95,0.46,25,Web,43
SOL00192,Verificación de documentos,2026-03-24 16:30:28,Verificador_01,Consumo,2700.0,908.63,0.42,24,Sucursal,31
SOL00313,Rechazo,2026-03-24 16:46:24,Analista_02,Consumo,4100.0,2330.71,0.26,58,Web,21
SOL00582,Solicitud recibida,2026-03-24 18:43:57,Sistema,Personal,19600.0,802.37,0.06,1,Web,69
SOL01122,Recepción de información,2026-03-24 19:11:57,Sistema,Personal,9300.0,497.31,0.35,30,Sucursal,46
SOL00724,Solicitud recibida,2026-03-24 19:42:31,Ejecutivo_06,Consumo,5900.0,2018.09,0.3,24,Sucursal,62
SOL01012,Recepción de información,2026-03-25 04:03:10,Sistema,Vehicular,10400.0,1622.47,0.43,37,Sucursal,62
SOL00180,Recepción de información,2026-03-25 04:11:44,Sistema,Personal,12900.0,1464.89,0.47,11,Web,66
SOL00839,Formalización,2026-03-25 08:00:00,Ejecutivo_05,Vehicular,30900.0,1493.12,0.47,156,Web,66
SOL01016,Formalización,2026-03-25 08:00:00,Ejecutivo_06,Personal,15700.0,2361.05,0.05,20,Agente,28
SOL01091,Verificación de documentos,2026-03-25 08:00:00,Verificador_03,Consumo,1300.0,1044.93,0.21,76,Sucursal,51
SOL00647,Verificación de documentos,2026-03-25 08:00:00,Verificador_01,Consumo,5800.0,3177.68,0.21,2,Web,36
SOL01036,Análisis financiero,2026-03-25 08:00:00,Analista_04,Personal,5600.0,1190.21,0.17,17,Agente,58
SOL00760,Verificación de documentos,2026-03-25 08:00:00,Verificador_01,Hipotecario,103200.0,1865.45,0.29,19,Sucursal,34
SOL00969,Desembolso,2026-03-25 08:00:00,Tesoreria,Hipotecario,144800.0,1255.21,0.24,15,Sucursal,26
SOL00953,Desembolso,2026-03-25 08:00:00,Tesoreria,Personal,14100.0,3600.52,0.28,39,Web,70
SOL00332,Aprobación,,Analista_06,Personal,17200.0,2366.61,0.26,71,Sucursal,33
SOL00052,Desembolso,2026-03-25 08:00:00,Tesoreria,Personal,6700.0,1725.55,0.16,11,Web,56
SOL01008,Análisis financiero,2026-03-25 08:00:00,Analista_05,Consumo,5100.0,1211.84,0.06,37,Agente,49
SOL00961,Aprobación,2026-03-25 08:00:00,Analista_04,Vehicular,18300.0,1173.02,0.12,16,Web,33
SOL00716,Formalización,2026-03-25 08:01:10,Ejecutivo_02,Hipotecario,216100.0,2942.78,0.41,29,Web,22
SOL00103,Análisis financiero,2026-03-25 08:05:00,Analista_05,Hipotecario,120800.0,783.95,0.46,25,Web,43
SOL00265,Formalización,2026-03-25 08:08:00,Ejecutivo_01,Consumo,5600.0,2414.96,0.32,5,Web,68
SOL01154,Análisis financiero,2026-03-25 08:14:00,Analista_02,Vehicular,27400.0,3535.91,0.18,35,Sucursal,48
SOL00715,Reevaluación,2026-03-25 08:16:00,Analista_04,Personal,11400.0,2157.31,0.47,61,Sucursal,39
SOL01161,Desembolso,2026-03-25 08:18:00,Tesoreria,Consumo,2900.0,2035.04,0.4,193,Sucursal,24
SOL01042,Desembolso,2026-03-25 08:20:00,Tesoreria,Personal,8300.0,2044.31,0.14,29,Sucursal,36
SOL01190,Formalización,2026-03-25 08:29:00,Ejecutivo_03,Consumo,1900.0,1178.99,0.12,6,Web,60
SOL00180,Verificación de documentos,2026-03-25 08:29:00,Verificador_03,Personal,12900.0,1464.89,0.47,11,Web,66
SOL00850,Desembolso,2026-03-25 08:35:21,Tesoreria,Vehicular,28300.0,3565.53,0.04,30,Sucursal,52
SOL00271,Verificación de documentos,2026-03-25 08:47:18,Verificador_01,Vehicular,10800.0,1614.06,0.49,48,Web,29
SOL00525,Solicitud recibida,2026-03-25 08:53:07,Ejecutivo_01,Consumo,3000.0,1549.73,0.51,19,Sucursal,28
SOL00271,Solicitud de información adicional,2026-03-25 09:17:19,Verificador_03,Vehicular,10800.0,1614.06,0.49,48,Web,29
SOL01122,Verificación de documentos,2026-03-25 09:40:08,Verificador_03,Personal,9300.0,497.31,0.35,30,Sucursal,46
SOL01036,Aprobación,2026-03-25 10:10:13,Analista_04,Personal,5600.0,1190.21,0.17,17,Agente,58
SOL00967,Solicitud recibida,2026-03-25 10:29:03,Ejecutivo_06,Personal,15600.0,1500.7,0.5,7,Sucursal,50
SOL00079,Solicitud recibida,2026-03-25 10:53:50,Ejecutivo_05,Consumo,6400.0,695.69,0.26,8,Sucursal,70
SOL00278,Formalización,2026-03-25 11:11:42,Ejecutivo_05,Personal,4200.0,1042.6,0.27,15,Sucursal,43
SOL00582,Verificación de documentos,2026-03-25 11:56:13,Verificador_02,Personal,19600.0,802.37,0.06,1,Web,69
SOL00724,Verificación de documentos,2026-03-25 12:07:55,Verificador_04,Consumo,5900.0,2018.09,0.3,24,Sucursal,62
SOL00842,Recepción de información,2026-03-25 12:12:46,Sistema,Personal,15600.0,2316.35,0.4,19,Web,56
SOL00582,Solicitud de información adicional,2026-03-25 12:26:14,Verificador_01,Personal,19600.0,802.37,0.06,1,Web,69
SOL01012,Verificación de documentos,2026-03-25 12:59:37,Verificador_03,Vehicular,10400.0,1622.47,0.43,37,Sucursal,62
SOL00574,Reevaluación,2026-03-25 13:20:55,Analista_07,Personal,10500.0,1931.53,0.61,13,Sucursal,66
SOL00334,Reevaluación,2026-03-25 13:32:33,Analista_04,Vehicular,25200.0,3042.8,0.7,22,Sucursal,70
SOL01008,Aprobación,2026-03-25 13:39:46,Analista_05,Consumo,5100.0,1211.84,0.06,37,Agente,49
SOL00390,Recepción de información,2026-03-25 14:37:08,Sistema,Personal,6100.0,1212.72,0.55,160,Web,57
SOL00302,Formalización,2026-03-25 15:23:11,Ejecutivo_04,Personal,13500.0,2853.7,0.14,25,Sucursal,39
SOL00463,Solicitud recibida,2026-03-25 15:57:36,Sistema,Consumo,3100.0,1873.29,0.56,12,Web,31
SOL00574,Aprobación,2026-03-25 16:37:25,Analista_07,Personal,10500.0,1931.53,0.61,13,Sucursal,66
SOL01154,Aprobación,2026-03-25 16:39:13,Analista_02,Vehicular,27400.0,3535.91,0.18,35,Sucursal,48
SOL00842,Verificación de documentos,2026-03-25 16:59:46,Verificador_01,Personal,15600.0,2316.35,0.4,19,Web,56
SOL01131,Solicitud recibida,2026-03-25 17:03:12,Ejecutivo_03,Personal,7600.0,1923.5,0.35,106,Sucursal,68
SOL01189,Solicitud recibida,2026-03-25 21:49:17,Ejecutivo_02,Personal,13900.0,2543.42,0.28,49,Sucursal,62
SOL00470,Recepción de información,2026-03-26 02:19:26,Sistema,Personal,10500.0,951.85,0.42,42,Sucursal,23
SOL00419,Solicitud recibida,2026-03-26 07:38:26,Ejecutivo_02,Vehicular,12200.0,1285.28,0.25,35,Sucursal,63
SOL00961,Formalización,2026-03-26 08:00:00,Ejecutivo_05,Vehicular,18300.0,1173.02,0.12,16,Web,33
SOL00647,Análisis financiero,2026-03-26 08:00:00,Analista_05,Consumo,5800.0,3177.68,0.21,2,Web,36
SOL00192,Análisis financiero,2026-03-26 08:00:00,Analista_08,Consumo,2700.0,908.63,0.42,24,Sucursal,31
SOL00919,Análisis financiero,2026-03-26 08:00:00,Analista_07,Vehicular,33700.0,1933.03,0.24,140,Agente,44
SOL00525,Verificación de documentos,2026-03-26 08:00:00,Verificador_01,Consumo,3000.0,1549.73,0.51,19,Sucursal,28
SOL00515,Formalización,2026-03-26 08:00:00,Ejecutivo_03,Personal,18500.0,2844.51,0.28,23,Sucursal,33
SOL00443,Formalización,2026-03-26 08:00:00,Ejecutivo_01,Personal,4000.0,2498.36,0.2,6,Sucursal,47
SOL01122,Análisis financiero,2026-03-26 08:00:00,Analista_05,Personal,9300.0,497.31,0.35,30,Sucursal,46
SOL01131,Verificación de documentos,2026-03-26 08:00:00,Verificador_04,Personal,7600.0,1923.5,0.35,106,Sucursal,68
SOL00265,Desembolso,2026-03-26 08:00:00,Tesoreria,Consumo,5600.0,2414.96,0.32,5,Web,68
SOL00967,Verificación de documentos,2026-03-26 08:00:00,Verificador_03,Personal,15600.0,1500.7,0.5,7,Sucursal,50
SOL00390,Verificación de documentos,2026-03-26 08:00:00,Verificador_03,Personal,6100.0,1212.72,0.55,160,Web,57
SOL00724,Análisis financiero,2026-03-26 08:00:00,Analista_01,Consumo,5900.0,2018.09,0.3,24,Sucursal,62
SOL00144,Desembolso,2026-03-26 08:00:00,Tesoreria,Consumo,4200.0,2180.01,0.26,93,Web,54
SOL00079,Verificación de documentos,2026-03-26 08:00:00,Verificador_01,Consumo,6400.0,695.69,0.26,8,Sucursal,70
SOL00180,Análisis financiero,2026-03-26 08:00:00,Analista_07,Personal,12900.0,1464.89,0.47,11,Web,66
SOL00334,Aprobación,2026-03-26 08:00:00,Analista_04,Vehicular,25200.0,3042.8,0.7,22,Sucursal,70
SOL00715,Reevaluación,2026-03-26 08:05:00,Analista_04,Personal,11400.0,2157.31,0.47,61,Sucursal,39
SOL01190,Desembolso,2026-03-26 08:06:00,Tesoreria,Consumo,1900.0,1178.99,0.12,6,Web,60
SOL00760,Análisis financiero,2026-03-26 08:09:00,Analista_06,Hipotecario,103200.0,1865.45,0.29,19,Sucursal,34
SOL00683,Análisis financiero,2026-03-26 08:17:00,Analista_08,Vehicular,29300.0,725.58,0.51,164,Web,31
SOL01012,Análisis financiero,2026-03-26 08:20:00,Analista_01,Vehicular,10400.0,1622.47,0.43,37,Sucursal,62
SOL00302,Desembolso,2026-03-26 08:21:00,Tesoreria,Personal,13500.0,2853.7,0.14,25,Sucursal,39
SOL00469,Formalización,2026-03-26 08:21:00,Ejecutivo_05,Personal,4600.0,1971.41,0.26,9,Sucursal,61
SOL01091,Análisis financiero,2026-03-26 08:21:00,Analista_02,Consumo,1300.0,1044.93,0.21,76,Sucursal,51
SOL01044,Formalización,2026-03-26 08:22:00,Ejecutivo_02,Personal,3100.0,2534.59,0.51,197,Web,67
SOL00470,Verificación de documentos,2026-03-26 08:28:00,Verificador_04,Personal,10500.0,951.85,0.42,42,Sucursal,23
SOL01131,Solicitud de información adicional,2026-03-26 08:30:01,Verificador_04,Personal,7600.0,1923.5,0.35,106,Sucursal,68
SOL00390,Solicitud de información adicional,2026-03-26 08:30:01,Verificador_01,Personal,6100.0,1212.72,0.55,160,Web,57
SOL00839,Desembolso,2026-03-26 08:36:19,Tesoreria,Vehicular,30900.0,1493.12,0.47,156,Web,66
SOL00278,Desembolso,2026-03-26 09:27:49,Tesoreria,Personal,4200.0,1042.6,0.27,15,Sucursal,43
SOL00332,Formalización,2026-03-26 09:55:40,Ejecutivo_06,Personal,17200.0,2366.61,0.26,71,Sucursal,33
SOL00236,Comité de crédito,2026-03-26 10:00:01,Comite,Hipotecario,55700.0,1484.09,0.21,31,Sucursal,44
SOL00026,Comité de crédito,2026-03-26 10:00:01,Comite,Hipotecario,223300.0,1025.03,0.41,101,Agente,66
SOL01062,Comité de crédito,2026-03-26 10:00:01,Comite,Hipotecario,133500.0,1896.72,0.27,11,Sucursal,23
SOL00138,Comité de crédito,2026-03-26 10:00:01,Comite,Hipotecario,131500.0,981.09,0.21,50,Agente,29
SOL00179,Comité de crédito,2026-03-26 10:00:01,Comite,Hipotecario,166300.0,1941.66,0.45,14,Web,34
SOL00103,Comité de crédito,2026-03-26 10:00:01,Comite,Hipotecario,120800.0,783.95,0.46,25,Web,43
SOL00183,Comité de crédito,2026-03-26 10:00:01,Comite,Hipotecario,116500.0,667.47,0.43,0,Agente,64
SOL01189,Verificación de documentos,2026-03-26 10:14:34,Verificador_02,Personal,13900.0,2543.42,0.28,49,Sucursal,62
SOL00463,Verificación de documentos,2026-03-26 10:20:26,Verificador_01,Consumo,3100.0,1873.29,0.56,12,Web,31
SOL01189,Solicitud de información adicional,2026-03-26 10:44:35,Verificador_03,Personal,13900.0,2543.42,0.28,49,Sucursal,62
SOL00463,Solicitud de información adicional,2026-03-26 10:50:27,Verificador_01,Consumo,3100.0,1873.29,0.56,12,Web,31
SOL00724,Aprobación,2026-03-26 10:54:43,Analista_01,Consumo,5900.0,2018.09,0.3,24,Sucursal,62
SOL00647,Aprobación,2026-03-26 10:58:25,Analista_05,Consumo,5800.0,3177.68,0.21,2,Web,36
SOL01122,Rechazo,2026-03-26 11:22:48,Analista_05,Personal,9300.0,497.31,0.35,30,Sucursal,46
SOL01091,Aprobación,2026-03-26 12:16:12,Analista_02,Consumo,1300.0,1044.93,0.21,76,Sucursal,51
SOL00287,Formalización,2026-03-26 12:31:07,Ejecutivo_04,Consumo,3500.0,1941.72,0.4,12,Sucursal,24
SOL01062,Aprobación,2026-03-26 12:37:04,Comite,Hipotecario,133500.0,1896.72,0.27,11,Sucursal,23
SOL00715,Rechazo,2026-03-26 13:20:57,Analista_04,Personal,11400.0,2157.31,0.47,61,Sucursal,39
SOL00398,Análisis financiero,2026-03-26 13:51:26,Analista_07,Vehicular,36600.0,1276.74,0.33,133,Agente,60
SOL00138,Aprobación,2026-03-26 14:06:21,Comite,Hipotecario,131500.0,981.09,0.21,50,Agente,29
SOL00854,Solicitud recibida,2026-03-26 14:14:26,Ejecutivo_03,Vehicular,11900.0,794.85,0.13,25,Sucursal,34
SOL00525,Análisis financiero,2026-03-26 14:42:47,Analista_04,Consumo,3000.0,1549.73,0.51,19,Sucursal,28
SOL00103,Rechazo,2026-03-26 15:13:39,Analista_05,Hipotecario,120800.0,783.95,0.46,25,Web,43
SOL00469,Desembolso,2026-03-26 15:20:31,Tesoreria,Personal,4600.0,1971.41,0.26,9,Sucursal,61
SOL00236,Rechazo,2026-03-26 15:32:52,Analista_05,Hipotecario,55700.0,1484.09,0.21,31,Sucursal,44
SOL00026,Rechazo,2026-03-26 15:38:48,Analista_04,Hipotecario,223300.0,1025.03,0.41,101,Agente,66
SOL00420,Solicitud recibida,2026-03-26 15:45:17,Ejecutivo_03,Vehicular,27600.0,1632.63,0.34,4,Agente,70
SOL00213,Solicitud recibida,2026-03-26 16:06:46,Ejecutivo_05,Consumo,6500.0,938.19,0.35,19,Sucursal,56
SOL00835,Solicitud recibida,2026-03-26 16:34:44,Ejecutivo_05,Personal,9100.0,1423.97,0.46,31,Agente,41
SOL00829,Solicitud recibida,2026-03-26 17:09:00,Ejecutivo_04,Personal,9500.0,600.01,0.22,55,Agente,44
SOL00594,Solicitud recibida,2026-03-26 20:27:30,Ejecutivo_06,Personal,8800.0,2622.51,0.55,108,Sucursal,48
SOL00603,Solicitud recibida,2026-03-27 07:42:31,Ejecutivo_03,Personal,13500.0,3993.87,0.28,56,Sucursal,44
SOL01012,Rechazo,2026-03-27 08:00:00,Analista_01,Vehicular,10400.0,1622.47,0.43,37,Sucursal,62
SOL00967,Análisis financiero,2026-03-27 08:00:00,Analista_02,Personal,15600.0,1500.7,0.5,7,Sucursal,50
SOL00179,Reevaluación,2026-03-27 08:00:00,Analista_03,Hipotecario,166300.0,1941.66,0.45,14,Web,34
SOL00515,Desembolso,2026-03-27 08:00:00,Tesoreria,Personal,18500.0,2844.51,0.28,23,Sucursal,33
SOL00525,Aprobación,2026-03-27 08:00:00,Analista_04,Consumo,3000.0,1549.73,0.51,19,Sucursal,28
SOL00079,Análisis financiero,2026-03-27 08:00:00,Analista_06,Consumo,6400.0,695.69,0.26,8,Sucursal,70
SOL01016,Desembolso,2026-03-27 08:00:00,Tesoreria,Personal,15700.0,2361.05,0.05,20,Agente,28
SOL00854,Verificación de documentos,2026-03-27 08:00:00,Verificador_01,Vehicular,11900.0,794.85,0.13,25,Sucursal,34
SOL00213,Verificación de documentos ,2026-03-27 08:00:00,Verificador_03,Consumo,6500.0,938.19,0.35,19,Sucursal,56
SOL00835,Verificación de documentos,2026-03-27 08:00:00,Verificador_03,Personal,9100.0,1423.97,0.46,31,Agente,41
SOL00420,Verificación de documentos,2026-03-27 08:00:00,Verificador_02,Vehicular,27600.0,1632.63,0.34,4,Agente,70
SOL00842,Análisis financiero,2026-03-27 08:00:00,Analista_08,Personal,15600.0,2316.35,0.4,19,Web,56
SOL00180,Reevaluación,2026-03-27 08:00:00,Analista_07,Personal,12900.0,1464.89,0.47,11,Web,66
SOL00419,Verificación de documentos,2026-03-27 08:00:00,Verificador_04,Vehicular,12200.0,1285.28,0.25,35,Sucursal,63
SOL00183,Reevaluación,2026-03-27 08:01:00,Analista_08,Hipotecario,116500.0,667.47,0.43,0,Agente,64
SOL00772,Formalización,2026-03-27 08:10:00,Ejecutivo_06,Hipotecario,166100.0,2254.46,0.5,105,Sucursal,70
SOL00574,Formalización,2026-03-27 08:11:00,Ejecutivo_06,Personal,10500.0,1931.53,0.61,13,Sucursal,66
SOL01036,Formalización,2026-03-27 08:13:00,Ejecutivo_05,Personal,5600.0,1190.21,0.17,17,Agente,58
SOL00594,Verificación de documentos,2026-03-27 08:17:00,Verificador_03,Personal,8800.0,2622.51,0.55,108,Sucursal,48
SOL00829,Verificación de documentos,2026-03-27 08:25:00,Verificador_04,Personal,9500.0,600.01,0.22,55,Agente,44
SOL00683,Reevaluación,2026-03-27 08:27:00,Analista_08,Vehicular,29300.0,725.58,0.51,164,Web,31
SOL00340,Formalización,2026-03-27 08:27:00,Ejecutivo_06,Personal,11000.0,1622.37,0.11,43,Agente,57
SOL00724,Formalización,2026-03-27 08:28:00,Ejecutivo_03,Consumo,5900.0,2018.09,0.3,24,Sucursal,62
SOL00287,Desembolso,2026-03-27 08:29:00,Tesoreria,Consumo,3500.0,1941.72,0.4,12,Sucursal,24
SOL00961,Desembolso,2026-03-27 08:29:00,Tesoreria,Vehicular,18300.0,1173.02,0.12,16,Web,33
SOL00419,Solicitud de información adicional,2026-03-27 08:30:01,Verificador_03,Vehicular,12200.0,1285.28,0.25,35,Sucursal,63
SOL00829,Solicitud de información adicional,2026-03-27 08:55:01,Verificador_04,Personal,9500.0,600.01,0.22,55,Agente,44
SOL00303,Solicitud recibida,2026-03-27 09:05:10,Ejecutivo_01,Vehicular,20600.0,4192.79,0.23,5,Sucursal,65
SOL00582,Recepción de información,2026-03-27 11:20:56,Sistema,Personal,19600.0,802.37,0.06,1,Web,69
SOL01154,Formalización,2026-03-27 12:16:14,Ejecutivo_02,Vehicular,27400.0,3535.91,0.18,35,Sucursal,48
SOL00079,Aprobación,2026-03-27 12:27:24,Analista_06,Consumo,6400.0,695.69,0.26,8,Sucursal,70
SOL00183,Rechazo,2026-03-27 12:32:09,Analista_08,Hipotecario,116500.0,667.47,0.43,0,Agente,64
SOL00005,Solicitud recibida,2026-03-27 12:35:31,Ejecutivo_02,Consumo,4000.0,1583.78,0.39,84,Sucursal,57
SOL00967,Rechazo,2026-03-27 12:50:15,Analista_02,Personal,15600.0,1500.7,0.5,7,Sucursal,50
SOL00332,Desembolso,2026-03-27 13:35:50,Tesoreria,Personal,17200.0,2366.61,0.26,71,Sucursal,33
SOL00603,Verificación de documentos,2026-03-27 13:39:07,Verificador_03,Personal,13500.0,3993.87,0.28,56,Sucursal,44
SOL00683,Aprobación,2026-03-27 14:01:57,Analista_08,Vehicular,29300.0,725.58,0.51,164,Web,31
SOL00180,Aprobación,2026-03-27 14:05:15,Analista_07,Personal,12900.0,1464.89,0.47,11,Web,66
SOL00192,Reevaluación,2026-03-27 14:32:32,Analista_08,Consumo,2700.0,908.63,0.42,24,Sucursal,31
SOL00470,Análisis financiero,2026-03-27 14:50:35,Analista_04,Personal,10500.0,951.85,0.42,42,Sucursal,23
SOL00582,Verificación de documentos,2026-03-27 14:53:32,Verificador_04,Personal,19600.0,802.37,0.06,1,Web,69
SOL01044,Desembolso,2026-03-27 15:11:27,Tesoreria,Personal,3100.0,2534.59,0.51,197,Web,67
SOL00337,Solicitud recibida,2026-03-27 16:29:59,Ejecutivo_02,Vehicular,38700.0,606.95,0.27,11,Sucursal,62
SOL01117,Solicitud recibida,2026-03-27 19:10:13,Ejecutivo_05,Vehicular,14400.0,2364.27,0.46,161,Sucursal,21
SOL00887,Solicitud recibida,2026-03-27 19:52:24,Ejecutivo_04,Personal,9000.0,1159.61,0.37,41,Sucursal,51
SOL01194,Solicitud recibida,2026-03-28 12:20:37,Ejecutivo_06,Consumo,7100.0,1281.59,0.2,226,Agente,61
SOL00923,Solicitud recibida,2026-03-28 12:35:13,Ejecutivo_02,Personal,6300.0,1786.3,0.45,62,Sucursal,29
SOL01041,Recepción de información,2026-03-28 13:55:20,Sistema,Vehicular,11600.0,2413.95,0.4,152,Web,24
SOL00492,Solicitud recibida,2026-03-28 15:12:49,Sistema,Personal,7500.0,1436.37,0.05,61,Web,41
SOL01089,Solicitud recibida,2026-03-28 16:54:49,Ejecutivo_04,Consumo,1300.0,4745.57,0.2,17,Sucursal,38
SOL00939,Solicitud recibida,2026-03-28 19:48:28,Sistema,Personal,13700.0,1721.23,0.35,39,Web,41
SOL00220,Recepción de información,2026-03-28 23:36:34,Sistema,Personal,10600.0,843.87,0.16,25,Web,29
SOL00478,Solicitud recibida,2026-03-29 07:23:58,Sistema,Vehicular,21400.0,2075.34,0.25,131,Web,46
SOL00195,Solicitud recibida,2026-03-29 09:53:00,Sistema,Hipotecario,152900.0,727.17,0.48,33,Web,32
SOL00900,Solicitud recibida,2026-03-29 14:20:37,Ejecutivo_03,Personal,17900.0,1151.86,0.16,9,Sucursal,62
SOL00097,Solicitud recibida,2026-03-29 14:28:36,Ejecutivo_05,Consumo,7200.0,1368.34,0.45,42,Sucursal,66
SOL00746,Solicitud recibida,2026-03-29 15:12:03,Ejecutivo_05,Personal,15400.0,937.14,0.17,27,Sucursal,38
SOL00732,Solicitud recibida,2026-03-29 16:18:22,Ejecutivo_03,Personal,11700.0,1595.1,0.42,2,Agente,41
SOL00633,Solicitud recibida,2026-03-29 17:15:49,Ejecutivo_02,Personal,3800.0,1766.94,0.11,57,Sucursal,55
SOL00761,Solicitud recibida,2026-03-29 17:34:30,Sistema,Personal,19100.0,1400.74,0.49,31,Web,58
SOL00073,Solicitud recibida,2026-03-29 19:10:31,Ejecutivo_03,Vehicular,33700.0,2263.62,0.62,3,Sucursal,61
SOL01141,Solicitud recibida,2026-03-29 19:40:26,Sistema,Consumo,3500.0,1037.91,0.44,238,Web,41
SOL00081,Solicitud recibida,2026-03-29 20:16:39,Ejecutivo_06,Personal,12500.0,2116.42,0.32,40,Sucursal,55
SOL00390,Recepción de información,2026-03-30 01:18:11,Sistema,Personal,6100.0,1212.72,0.55,160,Web,57
SOL01194,verificación de documentos,2026-03-30 08:00:00,Verificador_04,Consumo,7100.0,1281.59,0.2,226,Agente,61
SOL00470,Reevaluación,2026-03-30 08:00:00,Analista_04,Personal,10500.0,951.85,0.42,42,Sucursal,23
SOL00923,Verificación de documentos,2026-03-30 08:00:00,Verificador_02,Personal,6300.0,1786.3,0.45,62,Sucursal,29
SOL00594,Análisis financiero,2026-03-30 08:00:00,Analista_01,Personal,8800.0,2622.51,0.55,108,Sucursal,48
SOL00772,Desembolso,2026-03-30 08:00:00,Tesoreria,Hipotecario,166100.0,2254.46,0.5,105,Sucursal,70
SOL00337,Verificación de documentos,2026-03-30 08:00:00,Verificador_04,Vehicular,38700.0,606.95,0.27,11,Sucursal,62
SOL00492,Verificación de documentos,2026-03-30 08:00:00,Verificador_01,Personal,7500.0,1436.37,0.05,61,Web,41
SOL00138,Formalización,2026-03-30 08:00:00,Ejecutivo_01,Hipotecario,131500.0,981.09,0.21,50,Agente,29
SOL01008,Formalización,2026-03-30 08:00:00,Ejecutivo_03,Consumo,5100.0,1211.84,0.06,37,Agente,49
SOL00887,Verificación de documentos,2026-03-30 08:00:00,Verificador_04,Personal,9000.0,1159.61,0.37,41,Sucursal,51
SOL01036,Desembolso,2026-03-30 08:00:00,Tesoreria,Personal,5600.0,1190.21,0.17,17,Agente,58
SOL00213,Análisis financiero,2026-03-30 08:00:00,Analista_01,Consumo,6500.0,938.19,0.35,19,Sucursal,56
SOL00582,Análisis financiero,2026-03-30 08:00:00,Analista_06,Personal,19600.0,802.37,0.06,1,Web,69
SOL00478,Verificación de documentos,2026-03-30 08:00:00,Verificador_04,Vehicular,21400.0,2075.34,0.25,131,Web,46
SOL00303,Verificación de documentos,2026-03-30 08:00:00,Verificador_03,Vehicular,20600.0,4192.79,0.23,5,Sucursal,65
SOL01117,Verificación de documentos,2026-03-30 08:00:00,Verificador_01,Vehicular,14400.0,2364.27,0.46,161,Sucursal,21
SOL01091,Formalización,2026-03-30 08:00:00,Ejecutivo_06,Consumo,1300.0,1044.93,0.21,76,Sucursal,51
SOL00842,Reevaluación,2026-03-30 08:00:00,Analista_08,Personal,15600.0,2316.35,0.4,19,Web,56
SOL00340,Desembolso,2026-03-30 08:00:00,Tesoreria,Personal,11000.0,1622.37,0.11,43,Agente,57
SOL00420,Análisis financiero,2026-03-30 08:00:00,Analista_05,Vehicular,27600.0,1632.63,0.34,4,Agente,70
SOL00854,Análisis financiero,2026-03-30 08:00:00,Analista_04,Vehicular,11900.0,794.85,0.13,25,Sucursal,34
SOL00192,Aprobación,2026-03-30 08:00:00,Analista_08,Consumo,2700.0,908.63,0.42,24,Sucursal,31
SOL00180,Formalización,2026-03-30 08:00:00,Ejecutivo_03,Personal,12900.0,1464.89,0.47,11,Web,66
SOL00180,Formalización,2026-03-30 08:00:00,Ejecutivo_03,Personal,12900.0,1464.89,0.47,11,Web,66
SOL00525,Formalización,2026-03-30 08:00:00,Ejecutivo_01,Consumo,3000.0,1549.73,0.51,19,Sucursal,28
SOL00716,Desembolso,2026-03-30 08:00:00,Tesoreria,Hipotecario,216100.0,2942.78,0.41,29,Web,22
SOL01041,Verificación de documentos,2026-03-30 08:00:00,Verificador_04,Vehicular,11600.0,2413.95,0.4,152,Web,24
SOL00220,Verificación de documentos,2026-03-30 08:00:00,Verificador_01,Personal,10600.0,843.87,0.16,25,Web,29
SOL01154,Desembolso,2026-03-30 08:00:00,Tesoreria,Vehicular,27400.0,3535.91,0.18,35,Sucursal,48
SOL00334,Formalización,2026-03-30 08:00:00,Ejecutivo_02,Vehicular,25200.0,3042.8,0.7,22,Sucursal,70
SOL00939,Verificación de documentos,2026-03-30 08:00:00,Verificador_01,Personal,13700.0,1721.23,0.35,39,Web,41
SOL00443,Desembolso,2026-03-30 08:00:00,Tesoreria,Personal,4000.0,2498.36,0.2,6,Sucursal,47
SOL00683,Formalización,2026-03-30 08:00:00,Ejecutivo_04,Vehicular,29300.0,725.58,0.51,164,Web,31
SOL00179,Reevaluación,2026-03-30 08:00:00,Analista_03,Hipotecario,166300.0,1941.66,0.45,14,Web,34
SOL00005,Verificación de documentos,2026-03-30 08:00:00,Verificador_04,Consumo,4000.0,1583.78,0.39,84,Sucursal,57
SOL00647,Formalización,2026-03-30 08:00:00,Ejecutivo_02,Consumo,5800.0,3177.68,0.21,2,Web,36
SOL01089,Verificación de documentos,2026-03-30 08:00:00,Verificador_01,Consumo,1300.0,4745.57,0.2,17,Sucursal,38
SOL00073,Verificación de documentos,2026-03-30 08:00:00,Verificador_01,Vehicular,33700.0,2263.62,0.62,3,Sucursal,61
SOL00724,Desembolso,2026-03-30 08:00:00,Tesoreria,Consumo,5900.0,2018.09,0.3,24,Sucursal,62
SOL00574,Desembolso,2026-03-30 08:00:00,Tesoreria,Personal,10500.0,1931.53,0.61,13,Sucursal,66
SOL00603,Análisis financiero,2026-03-30 08:00:00,Analista_07,Personal,13500.0,3993.87,0.28,56,Sucursal,44
SOL00633,Verificación de documentos,2026-03-30 08:00:00,Verificador_02,Personal,3800.0,1766.94,0.11,57,Sucursal,55
SOL00079,Formalización,2026-03-30 08:00:00,Ejecutivo_02,Consumo,6400.0,695.69,0.26,8,Sucursal,70
SOL01062,Formalizacion,2026-03-30 08:00:00,Ejecutivo_02,Hipotecario,133500.0,1896.72,0.27,11,Sucursal,23
SOL00835,Análisis financiero,2026-03-30 08:00:00,Analista_07,Personal,9100.0,1423.97,0.46,31,Agente,41
SOL00746,Verificación de documentos,2026-03-30 08:03:00,Verificador_04,Personal,15400.0,937.14,0.17,27,Sucursal,38
SOL01141,Verificación de documentos,2026-03-30 08:09:00,Verificador_01,Consumo,3500.0,1037.91,0.44,238,Web,41
SOL00900,Verificación de documentos,2026-03-30 08:16:00,Verificador_04,Personal,17900.0,1151.86,0.16,9,Sucursal,62
SOL00195,Verificación de documentos,2026-03-30 08:18:00,Verificador_01,Hipotecario,152900.0,727.17,0.48,33,Web,32
SOL00761,Verificación de documentos,2026-03-30 08:28:00,Verificador_03,Personal,19100.0,1400.74,0.49,31,Web,58
SOL00923,Solicitud de información adicional,2026-03-30 08:30:01,Verificador_01,Personal,6300.0,1786.3,0.45,62,Sucursal,29
SOL00939,Solicitud de información adicional,2026-03-30 08:30:01,Verificador_04,Personal,13700.0,1721.23,0.35,39,Web,41
SOL00097,Verificación de documentos,2026-03-30 08:53:56,Verificador_01,Consumo,7200.0,1368.34,0.45,42,Sucursal,66
SOL00761,Solicitud de información adicional,2026-03-30 08:58:01,Verificador_01,Personal,19100.0,1400.74,0.49,31,Web,58
SOL00390,Verificación de documentos,2026-03-30 09:16:17,Verificador_04,Personal,6100.0,1212.72,0.55,160,Web,57
SOL00339,Solicitud recibida,2026-03-30 09:20:56,Ejecutivo_02,Hipotecario,122100.0,993.5,0.39,27,Sucursal,60
SOL00582,Aprobación,2026-03-30 09:30:25,Analista_06,Personal,19600.0,802.37,0.06,1,Web,69
SOL00854,Aprobación,2026-03-30 09:58:46,Analista_04,Vehicular,11900.0,794.85,0.13,25,Sucursal,34
SOL00420,Aprobación,2026-03-30 10:56:16,Analista_05,Vehicular,27600.0,1632.63,0.34,4,Agente,70
SOL00420,Aprobación,2026-03-30 10:56:16,Analista_05,Vehicular,27600.0,1632.63,0.34,4,Agente,70
SOL00835,Rechazo,2026-03-30 11:38:46,Analista_07,Personal,9100.0,1423.97,0.46,31,Agente,41
SOL00603,Aprobación,2026-03-30 11:50:34,Analista_07,Personal,13500.0,3993.87,0.28,56,Sucursal,44
SOL00179,Rechazo,2026-03-30 12:06:44,Analista_03,Hipotecario,166300.0,1941.66,0.45,14,Web,34
SOL00829,Recepción de información,2026-03-30 12:17:26,Sistema,Personal,9500.0,600.01,0.22,55,Agente,44
SOL00594,Aprobación,2026-03-30 12:41:00,Analista_01,Personal,8800.0,2622.51,0.55,108,Sucursal,48
SOL00005,Análisis financiero,2026-03-30 14:36:35,Analista_04,Consumo,4000.0,1583.78,0.39,84,Sucursal,57
SOL00842,Rechazo,2026-03-30 15:04:51,Analista_08,Personal,15600.0,2316.35,0.4,19,Web,56
SOL00271,Recepción de información,2026-03-30 15:09:43,Sistema,Vehicular,10800.0,1614.06,0.49,48,Web,29
SOL00732,Verificación de documentos,2026-03-30 15:45:30,Verificador_04,Personal,11700.0,1595.1,0.42,2,Agente,41
SOL00900,Análisis financiero,2026-03-30 15:48:59,Analista_03,Personal,17900.0,1151.86,0.16,9,Sucursal,62
SOL00220,Análisis financiero,2026-03-30 16:17:31,Analista_04,Personal,10600.0,843.87,0.16,25,Web,29
SOL00339,Verificación de documentos,2026-03-30 16:17:53,Verificador_02,Hipotecario,122100.0,993.5,0.39,27,Sucursal,60
SOL00334,Desembolso,2026-03-30 16:29:57,Tesoreria,Vehicular,25200.0,3042.8,0.7,22,Sucursal,70
SOL00213,Aprobación,2026-03-30 16:46:02,Analista_01,Consumo,6500.0,938.19,0.35,19,Sucursal,56
SOL01082,Solicitud recibida,2026-03-30 16:47:46,Sistema,Hipotecario,208500.0,792.71,0.42,11,Web,23
SOL00558,Solicitud recibida,2026-03-30 18:12:15,Sistema,Hipotecario,57400.0,1318.99,0.05,118,Web,58
SOL01131,Recepción de información,2026-03-30 19:47:13,Sistema,Personal,7600.0,1923.5,0.35,106,Sucursal,68
SOL00788,Solicitud recibida,2026-03-30 20:07:44,Ejecutivo_01,Hipotecario,170100.0,2116.19,0.11,107,Agente,62
SOL00934,Solicitud recibida,2026-03-30 20:18:50,Sistema,Personal,11600.0,800.57,0.35,127,Web,21
SOL00948,Recepción de información,2026-03-30 21:48:06,Sistema,Vehicular,16300.0,1890.98,0.2,166,Web,25
SOL01189,Recepción de información,2026-03-30 22:32:40,Sistema,Personal,13900.0,2543.42,0.28,49,Sucursal,62
SOL00430,Solicitud recibida,2026-03-31 07:59:49,Sistema,Consumo,2300.0,3483.09,0.15,65,Web,63
SOL00005,Aprobación,2026-03-31 08:00:00,Analista_04,Consumo,4000.0,1583.78,0.39,84,Sucursal,57
SOL00746,Análisis financiero,2026-03-31 08:00:00,Analista_04,Personal,15400.0,937.14,0.17,27,Sucursal,38
SOL00900,Aprobación,2026-03-31 08:00:00,Analista_03,Personal,17900.0,1151.86,0.16,9,Sucursal,62
SOL00887,Análisis financiero,2026-03-31 08:00:00,Analista_01,Personal,9000.0,1159.61,0.37,41,Sucursal,51
SOL00478,Análisis financiero,2026-03-31 08:00:00,Analista_06,Vehicular,21400.0,2075.34,0.25,131,Web,46
SOL01189,Verificación de documentos,2026-03-31 08:00:00,Verificador_04,Personal,13900.0,2543.42,0.28,49,Sucursal,62
SOL00829,Verificación de documentos,2026-03-31 08:00:00,Verificador_02,Personal,9500.0,600.01,0.22,55,Agente,44
SOL01008,Desembolso,2026-03-31 08:00:00,Tesoreria,Consumo,5100.0,1211.84,0.06,37,Agente,49
SOL00683,Desembolso,2026-03-31 08:00:00,Tesoreria,Vehicular,29300.0,725.58,0.51,164,Web,31
SOL00081,Verificación de documentos,2026-03-31 08:00:00,Verificador_03,Personal,12500.0,2116.42,0.32,40,Sucursal,55
SOL00097,Análisis financiero,2026-03-31 08:03:00,Analista_05,Consumo,7200.0,1368.34,0.45,42,Sucursal,66
SOL00390,Análisis financiero,2026-03-31 08:04:00,Analista_02,Personal,6100.0,1212.72,0.55,160,Web,57
SOL00570,Solicitud recibida,2026-03-31 08:05:39,Ejecutivo_05,Hipotecario,192000.0,1897.0,0.11,73,Sucursal,60
SOL00192,Formalización,2026-03-31 08:06:00,Ejecutivo_02,Consumo,2700.0,908.63,0.42,24,Sucursal,31
SOL00220,Aprobación,2026-03-31 08:06:00,Analista_04,Personal,10600.0,843.87,0.16,25,Web,29
SOL01062,Desembolso,2026-03-31 08:07:00,Tesoreria,Hipotecario,133500.0,1896.72,0.27,11,Sucursal,23
SOL00948,Verificación de documentos,2026-03-31 08:07:00,Verificador_03,Vehicular,16300.0,1890.98,0.2,166,Web,25
SOL00492,Análisis financiero,2026-03-31 08:07:00,Analista_06,Personal,7500.0,1436.37,0.05,61,Web,41
SOL00073,Analisis financiero,2026-03-31 08:09:00,Analista_03,Vehicular,33700.0,2263.62,0.62,3,Sucursal,61
SOL01082,Verificación de documentos,2026-03-31 08:10:00,Verificador_03,Hipotecario,208500.0,792.71,0.42,11,Web,23
SOL00603,Formalización,2026-03-31 08:10:00,Ejecutivo_01,Personal,13500.0,3993.87,0.28,56,Sucursal,44
SOL00934,Verificación de documentos,2026-03-31 08:10:00,Verificador_02,Personal,11600.0,800.57,0.35,127,Web,21
SOL01091,Desembolso,2026-03-31 08:11:00,Tesoreria,Consumo,1300.0,1044.93,0.21,76,Sucursal,51
SOL00337,Análisis financiero,2026-03-31 08:14:00,Analista_03,Vehicular,38700.0,606.95,0.27,11,Sucursal,62
SOL00558,Verificación de documentos,2026-03-31 08:20:00,Verificador_04,Hipotecario,57400.0,1318.99,0.05,118,Web,58
SOL01089,Análisis financiero,2026-03-31 08:21:00,Analista_08,Consumo,1300.0,4745.57,0.2,17,Sucursal,38
SOL00271,Verificación de documentos,2026-03-31 08:24:00,Verificador_01,Vehicular,10800.0,1614.06,0.49,48,Web,29
SOL00303,Análisis financiero,2026-03-31 08:25:00,Analista_07,Vehicular,20600.0,4192.79,0.23,5,Sucursal,65
SOL00788,Verificación de documentos,2026-03-31 08:28:00,Verificador_04,Hipotecario,170100.0,2116.19,0.11,107,Agente,62
SOL01131,Verificación de documentos,2026-03-31 08:28:00,Verificador_04,Personal,7600.0,1923.5,0.35,106,Sucursal,68
SOL00854,Formalización,2026-03-31 08:29:00,Ejecutivo_04,Vehicular,11900.0,794.85,0.13,25,Sucursal,34
SOL00558,Solicitud de información adicional,2026-03-31 08:50:01,Verificador_04,Hipotecario,57400.0,1318.99,0.05,118,Web,58
SOL00271,Solicitud de información adicional,2026-03-31 08:54:01,Verificador_03,Vehicular,10800.0,1614.06,0.49,48,Web,29
SOL00647,Desembolso,2026-03-31 09:18:21,Tesoreria,Consumo,5800.0,3177.68,0.21,2,Web,36
SOL01041,Análisis financiero,2026-03-31 10:07:35,Analista_03,Vehicular,11600.0,2413.95,0.4,152,Web,24
SOL00492,Aprobación,2026-03-31 10:14:31,Analista_06,Personal,7500.0,1436.37,0.05,61,Web,41
SOL01067,Solicitud recibida,2026-03-31 10:15:40,Ejecutivo_05,Personal,11500.0,4826.94,0.62,4,Sucursal,62
SOL00079,Desembolso,2026-03-31 10:17:30,Tesoreria,Consumo,6400.0,695.69,0.26,8,Sucursal,70
SOL00428,Solicitud recibida,2026-03-31 10:53:54,Ejecutivo_05,Hipotecario,236000.0,1275.7,0.3,25,Sucursal,67
SOL00746,Aprobación,2026-03-31 11:11:58,Analista_04,Personal,15400.0,937.14,0.17,27,Sucursal,38
SOL00732,Análisis financiero,2026-03-31 11:17:46,Analista_04,Personal,11700.0,1595.1,0.42,2,Agente,41
SOL01041,Aprobación,2026-03-31 11:30:57,Analista_03,Vehicular,11600.0,2413.95,0.4,152,Web,24
SOL00478,Aprobación,2026-03-31 11:31:21,Analista_06,Vehicular,21400.0,2075.34,0.25,131,Web,46
SOL00887,Rechazo,2026-03-31 11:39:19,Analista_01,Personal,9000.0,1159.61,0.37,41,Sucursal,51
SOL00303,Aprobación,2026-03-31 11:42:42,Analista_07,Vehicular,20600.0,4192.79,0.23,5,Sucursal,65
SOL00430,Verificación de documentos,2026-03-31 12:50:36,Verificador_03,Consumo,2300.0,3483.09,0.15,65,Web,63
SOL00633,Análisis financiero,2026-03-31 13:00:48,Analista_04,Personal,3800.0,1766.94,0.11,57,Sucursal,55
SOL00390,Rechazo,2026-03-31 13:06:23,Analista_02,Personal,6100.0,1212.72,0.55,160,Web,57
SOL01089,Aprobación,2026-03-31 13:25:56,Analista_08,Consumo,1300.0,4745.57,0.2,17,Sucursal,38
SOL00837,Solicitud recibida,2026-03-31 13:35:11,Ejecutivo_04,Personal,7200.0,2549.89,0.02,0,Sucursal,63
SOL00173,Solicitud recibida,2026-03-31 14:32:54,Sistema,Consumo,7200.0,2987.92,0.09,216,Web,45
SOL00180,Desembolso,2026-03-31 14:33:58,Tesoreria,Personal,12900.0,1464.89,0.47,11,Web,66
SOL00525,Desembolso,2026-03-31 14:55:54,Tesoreria,Consumo,3000.0,1549.73,0.51,19,Sucursal,28
SOL00081,Análisis financiero,2026-03-31 15:18:46,Analista_06,Personal,12500.0,2116.42,0.32,40,Sucursal,55
SOL00982,Solicitud recibida,2026-03-31 15:36:58,Ejecutivo_05,Personal,8000.0,670.59,0.4,13,Sucursal,45
SOL00796,Solicitud recibida,2026-03-31 15:47:49,Ejecutivo_03,Hipotecario,94400.0,5579.34,0.19,71,Agente,40
SOL01194,Análisis financiero,2026-03-31 16:26:14,Analista_07,Consumo,7100.0,1281.59,0.2,226,Agente,61
SOL00213,Formalización,2026-03-31 16:33:18,Ejecutivo_01,Consumo,6500.0,938.19,0.35,19,Sucursal,56
SOL01169,Solicitud recibida,2026-03-31 17:43:59,Ejecutivo_06,Vehicular,27300.0,1793.75,0.24,14,Sucursal,31
SOL00727,Solicitud recibida,2026-03-31 19:08:07,Ejecutivo_03,Personal,17900.0,2538.27,0.21,109,Sucursal,35
SOL00703,Solicitud recibida,2026-03-31 20:55:27,Ejecutivo_06,Vehicular,27000.0,834.04,0.15,196,Sucursal,23
SOL00463,Recepción de información,2026-04-01 05:00:36,Sistema,Consumo,3100.0,1873.29,0.56,12,Web,31
SOL00428,Verificación de documentos,2026-04-01 08:00:00,Verificador_01,Hipotecario,236000.0,1275.7,0.3,25,Sucursal,67
SOL00796,Verificación de documentos,2026-04-01 08:00:00,Verificador_03,Hipotecario,94400.0,5579.34,0.19,71,Agente,40
SOL01067,Verificación de documentos,2026-04-01 08:00:00,Verificador_02,Personal,11500.0,4826.94,0.62,4,Sucursal,62
SOL01194,Aprobación,2026-04-01 08:00:00,Analista_07,Consumo,7100.0,1281.59,0.2,226,Agente,61
SOL00934,Análisis financiero,2026-04-01 08:00:00,Analista_03,Personal,11600.0,800.57,0.35,127,Web,21
SOL00727,Verificación de documentos,2026-04-01 08:00:00,Verificador_03,Personal,17900.0,2538.27,0.21,109,Sucursal,35
SOL00195,Análisis financiero,2026-04-01 08:00:00,Analista_04,Hipotecario,152900.0,727.17,0.48,33,Web,32
SOL00173,Verificación de documentos,2026-04-01 08:00:00,Verificador_03,Consumo,7200.0,2987.92,0.09,216,Web,45
SOL00081,Aprobación,2026-04-01 08:00:00,Analista_06,Personal,12500.0,2116.42,0.32,40,Sucursal,55
SOL00829,Análisis financiero,2026-04-01 08:00:00,Analista_06,Personal,9500.0,600.01,0.22,55,Agente,44
SOL01189,Análisis financiero,2026-04-01 08:00:00,Analista_05,Personal,13900.0,2543.42,0.28,49,Sucursal,62
SOL00470,Reevaluación,2026-04-01 08:00:00,Analista_04,Personal,10500.0,951.85,0.42,42,Sucursal,23
SOL00633,Aprobación,2026-04-01 08:00:00,Analista_04,Personal,3800.0,1766.94,0.11,57,Sucursal,55
SOL01169,Verificación de documentos,2026-04-01 08:00:00,Verificador_02,Vehicular,27300.0,1793.75,0.24,14,Sucursal,31
SOL00005,Formalización,2026-04-01 08:01:00,Ejecutivo_03,Consumo,4000.0,1583.78,0.39,84,Sucursal,57
SOL00420,Formalización,2026-04-01 08:03:00,Ejecutivo_03,Vehicular,27600.0,1632.63,0.34,4,Agente,70
SOL00582,Formalización,2026-04-01 08:08:00,Ejecutivo_06,Personal,19600.0,802.37,0.06,1,Web,69
SOL00097,Reevaluación,2026-04-01 08:08:00,Analista_05,Consumo,7200.0,1368.34,0.45,42,Sucursal,66
SOL00141,Solicitud recibida,2026-04-01 08:11:17,Sistema,Consumo,7800.0,3231.19,0.04,117,Web,52
SOL00703,Verificación de documentos,2026-04-01 08:12:10,Verificador_03,Vehicular,27000.0,834.04,0.15,196,Sucursal,23
SOL00570,Verificación de documentos,2026-04-01 08:13:00,Verificador_02,Hipotecario,192000.0,1897.0,0.11,73,Sucursal,60
SOL00339,Análisis financiero,2026-04-01 08:14:00,Analista_08,Hipotecario,122100.0,993.5,0.39,27,Sucursal,60
SOL00603,Desembolso,2026-04-01 08:16:00,Tesoreria,Personal,13500.0,3993.87,0.28,56,Sucursal,44
SOL00788,Análisis financiero,2026-04-01 08:21:00,Analista_04,Hipotecario,170100.0,2116.19,0.11,107,Agente,62
SOL00138,Desembolso,2026-04-01 08:21:00,Tesoreria,Hipotecario,131500.0,981.09,0.21,50,Agente,29
SOL00430,Análisis financiero,2026-04-01 08:21:00,Analista_06,Consumo,2300.0,3483.09,0.15,65,Web,63
SOL01117,Análisis financiero,2026-04-01 08:22:00,Analista_07,Vehicular,14400.0,2364.27,0.46,161,Sucursal,21
SOL00837,Verificación de documentos,2026-04-01 08:22:00,Verificador_03,Personal,7200.0,2549.89,0.02,0,Sucursal,63
SOL00594,Formalización,2026-04-01 08:23:00,Ejecutivo_06,Personal,8800.0,2622.51,0.55,108,Sucursal,48
SOL00948,Análisis financiero,2026-04-01 08:26:00,Analista_02,Vehicular,16300.0,1890.98,0.2,166,Web,25
SOL00982,Verificación de documentos,2026-04-01 08:27:00,Verificador_02,Personal,8000.0,670.59,0.4,13,Sucursal,45
SOL00173,Solicitud de información adicional,2026-04-01 08:30:01,Verificador_01,Consumo,7200.0,2987.92,0.09,216,Web,45
SOL00998,Solicitud recibida,2026-04-01 09:30:10,Ejecutivo_04,Hipotecario,193200.0,1741.1,0.09,17,Sucursal,63
SOL00732,Reevaluación,2026-04-01 09:59:37,Analista_04,Personal,11700.0,1595.1,0.42,2,Agente,41
SOL01131,Análisis financiero,2026-04-01 10:13:50,Analista_05,Personal,7600.0,1923.5,0.35,106,Sucursal,68
SOL00470,Rechazo,2026-04-01 11:31:34,Analista_04,Personal,10500.0,951.85,0.42,42,Sucursal,23
SOL00228,Solicitud recibida,2026-04-01 11:41:09,Ejecutivo_02,Consumo,7800.0,1017.96,0.24,4,Sucursal,33
SOL01188,Solicitud recibida,2026-04-01 11:45:58,Ejecutivo_06,Personal,17100.0,923.72,0.45,31,Agente,46
SOL01141,Análisis financiero,2026-04-01 12:01:30,Analista_07,Consumo,3500.0,1037.91,0.44,238,Web,41
SOL01117,Aprobación,2026-04-01 12:03:28,Analista_07,Vehicular,14400.0,2364.27,0.46,161,Sucursal,21
SOL00732,Aprobación,2026-04-01 12:05:46,Analista_04,Personal,11700.0,1595.1,0.42,2,Agente,41
SOL01189,Aprobación,2026-04-01 12:58:45,Analista_05,Personal,13900.0,2543.42,0.28,49,Sucursal,62
SOL00934,Rechazo,2026-04-01 13:19:57,Analista_03,Personal,11600.0,800.57,0.35,127,Web,21
SOL00829,Aprobación,2026-04-01 13:27:22,Analista_06,Personal,9500.0,600.01,0.22,55,Agente,44
SOL00463,Verificación de documentos,2026-04-01 13:27:44,Verificador_04,Consumo,3100.0,1873.29,0.56,12,Web,31
SOL01131,Aprobación,2026-04-01 13:39:51,Analista_05,Personal,7600.0,1923.5,0.35,106,Sucursal,68
SOL00998,Verificación de documentos,2026-04-01 14:26:16,Verificador_01,Hipotecario,193200.0,1741.1,0.09,17,Sucursal,63
SOL00948,Aprobación,2026-04-01 14:48:20,Analista_02,Vehicular,16300.0,1890.98,0.2,166,Web,25
SOL01089,Formalización,2026-04-01 15:09:17,Ejecutivo_05,Consumo,1300.0,4745.57,0.2,17,Sucursal,38
SOL00141,Verificación de documentos,2026-04-01 15:22:17,Verificador_04,Consumo,7800.0,3231.19,0.04,117,Web,52
SOL00426,Solicitud recibida,2026-04-01 15:45:02,Ejecutivo_06,Personal,3100.0,1834.09,0.33,53,Sucursal,61
SOL00982,Análisis financiero,2026-04-01 16:57:27,Analista_01,Personal,8000.0,670.59,0.4,13,Sucursal,45
SOL01102,Solicitud recibida,2026-04-01 17:27:44,Ejecutivo_01,Personal,13300.0,1627.66,0.3,92,Sucursal,37
SOL00939,Recepción de información,2026-04-01 22:50:16,Sistema,Personal,13700.0,1721.23,0.35,39,Web,41
SOL00761,Recepción de información,2026-04-02 04:28:06,Sistema,Personal,19100.0,1400.74,0.49,31,Web,58
SOL00854,Desembolso,2026-04-02 08:00:00,Tesoreria,Vehicular,11900.0,794.85,0.13,25,Sucursal,34
SOL00837,Análisis financiero,2026-04-02 08:00:00,Analista_08,Personal,7200.0,2549.89,0.02,0,Sucursal,63
SOL00141,Análisis financiero,2026-04-02 08:00:00,Analista_06,Consumo,7800.0,3231.19,0.04,117,Web,52
SOL00213,Desembolso,2026-04-02 08:00:00,Tesoreria,Consumo,6500.0,938.19,0.35,19,Sucursal,56
SOL00426,Verificación de documentos,2026-04-02 08:00:00,Verificador_04,Personal,3100.0,1834.09,0.33,53,Sucursal,61
SOL00998,Análisis financiero,2026-04-02 08:00:00,Analista_02,Hipotecario,193200.0,1741.1,0.09,17,Sucursal,63
SOL01041,Formalización,2026-04-02 08:00:00,Ejecutivo_05,Vehicular,11600.0,2413.95,0.4,152,Web,24
SOL01188,Verificación de documentos,2026-04-02 08:00:00,Verificador_02,Personal,17100.0,923.72,0.45,31,Agente,46
SOL00982,Aprobación,2026-04-02 08:00:00,Analista_01,Personal,8000.0,670.59,0.4,13,Sucursal,45
SOL00220,Formalización,2026-04-02 08:00:00,Ejecutivo_04,Personal,10600.0,843.87,0.16,25,Web,29
SOL00420,Desembolso,2026-04-02 08:00:00,Tesoreria,Vehicular,27600.0,1632.63,0.34,4,Agente,70
SOL00900,Formalización,2026-04-02 08:00:00,Ejecutivo_03,Personal,17900.0,1151.86,0.16,9,Sucursal,62
SOL00594,Desembolso,2026-04-02 08:00:00,Tesoreria,Personal,8800.0,2622.51,0.55,108,Sucursal,48
SOL00430,Aprobación,2026-04-02 08:00:00,Analista_06,Consumo,2300.0,3483.09,0.15,65,Web,63
SOL01102,Verificación de documentos,2026-04-02 08:02:00,Verificador_02,Personal,13300.0,1627.66,0.3,92,Sucursal,37
SOL00463,Análisis financiero,2026-04-02 08:02:00,Analista_03,Consumo,3100.0,1873.29,0.56,12,Web,31
SOL00228,Verificación de documentos,2026-04-02 08:07:00,Verificador_02,Consumo,7800.0,1017.96,0.24,4,Sucursal,33
SOL01189,Formalización,2026-04-02 08:14:00,Ejecutivo_03,Personal,13900.0,2543.42,0.28,49,Sucursal,62
SOL00428,Análisis financiero,2026-04-02 08:17:00,Analista_04,Hipotecario,236000.0,1275.7,0.3,25,Sucursal,67
SOL00492,Formalización,2026-04-02 08:17:00,Ejecutivo_03,Personal,7500.0,1436.37,0.05,61,Web,41
SOL01067,análisis financiero,2026-04-02 08:24:00,Analista_07,Personal,11500.0,4826.94,0.62,4,Sucursal,62
SOL00192,Desembolso,2026-04-02 08:27:00,Tesoreria,Consumo,2700.0,908.63,0.42,24,Sucursal,31
SOL01141,Reevaluación,2026-04-02 08:27:00,Analista_07,Consumo,3500.0,1037.91,0.44,238,Web,41
SOL00228,Solicitud de información adicional,2026-04-02 08:37:01,Verificador_04,Consumo,7800.0,1017.96,0.24,4,Sucursal,33
SOL01082,Análisis financiero,2026-04-02 08:41:42,Analista_01,Hipotecario,208500.0,792.71,0.42,11,Web,23
SOL00150,Solicitud recibida,2026-04-02 08:45:29,Ejecutivo_04,Consumo,1600.0,1374.45,0.37,3,Sucursal,40
SOL00939,Verificación de documentos,2026-04-02 09:08:35,Verificador_01,Personal,13700.0,1721.23,0.35,39,Web,41
SOL00939,Solicitud de información adicional,2026-04-02 09:38:36,Verificador_04,Personal,13700.0,1721.23,0.35,39,Web,41
SOL00582,Desembolso,2026-04-02 09:58:48,Tesoreria,Personal,19600.0,802.37,0.06,1,Web,69
SOL00398,Comité de crédito,2026-04-02 10:00:01,Comite,Vehicular,36600.0,1276.74,0.33,133,Agente,60
SOL00919,Comité de crédito,2026-04-02 10:00:01,Comite,Vehicular,33700.0,1933.03,0.24,140,Agente,44
SOL00339,Comité de crédito,2026-04-02 10:00:01,Comite,Hipotecario,122100.0,993.5,0.39,27,Sucursal,60
SOL00788,Comité de crédito,2026-04-02 10:00:01,Comite,Hipotecario,170100.0,2116.19,0.11,107,Agente,62
SOL00195,Comité de crédito,2026-04-02 10:00:01,Comite,Hipotecario,152900.0,727.17,0.48,33,Web,32
SOL00337,Comité de crédito,2026-04-02 10:00:01,Comite,Vehicular,38700.0,606.95,0.27,11,Sucursal,62
SOL00073,Comité de crédito,2026-04-02 10:00:01,Comite,Vehicular,33700.0,2263.62,0.62,3,Sucursal,61
SOL00760,Comité de crédito,2026-04-02 10:00:01,Comite,Hipotecario,103200.0,1865.45,0.29,19,Sucursal,34
SOL00269,Solicitud recibida,2026-04-02 10:09:52,Ejecutivo_02,Vehicular,10200.0,740.83,0.29,172,Sucursal,39
SOL00419,Recepción de información,2026-04-02 10:12:32,Sistema,Vehicular,12200.0,1285.28,0.25,35,Sucursal,63
SOL00703,Análisis financiero,2026-04-02 10:27:26,Analista_01,Vehicular,27000.0,834.04,0.15,196,Sucursal,23
SOL00141,Rechazo,2026-04-02 10:42:06,Analista_06,Consumo,7800.0,3231.19,0.04,117,Web,52
SOL00129,Solicitud recibida,2026-04-02 11:45:27,Ejecutivo_03,Personal,19200.0,782.63,0.3,214,Agente,25
SOL00837,Aprobación,2026-04-02 11:53:58,Analista_08,Personal,7200.0,2549.89,0.02,0,Sucursal,63
SOL00398,Aprobación,2026-04-02 12:01:26,Comite,Vehicular,36600.0,1276.74,0.33,133,Agente,60
SOL00761,Verificación de documentos,2026-04-02 12:14:57,Verificador_01,Personal,19100.0,1400.74,0.49,31,Web,58
SOL00303,Formalización,2026-04-02 12:33:14,Ejecutivo_01,Vehicular,20600.0,4192.79,0.23,5,Sucursal,65
SOL00788,Rechazo,2026-04-02 13:09:47,Analista_04,Hipotecario,170100.0,2116.19,0.11,107,Agente,62
SOL00339,Rechazo,2026-04-02 14:04:54,Analista_08,Hipotecario,122100.0,993.5,0.39,27,Sucursal,60
SOL00760,Aprobación,2026-04-02 14:15:45,Comite,Hipotecario,103200.0,1865.45,0.29,19,Sucursal,34
SOL00150,Verificación de documentos,2026-04-02 14:16:05,Verificador_02,Consumo,1600.0,1374.45,0.37,3,Sucursal,40
SOL01169,Análisis financiero,2026-04-02 14:40:03,Analista_02,Vehicular,27300.0,1793.75,0.24,14,Sucursal,31
SOL00073,Rechazo ,2026-04-02 14:41:14,Analista_03,Vehicular,33700.0,2263.62,0.62,3,Sucursal,61
SOL00005,Desembolso,2026-04-02 15:13:12,Tesoreria,Consumo,4000.0,1583.78,0.39,84,Sucursal,57
SOL00087,Solicitud recibida,2026-04-02 15:25:07,Sistema,Personal,9500.0,1363.32,0.25,7,Web,56
SOL00570,Análisis financiero,2026-04-02 15:29:58,Analista_03,Hipotecario,192000.0,1897.0,0.11,73,Sucursal,60
SOL00991,Solicitud recibida,2026-04-02 15:40:34,Ejecutivo_01,Personal,11300.0,400.41,0.12,369,Sucursal,67
SOL00269,Verificación de documentos,2026-04-02 15:51:44,Verificador_02,Vehicular,10200.0,740.83,0.29,172,Sucursal,39
SOL00703,Aprobación,2026-04-02 16:13:28,Analista_01,Vehicular,27000.0,834.04,0.15,196,Sucursal,23
SOL00337,Aprobación,2026-04-02 16:23:51,Comite,Vehicular,38700.0,606.95,0.27,11,Sucursal,62
SOL00129,Verificación de documentos,2026-04-02 16:37:36,Verificador_03,Personal,19200.0,782.63,0.3,214,Agente,25
SOL00919,Aprobación,2026-04-02 16:42:29,Comite,Vehicular,33700.0,1933.03,0.24,140,Agente,44
SOL00087,Verificación de documentos,2026-04-02 16:51:24,Verificador_03,Personal,9500.0,1363.32,0.25,7,Web,56
SOL00129,Solicitud de información adicional,2026-04-02 17:07:37,Verificador_04,Personal,19200.0,782.63,0.3,214,Agente,25
SOL00087,Solicitud de información adicional,2026-04-02 17:21:25,Verificador_01,Personal,9500.0,1363.32,0.25,7,Web,56
SOL00070,Solicitud recibida,2026-04-02 18:39:53,Ejecutivo_03,Hipotecario,190800.0,1252.49,0.17,142,Sucursal,28
SOL00727,Análisis financiero,2026-04-03 08:00:00,Analista_07,Personal,17900.0,2538.27,0.21,109,Sucursal,35
SOL00269,Análisis financiero,2026-04-03 08:00:00,Analista_01,Vehicular,10200.0,740.83,0.29,172,Sucursal,39
SOL00829,Formalización,2026-04-03 08:00:00,Ejecutivo_01,Personal,9500.0,600.01,0.22,55,Agente,44
SOL00633,Formalización,2026-04-03 08:00:00,Ejecutivo_04,Personal,3800.0,1766.94,0.11,57,Sucursal,55
SOL01169,Aprobación,2026-04-03 08:00:00,Analista_02,Vehicular,27300.0,1793.75,0.24,14,Sucursal,31
SOL01141,Reevaluación,2026-04-03 08:00:00,Analista_07,Consumo,3500.0,1037.91,0.44,238,Web,41
SOL00081,Formalización,2026-04-03 08:00:00,Ejecutivo_06,Personal,12500.0,2116.42,0.32,40,Sucursal,55
SOL00426,Análisis financiero,2026-04-03 08:00:00,Analista_06,Personal,3100.0,1834.09,0.33,53,Sucursal,61
SOL00150,Análisis financiero,2026-04-03 08:00:00,Analista_04,Consumo,1600.0,1374.45,0.37,3,Sucursal,40
SOL00419,Verificación de documentos,2026-04-03 08:00:00,Verificador_04,Vehicular,12200.0,1285.28,0.25,35,Sucursal,63
SOL00991,Verificación de documentos,2026-04-03 08:00:00,Verificador_03,Personal,11300.0,400.41,0.12,369,Sucursal,67
SOL00220,Desembolso,2026-04-03 08:00:00,Tesoreria,Personal,10600.0,843.87,0.16,25,Web,29
SOL00900,Desembolso,2026-04-03 08:00:00,Tesoreria,Personal,17900.0,1151.86,0.16,9,Sucursal,62
SOL01194,Formalización,2026-04-03 08:03:00,Ejecutivo_05,Consumo,7100.0,1281.59,0.2,226,Agente,61
SOL00070,Verificación de documentos,2026-04-03 08:04:00,Verificador_01,Hipotecario,190800.0,1252.49,0.17,142,Sucursal,28
SOL00097,Reevaluación,2026-04-03 08:19:00,Analista_05,Consumo,7200.0,1368.34,0.45,42,Sucursal,66
SOL00761,Análisis financiero,2026-04-03 08:22:00,Analista_03,Personal,19100.0,1400.74,0.49,31,Web,58
SOL00796,Análisis financiero,2026-04-03 08:27:00,Analista_08,Hipotecario,94400.0,5579.34,0.19,71,Agente,40
SOL01191,Solicitud recibida,2026-04-03 08:27:47,Sistema,Consumo,3400.0,806.36,0.06,29,Web,22
SOL01102,Análisis financiero,2026-04-03 08:28:00,Analista_08,Personal,13300.0,1627.66,0.3,92,Sucursal,37
SOL00034,Solicitud recibida,2026-04-03 09:07:24,Ejecutivo_05,Vehicular,20700.0,1090.89,0.38,55,Agente,51
SOL00746,Formalización,2026-04-03 09:23:01,Ejecutivo_05,Personal,15400.0,937.14,0.17,27,Sucursal,38
SOL01102,Aprobación,2026-04-03 09:41:45,Analista_08,Personal,13300.0,1627.66,0.3,92,Sucursal,37
SOL00284,Solicitud recibida,2026-04-03 09:56:02,Sistema,Vehicular,39500.0,1069.27,0.6,53,Web,33
SOL00591,Solicitud recibida,2026-04-03 10:12:19,Ejecutivo_02,Consumo,3700.0,6044.75,0.17,16,Agente,60
SOL01126,Solicitud recibida,2026-04-03 10:31:31,Ejecutivo_01,Consumo,5700.0,722.09,0.35,101,Sucursal,28
SOL00899,Solicitud recibida,2026-04-03 11:23:12,Ejecutivo_06,Vehicular,21200.0,1235.23,0.19,120,Sucursal,51
SOL00727,Aprobación,2026-04-03 11:26:19,Analista_07,Personal,17900.0,2538.27,0.21,109,Sucursal,35
SOL01141,Aprobación,2026-04-03 11:27:50,Analista_07,Consumo,3500.0,1037.91,0.44,238,Web,41
SOL01189,Desembolso,2026-04-03 11:35:47,Tesoreria,Personal,13900.0,2543.42,0.28,49,Sucursal,62
SOL01188,Análisis financiero,2026-04-03 11:46:52,Analista_07,Personal,17100.0,923.72,0.45,31,Agente,46
SOL00303,Desembolso,2026-04-03 11:53:45,Tesoreria,Vehicular,20600.0,4192.79,0.23,5,Sucursal,65
SOL00172,Solicitud recibida,2026-04-03 12:19:51,Sistema,Personal,17600.0,668.1,0.43,74,Web,66
SOL00426,Aprobación,2026-04-03 12:38:24,Analista_06,Personal,3100.0,1834.09,0.33,53,Sucursal,61
SOL00269,Rechazo,2026-04-03 13:17:48,Analista_01,Vehicular,10200.0,740.83,0.29,172,Sucursal,39
SOL00097,Aprobación,2026-04-03 14:06:06,Analista_05,Consumo,7200.0,1368.34,0.45,42,Sucursal,66
SOL00284,Verificación de documentos,2026-04-03 14:54:20,Verificador_04,Vehicular,39500.0,1069.27,0.6,53,Web,33
SOL00150,Aprobación,2026-04-03 15:20:22,Analista_04,Consumo,1600.0,1374.45,0.37,3,Sucursal,40
SOL00284,Solicitud de información adicional,2026-04-03 15:24:21,Verificador_02,Vehicular,39500.0,1069.27,0.6,53,Web,33
SOL00899,Verificación de documentos,2026-04-03 15:45:13,Verificador_03,Vehicular,21200.0,1235.23,0.19,120,Sucursal,51
SOL00008,Solicitud recibida,2026-04-03 16:23:23,Ejecutivo_02,Consumo,6700.0,1013.55,0.38,1,Agente,67
SOL01188,Rechazo,2026-04-03 16:46:25,Analista_07,Personal,17100.0,923.72,0.45,31,Agente,46
SOL01089,Desembolso,2026-04-03 16:47:06,Tesoreria,Consumo,1300.0,4745.57,0.2,17,Sucursal,38
SOL00271,Recepción de información,2026-04-03 17:44:44,Sistema,Vehicular,10800.0,1614.06,0.49,48,Web,29
SOL01020,Solicitud recibida,2026-04-03 20:10:03,Ejecutivo_02,Personal,13800.0,778.13,0.25,37,Sucursal,62
SOL00038,Solicitud recibida,2026-04-03 20:13:12,Ejecutivo_01,Vehicular,36900.0,1093.96,0.23,34,Sucursal,43
SOL00923,Recepción de información,2026-04-04 05:23:42,Sistema,Personal,6300.0,1786.3,0.45,62,Sucursal,29
SOL00939,Recepción de información,2026-04-04 07:06:07,Sistema,Personal,13700.0,1721.23,0.35,39,Web,41
SOL01078,Solicitud recibida,2026-04-04 13:57:22,Ejecutivo_06,Consumo,2300.0,1833.76,0.16,148,Sucursal,64
SOL00290,Solicitud recibida,2026-04-04 14:09:26,Ejecutivo_06,Vehicular,22400.0,751.69,0.16,18,Agente,37
SOL01119,Solicitud recibida,2026-04-04 18:48:10,Sistema,Vehicular,33400.0,2195.05,0.37,88,Web,57
SOL00710,Solicitud recibida,2026-04-04 19:16:48,Sistema,Consumo,5600.0,2585.34,0.63,85,Web,69
SOL00664,Solicitud recibida,2026-04-04 20:50:44,Ejecutivo_05,Vehicular,17700.0,869.89,0.32,46,Sucursal,29
SOL00553,Solicitud recibida,2026-04-04 21:30:13,Sistema,Consumo,4200.0,3250.8,0.16,0,Web,56
SOL00173,Recepción de información,2026-04-04 23:58:24,Sistema,Consumo,7200.0,2987.92,0.09,216,Web,45
SOL00228,Recepción de información,2026-04-05 09:10:42,Sistema,Consumo,7800.0,1017.96,0.24,4,Sucursal,33
SOL00305,Solicitud recibida,2026-04-05 12:45:07,Sistema,Consumo,2800.0,1510.95,0.72,140,Web,67
SOL00019,Solicitud recibida,2026-04-05 14:10:51,Sistema,Vehicular,23300.0,1300.37,0.55,20,Web,25
SOL00230,Solicitud recibida,2026-04-05 15:56:03,Ejecutivo_02,Hipotecario,156000.0,621.17,0.52,13,Sucursal,46
SOL00555,Solicitud recibida,2026-04-05 16:03:06,Ejecutivo_02,Hipotecario,159100.0,1694.53,0.39,44,Agente,34
SOL00181,Solicitud recibida,2026-04-05 19:36:22,Sistema,Personal,12000.0,928.69,0.4,94,Web,35
SOL00087,Recepción de información,2026-04-05 19:41:40,Sistema,Personal,9500.0,1363.32,0.25,7,Web,56
SOL00447,Solicitud recibida,2026-04-05 21:34:32,Ejecutivo_02,Consumo,7700.0,1524.96,0.13,37,Agente,28
SOL00710,Verificación de documentos,2026-04-06 08:00:00,Verificador_03,Consumo,5600.0,2585.34,0.63,85,Web,69
SOL01117,Formalización,2026-04-06 08:00:00,Ejecutivo_01,Vehicular,14400.0,2364.27,0.46,161,Sucursal,21
SOL00337,Formalización,2026-04-06 08:00:00,Ejecutivo_02,Vehicular,38700.0,606.95,0.27,11,Sucursal,62
SOL00492,Desembolso,2026-04-06 08:00:00,Tesoreria,Personal,7500.0,1436.37,0.05,61,Web,41
SOL00899,Análisis financiero,2026-04-06 08:00:00,Analista_06,Vehicular,21200.0,1235.23,0.19,120,Sucursal,51
SOL00172,Verificación de documentos,2026-04-06 08:00:00,Verificador_04,Personal,17600.0,668.1,0.43,74,Web,66
SOL00070,Análisis financiero,2026-04-06 08:00:00,Analista_03,Hipotecario,190800.0,1252.49,0.17,142,Sucursal,28
SOL00008,Verificación de documentos,2026-04-06 08:00:00,Verificador_02,Consumo,6700.0,1013.55,0.38,1,Agente,67
SOL00746,Desembolso,2026-04-06 08:00:00,Tesoreria,Personal,15400.0,937.14,0.17,27,Sucursal,38
SOL01191,Verificación de documentos,2026-04-06 08:00:00,Verificador_04,Consumo,3400.0,806.36,0.06,29,Web,22
SOL00463,Reevaluación,2026-04-06 08:00:00,Analista_03,Consumo,3100.0,1873.29,0.56,12,Web,31
SOL00081,Desembolso,2026-04-06 08:00:00,Tesoreria,Personal,12500.0,2116.42,0.32,40,Sucursal,55
SOL00703,Formalización,2026-04-06 08:00:00,Ejecutivo_03,Vehicular,27000.0,834.04,0.15,196,Sucursal,23
SOL01141,Formalización,2026-04-06 08:00:00,Ejecutivo_01,Consumo,3500.0,1037.91,0.44,238,Web,41
SOL00228,Verificación de documentos,2026-04-06 08:00:00,Verificador_02,Consumo,7800.0,1017.96,0.24,4,Sucursal,33
SOL01119,Verificación de documentos,2026-04-06 08:00:00,Verificador_03,Vehicular,33400.0,2195.05,0.37,88,Web,57
SOL01078,Verificación de documentos,2026-04-06 08:00:00,Verificador_04,Consumo,2300.0,1833.76,0.16,148,Sucursal,64
SOL00034,Verificación de documentos,2026-04-06 08:00:00,Verificador_03,Vehicular,20700.0,1090.89,0.38,55,Agente,51
SOL01102,Formalización,2026-04-06 08:00:00,Ejecutivo_05,Personal,13300.0,1627.66,0.3,92,Sucursal,37
SOL01020,Verificación de documentos,2026-04-06 08:00:00,Verificador_02,Personal,13800.0,778.13,0.25,37,Sucursal,62
SOL00727,Formalización,2026-04-06 08:00:00,Ejecutivo_03,Personal,17900.0,2538.27,0.21,109,Sucursal,35
SOL00038,Verificación de documentos,2026-04-06 08:00:00,Verificador_01,Vehicular,36900.0,1093.96,0.23,34,Sucursal,43
SOL01067,Reevaluación,2026-04-06 08:00:00,Analista_07,Personal,11500.0,4826.94,0.62,4,Sucursal,62
SOL00271,Verificación de documentos,2026-04-06 08:00:00,Verificador_02,Vehicular,10800.0,1614.06,0.49,48,Web,29
SOL01041,Desembolso,2026-04-06 08:00:00,Tesoreria,Vehicular,11600.0,2413.95,0.4,152,Web,24
SOL00837,Formalización,2026-04-06 08:00:00,Ejecutivo_03,Personal,7200.0,2549.89,0.02,0,Sucursal,63
SOL00553,Verificación de documentos,2026-04-06 08:00:00,Verificador_03,Consumo,4200.0,3250.8,0.16,0,Web,56
SOL00398,Formalización,2026-04-06 08:00:00,Ejecutivo_02,Vehicular,36600.0,1276.74,0.33,133,Agente,60
SOL00173,Verificación de documentos,2026-04-06 08:00:00,Verificador_01,Consumo,7200.0,2987.92,0.09,216,Web,45
SOL00633,Desembolso,2026-04-06 08:00:00,Tesoreria,Personal,3800.0,1766.94,0.11,57,Sucursal,55
SOL00150,Formalización,2026-04-06 08:00:00,Ejecutivo_03,Consumo,1600.0,1374.45,0.37,3,Sucursal,40
SOL01126,Verificación de documentos,2026-04-06 08:00:00,Verificador_01,Consumo,5700.0,722.09,0.35,101,Sucursal,28
SOL00426,Formalización,2026-04-06 08:00:00,Ejecutivo_06,Personal,3100.0,1834.09,0.33,53,Sucursal,61
SOL00419,Análisis financiero,2026-04-06 08:00:00,Analista_06,Vehicular,12200.0,1285.28,0.25,35,Sucursal,63
SOL00195,Reevaluación,2026-04-06 08:00:00,Analista_04,Hipotecario,152900.0,727.17,0.48,33,Web,32
SOL01169,Formalización,2026-04-06 08:00:00,Ejecutivo_03,Vehicular,27300.0,1793.75,0.24,14,Sucursal,31
SOL01194,Desembolso,2026-04-06 08:00:00,Tesoreria,Consumo,7100.0,1281.59,0.2,226,Agente,61
SOL00923,Verificación de documentos,2026-04-06 08:00:00,Verificador_01,Personal,6300.0,1786.3,0.45,62,Sucursal,29
SOL00478,Formalización,2026-04-06 08:00:00,Ejecutivo_05,Vehicular,21400.0,2075.34,0.25,131,Web,46
SOL00919,Formalización,2026-04-06 08:00:00,Ejecutivo_06,Vehicular,33700.0,1933.03,0.24,140,Agente,44
SOL00019,Verificación de documentos,2026-04-06 08:00:00,Verificador_01,Vehicular,23300.0,1300.37,0.55,20,Web,25
SOL00732,Formalización,2026-04-06 08:00:00,Ejecutivo_03,Personal,11700.0,1595.1,0.42,2,Agente,41
SOL00430,Formalización,2026-04-06 08:00:00,Ejecutivo_02,Consumo,2300.0,3483.09,0.15,65,Web,63
SOL00939,Verificación de documentos,2026-04-06 08:00:00,Verificador_01,Personal,13700.0,1721.23,0.35,39,Web,41
SOL00760,Formalización,2026-04-06 08:00:00,Ejecutivo_03,Hipotecario,103200.0,1865.45,0.29,19,Sucursal,34
SOL00290,Verificación de documentos,2026-04-06 08:00:00,Verificador_01,Vehicular,22400.0,751.69,0.16,18,Agente,37
SOL00991,Análisis financiero,2026-04-06 08:00:00,Analista_01,Personal,11300.0,400.41,0.12,369,Sucursal,67
SOL00591,Verificación de documentos,2026-04-06 08:00:00,Verificador_01,Consumo,3700.0,6044.75,0.17,16,Agente,60
SOL00948,Formalización,2026-04-06 08:00:00,Ejecutivo_05,Vehicular,16300.0,1890.98,0.2,166,Web,25
SOL01131,Formalización,2026-04-06 08:00:00,Ejecutivo_05,Personal,7600.0,1923.5,0.35,106,Sucursal,68
SOL00761,Reevaluación,2026-04-06 08:00:00,Analista_03,Personal,19100.0,1400.74,0.49,31,Web,58
SOL00181,Verificación de documentos,2026-04-06 08:00:00,Verificador_02,Personal,12000.0,928.69,0.4,94,Web,35
SOL00829,Desembolso,2026-04-06 08:00:00,Tesoreria,Personal,9500.0,600.01,0.22,55,Agente,44
SOL00664,Verificación de documentos,2026-04-06 08:00:00,Verificador_03,Vehicular,17700.0,869.89,0.32,46,Sucursal,29
SOL00305,Verificación de documentos,2026-04-06 08:12:00,Verificador_04,Consumo,2800.0,1510.95,0.72,140,Web,67
SOL00087,Verificación de documentos,2026-04-06 08:24:00,Verificador_02,Personal,9500.0,1363.32,0.25,7,Web,56
SOL00230,Verificación de documentos,2026-04-06 08:28:00,Verificador_04,Hipotecario,156000.0,621.17,0.52,13,Sucursal,46
SOL01191,Solicitud de información adicional,2026-04-06 08:30:01,Verificador_03,Consumo,3400.0,806.36,0.06,29,Web,22
SOL00034,Solicitud de información adicional,2026-04-06 08:30:01,Verificador_01,Vehicular,20700.0,1090.89,0.38,55,Agente,51
SOL00553,Solicitud de información adicional,2026-04-06 08:30:01,Verificador_04,Consumo,4200.0,3250.8,0.16,0,Web,56
SOL01126,Solicitud de información adicional,2026-04-06 08:30:01,Verificador_03,Consumo,5700.0,722.09,0.35,101,Sucursal,28
SOL00019,Solicitud de información adicional,2026-04-06 08:30:01,Verificador_02,Vehicular,23300.0,1300.37,0.55,20,Web,25
SOL00555,Verificación de documentos,2026-04-06 08:54:47,Verificador_02,Hipotecario,159100.0,1694.53,0.39,44,Agente,34
SOL00116,Solicitud recibida,2026-04-06 09:40:32,Ejecutivo_02,Personal,19500.0,1909.48,0.21,11,Sucursal,44
SOL00419,Aprobación,2026-04-06 09:52:16,Analista_06,Vehicular,12200.0,1285.28,0.25,35,Sucursal,63
SOL00991,Aprobación,2026-04-06 10:01:24,Analista_01,Personal,11300.0,400.41,0.12,369,Sucursal,67
SOL00761,Rechazo,2026-04-06 10:05:14,Analista_03,Personal,19100.0,1400.74,0.49,31,Web,58
SOL00700,Solicitud recibida,2026-04-06 11:14:42,Sistema,Consumo,5100.0,2148.18,0.29,74,Web,70
SOL00982,Formalización,2026-04-06 11:34:45,Ejecutivo_05,Personal,8000.0,670.59,0.4,13,Sucursal,45
SOL00607,Solicitud recibida,2026-04-06 11:36:54,Sistema,Vehicular,25700.0,979.04,0.33,62,Web,31
SOL01162,Solicitud recibida,2026-04-06 11:49:39,Ejecutivo_03,Personal,4100.0,819.53,0.36,46,Sucursal,47
SOL00899,Aprobación,2026-04-06 14:52:57,Analista_06,Vehicular,21200.0,1235.23,0.19,120,Sucursal,51
SOL01162,Verificación de documentos,2026-04-06 15:29:50,Verificador_03,Personal,4100.0,819.53,0.36,46,Sucursal,47
SOL00008,Análisis financiero,2026-04-06 15:33:44,Analista_06,Consumo,6700.0,1013.55,0.38,1,Agente,67
SOL00837,Desembolso,2026-04-06 16:14:32,Tesoreria,Personal,7200.0,2549.89,0.02,0,Sucursal,63
SOL00727,Desembolso,2026-04-06 16:22:07,Tesoreria,Personal,17900.0,2538.27,0.21,109,Sucursal,35
SOL00173,Análisis financiero,2026-04-06 16:28:47,Analista_04,Consumo,7200.0,2987.92,0.09,216,Web,45
SOL01102,Desembolso,2026-04-06 16:31:05,Tesoreria,Personal,13300.0,1627.66,0.3,92,Sucursal,37
SOL00460,Solicitud recibida,2026-04-06 18:59:33,Ejecutivo_03,Consumo,7100.0,1490.67,0.47,39,Sucursal,59
SOL00494,Solicitud recibida,2026-04-06 21:19:45,Sistema,Consumo,4100.0,7504.85,0.14,120,Web,57
SOL00691,Solicitud recibida,2026-04-06 21:42:02,Sistema,Hipotecario,109800.0,1441.6,0.41,36,Web,37
SOL00477,Solicitud recibida,2026-04-06 21:48:27,Ejecutivo_01,Vehicular,17100.0,753.69,0.14,123,Sucursal,21
SOL00558,Recepción de información,2026-04-07 04:50:09,Sistema,Hipotecario,57400.0,1318.99,0.05,118,Web,58
SOL01141,Desembolso,2026-04-07 08:00:00,Tesoreria,Consumo,3500.0,1037.91,0.44,238,Web,41
SOL00460,Verificación de documentos,2026-04-07 08:00:00,Verificador_01,Consumo,7100.0,1490.67,0.47,39,Sucursal,59
SOL00948,Desembolso,2026-04-07 08:00:00,Tesoreria,Vehicular,16300.0,1890.98,0.2,166,Web,25
SOL00116,Verificación de documentos,2026-04-07 08:00:00,Verificador_03,Personal,19500.0,1909.48,0.21,11,Sucursal,44
SOL00116,Verificación de documentos,2026-04-07 08:00:00,Verificador_03,Personal,19500.0,1909.48,0.21,11,Sucursal,44
SOL00173,Rechazo,2026-04-07 08:00:00,Analista_04,Consumo,7200.0,2987.92,0.09,216,Web,45
SOL00230,Análisis financiero,2026-04-07 08:00:00,Analista_06,Hipotecario,156000.0,621.17,0.52,13,Sucursal,46
SOL01020,Análisis financiero,2026-04-07 08:00:00,Analista_01,Personal,13800.0,778.13,0.25,37,Sucursal,62
SOL01119,Análisis financiero,2026-04-07 08:00:00,Analista_06,Vehicular,33400.0,2195.05,0.37,88,Web,57
SOL00087,Análisis financiero,2026-04-07 08:00:00,Analista_05,Personal,9500.0,1363.32,0.25,7,Web,56
SOL00181,Análisis financiero,2026-04-07 08:00:00,Analista_03,Personal,12000.0,928.69,0.4,94,Web,35
SOL00923,Análisis financiero,2026-04-07 08:00:00,Analista_02,Personal,6300.0,1786.3,0.45,62,Sucursal,29
SOL00271,Análisis financiero,2026-04-07 08:00:00,Analista_04,Vehicular,10800.0,1614.06,0.49,48,Web,29
SOL00607,Verificación de documentos,2026-04-07 08:00:00,Verificador_02,Vehicular,25700.0,979.04,0.33,62,Web,31
SOL00939,Análisis financiero,2026-04-07 08:00:00,Analista_08,Personal,13700.0,1721.23,0.35,39,Web,41
SOL00008,Rechazo,2026-04-07 08:00:00,Analista_06,Consumo,6700.0,1013.55,0.38,1,Agente,67
SOL00591,Análisis financiero,2026-04-07 08:00:00,Analista_05,Consumo,3700.0,6044.75,0.17,16,Agente,60
SOL00700,Verificación de documentos,2026-04-07 08:00:00,Verificador_04,Consumo,5100.0,2148.18,0.29,74,Web,70
SOL00447,Verificación de documentos,2026-04-07 08:00:00,Verificador_04,Consumo,7700.0,1524.96,0.13,37,Agente,28
SOL01078,Análisis financiero,2026-04-07 08:00:00,Analista_02,Consumo,2300.0,1833.76,0.16,148,Sucursal,64
SOL00430,Desembolso,2026-04-07 08:02:00,Tesoreria,Consumo,2300.0,3483.09,0.15,65,Web,63
SOL00494,Verificación de documentos,2026-04-07 08:03:00,Verificador_02,Consumo,4100.0,7504.85,0.14,120,Web,57
SOL00760,Desembolso,2026-04-07 08:08:00,Tesoreria,Hipotecario,103200.0,1865.45,0.29,19,Sucursal,34
SOL00305,Análisis financiero,2026-04-07 08:08:54,Analista_04,Consumo,2800.0,1510.95,0.72,140,Web,67
SOL01131,Desembolso,2026-04-07 08:11:00,Tesoreria,Personal,7600.0,1923.5,0.35,106,Sucursal,68
SOL00463,Reevaluación,2026-04-07 08:12:00,Analista_03,Consumo,3100.0,1873.29,0.56,12,Web,31
SOL01067,Reevaluación,2026-04-07 08:12:00,Analista_07,Personal,11500.0,4826.94,0.62,4,Sucursal,62
SOL00150,Desembolso,2026-04-07 08:13:00,Tesoreria,Consumo,1600.0,1374.45,0.37,3,Sucursal,40
SOL00982,Desembolso,2026-04-07 08:16:00,Tesoreria,Personal,8000.0,670.59,0.4,13,Sucursal,45
SOL00038,Análisis financiero,2026-04-07 08:18:00,Analista_02,Vehicular,36900.0,1093.96,0.23,34,Sucursal,43
SOL00703,Desembolso,2026-04-07 08:22:00,Tesoreria,Vehicular,27000.0,834.04,0.15,196,Sucursal,23
SOL00290,Análisis financiero,2026-04-07 08:23:00,Analista_08,Vehicular,22400.0,751.69,0.16,18,Agente,37
SOL00477,Verificación de documentos,2026-04-07 08:28:00,Verificador_01,Vehicular,17100.0,753.69,0.14,123,Sucursal,21
SOL00700,Solicitud de información adicional,2026-04-07 08:30:01,Verificador_04,Consumo,5100.0,2148.18,0.29,74,Web,70
SOL00613,Desistimiento,2026-04-07 08:30:02,Sistema,Personal,19400.0,1097.52,0.15,120,Agente,56
SOL01169,Desembolso,2026-04-07 09:08:06,Tesoreria,Vehicular,27300.0,1793.75,0.24,14,Sucursal,31
SOL01078,Aprobación,2026-04-07 10:48:08,Analista_02,Consumo,2300.0,1833.76,0.16,148,Sucursal,64
SOL00923,Aprobación,2026-04-07 10:54:56,Analista_02,Personal,6300.0,1786.3,0.45,62,Sucursal,29
SOL00558,Verificación de documentos,2026-04-07 11:26:10,Verificador_02,Hipotecario,57400.0,1318.99,0.05,118,Web,58
SOL00463,Rechazo,2026-04-07 11:26:26,Analista_03,Consumo,3100.0,1873.29,0.56,12,Web,31
SOL00271,Aprobación,2026-04-07 11:40:48,Analista_04,Vehicular,10800.0,1614.06,0.49,48,Web,29
SOL00290,Aprobación,2026-04-07 11:48:01,Analista_08,Vehicular,22400.0,751.69,0.16,18,Agente,37
SOL00473,Solicitud recibida,2026-04-07 11:59:15,Ejecutivo_02,Personal,8900.0,598.14,0.1,400,Sucursal,54
SOL00473,Solicitud recibida,2026-04-07 11:59:15,Ejecutivo_02,Personal,8900.0,598.14,0.1,400,Sucursal,54
SOL01067,Rechazo,2026-04-07 11:59:27,Analista_07,Personal,11500.0,4826.94,0.62,4,Sucursal,62
SOL00195,Reevaluación,2026-04-07 12:00:15,Analista_04,Hipotecario,152900.0,727.17,0.48,33,Web,32
SOL01020,Aprobación,2026-04-07 12:03:41,Analista_01,Personal,13800.0,778.13,0.25,37,Sucursal,62
SOL00591,Aprobación,2026-04-07 12:36:21,Analista_05,Consumo,3700.0,6044.75,0.17,16,Agente,60
SOL00939,Aprobación,2026-04-07 12:36:27,Analista_08,Personal,13700.0,1721.23,0.35,39,Web,41
SOL00087,Rechazo,2026-04-07 12:40:32,Analista_05,Personal,9500.0,1363.32,0.25,7,Web,56
SOL00095,Solicitud recibida,2026-04-07 12:46:39,Ejecutivo_03,Personal,3900.0,1509.13,0.4,37,Sucursal,44
SOL00919,Desembolso,2026-04-07 13:38:44,Tesoreria,Vehicular,33700.0,1933.03,0.24,140,Agente,44
SOL00305,Aprobación,2026-04-07 14:47:56,Analista_04,Consumo,2800.0,1510.95,0.72,140,Web,67
SOL00398,Desembolso,2026-04-07 14:51:58,Tesoreria,Vehicular,36600.0,1276.74,0.33,133,Agente,60
SOL00095,Verificación de documentos,2026-04-07 14:53:46,Verificador_02,Personal,3900.0,1509.13,0.4,37,Sucursal,44
SOL00710,Análisis financiero,2026-04-07 14:53:56,Analista_05,Consumo,5600.0,2585.34,0.63,85,Web,69
SOL00195,Rechazo,2026-04-07 15:53:42,Analista_04,Hipotecario,152900.0,727.17,0.48,33,Web,32
SOL01126,Recepción de información,2026-04-07 16:49:21,Sistema,Consumo,5700.0,722.09,0.35,101,Sucursal,28
SOL00129,Recepción de información,2026-04-07 19:25:09,Sistema,Personal,19200.0,782.63,0.3,214,Agente,25
SOL00425,Solicitud recibida,2026-04-08 07:18:36,Ejecutivo_05,Vehicular,37800.0,650.21,0.37,24,Sucursal,34
SOL00691,Verificación de documentos,2026-04-08 08:00:00,Verificador_03,Hipotecario,109800.0,1441.6,0.41,36,Web,37
SOL00732,Desembolso,2026-04-08 08:00:00,Tesoreria,Personal,11700.0,1595.1,0.42,2,Agente,41
SOL00460,Análisis financiero,2026-04-08 08:00:00,Analista_08,Consumo,7100.0,1490.67,0.47,39,Sucursal,59
SOL00447,Análisis financiero,2026-04-08 08:00:00,Analista_03,Consumo,7700.0,1524.96,0.13,37,Agente,28
SOL00664,Análisis financiero,2026-04-08 08:00:00,Analista_03,Vehicular,17700.0,869.89,0.32,46,Sucursal,29
SOL00478,Desembolso,2026-04-08 08:00:00,Tesoreria,Vehicular,21400.0,2075.34,0.25,131,Web,46
SOL01126,Verificación de documentos,2026-04-08 08:00:00,Verificador_01,Consumo,5700.0,722.09,0.35,101,Sucursal,28
SOL00337,Desembolso,2026-04-08 08:00:00,Tesoreria,Vehicular,38700.0,606.95,0.27,11,Sucursal,62
SOL00095,Aprobación,2026-04-08 08:00:00,Gerente_Sucursal_02,Personal,3900.0,1509.13,0.4,37,Sucursal,44
SOL00172,Análisis financiero,2026-04-08 08:00:00,Analista_06,Personal,17600.0,668.1,0.43,74,Web,66
SOL00494,Análisis financiero,2026-04-08 08:01:00,Analista_02,Consumo,4100.0,7504.85,0.14,120,Web,57
SOL00477,Análisis financiero,2026-04-08 08:03:00,Analista_03,Vehicular,17100.0,753.69,0.14,123,Sucursal,21
SOL00290,Formalización,2026-04-08 08:08:00,Ejecutivo_05,Vehicular,22400.0,751.69,0.16,18,Agente,37
SOL01162,Análisis financiero,2026-04-08 08:10:00,Analista_04,Personal,4100.0,819.53,0.36,46,Sucursal,47
SOL00607,Análisis financiero,2026-04-08 08:11:00,Analista_01,Vehicular,25700.0,979.04,0.33,62,Web,31
SOL00473,Verificación de documentos,2026-04-08 08:12:00,Verificador_01,Personal,8900.0,598.14,0.1,400,Sucursal,54
SOL00116,Análisis financiero,2026-04-08 08:15:00,Analista_02,Personal,19500.0,1909.48,0.21,11,Sucursal,44
SOL00181,Reevaluación,2026-04-08 08:18:00,Analista_03,Personal,12000.0,928.69,0.4,94,Web,35
SOL00129,Verificación de documentos,2026-04-08 08:19:00,Verificador_04,Personal,19200.0,782.63,0.3,214,Agente,25
SOL01117,Desembolso,2026-04-08 08:22:00,Tesoreria,Vehicular,14400.0,2364.27,0.46,161,Sucursal,21
SOL00228,Análisis financiero,2026-04-08 08:26:00,Analista_07,Consumo,7800.0,1017.96,0.24,4,Sucursal,33
SOL00305,Formalización,2026-04-08 08:28:00,Ejecutivo_02,Consumo,2800.0,1510.95,0.72,140,Web,67
SOL00691,Solicitud de información adicional,2026-04-08 08:30:01,Verificador_02,Hipotecario,109800.0,1441.6,0.41,36,Web,37
SOL01064,Desistimiento,2026-04-08 08:30:02,Sistema,Personal,9900.0,976.74,0.42,69,Web,56
SOL00419,Formalización,2026-04-08 08:45:03,Ejecutivo_01,Vehicular,12200.0,1285.28,0.25,35,Sucursal,63
SOL00460,Rechazo,2026-04-08 10:23:22,Analista_08,Consumo,7100.0,1490.67,0.47,39,Sucursal,59
SOL00555,Análisis financiero,2026-04-08 10:30:05,Analista_06,Hipotecario,159100.0,1694.53,0.39,44,Agente,34
SOL00477,Aprobación,2026-04-08 10:33:10,Analista_03,Vehicular,17100.0,753.69,0.14,123,Sucursal,21
SOL00558,Análisis financiero,2026-04-08 10:50:37,Analista_03,Hipotecario,57400.0,1318.99,0.05,118,Web,58
SOL00116,Aprobación,2026-04-08 11:49:40,Analista_02,Personal,19500.0,1909.48,0.21,11,Sucursal,44
SOL00097,Formalización,2026-04-08 11:51:10,Ejecutivo_03,Consumo,7200.0,1368.34,0.45,42,Sucursal,66
SOL01162,Aprobación,2026-04-08 12:09:18,Analista_04,Personal,4100.0,819.53,0.36,46,Sucursal,47
SOL01084,Solicitud recibida,2026-04-08 12:12:38,Sistema,Hipotecario,221900.0,1219.95,0.3,9,Web,60
SOL00447,Aprobación,2026-04-08 12:28:25,Analista_03,Consumo,7700.0,1524.96,0.13,37,Agente,28
SOL00809,Solicitud recibida,2026-04-08 13:18:42,Ejecutivo_01,Hipotecario,180100.0,374.51,0.43,59,Sucursal,32
SOL00607,Aprobación,2026-04-08 13:48:11,Analista_01,Vehicular,25700.0,979.04,0.33,62,Web,31
SOL00866,Solicitud recibida,2026-04-08 14:09:08,Ejecutivo_04,Personal,8100.0,1478.89,0.44,80,Agente,37
SOL01039,Solicitud recibida,2026-04-08 14:44:21,Sistema,Vehicular,31800.0,1570.25,0.39,52,Web,54
SOL00355,Solicitud recibida,2026-04-08 15:05:14,Ejecutivo_02,Personal,18600.0,3521.95,0.25,67,Sucursal,43
SOL00494,Aprobación,2026-04-08 15:29:00,Analista_02,Consumo,4100.0,7504.85,0.14,120,Web,57
SOL00271,Formalización,2026-04-08 16:13:30,Ejecutivo_03,Vehicular,10800.0,1614.06,0.49,48,Web,29
SOL00228,Aprobación,2026-04-08 16:31:30,Analista_07,Consumo,7800.0,1017.96,0.24,4,Sucursal,33
SOL00664,Aprobación,2026-04-08 16:54:54,Analista_03,Vehicular,17700.0,869.89,0.32,46,Sucursal,29
SOL00320,Solicitud recibida,2026-04-08 18:45:14,Sistema,Consumo,6500.0,3910.56,0.63,186,Web,40
SOL00417,Solicitud recibida,2026-04-08 21:30:36,Ejecutivo_05,Consumo,2600.0,1222.64,0.36,103,Sucursal,65
SOL00777,Solicitud recibida,2026-04-09 07:32:02,Sistema,Personal,17000.0,572.84,0.3,182,Web,67
SOL00999,Solicitud recibida,2026-04-09 07:34:47,Sistema,Consumo,7000.0,3613.99,0.29,143,Web,55
SOL00355,Verificación de documentos,2026-04-09 08:00:00,Verificador_01,Personal,18600.0,3521.95,0.25,67,Sucursal,43
SOL00809,Verificación de documentos,2026-04-09 08:00:00,Verificador_03,Hipotecario,180100.0,374.51,0.43,59,Sucursal,32
SOL00939,Formalización,2026-04-09 08:00:00,Ejecutivo_05,Personal,13700.0,1721.23,0.35,39,Web,41
SOL00426,Desembolso,2026-04-09 08:00:00,Tesoreria,Personal,3100.0,1834.09,0.33,53,Sucursal,61
SOL01084,Verificación de documentos,2026-04-09 08:00:00,Verificador_01,Hipotecario,221900.0,1219.95,0.3,9,Web,60
SOL01039,Verificación de documentos,2026-04-09 08:00:00,Verificador_02,Vehicular,31800.0,1570.25,0.39,52,Web,54
SOL00425,Verificación de documentos,2026-04-09 08:00:00,Verificador_04,Vehicular,37800.0,650.21,0.37,24,Sucursal,34
SOL00591,Formalización,2026-04-09 08:00:00,Ejecutivo_04,Consumo,3700.0,6044.75,0.17,16,Agente,60
SOL00320,Verificación de documentos,2026-04-09 08:03:00,Verificador_01,Consumo,6500.0,3910.56,0.63,186,Web,40
SOL00923,Formalización,2026-04-09 08:03:00,Ejecutivo_03,Personal,6300.0,1786.3,0.45,62,Sucursal,29
SOL01078,Formalización,2026-04-09 08:04:00,Ejecutivo_04,Consumo,2300.0,1833.76,0.16,148,Sucursal,64
SOL00710,Reevaluación,2026-04-09 08:05:00,Analista_05,Consumo,5600.0,2585.34,0.63,85,Web,69
SOL00129,Análisis financiero,2026-04-09 08:06:00,Analista_02,Personal,19200.0,782.63,0.3,214,Agente,25
SOL00290,Desembolso,2026-04-09 08:13:00,Tesoreria,Vehicular,22400.0,751.69,0.16,18,Agente,37
SOL00305,Desembolso,2026-04-09 08:23:00,Tesoreria,Consumo,2800.0,1510.95,0.72,140,Web,67
SOL01084,Solicitud de información adicional,2026-04-09 08:30:01,Verificador_02,Hipotecario,221900.0,1219.95,0.3,9,Web,60
SOL01039,Solicitud de información adicional,2026-04-09 08:30:01,Verificador_03,Vehicular,31800.0,1570.25,0.39,52,Web,54
SOL00181,Reevaluación,2026-04-09 08:35:59,Analista_03,Personal,12000.0,928.69,0.4,94,Web,35
SOL00417,Verificación de documentos,2026-04-09 08:46:35,Verificador_01,Consumo,2600.0,1222.64,0.36,103,Sucursal,65
SOL00019,Recepción de información,2026-04-09 09:06:45,Sistema,Vehicular,23300.0,1300.37,0.55,20,Web,25
SOL00663,Solicitud recibida,2026-04-09 09:08:15,Ejecutivo_04,Consumo,2000.0,2130.62,0.22,179,Agente,54
SOL00419,Desembolso,2026-04-09 09:33:50,Tesoreria,Vehicular,12200.0,1285.28,0.25,35,Sucursal,63
SOL00866,Verificación de documentos,2026-04-09 09:39:13,Verificador_02,Personal,8100.0,1478.89,0.44,80,Agente,37
SOL00558,Comité de crédito,2026-04-09 10:00:01,Comite,Hipotecario,57400.0,1318.99,0.05,118,Web,58
SOL00555,Comité de crédito,2026-04-09 10:00:01,Comite,Hipotecario,159100.0,1694.53,0.39,44,Agente,34
SOL00070,Comité de crédito,2026-04-09 10:00:01,Comite,Hipotecario,190800.0,1252.49,0.17,142,Sucursal,28
SOL00428,Comité de crédito,2026-04-09 10:00:01,Comite,Hipotecario,236000.0,1275.7,0.3,25,Sucursal,67
SOL01082,Comité de crédito,2026-04-09 10:00:01,Comite,Hipotecario,208500.0,792.71,0.42,11,Web,23
SOL00230,Comité de crédito,2026-04-09 10:00:01,Comite,Hipotecario,156000.0,621.17,0.52,13,Sucursal,46
SOL00796,Comité de crédito,2026-04-09 10:00:01,Comite,Hipotecario,94400.0,5579.34,0.19,71,Agente,40
SOL01119,Comité de crédito,2026-04-09 10:00:01,Comite,Vehicular,33400.0,2195.05,0.37,88,Web,57
SOL00998,Comité de crédito,2026-04-09 10:00:01,Comite,Hipotecario,193200.0,1741.1,0.09,17,Sucursal,63
SOL00038,Comité de crédito,2026-04-09 10:00:01,Comite,Vehicular,36900.0,1093.96,0.23,34,Sucursal,43
SOL00570,Comité de crédito,2026-04-09 10:00:01,Comite,Hipotecario,192000.0,1897.0,0.11,73,Sucursal,60
SOL01126,Análisis financiero,2026-04-09 10:13:31,Analista_04,Consumo,5700.0,722.09,0.35,101,Sucursal,28
SOL00991,Formalización,2026-04-09 10:57:37,Ejecutivo_02,Personal,11300.0,400.41,0.12,369,Sucursal,67
SOL00899,Formalización,2026-04-09 11:19:28,Ejecutivo_04,Vehicular,21200.0,1235.23,0.19,120,Sucursal,51
SOL01082,Rechazo,2026-04-09 11:27:26,Analista_01,Hipotecario,208500.0,792.71,0.42,11,Web,23
SOL00555,Aprobación,2026-04-09 11:45:05,Comite,Hipotecario,159100.0,1694.53,0.39,44,Agente,34
SOL00777,Verificación de documentos,2026-04-09 12:10:27,Verificador_02,Personal,17000.0,572.84,0.3,182,Web,67
SOL00570,Aprobación,2026-04-09 12:31:51,Comite,Hipotecario,192000.0,1897.0,0.11,73,Sucursal,60
SOL00777,Solicitud de información adicional,2026-04-09 12:40:28,Verificador_01,Personal,17000.0,572.84,0.3,182,Web,67
SOL00796,Aprobación,2026-04-09 12:42:47,Comite,Hipotecario,94400.0,5579.34,0.19,71,Agente,40
SOL00558,Aprobación,2026-04-09 12:43:29,Comite,Hipotecario,57400.0,1318.99,0.05,118,Web,58
SOL00181,Aprobación,2026-04-09 12:53:39,Analista_03,Personal,12000.0,928.69,0.4,94,Web,35
SOL00070,Rechazo,2026-04-09 13:02:49,Analista_03,Hipotecario,190800.0,1252.49,0.17,142,Sucursal,28
SOL00129,Aprobación,2026-04-09 14:43:15,Analista_02,Personal,19200.0,782.63,0.3,214,Agente,25
SOL01071,Solicitud recibida,2026-04-09 15:09:42,Sistema,Personal,14400.0,1317.21,0.3,115,Web,45
SOL00019,Verificación de documentos,2026-04-09 15:11:10,Verificador_04,Vehicular,23300.0,1300.37,0.55,20,Web,25
SOL00097,Desembolso,2026-04-09 15:44:49,Tesoreria,Consumo,7200.0,1368.34,0.45,42,Sucursal,66
SOL00143,Solicitud recibida,2026-04-09 16:35:09,Ejecutivo_06,Hipotecario,196700.0,672.99,0.38,4,Sucursal,45
SOL01126,Rechazo,2026-04-09 16:42:25,Analista_04,Consumo,5700.0,722.09,0.35,101,Sucursal,28
SOL00360,Solicitud recibida,2026-04-09 17:07:05,Sistema,Personal,16800.0,1774.01,0.21,56,Web,24
SOL00636,Solicitud recibida,2026-04-09 17:23:03,Ejecutivo_05,Hipotecario,108400.0,2222.22,0.31,42,Sucursal,53
SOL00963,Solicitud recibida,2026-04-09 18:07:41,Ejecutivo_06,Consumo,7000.0,1515.22,0.36,39,Sucursal,28
SOL00034,recepción de información,2026-04-09 21:28:25,Sistema,Vehicular,20700.0,1090.89,0.38,55,Agente,51
SOL00710,Reevaluación,2026-04-10 08:00:00,Analista_05,Consumo,5600.0,2585.34,0.63,85,Web,69
SOL00999,Verificación de documentos,2026-04-10 08:00:00,Verificador_01,Consumo,7000.0,3613.99,0.29,143,Web,55
SOL00998,Aprobación,2026-04-10 08:00:00,Comite,Hipotecario,193200.0,1741.1,0.09,17,Sucursal,63
SOL00143,Verificación de documentos,2026-04-10 08:00:00,Verificador_01,Hipotecario,196700.0,672.99,0.38,4,Sucursal,45
SOL00923,Desembolso,2026-04-10 08:00:00,Tesoreria,Personal,6300.0,1786.3,0.45,62,Sucursal,29
SOL01119,Rechazo,2026-04-10 08:00:00,Analista_06,Vehicular,33400.0,2195.05,0.37,88,Web,57
SOL00228,Formalización,2026-04-10 08:00:00,Ejecutivo_01,Consumo,7800.0,1017.96,0.24,4,Sucursal,33
SOL00095,Formalización,2026-04-10 08:00:00,Ejecutivo_05,Personal,3900.0,1509.13,0.4,37,Sucursal,44
SOL00428,Rechazo,2026-04-10 08:00:00,Analista_04,Hipotecario,236000.0,1275.7,0.3,25,Sucursal,67
SOL00963,Verificación de documentos,2026-04-10 08:00:00,Verificador_03,Consumo,7000.0,1515.22,0.36,39,Sucursal,28
SOL01071,Verificación de documentos,2026-04-10 08:00:00,Verificador_02,Personal,14400.0,1317.21,0.3,115,Web,45
SOL00417,Análisis financiero,2026-04-10 08:00:00,Analista_05,Consumo,2600.0,1222.64,0.36,103,Sucursal,65
SOL00038,Aprobación,2026-04-10 08:00:00,Comite,Vehicular,36900.0,1093.96,0.23,34,Sucursal,43
SOL00939,Desembolso,2026-04-10 08:02:00,Tesoreria,Personal,13700.0,1721.23,0.35,39,Web,41
SOL00809,Análisis financiero,2026-04-10 08:05:00,Analista_06,Hipotecario,180100.0,374.51,0.43,59,Sucursal,32
SOL00663,Verificación de documentos,2026-04-10 08:06:00,Verificador_03,Consumo,2000.0,2130.62,0.22,179,Agente,54
SOL01020,Formalización,2026-04-10 08:10:00,Ejecutivo_01,Personal,13800.0,778.13,0.25,37,Sucursal,62
SOL00636,Verificación de documentos,2026-04-10 08:12:00,Verificador_04,Hipotecario,108400.0,2222.22,0.31,42,Sucursal,53
SOL00172,Reevaluación,2026-04-10 08:12:53,Analista_06,Personal,17600.0,668.1,0.43,74,Web,66
SOL00320,Análisis financiero,2026-04-10 08:13:00,Analista_05,Consumo,6500.0,3910.56,0.63,186,Web,40
SOL00034,Verificación de documentos,2026-04-10 08:14:00,Verificador_02,Vehicular,20700.0,1090.89,0.38,55,Agente,51
SOL00355,Análisis financiero,2026-04-10 08:22:00,Analista_08,Personal,18600.0,3521.95,0.25,67,Sucursal,43
SOL00494,Formalización,2026-04-10 08:24:00,Ejecutivo_06,Consumo,4100.0,7504.85,0.14,120,Web,57
SOL00360,Verificación de documentos,2026-04-10 08:25:00,Verificador_04,Personal,16800.0,1774.01,0.21,56,Web,24
SOL00991,Desembolso,2026-04-10 08:26:00,Tesoreria,Personal,11300.0,400.41,0.12,369,Sucursal,67
SOL00019,Análisis financiero,2026-04-10 08:28:00,Analista_01,Vehicular,23300.0,1300.37,0.55,20,Web,25
SOL00143,Solicitud de información adicional,2026-04-10 08:30:01,Verificador_04,Hipotecario,196700.0,672.99,0.38,4,Sucursal,45
SOL00963,Solicitud de información adicional,2026-04-10 08:30:01,Verificador_03,Consumo,7000.0,1515.22,0.36,39,Sucursal,28
SOL00591,Desembolso,2026-04-10 08:42:14,Tesoreria,Consumo,3700.0,6044.75,0.17,16,Agente,60
SOL00958,Solicitud recibida,2026-04-10 10:01:05,Sistema,Personal,6400.0,1730.31,0.61,31,Web,28
SOL00896,Solicitud recibida,2026-04-10 11:02:29,Ejecutivo_05,Personal,16700.0,1277.81,0.46,59,Sucursal,61
SOL00417,Aprobación,2026-04-10 11:41:56,Analista_05,Consumo,2600.0,1222.64,0.36,103,Sucursal,65
SOL01071,Análisis financiero,2026-04-10 12:49:47,Analista_08,Personal,14400.0,1317.21,0.3,115,Web,45
SOL00355,Aprobación,2026-04-10 13:32:17,Analista_08,Personal,18600.0,3521.95,0.25,67,Sucursal,43
SOL00145,Solicitud recibida,2026-04-10 13:40:32,Ejecutivo_01,Consumo,3500.0,3445.87,0.35,96,Sucursal,34
SOL00092,Solicitud recibida,2026-04-10 14:36:03,Ejecutivo_03,Consumo,5200.0,944.88,0.29,50,Sucursal,64
SOL01071,Aprobación,2026-04-10 15:16:05,Analista_08,Personal,14400.0,1317.21,0.3,115,Web,45
SOL00710,Rechazo,2026-04-10 15:39:13,Analista_05,Consumo,5600.0,2585.34,0.63,85,Web,69
SOL00866,Análisis financiero,2026-04-10 16:08:35,Analista_04,Personal,8100.0,1478.89,0.44,80,Agente,37
SOL00472,Solicitud recibida,2026-04-10 16:29:49,Sistema,Hipotecario,203800.0,2865.72,0.43,39,Web,60
SOL00320,Aprobación,2026-04-10 16:42:49,Analista_05,Consumo,6500.0,3910.56,0.63,186,Web,40
SOL00425,Análisis financiero,2026-04-10 16:50:00,Analista_05,Vehicular,37800.0,650.21,0.37,24,Sucursal,34
SOL00947,Solicitud recibida,2026-04-10 17:54:12,Ejecutivo_06,Consumo,1900.0,1312.31,0.36,22,Agente,57
SOL01191,Recepción de información,2026-04-10 18:43:25,Sistema,Consumo,3400.0,806.36,0.06,29,Web,22
SOL00258,Solicitud recibida,2026-04-10 18:58:14,Sistema,Consumo,6100.0,2755.7,0.6,62,Web,49
SOL01039,Recepción de información,2026-04-10 20:07:21,Sistema,Vehicular,31800.0,1570.25,0.39,52,Web,54
SOL00692,Solicitud recibida,2026-04-10 20:07:32,Sistema,Hipotecario,173100.0,882.05,0.29,62,Web,67
SOL00452,Solicitud recibida,2026-04-10 21:44:17,Sistema,Personal,16700.0,1357.06,0.21,117,Web,56
SOL00700,Recepción de información,2026-04-11 00:05:03,Sistema,Consumo,5100.0,2148.18,0.29,74,Web,70
SOL00862,Solicitud recibida,2026-04-11 07:37:17,Sistema,Vehicular,15300.0,1433.71,0.57,45,Web,52
SOL01057,Solicitud recibida,2026-04-11 08:32:33,Ejecutivo_05,Vehicular,21400.0,1197.68,0.38,144,Sucursal,38
SOL01153,Solicitud recibida,2026-04-11 09:25:25,Sistema,Consumo,5700.0,3027.75,0.28,67,Web,59
SOL00963,Recepción de información,2026-04-11 09:48:06,Sistema,Consumo,7000.0,1515.22,0.36,39,Sucursal,28
SOL01187,Solicitud recibida,2026-04-11 13:00:57,Ejecutivo_03,Vehicular,23600.0,2866.83,0.27,42,Sucursal,46
SOL01047,Solicitud recibida,2026-04-11 14:29:00,Ejecutivo_04,Vehicular,19600.0,3175.25,0.07,98,Sucursal,21
SOL00797,Solicitud recibida,2026-04-11 15:46:40,Ejecutivo_01,Consumo,1600.0,1430.82,0.47,94,Sucursal,67
SOL00881,Solicitud recibida,2026-04-11 18:14:41,Sistema,Personal,9700.0,991.65,0.09,7,Web,55
SOL00476,Solicitud recibida,2026-04-11 21:13:04,Sistema,Personal,7300.0,846.91,0.41,5,Web,41
SOL00553,Recepción de información,2026-04-12 04:34:53,Sistema,Consumo,4200.0,3250.8,0.16,0,Web,56
SOL00284,Recepción de información,2026-04-12 10:13:16,Sistema,Vehicular,39500.0,1069.27,0.6,53,Web,33
SOL00691,Recepción de información,2026-04-12 10:53:14,Sistema,Hipotecario,109800.0,1441.6,0.41,36,Web,37
SOL00541,Solicitud recibida,2026-04-12 11:51:33,Ejecutivo_05,Consumo,7900.0,1111.1,0.21,51,Sucursal,63
SOL01113,Solicitud recibida,2026-04-12 14:24:49,Ejecutivo_06,Personal,17100.0,723.37,0.14,10,Sucursal,49
SOL00328,Solicitud recibida,2026-04-12 14:59:34,Sistema,Consumo,2100.0,2016.88,0.27,4,Web,43
SOL00694,Solicitud recibida,2026-04-12 17:38:38,Ejecutivo_04,Personal,18900.0,2497.02,0.17,88,Sucursal,29
SOL00615,Solicitud recibida,2026-04-12 19:22:20,Sistema,Consumo,6700.0,3603.16,0.5,8,Web,53
SOL01167,Solicitud recibida,2026-04-12 19:31:42,Ejecutivo_01,Consumo,2000.0,1140.05,0.47,105,Agente,66
SOL00663,Análisis financiero,2026-04-13 08:00:00,Analista_02,Consumo,2000.0,2130.62,0.22,179,Agente,54
SOL00172,Reevaluación,2026-04-13 08:00:00,Analista_06,Personal,17600.0,668.1,0.43,74,Web,66
SOL00417,Formalización,2026-04-13 08:00:00,Ejecutivo_03,Consumo,2600.0,1222.64,0.36,103,Sucursal,65
SOL00999,Análisis financiero,2026-04-13 08:00:00,Analista_06,Consumo,7000.0,3613.99,0.29,143,Web,55
SOL01191,Verificación de documentos,2026-04-13 08:00:00,Verificador_03,Consumo,3400.0,806.36,0.06,29,Web,22
SOL00258,Verificación de documentos,2026-04-13 08:00:00,Verificador_04,Consumo,6100.0,2755.7,0.6,62,Web,49
SOL01047,Verificación de documentos,2026-04-13 08:00:00,Verificador_04,Vehicular,19600.0,3175.25,0.07,98,Sucursal,21
SOL00452,Verificación de documentos,2026-04-13 08:00:00,Verificador_04,Personal,16700.0,1357.06,0.21,117,Web,56
SOL00034,Análisis financiero,2026-04-13 08:00:00,Analista_04,Vehicular,20700.0,1090.89,0.38,55,Agente,51
SOL00116,Formalización,2026-04-13 08:00:00,Ejecutivo_04,Personal,19500.0,1909.48,0.21,11,Sucursal,44
SOL00555,Formalización,2026-04-13 08:00:00,Ejecutivo_04,Hipotecario,159100.0,1694.53,0.39,44,Agente,34
SOL00472,Verificación de documentos,2026-04-13 08:00:00,Verificador_01,Hipotecario,203800.0,2865.72,0.43,39,Web,60
SOL00038,Formalización,2026-04-13 08:00:00,Ejecutivo_01,Vehicular,36900.0,1093.96,0.23,34,Sucursal,43
SOL00607,Formalización,2026-04-13 08:00:00,Ejecutivo_03,Vehicular,25700.0,979.04,0.33,62,Web,31
SOL00692,Verificación de documentos,2026-04-13 08:00:00,Verificador_04,Hipotecario,173100.0,882.05,0.29,62,Web,67
SOL00899,Desembolso,2026-04-13 08:00:00,Tesoreria,Vehicular,21200.0,1235.23,0.19,120,Sucursal,51
SOL00541,Verificacion de documentos,2026-04-13 08:00:00,Verificador_02,Consumo,7900.0,1111.1,0.21,51,Sucursal,63
SOL00796,Formalización,2026-04-13 08:00:00,Ejecutivo_02,Hipotecario,94400.0,5579.34,0.19,71,Agente,40
SOL00570,Formalización,2026-04-13 08:00:00,Ejecutivo_06,Hipotecario,192000.0,1897.0,0.11,73,Sucursal,60
SOL01153,Verificación de documentos,2026-04-13 08:00:00,Verificador_02,Consumo,5700.0,3027.75,0.28,67,Web,59
SOL00958,Verificación de documentos,2026-04-13 08:00:00,Verificador_02,Personal,6400.0,1730.31,0.61,31,Web,28
SOL01162,Formalización,2026-04-13 08:00:00,Ejecutivo_05,Personal,4100.0,819.53,0.36,46,Sucursal,47
SOL00881,Verificación de documentos,2026-04-13 08:00:00,Verificador_01,Personal,9700.0,991.65,0.09,7,Web,55
SOL01187,Verificación de documentos,2026-04-13 08:00:00,Verificador_02,Vehicular,23600.0,2866.83,0.27,42,Sucursal,46
SOL00473,Análisis financiero,2026-04-13 08:00:00,Analista_07,Personal,8900.0,598.14,0.1,400,Sucursal,54
SOL00092,Verificación de documentos,2026-04-13 08:00:00,Verificador_02,Consumo,5200.0,944.88,0.29,50,Sucursal,64
SOL01057,Verificación de documentos,2026-04-13 08:00:00,Verificador_02,Vehicular,21400.0,1197.68,0.38,144,Sucursal,38
SOL00558,Formalización,2026-04-13 08:00:00,Ejecutivo_04,Hipotecario,57400.0,1318.99,0.05,118,Web,58
SOL00866,Aprobación,2026-04-13 08:00:00,Analista_04,Personal,8100.0,1478.89,0.44,80,Agente,37
SOL00963,Verificación de documentos,2026-04-13 08:00:00,Verificador_02,Consumo,7000.0,1515.22,0.36,39,Sucursal,28
SOL01078,Desembolso,2026-04-13 08:00:00,Tesoreria,Consumo,2300.0,1833.76,0.16,148,Sucursal,64
SOL00797,Verificación de documentos,2026-04-13 08:00:00,Verificador_02,Consumo,1600.0,1430.82,0.47,94,Sucursal,67
SOL00998,Formalización,2026-04-13 08:00:00,Ejecutivo_03,Hipotecario,193200.0,1741.1,0.09,17,Sucursal,63
SOL00228,Desembolso,2026-04-13 08:00:00,Tesoreria,Consumo,7800.0,1017.96,0.24,4,Sucursal,33
SOL00862,Verificación de documentos,2026-04-13 08:00:00,Verificador_02,Vehicular,15300.0,1433.71,0.57,45,Web,52
SOL01071,Formalización,2026-04-13 08:00:00,Ejecutivo_04,Personal,14400.0,1317.21,0.3,115,Web,45
SOL01020,Desembolso,2026-04-13 08:00:00,Tesoreria,Personal,13800.0,778.13,0.25,37,Sucursal,62
SOL00664,formalización,2026-04-13 08:00:00,Ejecutivo_06,Vehicular,17700.0,869.89,0.32,46,Sucursal,29
SOL00476,Verificación de documentos,2026-04-13 08:00:00,Verificador_04,Personal,7300.0,846.91,0.41,5,Web,41
SOL00447,Formalización,2026-04-13 08:00:00,Ejecutivo_01,Consumo,7700.0,1524.96,0.13,37,Agente,28
SOL00691,Verificación de documentos,2026-04-13 08:00:00,Verificador_02,Hipotecario,109800.0,1441.6,0.41,36,Web,37
SOL01039,Verificación de documentos,2026-04-13 08:00:00,Verificador_01,Vehicular,31800.0,1570.25,0.39,52,Web,54
SOL00636,Análisis financiero,2026-04-13 08:00:00,Analista_07,Hipotecario,108400.0,2222.22,0.31,42,Sucursal,53
SOL00553,Verificación de documentos,2026-04-13 08:00:00,Verificador_04,Consumo,4200.0,3250.8,0.16,0,Web,56
SOL00095,Desembolso,2026-04-13 08:00:00,Tesoreria,Personal,3900.0,1509.13,0.4,37,Sucursal,44
SOL00477,Formalización,2026-04-13 08:00:00,Ejecutivo_05,Vehicular,17100.0,753.69,0.14,123,Sucursal,21
SOL00129,Formalización,2026-04-13 08:00:00,Ejecutivo_04,Personal,19200.0,782.63,0.3,214,Agente,25
SOL00230,Reevaluación,2026-04-13 08:00:00,Analista_06,Hipotecario,156000.0,621.17,0.52,13,Sucursal,46
SOL00145,Verificación de documentos,2026-04-13 08:00:00,Verificador_03,Consumo,3500.0,3445.87,0.35,96,Sucursal,34
SOL00700,Verificación de documentos,2026-04-13 08:00:00,Verificador_02,Consumo,5100.0,2148.18,0.29,74,Web,70
SOL00360,Análisis financiero,2026-04-13 08:00:00,Analista_08,Personal,16800.0,1774.01,0.21,56,Web,24
SOL00947,Verificación de documentos,2026-04-13 08:00:00,Verificador_04,Consumo,1900.0,1312.31,0.36,22,Agente,57
SOL00896,Verificación de documentos,2026-04-13 08:00:00,Verificador_03,Personal,16700.0,1277.81,0.46,59,Sucursal,61
SOL00181,Formalización,2026-04-13 08:00:00,Ejecutivo_05,Personal,12000.0,928.69,0.4,94,Web,35
SOL00494,Desembolso,2026-04-13 08:00:00,Tesoreria,Consumo,4100.0,7504.85,0.14,120,Web,57
SOL00019,Reevaluación,2026-04-13 08:00:00,Analista_01,Vehicular,23300.0,1300.37,0.55,20,Web,25
SOL00271,Desembolso,2026-04-13 08:00:00,Tesoreria,Vehicular,10800.0,1614.06,0.49,48,Web,29
SOL00615,Verificación de documentos,2026-04-13 08:06:00,Verificador_02,Consumo,6700.0,3603.16,0.5,8,Web,53
SOL00284,Verificación de documentos,2026-04-13 08:17:00,Verificador_03,Vehicular,39500.0,1069.27,0.6,53,Web,33
SOL01113,Verificación de documentos,2026-04-13 08:18:00,Verificador_03,Personal,17100.0,723.37,0.14,10,Sucursal,49
SOL00694,Verificación de documentos,2026-04-13 08:20:00,Verificador_01,Personal,18900.0,2497.02,0.17,88,Sucursal,29
SOL01167,Verificación de documentos,2026-04-13 08:25:00,Verificador_04,Consumo,2000.0,1140.05,0.47,105,Agente,66
SOL01191,Solicitud de información adicional,2026-04-13 08:30:01,Verificador_02,Consumo,3400.0,806.36,0.06,29,Web,22
SOL00258,Solicitud de información adicional,2026-04-13 08:30:01,Verificador_04,Consumo,6100.0,2755.7,0.6,62,Web,49
SOL00452,Solicitud de información adicional,2026-04-13 08:30:01,Verificador_04,Personal,16700.0,1357.06,0.21,117,Web,56
SOL00472,Solicitud de información adicional,2026-04-13 08:30:01,Verificador_03,Hipotecario,203800.0,2865.72,0.43,39,Web,60
SOL00692,Solicitud de información adicional,2026-04-13 08:30:01,Verificador_04,Hipotecario,173100.0,882.05,0.29,62,Web,67
SOL01153,Solicitud de información adicional,2026-04-13 08:30:01,Verificador_02,Consumo,5700.0,3027.75,0.28,67,Web,59
SOL00881,Solicitud de información adicional,2026-04-13 08:30:01,Verificador_02,Personal,9700.0,991.65,0.09,7,Web,55
SOL00797,Solicitud de información adicional,2026-04-13 08:30:01,Verificador_03,Consumo,1600.0,1430.82,0.47,94,Sucursal,67
SOL00947,Solicitud de información adicional,2026-04-13 08:30:01,Verificador_04,Consumo,1900.0,1312.31,0.36,22,Agente,57
SOL00094,Solicitud recibida,2026-04-13 08:51:41,Ejecutivo_04,Vehicular,19100.0,1755.25,0.08,32,Agente,29
SOL00360,Aprobación,2026-04-13 09:40:27,Analista_08,Personal,16800.0,1774.01,0.21,56,Web,24
SOL00172,Aprobación,2026-04-13 10:03:30,Analista_06,Personal,17600.0,668.1,0.43,74,Web,66
SOL00034,Aprobación,2026-04-13 10:12:25,Analista_04,Vehicular,20700.0,1090.89,0.38,55,Agente,51
SOL00473,Aprobación,2026-04-13 10:20:37,Analista_07,Personal,8900.0,598.14,0.1,400,Sucursal,54
SOL00663,Aprobación,2026-04-13 10:28:03,Analista_02,Consumo,2000.0,2130.62,0.22,179,Agente,54
SOL00999,Aprobación,2026-04-13 10:40:19,Analista_06,Consumo,7000.0,3613.99,0.29,143,Web,55
SOL00230,Rechazo,2026-04-13 10:58:31,Analista_06,Hipotecario,156000.0,621.17,0.52,13,Sucursal,46
SOL00328,Verificación de documentos,2026-04-13 12:05:39,Verificador_01,Consumo,2100.0,2016.88,0.27,4,Web,43
SOL00094,Verificación de documentos,2026-04-13 12:10:21,Verificador_02,Vehicular,19100.0,1755.25,0.08,32,Agente,29
SOL00651,Solicitud recibida,2026-04-13 12:36:45,Ejecutivo_01,Hipotecario,68900.0,2228.0,0.15,41,Sucursal,53
SOL00094,Solicitud de información adicional,2026-04-13 12:40:22,Verificador_04,Vehicular,19100.0,1755.25,0.08,32,Agente,29
SOL00474,Solicitud recibida,2026-04-13 13:04:45,Ejecutivo_02,Personal,15300.0,1764.71,0.36,28,Sucursal,67
SOL01134,Solicitud recibida,2026-04-13 13:46:52,Ejecutivo_05,Personal,7600.0,997.82,0.13,1,Sucursal,52
SOL00364,Solicitud recibida,2026-04-13 13:47:00,Ejecutivo_06,Vehicular,23200.0,1073.23,0.27,75,Agente,21
SOL00896,Análisis financiero,2026-04-13 14:19:30,Analista_04,Personal,16700.0,1277.81,0.46,59,Sucursal,61
SOL00104,Solicitud recibida,2026-04-13 15:16:39,Ejecutivo_02,Consumo,3500.0,1073.65,0.39,18,Agente,42
SOL00898,Solicitud recibida,2026-04-13 15:25:58,Ejecutivo_01,Personal,3600.0,2714.34,0.62,149,Sucursal,52
SOL00958,Análisis financiero,2026-04-13 15:33:18,Analista_02,Personal,6400.0,1730.31,0.61,31,Web,28
SOL01113,Análisis financiero,2026-04-13 15:59:22,Analista_06,Personal,17100.0,723.37,0.14,10,Sucursal,49
SOL00019,Aprobación,2026-04-13 16:02:36,Analista_01,Vehicular,23300.0,1300.37,0.55,20,Web,25
SOL01019,Solicitud recibida,2026-04-13 16:39:15,Ejecutivo_04,Hipotecario,63500.0,1131.9,0.26,58,Agente,36
SOL00092,Análisis financiero,2026-04-13 16:39:33,Analista_06,Consumo,5200.0,944.88,0.29,50,Sucursal,64
SOL00258,Recepción de información,2026-04-13 23:00:07,Sistema,Consumo,6100.0,2755.7,0.6,62,Web,49
SOL00143,Recepción de información,2026-04-14 05:09:32,Sistema,Hipotecario,196700.0,672.99,0.38,4,Sucursal,45
SOL00104,Verificación de documentos,2026-04-14 08:00:00,Verificador_02,Consumo,3500.0,1073.65,0.39,18,Agente,42
SOL00691,Análisis financiero,2026-04-14 08:00:00,Analista_01,Hipotecario,109800.0,1441.6,0.41,36,Web,37
SOL00038,Desembolso,2026-04-14 08:00:00,Tesoreria,Vehicular,36900.0,1093.96,0.23,34,Sucursal,43
SOL00092,Aprobación,2026-04-14 08:00:00,Analista_06,Consumo,5200.0,944.88,0.29,50,Sucursal,64
SOL01134,Verificación de documentos,2026-04-14 08:00:00,Verificador_03,Personal,7600.0,997.82,0.13,1,Sucursal,52
SOL00355,Formalización,2026-04-14 08:00:00,Ejecutivo_05,Personal,18600.0,3521.95,0.25,67,Sucursal,43
SOL00898,Verificación de documentos,2026-04-14 08:00:00,Verificador_02,Personal,3600.0,2714.34,0.62,149,Sucursal,52
SOL00963,Análisis financiero,2026-04-14 08:00:00,Analista_06,Consumo,7000.0,1515.22,0.36,39,Sucursal,28
SOL01113,Aprobación,2026-04-14 08:00:00,Analista_06,Personal,17100.0,723.37,0.14,10,Sucursal,49
SOL00364,Verificación de documentos,2026-04-14 08:00:00,Verificador_03,Vehicular,23200.0,1073.23,0.27,75,Agente,21
SOL01071,Desembolso,2026-04-14 08:00:00,Tesoreria,Personal,14400.0,1317.21,0.3,115,Web,45
SOL01047,Análisis financiero,2026-04-14 08:00:00,Analista_05,Vehicular,19600.0,3175.25,0.07,98,Sucursal,21
SOL00570,Desembolso,2026-04-14 08:00:00,Tesoreria,Hipotecario,192000.0,1897.0,0.11,73,Sucursal,60
SOL00476,Análisis financiero,2026-04-14 08:00:00,Analista_04,Personal,7300.0,846.91,0.41,5,Web,41
SOL01039,Análisis financiero,2026-04-14 08:00:00,Analista_01,Vehicular,31800.0,1570.25,0.39,52,Web,54
SOL01162,Desembolso,2026-04-14 08:00:00,Tesoreria,Personal,4100.0,819.53,0.36,46,Sucursal,47
SOL00664,Desembolso,2026-04-14 08:02:00,Tesoreria,Vehicular,17700.0,869.89,0.32,46,Sucursal,29
SOL00700,Análisis financiero,2026-04-14 08:02:00,Analista_02,Consumo,5100.0,2148.18,0.29,74,Web,70
SOL00958,Reevaluación,2026-04-14 08:02:00,Analista_02,Personal,6400.0,1730.31,0.61,31,Web,28
SOL00116,Desembolso,2026-04-14 08:05:00,Tesoreria,Personal,19500.0,1909.48,0.21,11,Sucursal,44
SOL00328,Análisis financiero,2026-04-14 08:08:00,Analista_06,Consumo,2100.0,2016.88,0.27,4,Web,43
SOL01019,Verificación de documentos,2026-04-14 08:17:00,Verificador_04,Hipotecario,63500.0,1131.9,0.26,58,Agente,36
SOL00145,Análisis financiero,2026-04-14 08:21:00,Analista_07,Consumo,3500.0,3445.87,0.35,96,Sucursal,34
SOL01057,Análisis financiero,2026-04-14 08:23:00,Analista_06,Vehicular,21400.0,1197.68,0.38,144,Sucursal,38
SOL00320,Formalización,2026-04-14 08:24:00,Ejecutivo_03,Consumo,6500.0,3910.56,0.63,186,Web,40
SOL00181,Desembolso,2026-04-14 08:24:00,Tesoreria,Personal,12000.0,928.69,0.4,94,Web,35
SOL00651,Verificación de documentos,2026-04-14 08:26:00,Verificador_02,Hipotecario,68900.0,2228.0,0.15,41,Sucursal,53
SOL00541,Análisis financiero,2026-04-14 08:27:00,Analista_01,Consumo,7900.0,1111.1,0.21,51,Sucursal,63
SOL00474,Verificación de documentos,2026-04-14 08:27:00,Verificador_02,Personal,15300.0,1764.71,0.36,28,Sucursal,67
SOL00447,Desembolso,2026-04-14 08:29:00,Tesoreria,Consumo,7700.0,1524.96,0.13,37,Agente,28
SOL00898,Aprobación,2026-04-14 09:41:57,Gerente_Sucursal_02,Personal,3600.0,2714.34,0.62,149,Sucursal,52
SOL01187,Análisis financiero,2026-04-14 09:48:21,Analista_08,Vehicular,23600.0,2866.83,0.27,42,Sucursal,46
SOL00608,Solicitud recibida,2026-04-14 09:56:12,Sistema,Personal,14600.0,2964.12,0.06,50,Web,50
SOL00553,Análisis financiero,2026-04-14 10:59:14,Analista_02,Consumo,4200.0,3250.8,0.16,0,Web,56
SOL00555,Desembolso,2026-04-14 11:06:10,Tesoreria,Hipotecario,159100.0,1694.53,0.39,44,Agente,34
SOL00328,Aprobación,2026-04-14 11:06:15,Analista_06,Consumo,2100.0,2016.88,0.27,4,Web,43
SOL00145,Aprobación,2026-04-14 11:17:31,Analista_07,Consumo,3500.0,3445.87,0.35,96,Sucursal,34
SOL00700,Aprobación,2026-04-14 11:23:34,Analista_02,Consumo,5100.0,2148.18,0.29,74,Web,70
SOL01167,Análisis financiero,2026-04-14 11:24:43,Analista_06,Consumo,2000.0,1140.05,0.47,105,Agente,66
SOL00231,Solicitud recibida,2026-04-14 11:32:34,Ejecutivo_06,Vehicular,17500.0,1583.28,0.19,44,Sucursal,29
SOL00958,Rechazo,2026-04-14 12:00:55,Analista_02,Personal,6400.0,1730.31,0.61,31,Web,28
SOL00523,Solicitud recibida,2026-04-14 12:01:13,Ejecutivo_05,Personal,14300.0,1742.54,0.17,99,Sucursal,69
SOL00998,Desembolso,2026-04-14 12:17:07,Tesoreria,Hipotecario,193200.0,1741.1,0.09,17,Sucursal,63
SOL00541,Aprobación,2026-04-14 12:19:15,Analista_01,Consumo,7900.0,1111.1,0.21,51,Sucursal,63
SOL01187,Aprobación,2026-04-14 12:31:12,Analista_08,Vehicular,23600.0,2866.83,0.27,42,Sucursal,46
SOL00610,Solicitud recibida,2026-04-14 13:10:56,Ejecutivo_01,Consumo,6500.0,1554.94,0.56,7,Sucursal,54
SOL00472,Recepción de información,2026-04-14 13:19:04,Sistema,Hipotecario,203800.0,2865.72,0.43,39,Web,60
SOL00586,Solicitud recibida,2026-04-14 13:34:20,Sistema,Consumo,2800.0,1501.59,0.13,122,Web,32
SOL01167,Aprobación,2026-04-14 14:17:45,Analista_06,Consumo,2000.0,1140.05,0.47,105,Agente,66
SOL01047,Aprobación,2026-04-14 14:18:23,Analista_05,Vehicular,19600.0,3175.25,0.07,98,Sucursal,21
SOL00104,Análisis financiero,2026-04-14 14:27:15,Analista_04,Consumo,3500.0,1073.65,0.39,18,Agente,42
SOL00963,Rechazo,2026-04-14 14:38:31,Analista_06,Consumo,7000.0,1515.22,0.36,39,Sucursal,28
SOL00143,Verificación de documentos,2026-04-14 14:47:18,Verificador_04,Hipotecario,196700.0,672.99,0.38,4,Sucursal,45
SOL01057,Rechazo,2026-04-14 14:49:05,Analista_06,Vehicular,21400.0,1197.68,0.38,144,Sucursal,38
SOL00553,Aprobación,2026-04-14 16:21:00,Analista_02,Consumo,4200.0,3250.8,0.16,0,Web,56
SOL00258,Verificación de documentos,2026-04-14 16:22:02,Verificador_03,Consumo,6100.0,2755.7,0.6,62,Web,49
SOL00104,Aprobación,2026-04-14 16:35:25,Analista_04,Consumo,3500.0,1073.65,0.39,18,Agente,42
SOL00361,Solicitud recibida,2026-04-14 16:40:07,Sistema,Hipotecario,159600.0,929.84,0.48,3,Web,66
SOL00651,Análisis financiero,2026-04-14 16:53:49,Analista_03,Hipotecario,68900.0,2228.0,0.15,41,Sucursal,53
SOL00686,Solicitud recibida,2026-04-14 20:16:36,Ejecutivo_03,Personal,14600.0,1527.96,0.3,257,Sucursal,53
SOL01191,Recepción de información,2026-04-14 20:16:43,Sistema,Consumo,3400.0,806.36,0.06,29,Web,22
SOL00777,Recepción de información,2026-04-14 21:27:51,Sistema,Personal,17000.0,572.84,0.3,182,Web,67
SOL00477,Desembolso,2026-04-15 08:00:00,Tesoreria,Vehicular,17100.0,753.69,0.14,123,Sucursal,21
SOL00615,Análisis financiero,2026-04-15 08:00:00,Analista_01,Consumo,6700.0,3603.16,0.5,8,Web,53
SOL00473,Formalización,2026-04-15 08:00:00,Ejecutivo_01,Personal,8900.0,598.14,0.1,400,Sucursal,54
SOL00866,Formalización,2026-04-15 08:00:00,Ejecutivo_03,Personal,8100.0,1478.89,0.44,80,Agente,37
SOL00862,Análisis financiero,2026-04-15 08:00:00,Analista_01,Vehicular,15300.0,1433.71,0.57,45,Web,52
SOL00360,Formalización,2026-04-15 08:00:00,Ejecutivo_05,Personal,16800.0,1774.01,0.21,56,Web,24
SOL00476,Rechazo,2026-04-15 08:00:00,Analista_04,Personal,7300.0,846.91,0.41,5,Web,41
SOL00694,Análisis financiero,2026-04-15 08:00:00,Analista_02,Personal,18900.0,2497.02,0.17,88,Sucursal,29
SOL00796,Desembolso,2026-04-15 08:00:00,Tesoreria,Hipotecario,94400.0,5579.34,0.19,71,Agente,40
SOL00610,Verificación de documentos,2026-04-15 08:00:00,Verificador_03,Consumo,6500.0,1554.94,0.56,7,Sucursal,54
SOL00361,Verificación de documentos,2026-04-15 08:00:00,Verificador_02,Hipotecario,159600.0,929.84,0.48,3,Web,66
SOL00608,Verificación de documentos,2026-04-15 08:00:00,Verificador_04,Personal,14600.0,2964.12,0.06,50,Web,50
SOL00898,Formalización,2026-04-15 08:00:00,Ejecutivo_05,Personal,3600.0,2714.34,0.62,149,Sucursal,52
SOL00523,Verificación de documentos,2026-04-15 08:00:00,Verificador_01,Personal,14300.0,1742.54,0.17,99,Sucursal,69
SOL00896,Reevaluación,2026-04-15 08:02:00,Analista_04,Personal,16700.0,1277.81,0.46,59,Sucursal,61
SOL00231,Verificación de documentos,2026-04-15 08:03:00,Verificador_04,Vehicular,17500.0,1583.28,0.19,44,Sucursal,29
SOL01019,Análisis financiero,2026-04-15 08:07:00,Analista_05,Hipotecario,63500.0,1131.9,0.26,58,Agente,36
SOL00777,Verificación de documentos,2026-04-15 08:14:00,Verificador_03,Personal,17000.0,572.84,0.3,182,Web,67
SOL00999,Formalización,2026-04-15 08:15:00,Ejecutivo_06,Consumo,7000.0,3613.99,0.29,143,Web,55
SOL00472,Verificación de documentos,2026-04-15 08:15:00,Verificador_02,Hipotecario,203800.0,2865.72,0.43,39,Web,60
SOL00355,Desembolso,2026-04-15 08:21:00,Tesoreria,Personal,18600.0,3521.95,0.25,67,Sucursal,43
SOL00586,Verificación de documentos,2026-04-15 08:21:00,Verificador_02,Consumo,2800.0,1501.59,0.13,122,Web,32
SOL00686,Verificación de documentos,2026-04-15 08:24:00,Verificador_04,Personal,14600.0,1527.96,0.3,257,Sucursal,53
SOL00700,Formalización,2026-04-15 08:28:48,Ejecutivo_04,Consumo,5100.0,2148.18,0.29,74,Web,70
SOL00474,Análisis financiero,2026-04-15 08:29:00,Analista_08,Personal,15300.0,1764.71,0.36,28,Sucursal,67
SOL00320,Desembolso,2026-04-15 08:29:00,Tesoreria,Consumo,6500.0,3910.56,0.63,186,Web,40
SOL00608,Solicitud de información adicional,2026-04-15 08:30:01,Verificador_02,Personal,14600.0,2964.12,0.06,50,Web,50
SOL01134,Análisis financiero,2026-04-15 08:38:40,Analista_08,Personal,7600.0,997.82,0.13,1,Sucursal,52
SOL00777,Solicitud de información adicional,2026-04-15 08:44:01,Verificador_02,Personal,17000.0,572.84,0.3,182,Web,67
SOL01191,Verificación de documentos,2026-04-15 08:49:59,Verificador_03,Consumo,3400.0,806.36,0.06,29,Web,22
SOL00129,Desembolso,2026-04-15 08:50:50,Tesoreria,Personal,19200.0,782.63,0.3,214,Agente,25
SOL01191,Solicitud de información adicional,2026-04-15 09:20:00,Verificador_03,Consumo,3400.0,806.36,0.06,29,Web,22
SOL00670,Solicitud recibida,2026-04-15 09:36:09,Sistema,Vehicular,18300.0,3173.24,0.39,204,Web,47
SOL01193,Solicitud recibida,2026-04-15 10:37:05,Ejecutivo_06,Personal,14000.0,1200.63,0.13,20,Sucursal,54
SOL00364,Análisis financiero,2026-04-15 10:37:33,Analista_07,Vehicular,23200.0,1073.23,0.27,75,Agente,21
SOL00615,Aprobación,2026-04-15 11:00:43,Analista_01,Consumo,6700.0,3603.16,0.5,8,Web,53
SOL01000,Solicitud recibida,2026-04-15 12:47:24,Ejecutivo_01,Consumo,3200.0,4691.5,0.1,79,Sucursal,31
SOL01134,Aprobación,2026-04-15 13:05:57,Analista_08,Personal,7600.0,997.82,0.13,1,Sucursal,52
SOL00172,Formalización,2026-04-15 13:19:19,Ejecutivo_06,Personal,17600.0,668.1,0.43,74,Web,66
SOL00694,Aprobación,2026-04-15 13:23:29,Analista_02,Personal,18900.0,2497.02,0.17,88,Sucursal,29
SOL00019,Formalización,2026-04-15 13:48:32,Ejecutivo_03,Vehicular,23300.0,1300.37,0.55,20,Web,25
SOL00472,Análisis financiero,2026-04-15 14:19:08,Analista_06,Hipotecario,203800.0,2865.72,0.43,39,Web,60
SOL00862,Aprobación,2026-04-15 14:20:27,Analista_01,Vehicular,15300.0,1433.71,0.57,45,Web,52
SOL00670,Verificación de documentos,2026-04-15 14:46:03,Verificador_01,Vehicular,18300.0,3173.24,0.39,204,Web,47
SOL00474,Aprobación,2026-04-15 14:51:36,Analista_08,Personal,15300.0,1764.71,0.36,28,Sucursal,67
SOL00896,Reevaluación,2026-04-15 14:56:28,Analista_04,Personal,16700.0,1277.81,0.46,59,Sucursal,61
SOL00364,Aprobación,2026-04-15 15:02:13,Analista_07,Vehicular,23200.0,1073.23,0.27,75,Agente,21
SOL00143,Análisis financiero,2026-04-15 15:22:37,Analista_03,Hipotecario,196700.0,672.99,0.38,4,Sucursal,45
SOL01187,Formalización,2026-04-15 15:56:29,Ejecutivo_01,Vehicular,23600.0,2866.83,0.27,42,Sucursal,46
SOL00284,Análisis financiero,2026-04-15 15:59:13,Analista_07,Vehicular,39500.0,1069.27,0.6,53,Web,33
SOL00346,Solicitud recibida,2026-04-15 16:14:20,Sistema,Hipotecario,211900.0,3446.69,0.29,32,Web,47
SOL00881,recepción de información,2026-04-15 18:06:13,Sistema,Personal,9700.0,991.65,0.09,7,Web,55
SOL00692,Recepción de información,2026-04-15 19:14:59,Sistema,Hipotecario,173100.0,882.05,0.29,62,Web,67
SOL00157,Solicitud recibida,2026-04-15 21:02:29,Ejecutivo_01,Personal,9100.0,740.63,0.3,58,Sucursal,31
SOL00094,Recepción de información,2026-04-16 06:32:50,Sistema,Vehicular,19100.0,1755.25,0.08,32,Agente,29
SOL00190,Solicitud recibida,2026-04-16 07:04:05,Ejecutivo_02,Consumo,5600.0,1783.97,0.29,23,Agente,34
SOL00258,Análisis financiero,2026-04-16 08:00:00,Analista_08,Consumo,6100.0,2755.7,0.6,62,Web,49
SOL01000,Verificación de documentos,2026-04-16 08:00:00,Verificador_03,Consumo,3200.0,4691.5,0.1,79,Sucursal,31
SOL00328,Formalización,2026-04-16 08:00:00,Ejecutivo_04,Consumo,2100.0,2016.88,0.27,4,Web,43
SOL01193,Verificación de documentos,2026-04-16 08:00:00,Verificador_01,Personal,14000.0,1200.63,0.13,20,Sucursal,54
SOL00898,Desembolso,2026-04-16 08:00:00,Tesoreria,Personal,3600.0,2714.34,0.62,149,Sucursal,52
SOL00700,Desembolso,2026-04-16 08:00:00,Tesoreria,Consumo,5100.0,2148.18,0.29,74,Web,70
SOL00586,Análisis financiero,2026-04-16 08:00:00,Analista_04,Consumo,2800.0,1501.59,0.13,122,Web,32
SOL00473,Desembolso,2026-04-16 08:00:00,Tesoreria,Personal,8900.0,598.14,0.1,400,Sucursal,54
SOL00896,Rechazo,2026-04-16 08:00:00,Analista_04,Personal,16700.0,1277.81,0.46,59,Sucursal,61
SOL00157,Verificación de documentos,2026-04-16 08:02:00,Verificador_02,Personal,9100.0,740.63,0.3,58,Sucursal,31
SOL00558,Desembolso,2026-04-16 08:04:00,Tesoreria,Hipotecario,57400.0,1318.99,0.05,118,Web,58
SOL00686,Análisis financiero,2026-04-16 08:05:00,Analista_08,Personal,14600.0,1527.96,0.3,257,Sucursal,53
SOL00881,Verificación de documentos,2026-04-16 08:06:00,Verificador_02,Personal,9700.0,991.65,0.09,7,Web,55
SOL01187,Desembolso,2026-04-16 08:11:00,Tesoreria,Vehicular,23600.0,2866.83,0.27,42,Sucursal,46
SOL01113,Formalización,2026-04-16 08:11:00,Ejecutivo_06,Personal,17100.0,723.37,0.14,10,Sucursal,49
SOL00523,Análisis financiero,2026-04-16 08:14:00,Analista_06,Personal,14300.0,1742.54,0.17,99,Sucursal,69
SOL00670,Análisis financiero,2026-04-16 08:17:00,Analista_05,Vehicular,18300.0,3173.24,0.39,204,Web,47
SOL00610,Análisis financiero,2026-04-16 08:17:00,Analista_01,Consumo,6500.0,1554.94,0.56,7,Sucursal,54
SOL00692,Verificación de documentos,2026-04-16 08:18:00,Verificador_03,Hipotecario,173100.0,882.05,0.29,62,Web,67
SOL00866,Desembolso,2026-04-16 08:19:00,Tesoreria,Personal,8100.0,1478.89,0.44,80,Agente,37
SOL00999,Desembolso,2026-04-16 08:19:00,Tesoreria,Consumo,7000.0,3613.99,0.29,143,Web,55
SOL00361,Análisis financiero,2026-04-16 08:22:00,Analista_06,Hipotecario,159600.0,929.84,0.48,3,Web,66
SOL00573,Solicitud recibida,2026-04-16 08:28:40,Sistema,Personal,10600.0,3326.49,0.1,74,Web,27
SOL00692,Solicitud de información adicional,2026-04-16 08:48:01,Verificador_03,Hipotecario,173100.0,882.05,0.29,62,Web,67
SOL01139,Solicitud recibida,2026-04-16 09:42:19,Sistema,Consumo,8000.0,843.83,0.21,50,Web,30
SOL01167,Formalización,2026-04-16 09:43:40,Ejecutivo_04,Consumo,2000.0,1140.05,0.47,105,Agente,66
SOL00607,Desembolso,2026-04-16 09:57:42,Tesoreria,Vehicular,25700.0,979.04,0.33,62,Web,31
SOL00284,Comité de crédito,2026-04-16 10:00:01,Comite,Vehicular,39500.0,1069.27,0.6,53,Web,33
SOL00691,Comité de crédito,2026-04-16 10:00:01,Comite,Hipotecario,109800.0,1441.6,0.41,36,Web,37
SOL00809,Comité de crédito,2026-04-16 10:00:01,Comite,Hipotecario,180100.0,374.51,0.43,59,Sucursal,32
SOL01019,Comité de crédito,2026-04-16 10:00:01,Comite,Hipotecario,63500.0,1131.9,0.26,58,Agente,36
SOL00425,Comité de crédito,2026-04-16 10:00:01,Comite,Vehicular,37800.0,650.21,0.37,24,Sucursal,34
SOL00143,Comité de crédito,2026-04-16 10:00:01,Comite,Hipotecario,196700.0,672.99,0.38,4,Sucursal,45
SOL00636,Comité de crédito,2026-04-16 10:00:01,Comite,Hipotecario,108400.0,2222.22,0.31,42,Sucursal,53
SOL01039,Comité de crédito,2026-04-16 10:00:01,Comite,Vehicular,31800.0,1570.25,0.39,52,Web,54
SOL00472,Comite de credito,2026-04-16 10:00:01,Comite,Hipotecario,203800.0,2865.72,0.43,39,Web,60
SOL00651,Comité de crédito,2026-04-16 10:00:01,Comite,Hipotecario,68900.0,2228.0,0.15,41,Sucursal,53
SOL00417,Desembolso,2026-04-16 10:27:17,Tesoreria,Consumo,2600.0,1222.64,0.36,103,Sucursal,65
SOL00670,Aprobación,2026-04-16 10:54:44,Analista_05,Vehicular,18300.0,3173.24,0.39,204,Web,47
SOL01135,Solicitud recibida,2026-04-16 11:04:28,Ejecutivo_04,Consumo,1900.0,2625.78,0.25,75,Sucursal,30
SOL00249,Solicitud recibida,2026-04-16 11:23:29,Ejecutivo_05,Hipotecario,156400.0,1483.3,0.29,36,Agente,36
SOL00190,Verificación de documentos,2026-04-16 11:30:02,Verificador_03,Consumo,5600.0,1783.97,0.29,23,Agente,34
SOL00472,Aprobación,2026-04-16 11:35:14,Comite,Hipotecario,203800.0,2865.72,0.43,39,Web,60
SOL00172,Desembolso,2026-04-16 12:05:44,Tesoreria,Personal,17600.0,668.1,0.43,74,Web,66
SOL00284,Rechazo,2026-04-16 12:21:33,Analista_07,Vehicular,39500.0,1069.27,0.6,53,Web,33
SOL01039,Aprobación,2026-04-16 12:34:29,Comite,Vehicular,31800.0,1570.25,0.39,52,Web,54
SOL00346,Verificación de documentos,2026-04-16 12:38:45,Verificador_01,Hipotecario,211900.0,3446.69,0.29,32,Web,47
SOL00425,Aprobación,2026-04-16 13:05:48,Comite,Vehicular,37800.0,650.21,0.37,24,Sucursal,34
SOL00686,Aprobación,2026-04-16 13:14:49,Analista_08,Personal,14600.0,1527.96,0.3,257,Sucursal,53
SOL00809,Rechazo,2026-04-16 13:16:59,Analista_06,Hipotecario,180100.0,374.51,0.43,59,Sucursal,32
SOL00523,Aprobación,2026-04-16 13:41:29,Analista_06,Personal,14300.0,1742.54,0.17,99,Sucursal,69
SOL01047,Formalización,2026-04-16 13:53:23,Ejecutivo_05,Vehicular,19600.0,3175.25,0.07,98,Sucursal,21
SOL00034,Formalización,2026-04-16 14:04:48,Ejecutivo_02,Vehicular,20700.0,1090.89,0.38,55,Agente,51
SOL00651,Aprobación,2026-04-16 14:30:10,Comite,Hipotecario,68900.0,2228.0,0.15,41,Sucursal,53
SOL00573,Verificación de documentos,2026-04-16 14:32:30,Verificador_01,Personal,10600.0,3326.49,0.1,74,Web,27
SOL00094,Verificación de documentos,2026-04-16 14:46:56,Verificador_01,Vehicular,19100.0,1755.25,0.08,32,Agente,29
SOL00573,Solicitud de información adicional,2026-04-16 15:02:31,Verificador_03,Personal,10600.0,3326.49,0.1,74,Web,27
SOL00343,Solicitud recibida,2026-04-16 15:49:59,Ejecutivo_04,Hipotecario,75300.0,674.72,0.34,39,Sucursal,52
SOL00691,Aprobación,2026-04-16 15:56:34,Comite,Hipotecario,109800.0,1441.6,0.41,36,Web,37
SOL00608,Recepción de información,2026-04-16 15:56:41,Sistema,Personal,14600.0,2964.12,0.06,50,Web,50
SOL00636,Aprobacion,2026-04-16 15:58:42,Comite,Hipotecario,108400.0,2222.22,0.31,42,Sucursal,53
SOL01007,Solicitud recibida,2026-04-16 16:41:30,Sistema,Consumo,4100.0,1674.43,0.27,4,Web,56
SOL00947,Recepción de información,2026-04-16 16:41:52,Sistema,Consumo,1900.0,1312.31,0.36,22,Agente,57
SOL00641,Solicitud recibida,2026-04-16 18:12:55,Ejecutivo_05,Hipotecario,125300.0,689.15,0.14,136,Sucursal,34
SOL01191,Recepción de información,2026-04-16 19:14:55,Sistema,Consumo,3400.0,806.36,0.06,29,Web,22
SOL00452,Recepción de información,2026-04-17 03:06:16,Sistema,Personal,16700.0,1357.06,0.21,117,Web,56
SOL00282,Solicitud recibida,2026-04-17 07:43:50,Ejecutivo_02,Personal,8500.0,2397.54,0.2,6,Sucursal,47
SOL01193,Análisis financiero,2026-04-17 08:00:00,Analista_01,Personal,14000.0,1200.63,0.13,20,Sucursal,54
SOL00258,Reevaluación,2026-04-17 08:00:00,Analista_08,Consumo,6100.0,2755.7,0.6,62,Web,49
SOL00231,Análisis financiero,2026-04-17 08:00:00,Analista_03,Vehicular,17500.0,1583.28,0.19,44,Sucursal,29
SOL00364,Formalización,2026-04-17 08:00:00,Ejecutivo_03,Vehicular,23200.0,1073.23,0.27,75,Agente,21
SOL01167,Desembolso,2026-04-17 08:00:00,Tesoreria,Consumo,2000.0,1140.05,0.47,105,Agente,66
SOL00694,Formalización,2026-04-17 08:00:00,Ejecutivo_06,Personal,18900.0,2497.02,0.17,88,Sucursal,29
SOL01139,Verificación de documentos,2026-04-17 08:00:00,Verificador_02,Consumo,8000.0,843.83,0.21,50,Web,30
SOL00615,Formalización,2026-04-17 08:00:00,Ejecutivo_05,Consumo,6700.0,3603.16,0.5,8,Web,53
SOL00553,Formalización,2026-04-17 08:00:00,Ejecutivo_02,Consumo,4200.0,3250.8,0.16,0,Web,56
SOL00343,Verificación de documentos,2026-04-17 08:00:00,Verificador_01,Hipotecario,75300.0,674.72,0.34,39,Sucursal,52
SOL00541,Formalización,2026-04-17 08:00:00,Ejecutivo_05,Consumo,7900.0,1111.1,0.21,51,Sucursal,63
SOL00608,Verificación de documentos,2026-04-17 08:00:00,Verificador_03,Personal,14600.0,2964.12,0.06,50,Web,50
SOL00092,Formalización,2026-04-17 08:00:00,Ejecutivo_01,Consumo,5200.0,944.88,0.29,50,Sucursal,64
SOL00094,Análisis financiero,2026-04-17 08:00:00,Analista_06,Vehicular,19100.0,1755.25,0.08,32,Agente,29
SOL00586,Aprobación,2026-04-17 08:00:00,Analista_04,Consumo,2800.0,1501.59,0.13,122,Web,32
SOL00190,Análisis financiero,2026-04-17 08:00:00,Analista_03,Consumo,5600.0,1783.97,0.29,23,Agente,34
SOL00143,Rechazo,2026-04-17 08:00:00,Analista_03,Hipotecario,196700.0,672.99,0.38,4,Sucursal,45
SOL00641,Verificación de documentos,2026-04-17 08:00:00,Verificador_02,Hipotecario,125300.0,689.15,0.14,136,Sucursal,34
SOL00947,Verificación de documentos,2026-04-17 08:00:00,Verificador_02,Consumo,1900.0,1312.31,0.36,22,Agente,57
SOL01019,Aprobación,2026-04-17 08:00:00,Comite,Hipotecario,63500.0,1131.9,0.26,58,Agente,36
SOL00249,Verificación de documentos,2026-04-17 08:00:00,Verificador_01,Hipotecario,156400.0,1483.3,0.29,36,Agente,36
SOL01135,Verificación de documentos,2026-04-17 08:00:00,Verificador_03,Consumo,1900.0,2625.78,0.25,75,Sucursal,30
SOL00881,Análisis financiero,2026-04-17 08:05:00,Analista_04,Personal,9700.0,991.65,0.09,7,Web,55
SOL01007,Verificación de documentos,2026-04-17 08:06:00,Verificador_01,Consumo,4100.0,1674.43,0.27,4,Web,56
SOL01047,Desembolso,2026-04-17 08:11:00,Tesoreria,Vehicular,19600.0,3175.25,0.07,98,Sucursal,21
SOL00346,Análisis financiero,2026-04-17 08:16:11,Analista_01,Hipotecario,211900.0,3446.69,0.29,32,Web,47
SOL00328,Desembolso,2026-04-17 08:18:30,Tesoreria,Consumo,2100.0,2016.88,0.27,4,Web,43
SOL01191,Verificación de documentos,2026-04-17 08:19:00,Verificador_01,Consumo,3400.0,806.36,0.06,29,Web,22
SOL00019,Desembolso,2026-04-17 08:27:00,Tesoreria,Vehicular,23300.0,1300.37,0.55,20,Web,25
SOL01135,Solicitud de información adicional,2026-04-17 08:30:01,Verificador_04,Consumo,1900.0,2625.78,0.25,75,Sucursal,30
SOL01007,Solicitud de información adicional,2026-04-17 08:36:01,Verificador_03,Consumo,4100.0,1674.43,0.27,4,Web,56
SOL00474,formalización,2026-04-17 09:34:02,Ejecutivo_05,Personal,15300.0,1764.71,0.36,28,Sucursal,67
SOL01113,Desembolso,2026-04-17 10:28:15,Tesoreria,Personal,17100.0,723.37,0.14,10,Sucursal,49
SOL01193,Rechazo,2026-04-17 11:04:13,Analista_01,Personal,14000.0,1200.63,0.13,20,Sucursal,54
SOL00610,Reevaluación,2026-04-17 12:18:48,Analista_01,Consumo,6500.0,1554.94,0.56,7,Sucursal,54
SOL01000,Análisis financiero,2026-04-17 12:26:04,Analista_01,Consumo,3200.0,4691.5,0.1,79,Sucursal,31
SOL00094,Aprobación,2026-04-17 12:32:06,Analista_06,Vehicular,19100.0,1755.25,0.08,32,Agente,29
SOL00190,Aprobación,2026-04-17 13:10:13,Analista_03,Consumo,5600.0,1783.97,0.29,23,Agente,34
SOL00360,Desembolso,2026-04-17 13:17:14,Tesoreria,Personal,16800.0,1774.01,0.21,56,Web,24
SOL00881,Aprobación,2026-04-17 13:35:43,Analista_04,Personal,9700.0,991.65,0.09,7,Web,55
SOL00231,Aprobación,2026-04-17 13:55:45,Analista_03,Vehicular,17500.0,1583.28,0.19,44,Sucursal,29
SOL00641,Análisis financiero,2026-04-17 14:34:55,Analista_05,Hipotecario,125300.0,689.15,0.14,136,Sucursal,34
SOL00610,Aprobación,2026-04-17 14:42:12,Analista_01,Consumo,6500.0,1554.94,0.56,7,Sucursal,54
SOL00862,Formalización,2026-04-17 15:01:48,Ejecutivo_01,Vehicular,15300.0,1433.71,0.57,45,Web,52
SOL00452,Verificación de documentos,2026-04-17 16:17:33,Verificador_03,Personal,16700.0,1357.06,0.21,117,Web,56
SOL00452,Solicitud de información adicional,2026-04-17 16:47:34,Verificador_03,Personal,16700.0,1357.06,0.21,117,Web,56
SOL00282,Verificación de documentos,2026-04-17 16:49:23,Verificador_04,Personal,8500.0,2397.54,0.2,6,Sucursal,47
SOL01142,Solicitud recibida,2026-04-17 17:59:07,Ejecutivo_05,Hipotecario,54300.0,2760.53,0.44,46,Sucursal,55
SOL01168,Solicitud recibida,2026-04-17 21:55:13,Ejecutivo_06,Vehicular,26800.0,763.97,0.2,48,Sucursal,32
SOL00692,Recepción de información,2026-04-18 07:06:22,Sistema,Hipotecario,173100.0,882.05,0.29,62,Web,67
SOL01007,Recepción de información,2026-04-18 16:43:11,Sistema,Consumo,4100.0,1674.43,0.27,4,Web,56
SOL01084,Recepción de información,2026-04-18 19:17:27,Sistema,Hipotecario,221900.0,1219.95,0.3,9,Web,60
SOL00913,Solicitud recibida,2026-04-18 20:28:27,Ejecutivo_06,Consumo,3500.0,700.58,0.43,92,Agente,59
SOL00573,Recepción de información,2026-04-19 05:39:43,Sistema,Personal,10600.0,3326.49,0.1,74,Web,27
SOL00797,Recepción de información,2026-04-19 07:39:59,Sistema,Consumo,1600.0,1430.82,0.47,94,Sucursal,67
SOL00147,Solicitud recibida,2026-04-19 07:55:17,Ejecutivo_04,Hipotecario,95700.0,780.24,0.24,50,Sucursal,31
SOL00288,Solicitud recibida,2026-04-19 09:13:55,Sistema,Consumo,4300.0,1216.31,0.42,42,Web,22
SOL00351,Solicitud recibida,2026-04-19 09:33:21,Ejecutivo_05,Vehicular,34300.0,1505.02,0.23,75,Agente,38
SOL00119,Solicitud recibida,2026-04-19 12:38:00,Ejecutivo_02,Vehicular,28700.0,2317.58,0.27,39,Agente,47
SOL01123,Solicitud recibida,2026-04-19 13:45:26,Ejecutivo_01,Personal,18800.0,1442.48,0.26,177,Agente,55
SOL00422,Solicitud recibida,2026-04-19 16:25:35,Sistema,Personal,17900.0,3414.81,0.08,6,Web,54
SOL00382,Solicitud recibida,2026-04-20 07:18:12,Ejecutivo_05,Vehicular,36600.0,1070.09,0.2,18,Agente,28
SOL00573,Verificación de documentos,2026-04-20 08:00:00,Verificador_04,Personal,10600.0,3326.49,0.1,74,Web,27
SOL01039,Formalización,2026-04-20 08:00:00,Ejecutivo_03,Vehicular,31800.0,1570.25,0.39,52,Web,54
SOL00472,Formalización,2026-04-20 08:00:00,Ejecutivo_01,Hipotecario,203800.0,2865.72,0.43,39,Web,60
SOL01139,Análisis financiero,2026-04-20 08:00:00,Analista_06,Consumo,8000.0,843.83,0.21,50,Web,30
SOL01142,Verificación de documentos,2026-04-20 08:00:00,Verificador_04,Hipotecario,54300.0,2760.53,0.44,46,Sucursal,55
SOL00282,Análisis financiero,2026-04-20 08:00:00,Analista_07,Personal,8500.0,2397.54,0.2,6,Sucursal,47
SOL00364,Desembolso,2026-04-20 08:00:00,Tesoreria,Vehicular,23200.0,1073.23,0.27,75,Agente,21
SOL00610,Formalización,2026-04-20 08:00:00,Ejecutivo_02,Consumo,6500.0,1554.94,0.56,7,Sucursal,54
SOL00157,Análisis financiero,2026-04-20 08:00:00,Analista_07,Personal,9100.0,740.63,0.3,58,Sucursal,31
SOL00694,Desembolso,2026-04-20 08:00:00,Tesoreria,Personal,18900.0,2497.02,0.17,88,Sucursal,29
SOL00862,Desembolso,2026-04-20 08:00:00,Tesoreria,Vehicular,15300.0,1433.71,0.57,45,Web,52
SOL00034,Desembolso,2026-04-20 08:00:00,Tesoreria,Vehicular,20700.0,1090.89,0.38,55,Agente,51
SOL00553,Desembolso,2026-04-20 08:00:00,Tesoreria,Consumo,4200.0,3250.8,0.16,0,Web,56
SOL00343,Análisis financiero,2026-04-20 08:00:00,Analista_04,Hipotecario,75300.0,674.72,0.34,39,Sucursal,52
SOL01007,Verificación de documentos,2026-04-20 08:00:00,Verificador_01,Consumo,4100.0,1674.43,0.27,4,Web,56
SOL01168,Verificación de documentos,2026-04-20 08:00:00,Verificador_01,Vehicular,26800.0,763.97,0.2,48,Sucursal,32
SOL00351,Verificación de documentos,2026-04-20 08:00:00,Verificador_01,Vehicular,34300.0,1505.02,0.23,75,Agente,38
SOL00249,Análisis financiero,2026-04-20 08:00:00,Analista_07,Hipotecario,156400.0,1483.3,0.29,36,Agente,36
SOL00608,Análisis financiero,2026-04-20 08:00:00,Analista_02,Personal,14600.0,2964.12,0.06,50,Web,50
SOL00586,Formalización,2026-04-20 08:00:00,Ejecutivo_06,Consumo,2800.0,1501.59,0.13,122,Web,32
SOL00258,Reevaluación,2026-04-20 08:00:00,Analista_08,Consumo,6100.0,2755.7,0.6,62,Web,49
SOL00636,Formalización,2026-04-20 08:00:00,Ejecutivo_03,Hipotecario,108400.0,2222.22,0.31,42,Sucursal,53
SOL01084,Verificación de documentos,2026-04-20 08:00:00,Verificador_02,Hipotecario,221900.0,1219.95,0.3,9,Web,60
SOL00523,Formalización,2026-04-20 08:00:00,Ejecutivo_01,Personal,14300.0,1742.54,0.17,99,Sucursal,69
SOL00474,Desembolso,2026-04-20 08:00:00,Tesoreria,Personal,15300.0,1764.71,0.36,28,Sucursal,67
SOL00663,Formalización,2026-04-20 08:00:00,Ejecutivo_03,Consumo,2000.0,2130.62,0.22,179,Agente,54
SOL00615,Desembolso,2026-04-20 08:00:00,Tesoreria,Consumo,6700.0,3603.16,0.5,8,Web,53
SOL00651,Formalización,2026-04-20 08:00:00,Ejecutivo_02,Hipotecario,68900.0,2228.0,0.15,41,Sucursal,53
SOL00190,Formalización,2026-04-20 08:00:00,Ejecutivo_05,Consumo,5600.0,1783.97,0.29,23,Agente,34
SOL00670,Formalización,2026-04-20 08:00:00,Ejecutivo_04,Vehicular,18300.0,3173.24,0.39,204,Web,47
SOL01191,Análisis financiero,2026-04-20 08:00:00,Analista_01,Consumo,3400.0,806.36,0.06,29,Web,22
SOL00422,Verificación de documentos,2026-04-20 08:00:00,Verificador_04,Personal,17900.0,3414.81,0.08,6,Web,54
SOL00145,Formalización,2026-04-20 08:00:00,Ejecutivo_04,Consumo,3500.0,3445.87,0.35,96,Sucursal,34
SOL00692,Verificación de documentos,2026-04-20 08:00:00,Verificador_01,Hipotecario,173100.0,882.05,0.29,62,Web,67
SOL00094,Formalización,2026-04-20 08:00:00,Ejecutivo_06,Vehicular,19100.0,1755.25,0.08,32,Agente,29
SOL00425,Formalización,2026-04-20 08:00:00,Ejecutivo_04,Vehicular,37800.0,650.21,0.37,24,Sucursal,34
SOL00797,Verificación de documentos,2026-04-20 08:00:00,Verificador_03,Consumo,1600.0,1430.82,0.47,94,Sucursal,67
SOL01123,Verificación de documentos,2026-04-20 08:00:00,Verificador_03,Personal,18800.0,1442.48,0.26,177,Agente,55
SOL00092,Desembolso,2026-04-20 08:00:00,Tesoreria,Consumo,5200.0,944.88,0.29,50,Sucursal,64
SOL00913,Verificación de documentos,2026-04-20 08:00:00,Verificador_01,Consumo,3500.0,700.58,0.43,92,Agente,59
SOL00119,Verificación de documentos,2026-04-20 08:00:00,Verificador_02,Vehicular,28700.0,2317.58,0.27,39,Agente,47
SOL00947,Análisis financiero,2026-04-20 08:00:00,Analista_02,Consumo,1900.0,1312.31,0.36,22,Agente,57
SOL01000,Aprobación,2026-04-20 08:00:00,Analista_01,Consumo,3200.0,4691.5,0.1,79,Sucursal,31
SOL00147,Verificación de documentos,2026-04-20 08:00:00,Verificador_01,Hipotecario,95700.0,780.24,0.24,50,Sucursal,31
SOL00288,Verificación de documentos,2026-04-20 08:10:00,Verificador_02,Consumo,4300.0,1216.31,0.42,42,Web,22
SOL01023,Solicitud recibida,2026-04-20 08:25:43,Sistema,Personal,17000.0,1335.06,0.34,120,Web,29
SOL00897,Solicitud recibida,2026-04-20 08:26:24,Sistema,Personal,8000.0,1976.0,0.26,162,Web,42
SOL00067,Solicitud recibida,2026-04-20 08:26:31,Sistema,Consumo,2600.0,2139.47,0.26,24,Web,35
SOL00573,Solicitud de información adicional,2026-04-20 08:30:01,Verificador_02,Personal,10600.0,3326.49,0.1,74,Web,27
SOL00422,Solicitud de información adicional,2026-04-20 08:30:01,Verificador_04,Personal,17900.0,3414.81,0.08,6,Web,54
SOL00692,Solicitud de información adicional,2026-04-20 08:30:01,Verificador_04,Hipotecario,173100.0,882.05,0.29,62,Web,67
SOL00797,Solicitud de información adicional,2026-04-20 08:30:01,Verificador_02,Consumo,1600.0,1430.82,0.47,94,Sucursal,67
SOL01123,Solicitud de información adicional,2026-04-20 08:30:01,Verificador_04,Personal,18800.0,1442.48,0.26,177,Agente,55
SOL00119,Solicitud de información adicional,2026-04-20 08:30:01,Verificador_04,Vehicular,28700.0,2317.58,0.27,39,Agente,47
SOL00947,Aprobación,2026-04-20 09:55:36,Analista_02,Consumo,1900.0,1312.31,0.36,22,Agente,57
SOL00881,Formalización,2026-04-20 10:02:08,Ejecutivo_01,Personal,9700.0,991.65,0.09,7,Web,55
SOL00067,Verificación de documentos,2026-04-20 10:50:01,Verificador_01,Consumo,2600.0,2139.47,0.26,24,Web,35
SOL00067,Solicitud de información adicional,2026-04-20 11:20:02,Verificador_03,Consumo,2600.0,2139.47,0.26,24,Web,35
SOL00608,Aprobación,2026-04-20 11:23:27,Analista_02,Personal,14600.0,2964.12,0.06,50,Web,50
SOL01139,Aprobación,2026-04-20 11:45:39,Analista_06,Consumo,8000.0,843.83,0.21,50,Web,30
SOL01168,Análisis financiero,2026-04-20 12:45:59,Analista_06,Vehicular,26800.0,763.97,0.2,48,Sucursal,32
SOL01084,Análisis financiero,2026-04-20 12:56:10,Analista_06,Hipotecario,221900.0,1219.95,0.3,9,Web,60
SOL00282,Aprobación,2026-04-20 13:03:50,Analista_07,Personal,8500.0,2397.54,0.2,6,Sucursal,47
SOL01191,Aprobación,2026-04-20 13:19:29,Analista_01,Consumo,3400.0,806.36,0.06,29,Web,22
SOL00258,Aprobación,2026-04-20 14:20:31,Analista_08,Consumo,6100.0,2755.7,0.6,62,Web,49
SOL00541,Desembolso,2026-04-20 14:24:49,Tesoreria,Consumo,7900.0,1111.1,0.21,51,Sucursal,63
SOL00157,Aprobación,2026-04-20 15:03:08,Analista_07,Personal,9100.0,740.63,0.3,58,Sucursal,31
SOL00730,Solicitud recibida,2026-04-20 16:05:54,Sistema,Personal,9500.0,1436.54,0.12,139,Web,36
SOL00326,Solicitud recibida,2026-04-20 16:18:04,Ejecutivo_05,Consumo,6900.0,1315.89,0.41,5,Agente,28
SOL01168,Rechazo,2026-04-20 16:37:32,Analista_06,Vehicular,26800.0,763.97,0.2,48,Sucursal,32
SOL00012,Solicitud recibida,2026-04-20 19:26:11,Ejecutivo_03,Vehicular,23600.0,1748.45,0.34,55,Sucursal,49
SOL00726,Solicitud recibida,2026-04-20 21:48:54,Sistema,Vehicular,18400.0,3055.84,0.36,42,Web,36
SOL00452,Recepción de información,2026-04-20 23:41:21,Sistema,Personal,16700.0,1357.06,0.21,117,Web,56
SOL00797,Recepción de información,2026-04-21 01:26:36,Sistema,Consumo,1600.0,1430.82,0.47,94,Sucursal,67
SOL00994,Solicitud recibida,2026-04-21 07:19:07,Ejecutivo_03,Hipotecario,248600.0,1156.05,0.19,31,Sucursal,50
SOL00688,Solicitud recibida,2026-04-21 07:49:51,Sistema,Hipotecario,105600.0,1749.6,0.56,61,Web,63
SOL00730,Verificación de documentos,2026-04-21 08:00:00,Verificador_03,Personal,9500.0,1436.54,0.12,139,Web,36
SOL01134,Formalización,2026-04-21 08:00:00,Ejecutivo_03,Personal,7600.0,997.82,0.13,1,Sucursal,52
SOL00326,Verificación de documentos,2026-04-21 08:00:00,Verificador_01,Consumo,6900.0,1315.89,0.41,5,Agente,28
SOL00094,Desembolso,2026-04-21 08:00:00,Tesoreria,Vehicular,19100.0,1755.25,0.08,32,Agente,29
SOL00382,Verificación de documentos,2026-04-21 08:00:00,Verificador_02,Vehicular,36600.0,1070.09,0.2,18,Agente,28
SOL01142,Análisis financiero,2026-04-21 08:00:00,Analista_02,Hipotecario,54300.0,2760.53,0.44,46,Sucursal,55
SOL01023,Verificación de documentos,2026-04-21 08:00:00,Verificador_02,Personal,17000.0,1335.06,0.34,120,Web,29
SOL00472,Desembolso,2026-04-21 08:01:00,Tesoreria,Hipotecario,203800.0,2865.72,0.43,39,Web,60
SOL00651,Desembolso,2026-04-21 08:02:00,Tesoreria,Hipotecario,68900.0,2228.0,0.15,41,Sucursal,53
SOL00663,Desembolso,2026-04-21 08:07:00,Tesoreria,Consumo,2000.0,2130.62,0.22,179,Agente,54
SOL00012,Verificación de documentos,2026-04-21 08:08:00,Verificador_01,Vehicular,23600.0,1748.45,0.34,55,Sucursal,49
SOL00282,Formalización,2026-04-21 08:10:51,Ejecutivo_01,Personal,8500.0,2397.54,0.2,6,Sucursal,47
SOL00670,Desembolso,2026-04-21 08:12:00,Tesoreria,Vehicular,18300.0,3173.24,0.39,204,Web,47
SOL00691,Formalización,2026-04-21 08:12:00,Ejecutivo_05,Hipotecario,109800.0,1441.6,0.41,36,Web,37
SOL00231,Formalización,2026-04-21 08:14:00,Ejecutivo_05,Vehicular,17500.0,1583.28,0.19,44,Sucursal,29
SOL00425,Desembolso,2026-04-21 08:20:00,Tesoreria,Vehicular,37800.0,650.21,0.37,24,Sucursal,34
SOL00351,Análisis financiero,2026-04-21 08:26:00,Analista_08,Vehicular,34300.0,1505.02,0.23,75,Agente,38
SOL00897,Verificación de documentos,2026-04-21 08:28:00,Verificador_01,Personal,8000.0,1976.0,0.26,162,Web,42
SOL00636,Desembolso,2026-04-21 08:28:00,Tesoreria,Hipotecario,108400.0,2222.22,0.31,42,Sucursal,53
SOL00288,Análisis financiero,2026-04-21 08:29:00,Analista_07,Consumo,4300.0,1216.31,0.42,42,Web,22
SOL00140,Solicitud recibida,2026-04-21 10:18:21,Ejecutivo_03,Personal,13100.0,1605.76,0.51,32,Sucursal,50
SOL00080,Solicitud recibida,2026-04-21 11:24:19,Sistema,Personal,15100.0,890.83,0.1,73,Web,52
SOL00686,Formalización,2026-04-21 11:38:44,Ejecutivo_05,Personal,14600.0,1527.96,0.3,257,Sucursal,53
SOL00120,Solicitud recibida,2026-04-21 12:24:36,Ejecutivo_04,Vehicular,20500.0,963.81,0.36,42,Sucursal,56
SOL00104,Formalización,2026-04-21 12:26:45,Ejecutivo_03,Consumo,3500.0,1073.65,0.39,18,Agente,42
SOL01124,Solicitud recibida,2026-04-21 12:41:42,Sistema,Consumo,4100.0,2406.83,0.22,6,Web,63
SOL00145,Desembolso,2026-04-21 12:56:29,Tesoreria,Consumo,3500.0,3445.87,0.35,96,Sucursal,34
SOL00913,Análisis financiero,2026-04-21 13:04:03,Analista_01,Consumo,3500.0,700.58,0.43,92,Agente,59
SOL00688,Verificación de documentos,2026-04-21 13:35:31,Verificador_03,Hipotecario,105600.0,1749.6,0.56,61,Web,63
SOL00140,Verificación de documentos,2026-04-21 15:01:33,Verificador_04,Personal,13100.0,1605.76,0.51,32,Sucursal,50
SOL00994,Verificación de documentos,2026-04-21 15:13:48,Verificador_02,Hipotecario,248600.0,1156.05,0.19,31,Sucursal,50
SOL01039,Desembolso,2026-04-21 15:20:52,Tesoreria,Vehicular,31800.0,1570.25,0.39,52,Web,54
SOL00012,Análisis financiero,2026-04-21 15:22:51,Analista_04,Vehicular,23600.0,1748.45,0.34,55,Sucursal,49
SOL01007,Análisis financiero,2026-04-21 15:51:08,Analista_01,Consumo,4100.0,1674.43,0.27,4,Web,56
SOL00881,Desembolso,2026-04-21 16:43:09,Tesoreria,Personal,9700.0,991.65,0.09,7,Web,55
SOL00990,Solicitud recibida,2026-04-21 18:40:41,Ejecutivo_05,Consumo,2000.0,1162.19,0.64,18,Agente,34
SOL00681,Solicitud recibida,2026-04-21 19:13:33,Ejecutivo_03,Consumo,6500.0,2779.79,0.07,95,Sucursal,50
SOL01005,Solicitud recibida,2026-04-21 19:46:36,Sistema,Personal,9500.0,1144.51,0.28,36,Web,55
SOL00433,Solicitud recibida,2026-04-21 21:27:52,Ejecutivo_02,Personal,17000.0,1579.11,0.24,201,Sucursal,53
SOL00382,Análisis financiero,2026-04-22 08:00:00,Analista_06,Vehicular,36600.0,1070.09,0.2,18,Agente,28
SOL01124,Verificación de documentos,2026-04-22 08:00:00,Verificador_04,Consumo,4100.0,2406.83,0.22,6,Web,63
SOL01134,Desembolso,2026-04-22 08:00:00,Tesoreria,Personal,7600.0,997.82,0.13,1,Sucursal,52
SOL00681,Verificación de documentos,2026-04-22 08:00:00,Verificador_02,Consumo,6500.0,2779.79,0.07,95,Sucursal,50
SOL00990,Verificación de documentos,2026-04-22 08:00:00,Verificador_02,Consumo,2000.0,1162.19,0.64,18,Agente,34
SOL00730,Análisis financiero,2026-04-22 08:00:00,Analista_01,Personal,9500.0,1436.54,0.12,139,Web,36
SOL00726,Verificación de documentos,2026-04-22 08:00:00,Verificador_01,Vehicular,18400.0,3055.84,0.36,42,Web,36
SOL00012,Aprobación,2026-04-22 08:00:00,Analista_04,Vehicular,23600.0,1748.45,0.34,55,Sucursal,49
SOL00080,Verificación de documentos,2026-04-22 08:00:00,Verificador_01,Personal,15100.0,890.83,0.1,73,Web,52
SOL00157,Formalización,2026-04-22 08:00:00,Ejecutivo_03,Personal,9100.0,740.63,0.3,58,Sucursal,31
SOL00797,Verificación de documentos,2026-04-22 08:00:00,Verificador_04,Consumo,1600.0,1430.82,0.47,94,Sucursal,67
SOL00140,Análisis financiero,2026-04-22 08:00:00,Analista_05,Personal,13100.0,1605.76,0.51,32,Sucursal,50
SOL01007,Aprobación,2026-04-22 08:00:00,Analista_01,Consumo,4100.0,1674.43,0.27,4,Web,56
SOL00282,Desembolso,2026-04-22 08:00:00,Tesoreria,Personal,8500.0,2397.54,0.2,6,Sucursal,47
SOL01023,Análisis financiero,2026-04-22 08:00:00,Analista_04,Personal,17000.0,1335.06,0.34,120,Web,29
SOL00610,Desembolso,2026-04-22 08:00:00,Tesoreria,Consumo,6500.0,1554.94,0.56,7,Sucursal,54
SOL00897,análisis financiero,2026-04-22 08:00:00,Analista_04,Personal,8000.0,1976.0,0.26,162,Web,42
SOL00120,Verificación de documentos,2026-04-22 08:00:00,Verificador_02,Vehicular,20500.0,963.81,0.36,42,Sucursal,56
SOL00913,Reevaluación,2026-04-22 08:03:00,Analista_01,Consumo,3500.0,700.58,0.43,92,Agente,59
SOL00947,Formalización,2026-04-22 08:03:00,Ejecutivo_04,Consumo,1900.0,1312.31,0.36,22,Agente,57
SOL00452,Verificación de documentos,2026-04-22 08:05:00,Verificador_02,Personal,16700.0,1357.06,0.21,117,Web,56
SOL01005,Verificación de documentos,2026-04-22 08:06:00,Verificador_02,Personal,9500.0,1144.51,0.28,36,Web,55
SOL00994,Análisis financiero,2026-04-22 08:17:00,Analista_01,Hipotecario,248600.0,1156.05,0.19,31,Sucursal,50
SOL00147,Análisis financiero,2026-04-22 08:17:00,Analista_05,Hipotecario,95700.0,780.24,0.24,50,Sucursal,31
SOL00104,Desembolso,2026-04-22 08:23:00,Tesoreria,Consumo,3500.0,1073.65,0.39,18,Agente,42
SOL00190,Desembolso,2026-04-22 08:23:00,Tesoreria,Consumo,5600.0,1783.97,0.29,23,Agente,34
SOL00433,Verificación de documentos,2026-04-22 08:25:00,Verificador_03,Personal,17000.0,1579.11,0.24,201,Sucursal,53
SOL00288,Reevaluación,2026-04-22 08:26:00,Analista_07,Consumo,4300.0,1216.31,0.42,42,Web,22
SOL01124,Solicitud de información adicional,2026-04-22 08:30:01,Verificador_02,Consumo,4100.0,2406.83,0.22,6,Web,63
SOL00681,Solicitud de información adicional,2026-04-22 08:30:01,Verificador_02,Consumo,6500.0,2779.79,0.07,95,Sucursal,50
SOL01172,Solicitud recibida,2026-04-22 09:02:01,Sistema,Hipotecario,137300.0,1533.74,0.33,21,Web,58
SOL01059,Solicitud recibida,2026-04-22 09:14:59,Sistema,Personal,11900.0,1185.45,0.31,155,Web,40
SOL00895,Solicitud recibida,2026-04-22 10:00:33,Sistema,Hipotecario,130100.0,971.47,0.41,145,Web,49
SOL01023,Aprobación,2026-04-22 10:11:01,Analista_04,Personal,17000.0,1335.06,0.34,120,Web,29
SOL00897,Aprobación,2026-04-22 10:57:23,Analista_04,Personal,8000.0,1976.0,0.26,162,Web,42
SOL00688,Análisis financiero,2026-04-22 11:33:32,Analista_02,Hipotecario,105600.0,1749.6,0.56,61,Web,63
SOL00913,Rechazo,2026-04-22 12:04:01,Analista_01,Consumo,3500.0,700.58,0.43,92,Agente,59
SOL00686,Desembolso,2026-04-22 12:19:38,Tesoreria,Personal,14600.0,1527.96,0.3,257,Sucursal,53
SOL01139,Formalización,2026-04-22 12:46:15,Ejecutivo_01,Consumo,8000.0,843.83,0.21,50,Web,30
SOL00093,Solicitud recibida,2026-04-22 12:48:40,Ejecutivo_05,Hipotecario,172500.0,2280.88,0.59,102,Sucursal,21
SOL00326,Análisis financiero,2026-04-22 12:52:04,Analista_05,Consumo,6900.0,1315.89,0.41,5,Agente,28
SOL01172,Verificación de documentos,2026-04-22 13:36:11,Verificador_03,Hipotecario,137300.0,1533.74,0.33,21,Web,58
SOL00730,Aprobación,2026-04-22 13:52:25,Analista_01,Personal,9500.0,1436.54,0.12,139,Web,36
SOL01172,Solicitud de información adicional,2026-04-22 14:06:12,Verificador_03,Hipotecario,137300.0,1533.74,0.33,21,Web,58
SOL01153,Recepción de información,2026-04-22 14:07:45,Sistema,Consumo,5700.0,3027.75,0.28,67,Web,59
SOL01000,Formalización,2026-04-22 14:20:08,Ejecutivo_03,Consumo,3200.0,4691.5,0.1,79,Sucursal,31
SOL00523,Desembolso,2026-04-22 15:17:31,Tesoreria,Personal,14300.0,1742.54,0.17,99,Sucursal,69
SOL00452,Análisis financiero,2026-04-22 15:18:49,Analista_02,Personal,16700.0,1357.06,0.21,117,Web,56
SOL00206,Solicitud recibida,2026-04-22 15:37:23,Ejecutivo_03,Consumo,6500.0,734.46,0.64,245,Sucursal,62
SOL00093,Verificación de documentos,2026-04-22 15:50:00,Verificador_01,Hipotecario,172500.0,2280.88,0.59,102,Sucursal,21
SOL00895,Verificación de documentos,2026-04-22 16:08:31,Verificador_04,Hipotecario,130100.0,971.47,0.41,145,Web,49
SOL01081,Solicitud recibida,2026-04-22 16:13:02,Sistema,Consumo,2100.0,5013.63,0.53,74,Web,50
SOL00566,Solicitud recibida,2026-04-22 17:01:29,Sistema,Consumo,2000.0,3051.11,0.44,18,Web,46
SOL00754,Solicitud recibida,2026-04-22 17:12:52,Ejecutivo_06,Hipotecario,199700.0,2363.1,0.11,9,Sucursal,52
SOL01069,Solicitud recibida,2026-04-22 21:07:59,Ejecutivo_04,Personal,17100.0,2749.64,0.64,47,Sucursal,69
SOL01135,Recepción de información,2026-04-23 01:12:59,Sistema,Consumo,1900.0,2625.78,0.25,75,Sucursal,30
SOL00119,Recepción de información,2026-04-23 05:49:54,Sistema,Vehicular,28700.0,2317.58,0.27,39,Agente,47
SOL00157,Desembolso,2026-04-23 08:00:00,Tesoreria,Personal,9100.0,740.63,0.3,58,Sucursal,31
SOL00947,Desembolso,2026-04-23 08:00:00,Tesoreria,Consumo,1900.0,1312.31,0.36,22,Agente,57
SOL01081,Verificación de documentos,2026-04-23 08:00:00,Verificador_02,Consumo,2100.0,5013.63,0.53,74,Web,50
SOL00566,Verificación de documentos,2026-04-23 08:00:00,Verificador_03,Consumo,2000.0,3051.11,0.44,18,Web,46
SOL01059,Verificación de documentos,2026-04-23 08:00:00,Verificador_01,Personal,11900.0,1185.45,0.31,155,Web,40
SOL01191,Formalización,2026-04-23 08:00:00,Ejecutivo_05,Consumo,3400.0,806.36,0.06,29,Web,22
SOL01153,Verificación de documentos,2026-04-23 08:00:00,Verificador_01,Consumo,5700.0,3027.75,0.28,67,Web,59
SOL00206,Verificación de documentos,2026-04-23 08:00:00,Verificador_02,Consumo,6500.0,734.46,0.64,245,Sucursal,62
SOL00691,Desembolso,2026-04-23 08:00:00,Tesoreria,Hipotecario,109800.0,1441.6,0.41,36,Web,37
SOL00231,Desembolso,2026-04-23 08:00:00,Tesoreria,Vehicular,17500.0,1583.28,0.19,44,Sucursal,29
SOL00586,Desembolso,2026-04-23 08:00:00,Tesoreria,Consumo,2800.0,1501.59,0.13,122,Web,32
SOL00726,Análisis financiero,2026-04-23 08:00:00,Analista_04,Vehicular,18400.0,3055.84,0.36,42,Web,36
SOL00433,Análisis financiero,2026-04-23 08:00:00,Analista_08,Personal,17000.0,1579.11,0.24,201,Sucursal,53
SOL00754,Verificación de documentos,2026-04-23 08:02:00,Verificador_04,Hipotecario,199700.0,2363.1,0.11,9,Sucursal,52
SOL00990,Análisis financiero,2026-04-23 08:04:00,Analista_04,Consumo,2000.0,1162.19,0.64,18,Agente,34
SOL01069,Verificación de documentos,2026-04-23 08:09:00,Verificador_03,Personal,17100.0,2749.64,0.64,47,Sucursal,69
SOL00326,Reevaluación,2026-04-23 08:10:00,Analista_05,Consumo,6900.0,1315.89,0.41,5,Agente,28
SOL00140,Reevaluación,2026-04-23 08:11:00,Analista_05,Personal,13100.0,1605.76,0.51,32,Sucursal,50
SOL00897,Formalización,2026-04-23 08:13:00,Ejecutivo_05,Personal,8000.0,1976.0,0.26,162,Web,42
SOL00080,Análisis financiero,2026-04-23 08:13:00,Analista_05,Personal,15100.0,890.83,0.1,73,Web,52
SOL00608,Formalización,2026-04-23 08:16:00,Ejecutivo_02,Personal,14600.0,2964.12,0.06,50,Web,50
SOL00452,Aprobación,2026-04-23 08:22:00,Analista_02,Personal,16700.0,1357.06,0.21,117,Web,56
SOL00093,Análisis financiero,2026-04-23 08:26:00,Analista_08,Hipotecario,172500.0,2280.88,0.59,102,Sucursal,21
SOL00895,Análisis financiero,2026-04-23 08:26:00,Analista_04,Hipotecario,130100.0,971.47,0.41,145,Web,49
SOL00566,Solicitud de información adicional,2026-04-23 08:30:01,Verificador_04,Consumo,2000.0,3051.11,0.44,18,Web,46
SOL01153,Solicitud de información adicional,2026-04-23 08:30:01,Verificador_02,Consumo,5700.0,3027.75,0.28,67,Web,59
SOL00206,Solicitud de información adicional,2026-04-23 08:30:01,Verificador_02,Consumo,6500.0,734.46,0.64,245,Sucursal,62
SOL00258,Formalización,2026-04-23 09:14:35,Ejecutivo_01,Consumo,6100.0,2755.7,0.6,62,Web,49
SOL00382,Comité de crédito,2026-04-23 10:00:01,Comite,Vehicular,36600.0,1070.09,0.2,18,Agente,28
SOL00361,Comité de crédito,2026-04-23 10:00:01,Comite,Hipotecario,159600.0,929.84,0.48,3,Web,66
SOL00688,Comité de crédito,2026-04-23 10:00:01,Comite,Hipotecario,105600.0,1749.6,0.56,61,Web,63
SOL00343,Comité de crédito,2026-04-23 10:00:01,Comite,Hipotecario,75300.0,674.72,0.34,39,Sucursal,52
SOL00641,Comité de crédito,2026-04-23 10:00:01,Comite,Hipotecario,125300.0,689.15,0.14,136,Sucursal,34
SOL00994,Comité de crédito,2026-04-23 10:00:01,Comite,Hipotecario,248600.0,1156.05,0.19,31,Sucursal,50
SOL00147,Comité de crédito,2026-04-23 10:00:01,Comite,Hipotecario,95700.0,780.24,0.24,50,Sucursal,31
SOL00249,Comité de crédito,2026-04-23 10:00:01,Comite,Hipotecario,156400.0,1483.3,0.29,36,Agente,36
SOL01084,Comité de crédito,2026-04-23 10:00:01,Comite,Hipotecario,221900.0,1219.95,0.3,9,Web,60
SOL00346,Comité de crédito,2026-04-23 10:00:01,Comite,Hipotecario,211900.0,3446.69,0.29,32,Web,47
SOL01142,Comité de crédito,2026-04-23 10:00:01,Comite,Hipotecario,54300.0,2760.53,0.44,46,Sucursal,55
SOL00351,Comité de crédito,2026-04-23 10:00:01,Comite,Vehicular,34300.0,1505.02,0.23,75,Agente,38
SOL00990,Aprobación,2026-04-23 11:13:54,Analista_04,Consumo,2000.0,1162.19,0.64,18,Agente,34
SOL00641,Aprobación,2026-04-23 11:49:14,Comite,Hipotecario,125300.0,689.15,0.14,136,Sucursal,34
SOL01142,Aprobación,2026-04-23 12:22:02,Comite,Hipotecario,54300.0,2760.53,0.44,46,Sucursal,55
SOL00147,Aprobación,2026-04-23 12:23:37,Comite,Hipotecario,95700.0,780.24,0.24,50,Sucursal,31
SOL00102,Solicitud recibida,2026-04-23 12:27:01,Ejecutivo_04,Hipotecario,139000.0,2282.49,0.38,250,Sucursal,36
SOL00726,Rechazo,2026-04-23 12:33:24,Analista_04,Vehicular,18400.0,3055.84,0.36,42,Web,36
SOL00067,Recepción de información,2026-04-23 12:43:35,Sistema,Consumo,2600.0,2139.47,0.26,24,Web,35
SOL01000,Desembolso,2026-04-23 12:45:36,Tesoreria,Consumo,3200.0,4691.5,0.1,79,Sucursal,31
SOL00080,Aprobación,2026-04-23 12:53:10,Analista_05,Personal,15100.0,890.83,0.1,73,Web,52
SOL01084,Rechazo,2026-04-23 12:54:28,Analista_06,Hipotecario,221900.0,1219.95,0.3,9,Web,60
SOL00140,Aprobación,2026-04-23 12:56:37,Analista_05,Personal,13100.0,1605.76,0.51,32,Sucursal,50
SOL00433,Aprobación,2026-04-23 13:28:26,Analista_08,Personal,17000.0,1579.11,0.24,201,Sucursal,53
SOL00994,Rechazo,2026-04-23 13:29:26,Analista_01,Hipotecario,248600.0,1156.05,0.19,31,Sucursal,50
SOL01081,Análisis financiero,2026-04-23 13:55:54,Analista_04,Consumo,2100.0,5013.63,0.53,74,Web,50
SOL01135,Verificación de documentos,2026-04-23 14:25:23,Verificador_03,Consumo,1900.0,2625.78,0.25,75,Sucursal,30
SOL00382,Aprobación,2026-04-23 14:29:44,Comite,Vehicular,36600.0,1070.09,0.2,18,Agente,28
SOL00119,Verificación de documentos,2026-04-23 14:48:53,Verificador_01,Vehicular,28700.0,2317.58,0.27,39,Agente,47
SOL00288,Reevaluación,2026-04-23 15:02:33,Analista_07,Consumo,4300.0,1216.31,0.42,42,Web,22
SOL00897,Desembolso,2026-04-23 15:51:54,Tesoreria,Personal,8000.0,1976.0,0.26,162,Web,42
SOL00102,Verificación de documentos,2026-04-23 15:58:45,Verificador_03,Hipotecario,139000.0,2282.49,0.38,250,Sucursal,36
SOL01005,Análisis financiero,2026-04-23 16:06:20,Analista_03,Personal,9500.0,1144.51,0.28,36,Web,55
SOL00577,Solicitud recibida,2026-04-23 16:12:55,Ejecutivo_05,Personal,4700.0,2130.08,0.19,24,Sucursal,38
SOL00351,Aprobación,2026-04-23 16:35:40,Comite,Vehicular,34300.0,1505.02,0.23,75,Agente,38
SOL00197,Solicitud recibida,2026-04-23 18:52:31,Ejecutivo_04,Personal,15600.0,2871.0,0.07,0,Sucursal,28
SOL01124,Recepción de información,2026-04-24 07:02:51,Sistema,Consumo,4100.0,2406.83,0.22,6,Web,63
SOL00343,Rechazo,2026-04-24 08:00:00,Analista_04,Hipotecario,75300.0,674.72,0.34,39,Sucursal,52
SOL00346,Rechazo,2026-04-24 08:00:00,Analista_01,Hipotecario,211900.0,3446.69,0.29,32,Web,47
SOL00288,Aprobación,2026-04-24 08:00:00,Analista_07,Consumo,4300.0,1216.31,0.42,42,Web,22
SOL00249,Rechazo,2026-04-24 08:00:00,Analista_07,Hipotecario,156400.0,1483.3,0.29,36,Agente,36
SOL01007,Formalización,2026-04-24 08:00:00,Ejecutivo_04,Consumo,4100.0,1674.43,0.27,4,Web,56
SOL00754,Análisis financiero,2026-04-24 08:00:00,Analista_06,Hipotecario,199700.0,2363.1,0.11,9,Sucursal,52
SOL01059,Análisis financiero,2026-04-24 08:00:00,Analista_05,Personal,11900.0,1185.45,0.31,155,Web,40
SOL01081,Rechazo,2026-04-24 08:00:00,Analista_04,Consumo,2100.0,5013.63,0.53,74,Web,50
SOL01019,Formalización,2026-04-24 08:00:00,Ejecutivo_01,Hipotecario,63500.0,1131.9,0.26,58,Agente,36
SOL00688,Aprobación,2026-04-24 08:00:00,Comite,Hipotecario,105600.0,1749.6,0.56,61,Web,63
SOL01191,Desembolso,2026-04-24 08:02:00,Tesoreria,Consumo,3400.0,806.36,0.06,29,Web,22
SOL00730,Formalización,2026-04-24 08:02:00,Ejecutivo_03,Personal,9500.0,1436.54,0.12,139,Web,36
SOL00119,Análisis financiero,2026-04-24 08:10:00,Analista_08,Vehicular,28700.0,2317.58,0.27,39,Agente,47
SOL00577,Verificación de documentos,2026-04-24 08:13:00,Verificador_04,Personal,4700.0,2130.08,0.19,24,Sucursal,38
SOL00608,Desembolso,2026-04-24 08:14:00,Tesoreria,Personal,14600.0,2964.12,0.06,50,Web,50
SOL00067,Verificación de documentos,2026-04-24 08:14:00,Verificador_03,Consumo,2600.0,2139.47,0.26,24,Web,35
SOL00797,Análisis financiero,2026-04-24 08:20:00,Analista_07,Consumo,1600.0,1430.82,0.47,94,Sucursal,67
SOL01135,Análisis financiero,2026-04-24 08:28:00,Analista_02,Consumo,1900.0,2625.78,0.25,75,Sucursal,30
SOL00258,Desembolso,2026-04-24 08:28:00,Tesoreria,Consumo,6100.0,2755.7,0.6,62,Web,49
SOL00577,Solicitud de información adicional,2026-04-24 08:43:01,Verificador_01,Personal,4700.0,2130.08,0.19,24,Sucursal,38
SOL01124,Verificación de documentos,2026-04-24 09:18:04,Verificador_04,Consumo,4100.0,2406.83,0.22,6,Web,63
SOL01139,Desembolso,2026-04-24 09:43:51,Tesoreria,Consumo,8000.0,843.83,0.21,50,Web,30
SOL00930,Solicitud recibida,2026-04-24 09:48:01,Ejecutivo_04,Vehicular,31300.0,1705.67,0.4,73,Sucursal,41
SOL01005,Aprobación,2026-04-24 09:48:05,Analista_03,Personal,9500.0,1144.51,0.28,36,Web,55
SOL01124,Solicitud de información adicional,2026-04-24 09:48:05,Verificador_01,Consumo,4100.0,2406.83,0.22,6,Web,63
SOL00611,Solicitud recibida,2026-04-24 10:07:54,Ejecutivo_04,Vehicular,28200.0,1356.57,0.32,48,Sucursal,53
SOL00865,Solicitud recibida,2026-04-24 10:22:09,Ejecutivo_02,Consumo,7600.0,1687.87,0.08,18,Sucursal,46
SOL01069,Análisis financiero,2026-04-24 10:34:22,Analista_01,Personal,17100.0,2749.64,0.64,47,Sucursal,69
SOL00522,Solicitud recibida,2026-04-24 10:35:06,Sistema,Personal,6400.0,547.56,0.09,17,Web,70
SOL00119,Aprobación,2026-04-24 10:40:22,Analista_08,Vehicular,28700.0,2317.58,0.27,39,Agente,47
SOL01135,Aprobación,2026-04-24 11:06:03,Analista_02,Consumo,1900.0,2625.78,0.25,75,Sucursal,30
SOL00506,Solicitud recibida,2026-04-24 11:43:44,Ejecutivo_01,Personal,13300.0,1865.57,0.51,41,Sucursal,48
SOL00930,Verificación de documentos,2026-04-24 12:34:48,Verificador_04,Vehicular,31300.0,1705.67,0.4,73,Sucursal,41
SOL00361,Reevaluación,2026-04-24 12:48:58,Analista_06,Hipotecario,159600.0,929.84,0.48,3,Web,66
SOL00120,Análisis financiero,2026-04-24 14:06:44,Analista_07,Vehicular,20500.0,963.81,0.36,42,Sucursal,56
SOL00681,Recepción de información,2026-04-24 14:27:24,Sistema,Consumo,6500.0,2779.79,0.07,95,Sucursal,50
SOL00012,Formalización,2026-04-24 14:56:29,Ejecutivo_03,Vehicular,23600.0,1748.45,0.34,55,Sucursal,49
SOL00611,Verificación de documentos,2026-04-24 15:02:49,Verificador_04,Vehicular,28200.0,1356.57,0.32,48,Sucursal,53
SOL00361,Rechazo,2026-04-24 15:28:43,Analista_06,Hipotecario,159600.0,929.84,0.48,3,Web,66
SOL00846,Solicitud recibida,2026-04-24 15:34:13,Sistema,Vehicular,36500.0,1887.87,0.28,52,Web,63
SOL00522,Verificación de documentos,2026-04-24 16:01:03,Verificador_03,Personal,6400.0,547.56,0.09,17,Web,70
SOL00797,Aprobación,2026-04-24 16:26:27,Analista_07,Consumo,1600.0,1430.82,0.47,94,Sucursal,67
SOL01123,Recepción de información,2026-04-24 16:57:15,Sistema,Personal,18800.0,1442.48,0.26,177,Agente,55
SOL00776,Solicitud recibida,2026-04-24 16:59:38,Sistema,Personal,8800.0,780.75,0.1,11,Web,67
SOL00462,Solicitud recibida,2026-04-24 20:46:31,Ejecutivo_03,Vehicular,28700.0,875.88,0.02,4,Sucursal,29
SOL00422,Recepción de información,2026-04-24 21:30:51,Sistema,Personal,17900.0,3414.81,0.08,6,Web,54
SOL00905,Solicitud recibida,2026-04-24 21:36:05,Ejecutivo_04,Hipotecario,152500.0,1458.21,0.2,24,Sucursal,61
SOL00874,Solicitud recibida,2026-04-25 07:13:53,Sistema,Hipotecario,235700.0,1652.37,0.36,11,Web,66
SOL01073,Solicitud recibida,2026-04-25 08:25:33,Ejecutivo_05,Personal,5000.0,4805.74,0.58,102,Sucursal,34
SOL00277,Solicitud recibida,2026-04-25 10:42:58,Ejecutivo_05,Vehicular,38100.0,1301.56,0.23,0,Agente,38
SOL00884,Solicitud recibida,2026-04-25 13:23:03,Sistema,Hipotecario,170600.0,961.84,0.49,137,Web,29
SOL00490,Solicitud recibida,2026-04-25 14:19:46,Ejecutivo_02,Personal,16600.0,1591.03,0.2,112,Sucursal,58
SOL01088,Solicitud recibida,2026-04-25 15:15:36,Ejecutivo_02,Consumo,2000.0,1239.01,0.25,6,Agente,28
SOL01172,Recepción de información,2026-04-25 23:27:51,Sistema,Hipotecario,137300.0,1533.74,0.33,21,Web,58
SOL00964,Solicitud recibida,2026-04-26 08:13:36,Ejecutivo_04,Personal,16200.0,1828.92,0.14,28,Sucursal,21
SOL00455,Solicitud recibida,2026-04-26 09:42:43,Sistema,Vehicular,37200.0,1094.84,0.36,8,Web,50
SOL00852,Solicitud recibida,2026-04-26 09:58:54,Ejecutivo_03,Personal,5800.0,1191.74,0.29,167,Agente,29
SOL01149,Solicitud recibida,2026-04-26 11:02:26,Ejecutivo_02,Personal,14900.0,1113.2,0.27,9,Sucursal,68
SOL00186,Solicitud recibida,2026-04-26 13:08:50,Sistema,Personal,8800.0,2331.9,0.57,36,Web,60
SOL00414,Solicitud recibida,2026-04-26 13:42:14,Sistema,Hipotecario,200300.0,1109.08,0.13,104,Web,39
SOL00744,Solicitud recibida,2026-04-26 14:24:50,Ejecutivo_06,Personal,16200.0,1238.08,0.66,29,Sucursal,34
SOL00559,Solicitud recibida,2026-04-26 15:01:20,Ejecutivo_03,Consumo,5600.0,947.26,0.59,2,Sucursal,28
SOL00229,Solicitud recibida,2026-04-26 18:02:56,Ejecutivo_04,Consumo,5800.0,3358.23,0.14,71,Sucursal,24
SOL01043,Solicitud recibida,2026-04-26 18:15:21,Sistema,Consumo,7600.0,1663.22,0.07,7,Web,23
SOL00483,Solicitud recibida,2026-04-26 19:57:11,Ejecutivo_04,Consumo,2200.0,1594.57,0.29,68,Agente,66
SOL00566,Recepción de información,2026-04-27 07:44:27,Sistema,Consumo,2000.0,3051.11,0.44,18,Web,46
SOL00351,Formalización,2026-04-27 08:00:00,Ejecutivo_03,Vehicular,34300.0,1505.02,0.23,75,Agente,38
SOL00140,Formalización,2026-04-27 08:00:00,Ejecutivo_06,Personal,13100.0,1605.76,0.51,32,Sucursal,50
SOL00326,Reevaluación,2026-04-27 08:00:00,Analista_05,Consumo,6900.0,1315.89,0.41,5,Agente,28
SOL01059,Aprobación,2026-04-27 08:00:00,Analista_05,Personal,11900.0,1185.45,0.31,155,Web,40
SOL00414,Verificación de documentos,2026-04-27 08:00:00,Verificador_03,Hipotecario,200300.0,1109.08,0.13,104,Web,39
SOL00197,Verificación de documentos,2026-04-27 08:00:00,Verificador_02,Personal,15600.0,2871.0,0.07,0,Sucursal,28
SOL00846,Verificación de documentos,2026-04-27 08:00:00,Verificador_04,Vehicular,36500.0,1887.87,0.28,52,Web,63
SOL00080,Formalización,2026-04-27 08:00:00,Ejecutivo_05,Personal,15100.0,890.83,0.1,73,Web,52
SOL00422,Verificación de documentos,2026-04-27 08:00:00,Verificador_04,Personal,17900.0,3414.81,0.08,6,Web,54
SOL00688,Formalización,2026-04-27 08:00:00,Ejecutivo_02,Hipotecario,105600.0,1749.6,0.56,61,Web,63
SOL00012,Desembolso,2026-04-27 08:00:00,Tesoreria,Vehicular,23600.0,1748.45,0.34,55,Sucursal,49
SOL00067,Análisis financiero,2026-04-27 08:00:00,Analista_04,Consumo,2600.0,2139.47,0.26,24,Web,35
SOL00462,Verificación de documentos,2026-04-27 08:00:00,Verificador_03,Vehicular,28700.0,875.88,0.02,4,Sucursal,29
SOL00229,Verificación de documentos,2026-04-27 08:00:00,Verificador_01,Consumo,5800.0,3358.23,0.14,71,Sucursal,24
SOL01005,Formalización,2026-04-27 08:00:00,Ejecutivo_05,Personal,9500.0,1144.51,0.28,36,Web,55
SOL01007,Desembolso,2026-04-27 08:00:00,Tesoreria,Consumo,4100.0,1674.43,0.27,4,Web,56
SOL00744,Verificación de documentos,2026-04-27 08:00:00,Verificador_01,Personal,16200.0,1238.08,0.66,29,Sucursal,34
SOL01088,Verificación de documentos,2026-04-27 08:00:00,Verificador_02,Consumo,2000.0,1239.01,0.25,6,Agente,28
SOL00382,Formalización,2026-04-27 08:00:00,Ejecutivo_02,Vehicular,36600.0,1070.09,0.2,18,Agente,28
SOL00455,Verificación de documentos,2026-04-27 08:00:00,Verificador_02,Vehicular,37200.0,1094.84,0.36,8,Web,50
SOL00874,Verificación de documentos,2026-04-27 08:00:00,Verificador_04,Hipotecario,235700.0,1652.37,0.36,11,Web,66
SOL00119,Formalización,2026-04-27 08:00:00,Ejecutivo_06,Vehicular,28700.0,2317.58,0.27,39,Agente,47
SOL00905,Verificación de documentos,2026-04-27 08:00:00,Verificador_02,Hipotecario,152500.0,1458.21,0.2,24,Sucursal,61
SOL01073,Verificación de documentos,2026-04-27 08:00:00,Verificador_04,Personal,5000.0,4805.74,0.58,102,Sucursal,34
SOL00611,Análisis financiero,2026-04-27 08:00:00,Analista_05,Vehicular,28200.0,1356.57,0.32,48,Sucursal,53
SOL00797,Formalización,2026-04-27 08:00:00,Ejecutivo_06,Consumo,1600.0,1430.82,0.47,94,Sucursal,67
SOL00522,Análisis financiero,2026-04-27 08:00:00,Analista_03,Personal,6400.0,547.56,0.09,17,Web,70
SOL00102,Análisis financiero,2026-04-27 08:00:00,Analista_04,Hipotecario,139000.0,2282.49,0.38,250,Sucursal,36
SOL00490,Verificación de documentos,2026-04-27 08:00:00,Verificador_03,Personal,16600.0,1591.03,0.2,112,Sucursal,58
SOL00120,Aprobación,2026-04-27 08:00:00,Analista_07,Vehicular,20500.0,963.81,0.36,42,Sucursal,56
SOL00681,Verificación de documentos,2026-04-27 08:00:00,Verificador_03,Consumo,6500.0,2779.79,0.07,95,Sucursal,50
SOL00865,Verificación de documentos,2026-04-27 08:00:00,Verificador_01,Consumo,7600.0,1687.87,0.08,18,Sucursal,46
SOL01149,Verificación de documentos,2026-04-27 08:00:00,Verificador_01,Personal,14900.0,1113.2,0.27,9,Sucursal,68
SOL01172,Verificación de documentos,2026-04-27 08:00:00,Verificador_03,Hipotecario,137300.0,1533.74,0.33,21,Web,58
SOL00186,Verificación de documentos,2026-04-27 08:00:00,Verificador_04,Personal,8800.0,2331.9,0.57,36,Web,60
SOL00288,Formalización,2026-04-27 08:00:00,Ejecutivo_01,Consumo,4300.0,1216.31,0.42,42,Web,22
SOL00852,Verificación de documentos,2026-04-27 08:00:00,Verificador_04,Personal,5800.0,1191.74,0.29,167,Agente,29
SOL00506,Verificación de documentos,2026-04-27 08:00:00,Verificador_02,Personal,13300.0,1865.57,0.51,41,Sucursal,48
SOL01043,Verificación de documentos,2026-04-27 08:00:00,Verificador_03,Consumo,7600.0,1663.22,0.07,7,Web,23
SOL01019,Desembolso,2026-04-27 08:00:00,Tesoreria,Hipotecario,63500.0,1131.9,0.26,58,Agente,36
SOL00730,Desembolso,2026-04-27 08:00:00,Tesoreria,Personal,9500.0,1436.54,0.12,139,Web,36
SOL00559,Verificación de documentos,2026-04-27 08:00:00,Verificador_04,Consumo,5600.0,947.26,0.59,2,Sucursal,28
SOL00277,Verificación de documentos,2026-04-27 08:00:00,Verificador_04,Vehicular,38100.0,1301.56,0.23,0,Agente,38
SOL00277,Verificación de documentos,2026-04-27 08:00:00,Verificador_04,Vehicular,38100.0,1301.56,0.23,0,Agente,38
SOL00964,Verificación de documentos,2026-04-27 08:00:00,Verificador_01,Personal,16200.0,1828.92,0.14,28,Sucursal,21
SOL00884,Verificación de documentos,2026-04-27 08:00:00,Verificador_03,Hipotecario,170600.0,961.84,0.49,137,Web,29
SOL01069,Reevaluación,2026-04-27 08:00:00,Analista_01,Personal,17100.0,2749.64,0.64,47,Sucursal,69
SOL01142,Formalización,2026-04-27 08:00:00,Ejecutivo_02,Hipotecario,54300.0,2760.53,0.44,46,Sucursal,55
SOL00990,Formalización,2026-04-27 08:00:00,Ejecutivo_05,Consumo,2000.0,1162.19,0.64,18,Agente,34
SOL01123,Verificación de documentos,2026-04-27 08:00:00,Verificador_03,Personal,18800.0,1442.48,0.26,177,Agente,55
SOL00930,Análisis financiero,2026-04-27 08:00:00,Analista_04,Vehicular,31300.0,1705.67,0.4,73,Sucursal,41
SOL00776,Verificación de documentos,2026-04-27 08:00:00,Verificador_04,Personal,8800.0,780.75,0.1,11,Web,67
SOL00389,Solicitud recibida,2026-04-27 08:03:05,Ejecutivo_02,Personal,12400.0,1574.17,0.28,60,Sucursal,69
SOL00483,Verificación de documentos,2026-04-27 08:16:00,Verificador_04,Consumo,2200.0,1594.57,0.29,68,Agente,66
SOL00744,Solicitud de información adicional,2026-04-27 08:30:01,Verificador_04,Personal,16200.0,1238.08,0.66,29,Sucursal,34
SOL01088,Solicitud de información adicional,2026-04-27 08:30:01,Verificador_03,Consumo,2000.0,1239.01,0.25,6,Agente,28
SOL01172,Solicitud de información adicional,2026-04-27 08:30:01,Verificador_03,Hipotecario,137300.0,1533.74,0.33,21,Web,58
SOL00186,Solicitud de información adicional,2026-04-27 08:30:01,Verificador_04,Personal,8800.0,2331.9,0.57,36,Web,60
SOL01043,Solicitud de información adicional,2026-04-27 08:30:01,Verificador_03,Consumo,7600.0,1663.22,0.07,7,Web,23
SOL00776,Solicitud de información adicional,2026-04-27 08:30:01,Verificador_02,Personal,8800.0,780.75,0.1,11,Web,67
SOL00611,Aprobación,2026-04-27 09:48:13,Analista_05,Vehicular,28200.0,1356.57,0.32,48,Sucursal,53
SOL00373,Solicitud recibida,2026-04-27 11:29:22,Sistema,Consumo,3500.0,1233.33,0.27,176,Web,60
SOL00326,Aprobación,2026-04-27 11:40:02,Analista_05,Consumo,6900.0,1315.89,0.41,5,Agente,28
SOL00566,Verificación de documentos,2026-04-27 11:49:24,Verificador_02,Consumo,2000.0,3051.11,0.44,18,Web,46
SOL00433,Formalización,2026-04-27 13:25:53,Ejecutivo_04,Personal,17000.0,1579.11,0.24,201,Sucursal,53
SOL00067,Aprobación,2026-04-27 13:25:58,Analista_04,Consumo,2600.0,2139.47,0.26,24,Web,35
SOL00069,Solicitud recibida,2026-04-27 13:26:40,Ejecutivo_06,Consumo,6200.0,931.95,0.27,143,Sucursal,59
SOL01149,Análisis financiero,2026-04-27 13:50:18,Analista_06,Personal,14900.0,1113.2,0.27,9,Sucursal,68
SOL00522,Rechazo,2026-04-27 15:15:46,Analista_03,Personal,6400.0,547.56,0.09,17,Web,70
SOL01149,Aprobación,2026-04-27 15:17:08,Analista_06,Personal,14900.0,1113.2,0.27,9,Sucursal,68
SOL01034,Solicitud recibida,2026-04-27 15:37:55,Sistema,Personal,12900.0,1142.8,0.14,51,Web,68
SOL00414,Análisis financiero,2026-04-27 16:33:28,Analista_02,Hipotecario,200300.0,1109.08,0.13,104,Web,39
SOL00023,Solicitud recibida,2026-04-27 16:41:59,Sistema,Personal,20000.0,930.86,0.09,22,Web,56
SOL01153,Recepción de información,2026-04-27 18:47:39,Sistema,Consumo,5700.0,3027.75,0.28,67,Web,59
SOL00920,Solicitud recibida,2026-04-28 07:20:15,Ejecutivo_04,Personal,10600.0,1703.99,0.12,10,Sucursal,33
SOL01034,Verificación de documentos,2026-04-28 08:00:00,Verificador_04,Personal,12900.0,1142.8,0.14,51,Web,68
SOL01142,Desembolso,2026-04-28 08:00:00,Tesoreria,Hipotecario,54300.0,2760.53,0.44,46,Sucursal,55
SOL00120,Formalización,2026-04-28 08:00:00,Ejecutivo_04,Vehicular,20500.0,963.81,0.36,42,Sucursal,56
SOL00373,Verificación de documentos,2026-04-28 08:00:00,Verificador_03,Consumo,3500.0,1233.33,0.27,176,Web,60
SOL00351,Desembolso,2026-04-28 08:00:00,Tesoreria,Vehicular,34300.0,1505.02,0.23,75,Agente,38
SOL00069,Verificación de documentos,2026-04-28 08:00:00,Verificador_02,Consumo,6200.0,931.95,0.27,143,Sucursal,59
SOL00688,Desembolso,2026-04-28 08:00:00,Tesoreria,Hipotecario,105600.0,1749.6,0.56,61,Web,63
SOL00874,Análisis financiero,2026-04-28 08:00:00,Analista_06,Hipotecario,235700.0,1652.37,0.36,11,Web,66
SOL01123,Análisis financiero,2026-04-28 08:00:00,Analista_02,Personal,18800.0,1442.48,0.26,177,Agente,55
SOL01005,Desembolso,2026-04-28 08:00:00,Tesoreria,Personal,9500.0,1144.51,0.28,36,Web,55
SOL00852,Análisis financiero,2026-04-28 08:00:00,Analista_02,Personal,5800.0,1191.74,0.29,167,Agente,29
SOL00452,Formalización,2026-04-28 08:00:00,Ejecutivo_02,Personal,16700.0,1357.06,0.21,117,Web,56
SOL00865,Análisis financiero,2026-04-28 08:00:00,Analista_08,Consumo,7600.0,1687.87,0.08,18,Sucursal,46
SOL00455,Análisis financiero,2026-04-28 08:00:00,Analista_01,Vehicular,37200.0,1094.84,0.36,8,Web,50
SOL00846,Análisis financiero,2026-04-28 08:00:00,Analista_01,Vehicular,36500.0,1887.87,0.28,52,Web,63
SOL00389,Verificación de documentos,2026-04-28 08:00:00,Verificador_04,Personal,12400.0,1574.17,0.28,60,Sucursal,69
SOL00140,Desembolso,2026-04-28 08:01:00,Tesoreria,Personal,13100.0,1605.76,0.51,32,Sucursal,50
SOL01073,Análisis financiero,2026-04-28 08:03:00,Analista_07,Personal,5000.0,4805.74,0.58,102,Sucursal,34
SOL00964,Análisis financiero,2026-04-28 08:04:00,Analista_05,Personal,16200.0,1828.92,0.14,28,Sucursal,21
SOL00197,Análisis financiero,2026-04-28 08:05:00,Analista_05,Personal,15600.0,2871.0,0.07,0,Sucursal,28
SOL00147,Formalización,2026-04-28 08:07:00,Ejecutivo_05,Hipotecario,95700.0,780.24,0.24,50,Sucursal,31
SOL00288,Desembolso,2026-04-28 08:15:00,Tesoreria,Consumo,4300.0,1216.31,0.42,42,Web,22
SOL00905,Análisis financiero,2026-04-28 08:15:00,Analista_01,Hipotecario,152500.0,1458.21,0.2,24,Sucursal,61
SOL00483,Análisis financiero,2026-04-28 08:17:00,Analista_03,Consumo,2200.0,1594.57,0.29,68,Agente,66
SOL00566,Análisis financiero,2026-04-28 08:18:00,Analista_02,Consumo,2000.0,3051.11,0.44,18,Web,46
SOL00641,Formalización,2026-04-28 08:24:00,Ejecutivo_06,Hipotecario,125300.0,689.15,0.14,136,Sucursal,34
SOL00080,Desembolso,2026-04-28 08:25:00,Tesoreria,Personal,15100.0,890.83,0.1,73,Web,52
SOL01034,Solicitud de información adicional,2026-04-28 08:30:01,Verificador_02,Personal,12900.0,1142.8,0.14,51,Web,68
SOL00373,Solicitud de información adicional,2026-04-28 08:30:01,Verificador_02,Consumo,3500.0,1233.33,0.27,176,Web,60
SOL00382,Desembolso,2026-04-28 09:26:47,Tesoreria,Vehicular,36600.0,1070.09,0.2,18,Agente,28
SOL00669,Solicitud recibida,2026-04-28 09:40:58,Ejecutivo_04,Vehicular,24800.0,2401.26,0.08,15,Sucursal,47
SOL00023,Verificación de documentos,2026-04-28 09:51:18,Verificador_03,Personal,20000.0,930.86,0.09,22,Web,56
SOL00506,Análisis financiero,2026-04-28 09:52:27,Analista_01,Personal,13300.0,1865.57,0.51,41,Sucursal,48
SOL00490,Análisis financiero,2026-04-28 10:00:18,Analista_08,Personal,16600.0,1591.03,0.2,112,Sucursal,58
SOL00681,Análisis financiero,2026-04-28 10:13:54,Analista_02,Consumo,6500.0,2779.79,0.07,95,Sucursal,50
SOL00433,Desembolso,2026-04-28 10:45:43,Tesoreria,Personal,17000.0,1579.11,0.24,201,Sucursal,53
SOL01069,Reevaluación,2026-04-28 11:10:36,Analista_01,Personal,17100.0,2749.64,0.64,47,Sucursal,69
SOL00865,Aprobación,2026-04-28 11:24:22,Analista_08,Consumo,7600.0,1687.87,0.08,18,Sucursal,46
SOL00483,Aprobación,2026-04-28 11:53:31,Analista_03,Consumo,2200.0,1594.57,0.29,68,Agente,66
SOL00490,Aprobación,2026-04-28 11:57:24,Analista_08,Personal,16600.0,1591.03,0.2,112,Sucursal,58
SOL00852,Aprobación,2026-04-28 12:15:46,Analista_02,Personal,5800.0,1191.74,0.29,167,Agente,29
SOL00964,Aprobación,2026-04-28 12:36:12,Analista_05,Personal,16200.0,1828.92,0.14,28,Sucursal,21
SOL01073,Rechazo,2026-04-28 12:53:48,Analista_07,Personal,5000.0,4805.74,0.58,102,Sucursal,34
SOL01123,Aprobación,2026-04-28 14:47:24,Analista_02,Personal,18800.0,1442.48,0.26,177,Agente,55
SOL01069,Rechazo,2026-04-28 15:00:00,Analista_01,Personal,17100.0,2749.64,0.64,47,Sucursal,69
SOL00884,Análisis financiero,2026-04-28 15:03:33,Analista_03,Hipotecario,170600.0,961.84,0.49,137,Web,29
SOL00744,Recepción de información,2026-04-28 15:06:04,Sistema,Personal,16200.0,1238.08,0.66,29,Sucursal,34
SOL00797,Desembolso,2026-04-28 15:08:40,Tesoreria,Consumo,1600.0,1430.82,0.47,94,Sucursal,67
SOL00669,Verificación de documentos,2026-04-28 15:45:27,Verificador_01,Vehicular,24800.0,2401.26,0.08,15,Sucursal,47
SOL00069,Análisis financiero,2026-04-28 15:48:10,Analista_04,Consumo,6200.0,931.95,0.27,143,Sucursal,59
SOL01153,Verificación de documentos,2026-04-28 16:09:11,Verificador_04,Consumo,5700.0,3027.75,0.28,67,Web,59
SOL00467,Solicitud recibida,2026-04-28 16:19:49,Ejecutivo_06,Vehicular,26400.0,1560.88,0.24,129,Sucursal,44
SOL01124,Recepción de información,2026-04-28 16:51:01,Sistema,Consumo,4100.0,2406.83,0.22,6,Web,63
SOL01147,Solicitud recibida,2026-04-28 16:52:36,Ejecutivo_02,Personal,19200.0,1243.98,0.26,47,Sucursal,33
SOL00082,Solicitud recibida ,2026-04-28 20:52:05,Ejecutivo_02,Personal,4100.0,3518.36,0.11,65,Agente,67
SOL00920,Verificación de documentos,2026-04-29 08:00:00,Verificador_04,Personal,10600.0,1703.99,0.12,10,Sucursal,33
SOL00277,Análisis financiero,2026-04-29 08:00:00,Analista_08,Vehicular,38100.0,1301.56,0.23,0,Agente,38
SOL00069,Aprobación,2026-04-29 08:00:00,Analista_04,Consumo,6200.0,931.95,0.27,143,Sucursal,59
SOL00119,desembolso,2026-04-29 08:00:00,Tesoreria,Vehicular,28700.0,2317.58,0.27,39,Agente,47
SOL01147,Verificación de documentos,2026-04-29 08:00:00,Verificador_01,Personal,19200.0,1243.98,0.26,47,Sucursal,33
SOL00559,Análisis financiero,2026-04-29 08:00:00,Analista_05,Consumo,5600.0,947.26,0.59,2,Sucursal,28
SOL00744,Verificación de documentos,2026-04-29 08:00:00,Verificador_02,Personal,16200.0,1238.08,0.66,29,Sucursal,34
SOL00422,Análisis financiero,2026-04-29 08:00:00,Analista_06,Personal,17900.0,3414.81,0.08,6,Web,54
SOL01124,Verificación de documentos,2026-04-29 08:00:00,Verificador_01,Consumo,4100.0,2406.83,0.22,6,Web,63
SOL00462,Análisis financiero,2026-04-29 08:00:00,Analista_02,Vehicular,28700.0,875.88,0.02,4,Sucursal,29
SOL00197,Aprobación,2026-04-29 08:00:00,Analista_05,Personal,15600.0,2871.0,0.07,0,Sucursal,28
SOL00023,Análisis financiero,2026-04-29 08:00:00,Analista_08,Personal,20000.0,930.86,0.09,22,Web,56
SOL00681,Aprobación,2026-04-29 08:00:00,Analista_02,Consumo,6500.0,2779.79,0.07,95,Sucursal,50
SOL00611,Formalización,2026-04-29 08:00:00,Ejecutivo_05,Vehicular,28200.0,1356.57,0.32,48,Sucursal,53
SOL00389,Análisis financiero,2026-04-29 08:00:00,Analista_02,Personal,12400.0,1574.17,0.28,60,Sucursal,69
SOL00147,Desembolso,2026-04-29 08:00:00,Tesoreria,Hipotecario,95700.0,780.24,0.24,50,Sucursal,31
SOL00326,Formalización,2026-04-29 08:05:00,Ejecutivo_03,Consumo,6900.0,1315.89,0.41,5,Agente,28
SOL00483,Formalización,2026-04-29 08:15:00,Ejecutivo_01,Consumo,2200.0,1594.57,0.29,68,Agente,66
SOL01149,Formalización,2026-04-29 08:21:00,Ejecutivo_04,Personal,14900.0,1113.2,0.27,9,Sucursal,68
SOL00641,Desembolso,2026-04-29 08:25:30,Tesoreria,Hipotecario,125300.0,689.15,0.14,136,Sucursal,34
SOL01023,Formalización,2026-04-29 08:27:00,Ejecutivo_04,Personal,17000.0,1335.06,0.34,120,Web,29
SOL00920,Solicitud de información adicional,2026-04-29 08:30:01,Verificador_02,Personal,10600.0,1703.99,0.12,10,Sucursal,33
SOL00482,Solicitud recibida,2026-04-29 08:49:59,Ejecutivo_04,Hipotecario,52500.0,1041.83,0.53,124,Agente,50
SOL00521,Solicitud recibida,2026-04-29 08:55:57,Sistema,Hipotecario,57100.0,1645.85,0.29,160,Web,65
SOL00690,Solicitud recibida,2026-04-29 09:03:26,Sistema,Consumo,7400.0,1251.8,0.56,24,Web,33
SOL00452,Desembolso,2026-04-29 09:14:28,Tesoreria,Personal,16700.0,1357.06,0.21,117,Web,56
SOL00506,Reevaluación,2026-04-29 09:32:36,Analista_01,Personal,13300.0,1865.57,0.51,41,Sucursal,48
SOL00422,Aprobación,2026-04-29 09:45:12,Analista_06,Personal,17900.0,3414.81,0.08,6,Web,54
SOL00568,Solicitud recibida,2026-04-29 10:55:16,Ejecutivo_03,Personal,7700.0,2528.83,0.13,9,Sucursal,26
SOL00462,Aprobación,2026-04-29 11:05:53,Analista_02,Vehicular,28700.0,875.88,0.02,4,Sucursal,29
SOL00830,Solicitud recibida,2026-04-29 12:47:16,Ejecutivo_02,Personal,5600.0,2366.63,0.32,70,Sucursal,34
SOL00229,Análisis financiero,2026-04-29 13:18:31,Analista_07,Consumo,5800.0,3358.23,0.14,71,Sucursal,24
SOL00023,Aprobación,2026-04-29 13:34:31,Analista_08,Personal,20000.0,930.86,0.09,22,Web,56
SOL00559,Rechazo,2026-04-29 13:36:35,Analista_05,Consumo,5600.0,947.26,0.59,2,Sucursal,28
SOL00750,Solicitud recibida,2026-04-29 13:58:00,Ejecutivo_03,Consumo,4900.0,2336.18,0.48,6,Sucursal,69
SOL00852,Formalización,2026-04-29 14:04:30,Ejecutivo_06,Personal,5800.0,1191.74,0.29,167,Agente,29
SOL01083,Solicitud recibida,2026-04-29 14:26:44,Ejecutivo_01,Vehicular,29300.0,2381.27,0.07,47,Sucursal,50
SOL00521,Verificación de documentos,2026-04-29 14:57:29,Verificador_02,Hipotecario,57100.0,1645.85,0.29,160,Web,65
SOL00506,Aprobación,2026-04-29 15:11:38,Analista_01,Personal,13300.0,1865.57,0.51,41,Sucursal,48
SOL00389,Aprobación,2026-04-29 15:44:35,Analista_02,Personal,12400.0,1574.17,0.28,60,Sucursal,69
SOL00568,Verificación de documentos,2026-04-29 15:48:06,Verificador_01,Personal,7700.0,2528.83,0.13,9,Sucursal,26
SOL00964,Formalización,2026-04-29 16:01:18,Ejecutivo_03,Personal,16200.0,1828.92,0.14,28,Sucursal,21
SOL00690,Verificación de documentos,2026-04-29 16:17:06,Verificador_02,Consumo,7400.0,1251.8,0.56,24,Web,33
SOL00568,Solicitud de información adicional,2026-04-29 16:18:07,Verificador_04,Personal,7700.0,2528.83,0.13,9,Sucursal,26
SOL01004,Solicitud recibida,2026-04-29 17:38:11,Sistema,Consumo,4400.0,2428.17,0.23,119,Web,51
SOL00692,Recepción de información,2026-04-29 18:45:08,Sistema,Hipotecario,173100.0,882.05,0.29,62,Web,67
SOL00834,Solicitud recibida,2026-04-29 19:23:17,Sistema,Personal,13700.0,409.82,0.11,98,Web,26
SOL00787,Solicitud recibida,2026-04-29 19:29:01,Ejecutivo_02,Personal,11600.0,1018.03,0.4,34,Sucursal,23
SOL00211,Solicitud recibida,2026-04-29 20:59:50,Sistema,Personal,16800.0,752.38,0.18,29,Web,66
SOL00642,Solicitud recibida,2026-04-29 21:09:17,Sistema,Vehicular,19200.0,4792.43,0.32,29,Web,30
SOL01088,Recepción de información,2026-04-29 21:26:14,Sistema,Consumo,2000.0,1239.01,0.25,6,Agente,28
SOL00431,Solicitud recibida,2026-04-30 07:26:04,Sistema,Personal,5500.0,5481.76,0.09,36,Web,22
SOL01059,Formalización,2026-04-30 08:00:00,Ejecutivo_04,Personal,11900.0,1185.45,0.31,155,Web,40
SOL01124,Análisis financiero,2026-04-30 08:00:00,Analista_02,Consumo,4100.0,2406.83,0.22,6,Web,63
SOL00611,Desembolso,2026-04-30 08:00:00,Tesoreria,Vehicular,28200.0,1356.57,0.32,48,Sucursal,53
SOL00692,Verificación de documentos,2026-04-30 08:00:00,Verificador_01,Hipotecario,173100.0,882.05,0.29,62,Web,67
SOL00467,Verificación de documentos,2026-04-30 08:00:00,Verificador_03,Vehicular,26400.0,1560.88,0.24,129,Sucursal,44
SOL01153,Análisis financiero,2026-04-30 08:00:00,Analista_07,Consumo,5700.0,3027.75,0.28,67,Web,59
SOL01088,Verificación de documentos,2026-04-30 08:00:00,Verificador_03,Consumo,2000.0,1239.01,0.25,6,Agente,28
SOL01149,Desembolso,2026-04-30 08:00:00,Tesoreria,Personal,14900.0,1113.2,0.27,9,Sucursal,68
SOL01083,Verificación de documentos,2026-04-30 08:00:00,Verificador_03,Vehicular,29300.0,2381.27,0.07,47,Sucursal,50
SOL00787,Verificación de documentos,2026-04-30 08:00:00,Verificador_01,Personal,11600.0,1018.03,0.4,34,Sucursal,23
SOL00229,Aprobación,2026-04-30 08:00:00,Analista_07,Consumo,5800.0,3358.23,0.14,71,Sucursal,24
SOL00482,Verificación de documentos,2026-04-30 08:00:00,Verificador_03,Hipotecario,52500.0,1041.83,0.53,124,Agente,50
SOL00326,Desembolso,2026-04-30 08:00:00,Tesoreria,Consumo,6900.0,1315.89,0.41,5,Agente,28
SOL00830,Verificación de documentos,2026-04-30 08:00:00,Verificador_01,Personal,5600.0,2366.63,0.32,70,Sucursal,34
SOL01123,Formalización,2026-04-30 08:03:00,Ejecutivo_06,Personal,18800.0,1442.48,0.26,177,Agente,55
SOL00566,Reevaluación,2026-04-30 08:05:00,Analista_02,Consumo,2000.0,3051.11,0.44,18,Web,46
SOL00936,Solicitud recibida,2026-04-30 08:10:45,Ejecutivo_01,Personal,17000.0,1094.83,0.32,31,Agente,29
SOL00744,Análisis financiero,2026-04-30 08:13:00,Analista_01,Personal,16200.0,1238.08,0.66,29,Sucursal,34
SOL00483,Desembolso,2026-04-30 08:14:00,Tesoreria,Consumo,2200.0,1594.57,0.29,68,Agente,66
SOL00690,Análisis financiero,2026-04-30 08:16:00,Analista_04,Consumo,7400.0,1251.8,0.56,24,Web,33
SOL01004,Verificación de documentos,2026-04-30 08:17:00,Verificador_02,Consumo,4400.0,2428.17,0.23,119,Web,51
SOL00669,Análisis financiero,2026-04-30 08:18:00,Analista_05,Vehicular,24800.0,2401.26,0.08,15,Sucursal,47
SOL00211,Verificación de documentos,2026-04-30 08:20:00,Verificador_02,Personal,16800.0,752.38,0.18,29,Web,66
SOL01147,Análisis financiero,2026-04-30 08:22:00,Analista_02,Personal,19200.0,1243.98,0.26,47,Sucursal,33
SOL00852,Desembolso,2026-04-30 08:26:00,Tesoreria,Personal,5800.0,1191.74,0.29,167,Agente,29
SOL00834,Verificación de documentos,2026-04-30 08:28:00,Verificador_02,Personal,13700.0,409.82,0.11,98,Web,26
SOL01004,Solicitud de información adicional,2026-04-30 08:47:01,Verificador_01,Consumo,4400.0,2428.17,0.23,119,Web,51
SOL00211,Solicitud de información adicional,2026-04-30 08:50:01,Verificador_02,Personal,16800.0,752.38,0.18,29,Web,66
SOL00750,Verificación de documentos,2026-04-30 08:52:11,Verificador_04,Consumo,4900.0,2336.18,0.48,6,Sucursal,69
SOL00642,Verificación de documentos,2026-04-30 08:52:17,Verificador_02,Vehicular,19200.0,4792.43,0.32,29,Web,30
SOL00090,Solicitud recibida,2026-04-30 09:19:31,Ejecutivo_03,Hipotecario,86000.0,1556.57,0.75,7,Sucursal,44
SOL01124,Aprobación,2026-04-30 09:53:21,Analista_02,Consumo,4100.0,2406.83,0.22,6,Web,63
SOL00093,Comité de crédito,2026-04-30 10:00:01,Comite,Hipotecario,172500.0,2280.88,0.59,102,Sucursal,21
SOL00884,Comité de crédito,2026-04-30 10:00:01,Comite,Hipotecario,170600.0,961.84,0.49,137,Web,29
SOL00277,Comité de crédito,2026-04-30 10:00:01,Comite,Vehicular,38100.0,1301.56,0.23,0,Agente,38
SOL00874,Comité de crédito,2026-04-30 10:00:01,Comite,Hipotecario,235700.0,1652.37,0.36,11,Web,66
SOL00754,Comité de crédito,2026-04-30 10:00:01,Comite,Hipotecario,199700.0,2363.1,0.11,9,Sucursal,52
SOL00102,Comité de crédito,2026-04-30 10:00:01,Comite,Hipotecario,139000.0,2282.49,0.38,250,Sucursal,36
SOL00895,Comité de crédito,2026-04-30 10:00:01,Comite,Hipotecario,130100.0,971.47,0.41,145,Web,49
SOL00905,Comité de crédito,2026-04-30 10:00:01,Comite,Hipotecario,152500.0,1458.21,0.2,24,Sucursal,61
SOL00455,Comité de crédito,2026-04-30 10:00:01,Comite,Vehicular,37200.0,1094.84,0.36,8,Web,50
SOL00846,Comité de crédito,2026-04-30 10:00:01,Comite,Vehicular,36500.0,1887.87,0.28,52,Web,63
SOL00930,Comité de crédito,2026-04-30 10:00:01,Comite,Vehicular,31300.0,1705.67,0.4,73,Sucursal,41
SOL00414,Comité de crédito,2026-04-30 10:00:01,Comite,Hipotecario,200300.0,1109.08,0.13,104,Web,39
SOL01147,Aprobación,2026-04-30 10:18:48,Analista_02,Personal,19200.0,1243.98,0.26,47,Sucursal,33
SOL00076,Solicitud recibida,2026-04-30 10:52:04,Sistema,Personal,9800.0,3506.11,0.12,20,Web,58
SOL00690,Rechazo,2026-04-30 11:06:13,Analista_04,Consumo,7400.0,1251.8,0.56,24,Web,33
SOL00754,Aprobación,2026-04-30 11:51:29,Comite,Hipotecario,199700.0,2363.1,0.11,9,Sucursal,52
SOL00669,Aprobación,2026-04-30 12:10:01,Analista_05,Vehicular,24800.0,2401.26,0.08,15,Sucursal,47
SOL00874,Aprobación,2026-04-30 12:34:08,Comite,Hipotecario,235700.0,1652.37,0.36,11,Web,66
SOL01153,Aprobación,2026-04-30 12:37:28,Analista_07,Consumo,5700.0,3027.75,0.28,67,Web,59
SOL00063,Solicitud recibida,2026-04-30 12:46:29,Ejecutivo_04,Personal,6300.0,1084.57,0.39,61,Agente,30
SOL00930,Rechazo,2026-04-30 13:12:21,Analista_04,Vehicular,31300.0,1705.67,0.4,73,Sucursal,41
SOL00455,Aprobación,2026-04-30 13:18:38,Comite,Vehicular,37200.0,1094.84,0.36,8,Web,50
SOL00277,Rechazo,2026-04-30 13:26:33,Analista_08,Vehicular,38100.0,1301.56,0.23,0,Agente,38
SOL00102,Aprobación,2026-04-30 13:28:10,Comite,Hipotecario,139000.0,2282.49,0.38,250,Sucursal,36
SOL00787,Análisis financiero,2026-04-30 13:29:29,Analista_04,Personal,11600.0,1018.03,0.4,34,Sucursal,23
SOL00006,Solicitud recibida,2026-04-30 13:38:06,Ejecutivo_06,Personal,10700.0,1098.45,0.13,6,Sucursal,61
SOL00069,Formalización,2026-04-30 14:04:52,Ejecutivo_02,Consumo,6200.0,931.95,0.27,143,Sucursal,59
SOL00251,Solicitud recibida,2026-04-30 14:04:58,Ejecutivo_03,Personal,11500.0,1126.32,0.03,0,Sucursal,67
SOL00884,Rechazo,2026-04-30 14:10:17,Analista_03,Hipotecario,170600.0,961.84,0.49,137,Web,29
SOL00521,Análisis financiero,2026-04-30 15:33:32,Analista_08,Hipotecario,57100.0,1645.85,0.29,160,Web,65
SOL00846,Rechazo,2026-04-30 16:03:37,Analista_01,Vehicular,36500.0,1887.87,0.28,52,Web,63
SOL00414,Rechazo,2026-04-30 16:08:04,Analista_02,Hipotecario,200300.0,1109.08,0.13,104,Web,39
SOL01023,Desembolso,2026-04-30 16:12:53,Tesoreria,Personal,17000.0,1335.06,0.34,120,Web,29
SOL01037,Solicitud recibida,2026-04-30 18:42:24,Ejecutivo_02,Hipotecario,164700.0,1186.79,0.14,93,Agente,37
SOL00776,Recepción de información,2026-04-30 23:10:54,Sistema,Personal,8800.0,780.75,0.1,11,Web,67
SOL00063,Verificación de documentos,2026-05-01 08:00:00,Verificador_01,Personal,6300.0,1084.57,0.39,61,Agente,30
SOL00069,Desembolso,2026-05-01 08:00:00,Tesoreria,Consumo,6200.0,931.95,0.27,143,Sucursal,59
SOL01135,Formalización,2026-05-01 08:00:00,Ejecutivo_05,Consumo,1900.0,2625.78,0.25,75,Sucursal,30
SOL01123,Desembolso,2026-05-01 08:00:00,Tesoreria,Personal,18800.0,1442.48,0.26,177,Agente,55
SOL00750,Análisis financiero,2026-05-01 08:00:00,Analista_01,Consumo,4900.0,2336.18,0.48,6,Sucursal,69
SOL00251,Verificación de documentos,2026-05-01 08:00:00,Verificador_01,Personal,11500.0,1126.32,0.03,0,Sucursal,67
SOL01083,Análisis financiero,2026-05-01 08:00:00,Analista_02,Vehicular,29300.0,2381.27,0.07,47,Sucursal,50
SOL00506,Formalización,2026-05-01 08:00:00,Ejecutivo_02,Personal,13300.0,1865.57,0.51,41,Sucursal,48
SOL00830,Análisis financiero,2026-05-01 08:00:00,Analista_06,Personal,5600.0,2366.63,0.32,70,Sucursal,34
SOL00482,Análisis financiero,2026-05-01 08:00:00,Analista_06,Hipotecario,52500.0,1041.83,0.53,124,Agente,50
SOL00692,Análisis financiero,2026-05-01 08:00:00,Analista_01,Hipotecario,173100.0,882.05,0.29,62,Web,67
SOL00082,Verificación de documentos,2026-05-01 08:00:00,Verificador_01,Personal,4100.0,3518.36,0.11,65,Agente,67
SOL00905,Aprobación,2026-05-01 08:00:00,Comite,Hipotecario,152500.0,1458.21,0.2,24,Sucursal,61
SOL00120,Desembolso,2026-05-01 08:00:00,Tesoreria,Vehicular,20500.0,963.81,0.36,42,Sucursal,56
SOL00990,Desembolso,2026-05-01 08:00:00,Tesoreria,Consumo,2000.0,1162.19,0.64,18,Agente,34
SOL00964,Desembolso,2026-05-01 08:00:00,Tesoreria,Personal,16200.0,1828.92,0.14,28,Sucursal,21
SOL00936,Verificación de documentos,2026-05-01 08:00:00,Verificador_03,Personal,17000.0,1094.83,0.32,31,Agente,29
SOL00787,Aprobación,2026-05-01 08:00:00,Analista_04,Personal,11600.0,1018.03,0.4,34,Sucursal,23
SOL01088,Análisis financiero,2026-05-01 08:05:00,Analista_05,Consumo,2000.0,1239.01,0.25,6,Agente,28
SOL00895,Reevaluación,2026-05-01 08:09:00,Analista_04,Hipotecario,130100.0,971.47,0.41,145,Web,49
SOL00076,Verificación de documentos,2026-05-01 08:10:00,Verificador_02,Personal,9800.0,3506.11,0.12,20,Web,58
SOL00090,Verificación de documentos,2026-05-01 08:11:00,Verificador_02,Hipotecario,86000.0,1556.57,0.75,7,Sucursal,44
SOL00865,Formalización,2026-05-01 08:12:00,Ejecutivo_06,Consumo,7600.0,1687.87,0.08,18,Sucursal,46
SOL00093,Reevaluación,2026-05-01 08:16:00,Analista_08,Hipotecario,172500.0,2280.88,0.59,102,Sucursal,21
SOL01037,Verificación de documentos,2026-05-01 08:25:00,Verificador_04,Hipotecario,164700.0,1186.79,0.14,93,Agente,37
SOL00197,Formalización,2026-05-01 08:27:00,Ejecutivo_05,Personal,15600.0,2871.0,0.07,0,Sucursal,28
SOL00006,Verificación de documentos,2026-05-01 08:29:00,Verificador_03,Personal,10700.0,1098.45,0.13,6,Sucursal,61
SOL00490,Formalización,2026-05-01 08:29:00,Ejecutivo_05,Personal,16600.0,1591.03,0.2,112,Sucursal,58
SOL00067,Formalización,2026-05-01 08:59:46,Ejecutivo_02,Consumo,2600.0,2139.47,0.26,24,Web,35
SOL01059,Desembolso,2026-05-01 09:39:21,Tesoreria,Personal,11900.0,1185.45,0.31,155,Web,40
SOL00681,Formalización,2026-05-01 09:43:30,Ejecutivo_01,Consumo,6500.0,2779.79,0.07,95,Sucursal,50
SOL01083,Aprobación,2026-05-01 10:24:30,Analista_02,Vehicular,29300.0,2381.27,0.07,47,Sucursal,50
SOL00431,Verificación de documentos,2026-05-01 10:29:59,Verificador_04,Personal,5500.0,5481.76,0.09,36,Web,22
SOL00830,Aprobación,2026-05-01 10:41:58,Analista_06,Personal,5600.0,2366.63,0.32,70,Sucursal,34
SOL00895,Aprobación,2026-05-01 10:50:41,Analista_04,Hipotecario,130100.0,971.47,0.41,145,Web,49
SOL00431,Solicitud de información adicional,2026-05-01 11:00:00,Verificador_03,Personal,5500.0,5481.76,0.09,36,Web,22
SOL01043,Recepción de información,2026-05-01 11:37:41,Sistema,Consumo,7600.0,1663.22,0.07,7,Web,23
SOL00776,Verificación de documentos,2026-05-01 11:46:33,Verificador_02,Personal,8800.0,780.75,0.1,11,Web,67
SOL00093,Rechazo,2026-05-01 12:49:45,Analista_08,Hipotecario,172500.0,2280.88,0.59,102,Sucursal,21
SOL01176,Solicitud recibida,2026-05-01 13:35:17,Ejecutivo_03,Personal,15700.0,2354.45,0.37,44,Sucursal,26
SOL01088,Aprobación,2026-05-01 13:47:55,Analista_05,Consumo,2000.0,1239.01,0.25,6,Agente,28
SOL01124,Formalización,2026-05-01 14:42:04,Ejecutivo_04,Consumo,4100.0,2406.83,0.22,6,Web,63
SOL00750,Aprobación,2026-05-01 15:03:11,Analista_01,Consumo,4900.0,2336.18,0.48,6,Sucursal,69
SOL00047,Solicitud recibida,2026-05-01 15:09:24,Sistema,Personal,16300.0,4480.84,0.1,24,Web,62
SOL00834,Análisis financiero,2026-05-01 15:35:43,Analista_07,Personal,13700.0,409.82,0.11,98,Web,26
SOL01035,Solicitud recibida,2026-05-01 18:09:20,Sistema,Consumo,4500.0,1747.93,0.23,6,Web,63
SOL00373,Recepción de información,2026-05-01 18:16:57,Sistema,Consumo,3500.0,1233.33,0.27,176,Web,60
SOL00268,Solicitud recibida ,2026-05-01 18:36:10,Sistema,Personal,6200.0,2465.83,0.17,9,Web,56
SOL01172,Recepción de información,2026-05-01 18:38:51,Sistema,Hipotecario,137300.0,1533.74,0.33,21,Web,58
SOL00518,Solicitud recibida,2026-05-01 21:36:31,Sistema,Hipotecario,201700.0,2442.42,0.53,62,Web,26
SOL00186,Recepción de información,2026-05-01 22:43:20,Sistema,Personal,8800.0,2331.9,0.57,36,Web,60
SOL00078,Solicitud recibida,2026-05-02 10:13:28,Sistema,Personal,14700.0,1344.27,0.21,1,Web,65
SOL00955,Solicitud recibida,2026-05-02 10:52:20,Ejecutivo_06,Vehicular,26700.0,1366.62,0.22,50,Sucursal,59
SOL00701,Solicitud recibida,2026-05-02 13:34:45,Sistema,Personal,13200.0,1752.39,0.15,6,Web,32
SOL00774,Solicitud recibida,2026-05-02 15:25:27,Ejecutivo_02,Hipotecario,179300.0,2875.03,0.34,9,Agente,53
SOL01006,Solicitud recibida,2026-05-02 18:31:13,Sistema,Hipotecario,122400.0,1258.26,0.41,189,Web,23
SOL00940,Solicitud recibida,2026-05-02 19:25:28,Ejecutivo_06,Consumo,2900.0,2868.57,0.74,12,Sucursal,35
SOL00938,Solicitud recibida,2026-05-03 08:03:01,Sistema,Consumo,3500.0,1566.49,0.25,83,Web,21
SOL00317,Solicitud recibida,2026-05-03 08:37:13,Sistema,Hipotecario,203900.0,1519.92,0.27,57,Web,64
SOL00205,Solicitud recibida,2026-05-03 08:55:31,Sistema,Personal,11100.0,1108.24,0.28,56,Web,29
SOL00205,Solicitud recibida,2026-05-03 08:55:31,Sistema,Personal,11100.0,1108.24,0.28,56,Web,29
SOL00300,Solicitud recibida,2026-05-03 09:12:16,Ejecutivo_03,Hipotecario,188300.0,1826.31,0.24,9,Sucursal,23
SOL00625,Solicitud recibida,2026-05-03 10:15:10,Sistema,Consumo,2100.0,2412.0,0.53,59,Web,30
SOL00847,Solicitud recibida,2026-05-03 10:15:40,Ejecutivo_01,Personal,12900.0,2016.04,0.21,16,Agente,53
SOL01098,Solicitud recibida,2026-05-03 10:48:35,Sistema,Vehicular,16400.0,537.9,0.15,1,Web,55
SOL00915,Solicitud recibida,2026-05-03 16:39:30,Sistema,Hipotecario,186700.0,2332.94,0.07,133,Web,35
SOL00857,Solicitud recibida,2026-05-03 19:26:40,Ejecutivo_05,Personal,9300.0,1686.52,0.45,152,Sucursal,47
SOL01004,Recepción de información,2026-05-03 22:34:09,Sistema,Consumo,4400.0,2428.17,0.23,119,Web,51
SOL00167,Solicitud recibida,2026-05-04 07:43:03,Sistema,Consumo,1700.0,1736.86,0.18,37,Web,21
SOL00490,Desembolso,2026-05-04 08:00:00,Tesoreria,Personal,16600.0,1591.03,0.2,112,Sucursal,58
SOL00229,Formalización,2026-05-04 08:00:00,Ejecutivo_02,Consumo,5800.0,3358.23,0.14,71,Sucursal,24
SOL01035,Verificación de documentos,2026-05-04 08:00:00,Verificador_03,Consumo,4500.0,1747.93,0.23,6,Web,63
SOL00455,Formalización,2026-05-04 08:00:00,Ejecutivo_06,Vehicular,37200.0,1094.84,0.36,8,Web,50
SOL00566,Reevaluación,2026-05-04 08:00:00,Analista_02,Consumo,2000.0,3051.11,0.44,18,Web,46
SOL00776,Análisis financiero,2026-05-04 08:00:00,Analista_02,Personal,8800.0,780.75,0.1,11,Web,67
SOL01176,Verificación de documentos,2026-05-04 08:00:00,Verificador_04,Personal,15700.0,2354.45,0.37,44,Sucursal,26
SOL00936,Análisis financiero,2026-05-04 08:00:00,Analista_05,Personal,17000.0,1094.83,0.32,31,Agente,29
SOL00076,Análisis financiero,2026-05-04 08:00:00,Analista_01,Personal,9800.0,3506.11,0.12,20,Web,58
SOL01124,Desembolso,2026-05-04 08:00:00,Tesoreria,Consumo,4100.0,2406.83,0.22,6,Web,63
SOL00750,Formalización,2026-05-04 08:00:00,Ejecutivo_02,Consumo,4900.0,2336.18,0.48,6,Sucursal,69
SOL00467,Análisis financiero,2026-05-04 08:00:00,Analista_07,Vehicular,26400.0,1560.88,0.24,129,Sucursal,44
SOL01088,Formalización,2026-05-04 08:00:00,Ejecutivo_02,Consumo,2000.0,1239.01,0.25,6,Agente,28
SOL00669,Formalización,2026-05-04 08:00:00,Ejecutivo_02,Vehicular,24800.0,2401.26,0.08,15,Sucursal,47
SOL00701,Verificación de documentos,2026-05-04 08:00:00,Verificador_03,Personal,13200.0,1752.39,0.15,6,Web,32
SOL00078,Verificación de documentos,2026-05-04 08:00:00,Verificador_03,Personal,14700.0,1344.27,0.21,1,Web,65
SOL00090,Análisis financiero,2026-05-04 08:00:00,Analista_08,Hipotecario,86000.0,1556.57,0.75,7,Sucursal,44
SOL00865,Desembolso,2026-05-04 08:00:00,Tesoreria,Consumo,7600.0,1687.87,0.08,18,Sucursal,46
SOL01083,Formalización,2026-05-04 08:00:00,Ejecutivo_06,Vehicular,29300.0,2381.27,0.07,47,Sucursal,50
SOL01147,Formalización,2026-05-04 08:00:00,Ejecutivo_02,Personal,19200.0,1243.98,0.26,47,Sucursal,33
SOL00905,Formalización,2026-05-04 08:00:00,Ejecutivo_06,Hipotecario,152500.0,1458.21,0.2,24,Sucursal,61
SOL00940,Verificación de documentos,2026-05-04 08:00:00,Verificador_03,Consumo,2900.0,2868.57,0.74,12,Sucursal,35
SOL00197,Desembolso,2026-05-04 08:00:00,Tesoreria,Personal,15600.0,2871.0,0.07,0,Sucursal,28
SOL01037,Análisis financiero,2026-05-04 08:00:00,Analista_08,Hipotecario,164700.0,1186.79,0.14,93,Agente,37
SOL01135,Desembolso,2026-05-04 08:00:00,Tesoreria,Consumo,1900.0,2625.78,0.25,75,Sucursal,30
SOL00186,Verificación de documentos,2026-05-04 08:00:00,Verificador_04,Personal,8800.0,2331.9,0.57,36,Web,60
SOL00317,Verificación de documentos,2026-05-04 08:00:00,Verificador_01,Hipotecario,203900.0,1519.92,0.27,57,Web,64
SOL00506,Desembolso,2026-05-04 08:00:00,Tesoreria,Personal,13300.0,1865.57,0.51,41,Sucursal,48
SOL00373,Verificación de documentos,2026-05-04 08:00:00,Verificador_04,Consumo,3500.0,1233.33,0.27,176,Web,60
SOL00251,Análisis financiero,2026-05-04 08:00:00,Analista_08,Personal,11500.0,1126.32,0.03,0,Sucursal,67
SOL00023,Formalización,2026-05-04 08:00:00,Ejecutivo_05,Personal,20000.0,930.86,0.09,22,Web,56
SOL00744,Reevaluación,2026-05-04 08:00:00,Analista_01,Personal,16200.0,1238.08,0.66,29,Sucursal,34
SOL00754,Formalización,2026-05-04 08:00:00,Ejecutivo_01,Hipotecario,199700.0,2363.1,0.11,9,Sucursal,52
SOL00955,Verificación de documentos,2026-05-04 08:00:00,Verificador_02,Vehicular,26700.0,1366.62,0.22,50,Sucursal,59
SOL00422,Formalización,2026-05-04 08:00:00,Ejecutivo_05,Personal,17900.0,3414.81,0.08,6,Web,54
SOL00389,Formalización,2026-05-04 08:00:00,Ejecutivo_06,Personal,12400.0,1574.17,0.28,60,Sucursal,69
SOL00642,Análisis financiero,2026-05-04 08:00:00,Analista_01,Vehicular,19200.0,4792.43,0.32,29,Web,30
SOL00938,Verificación de documentos,2026-05-04 08:00:00,Verificador_02,Consumo,3500.0,1566.49,0.25,83,Web,21
SOL00518,Verificación de documentos,2026-05-04 08:00:00,Verificador_01,Hipotecario,201700.0,2442.42,0.53,62,Web,26
SOL00102,Formalización,2026-05-04 08:00:00,Ejecutivo_02,Hipotecario,139000.0,2282.49,0.38,250,Sucursal,36
SOL00462,Formalización,2026-05-04 08:00:00,Ejecutivo_01,Vehicular,28700.0,875.88,0.02,4,Sucursal,29
SOL00205,Verificación de documentos,2026-05-04 08:00:00,Verificador_03,Personal,11100.0,1108.24,0.28,56,Web,29
SOL00082,Análisis financiero,2026-05-04 08:00:00,Analista_03,Personal,4100.0,3518.36,0.11,65,Agente,67
SOL00063,Análisis financiero,2026-05-04 08:00:00,Analista_04,Personal,6300.0,1084.57,0.39,61,Agente,30
SOL00830,Formalización,2026-05-04 08:00:00,Ejecutivo_02,Personal,5600.0,2366.63,0.32,70,Sucursal,34
SOL00625,Verificación de documentos,2026-05-04 08:00:00,Verificador_01,Consumo,2100.0,2412.0,0.53,59,Web,30
SOL00787,Formalización,2026-05-04 08:00:00,Ejecutivo_04,Personal,11600.0,1018.03,0.4,34,Sucursal,23
SOL00006,Análisis financiero,2026-05-04 08:00:00,Analista_06,Personal,10700.0,1098.45,0.13,6,Sucursal,61
SOL00067,Desembolso,2026-05-04 08:00:00,Tesoreria,Consumo,2600.0,2139.47,0.26,24,Web,35
SOL00300,Verificación de documentos,2026-05-04 08:00:00,Verificador_03,Hipotecario,188300.0,1826.31,0.24,9,Sucursal,23
SOL00774,Verificación de documentos,2026-05-04 08:00:00,Verificador_02,Hipotecario,179300.0,2875.03,0.34,9,Agente,53
SOL00847,Verificación de documentos,2026-05-04 08:00:00,Verificador_02,Personal,12900.0,2016.04,0.21,16,Agente,53
SOL01172,Verificación de documentos,2026-05-04 08:00:00,Verificador_02,Hipotecario,137300.0,1533.74,0.33,21,Web,58
SOL01006,Verificación de documentos,2026-05-04 08:00:00,Verificador_03,Hipotecario,122400.0,1258.26,0.41,189,Web,23
SOL00047,Verificación de documentos,2026-05-04 08:00:00,Verificador_04,Personal,16300.0,4480.84,0.1,24,Web,62
SOL00268,Verificación de documentos,2026-05-04 08:00:00,Verificador_03,Personal,6200.0,2465.83,0.17,9,Web,56
SOL00895,Formalización,2026-05-04 08:00:00,Ejecutivo_01,Hipotecario,130100.0,971.47,0.41,145,Web,49
SOL00681,Desembolso,2026-05-04 08:00:00,Tesoreria,Consumo,6500.0,2779.79,0.07,95,Sucursal,50
SOL00834,Aprobación,2026-05-04 08:00:00,Analista_07,Personal,13700.0,409.82,0.11,98,Web,26
SOL00874,Formalización,2026-05-04 08:00:00,Ejecutivo_06,Hipotecario,235700.0,1652.37,0.36,11,Web,66
SOL01043,Verificación de documentos,2026-05-04 08:00:00,Verificador_01,Consumo,7600.0,1663.22,0.07,7,Web,23
SOL01098,Verificación de documentos,2026-05-04 08:11:00,Verificador_01,Vehicular,16400.0,537.9,0.15,1,Web,55
SOL00857,Verificación de documentos,2026-05-04 08:13:00,Verificador_03,Personal,9300.0,1686.52,0.45,152,Sucursal,47
SOL01004,Verificación de documentos,2026-05-04 08:19:00,Verificador_01,Consumo,4400.0,2428.17,0.23,119,Web,51
SOL00317,Solicitud de información adicional,2026-05-04 08:30:01,Verificador_04,Hipotecario,203900.0,1519.92,0.27,57,Web,64
SOL00625,Solicitud de información adicional,2026-05-04 08:30:01,Verificador_01,Consumo,2100.0,2412.0,0.53,59,Web,30
SOL01006,Solicitud de información adicional,2026-05-04 08:30:01,Verificador_03,Hipotecario,122400.0,1258.26,0.41,189,Web,23
SOL00047,Solicitud de información adicional,2026-05-04 08:30:01,Verificador_04,Personal,16300.0,4480.84,0.1,24,Web,62
SOL00268,Solicitud de información adicional,2026-05-04 08:30:01,Verificador_02,Personal,6200.0,2465.83,0.17,9,Web,56
SOL00642,Aprobación,2026-05-04 09:08:27,Analista_01,Vehicular,19200.0,4792.43,0.32,29,Web,30
SOL00542,Solicitud recibida,2026-05-04 09:46:17,Ejecutivo_06,Vehicular,36600.0,1213.54,0.4,277,Sucursal,28
SOL00776,Aprobación,2026-05-04 09:54:33,Analista_02,Personal,8800.0,780.75,0.1,11,Web,67
SOL00251,Aprobación,2026-05-04 10:47:34,Analista_08,Personal,11500.0,1126.32,0.03,0,Sucursal,67
SOL00936,Aprobación,2026-05-04 11:04:39,Analista_05,Personal,17000.0,1094.83,0.32,31,Agente,29
SOL00063,Aprobación,2026-05-04 11:51:57,Analista_04,Personal,6300.0,1084.57,0.39,61,Agente,30
SOL00566,Rechazo,2026-05-04 11:52:44,Analista_02,Consumo,2000.0,3051.11,0.44,18,Web,46
SOL00167,Verificación de documentos,2026-05-04 12:02:46,Verificador_03,Consumo,1700.0,1736.86,0.18,37,Web,21
SOL00744,Aprobación,2026-05-04 12:08:21,Analista_01,Personal,16200.0,1238.08,0.66,29,Sucursal,34
SOL00167,Solicitud de información adicional,2026-05-04 12:32:47,Verificador_03,Consumo,1700.0,1736.86,0.18,37,Web,21
SOL00006,Aprobación,2026-05-04 12:42:52,Analista_06,Personal,10700.0,1098.45,0.13,6,Sucursal,61
SOL00467,Aprobación,2026-05-04 13:12:53,Analista_07,Vehicular,26400.0,1560.88,0.24,129,Sucursal,44
SOL00082,Aprobación,2026-05-04 13:36:53,Analista_03,Personal,4100.0,3518.36,0.11,65,Agente,67
SOL00542,Verificación de documentos,2026-05-04 13:44:58,Verificador_02,Vehicular,36600.0,1213.54,0.4,277,Sucursal,28
SOL00581,Solicitud recibida,2026-05-04 13:49:17,Sistema,Consumo,3800.0,707.09,0.32,95,Web,37
SOL00076,Aprobación,2026-05-04 14:18:22,Analista_01,Personal,9800.0,3506.11,0.12,20,Web,58
SOL01153,Formalización,2026-05-04 15:51:24,Ejecutivo_02,Consumo,5700.0,3027.75,0.28,67,Web,59
SOL00609,Solicitud recibida,2026-05-04 16:08:54,Sistema,Consumo,4500.0,1568.15,0.29,50,Web,28
SOL00373,Análisis financiero,2026-05-04 16:19:45,Analista_01,Consumo,3500.0,1233.33,0.27,176,Web,60
SOL00431,Recepción de información,2026-05-04 20:39:27,Sistema,Personal,5500.0,5481.76,0.09,36,Web,22
SOL01147,Desembolso,2026-05-05 08:00:00,Tesoreria,Personal,19200.0,1243.98,0.26,47,Sucursal,33
SOL00701,Análisis financiero,2026-05-05 08:00:00,Analista_03,Personal,13200.0,1752.39,0.15,6,Web,32
SOL00744,Formalización,2026-05-05 08:00:00,Ejecutivo_05,Personal,16200.0,1238.08,0.66,29,Sucursal,34
SOL00750,Desembolso,2026-05-05 08:00:00,Tesoreria,Consumo,4900.0,2336.18,0.48,6,Sucursal,69
SOL00847,Análisis financiero,2026-05-05 08:00:00,Analista_04,Personal,12900.0,2016.04,0.21,16,Agente,53
SOL00940,Análisis financiero,2026-05-05 08:00:00,Analista_06,Consumo,2900.0,2868.57,0.74,12,Sucursal,35
SOL00300,Análisis financiero,2026-05-05 08:00:00,Analista_01,Hipotecario,188300.0,1826.31,0.24,9,Sucursal,23
SOL00186,Análisis financiero,2026-05-05 08:00:00,Analista_01,Personal,8800.0,2331.9,0.57,36,Web,60
SOL00518,Análisis financiero,2026-05-05 08:00:00,Analista_02,Hipotecario,201700.0,2442.42,0.53,62,Web,26
SOL01035,Análisis financiero,2026-05-05 08:00:00,Analista_06,Consumo,4500.0,1747.93,0.23,6,Web,63
SOL00102,Desembolso,2026-05-05 08:00:00,Tesoreria,Hipotecario,139000.0,2282.49,0.38,250,Sucursal,36
SOL00455,Desembolso,2026-05-05 08:00:00,Tesoreria,Vehicular,37200.0,1094.84,0.36,8,Web,50
SOL00373,Rechazo,2026-05-05 08:00:00,Analista_01,Consumo,3500.0,1233.33,0.27,176,Web,60
SOL01004,Analisis financiero,2026-05-05 08:00:00,Analista_05,Consumo,4400.0,2428.17,0.23,119,Web,51
SOL00542,Análisis financiero,2026-05-05 08:00:00,Analista_06,Vehicular,36600.0,1213.54,0.4,277,Sucursal,28
SOL00874,Desembolso,2026-05-05 08:00:00,Tesoreria,Hipotecario,235700.0,1652.37,0.36,11,Web,66
SOL00830,Desembolso,2026-05-05 08:02:00,Tesoreria,Personal,5600.0,2366.63,0.32,70,Sucursal,34
SOL00857,Análisis financiero,2026-05-05 08:02:00,Analista_03,Personal,9300.0,1686.52,0.45,152,Sucursal,47
SOL00915,Verificación de documentos,2026-05-05 08:06:00,Verificador_03,Hipotecario,186700.0,2332.94,0.07,133,Web,35
SOL00431,Verificación de documentos,2026-05-05 08:08:00,Verificador_02,Personal,5500.0,5481.76,0.09,36,Web,22
SOL01098,Análisis financiero,2026-05-05 08:12:00,Analista_08,Vehicular,16400.0,537.9,0.15,1,Web,55
SOL00178,Solicitud recibida,2026-05-05 08:12:11,Sistema,Vehicular,14900.0,1593.89,0.17,45,Web,37
SOL00754,Desembolso,2026-05-05 08:16:00,Tesoreria,Hipotecario,199700.0,2363.1,0.11,9,Sucursal,52
SOL00955,Análisis financiero,2026-05-05 08:17:00,Analista_04,Vehicular,26700.0,1366.62,0.22,50,Sucursal,59
SOL01043,Análisis financiero,2026-05-05 08:18:00,Analista_07,Consumo,7600.0,1663.22,0.07,7,Web,23
SOL00581,Verificación de documentos,2026-05-05 08:19:00,Verificador_01,Consumo,3800.0,707.09,0.32,95,Web,37
SOL00905,Desembolso,2026-05-05 08:19:00,Tesoreria,Hipotecario,152500.0,1458.21,0.2,24,Sucursal,61
SOL00895,Desembolso,2026-05-05 08:23:00,Tesoreria,Hipotecario,130100.0,971.47,0.41,145,Web,49
SOL00609,Verificación de documentos,2026-05-05 08:25:00,Verificador_04,Consumo,4500.0,1568.15,0.29,50,Web,28
SOL01176,Análisis financiero,2026-05-05 08:26:00,Analista_04,Personal,15700.0,2354.45,0.37,44,Sucursal,26
SOL00078,Análisis financiero,2026-05-05 08:27:00,Analista_01,Personal,14700.0,1344.27,0.21,1,Web,65
SOL00573,Desistimiento,2026-05-05 08:30:02,Sistema,Personal,10600.0,3326.49,0.1,74,Web,27
SOL00915,Solicitud de información adicional,2026-05-05 08:36:01,Verificador_02,Hipotecario,186700.0,2332.94,0.07,133,Web,35
SOL01088,Desembolso,2026-05-05 08:43:33,Tesoreria,Consumo,2000.0,1239.01,0.25,6,Agente,28
SOL00609,Solicitud de información adicional,2026-05-05 08:55:01,Verificador_04,Consumo,4500.0,1568.15,0.29,50,Web,28
SOL00669,Desembolso,2026-05-05 09:19:45,Tesoreria,Vehicular,24800.0,2401.26,0.08,15,Sucursal,47
SOL00955,Aprobación,2026-05-05 09:26:15,Analista_04,Vehicular,26700.0,1366.62,0.22,50,Sucursal,59
SOL01035,Aprobación,2026-05-05 10:16:51,Analista_06,Consumo,4500.0,1747.93,0.23,6,Web,63
SOL00389,Desembolso,2026-05-05 10:22:33,Tesoreria,Personal,12400.0,1574.17,0.28,60,Sucursal,69
SOL01043,Aprobación,2026-05-05 11:04:22,Analista_07,Consumo,7600.0,1663.22,0.07,7,Web,23
SOL01043,Aprobación,2026-05-05 11:04:22,Analista_07,Consumo,7600.0,1663.22,0.07,7,Web,23
SOL00051,Solicitud recibida,2026-05-05 11:12:23,Sistema,Personal,15600.0,2118.04,0.37,69,Web,36
SOL00747,Solicitud recibida,2026-05-05 11:13:06,Ejecutivo_03,Hipotecario,74600.0,2134.31,0.79,106,Sucursal,64
SOL00078,Aprobación,2026-05-05 11:15:18,Analista_01,Personal,14700.0,1344.27,0.21,1,Web,65
SOL01098,Rechazo,2026-05-05 11:27:53,Analista_08,Vehicular,16400.0,537.9,0.15,1,Web,55
SOL01176,Aprobación,2026-05-05 11:32:54,Analista_04,Personal,15700.0,2354.45,0.37,44,Sucursal,26
SOL00857,Aprobación,2026-05-05 11:47:20,Analista_03,Personal,9300.0,1686.52,0.45,152,Sucursal,47
SOL00940,Rechazo,2026-05-05 11:48:08,Analista_06,Consumo,2900.0,2868.57,0.74,12,Sucursal,35
SOL00847,Aprobación,2026-05-05 12:04:23,Analista_04,Personal,12900.0,2016.04,0.21,16,Agente,53
SOL00701,Aprobación,2026-05-05 12:09:40,Analista_03,Personal,13200.0,1752.39,0.15,6,Web,32
SOL01004,Aprobación,2026-05-05 12:24:51,Analista_05,Consumo,4400.0,2428.17,0.23,119,Web,51
SOL00186,Rechazo,2026-05-05 12:26:53,Analista_01,Personal,8800.0,2331.9,0.57,36,Web,60
SOL00462,Desembolso,2026-05-05 12:41:34,Tesoreria,Vehicular,28700.0,875.88,0.02,4,Sucursal,29
SOL01083,Desembolso,2026-05-05 12:48:20,Tesoreria,Vehicular,29300.0,2381.27,0.07,47,Sucursal,50
SOL00569,Solicitud recibida,2026-05-05 12:51:18,Ejecutivo_04,Personal,7600.0,1817.19,0.41,30,Sucursal,59
SOL00205,Análisis financiero,2026-05-05 13:36:09,Analista_08,Personal,11100.0,1108.24,0.28,56,Web,29
SOL00774,Análisis financiero,2026-05-05 13:53:48,Analista_08,Hipotecario,179300.0,2875.03,0.34,9,Agente,53
SOL00747,Verificación de documentos,2026-05-05 14:36:17,Verificador_01,Hipotecario,74600.0,2134.31,0.79,106,Sucursal,64
SOL00467,Formalización,2026-05-05 14:41:20,Ejecutivo_02,Vehicular,26400.0,1560.88,0.24,129,Sucursal,44
SOL00229,Desembolso,2026-05-05 15:13:18,Tesoreria,Consumo,5800.0,3358.23,0.14,71,Sucursal,24
SOL00790,Solicitud recibida,2026-05-05 16:00:43,Ejecutivo_02,Consumo,2400.0,462.73,0.41,11,Agente,61
SOL00205,Aprobación,2026-05-05 16:20:42,Analista_08,Personal,11100.0,1108.24,0.28,56,Web,29
SOL01006,Recepción de información,2026-05-05 17:28:39,Sistema,Hipotecario,122400.0,1258.26,0.41,189,Web,23
SOL00189,Solicitud recibida,2026-05-05 19:12:38,Ejecutivo_04,Vehicular,10500.0,1385.24,0.28,30,Agente,57
SOL00107,Solicitud recibida,2026-05-05 19:36:12,Ejecutivo_04,Personal,6400.0,2732.32,0.14,97,Sucursal,21
SOL00920,Recepción de información,2026-05-05 22:09:19,Sistema,Personal,10600.0,1703.99,0.12,10,Sucursal,33
SOL00167,Recepción de información,2026-05-06 01:39:36,Sistema,Consumo,1700.0,1736.86,0.18,37,Web,21
SOL00787,Desembolso,2026-05-06 08:00:00,Tesoreria,Personal,11600.0,1018.03,0.4,34,Sucursal,23
SOL00023,Desembolso,2026-05-06 08:00:00,Tesoreria,Personal,20000.0,930.86,0.09,22,Web,56
SOL00178,Verificación de documentos,2026-05-06 08:00:00,Verificador_02,Vehicular,14900.0,1593.89,0.17,45,Web,37
SOL01153,Desembolso,2026-05-06 08:00:00,Tesoreria,Consumo,5700.0,3027.75,0.28,67,Web,59
SOL00051,Verificación de documentos,2026-05-06 08:00:00,Verificador_04,Personal,15600.0,2118.04,0.37,69,Web,36
SOL00431,Análisis financiero,2026-05-06 08:00:00,Analista_04,Personal,5500.0,5481.76,0.09,36,Web,22
SOL01172,Análisis financiero,2026-05-06 08:00:00,Analista_01,Hipotecario,137300.0,1533.74,0.33,21,Web,58
SOL00790,Verificación de documentos,2026-05-06 08:07:00,Verificador_01,Consumo,2400.0,462.73,0.41,11,Agente,61
SOL00076,Formalización,2026-05-06 08:11:00,Ejecutivo_03,Personal,9800.0,3506.11,0.12,20,Web,58
SOL00189,Verificación de documentos,2026-05-06 08:12:00,Verificador_02,Vehicular,10500.0,1385.24,0.28,30,Agente,57
SOL00107,Verificación de documentos,2026-05-06 08:20:00,Verificador_03,Personal,6400.0,2732.32,0.14,97,Sucursal,21
SOL00920,Verificación de documentos,2026-05-06 08:24:00,Verificador_02,Personal,10600.0,1703.99,0.12,10,Sucursal,33
SOL00569,Verificación de documentos,2026-05-06 08:26:00,Verificador_03,Personal,7600.0,1817.19,0.41,30,Sucursal,59
SOL00847,Formalización,2026-05-06 08:27:00,Ejecutivo_05,Personal,12900.0,2016.04,0.21,16,Agente,53
SOL00082,Formalización,2026-05-06 08:29:00,Ejecutivo_06,Personal,4100.0,3518.36,0.11,65,Agente,67
SOL00422,Desembolso,2026-05-06 08:29:00,Tesoreria,Personal,17900.0,3414.81,0.08,6,Web,54
SOL00178,Solicitud de información adicional,2026-05-06 08:30:01,Verificador_02,Vehicular,14900.0,1593.89,0.17,45,Web,37
SOL00051,Solicitud de información adicional,2026-05-06 08:30:01,Verificador_04,Personal,15600.0,2118.04,0.37,69,Web,36
SOL00790,Solicitud de información adicional,2026-05-06 08:37:01,Verificador_02,Consumo,2400.0,462.73,0.41,11,Agente,61
SOL00776,Formalización,2026-05-06 08:45:01,Ejecutivo_04,Personal,8800.0,780.75,0.1,11,Web,67
SOL00006,Formalización,2026-05-06 09:13:29,Ejecutivo_05,Personal,10700.0,1098.45,0.13,6,Sucursal,61
SOL01006,Verificación de documentos,2026-05-06 09:49:57,Verificador_04,Hipotecario,122400.0,1258.26,0.41,189,Web,23
SOL01103,Solicitud recibida,2026-05-06 09:52:42,Sistema,Hipotecario,172700.0,2306.7,0.06,2,Web,26
SOL00335,Solicitud recibida,2026-05-06 10:01:19,Sistema,Vehicular,24500.0,1277.49,0.25,9,Web,68
SOL01006,Solicitud de información adicional,2026-05-06 10:19:58,Verificador_03,Hipotecario,122400.0,1258.26,0.41,189,Web,23
SOL00194,Solicitud recibida,2026-05-06 10:37:43,Sistema,Consumo,5100.0,2355.54,0.15,40,Web,32
SOL00849,Solicitud recibida,2026-05-06 10:45:49,Sistema,Hipotecario,57200.0,2117.48,0.11,4,Web,23
SOL00227,Solicitud recibida,2026-05-06 11:01:30,Ejecutivo_01,Vehicular,18900.0,1134.84,0.52,25,Sucursal,46
SOL00571,Solicitud recibida,2026-05-06 11:22:58,Sistema,Personal,18900.0,1472.43,0.47,109,Web,50
SOL01001,Solicitud recibida,2026-05-06 11:36:32,Ejecutivo_05,Personal,16000.0,1214.88,0.07,233,Sucursal,58
SOL00431,Aprobación,2026-05-06 11:42:37,Analista_04,Personal,5500.0,5481.76,0.09,36,Web,22
SOL00978,Solicitud recibida,2026-05-06 13:01:45,Sistema,Vehicular,10100.0,1338.23,0.19,27,Web,68
SOL00503,Solicitud recibida,2026-05-06 13:48:03,Ejecutivo_06,Consumo,4500.0,2034.87,0.47,2,Sucursal,40
SOL00834,Formalización,2026-05-06 14:39:22,Ejecutivo_05,Personal,13700.0,409.82,0.11,98,Web,26
SOL01103,Verificación de documentos,2026-05-06 15:17:56,Verificador_03,Hipotecario,172700.0,2306.7,0.06,2,Web,26
SOL00539,Solicitud recibida,2026-05-06 15:26:27,Sistema,Vehicular,36700.0,3014.99,0.47,45,Web,64
SOL00571,Verificación de documentos,2026-05-06 15:46:12,Verificador_01,Personal,18900.0,1472.43,0.47,109,Web,50
SOL00214,Solicitud recibida,2026-05-06 16:33:58,Sistema,Personal,17200.0,2811.74,0.53,109,Web,66
SOL00849,Verificación de documentos,2026-05-06 16:53:56,Verificador_02,Hipotecario,57200.0,2117.48,0.11,4,Web,23
SOL01061,Solicitud recibida,2026-05-06 18:45:46,Ejecutivo_05,Consumo,5900.0,2237.1,0.59,62,Sucursal,47
SOL00154,Solicitud recibida,2026-05-06 19:28:00,Ejecutivo_02,Personal,17400.0,823.6,0.49,9,Sucursal,52
SOL00790,Recepción de información,2026-05-07 04:09:17,Sistema,Consumo,2400.0,462.73,0.41,11,Agente,61
SOL00936,Formalización,2026-05-07 08:00:00,Ejecutivo_02,Personal,17000.0,1094.83,0.32,31,Agente,29
SOL00214,Verificación de documentos,2026-05-07 08:00:00,Verificador_02,Personal,17200.0,2811.74,0.53,109,Web,66
SOL00776,Desembolso,2026-05-07 08:00:00,Tesoreria,Personal,8800.0,780.75,0.1,11,Web,67
SOL01043,Formalización,2026-05-07 08:00:00,Ejecutivo_06,Consumo,7600.0,1663.22,0.07,7,Web,23
SOL00227,Verificación de documentos,2026-05-07 08:00:00,Verificador_01,Vehicular,18900.0,1134.84,0.52,25,Sucursal,46
SOL00503,Verificación de documentos,2026-05-07 08:00:00,Verificador_01,Consumo,4500.0,2034.87,0.47,2,Sucursal,40
SOL00581,Análisis financiero,2026-05-07 08:00:00,Analista_04,Consumo,3800.0,707.09,0.32,95,Web,37
SOL00744,Desembolso,2026-05-07 08:00:00,Tesoreria,Personal,16200.0,1238.08,0.66,29,Sucursal,34
SOL00467,Desembolso,2026-05-07 08:00:00,Tesoreria,Vehicular,26400.0,1560.88,0.24,129,Sucursal,44
SOL00167,Verificación de documentos,2026-05-07 08:00:00,Verificador_02,Consumo,1700.0,1736.86,0.18,37,Web,21
SOL00569,Análisis financiero,2026-05-07 08:00:00,Analista_02,Personal,7600.0,1817.19,0.41,30,Sucursal,59
SOL00335,Verificación de documentos,2026-05-07 08:00:00,Verificador_01,Vehicular,24500.0,1277.49,0.25,9,Web,68
SOL01001,Verificación de documentos,2026-05-07 08:00:00,Verificador_03,Personal,16000.0,1214.88,0.07,233,Sucursal,58
SOL00194,Verificación de documentos,2026-05-07 08:00:00,Verificador_03,Consumo,5100.0,2355.54,0.15,40,Web,32
SOL00847,Desembolso,2026-05-07 08:00:00,Tesoreria,Personal,12900.0,2016.04,0.21,16,Agente,53
SOL00747,Análisis financiero,2026-05-07 08:00:00,Analista_08,Hipotecario,74600.0,2134.31,0.79,106,Sucursal,64
SOL00571,Análisis financiero,2026-05-07 08:02:00,Analista_01,Personal,18900.0,1472.43,0.47,109,Web,50
SOL00920,Análisis financiero,2026-05-07 08:02:00,Analista_03,Personal,10600.0,1703.99,0.12,10,Sucursal,33
SOL01061,Verificación de documentos,2026-05-07 08:05:00,Verificador_01,Consumo,5900.0,2237.1,0.59,62,Sucursal,47
SOL01035,Formalización,2026-05-07 08:09:00,Ejecutivo_02,Consumo,4500.0,1747.93,0.23,6,Web,63
SOL00063,Formalización,2026-05-07 08:09:00,Ejecutivo_04,Personal,6300.0,1084.57,0.39,61,Agente,30
SOL00076,Desembolso,2026-05-07 08:14:00,Tesoreria,Personal,9800.0,3506.11,0.12,20,Web,58
SOL00082,Desembolso,2026-05-07 08:20:00,Tesoreria,Personal,4100.0,3518.36,0.11,65,Agente,67
SOL01176,Formalización,2026-05-07 08:24:00,Ejecutivo_05,Personal,15700.0,2354.45,0.37,44,Sucursal,26
SOL00539,Verificacion de documentos,2026-05-07 08:28:00,Verificador_02,Vehicular,36700.0,3014.99,0.47,45,Web,64
SOL00978,Verificación de documentos,2026-05-07 08:28:00,Verificador_02,Vehicular,10100.0,1338.23,0.19,27,Web,68
SOL00227,Solicitud de información adicional,2026-05-07 08:30:01,Verificador_04,Vehicular,18900.0,1134.84,0.52,25,Sucursal,46
SOL00335,Solicitud de información adicional,2026-05-07 08:30:01,Verificador_01,Vehicular,24500.0,1277.49,0.25,9,Web,68
SOL00194,Solicitud de información adicional,2026-05-07 08:30:01,Verificador_03,Consumo,5100.0,2355.54,0.15,40,Web,32
SOL00834,Desembolso,2026-05-07 08:39:46,Tesoreria,Personal,13700.0,409.82,0.11,98,Web,26
SOL00790,Verificación de documentos,2026-05-07 08:43:37,Verificador_03,Consumo,2400.0,462.73,0.41,11,Agente,61
SOL00978,Solicitud de información adicional,2026-05-07 08:58:01,Verificador_03,Vehicular,10100.0,1338.23,0.19,27,Web,68
SOL00790,Solicitud de información adicional,2026-05-07 09:13:38,Verificador_04,Consumo,2400.0,462.73,0.41,11,Agente,61
SOL00107,Análisis financiero,2026-05-07 09:57:01,Analista_03,Personal,6400.0,2732.32,0.14,97,Sucursal,21
SOL00642,Formalización,2026-05-07 09:57:24,Ejecutivo_06,Vehicular,19200.0,4792.43,0.32,29,Web,30
SOL00300,Comité de crédito,2026-05-07 10:00:01,Comite,Hipotecario,188300.0,1826.31,0.24,9,Sucursal,23
SOL00090,Comité de crédito,2026-05-07 10:00:01,Comite,Hipotecario,86000.0,1556.57,0.75,7,Sucursal,44
SOL01037,Comité de crédito,2026-05-07 10:00:01,Comite,Hipotecario,164700.0,1186.79,0.14,93,Agente,37
SOL00518,Comité de crédito,2026-05-07 10:00:01,Comite,Hipotecario,201700.0,2442.42,0.53,62,Web,26
SOL00482,Comité de crédito,2026-05-07 10:00:01,Comite,Hipotecario,52500.0,1041.83,0.53,124,Agente,50
SOL00692,Comité de crédito,2026-05-07 10:00:01,Comite,Hipotecario,173100.0,882.05,0.29,62,Web,67
SOL00774,Comité de crédito,2026-05-07 10:00:01,Comite,Hipotecario,179300.0,2875.03,0.34,9,Agente,53
SOL01172,Comité de crédito,2026-05-07 10:00:01,Comite,Hipotecario,137300.0,1533.74,0.33,21,Web,58
SOL00542,Comité de crédito,2026-05-07 10:00:01,Comite,Vehicular,36600.0,1213.54,0.4,277,Sucursal,28
SOL00521,Comité de crédito,2026-05-07 10:00:01,Comite,Hipotecario,57100.0,1645.85,0.29,160,Web,65
SOL00920,Aprobación,2026-05-07 10:45:56,Analista_03,Personal,10600.0,1703.99,0.12,10,Sucursal,33
SOL00815,Solicitud recibida,2026-05-07 11:19:38,Ejecutivo_05,Vehicular,28800.0,650.37,0.22,50,Sucursal,44
SOL00692,Rechazo,2026-05-07 11:59:33,Analista_01,Hipotecario,173100.0,882.05,0.29,62,Web,67
SOL01172,Rechazo,2026-05-07 12:05:46,Analista_01,Hipotecario,137300.0,1533.74,0.33,21,Web,58
SOL00498,Solicitud recibida,2026-05-07 12:16:25,Ejecutivo_04,Consumo,3000.0,751.79,0.25,95,Sucursal,64
SOL00569,Aprobación,2026-05-07 12:18:32,Analista_02,Personal,7600.0,1817.19,0.41,30,Sucursal,59
SOL00482,Rechazo,2026-05-07 12:41:22,Analista_06,Hipotecario,52500.0,1041.83,0.53,124,Agente,50
SOL00090,Rechazo,2026-05-07 12:42:26,Analista_08,Hipotecario,86000.0,1556.57,0.75,7,Sucursal,44
SOL00696,Solicitud recibida,2026-05-07 12:46:22,Ejecutivo_01,Personal,6100.0,5954.09,0.19,15,Sucursal,46
SOL00581,Aprobación,2026-05-07 12:59:07,Analista_04,Consumo,3800.0,707.09,0.32,95,Web,37
SOL00774,Rechazo,2026-05-07 13:06:18,Analista_08,Hipotecario,179300.0,2875.03,0.34,9,Agente,53
SOL00167,Análisis financiero,2026-05-07 13:11:50,Analista_02,Consumo,1700.0,1736.86,0.18,37,Web,21
SOL00542,Rechazo,2026-05-07 13:14:03,Analista_06,Vehicular,36600.0,1213.54,0.4,277,Sucursal,28
SOL01037,Aprobación,2026-05-07 13:22:34,Comite,Hipotecario,164700.0,1186.79,0.14,93,Agente,37
SOL00571,Aprobación,2026-05-07 13:54:41,Analista_01,Personal,18900.0,1472.43,0.47,109,Web,50
SOL00300,Aprobación,2026-05-07 13:56:40,Comite,Hipotecario,188300.0,1826.31,0.24,9,Sucursal,23
SOL00317,Recepción de información,2026-05-07 15:13:53,Sistema,Hipotecario,203900.0,1519.92,0.27,57,Web,64
SOL00521,Aprobación,2026-05-07 15:36:42,Comite,Hipotecario,57100.0,1645.85,0.29,160,Web,65
SOL00214,Análisis financiero,2026-05-07 16:01:59,Analista_05,Personal,17200.0,2811.74,0.53,109,Web,66
SOL00562,Solicitud recibida,2026-05-07 16:46:59,Ejecutivo_01,Consumo,3700.0,2148.06,0.47,8,Sucursal,56
SOL00510,Solicitud recibida,2026-05-07 19:36:44,Ejecutivo_05,Hipotecario,243300.0,731.61,0.12,122,Sucursal,70
SOL00032,Solicitud recibida,2026-05-07 19:50:45,Sistema,Consumo,8000.0,1013.69,0.46,69,Web,41
SOL00047,Recepción de información,2026-05-07 19:51:31,Sistema,Personal,16300.0,4480.84,0.1,24,Web,62
SOL01200,Solicitud recibida,2026-05-07 19:53:49,Ejecutivo_04,Personal,9100.0,2687.33,0.11,5,Sucursal,52
SOL00074,Solicitud recibida,2026-05-07 20:18:06,Ejecutivo_03,Personal,16400.0,1381.79,0.25,24,Agente,61
SOL00577,Recepción de información,2026-05-08 00:16:40,Sistema,Personal,4700.0,2130.08,0.19,24,Sucursal,38
SOL00051,Recepción de información,2026-05-08 03:35:26,Sistema,Personal,15600.0,2118.04,0.37,69,Web,36
SOL00609,Recepción de información,2026-05-08 05:19:29,Sistema,Consumo,4500.0,1568.15,0.29,50,Web,28
SOL00518,Rechazo,2026-05-08 08:00:00,Analista_02,Hipotecario,201700.0,2442.42,0.53,62,Web,26
SOL01176,Desembolso,2026-05-08 08:00:00,Tesoreria,Personal,15700.0,2354.45,0.37,44,Sucursal,26
SOL00078,Formalización,2026-05-08 08:00:00,Ejecutivo_03,Personal,14700.0,1344.27,0.21,1,Web,65
SOL01061,Análisis financiero,2026-05-08 08:00:00,Analista_02,Consumo,5900.0,2237.1,0.59,62,Sucursal,47
SOL01043,Desembolso,2026-05-08 08:00:00,Tesoreria,Consumo,7600.0,1663.22,0.07,7,Web,23
SOL00189,Análisis financiero,2026-05-08 08:00:00,Analista_07,Vehicular,10500.0,1385.24,0.28,30,Agente,57
SOL01001,Análisis financiero,2026-05-08 08:00:00,Analista_01,Personal,16000.0,1214.88,0.07,233,Sucursal,58
SOL00498,Verificación de documentos,2026-05-08 08:00:00,Verificador_02,Consumo,3000.0,751.79,0.25,95,Sucursal,64
SOL00032,Verificación de documentos,2026-05-08 08:00:00,Verificador_04,Consumo,8000.0,1013.69,0.46,69,Web,41
SOL00167,Aprobación,2026-05-08 08:00:00,Analista_02,Consumo,1700.0,1736.86,0.18,37,Web,21
SOL00251,Formalización,2026-05-08 08:00:00,Ejecutivo_06,Personal,11500.0,1126.32,0.03,0,Sucursal,67
SOL00107,Aprobación,2026-05-08 08:00:00,Analista_03,Personal,6400.0,2732.32,0.14,97,Sucursal,21
SOL01200,Verificación de documentos,2026-05-08 08:01:00,Verificador_04,Personal,9100.0,2687.33,0.11,5,Sucursal,52
SOL01037,Formalización,2026-05-08 08:02:00,Ejecutivo_04,Hipotecario,164700.0,1186.79,0.14,93,Agente,37
SOL00317,Verificación de documentos,2026-05-08 08:06:00,Verificador_02,Hipotecario,203900.0,1519.92,0.27,57,Web,64
SOL00074,Verificación de documentos,2026-05-08 08:06:00,Verificador_03,Personal,16400.0,1381.79,0.25,24,Agente,61
SOL00696,Verificación de documentos,2026-05-08 08:08:00,Verificador_01,Personal,6100.0,5954.09,0.19,15,Sucursal,46
SOL00696,Verificación de documentos,2026-05-08 08:08:00,Verificador_01,Personal,6100.0,5954.09,0.19,15,Sucursal,46
SOL00577,Verificación de documentos,2026-05-08 08:08:00,Verificador_02,Personal,4700.0,2130.08,0.19,24,Sucursal,38
SOL00510,Verificación de documentos,2026-05-08 08:14:00,Verificador_04,Hipotecario,243300.0,731.61,0.12,122,Sucursal,70
SOL00047,Verificación de documentos,2026-05-08 08:15:00,Verificador_03,Personal,16300.0,4480.84,0.1,24,Web,62
SOL01103,Análisis financiero,2026-05-08 08:18:00,Analista_08,Hipotecario,172700.0,2306.7,0.06,2,Web,26
SOL00006,Desembolso,2026-05-08 08:19:00,Tesoreria,Personal,10700.0,1098.45,0.13,6,Sucursal,61
SOL00539,Análisis financiero,2026-05-08 08:23:00,Analista_08,Vehicular,36700.0,3014.99,0.47,45,Web,64
SOL00938,Análisis financiero,2026-05-08 08:24:00,Analista_07,Consumo,3500.0,1566.49,0.25,83,Web,21
SOL00857,Formalización,2026-05-08 08:25:00,Ejecutivo_01,Personal,9300.0,1686.52,0.45,152,Sucursal,47
SOL00154,Verificación de documentos,2026-05-08 08:28:00,Verificador_04,Personal,17400.0,823.6,0.49,9,Sucursal,52
SOL00032,Solicitud de información adicional,2026-05-08 08:30:01,Verificador_02,Consumo,8000.0,1013.69,0.46,69,Web,41
SOL00206,Desistimiento,2026-05-08 08:30:02,Sistema,Consumo,6500.0,734.46,0.64,245,Sucursal,62
SOL00178,Recepción de información,2026-05-08 08:35:42,Sistema,Vehicular,14900.0,1593.89,0.17,45,Web,37
SOL00743,Solicitud recibida,2026-05-08 08:48:48,Sistema,Personal,12400.0,1115.52,0.17,220,Web,30
SOL00214,Reevaluación,2026-05-08 08:58:18,Analista_05,Personal,17200.0,2811.74,0.53,109,Web,66
SOL00021,Solicitud recibida,2026-05-08 09:14:37,Ejecutivo_03,Hipotecario,177100.0,3498.47,0.18,83,Agente,42
SOL00968,Solicitud recibida,2026-05-08 10:25:32,Sistema,Personal,9500.0,1564.59,0.6,45,Web,34
SOL00936,Desembolso,2026-05-08 10:57:10,Tesoreria,Personal,17000.0,1094.83,0.32,31,Agente,29
SOL00010,Solicitud recibida,2026-05-08 11:16:37,Ejecutivo_03,Consumo,3600.0,1615.78,0.26,190,Sucursal,70
SOL00063,Desembolso,2026-05-08 11:34:12,Tesoreria,Personal,6300.0,1084.57,0.39,61,Agente,30
SOL01001,Aprobación,2026-05-08 11:55:55,Analista_01,Personal,16000.0,1214.88,0.07,233,Sucursal,58
SOL00642,Desembolso,2026-05-08 12:15:34,Tesoreria,Vehicular,19200.0,4792.43,0.32,29,Web,30
SOL00562,Verificación de documentos,2026-05-08 12:29:03,Verificador_02,Consumo,3700.0,2148.06,0.47,8,Sucursal,56
SOL00743,Verificación de documentos,2026-05-08 13:23:04,Verificador_02,Personal,12400.0,1115.52,0.17,220,Web,30
SOL00614,Solicitud recibida,2026-05-08 13:43:55,Ejecutivo_03,Vehicular,17100.0,2091.56,0.23,4,Sucursal,59
SOL00938,Aprobación,2026-05-08 13:46:35,Analista_07,Consumo,3500.0,1566.49,0.25,83,Web,21
SOL00968,Verificación de documentos,2026-05-08 13:49:41,Verificador_03,Personal,9500.0,1564.59,0.6,45,Web,34
SOL00743,Solicitud de información adicional,2026-05-08 13:53:05,Verificador_02,Personal,12400.0,1115.52,0.17,220,Web,30
SOL00189,Aprobación,2026-05-08 13:58:32,Analista_07,Vehicular,10500.0,1385.24,0.28,30,Agente,57
SOL00051,Verificación de documentos,2026-05-08 13:59:47,Verificador_02,Personal,15600.0,2118.04,0.37,69,Web,36
SOL00609,Verificación de documentos,2026-05-08 14:12:03,Verificador_02,Consumo,4500.0,1568.15,0.29,50,Web,28
SOL00609,Solicitud de información adicional,2026-05-08 14:42:04,Verificador_03,Consumo,4500.0,1568.15,0.29,50,Web,28
SOL00010,verificación de documentos,2026-05-08 15:20:41,Verificador_04,Consumo,3600.0,1615.78,0.26,190,Sucursal,70
SOL00214,Rechazo,2026-05-08 15:36:25,Analista_05,Personal,17200.0,2811.74,0.53,109,Web,66
SOL00084,Solicitud recibida,2026-05-08 16:14:28,Sistema,Personal,18900.0,1813.51,0.46,16,Web,62
SOL00021,Verificación de documentos,2026-05-08 16:34:46,Verificador_01,Hipotecario,177100.0,3498.47,0.18,83,Agente,42
SOL00227,Recepción de información,2026-05-08 17:11:17,Sistema,Vehicular,18900.0,1134.84,0.52,25,Sucursal,46
SOL00984,Solicitud recibida,2026-05-08 18:37:23,Sistema,Consumo,5300.0,753.37,0.66,161,Web,42
SOL01109,Solicitud recibida,2026-05-08 18:51:06,Sistema,Consumo,8000.0,1569.24,0.17,19,Web,54
SOL01120,Solicitud recibida,2026-05-08 19:16:39,Sistema,Personal,15400.0,1398.7,0.14,81,Web,37
SOL00512,Solicitud recibida,2026-05-08 21:18:05,Sistema,Hipotecario,235300.0,1870.04,0.11,95,Web,68
SOL00194,Recepción de información,2026-05-08 21:18:20,Sistema,Consumo,5100.0,2355.54,0.15,40,Web,32
SOL00106,Solicitud recibida,2026-05-08 21:57:47,Ejecutivo_01,Personal,14000.0,2666.72,0.18,9,Sucursal,44
SOL00915,Recepción de información,2026-05-09 02:49:21,Sistema,Hipotecario,186700.0,2332.94,0.07,133,Web,35
SOL01034,Recepción de información,2026-05-09 05:27:07,Sistema,Personal,12900.0,1142.8,0.14,51,Web,68
SOL00295,Solicitud recibida,2026-05-09 09:20:38,Sistema,Hipotecario,229200.0,2216.29,0.14,1,Web,24
SOL00708,Solicitud recibida,2026-05-09 10:08:20,Ejecutivo_02,Personal,15900.0,2111.3,0.08,10,Sucursal,54
SOL00418,Solicitud recibida,2026-05-09 11:12:43,Ejecutivo_05,Hipotecario,134300.0,1360.11,0.42,21,Agente,33
SOL00978,recepción de información,2026-05-09 13:35:42,Sistema,Vehicular,10100.0,1338.23,0.19,27,Web,68
SOL00635,Solicitud recibida,2026-05-09 13:52:43,Sistema,Hipotecario,238000.0,1482.41,0.44,9,Web,36
SOL00814,Solicitud recibida,2026-05-09 14:12:11,Sistema,Consumo,6400.0,1186.89,0.46,77,Web,42
SOL00680,Solicitud recibida,,Ejecutivo_01,Personal,17700.0,2013.43,0.16,5,Sucursal,40
SOL00609,Recepción de información,2026-05-09 18:05:21,Sistema,Consumo,4500.0,1568.15,0.29,50,Web,28
SOL00618,Solicitud recibida,2026-05-09 18:56:34,Ejecutivo_02,Hipotecario,105300.0,1092.62,0.34,56,Sucursal,37
SOL00169,Solicitud recibida,2026-05-09 20:56:08,Sistema,Hipotecario,149000.0,3052.52,0.37,106,Web,41
SOL01184,Solicitud recibida,2026-05-09 20:59:38,Ejecutivo_06,Personal,19900.0,1845.84,0.37,171,Agente,24
SOL00027,Solicitud recibida,2026-05-09 21:10:41,Ejecutivo_05,Consumo,3900.0,1486.35,0.21,72,Sucursal,52
SOL00902,Solicitud recibida,2026-05-10 08:12:28,Sistema,Personal,16300.0,1490.15,0.65,21,Web,27
SOL00790,Recepción de información,2026-05-10 11:38:16,Sistema,Consumo,2400.0,462.73,0.41,11,Agente,61
SOL00527,Solicitud recibida,2026-05-10 13:18:20,Ejecutivo_04,Personal,13500.0,1270.71,0.02,24,Sucursal,57
SOL00593,Solicitud recibida,2026-05-10 19:45:32,Ejecutivo_02,Personal,19400.0,1150.92,0.27,36,Agente,49
SOL00922,Solicitud recibida,2026-05-10 20:10:36,Sistema,Consumo,6000.0,1122.37,0.16,13,Web,38
SOL01040,Solicitud recibida,2026-05-10 20:29:15,Ejecutivo_03,Vehicular,33900.0,662.95,0.14,128,Sucursal,36
SOL00599,Solicitud recibida,2026-05-10 21:17:00,Sistema,Personal,8100.0,1576.66,0.32,75,Web,54
SOL00300,Formalización,2026-05-11 08:00:00,Ejecutivo_03,Hipotecario,188300.0,1826.31,0.24,9,Sucursal,23
SOL01034,Verificación de documentos,2026-05-11 08:00:00,Verificador_03,Personal,12900.0,1142.8,0.14,51,Web,68
SOL00984,Verificación de documentos,2026-05-11 08:00:00,Verificador_01,Consumo,5300.0,753.37,0.66,161,Web,42
SOL00295,Verificación de documentos,2026-05-11 08:00:00,Verificador_03,Hipotecario,229200.0,2216.29,0.14,1,Web,24
SOL00010,Análisis financiero,2026-05-11 08:00:00,Analista_07,Consumo,3600.0,1615.78,0.26,190,Sucursal,70
SOL00562,Análisis financiero,2026-05-11 08:00:00,Analista_04,Consumo,3700.0,2148.06,0.47,8,Sucursal,56
SOL00074,Análisis financiero,2026-05-11 08:00:00,Analista_07,Personal,16400.0,1381.79,0.25,24,Agente,61
SOL01035,Desembolso,2026-05-11 08:00:00,Tesoreria,Consumo,4500.0,1747.93,0.23,6,Web,63
SOL00431,Formalización,2026-05-11 08:00:00,Ejecutivo_05,Personal,5500.0,5481.76,0.09,36,Web,22
SOL00571,Formalización,2026-05-11 08:00:00,Ejecutivo_06,Personal,18900.0,1472.43,0.47,109,Web,50
SOL00849,Análisis financiero,2026-05-11 08:00:00,Analista_07,Hipotecario,57200.0,2117.48,0.11,4,Web,23
SOL00978,Verificación de documentos,2026-05-11 08:00:00,Verificador_03,Vehicular,10100.0,1338.23,0.19,27,Web,68
SOL00581,Formalización,2026-05-11 08:00:00,Ejecutivo_01,Consumo,3800.0,707.09,0.32,95,Web,37
SOL00815,Verificación de documentos,2026-05-11 08:00:00,Verificador_02,Vehicular,28800.0,650.37,0.22,50,Sucursal,44
SOL00510,Análisis financiero,2026-05-11 08:00:00,Analista_02,Hipotecario,243300.0,731.61,0.12,122,Sucursal,70
SOL00498,Análisis financiero,2026-05-11 08:00:00,Analista_08,Consumo,3000.0,751.79,0.25,95,Sucursal,64
SOL01061,Reevaluación,2026-05-11 08:00:00,Analista_02,Consumo,5900.0,2237.1,0.59,62,Sucursal,47
SOL00593,Verificación de documentos ,2026-05-11 08:00:00,Verificador_03,Personal,19400.0,1150.92,0.27,36,Agente,49
SOL00814,Verificación de documentos,2026-05-11 08:00:00,Verificador_01,Consumo,6400.0,1186.89,0.46,77,Web,42
SOL00902,Verificación de documentos,2026-05-11 08:00:00,Verificador_02,Personal,16300.0,1490.15,0.65,21,Web,27
SOL00968,Análisis financiero,2026-05-11 08:00:00,Analista_03,Personal,9500.0,1564.59,0.6,45,Web,34
SOL00521,Formalización,2026-05-11 08:00:00,Ejecutivo_04,Hipotecario,57100.0,1645.85,0.29,160,Web,65
SOL01109,Verificación de documentos,2026-05-11 08:00:00,Verificador_03,Consumo,8000.0,1569.24,0.17,19,Web,54
SOL00227,Verificación de documentos,2026-05-11 08:00:00,Verificador_02,Vehicular,18900.0,1134.84,0.52,25,Sucursal,46
SOL01120,Verificación de documentos,2026-05-11 08:00:00,Verificador_01,Personal,15400.0,1398.7,0.14,81,Web,37
SOL00078,Desembolso,2026-05-11 08:00:00,Tesoreria,Personal,14700.0,1344.27,0.21,1,Web,65
SOL00857,Desembolso,2026-05-11 08:00:00,Tesoreria,Personal,9300.0,1686.52,0.45,152,Sucursal,47
SOL00618,Verificación de documentos,2026-05-11 08:00:00,Verificador_03,Hipotecario,105300.0,1092.62,0.34,56,Sucursal,37
SOL00317,Análisis financiero,2026-05-11 08:00:00,Analista_08,Hipotecario,203900.0,1519.92,0.27,57,Web,64
SOL00317,Análisis financiero,2026-05-11 08:00:00,Analista_08,Hipotecario,203900.0,1519.92,0.27,57,Web,64
SOL00169,Verificación de documentos,2026-05-11 08:00:00,Verificador_02,Hipotecario,149000.0,3052.52,0.37,106,Web,41
SOL01200,Análisis financiero,2026-05-11 08:00:00,Analista_06,Personal,9100.0,2687.33,0.11,5,Sucursal,52
SOL00609,Verificación de documentos,2026-05-11 08:00:00,Verificador_02,Consumo,4500.0,1568.15,0.29,50,Web,28
SOL00027,Verificación de documentos,2026-05-11 08:00:00,Verificador_02,Consumo,3900.0,1486.35,0.21,72,Sucursal,52
SOL00154,Análisis financiero,2026-05-11 08:00:00,Analista_07,Personal,17400.0,823.6,0.49,9,Sucursal,52
SOL00915,Verificación de documentos,2026-05-11 08:00:00,Verificador_04,Hipotecario,186700.0,2332.94,0.07,133,Web,35
SOL00955,Formalización,2026-05-11 08:00:00,Ejecutivo_02,Vehicular,26700.0,1366.62,0.22,50,Sucursal,59
SOL00577,Análisis financiero,2026-05-11 08:00:00,Analista_03,Personal,4700.0,2130.08,0.19,24,Sucursal,38
SOL00051,Análisis financiero,2026-05-11 08:00:00,Analista_01,Personal,15600.0,2118.04,0.37,69,Web,36
SOL00920,Formalización,2026-05-11 08:00:00,Ejecutivo_06,Personal,10600.0,1703.99,0.12,10,Sucursal,33
SOL00194,Verificación de documentos,2026-05-11 08:00:00,Verificador_04,Consumo,5100.0,2355.54,0.15,40,Web,32
SOL00696,Análisis financiero,2026-05-11 08:00:00,Analista_02,Personal,6100.0,5954.09,0.19,15,Sucursal,46
SOL00418,Verificación de documentos,2026-05-11 08:00:00,Verificador_01,Hipotecario,134300.0,1360.11,0.42,21,Agente,33
SOL00047,Análisis financiero,2026-05-11 08:00:00,Analista_07,Personal,16300.0,4480.84,0.1,24,Web,62
SOL00680,Verificación de documentos,2026-05-11 08:00:00,Verificador_03,Personal,17700.0,2013.43,0.16,5,Sucursal,40
SOL00084,Verificación de documentos,2026-05-11 08:00:00,Verificador_04,Personal,18900.0,1813.51,0.46,16,Web,62
SOL00021,Análisis financiero,2026-05-11 08:00:00,Analista_04,Hipotecario,177100.0,3498.47,0.18,83,Agente,42
SOL00107,Formalización,2026-05-11 08:00:00,Ejecutivo_01,Personal,6400.0,2732.32,0.14,97,Sucursal,21
SOL00614,Verificación de documentos,2026-05-11 08:00:00,Verificador_01,Vehicular,17100.0,2091.56,0.23,4,Sucursal,59
SOL00614,Verificación de documentos,2026-05-11 08:00:00,Verificador_01,Vehicular,17100.0,2091.56,0.23,4,Sucursal,59
SOL00106,Verificación de documentos,2026-05-11 08:00:00,Verificador_02,Personal,14000.0,2666.72,0.18,9,Sucursal,44
SOL00512,Verificación de documentos,2026-05-11 08:00:00,Verificador_03,Hipotecario,235300.0,1870.04,0.11,95,Web,68
SOL01004,Formalización,2026-05-11 08:00:00,Ejecutivo_01,Consumo,4400.0,2428.17,0.23,119,Web,51
SOL01184,Verificación de documentos,2026-05-11 08:00:00,Verificador_02,Personal,19900.0,1845.84,0.37,171,Agente,24
SOL00178,Verificación de documentos,2026-05-11 08:00:00,Verificador_04,Vehicular,14900.0,1593.89,0.17,45,Web,37
SOL00708,Verificación de documentos,2026-05-11 08:00:00,Verificador_01,Personal,15900.0,2111.3,0.08,10,Sucursal,54
SOL00503,Análisis financiero,2026-05-11 08:00:00,Analista_07,Consumo,4500.0,2034.87,0.47,2,Sucursal,40
SOL00251,Desembolso,2026-05-11 08:00:00,Tesoreria,Personal,11500.0,1126.32,0.03,0,Sucursal,67
SOL00205,Formalización,2026-05-11 08:00:00,Ejecutivo_06,Personal,11100.0,1108.24,0.28,56,Web,29
SOL00189,Formalización,2026-05-11 08:01:00,Ejecutivo_01,Vehicular,10500.0,1385.24,0.28,30,Agente,57
SOL00527,Verificación de documentos,2026-05-11 08:09:00,Verificador_02,Personal,13500.0,1270.71,0.02,24,Sucursal,57
SOL00167,Formalización,2026-05-11 08:14:00,Ejecutivo_05,Consumo,1700.0,1736.86,0.18,37,Web,21
SOL00091,Solicitud recibida,2026-05-11 08:15:51,Ejecutivo_04,Consumo,7400.0,3954.43,0.38,70,Agente,46
SOL00635,Verificación de documentos,2026-05-11 08:17:00,Verificador_01,Hipotecario,238000.0,1482.41,0.44,9,Web,36
SOL00922,Verificación de documentos,2026-05-11 08:18:00,Verificador_02,Consumo,6000.0,1122.37,0.16,13,Web,38
SOL01040,Verificación de documentos,2026-05-11 08:18:00,Verificador_03,Vehicular,33900.0,662.95,0.14,128,Sucursal,36
SOL01037,Desembolso,2026-05-11 08:26:00,Tesoreria,Hipotecario,164700.0,1186.79,0.14,93,Agente,37
SOL00984,Solicitud de información adicional,2026-05-11 08:30:01,Verificador_01,Consumo,5300.0,753.37,0.66,161,Web,42
SOL00978,Solicitud de información adicional,2026-05-11 08:30:01,Verificador_02,Vehicular,10100.0,1338.23,0.19,27,Web,68
SOL00814,Solicitud de información adicional,2026-05-11 08:30:01,Verificador_03,Consumo,6400.0,1186.89,0.46,77,Web,42
SOL01109,Solicitud de información adicional,2026-05-11 08:30:01,Verificador_03,Consumo,8000.0,1569.24,0.17,19,Web,54
SOL00169,Solicitud de información adicional,2026-05-11 08:30:01,Verificador_02,Hipotecario,149000.0,3052.52,0.37,106,Web,41
SOL00027,Solicitud de información adicional,2026-05-11 08:30:01,Verificador_02,Consumo,3900.0,1486.35,0.21,72,Sucursal,52
SOL01184,Solicitud de información adicional,2026-05-11 08:30:01,Verificador_03,Personal,19900.0,1845.84,0.37,171,Agente,24
SOL00635,Solicitud de información adicional,2026-05-11 08:47:01,Verificador_01,Hipotecario,238000.0,1482.41,0.44,9,Web,36
SOL00922,Solicitud de información adicional,2026-05-11 08:48:01,Verificador_04,Consumo,6000.0,1122.37,0.16,13,Web,38
SOL00047,Aprobación,2026-05-11 09:11:16,Analista_07,Personal,16300.0,4480.84,0.1,24,Web,62
SOL00569,Formalización,2026-05-11 09:27:02,Ejecutivo_03,Personal,7600.0,1817.19,0.41,30,Sucursal,59
SOL01200,Rechazo,2026-05-11 09:36:43,Analista_06,Personal,9100.0,2687.33,0.11,5,Sucursal,52
SOL00968,Aprobación,2026-05-11 09:39:11,Analista_03,Personal,9500.0,1564.59,0.6,45,Web,34
SOL00743,Recepción de información,2026-05-11 10:21:40,Sistema,Personal,12400.0,1115.52,0.17,220,Web,30
SOL00235,Solicitud recibida,2026-05-11 11:04:56,Ejecutivo_01,Personal,18700.0,2360.78,0.23,85,Agente,48
SOL00032,Recepción de información,2026-05-11 11:06:55,Sistema,Consumo,8000.0,1013.69,0.46,69,Web,41
SOL00696,Aprobación,2026-05-11 11:07:58,Analista_02,Personal,6100.0,5954.09,0.19,15,Sucursal,46
SOL01061,Rechazo,2026-05-11 11:15:39,Analista_02,Consumo,5900.0,2237.1,0.59,62,Sucursal,47
SOL01136,Solicitud recibida,2026-05-11 11:25:49,Ejecutivo_04,Hipotecario,161100.0,2544.68,0.26,51,Sucursal,50
SOL00562,Aprobación,2026-05-11 12:22:27,Analista_04,Consumo,3700.0,2148.06,0.47,8,Sucursal,56
SOL00503,Aprobación,2026-05-11 12:43:55,Analista_07,Consumo,4500.0,2034.87,0.47,2,Sucursal,40
SOL00777,Recepción de información,2026-05-11 12:48:29,Sistema,Personal,17000.0,572.84,0.3,182,Web,67
SOL00743,Verificación de documentos,2026-05-11 13:25:02,Verificador_01,Personal,12400.0,1115.52,0.17,220,Web,30
SOL00577,Aprobación,2026-05-11 13:33:24,Analista_03,Personal,4700.0,2130.08,0.19,24,Sucursal,38
SOL00154,Aprobación,2026-05-11 13:36:51,Analista_07,Personal,17400.0,823.6,0.49,9,Sucursal,52
SOL00051,Aprobación,2026-05-11 13:55:43,Analista_01,Personal,15600.0,2118.04,0.37,69,Web,36
SOL00985,Solicitud recibida,2026-05-11 14:42:44,Ejecutivo_06,Vehicular,22700.0,721.75,0.27,135,Sucursal,24
SOL00790,Verificación de documentos,2026-05-11 14:48:11,Verificador_04,Consumo,2400.0,462.73,0.41,11,Agente,61
SOL00010,Aprobación,2026-05-11 14:55:41,Analista_07,Consumo,3600.0,1615.78,0.26,190,Sucursal,70
SOL00599,Verificación de documentos,2026-05-11 15:23:25,Verificador_03,Personal,8100.0,1576.66,0.32,75,Web,54
SOL00802,Solicitud recibida,2026-05-11 15:33:05,Sistema,Vehicular,22600.0,3415.16,0.11,58,Web,40
SOL00112,Solicitud recibida,2026-05-11 16:13:24,Ejecutivo_03,Vehicular,37100.0,1651.55,0.26,21,Sucursal,22
SOL00624,Solicitud recibida,2026-05-11 18:15:33,Ejecutivo_02,Personal,7000.0,2660.29,0.28,104,Sucursal,64
SOL00114,Solicitud recibida,2026-05-11 18:44:56,Sistema,Personal,12600.0,1794.19,0.13,143,Web,43
SOL00393,Solicitud recibida,2026-05-11 19:33:07,Ejecutivo_03,Personal,5900.0,1659.03,0.04,77,Sucursal,69
SOL00402,Solicitud recibida,2026-05-11 20:37:23,Ejecutivo_06,Personal,10800.0,1449.46,0.21,79,Sucursal,31
SOL00618,Análisis financiero,2026-05-12 08:00:00,Analista_04,Hipotecario,105300.0,1092.62,0.34,56,Sucursal,37
SOL00902,Análisis financiero,2026-05-12 08:00:00,Analista_08,Personal,16300.0,1490.15,0.65,21,Web,27
SOL00498,Aprobación,2026-05-12 08:00:00,Analista_08,Consumo,3000.0,751.79,0.25,95,Sucursal,64
SOL00084,Análisis financiero,2026-05-12 08:00:00,Analista_05,Personal,18900.0,1813.51,0.46,16,Web,62
SOL00074,Aprobación,2026-05-12 08:00:00,Analista_07,Personal,16400.0,1381.79,0.25,24,Agente,61
SOL00431,Desembolso,2026-05-12 08:00:00,Tesoreria,Personal,5500.0,5481.76,0.09,36,Web,22
SOL00167,Desembolso,2026-05-12 08:00:00,Tesoreria,Consumo,1700.0,1736.86,0.18,37,Web,21
SOL00815,Análisis financiero,2026-05-12 08:00:00,Analista_03,Vehicular,28800.0,650.37,0.22,50,Sucursal,44
SOL00418,Análisis financiero,2026-05-12 08:00:00,Analista_06,Hipotecario,134300.0,1360.11,0.42,21,Agente,33
SOL00521,Desembolso,2026-05-12 08:00:00,Tesoreria,Hipotecario,57100.0,1645.85,0.29,160,Web,65
SOL01136,Verificación de documentos,2026-05-12 08:00:00,Verificador_02,Hipotecario,161100.0,2544.68,0.26,51,Sucursal,50
SOL00106,Análisis financiero,2026-05-12 08:00:00,Analista_06,Personal,14000.0,2666.72,0.18,9,Sucursal,44
SOL00527,Análisis financiero,2026-05-12 08:00:00,Analista_01,Personal,13500.0,1270.71,0.02,24,Sucursal,57
SOL00743,Análisis financiero,2026-05-12 08:00:00,Analista_06,Personal,12400.0,1115.52,0.17,220,Web,30
SOL00178,Análisis financiero,2026-05-12 08:00:00,Analista_01,Vehicular,14900.0,1593.89,0.17,45,Web,37
SOL01034,Análisis financiero,2026-05-12 08:00:00,Analista_08,Personal,12900.0,1142.8,0.14,51,Web,68
SOL00235,Verificación de documentos,2026-05-12 08:00:00,Verificador_02,Personal,18700.0,2360.78,0.23,85,Agente,48
SOL00985,Verificación de documentos,2026-05-12 08:00:00,Verificador_02,Vehicular,22700.0,721.75,0.27,135,Sucursal,24
SOL01120,Análisis financiero,2026-05-12 08:00:00,Analista_08,Personal,15400.0,1398.7,0.14,81,Web,37
SOL00402,Verificación de documentos,2026-05-12 08:02:00,Verificador_01,Personal,10800.0,1449.46,0.21,79,Sucursal,31
SOL00777,Verificación de documentos,2026-05-12 08:04:00,Verificador_02,Personal,17000.0,572.84,0.3,182,Web,67
SOL00680,Análisis financiero,2026-05-12 08:06:00,Analista_05,Personal,17700.0,2013.43,0.16,5,Sucursal,40
SOL00300,Desembolso,2026-05-12 08:06:00,Tesoreria,Hipotecario,188300.0,1826.31,0.24,9,Sucursal,23
SOL00194,Análisis financiero,2026-05-12 08:07:00,Analista_06,Consumo,5100.0,2355.54,0.15,40,Web,32
SOL00624,Verificación de documentos,2026-05-12 08:09:00,Verificador_02,Personal,7000.0,2660.29,0.28,104,Sucursal,64
SOL01001,Formalización,2026-05-12 08:11:00,Ejecutivo_01,Personal,16000.0,1214.88,0.07,233,Sucursal,58
SOL00032,Verificación de documentos,2026-05-12 08:12:00,Verificador_03,Consumo,8000.0,1013.69,0.46,69,Web,41
SOL00112,Verificación de documentos,2026-05-12 08:13:00,Verificador_01,Vehicular,37100.0,1651.55,0.26,21,Sucursal,22
SOL00091,Verificación de documentos,2026-05-12 08:14:00,Verificador_04,Consumo,7400.0,3954.43,0.38,70,Agente,46
SOL00393,Verificación de documentos,2026-05-12 08:17:00,Verificador_03,Personal,5900.0,1659.03,0.04,77,Sucursal,69
SOL00609,Análisis financiero,2026-05-12 08:18:00,Analista_08,Consumo,4500.0,1568.15,0.29,50,Web,28
SOL00581,Desembolso,2026-05-12 08:20:00,Tesoreria,Consumo,3800.0,707.09,0.32,95,Web,37
SOL00614,Análisis financiero,2026-05-12 08:21:00,Analista_08,Vehicular,17100.0,2091.56,0.23,4,Sucursal,59
SOL00205,Desembolso,2026-05-12 08:23:00,Tesoreria,Personal,11100.0,1108.24,0.28,56,Web,29
SOL00593,Análisis financiero,2026-05-12 08:25:00,Analista_08,Personal,19400.0,1150.92,0.27,36,Agente,49
SOL00802,Verificación de documentos,2026-05-12 08:27:00,Verificador_01,Vehicular,22600.0,3415.16,0.11,58,Web,40
SOL00235,Solicitud de información adicional,2026-05-12 08:30:01,Verificador_01,Personal,18700.0,2360.78,0.23,85,Agente,48
SOL00402,Solicitud de información adicional,2026-05-12 08:32:01,Verificador_02,Personal,10800.0,1449.46,0.21,79,Sucursal,31
SOL00620,Solicitud recibida,2026-05-12 08:32:27,Ejecutivo_06,Personal,11800.0,1261.59,0.22,20,Sucursal,54
SOL00032,Solicitud de información adicional,2026-05-12 08:42:01,Verificador_01,Consumo,8000.0,1013.69,0.46,69,Web,41
SOL00091,Solicitud de información adicional,2026-05-12 08:44:01,Verificador_01,Consumo,7400.0,3954.43,0.38,70,Agente,46
SOL00915,Análisis financiero,2026-05-12 08:48:30,Analista_04,Hipotecario,186700.0,2332.94,0.07,133,Web,35
SOL00708,Análisis financiero,2026-05-12 08:50:47,Analista_02,Personal,15900.0,2111.3,0.08,10,Sucursal,54
SOL00106,Aprobación,2026-05-12 08:57:58,Analista_06,Personal,14000.0,2666.72,0.18,9,Sucursal,44
SOL00578,Solicitud recibida,2026-05-12 09:01:15,Ejecutivo_03,Personal,9600.0,612.15,0.18,74,Agente,46
SOL00955,Desembolso,2026-05-12 09:28:09,Tesoreria,Vehicular,26700.0,1366.62,0.22,50,Sucursal,59
SOL00614,Aprobación,2026-05-12 10:10:36,Analista_08,Vehicular,17100.0,2091.56,0.23,4,Sucursal,59
SOL00527,Aprobación,2026-05-12 10:26:41,Analista_01,Personal,13500.0,1270.71,0.02,24,Sucursal,57
SOL00743,Aprobación,2026-05-12 10:29:50,Analista_06,Personal,12400.0,1115.52,0.17,220,Web,30
SOL00609,Aprobación,2026-05-12 11:03:23,Analista_08,Consumo,4500.0,1568.15,0.29,50,Web,28
SOL00051,Formalización,2026-05-12 11:08:54,Ejecutivo_02,Personal,15600.0,2118.04,0.37,69,Web,36
SOL00925,Solicitud recibida,2026-05-12 11:10:29,Sistema,Personal,3200.0,2042.19,0.09,0,Web,42
SOL01034,Aprobación,2026-05-12 11:23:59,Analista_08,Personal,12900.0,1142.8,0.14,51,Web,68
SOL00815,Aprobación,2026-05-12 11:25:48,Analista_03,Vehicular,28800.0,650.37,0.22,50,Sucursal,44
SOL00194,Aprobación,2026-05-12 11:30:58,Analista_06,Consumo,5100.0,2355.54,0.15,40,Web,32
SOL00593,Aprobación,2026-05-12 11:43:31,Analista_08,Personal,19400.0,1150.92,0.27,36,Agente,49
SOL01060,Solicitud recibida,2026-05-12 12:03:27,Sistema,Consumo,5900.0,2387.48,0.37,49,Web,67
SOL00178,Aprobación,2026-05-12 12:14:19,Analista_01,Vehicular,14900.0,1593.89,0.17,45,Web,37
SOL00075,Solicitud recibida,2026-05-12 12:32:26,Ejecutivo_01,Vehicular,11300.0,2266.74,0.38,27,Sucursal,67
SOL00680,Aprobación,2026-05-12 12:32:51,Analista_05,Personal,17700.0,2013.43,0.16,5,Sucursal,40
SOL01004,Desembolso,2026-05-12 12:37:02,Tesoreria,Consumo,4400.0,2428.17,0.23,119,Web,51
SOL00902,Aprobación,2026-05-12 12:39:45,Analista_08,Personal,16300.0,1490.15,0.65,21,Web,27
SOL00708,Aprobación,2026-05-12 12:54:28,Analista_02,Personal,15900.0,2111.3,0.08,10,Sucursal,54
SOL01120,Aprobación,2026-05-12 13:00:52,Analista_08,Personal,15400.0,1398.7,0.14,81,Web,37
SOL00925,Verificación de documentos,2026-05-12 13:58:49,Verificador_03,Personal,3200.0,2042.19,0.09,0,Web,42
SOL00624,Análisis financiero,2026-05-12 15:11:09,Analista_06,Personal,7000.0,2660.29,0.28,104,Sucursal,64
SOL00578,Verificación de documentos,2026-05-12 15:22:49,Verificador_01,Personal,9600.0,612.15,0.18,74,Agente,46
SOL00075,Verificación de documentos,2026-05-12 15:31:31,Verificador_02,Vehicular,11300.0,2266.74,0.38,27,Sucursal,67
SOL00512,Análisis financiero,2026-05-12 16:26:15,Analista_05,Hipotecario,235300.0,1870.04,0.11,95,Web,68
SOL00925,Aprobación,2026-05-12 16:58:33,Gerente_Sucursal_02,Personal,3200.0,2042.19,0.09,0,Web,42
SOL00401,Solicitud recibida,2026-05-12 19:09:21,Ejecutivo_04,Vehicular,16600.0,769.61,0.26,127,Sucursal,67
SOL00374,Solicitud recibida,2026-05-12 20:52:16,Ejecutivo_03,Consumo,2500.0,1087.87,0.05,25,Sucursal,37
SOL00158,Solicitud recibida,2026-05-12 21:05:55,Ejecutivo_02,Personal,17700.0,1298.52,0.26,130,Sucursal,40
SOL00922,Recepción de información,2026-05-13 04:52:33,Sistema,Consumo,6000.0,1122.37,0.16,13,Web,38
SOL00599,Análisis financiero,2026-05-13 08:00:00,Analista_05,Personal,8100.0,1576.66,0.32,75,Web,54
SOL00075,Análisis financiero,2026-05-13 08:00:00,Analista_08,Vehicular,11300.0,2266.74,0.38,27,Sucursal,67
SOL00569,Desembolso,2026-05-13 08:00:00,Tesoreria,Personal,7600.0,1817.19,0.41,30,Sucursal,59
SOL00968,Formalización,2026-05-13 08:00:00,Ejecutivo_05,Personal,9500.0,1564.59,0.6,45,Web,34
SOL00112,Análisis financiero,2026-05-13 08:00:00,Analista_06,Vehicular,37100.0,1651.55,0.26,21,Sucursal,22
SOL01060,Verificación de documentos,2026-05-13 08:00:00,Verificador_03,Consumo,5900.0,2387.48,0.37,49,Web,67
SOL01040,Análisis financiero,2026-05-13 08:00:00,Analista_02,Vehicular,33900.0,662.95,0.14,128,Sucursal,36
SOL00624,Aprobación,2026-05-13 08:00:00,Analista_06,Personal,7000.0,2660.29,0.28,104,Sucursal,64
SOL00393,Análisis financiero,2026-05-13 08:00:00,Analista_05,Personal,5900.0,1659.03,0.04,77,Sucursal,69
SOL00790,Análisis financiero,2026-05-13 08:00:00,Analista_07,Consumo,2400.0,462.73,0.41,11,Agente,61
SOL00158,Verificación de documentos,2026-05-13 08:02:00,Verificador_04,Personal,17700.0,1298.52,0.26,130,Sucursal,40
SOL00802,Análisis financiero,2026-05-13 08:08:00,Analista_05,Vehicular,22600.0,3415.16,0.11,58,Web,40
SOL00922,Verificación de documentos,2026-05-13 08:11:20,Verificador_03,Consumo,6000.0,1122.37,0.16,13,Web,38
SOL00227,Análisis financiero,2026-05-13 08:13:00,Analista_07,Vehicular,18900.0,1134.84,0.52,25,Sucursal,46
SOL01136,Análisis financiero,2026-05-13 08:16:00,Analista_06,Hipotecario,161100.0,2544.68,0.26,51,Sucursal,50
SOL00107,Desembolso,2026-05-13 08:16:00,Tesoreria,Personal,6400.0,2732.32,0.14,97,Sucursal,21
SOL00696,Formalización,2026-05-13 08:17:00,Ejecutivo_03,Personal,6100.0,5954.09,0.19,15,Sucursal,46
SOL00571,Desembolso,2026-05-13 08:17:00,Tesoreria,Personal,18900.0,1472.43,0.47,109,Web,50
SOL00374,Verificación de documentos,2026-05-13 08:18:00,Verificador_01,Consumo,2500.0,1087.87,0.05,25,Sucursal,37
SOL00099,Solicitud recibida,2026-05-13 08:19:21,Ejecutivo_05,Consumo,2200.0,1216.42,0.27,45,Sucursal,61
SOL00620,Verificación de documentos,2026-05-13 08:21:00,Verificador_02,Personal,11800.0,1261.59,0.22,20,Sucursal,54
SOL00189,Desembolso,2026-05-13 08:24:00,Tesoreria,Vehicular,10500.0,1385.24,0.28,30,Agente,57
SOL00401,Verificación de documentos,2026-05-13 08:24:00,Verificador_01,Vehicular,16600.0,769.61,0.26,127,Sucursal,67
SOL00114,Verificación de documentos,2026-05-13 08:29:00,Verificador_03,Personal,12600.0,1794.19,0.13,143,Web,43
SOL00562,Formalización,2026-05-13 09:10:45,Ejecutivo_04,Consumo,3700.0,2148.06,0.47,8,Sucursal,56
SOL00673,Solicitud recibida,2026-05-13 09:24:10,Ejecutivo_04,Vehicular,29200.0,2969.75,0.02,65,Sucursal,29
SOL00777,Análisis financiero,2026-05-13 09:59:32,Analista_04,Personal,17000.0,572.84,0.3,182,Web,67
SOL00393,Aprobación,2026-05-13 10:56:03,Analista_05,Personal,5900.0,1659.03,0.04,77,Sucursal,69
SOL00920,Desembolso,2026-05-13 10:58:50,Tesoreria,Personal,10600.0,1703.99,0.12,10,Sucursal,33
SOL00802,Rechazo,2026-05-13 11:32:10,Analista_05,Vehicular,22600.0,3415.16,0.11,58,Web,40
SOL00578,Análisis financiero,2026-05-13 11:52:35,Analista_07,Personal,9600.0,612.15,0.18,74,Agente,46
SOL00938,Formalización,2026-05-13 11:53:18,Ejecutivo_06,Consumo,3500.0,1566.49,0.25,83,Web,21
SOL00901,Solicitud recibida,2026-05-13 12:09:31,Ejecutivo_05,Personal,8600.0,1190.52,0.37,64,Sucursal,40
SOL00456,Solicitud recibida,2026-05-13 12:09:47,Ejecutivo_03,Vehicular,28800.0,1096.02,0.29,92,Sucursal,63
SOL01144,Solicitud recibida,2026-05-13 12:14:24,Ejecutivo_01,Vehicular,13100.0,1159.6,0.05,14,Agente,33
SOL00227,Aprobación,2026-05-13 12:24:42,Analista_07,Vehicular,18900.0,1134.84,0.52,25,Sucursal,46
SOL01196,Solicitud recibida,2026-05-13 12:30:06,Sistema,Hipotecario,108100.0,1835.43,0.13,61,Web,40
SOL00673,Verificación de documentos,2026-05-13 12:52:06,Verificador_04,Vehicular,29200.0,2969.75,0.02,65,Sucursal,29
SOL00599,Aprobación,2026-05-13 12:57:56,Analista_05,Personal,8100.0,1576.66,0.32,75,Web,54
SOL00675,Solicitud recibida,2026-05-13 13:02:09,Sistema,Consumo,3100.0,981.72,0.54,92,Web,29
SOL00635,Recepción de información,2026-05-13 13:12:25,Sistema,Hipotecario,238000.0,1482.41,0.44,9,Web,36
SOL00010,Formalización,2026-05-13 13:13:06,Ejecutivo_02,Consumo,3600.0,1615.78,0.26,190,Sucursal,70
SOL00401,Análisis financiero,2026-05-13 13:33:41,Analista_01,Vehicular,16600.0,769.61,0.26,127,Sucursal,67
SOL00075,Aprobación,2026-05-13 13:34:55,Analista_08,Vehicular,11300.0,2266.74,0.38,27,Sucursal,67
SOL00051,Desembolso,2026-05-13 13:38:20,Tesoreria,Personal,15600.0,2118.04,0.37,69,Web,36
SOL00439,Solicitud recibida,2026-05-13 14:13:08,Ejecutivo_01,Personal,8700.0,1300.33,0.43,43,Sucursal,28
SOL00295,Análisis financiero,2026-05-13 14:16:10,Analista_07,Hipotecario,229200.0,2216.29,0.14,1,Web,24
SOL00151,Solicitud recibida,2026-05-13 14:48:42,Sistema,Vehicular,32900.0,1647.43,0.37,30,Web,34
SOL00027,Recepción de información,2026-05-13 14:51:17,Sistema,Consumo,3900.0,1486.35,0.21,72,Sucursal,52
SOL00528,Solicitud recibida,2026-05-13 15:22:00,Sistema,Consumo,1700.0,3562.38,0.07,40,Web,51
SOL00577,Formalización,2026-05-13 15:26:09,Ejecutivo_06,Personal,4700.0,2130.08,0.19,24,Sucursal,38
SOL00578,Aprobación,2026-05-13 15:39:30,Analista_07,Personal,9600.0,612.15,0.18,74,Agente,46
SOL00401,Aprobación,2026-05-13 16:06:19,Analista_01,Vehicular,16600.0,769.61,0.26,127,Sucursal,67
SOL00273,Solicitud recibida,2026-05-13 16:35:30,Ejecutivo_01,Vehicular,30000.0,2691.05,0.5,113,Sucursal,23
SOL00027,Verificación de documentos,2026-05-13 16:42:39,Verificador_02,Consumo,3900.0,1486.35,0.21,72,Sucursal,52
SOL00099,Verificación de documentos,2026-05-13 16:44:03,Verificador_02,Consumo,2200.0,1216.42,0.27,45,Sucursal,61
SOL00061,Solicitud recibida,2026-05-13 18:27:06,Ejecutivo_05,Vehicular,36700.0,1397.16,0.33,21,Sucursal,26
SOL00424,Solicitud recibida,2026-05-13 18:40:28,Ejecutivo_04,Consumo,2000.0,2168.83,0.15,43,Sucursal,54
SOL00505,Solicitud recibida,2026-05-13 19:54:12,Ejecutivo_05,Hipotecario,193300.0,1552.7,0.31,59,Sucursal,45
SOL00380,Solicitud recibida,2026-05-13 20:23:34,Ejecutivo_02,Consumo,5000.0,1233.19,0.29,10,Sucursal,57
SOL00814,Recepción de información,2026-05-14 02:17:24,Sistema,Consumo,6400.0,1186.89,0.46,77,Web,42
SOL00978,Recepción de información,2026-05-14 02:19:20,Sistema,Vehicular,10100.0,1338.23,0.19,27,Web,68
SOL00074,Formalización,2026-05-14 08:00:00,Ejecutivo_04,Personal,16400.0,1381.79,0.25,24,Agente,61
SOL01001,Desembolso,2026-05-14 08:00:00,Tesoreria,Personal,16000.0,1214.88,0.07,233,Sucursal,58
SOL00380,Verificación de documentos,,Verificador_04,Consumo,5000.0,1233.19,0.29,10,Sucursal,57
SOL01196,Verificación de documentos,2026-05-14 08:00:00,Verificador_04,Hipotecario,108100.0,1835.43,0.13,61,Web,40
SOL00456,Verificación de documentos,2026-05-14 08:00:00,Verificador_01,Vehicular,28800.0,1096.02,0.29,92,Sucursal,63
SOL00901,Verificación de documentos,2026-05-14 08:00:00,Verificador_03,Personal,8600.0,1190.52,0.37,64,Sucursal,40
SOL00708,Formalización,2026-05-14 08:00:00,Ejecutivo_02,Personal,15900.0,2111.3,0.08,10,Sucursal,54
SOL00620,Análisis financiero,2026-05-14 08:00:00,Analista_02,Personal,11800.0,1261.59,0.22,20,Sucursal,54
SOL00158,Análisis financiero,2026-05-14 08:00:00,Analista_05,Personal,17700.0,1298.52,0.26,130,Sucursal,40
SOL00273,Verificación de documentos,2026-05-14 08:00:00,Verificador_04,Vehicular,30000.0,2691.05,0.5,113,Sucursal,23
SOL00777,Aprobación,2026-05-14 08:00:00,Analista_04,Personal,17000.0,572.84,0.3,182,Web,67
SOL00790,Reevaluación,2026-05-14 08:00:00,Analista_07,Consumo,2400.0,462.73,0.41,11,Agente,61
SOL00528,Verificación de documentos,2026-05-14 08:00:00,Verificador_01,Consumo,1700.0,3562.38,0.07,40,Web,51
SOL01144,Verificación de documentos,2026-05-14 08:00:00,Verificador_03,Vehicular,13100.0,1159.6,0.05,14,Agente,33
SOL00673,Análisis financiero,2026-05-14 08:01:00,Analista_08,Vehicular,29200.0,2969.75,0.02,65,Sucursal,29
SOL00084,Reevaluación,2026-05-14 08:02:00,Analista_05,Personal,18900.0,1813.51,0.46,16,Web,62
SOL00374,Análisis financiero,2026-05-14 08:04:00,Analista_05,Consumo,2500.0,1087.87,0.05,25,Sucursal,37
SOL00985,Análisis financiero,2026-05-14 08:07:00,Analista_03,Vehicular,22700.0,721.75,0.27,135,Sucursal,24
SOL00439,Verificación de documentos,2026-05-14 08:07:00,Verificador_04,Personal,8700.0,1300.33,0.43,43,Sucursal,28
SOL00114,Análisis financiero,2026-05-14 08:12:00,Analista_08,Personal,12600.0,1794.19,0.13,143,Web,43
SOL00814,Verificación de documentos,2026-05-14 08:16:00,Verificador_03,Consumo,6400.0,1186.89,0.46,77,Web,42
SOL00902,Formalización,2026-05-14 08:16:49,Ejecutivo_04,Personal,16300.0,1490.15,0.65,21,Web,27
SOL00047,Formalización,2026-05-14 08:17:00,Ejecutivo_05,Personal,16300.0,4480.84,0.1,24,Web,62
SOL00505,Verificación de documentos,2026-05-14 08:20:00,Verificador_01,Hipotecario,193300.0,1552.7,0.31,59,Sucursal,45
SOL00925,Formalización,2026-05-14 08:21:00,Ejecutivo_03,Personal,3200.0,2042.19,0.09,0,Web,42
SOL00635,Verificación de documentos,2026-05-14 08:21:00,Verificador_03,Hipotecario,238000.0,1482.41,0.44,9,Web,36
SOL00424,Verificación de documentos,2026-05-14 08:22:00,Verificador_02,Consumo,2000.0,2168.83,0.15,43,Sucursal,54
SOL01120,Formalización,2026-05-14 08:22:00,Ejecutivo_06,Personal,15400.0,1398.7,0.14,81,Web,37
SOL00675,Verificación de documentos,2026-05-14 08:24:00,Verificador_01,Consumo,3100.0,981.72,0.54,92,Web,29
SOL00577,Desembolso,2026-05-14 08:24:00,Tesoreria,Personal,4700.0,2130.08,0.19,24,Sucursal,38
SOL00061,Verificación de documentos,2026-05-14 08:26:00,Verificador_02,Vehicular,36700.0,1397.16,0.33,21,Sucursal,26
SOL00527,Formalización,2026-05-14 08:28:00,Ejecutivo_03,Personal,13500.0,1270.71,0.02,24,Sucursal,57
SOL00151,Verificación de documentos,2026-05-14 08:28:00,Verificador_02,Vehicular,32900.0,1647.43,0.37,30,Web,34
SOL01196,Solicitud de información adicional,2026-05-14 08:30:01,Verificador_03,Hipotecario,108100.0,1835.43,0.13,61,Web,40
SOL00273,Solicitud de información adicional,,Verificador_02,Vehicular,30000.0,2691.05,0.5,113,Sucursal,23
SOL00814,Solicitud de información adicional,2026-05-14 08:46:01,Verificador_02,Consumo,6400.0,1186.89,0.46,77,Web,42
SOL00945,Solicitud recibida,2026-05-14 09:19:52,Ejecutivo_01,Vehicular,21800.0,1659.68,0.5,25,Agente,59
SOL00618,Comité de crédito,2026-05-14 10:00:01,Comite,Hipotecario,105300.0,1092.62,0.34,56,Sucursal,37
SOL00512,Comité de crédito,2026-05-14 10:00:01,Comite,Hipotecario,235300.0,1870.04,0.11,95,Web,68
SOL00539,Comité de crédito,2026-05-14 10:00:01,Comite,Vehicular,36700.0,3014.99,0.47,45,Web,64
SOL00849,Comité de crédito,2026-05-14 10:00:01,Comite,Hipotecario,57200.0,2117.48,0.11,4,Web,23
SOL00418,Comité de crédito,2026-05-14 10:00:01,Comite,Hipotecario,134300.0,1360.11,0.42,21,Agente,33
SOL00510,Comité de crédito,2026-05-14 10:00:01,Comite,Hipotecario,243300.0,731.61,0.12,122,Sucursal,70
SOL00112,Comité de crédito,2026-05-14 10:00:01,Comite,Vehicular,37100.0,1651.55,0.26,21,Sucursal,22
SOL00317,Comité de crédito,2026-05-14 10:00:01,Comite,Hipotecario,203900.0,1519.92,0.27,57,Web,64
SOL00295,Comité de crédito,2026-05-14 10:00:01,Comite,Hipotecario,229200.0,2216.29,0.14,1,Web,24
SOL01136,Comité de crédito,2026-05-14 10:00:01,Comite,Hipotecario,161100.0,2544.68,0.26,51,Sucursal,50
SOL01040,Comité de crédito,2026-05-14 10:00:01,Comite,Vehicular,33900.0,662.95,0.14,128,Sucursal,36
SOL01103,Comité de crédito,2026-05-14 10:00:01,Comite,Hipotecario,172700.0,2306.7,0.06,2,Web,26
SOL00021,Comité de crédito,2026-05-14 10:00:01,Comite,Hipotecario,177100.0,3498.47,0.18,83,Agente,42
SOL00747,Comité de crédito,2026-05-14 10:00:01,Comite,Hipotecario,74600.0,2134.31,0.79,106,Sucursal,64
SOL00915,Comité de crédito,2026-05-14 10:00:01,Comite,Hipotecario,186700.0,2332.94,0.07,133,Web,35
SOL00815,Formalización,2026-05-14 10:35:52,Ejecutivo_01,Vehicular,28800.0,650.37,0.22,50,Sucursal,44
SOL00084,Aprobación,2026-05-14 11:08:27,Analista_05,Personal,18900.0,1813.51,0.46,16,Web,62
SOL00562,Desembolso,2026-05-14 11:25:35,Tesoreria,Consumo,3700.0,2148.06,0.47,8,Sucursal,56
SOL00317,Aprobación,2026-05-14 11:35:25,Comite,Hipotecario,203900.0,1519.92,0.27,57,Web,64
SOL00158,Aprobación,2026-05-14 11:52:22,Analista_05,Personal,17700.0,1298.52,0.26,130,Sucursal,40
SOL00112,Rechazo,2026-05-14 12:09:53,Analista_06,Vehicular,37100.0,1651.55,0.26,21,Sucursal,22
SOL00556,Solicitud recibida,2026-05-14 12:15:33,Sistema,Consumo,7000.0,1443.4,0.22,43,Web,63
SOL00295,Aprobación,2026-05-14 12:24:01,Comite,Hipotecario,229200.0,2216.29,0.14,1,Web,24
SOL00618,Rechazo,2026-05-14 12:29:57,Analista_04,Hipotecario,105300.0,1092.62,0.34,56,Sucursal,37
SOL01040,Aprobación,2026-05-14 12:32:45,Comite,Vehicular,33900.0,662.95,0.14,128,Sucursal,36
SOL00915,Aprobación,2026-05-14 12:37:01,Comite,Hipotecario,186700.0,2332.94,0.07,133,Web,35
SOL00099,Análisis financiero,2026-05-14 12:44:32,Analista_02,Consumo,2200.0,1216.42,0.27,45,Sucursal,61
SOL00010,Desembolso,2026-05-14 12:44:41,Tesoreria,Consumo,3600.0,1615.78,0.26,190,Sucursal,70
SOL00734,Solicitud recibida,2026-05-14 12:57:00,Sistema,Vehicular,12400.0,1246.15,0.42,31,Web,31
SOL00620,Aprobación,2026-05-14 13:09:19,Analista_02,Personal,11800.0,1261.59,0.22,20,Sucursal,54
SOL00747,Rechazo,2026-05-14 13:23:22,Analista_08,Hipotecario,74600.0,2134.31,0.79,106,Sucursal,64
SOL00114,Aprobación,2026-05-14 13:25:21,Analista_08,Personal,12600.0,1794.19,0.13,143,Web,43
SOL01136,Rechazo,2026-05-14 13:33:17,Analista_06,Hipotecario,161100.0,2544.68,0.26,51,Sucursal,50
SOL00985,Aprobación,2026-05-14 13:36:56,Analista_03,Vehicular,22700.0,721.75,0.27,135,Sucursal,24
SOL00505,Análisis financiero,2026-05-14 13:40:59,Analista_06,Hipotecario,193300.0,1552.7,0.31,59,Sucursal,45
SOL00512,Rechazo,2026-05-14 13:50:44,Analista_05,Hipotecario,235300.0,1870.04,0.11,95,Web,68
SOL00599,Formalización,2026-05-14 13:50:56,Ejecutivo_04,Personal,8100.0,1576.66,0.32,75,Web,54
SOL00701,Formalización,2026-05-14 14:10:04,Ejecutivo_06,Personal,13200.0,1752.39,0.15,6,Web,32
SOL00099,Aprobación,2026-05-14 14:21:58,Analista_02,Consumo,2200.0,1216.42,0.27,45,Sucursal,61
SOL00510,Rechazo,2026-05-14 14:27:09,Analista_02,Hipotecario,243300.0,731.61,0.12,122,Sucursal,70
SOL00418,Aprobación,2026-05-14 14:44:34,Comite,Hipotecario,134300.0,1360.11,0.42,21,Agente,33
SOL00759,Solicitud recibida,2026-05-14 14:54:25,Ejecutivo_02,Personal,17600.0,1315.39,0.69,146,Sucursal,23
SOL00556,Verificación de documentos,2026-05-14 14:57:21,Verificador_04,Consumo,7000.0,1443.4,0.22,43,Web,63
SOL00556,Solicitud de información adicional,2026-05-14 15:27:22,Verificador_01,Consumo,7000.0,1443.4,0.22,43,Web,63
SOL00374,Aprobación,2026-05-14 15:30:04,Analista_05,Consumo,2500.0,1087.87,0.05,25,Sucursal,37
SOL01060,Análisis financiero,2026-05-14 15:34:01,Analista_04,Consumo,5900.0,2387.48,0.37,49,Web,67
SOL01103,Aprobación,2026-05-14 15:39:49,Comite,Hipotecario,172700.0,2306.7,0.06,2,Web,26
SOL00684,Solicitud recibida,2026-05-14 15:50:39,Ejecutivo_05,Personal,12100.0,1260.34,0.2,86,Sucursal,59
SOL00922,Análisis financiero,2026-05-14 15:51:19,Analista_06,Consumo,6000.0,1122.37,0.16,13,Web,38
SOL00849,Aprobación,2026-05-14 15:55:15,Comite,Hipotecario,57200.0,2117.48,0.11,4,Web,23
SOL00938,Desembolso,2026-05-14 15:59:47,Tesoreria,Consumo,3500.0,1566.49,0.25,83,Web,21
SOL00568,Desistimiento,2026-05-14 16:18:08,Sistema,Personal,7700.0,2528.83,0.13,9,Sucursal,26
SOL00635,Análisis financiero,2026-05-14 16:40:19,Analista_06,Hipotecario,238000.0,1482.41,0.44,9,Web,36
SOL00945,Verificación de documentos,2026-05-14 16:45:04,Verificador_03,Vehicular,21800.0,1659.68,0.5,25,Agente,59
SOL00196,Solicitud recibida,2026-05-14 17:49:39,Ejecutivo_04,Personal,15500.0,2307.22,0.54,12,Sucursal,54
SOL00811,Solicitud recibida,2026-05-14 18:45:29,Sistema,Personal,11000.0,1841.17,0.34,35,Web,53
SOL00402,Recepción de información,2026-05-14 19:18:51,Sistema,Personal,10800.0,1449.46,0.21,79,Sucursal,31
SOL00932,Solicitud recibida,2026-05-14 20:00:23,Ejecutivo_01,Hipotecario,87900.0,751.01,0.22,40,Sucursal,26
SOL00335,Recepción de información,2026-05-14 21:53:37,Sistema,Vehicular,24500.0,1277.49,0.25,9,Web,68
SOL00032,Recepción de información,2026-05-14 21:56:53,Sistema,Consumo,8000.0,1013.69,0.46,69,Web,41
SOL01196,Recepción de información,2026-05-15 04:31:28,Sistema,Hipotecario,108100.0,1835.43,0.13,61,Web,40
SOL01152,Solicitud recibida,2026-05-15 07:25:25,Ejecutivo_06,Personal,5000.0,2638.08,0.35,57,Sucursal,22
SOL00235,Recepción de información,2026-05-15 07:52:59,Sistema,Personal,18700.0,2360.78,0.23,85,Agente,48
SOL00665,Solicitud recibida,2026-05-15 07:55:39,Ejecutivo_06,Personal,15300.0,1521.25,0.42,89,Sucursal,54
SOL00790,Reevaluación,2026-05-15 08:00:00,Analista_07,Consumo,2400.0,462.73,0.41,11,Agente,61
SOL00759,Verificación de documentos,2026-05-15 08:00:00,Verificador_03,Personal,17600.0,1315.39,0.69,146,Sucursal,23
SOL00074,Desembolso,2026-05-15 08:00:00,Tesoreria,Personal,16400.0,1381.79,0.25,24,Agente,61
SOL00456,Análisis financiero,2026-05-15 08:00:00,Analista_08,Vehicular,28800.0,1096.02,0.29,92,Sucursal,63
SOL00021,Aprobación,2026-05-15 08:00:00,Comite,Hipotecario,177100.0,3498.47,0.18,83,Agente,42
SOL01060,Aprobación,2026-05-15 08:00:00,Analista_04,Consumo,5900.0,2387.48,0.37,49,Web,67
SOL00708,Desembolso,2026-05-15 08:00:00,Tesoreria,Personal,15900.0,2111.3,0.08,10,Sucursal,54
SOL00061,Análisis financiero ,2026-05-15 08:00:00,Analista_01,Vehicular,36700.0,1397.16,0.33,21,Sucursal,26
SOL00539,Reevaluación,2026-05-15 08:00:00,Analista_08,Vehicular,36700.0,3014.99,0.47,45,Web,64
SOL00945,Análisis financiero,2026-05-15 08:00:00,Analista_02,Vehicular,21800.0,1659.68,0.5,25,Agente,59
SOL00027,Análisis financiero,2026-05-15 08:00:00,Analista_07,Consumo,3900.0,1486.35,0.21,72,Sucursal,52
SOL00925,Desembolso,2026-05-15 08:00:00,Tesoreria,Personal,3200.0,2042.19,0.09,0,Web,42
SOL00811,Verificación de documentos,2026-05-15 08:00:00,Verificador_02,Personal,11000.0,1841.17,0.34,35,Web,53
SOL00673,Rechazo,2026-05-15 08:00:00,Analista_08,Vehicular,29200.0,2969.75,0.02,65,Sucursal,29
SOL00901,Análisis financiero,2026-05-15 08:00:00,Analista_02,Personal,8600.0,1190.52,0.37,64,Sucursal,40
SOL00609,Formalización,2026-05-15 08:00:00,Ejecutivo_03,Consumo,4500.0,1568.15,0.29,50,Web,28
SOL00662,Solicitud recibida,2026-05-15 08:02:42,Ejecutivo_04,Personal,5000.0,1917.69,0.1,119,Sucursal,64
SOL00734,Verificación de documentos,2026-05-15 08:04:50,Verificador_01,Vehicular,12400.0,1246.15,0.42,31,Web,31
SOL00701,Desembolso,2026-05-15 08:06:00,Tesoreria,Personal,13200.0,1752.39,0.15,6,Web,32
SOL00393,Formalización,2026-05-15 08:07:00,Ejecutivo_03,Personal,5900.0,1659.03,0.04,77,Sucursal,69
SOL00599,Desembolso,2026-05-15 08:10:00,Tesoreria,Personal,8100.0,1576.66,0.32,75,Web,54
SOL00154,Formalización,2026-05-15 08:12:00,Ejecutivo_04,Personal,17400.0,823.6,0.49,9,Sucursal,52
SOL00032,Verificación de documentos,2026-05-15 08:12:00,Verificador_03,Consumo,8000.0,1013.69,0.46,69,Web,41
SOL00915,Formalización,2026-05-15 08:14:44,Ejecutivo_06,Hipotecario,186700.0,2332.94,0.07,133,Web,35
SOL00380,Análisis financiero,2026-05-15 08:16:00,Analista_03,Consumo,5000.0,1233.19,0.29,10,Sucursal,57
SOL01144,Análisis financiero,2026-05-15 08:17:00,Analista_05,Vehicular,13100.0,1159.6,0.05,14,Agente,33
SOL00401,Formalización,2026-05-15 08:18:00,Ejecutivo_03,Vehicular,16600.0,769.61,0.26,127,Sucursal,67
SOL00978,Verificación de documentos,2026-05-15 08:22:00,Verificador_02,Vehicular,10100.0,1338.23,0.19,27,Web,68
SOL00922,Aprobación,2026-05-15 08:23:00,Analista_06,Consumo,6000.0,1122.37,0.16,13,Web,38
SOL00528,Análisis financiero,2026-05-15 08:26:00,Analista_03,Consumo,1700.0,3562.38,0.07,40,Web,51
SOL00402,Verificación de documentos,2026-05-15 08:27:00,Verificador_04,Personal,10800.0,1449.46,0.21,79,Sucursal,31
SOL00335,Verificación de documentos,2026-05-15 08:28:00,Verificador_03,Vehicular,24500.0,1277.49,0.25,9,Web,68
SOL00684,Verificación de documentos,2026-05-15 08:28:00,Verificador_01,Personal,12100.0,1260.34,0.2,86,Sucursal,59
SOL00165,Solicitud recibida,2026-05-15 08:41:47,Ejecutivo_06,Consumo,4600.0,673.61,0.3,170,Sucursal,68
SOL00932,Verificación de documentos,2026-05-15 08:45:40,Verificador_02,Hipotecario,87900.0,751.01,0.22,40,Sucursal,26
SOL00932,Solicitud de información adicional,2026-05-15 09:15:41,Verificador_04,Hipotecario,87900.0,751.01,0.22,40,Sucursal,26
SOL00027,Aprobación,2026-05-15 09:18:57,Analista_07,Consumo,3900.0,1486.35,0.21,72,Sucursal,52
SOL00527,Desembolso,2026-05-15 10:01:21,Tesoreria,Personal,13500.0,1270.71,0.02,24,Sucursal,57
SOL00968,Desembolso,2026-05-15 10:07:22,Tesoreria,Personal,9500.0,1564.59,0.6,45,Web,34
SOL00790,Rechazo,2026-05-15 10:27:21,Analista_07,Consumo,2400.0,462.73,0.41,11,Agente,61
SOL01144,Aprobación,2026-05-15 11:21:13,Analista_05,Vehicular,13100.0,1159.6,0.05,14,Agente,33
SOL00295,Formalización,2026-05-15 11:35:53,Ejecutivo_03,Hipotecario,229200.0,2216.29,0.14,1,Web,24
SOL00945,Rechazo,2026-05-15 11:47:42,Analista_02,Vehicular,21800.0,1659.68,0.5,25,Agente,59
SOL00456,Aprobación,2026-05-15 12:17:25,Analista_08,Vehicular,28800.0,1096.02,0.29,92,Sucursal,63
SOL00196,Verificación de documentos,2026-05-15 12:20:50,Verificador_03,Personal,15500.0,2307.22,0.54,12,Sucursal,54
SOL00380,Aprobación,2026-05-15 12:39:18,Analista_03,Consumo,5000.0,1233.19,0.29,10,Sucursal,57
SOL01196,Verificación de documentos,2026-05-15 13:10:11,Verificador_03,Hipotecario,108100.0,1835.43,0.13,61,Web,40
SOL00528,Aprobación,2026-05-15 13:15:58,Analista_03,Consumo,1700.0,3562.38,0.07,40,Web,51
SOL00689,Solicitud recibida,2026-05-15 13:33:34,Sistema,Vehicular,24800.0,1999.93,0.68,20,Web,36
SOL01196,Solicitud de información adicional,2026-05-15 13:40:12,Verificador_02,Hipotecario,108100.0,1835.43,0.13,61,Web,40
SOL00649,Solicitud recibida,2026-05-15 13:49:41,Sistema,Personal,3000.0,1688.14,0.31,125,Web,55
SOL00675,Análisis financiero,2026-05-15 13:54:37,Analista_01,Consumo,3100.0,981.72,0.54,92,Web,29
SOL00106,Formalización,,Ejecutivo_03,Personal,14000.0,2666.72,0.18,9,Sucursal,44
SOL00151,Análisis financiero,2026-05-15 14:27:35,Analista_06,Vehicular,32900.0,1647.43,0.37,30,Web,34
SOL00084,Formalización,2026-05-15 14:31:13,Ejecutivo_03,Personal,18900.0,1813.51,0.46,16,Web,62
SOL00091,Recepción de información,2026-05-15 14:44:23,Sistema,Consumo,7400.0,3954.43,0.38,70,Agente,46
SOL00165,Verificación de documentos,2026-05-15 15:02:33,Verificador_01,Consumo,4600.0,673.61,0.3,170,Sucursal,68
SOL00556,Recepción de información,2026-05-15 15:41:47,Sistema,Consumo,7000.0,1443.4,0.22,43,Web,63
SOL00665,Verificación de documentos,2026-05-15 15:42:57,Verificador_04,Personal,15300.0,1521.25,0.42,89,Sucursal,54
SOL00235,Verificación de documentos,2026-05-15 15:45:08,Verificador_03,Personal,18700.0,2360.78,0.23,85,Agente,48
SOL00047,Desembolso,2026-05-15 16:31:13,Tesoreria,Personal,16300.0,4480.84,0.1,24,Web,62
SOL00675,Aprobación,2026-05-15 16:32:56,Analista_01,Consumo,3100.0,981.72,0.54,92,Web,29
SOL00503,Formalización,2026-05-15 16:43:37,Ejecutivo_02,Consumo,4500.0,2034.87,0.47,2,Sucursal,40
SOL01152,Verificación de documentos,2026-05-15 16:59:09,Verificador_02,Personal,5000.0,2638.08,0.35,57,Sucursal,22
SOL01109,Recepción de información,2026-05-15 18:13:34,Sistema,Consumo,8000.0,1569.24,0.17,19,Web,54
SOL00863,Solicitud recibida,2026-05-15 18:20:37,Ejecutivo_03,Consumo,2100.0,5127.28,0.38,1,Sucursal,61
SOL00215,Solicitud recibida,2026-05-15 18:37:22,Ejecutivo_01,Personal,6300.0,1655.66,0.59,167,Agente,27
SOL00066,Solicitud recibida,2026-05-15 19:00:29,Ejecutivo_02,Personal,5100.0,1651.81,0.05,41,Sucursal,60
SOL00168,Solicitud recibida,2026-05-16 08:22:46,Ejecutivo_01,Personal,14700.0,1054.25,0.07,81,Sucursal,65
SOL01025,Solicitud recibida,2026-05-16 11:30:33,Ejecutivo_01,Consumo,6300.0,2132.94,0.22,58,Sucursal,35
SOL00723,Solicitud recibida,2026-05-16 17:23:41,Ejecutivo_02,Personal,17300.0,882.58,0.39,5,Agente,31
SOL00604,Solicitud recibida,2026-05-17 09:23:05,Sistema,Personal,11200.0,1202.75,0.44,119,Web,32
SOL01099,Solicitud recibida,2026-05-17 13:48:41,Ejecutivo_04,Vehicular,25500.0,739.16,0.31,18,Sucursal,21
SOL01133,Solicitud recibida,2026-05-17 15:32:32,Ejecutivo_05,Consumo,3200.0,1233.16,0.16,148,Agente,28
SOL00957,Solicitud recibida,2026-05-17 16:04:41,Sistema,Personal,15600.0,1381.01,0.15,41,Web,60
SOL00266,Solicitud recibida,2026-05-17 18:36:58,Sistema,Vehicular,39500.0,1207.81,0.41,27,Web,45
SOL00590,Solicitud recibida,2026-05-17 19:15:32,Ejecutivo_03,Consumo,2700.0,3651.64,0.1,290,Sucursal,23
SOL00928,Solicitud recibida,2026-05-17 19:41:44,Sistema,Hipotecario,58200.0,1136.43,0.27,244,Web,65
SOL00396,Solicitud recibida,2026-05-17 19:46:06,Sistema,Hipotecario,183400.0,4584.26,0.31,2,Web,58
SOL00984,Recepción de información,2026-05-18 02:39:53,Sistema,Consumo,5300.0,753.37,0.66,161,Web,42
SOL01184,Recepción de información,2026-05-18 04:27:19,Sistema,Personal,19900.0,1845.84,0.37,171,Agente,24
SOL00849,Formalización,2026-05-18 08:00:00,Ejecutivo_02,Hipotecario,57200.0,2117.48,0.11,4,Web,23
SOL00154,Desembolso,2026-05-18 08:00:00,Tesoreria,Personal,17400.0,823.6,0.49,9,Sucursal,52
SOL00084,Desembolso,2026-05-18 08:00:00,Tesoreria,Personal,18900.0,1813.51,0.46,16,Web,62
SOL00902,Desembolso,2026-05-18 08:00:00,Tesoreria,Personal,16300.0,1490.15,0.65,21,Web,27
SOL00723,Verificación de documentos,2026-05-18 08:00:00,Verificador_01,Personal,17300.0,882.58,0.39,5,Agente,31
SOL01152,Análisis financiero,2026-05-18 08:00:00,Analista_06,Personal,5000.0,2638.08,0.35,57,Sucursal,22
SOL00317,Formalización,2026-05-18 08:00:00,Ejecutivo_01,Hipotecario,203900.0,1519.92,0.27,57,Web,64
SOL00503,Desembolso,2026-05-18 08:00:00,Tesoreria,Consumo,4500.0,2034.87,0.47,2,Sucursal,40
SOL00604,Verificación de documentos,2026-05-18 08:00:00,Verificador_01,Personal,11200.0,1202.75,0.44,119,Web,32
SOL00439,Análisis financiero,2026-05-18 08:00:00,Analista_07,Personal,8700.0,1300.33,0.43,43,Sucursal,28
SOL01120,Desembolso,2026-05-18 08:00:00,Tesoreria,Personal,15400.0,1398.7,0.14,81,Web,37
SOL00743,Formalización,2026-05-18 08:00:00,Ejecutivo_03,Personal,12400.0,1115.52,0.17,220,Web,30
SOL00215,Verificación de documentos,2026-05-18 08:00:00,Verificador_04,Personal,6300.0,1655.66,0.59,167,Agente,27
SOL00734,Análisis financiero,2026-05-18 08:00:00,Analista_02,Vehicular,12400.0,1246.15,0.42,31,Web,31
SOL00401,Desembolso,2026-05-18 08:00:00,Tesoreria,Vehicular,16600.0,769.61,0.26,127,Sucursal,67
SOL00528,Formalización,2026-05-18 08:00:00,Ejecutivo_04,Consumo,1700.0,3562.38,0.07,40,Web,51
SOL00178,Formalización,2026-05-18 08:00:00,Ejecutivo_03,Vehicular,14900.0,1593.89,0.17,45,Web,37
SOL00649,Verificación de documentos,2026-05-18 08:00:00,Verificador_04,Personal,3000.0,1688.14,0.31,125,Web,55
SOL00985,Formalización,2026-05-18 08:00:00,Ejecutivo_02,Vehicular,22700.0,721.75,0.27,135,Sucursal,24
SOL00091,Verificación de documentos,2026-05-18 08:00:00,Verificador_01,Consumo,7400.0,3954.43,0.38,70,Agente,46
SOL00811,Análisis financiero,2026-05-18 08:00:00,Analista_08,Personal,11000.0,1841.17,0.34,35,Web,53
SOL00196,Análisis financiero,2026-05-18 08:00:00,Analista_03,Personal,15500.0,2307.22,0.54,12,Sucursal,54
SOL01025,Verificación de documentos,2026-05-18 08:00:00,Verificador_03,Consumo,6300.0,2132.94,0.22,58,Sucursal,35
SOL00165,Análisis financiero,2026-05-18 08:00:00,Analista_06,Consumo,4600.0,673.61,0.3,170,Sucursal,68
SOL00915,Desembolso,2026-05-18 08:00:00,Tesoreria,Hipotecario,186700.0,2332.94,0.07,133,Web,35
SOL00106,Desembolso,2026-05-18 08:00:00,Tesoreria,Personal,14000.0,2666.72,0.18,9,Sucursal,44
SOL00696,Desembolso,2026-05-18 08:00:00,Tesoreria,Personal,6100.0,5954.09,0.19,15,Sucursal,46
SOL00402,Análisis financiero,2026-05-18 08:00:00,Analista_04,Personal,10800.0,1449.46,0.21,79,Sucursal,31
SOL00498,Formalización,2026-05-18 08:00:00,Ejecutivo_01,Consumo,3000.0,751.79,0.25,95,Sucursal,64
SOL00578,Formalización,2026-05-18 08:00:00,Ejecutivo_04,Personal,9600.0,612.15,0.18,74,Agente,46
SOL00075,Formalización,2026-05-18 08:00:00,Ejecutivo_03,Vehicular,11300.0,2266.74,0.38,27,Sucursal,67
SOL00777,Formalización,2026-05-18 08:00:00,Ejecutivo_05,Personal,17000.0,572.84,0.3,182,Web,67
SOL00227,Formalización,2026-05-18 08:00:00,Ejecutivo_01,Vehicular,18900.0,1134.84,0.52,25,Sucursal,46
SOL00424,Análisis financiero,2026-05-18 08:00:00,Analista_02,Consumo,2000.0,2168.83,0.15,43,Sucursal,54
SOL00863,Verificación de documentos,2026-05-18 08:00:00,Verificador_03,Consumo,2100.0,5127.28,0.38,1,Sucursal,61
SOL00662,Verificación de documentos,2026-05-18 08:00:00,Verificador_03,Personal,5000.0,1917.69,0.1,119,Sucursal,64
SOL00614,Formalización,2026-05-18 08:00:00,Ejecutivo_05,Vehicular,17100.0,2091.56,0.23,4,Sucursal,59
SOL00374,Formalización,2026-05-18 08:00:00,Ejecutivo_02,Consumo,2500.0,1087.87,0.05,25,Sucursal,37
SOL01109,Verificación de documentos,2026-05-18 08:00:00,Verificador_02,Consumo,8000.0,1569.24,0.17,19,Web,54
SOL00593,Formalización,2026-05-18 08:00:00,Ejecutivo_03,Personal,19400.0,1150.92,0.27,36,Agente,49
SOL00684,Análisis financiero,2026-05-18 08:00:00,Analista_05,Personal,12100.0,1260.34,0.2,86,Sucursal,59
SOL00815,Desembolso,2026-05-18 08:00:00,Tesoreria,Vehicular,28800.0,650.37,0.22,50,Sucursal,44
SOL00456,Formalización,2026-05-18 08:00:00,Ejecutivo_02,Vehicular,28800.0,1096.02,0.29,92,Sucursal,63
SOL00295,Desembolso,2026-05-18 08:00:00,Tesoreria,Hipotecario,229200.0,2216.29,0.14,1,Web,24
SOL00099,Formalización,2026-05-18 08:00:00,Ejecutivo_01,Consumo,2200.0,1216.42,0.27,45,Sucursal,61
SOL00235,Análisis financiero,2026-05-18 08:00:00,Analista_06,Personal,18700.0,2360.78,0.23,85,Agente,48
SOL00675,Formalización,2026-05-18 08:00:00,Ejecutivo_03,Consumo,3100.0,981.72,0.54,92,Web,29
SOL00194,Formalización,2026-05-18 08:00:00,Ejecutivo_05,Consumo,5100.0,2355.54,0.15,40,Web,32
SOL01034,Formalización,2026-05-18 08:00:00,Ejecutivo_01,Personal,12900.0,1142.8,0.14,51,Web,68
SOL00066,Verificación de documentos,2026-05-18 08:00:00,Verificador_02,Personal,5100.0,1651.81,0.05,41,Sucursal,60
SOL00620,Formalización,2026-05-18 08:00:00,Ejecutivo_01,Personal,11800.0,1261.59,0.22,20,Sucursal,54
SOL00335,Análisis financiero,2026-05-18 08:00:00,Analista_03,Vehicular,24500.0,1277.49,0.25,9,Web,68
SOL00978,Análisis financiero,2026-05-18 08:00:00,Analista_01,Vehicular,10100.0,1338.23,0.19,27,Web,68
SOL00027,Formalización,2026-05-18 08:00:00,Ejecutivo_03,Consumo,3900.0,1486.35,0.21,72,Sucursal,52
SOL00759,Análisis financiero,2026-05-18 08:00:00,Analista_06,Personal,17600.0,1315.39,0.69,146,Sucursal,23
SOL00168,Verificación de documentos,2026-05-18 08:00:00,Verificador_02,Personal,14700.0,1054.25,0.07,81,Sucursal,65
SOL00393,Desembolso,2026-05-18 08:00:00,Tesoreria,Personal,5900.0,1659.03,0.04,77,Sucursal,69
SOL00689,Verificación de documentos,2026-05-18 08:00:00,Verificador_01,Vehicular,24800.0,1999.93,0.68,20,Web,36
SOL01040,Formalización,2026-05-18 08:00:00,Ejecutivo_06,Vehicular,33900.0,662.95,0.14,128,Sucursal,36
SOL00380,Formalización,2026-05-18 08:00:00,Ejecutivo_06,Consumo,5000.0,1233.19,0.29,10,Sucursal,57
SOL00901,Rechazo,2026-05-18 08:00:00,Analista_02,Personal,8600.0,1190.52,0.37,64,Sucursal,40
SOL00665,Análisis financiero,2026-05-18 08:00:00,Analista_07,Personal,15300.0,1521.25,0.42,89,Sucursal,54
SOL01099,Verificación de documentos,2026-05-18 08:00:00,Verificador_02,Vehicular,25500.0,739.16,0.31,18,Sucursal,21
SOL01103,Formalización,2026-05-18 08:00:00,Ejecutivo_05,Hipotecario,172700.0,2306.7,0.06,2,Web,26
SOL00609,Desembolso,2026-05-18 08:00:00,Tesoreria,Consumo,4500.0,1568.15,0.29,50,Web,28
SOL00556,Verificación de documentos,2026-05-18 08:00:00,Verificador_04,Consumo,7000.0,1443.4,0.22,43,Web,63
SOL00032,Análisis financiero,2026-05-18 08:00:00,Analista_04,Consumo,8000.0,1013.69,0.46,69,Web,41
SOL00021,Formalización,2026-05-18 08:02:00,Ejecutivo_06,Hipotecario,177100.0,3498.47,0.18,83,Agente,42
SOL01060,Formalización,2026-05-18 08:04:00,Ejecutivo_03,Consumo,5900.0,2387.48,0.37,49,Web,67
SOL00957,Verificación de documentos,2026-05-18 08:09:00,Verificador_01,Personal,15600.0,1381.01,0.15,41,Web,60
SOL00539,Reevaluación,2026-05-18 08:18:00,Analista_08,Vehicular,36700.0,3014.99,0.47,45,Web,64
SOL00396,Verificación de documentos,2026-05-18 08:19:00,Verificador_01,Hipotecario,183400.0,4584.26,0.31,2,Web,58
SOL00590,Verificación de documentos,2026-05-18 08:29:00,Verificador_03,Consumo,2700.0,3651.64,0.1,290,Sucursal,23
SOL00604,Solicitud de información adicional,2026-05-18 08:30:01,Verificador_02,Personal,11200.0,1202.75,0.44,119,Web,32
SOL00863,Solicitud de información adicional,2026-05-18 08:30:01,Verificador_01,Consumo,2100.0,5127.28,0.38,1,Sucursal,61
SOL00556,Solicitud de información adicional,2026-05-18 08:30:01,Verificador_01,Consumo,7000.0,1443.4,0.22,43,Web,63
SOL00928,Verificación de documentos,2026-05-18 08:36:14,Verificador_04,Hipotecario,58200.0,1136.43,0.27,244,Web,65
SOL00957,Solicitud de información adicional,2026-05-18 08:39:01,Verificador_01,Personal,15600.0,1381.01,0.15,41,Web,60
SOL00396,Solicitud de información adicional,2026-05-18 08:49:01,Verificador_02,Hipotecario,183400.0,4584.26,0.31,2,Web,58
SOL00928,Solicitud de información adicional,2026-05-18 09:06:15,Verificador_04,Hipotecario,58200.0,1136.43,0.27,244,Web,65
SOL00196,Aprobación,2026-05-18 09:56:05,Analista_03,Personal,15500.0,2307.22,0.54,12,Sucursal,54
SOL00759,Aprobación,2026-05-18 10:06:28,Analista_06,Personal,17600.0,1315.39,0.69,146,Sucursal,23
SOL00649,Aprobación,2026-05-18 10:06:33,Gerente_Sucursal_01,Personal,3000.0,1688.14,0.31,125,Web,55
SOL00734,Aprobación,2026-05-18 10:20:06,Analista_02,Vehicular,12400.0,1246.15,0.42,31,Web,31
SOL00811,Aprobación,2026-05-18 10:43:22,Analista_08,Personal,11000.0,1841.17,0.34,35,Web,53
SOL00424,Aprobación,2026-05-18 10:46:29,Analista_02,Consumo,2000.0,2168.83,0.15,43,Sucursal,54
SOL00439,Aprobación,2026-05-18 10:52:22,Analista_07,Personal,8700.0,1300.33,0.43,43,Sucursal,28
SOL00402,Aprobación,2026-05-18 10:56:53,Analista_04,Personal,10800.0,1449.46,0.21,79,Sucursal,31
SOL00984,Verificación de documentos,2026-05-18 11:08:56,Verificador_02,Consumo,5300.0,753.37,0.66,161,Web,42
SOL00165,Aprobación,2026-05-18 11:12:11,Analista_06,Consumo,4600.0,673.61,0.3,170,Sucursal,68
SOL00684,Aprobación,2026-05-18 11:50:53,Analista_05,Personal,12100.0,1260.34,0.2,86,Sucursal,59
SOL00235,Aprobación,2026-05-18 12:22:20,Analista_06,Personal,18700.0,2360.78,0.23,85,Agente,48
SOL00294,Solicitud recibida,2026-05-18 12:26:20,Sistema,Consumo,2400.0,1923.18,0.07,24,Web,38
SOL00665,Aprobación,2026-05-18 12:34:00,Analista_07,Personal,15300.0,1521.25,0.42,89,Sucursal,54
SOL01152,Rechazo,2026-05-18 12:53:18,Analista_06,Personal,5000.0,2638.08,0.35,57,Sucursal,22
SOL00894,Solicitud recibida,2026-05-18 14:07:15,Ejecutivo_04,Consumo,3300.0,2286.5,0.5,46,Agente,26
SOL00539,Rechazo,2026-05-18 14:29:00,Analista_08,Vehicular,36700.0,3014.99,0.47,45,Web,64
SOL00335,Aprobación,2026-05-18 15:08:54,Analista_03,Vehicular,24500.0,1277.49,0.25,9,Web,68
SOL00237,Solicitud recibida,2026-05-18 15:22:44,Ejecutivo_05,Vehicular,18400.0,1171.69,0.35,93,Agente,41
SOL00978,Aprobación,2026-05-18 15:30:59,Analista_01,Vehicular,10100.0,1338.23,0.19,27,Web,68
SOL00680,Formalización,2026-05-18 16:24:30,Ejecutivo_04,Personal,17700.0,2013.43,0.16,5,Sucursal,40
SOL01099,Análisis financiero,2026-05-18 16:39:54,Analista_06,Vehicular,25500.0,739.16,0.31,18,Sucursal,21
SOL00215,Análisis financiero,2026-05-18 16:46:08,Analista_05,Personal,6300.0,1655.66,0.59,167,Agente,27
SOL00589,Solicitud recibida,2026-05-18 17:21:03,Ejecutivo_02,Hipotecario,140100.0,2534.98,0.27,6,Sucursal,46
SOL00132,Solicitud recibida,2026-05-18 18:14:17,Ejecutivo_01,Consumo,3400.0,2079.82,0.23,9,Sucursal,66
SOL00565,Solicitud recibida,2026-05-18 20:45:28,Ejecutivo_04,Hipotecario,180200.0,447.4,0.39,78,Agente,28
SOL00904,Solicitud recibida,2026-05-18 21:05:19,Ejecutivo_03,Hipotecario,57300.0,2392.59,0.14,65,Agente,36
SOL00984,Análisis financiero,2026-05-19 08:00:00,Analista_02,Consumo,5300.0,753.37,0.66,161,Web,42
SOL00662,Análisis financiero,2026-05-19 08:00:00,Analista_01,Personal,5000.0,1917.69,0.1,119,Sucursal,64
SOL00266,Verificación de documentos,2026-05-19 08:00:00,Verificador_02,Vehicular,39500.0,1207.81,0.41,27,Web,45
SOL00091,Análisis financiero,2026-05-19 08:00:00,Analista_04,Consumo,7400.0,3954.43,0.38,70,Agente,46
SOL01099,Aprobación,2026-05-19 08:00:00,Analista_06,Vehicular,25500.0,739.16,0.31,18,Sucursal,21
SOL00168,Análisis financiero,2026-05-19 08:00:00,Analista_01,Personal,14700.0,1054.25,0.07,81,Sucursal,65
SOL00294,Verificación de documentos,2026-05-19 08:00:00,Verificador_01,Consumo,2400.0,1923.18,0.07,24,Web,38
SOL01133,Verificación de documentos,2026-05-19 08:00:00,Verificador_04,Consumo,3200.0,1233.16,0.16,148,Agente,28
SOL00723,Análisis financiero,2026-05-19 08:00:00,Analista_02,Personal,17300.0,882.58,0.39,5,Agente,31
SOL00894,Verificación de documentos,2026-05-19 08:00:00,Verificador_04,Consumo,3300.0,2286.5,0.5,46,Agente,26
SOL01184,Verificación de documentos,2026-05-19 08:00:00,Verificador_01,Personal,19900.0,1845.84,0.37,171,Agente,24
SOL00317,Desembolso,2026-05-19 08:00:00,Tesoreria,Hipotecario,203900.0,1519.92,0.27,57,Web,64
SOL00624,Formalización,2026-05-19 08:00:00,Ejecutivo_03,Personal,7000.0,2660.29,0.28,104,Sucursal,64
SOL00237,Verificación de documentos,2026-05-19 08:00:00,Verificador_01,Vehicular,18400.0,1171.69,0.35,93,Agente,41
SOL00374,Desembolso,2026-05-19 08:01:00,Tesoreria,Consumo,2500.0,1087.87,0.05,25,Sucursal,37
SOL00528,Desembolso,2026-05-19 08:08:00,Tesoreria,Consumo,1700.0,3562.38,0.07,40,Web,51
SOL00922,Formalización,2026-05-19 08:10:00,Ejecutivo_03,Consumo,6000.0,1122.37,0.16,13,Web,38
SOL00589,Verificación de documentos,2026-05-19 08:15:00,Verificador_02,Hipotecario,140100.0,2534.98,0.27,6,Sucursal,46
SOL01034,Desembolso,2026-05-19 08:16:00,Tesoreria,Personal,12900.0,1142.8,0.14,51,Web,68
SOL00114,Formalización,2026-05-19 08:16:49,Ejecutivo_05,Personal,12600.0,1794.19,0.13,143,Web,43
SOL00032,Reevaluación,2026-05-19 08:19:00,Analista_04,Consumo,8000.0,1013.69,0.46,69,Web,41
SOL01109,Análisis financiero,2026-05-19 08:20:00,Analista_06,Consumo,8000.0,1569.24,0.17,19,Web,54
SOL00675,Desembolso,2026-05-19 08:25:47,Tesoreria,Consumo,3100.0,981.72,0.54,92,Web,29
SOL00620,Desembolso,2026-05-19 08:28:11,Tesoreria,Personal,11800.0,1261.59,0.22,20,Sucursal,54
SOL00266,Solicitud de información adicional,2026-05-19 08:30:01,Verificador_04,Vehicular,39500.0,1207.81,0.41,27,Web,45
SOL00237,Solicitud de información adicional,2026-05-19 08:30:01,Verificador_01,Vehicular,18400.0,1171.69,0.35,93,Agente,41
SOL00625,Desistimiento,2026-05-19 08:30:02,Sistema,Consumo,2100.0,2412.0,0.53,59,Web,30
SOL00268,Desistimiento,2026-05-19 08:30:02,Sistema,Personal,6200.0,2465.83,0.17,9,Web,56
SOL00904,Verificación de documentos,2026-05-19 08:41:20,Verificador_04,Hipotecario,57300.0,2392.59,0.14,65,Agente,36
SOL00075,Desembolso,2026-05-19 09:10:37,Tesoreria,Vehicular,11300.0,2266.74,0.38,27,Sucursal,67
SOL00904,Solicitud de información adicional,2026-05-19 09:11:21,Verificador_02,Hipotecario,57300.0,2392.59,0.14,65,Agente,36
SOL00565,Verificación de documentos,2026-05-19 09:22:44,Verificador_04,Hipotecario,180200.0,447.4,0.39,78,Agente,28
SOL00984,Aprobación,2026-05-19 09:49:18,Analista_02,Consumo,5300.0,753.37,0.66,161,Web,42
SOL00734,Formalización,2026-05-19 09:52:31,Ejecutivo_05,Vehicular,12400.0,1246.15,0.42,31,Web,31
SOL00149,Solicitud recibida,2026-05-19 10:30:12,Sistema,Personal,12000.0,1929.84,0.55,86,Web,31
SOL01109,Aprobación,2026-05-19 10:43:42,Analista_06,Consumo,8000.0,1569.24,0.17,19,Web,54
SOL00132,Verificación de documentos,2026-05-19 10:58:31,Verificador_04,Consumo,3400.0,2079.82,0.23,9,Sucursal,66
SOL00931,Solicitud recibida,2026-05-19 11:06:44,Ejecutivo_03,Hipotecario,198700.0,1225.47,0.68,51,Agente,62
SOL00593,Desembolso,2026-05-19 12:03:34,Tesoreria,Personal,19400.0,1150.92,0.27,36,Agente,49
SOL00723,Aprobación,2026-05-19 12:31:38,Analista_02,Personal,17300.0,882.58,0.39,5,Agente,31
SOL00227,Desembolso,2026-05-19 12:36:33,Tesoreria,Vehicular,18900.0,1134.84,0.52,25,Sucursal,46
SOL00665,Formalización,2026-05-19 12:51:37,Ejecutivo_05,Personal,15300.0,1521.25,0.42,89,Sucursal,54
SOL00289,Solicitud recibida,2026-05-19 13:14:06,Sistema,Vehicular,20300.0,2888.05,0.16,1,Web,22
SOL00578,Desembolso,2026-05-19 13:18:10,Tesoreria,Personal,9600.0,612.15,0.18,74,Agente,46
SOL00614,Desembolso,2026-05-19 13:21:20,Tesoreria,Vehicular,17100.0,2091.56,0.23,4,Sucursal,59
SOL00689,Análisis financiero,2026-05-19 13:42:02,Analista_07,Vehicular,24800.0,1999.93,0.68,20,Web,36
SOL00091,Aprobación,2026-05-19 13:46:35,Analista_04,Consumo,7400.0,3954.43,0.38,70,Agente,46
SOL01079,Solicitud recibida,2026-05-19 13:53:35,Ejecutivo_04,Personal,8100.0,728.48,0.34,68,Sucursal,31
SOL00194,Desembolso,2026-05-19 14:01:43,Tesoreria,Consumo,5100.0,2355.54,0.15,40,Web,32
SOL01103,Desembolso,2026-05-19 14:08:15,Tesoreria,Hipotecario,172700.0,2306.7,0.06,2,Web,26
SOL00418,Formalización,2026-05-19 14:20:08,Ejecutivo_01,Hipotecario,134300.0,1360.11,0.42,21,Agente,33
SOL00676,Solicitud recibida,2026-05-19 14:20:27,Sistema,Hipotecario,202800.0,1566.67,0.19,142,Web,59
SOL00386,Solicitud recibida,2026-05-19 14:20:34,Sistema,Personal,7300.0,2716.4,0.14,4,Web,40
SOL00215,Reevaluación,2026-05-19 14:22:51,Analista_05,Personal,6300.0,1655.66,0.59,167,Agente,27
SOL00158,Formalización,2026-05-19 14:32:54,Ejecutivo_04,Personal,17700.0,1298.52,0.26,130,Sucursal,40
SOL01060,Desembolso,2026-05-19 14:51:28,Tesoreria,Consumo,5900.0,2387.48,0.37,49,Web,67
SOL00153,Solicitud recibida,2026-05-19 14:55:11,Ejecutivo_03,Personal,14100.0,1785.3,0.11,30,Sucursal,31
SOL00099,Desembolso,2026-05-19 15:02:03,Tesoreria,Consumo,2200.0,1216.42,0.27,45,Sucursal,61
SOL00211,Recepción de información,2026-05-19 15:44:05,Sistema,Personal,16800.0,752.38,0.18,29,Web,66
SOL00653,Solicitud recibida,2026-05-19 17:42:19,Sistema,Vehicular,26900.0,1088.26,0.39,18,Web,26
SOL00365,Solicitud recibida,2026-05-19 19:17:20,Ejecutivo_01,Personal,10900.0,1519.05,0.45,139,Sucursal,44
SOL00928,Recepción de información,2026-05-19 19:20:01,Sistema,Hipotecario,58200.0,1136.43,0.27,244,Web,65
SOL00217,Solicitud recibida,2026-05-19 21:05:57,Ejecutivo_01,Consumo,6800.0,1415.37,0.1,62,Sucursal,63
SOL00259,Solicitud recibida,2026-05-19 21:54:13,Sistema,Hipotecario,217000.0,1393.35,0.16,31,Web,30
SOL00273,Recepción de información,2026-05-20 07:09:05,Sistema,Vehicular,30000.0,2691.05,0.5,113,Sucursal,23
SOL00178,Desembolso,2026-05-20 08:00:00,Tesoreria,Vehicular,14900.0,1593.89,0.17,45,Web,37
SOL00066,Análisis financiero,2026-05-20 08:00:00,Analista_02,Personal,5100.0,1651.81,0.05,41,Sucursal,60
SOL01184,Análisis financiero,2026-05-20 08:00:00,Analista_03,Personal,19900.0,1845.84,0.37,171,Agente,24
SOL00149,Verificación de documentos,2026-05-20 08:00:00,Verificador_01,Personal,12000.0,1929.84,0.55,86,Web,31
SOL00931,Verificación de documentos,2026-05-20 08:00:00,Verificador_01,Hipotecario,198700.0,1225.47,0.68,51,Agente,62
SOL00928,Verificación de documentos,2026-05-20 08:00:00,Verificador_01,Hipotecario,58200.0,1136.43,0.27,244,Web,65
SOL00289,Verificación de documentos,2026-05-20 08:00:00,Verificador_04,Vehicular,20300.0,2888.05,0.16,1,Web,22
SOL00743,Desembolso,2026-05-20 08:00:00,Tesoreria,Personal,12400.0,1115.52,0.17,220,Web,30
SOL00456,Desembolso,2026-05-20 08:00:00,Tesoreria,Vehicular,28800.0,1096.02,0.29,92,Sucursal,63
SOL00114,Desembolso,2026-05-20 08:00:00,Tesoreria,Personal,12600.0,1794.19,0.13,143,Web,43
SOL00211,Verificación de documentos,2026-05-20 08:00:00,Verificador_04,Personal,16800.0,752.38,0.18,29,Web,66
SOL00662,Aprobación,2026-05-20 08:00:00,Analista_01,Personal,5000.0,1917.69,0.1,119,Sucursal,64
SOL00985,Desembolso,2026-05-20 08:00:00,Tesoreria,Vehicular,22700.0,721.75,0.27,135,Sucursal,24
SOL00922,Desembolso,2026-05-20 08:00:00,Tesoreria,Consumo,6000.0,1122.37,0.16,13,Web,38
SOL01079,Verificación de documentos,2026-05-20 08:00:00,Verificador_01,Personal,8100.0,728.48,0.34,68,Sucursal,31
SOL00777,Desembolso,2026-05-20 08:00:00,Tesoreria,Personal,17000.0,572.84,0.3,182,Web,67
SOL00215,Rechazo,2026-05-20 08:00:00,Analista_05,Personal,6300.0,1655.66,0.59,167,Agente,27
SOL00153,Verificación de documentos,2026-05-20 08:00:00,Verificador_01,Personal,14100.0,1785.3,0.11,30,Sucursal,31
SOL00676,Verificación de documentos,2026-05-20 08:00:00,Verificador_02,Hipotecario,202800.0,1566.67,0.19,142,Web,59
SOL00689,Rechazo,2026-05-20 08:00:00,Analista_07,Vehicular,24800.0,1999.93,0.68,20,Web,36
SOL00811,Formalización,2026-05-20 08:00:00,Ejecutivo_04,Personal,11000.0,1841.17,0.34,35,Web,53
SOL00032,Reevaluación,2026-05-20 08:00:00,Analista_04,Consumo,8000.0,1013.69,0.46,69,Web,41
SOL00894,Análisis financiero,2026-05-20 08:01:00,Analista_05,Consumo,3300.0,2286.5,0.5,46,Agente,26
SOL00849,Desembolso,2026-05-20 08:03:00,Tesoreria,Hipotecario,57200.0,2117.48,0.11,4,Web,23
SOL00158,Desembolso,2026-05-20 08:04:00,Tesoreria,Personal,17700.0,1298.52,0.26,130,Sucursal,40
SOL00589,Análisis financiero,2026-05-20 08:05:00,Analista_08,Hipotecario,140100.0,2534.98,0.27,6,Sucursal,46
SOL00021,Desembolso,2026-05-20 08:06:00,Tesoreria,Hipotecario,177100.0,3498.47,0.18,83,Agente,42
SOL00680,Desembolso,2026-05-20 08:07:00,Tesoreria,Personal,17700.0,2013.43,0.16,5,Sucursal,40
SOL00168,Aprobación,2026-05-20 08:09:00,Analista_01,Personal,14700.0,1054.25,0.07,81,Sucursal,65
SOL00734,Desembolso,2026-05-20 08:11:00,Tesoreria,Vehicular,12400.0,1246.15,0.42,31,Web,31
SOL00386,Verificación de documentos,2026-05-20 08:15:00,Verificador_02,Personal,7300.0,2716.4,0.14,4,Web,40
SOL00653,Verificación de documentos,2026-05-20 08:15:00,Verificador_01,Vehicular,26900.0,1088.26,0.39,18,Web,26
SOL01133,Análisis financiero,2026-05-20 08:16:00,Analista_08,Consumo,3200.0,1233.16,0.16,148,Agente,28
SOL00665,Desembolso,2026-05-20 08:16:10,Tesoreria,Personal,15300.0,1521.25,0.42,89,Sucursal,54
SOL00604,Recepción de información,2026-05-20 08:17:11,Sistema,Personal,11200.0,1202.75,0.44,119,Web,32
SOL00365,Verificación de documentos,2026-05-20 08:25:00,Verificador_04,Personal,10900.0,1519.05,0.45,139,Sucursal,44
SOL00132,Análisis financiero,2026-05-20 08:25:00,Analista_01,Consumo,3400.0,2079.82,0.23,9,Sucursal,66
SOL00259,Verificación de documentos,2026-05-20 08:28:02,Verificador_01,Hipotecario,217000.0,1393.35,0.16,31,Web,30
SOL00149,Solicitud de información adicional,2026-05-20 08:30:01,Verificador_02,Personal,12000.0,1929.84,0.55,86,Web,31
SOL00931,Solicitud de información adicional,2026-05-20 08:30:01,Verificador_03,Hipotecario,198700.0,1225.47,0.68,51,Agente,62
SOL00676,Solicitud de información adicional,2026-05-20 08:30:01,Verificador_03,Hipotecario,202800.0,1566.67,0.19,142,Web,59
SOL00386,Solicitud de información adicional,2026-05-20 08:45:01,Verificador_03,Personal,7300.0,2716.4,0.14,4,Web,40
SOL00380,Desembolso,2026-05-20 08:51:55,Tesoreria,Consumo,5000.0,1233.19,0.29,10,Sucursal,57
SOL00259,Solicitud de información adicional,2026-05-20 08:58:03,Verificador_04,Hipotecario,217000.0,1393.35,0.16,31,Web,30
SOL00235,Formalización,2026-05-20 09:35:49,Ejecutivo_05,Personal,18700.0,2360.78,0.23,85,Agente,48
SOL01025,Análisis financiero,2026-05-20 10:42:13,Analista_07,Consumo,6300.0,2132.94,0.22,58,Sucursal,35
SOL00132,Aprobación,2026-05-20 10:51:38,Analista_01,Consumo,3400.0,2079.82,0.23,9,Sucursal,66
SOL01184,Rechazo,2026-05-20 11:31:19,Analista_03,Personal,19900.0,1845.84,0.37,171,Agente,24
SOL00273,Verificación de documentos,2026-05-20 12:11:45,Verificador_03,Vehicular,30000.0,2691.05,0.5,113,Sucursal,23
SOL00217,Verificación de documentos,2026-05-20 12:12:52,Verificador_03,Consumo,6800.0,1415.37,0.1,62,Sucursal,63
SOL00273,Solicitud de información adicional,2026-05-20 12:41:46,Verificador_03,Vehicular,30000.0,2691.05,0.5,113,Sucursal,23
SOL00978,Formalización ,2026-05-20 13:01:36,Ejecutivo_02,Vehicular,10100.0,1338.23,0.19,27,Web,68
SOL00418,Desembolso,2026-05-20 13:13:33,Tesoreria,Hipotecario,134300.0,1360.11,0.42,21,Agente,33
SOL00165,Formalización,2026-05-20 13:42:02,Ejecutivo_04,Consumo,4600.0,673.61,0.3,170,Sucursal,68
SOL01025,Aprobación,2026-05-20 14:12:56,Analista_07,Consumo,6300.0,2132.94,0.22,58,Sucursal,35
SOL00027,Desembolso,2026-05-20 14:18:57,Tesoreria,Consumo,3900.0,1486.35,0.21,72,Sucursal,52
SOL01040,Desembolso,2026-05-20 15:02:04,Tesoreria,Vehicular,33900.0,662.95,0.14,128,Sucursal,36
SOL01133,Aprobación,2026-05-20 15:11:32,Analista_08,Consumo,3200.0,1233.16,0.16,148,Agente,28
SOL00032,Rechazo,2026-05-20 15:14:30,Analista_04,Consumo,8000.0,1013.69,0.46,69,Web,41
SOL00439,Formalización,2026-05-20 15:18:34,Ejecutivo_05,Personal,8700.0,1300.33,0.43,43,Sucursal,28
SOL00066,Aprobación,2026-05-20 15:33:55,Analista_02,Personal,5100.0,1651.81,0.05,41,Sucursal,60
SOL00498,Desembolso,2026-05-20 16:57:59,Tesoreria,Consumo,3000.0,751.79,0.25,95,Sucursal,64
SOL00163,Solicitud recibida,2026-05-20 17:09:35,Ejecutivo_02,Vehicular,34800.0,1714.0,0.59,219,Sucursal,50
SOL00029,Solicitud recibida,2026-05-20 19:15:29,Sistema,Personal,16400.0,1434.86,0.05,3,Web,68
SOL00550,Solicitud recibida,2026-05-20 19:26:47,Ejecutivo_06,Vehicular,14800.0,1483.01,0.3,38,Agente,45
SOL00640,Solicitud recibida,2026-05-20 20:26:22,Sistema,Vehicular,28100.0,2708.59,0.48,92,Web,63
SOL00435,Solicitud recibida,2026-05-20 21:20:50,Sistema,Vehicular,36500.0,2114.29,0.26,40,Web,21
SOL00556,Recepción de información,2026-05-21 00:00:06,Sistema,Consumo,7000.0,1443.4,0.22,43,Web,63
SOL00237,Recepción de información,2026-05-21 07:07:31,Sistema,Vehicular,18400.0,1171.69,0.35,93,Agente,41
SOL00653,Análisis financiero,2026-05-21 08:00:00,Analista_06,Vehicular,26900.0,1088.26,0.39,18,Web,26
SOL00604,Verificación de documentos,2026-05-21 08:00:00,Verificador_04,Personal,11200.0,1202.75,0.44,119,Web,32
SOL00624,Desembolso,2026-05-21 08:00:00,Tesoreria,Personal,7000.0,2660.29,0.28,104,Sucursal,64
SOL00565,Análisis financiero,2026-05-21 08:00:00,Analista_04,Hipotecario,180200.0,447.4,0.39,78,Agente,28
SOL00649,Formalización,2026-05-21 08:00:00,Ejecutivo_05,Personal,3000.0,1688.14,0.31,125,Web,55
SOL00153,Análisis financiero,2026-05-21 08:00:00,Analista_08,Personal,14100.0,1785.3,0.11,30,Sucursal,31
SOL00590,Análisis financiero,2026-05-21 08:00:00,Analista_02,Consumo,2700.0,3651.64,0.1,290,Sucursal,23
SOL00928,Análisis financiero,2026-05-21 08:01:00,Analista_08,Hipotecario,58200.0,1136.43,0.27,244,Web,65
SOL00335,Formalización,2026-05-21 08:01:00,Ejecutivo_02,Vehicular,24500.0,1277.49,0.25,9,Web,68
SOL00640,Verificación de documentos,2026-05-21 08:02:00,Verificador_04,Vehicular,28100.0,2708.59,0.48,92,Web,63
SOL00402,Formalización,2026-05-21 08:04:00,Ejecutivo_06,Personal,10800.0,1449.46,0.21,79,Sucursal,31
SOL00894,Reevaluación,2026-05-21 08:06:00,Analista_05,Consumo,3300.0,2286.5,0.5,46,Agente,26
SOL00811,Desembolso,2026-05-21 08:07:00,Tesoreria,Personal,11000.0,1841.17,0.34,35,Web,53
SOL00550,Verificación de documentos,2026-05-21 08:09:00,Verificador_01,Vehicular,14800.0,1483.01,0.3,38,Agente,45
SOL00435,Verificación de documentos,2026-05-21 08:12:00,Verificador_03,Vehicular,36500.0,2114.29,0.26,40,Web,21
SOL00196,Formalización,2026-05-21 08:15:00,Ejecutivo_05,Personal,15500.0,2307.22,0.54,12,Sucursal,54
SOL00684,Formalización,2026-05-21 08:20:00,Ejecutivo_01,Personal,12100.0,1260.34,0.2,86,Sucursal,59
SOL00289,Análisis financiero,2026-05-21 08:27:00,Analista_07,Vehicular,20300.0,2888.05,0.16,1,Web,22
SOL00289,Análisis financiero,2026-05-21 08:27:00,Analista_07,Vehicular,20300.0,2888.05,0.16,1,Web,22
SOL00163,Verificación de documentos,2026-05-21 08:28:00,Verificador_04,Vehicular,34800.0,1714.0,0.59,219,Sucursal,50
SOL00604,Solicitud de información adicional,2026-05-21 08:30:01,Verificador_03,Personal,11200.0,1202.75,0.44,119,Web,32
SOL00640,Solicitud de información adicional,2026-05-21 08:32:01,Verificador_03,Vehicular,28100.0,2708.59,0.48,92,Web,63
SOL00435,Solicitud de información adicional,2026-05-21 08:42:01,Verificador_03,Vehicular,36500.0,2114.29,0.26,40,Web,21
SOL00153,Aprobación,2026-05-21 08:54:14,Analista_08,Personal,14100.0,1785.3,0.11,30,Sucursal,31
SOL01079,Análisis financiero,2026-05-21 08:54:56,Analista_08,Personal,8100.0,728.48,0.34,68,Sucursal,31
SOL00556,Verificación de documentos,2026-05-21 09:01:01,Verificador_04,Consumo,7000.0,1443.4,0.22,43,Web,63
SOL00386,Recepción de información,2026-05-21 09:08:03,Sistema,Personal,7300.0,2716.4,0.14,4,Web,40
SOL00556,Solicitud de información adicional,2026-05-21 09:31:02,Verificador_04,Consumo,7000.0,1443.4,0.22,43,Web,63
SOL01099,Formalización,2026-05-21 09:51:52,Ejecutivo_03,Vehicular,25500.0,739.16,0.31,18,Sucursal,21
SOL00505,Comité de crédito,2026-05-21 10:00:01,Comite,Hipotecario,193300.0,1552.7,0.31,59,Sucursal,45
SOL00151,Comité de crédito,2026-05-21 10:00:01,Comite,Vehicular,32900.0,1647.43,0.37,30,Web,34
SOL00589,Comité de crédito,2026-05-21 10:00:01,Comite,Hipotecario,140100.0,2534.98,0.27,6,Sucursal,46
SOL00061,Comité de crédito,2026-05-21 10:00:01,Comite,Vehicular,36700.0,1397.16,0.33,21,Sucursal,26
SOL00635,Comité de crédito,2026-05-21 10:00:01,Comite,Hipotecario,238000.0,1482.41,0.44,9,Web,36
SOL01006,Desistimiento,2026-05-21 10:19:59,Sistema,Hipotecario,122400.0,1258.26,0.41,189,Web,23
SOL00653,Rechazo,2026-05-21 10:25:36,Analista_06,Vehicular,26900.0,1088.26,0.39,18,Web,26
SOL01079,Aprobación,2026-05-21 10:26:17,Analista_08,Personal,8100.0,728.48,0.34,68,Sucursal,31
SOL00365,Análisis financiero,2026-05-21 10:32:27,Analista_04,Personal,10900.0,1519.05,0.45,139,Sucursal,44
SOL00217,Análisis financiero,2026-05-21 11:28:00,Analista_02,Consumo,6800.0,1415.37,0.1,62,Sucursal,63
SOL00745,Solicitud recibida,2026-05-21 11:41:27,Ejecutivo_03,Consumo,2200.0,2239.7,0.05,0,Sucursal,40
SOL00833,Solicitud recibida,2026-05-21 12:00:52,Ejecutivo_02,Personal,12400.0,2383.44,0.16,83,Sucursal,26
SOL00289,Aprobación,2026-05-21 12:04:53,Analista_07,Vehicular,20300.0,2888.05,0.16,1,Web,22
SOL00365,Rechazo,2026-05-21 12:13:00,Analista_04,Personal,10900.0,1519.05,0.45,139,Sucursal,44
SOL00590,Aprobación,2026-05-21 12:22:55,Analista_02,Consumo,2700.0,3651.64,0.1,290,Sucursal,23
SOL00984,Formalización,2026-05-21 12:27:24,Ejecutivo_03,Consumo,5300.0,753.37,0.66,161,Web,42
SOL00546,Solicitud recibida,2026-05-21 13:09:22,Ejecutivo_06,Consumo,1200.0,678.11,0.65,73,Sucursal,26
SOL00061,Rechazo,2026-05-21 13:17:36,Analista_01,Vehicular,36700.0,1397.16,0.33,21,Sucursal,26
SOL00211,Análisis financiero,2026-05-21 13:23:16,Analista_01,Personal,16800.0,752.38,0.18,29,Web,66
SOL00592,Solicitud recibida,2026-05-21 14:09:26,Ejecutivo_03,Personal,12200.0,612.24,0.04,284,Sucursal,35
SOL00635,Rechazo,2026-05-21 15:03:39,Analista_06,Hipotecario,238000.0,1482.41,0.44,9,Web,36
SOL00505,Rechazo,2026-05-21 15:12:24,Analista_06,Hipotecario,193300.0,1552.7,0.31,59,Sucursal,45
SOL00217,Aprobación,2026-05-21 15:19:31,Analista_02,Consumo,6800.0,1415.37,0.1,62,Sucursal,63
SOL00629,Solicitud recibida,2026-05-21 15:27:23,Ejecutivo_03,Personal,7500.0,978.83,0.3,49,Sucursal,70
SOL00151,Rechazo,2026-05-21 15:27:29,Analista_06,Vehicular,32900.0,1647.43,0.37,30,Web,34
SOL00235,Desembolso,2026-05-21 15:28:53,Tesoreria,Personal,18700.0,2360.78,0.23,85,Agente,48
SOL00649,Desembolso,2026-05-21 15:34:56,Tesoreria,Personal,3000.0,1688.14,0.31,125,Web,55
SOL00988,Solicitud recibida,2026-05-21 15:35:49,Ejecutivo_04,Personal,5600.0,1206.72,0.25,21,Agente,23
SOL00723,Formalización,2026-05-21 16:01:43,Ejecutivo_03,Personal,17300.0,882.58,0.39,5,Agente,31
SOL00237,Verificación de documentos,2026-05-21 16:04:00,Verificador_01,Vehicular,18400.0,1171.69,0.35,93,Agente,41
SOL01109,Formalización,2026-05-21 16:56:12,Ejecutivo_05,Consumo,8000.0,1569.24,0.17,19,Web,54
SOL00204,Solicitud recibida,2026-05-21 18:20:21,Sistema,Vehicular,37100.0,929.87,0.48,153,Web,59
SOL00396,Recepción de información,2026-05-21 22:15:34,Sistema,Hipotecario,183400.0,4584.26,0.31,2,Web,58
SOL00435,Recepción de información,2026-05-22 05:44:01,Sistema,Vehicular,36500.0,2114.29,0.26,40,Web,21
SOL00029,Verificación de documentos,2026-05-22 08:00:00,Verificador_03,Personal,16400.0,1434.86,0.05,3,Web,68
SOL00386,Verificación de documentos,2026-05-22 08:00:00,Verificador_01,Personal,7300.0,2716.4,0.14,4,Web,40
SOL00168,Formalización,2026-05-22 08:00:00,Ejecutivo_01,Personal,14700.0,1054.25,0.07,81,Sucursal,65
SOL00289,Formalización,2026-05-22 08:00:00,Ejecutivo_01,Vehicular,20300.0,2888.05,0.16,1,Web,22
SOL00759,Formalización,2026-05-22 08:00:00,Ejecutivo_01,Personal,17600.0,1315.39,0.69,146,Sucursal,23
SOL00833,Verificación de documentos,2026-05-22 08:00:00,Verificador_02,Personal,12400.0,2383.44,0.16,83,Sucursal,26
SOL00294,Análisis financiero,2026-05-22 08:00:00,Analista_07,Consumo,2400.0,1923.18,0.07,24,Web,38
SOL00662,Formalización,2026-05-22 08:00:00,Ejecutivo_01,Personal,5000.0,1917.69,0.1,119,Sucursal,64
SOL00211,Aprobación,2026-05-22 08:00:00,Analista_01,Personal,16800.0,752.38,0.18,29,Web,66
SOL00589,Aprobación,2026-05-22 08:00:00,Comite,Hipotecario,140100.0,2534.98,0.27,6,Sucursal,46
SOL00402,Desembolso,2026-05-22 08:00:00,Tesoreria,Personal,10800.0,1449.46,0.21,79,Sucursal,31
SOL00424,Formalización,2026-05-22 08:00:00,Ejecutivo_06,Consumo,2000.0,2168.83,0.15,43,Sucursal,54
SOL00592,Verificación de documentos,2026-05-22 08:00:00,Verificador_02,Personal,12200.0,612.24,0.04,284,Sucursal,35
SOL00978,Desembolso,2026-05-22 08:00:00,Tesoreria,Vehicular,10100.0,1338.23,0.19,27,Web,68
SOL00546,Verificación de documentos,2026-05-22 08:00:00,Verificador_01,Consumo,1200.0,678.11,0.65,73,Sucursal,26
SOL00396,Verificación de documentos,2026-05-22 08:04:00,Verificador_02,Hipotecario,183400.0,4584.26,0.31,2,Web,58
SOL01099,Desembolso,2026-05-22 08:05:00,Tesoreria,Vehicular,25500.0,739.16,0.31,18,Sucursal,21
SOL00204,Verificación de documentos,2026-05-22 08:06:00,Verificador_03,Vehicular,37100.0,929.87,0.48,153,Web,59
SOL00984,Desembolso,2026-05-22 08:07:00,Tesoreria,Consumo,5300.0,753.37,0.66,161,Web,42
SOL00333,Solicitud recibida,2026-05-22 08:09:59,Sistema,Vehicular,32300.0,1569.88,0.04,1,Web,25
SOL00629,Verificación de documentos,2026-05-22 08:11:00,Verificador_02,Personal,7500.0,978.83,0.3,49,Sucursal,70
SOL00988,Verificación de documentos,2026-05-22 08:25:00,Verificador_02,Personal,5600.0,1206.72,0.25,21,Agente,23
SOL00165,Desembolso,2026-05-22 08:27:00,Tesoreria,Consumo,4600.0,673.61,0.3,170,Sucursal,68
SOL00988,Solicitud de información adicional,2026-05-22 08:55:01,Verificador_01,Personal,5600.0,1206.72,0.25,21,Agente,23
SOL00439,Desembolso,2026-05-22 09:01:38,Tesoreria,Personal,8700.0,1300.33,0.43,43,Sucursal,28
SOL00066,Formalización,2026-05-22 10:07:41,Ejecutivo_06,Personal,5100.0,1651.81,0.05,41,Sucursal,60
SOL01196,Recepción de información,2026-05-22 10:36:18,Sistema,Hipotecario,108100.0,1835.43,0.13,61,Web,40
SOL00163,Análisis financiero,2026-05-22 10:49:23,Analista_07,Vehicular,34800.0,1714.0,0.59,219,Sucursal,50
SOL00859,Solicitud recibida,2026-05-22 10:52:21,Ejecutivo_03,Personal,19200.0,1092.49,0.14,7,Agente,28
SOL01144,Formalización,2026-05-22 11:23:01,Ejecutivo_06,Vehicular,13100.0,1159.6,0.05,14,Agente,33
SOL00894,Reevaluación,2026-05-22 11:50:35,Analista_05,Consumo,3300.0,2286.5,0.5,46,Agente,26
SOL00196,Desembolso,2026-05-22 12:34:23,Tesoreria,Personal,15500.0,2307.22,0.54,12,Sucursal,54
SOL00745,Verificación de documentos,2026-05-22 13:22:19,Verificador_01,Consumo,2200.0,2239.7,0.05,0,Sucursal,40
SOL00435,Verificación de documentos,2026-05-22 13:38:01,Verificador_03,Vehicular,36500.0,2114.29,0.26,40,Web,21
SOL00629,Análisis financiero,2026-05-22 14:04:37,Analista_01,Personal,7500.0,978.83,0.3,49,Sucursal,70
SOL01109,Desembolso,2026-05-22 14:30:12,Tesoreria,Consumo,8000.0,1569.24,0.17,19,Web,54
SOL00894,Aprobación,2026-05-22 14:59:24,Analista_05,Consumo,3300.0,2286.5,0.5,46,Agente,26
SOL00480,Solicitud recibida,2026-05-22 15:02:32,Ejecutivo_01,Personal,7500.0,986.2,0.06,4,Sucursal,41
SOL01068,Solicitud recibida,2026-05-22 15:19:10,Ejecutivo_01,Consumo,4100.0,1140.33,0.08,74,Agente,25
SOL00294,Aprobación,2026-05-22 15:26:42,Analista_07,Consumo,2400.0,1923.18,0.07,24,Web,38
SOL00029,Análisis financiero,2026-05-22 15:40:59,Analista_05,Personal,16400.0,1434.86,0.05,3,Web,68
SOL00629,Aprobación,2026-05-22 16:38:02,Analista_01,Personal,7500.0,978.83,0.3,49,Sucursal,70
SOL01029,Solicitud recibida,2026-05-22 17:35:57,Sistema,Vehicular,13500.0,1609.1,0.38,31,Web,67
SOL00281,Solicitud recibida,2026-05-22 19:11:28,Sistema,Personal,13600.0,3803.98,0.08,80,Web,39
SOL00259,Recepción de información,2026-05-22 20:22:05,Sistema,Hipotecario,217000.0,1393.35,0.16,31,Web,30
SOL00863,Recepción de información,2026-05-22 20:22:31,Sistema,Consumo,2100.0,5127.28,0.38,1,Sucursal,61
SOL00989,Solicitud recibida,2026-05-22 21:31:26,Sistema,Personal,14800.0,2998.58,0.28,5,Web,55
SOL00604,Recepción de información,2026-05-23 07:00:18,Sistema,Personal,11200.0,1202.75,0.44,119,Web,32
SOL00924,Solicitud recibida,2026-05-23 08:23:19,Sistema,Vehicular,24400.0,1255.29,0.44,9,Web,38
SOL00932,Recepción de información,2026-05-23 10:10:27,Sistema,Hipotecario,87900.0,751.01,0.22,40,Sucursal,26
SOL00682,Solicitud recibida,2026-05-23 13:08:51,Ejecutivo_04,Consumo,4500.0,1846.43,0.1,4,Agente,70
SOL00509,Solicitud recibida,2026-05-23 15:24:06,Sistema,Consumo,5800.0,2513.81,0.1,126,Web,55
SOL00366,Solicitud recibida,2026-05-23 15:49:06,Ejecutivo_05,Personal,13300.0,953.83,0.32,101,Agente,59
SOL01072,Solicitud recibida,2026-05-23 18:39:09,Ejecutivo_01,Personal,13200.0,2787.51,0.05,111,Sucursal,56
SOL00806,Solicitud recibida,2026-05-23 20:11:21,Sistema,Personal,19700.0,1940.27,0.23,77,Web,63
SOL00931,Recepción de información,2026-05-23 21:12:48,Sistema,Hipotecario,198700.0,1225.47,0.68,51,Agente,62
SOL00676,Recepción de información,2026-05-24 06:19:38,Sistema,Hipotecario,202800.0,1566.67,0.19,142,Web,59
SOL01093,Solicitud recibida,2026-05-24 08:57:12,Ejecutivo_01,Hipotecario,93400.0,1288.44,0.34,69,Sucursal,25
SOL00707,Solicitud recibida,2026-05-24 11:57:07,Ejecutivo_01,Vehicular,19900.0,2059.49,0.09,46,Agente,22
SOL00412,Solicitud recibida,2026-05-24 13:30:17,Sistema,Personal,16200.0,1149.64,0.11,46,Web,21
SOL00556,Recepción de información,2026-05-24 15:26:13,Sistema,Consumo,7000.0,1443.4,0.22,43,Web,63
SOL00714,Solicitud recibida,2026-05-24 19:36:46,Ejecutivo_01,Consumo,3100.0,1507.44,0.03,18,Agente,46
SOL00814,Recepción de información,2026-05-24 21:44:02,Sistema,Consumo,6400.0,1186.89,0.46,77,Web,42
SOL00396,Análisis financiero,2026-05-25 08:00:00,Analista_01,Hipotecario,183400.0,4584.26,0.31,2,Web,58
SOL00932,Verificación de documentos,2026-05-25 08:00:00,Verificador_03,Hipotecario,87900.0,751.01,0.22,40,Sucursal,26
SOL00366,Verificación de documentos,2026-05-25 08:00:00,Verificador_01,Personal,13300.0,953.83,0.32,101,Agente,59
SOL00294,Formalización,2026-05-25 08:00:00,Ejecutivo_02,Consumo,2400.0,1923.18,0.07,24,Web,38
SOL00759,Desembolso,2026-05-25 08:00:00,Tesoreria,Personal,17600.0,1315.39,0.69,146,Sucursal,23
SOL00931,Verificación de documentos,2026-05-25 08:00:00,Verificador_01,Hipotecario,198700.0,1225.47,0.68,51,Agente,62
SOL00168,Desembolso,2026-05-25 08:00:00,Tesoreria,Personal,14700.0,1054.25,0.07,81,Sucursal,65
SOL00153,Formalización,2026-05-25 08:00:00,Ejecutivo_05,Personal,14100.0,1785.3,0.11,30,Sucursal,31
SOL00509,Verificación de documentos,2026-05-25 08:00:00,Verificador_02,Consumo,5800.0,2513.81,0.1,126,Web,55
SOL00546,Análisis financiero,2026-05-25 08:00:00,Analista_05,Consumo,1200.0,678.11,0.65,73,Sucursal,26
SOL00629,Formalización,2026-05-25 08:00:00,Ejecutivo_02,Personal,7500.0,978.83,0.3,49,Sucursal,70
SOL00204,Análisis financiero,2026-05-25 08:00:00,Analista_01,Vehicular,37100.0,929.87,0.48,153,Web,59
SOL00989,Verificación de documentos,2026-05-25 08:00:00,Verificador_01,Personal,14800.0,2998.58,0.28,5,Web,55
SOL00132,Formalización,2026-05-25 08:00:00,Ejecutivo_01,Consumo,3400.0,2079.82,0.23,9,Sucursal,66
SOL00217,Formalización,2026-05-25 08:00:00,Ejecutivo_05,Consumo,6800.0,1415.37,0.1,62,Sucursal,63
SOL00589,Formalización,2026-05-25 08:00:00,Ejecutivo_04,Hipotecario,140100.0,2534.98,0.27,6,Sucursal,46
SOL00435,Análisis financiero,2026-05-25 08:00:00,Analista_08,Vehicular,36500.0,2114.29,0.26,40,Web,21
SOL00550,Análisis financiero,2026-05-25 08:00:00,Analista_02,Vehicular,14800.0,1483.01,0.3,38,Agente,45
SOL00029,Aprobación,2026-05-25 08:00:00,Analista_05,Personal,16400.0,1434.86,0.05,3,Web,68
SOL00237,análisis financiero,2026-05-25 08:00:00,Analista_04,Vehicular,18400.0,1171.69,0.35,93,Agente,41
SOL00833,Análisis financiero,2026-05-25 08:00:00,Analista_01,Personal,12400.0,2383.44,0.16,83,Sucursal,26
SOL01196,Verificación de documentos,2026-05-25 08:00:00,Verificador_01,Hipotecario,108100.0,1835.43,0.13,61,Web,40
SOL00424,Desembolso,2026-05-25 08:00:00,Tesoreria,Consumo,2000.0,2168.83,0.15,43,Sucursal,54
SOL00480,Verificación de documentos,2026-05-25 08:00:00,Verificador_04,Personal,7500.0,986.2,0.06,4,Sucursal,41
SOL00684,Desembolso,2026-05-25 08:00:00,Tesoreria,Personal,12100.0,1260.34,0.2,86,Sucursal,59
SOL01025,Formalización,2026-05-25 08:00:00,Ejecutivo_05,Consumo,6300.0,2132.94,0.22,58,Sucursal,35
SOL00604,Verificación de documentos,2026-05-25 08:00:00,Verificador_02,Personal,11200.0,1202.75,0.44,119,Web,32
SOL00924,Verificación de documentos,2026-05-25 08:00:00,Verificador_03,Vehicular,24400.0,1255.29,0.44,9,Web,38
SOL01072,Verificación de documentos,2026-05-25 08:00:00,Verificador_02,Personal,13200.0,2787.51,0.05,111,Sucursal,56
SOL00066,Desembolso,2026-05-25 08:00:00,Tesoreria,Personal,5100.0,1651.81,0.05,41,Sucursal,60
SOL00859,Verificación de documentos,2026-05-25 08:00:00,Verificador_03,Personal,19200.0,1092.49,0.14,7,Agente,28
SOL00592,Análisis financiero,2026-05-25 08:00:00,Analista_03,Personal,12200.0,612.24,0.04,284,Sucursal,35
SOL00386,Análisis financiero,2026-05-25 08:00:00,Analista_02,Personal,7300.0,2716.4,0.14,4,Web,40
SOL01068,Verificación de documentos,2026-05-25 08:00:00,Verificador_03,Consumo,4100.0,1140.33,0.08,74,Agente,25
SOL00556,Verificación de documentos,2026-05-25 08:00:00,Verificador_02,Consumo,7000.0,1443.4,0.22,43,Web,63
SOL00745,Análisis financiero,2026-05-25 08:00:00,Analista_05,Consumo,2200.0,2239.7,0.05,0,Sucursal,40
SOL00723,Desembolso,2026-05-25 08:00:00,Tesoreria,Personal,17300.0,882.58,0.39,5,Agente,31
SOL01144,Desembolso,2026-05-25 08:00:00,Tesoreria,Vehicular,13100.0,1159.6,0.05,14,Agente,33
SOL00335,Desembolso,2026-05-25 08:00:00,Tesoreria,Vehicular,24500.0,1277.49,0.25,9,Web,68
SOL00662,Desembolso,2026-05-25 08:00:00,Tesoreria,Personal,5000.0,1917.69,0.1,119,Sucursal,64
SOL01029,Verificación de documentos,2026-05-25 08:00:00,Verificador_03,Vehicular,13500.0,1609.1,0.38,31,Web,67
SOL00863,Verificación de documentos,2026-05-25 08:00:00,Verificador_02,Consumo,2100.0,5127.28,0.38,1,Sucursal,61
SOL00091,Formalización,2026-05-25 08:00:00,Ejecutivo_06,Consumo,7400.0,3954.43,0.38,70,Agente,46
SOL00333,Verificación de documentos,2026-05-25 08:00:00,Verificador_04,Vehicular,32300.0,1569.88,0.04,1,Web,25
SOL00259,Verificación de documentos,2026-05-25 08:00:00,Verificador_02,Hipotecario,217000.0,1393.35,0.16,31,Web,30
SOL00281,Verificación de documentos,2026-05-25 08:00:00,Verificador_01,Personal,13600.0,3803.98,0.08,80,Web,39
SOL00590,Formalización,2026-05-25 08:00:00,Ejecutivo_06,Consumo,2700.0,3651.64,0.1,290,Sucursal,23
SOL00894,Formalización,2026-05-25 08:00:00,Ejecutivo_03,Consumo,3300.0,2286.5,0.5,46,Agente,26
SOL01093,Verificación de documentos,2026-05-25 08:00:00,Verificador_03,Hipotecario,93400.0,1288.44,0.34,69,Sucursal,25
SOL00806,Verificación de documentos,2026-05-25 08:00:00,Verificador_01,Personal,19700.0,1940.27,0.23,77,Web,63
SOL00682,Verificación de documentos,2026-05-25 08:00:00,Verificador_04,Consumo,4500.0,1846.43,0.1,4,Agente,70
SOL00412,Verificación de documentos,2026-05-25 08:00:00,Verificador_03,Personal,16200.0,1149.64,0.11,46,Web,21
SOL00676,Verificación de documentos,2026-05-25 08:00:00,Verificador_03,Hipotecario,202800.0,1566.67,0.19,142,Web,59
SOL00714,Verificación de documentos,2026-05-25 08:05:00,Verificador_02,Consumo,3100.0,1507.44,0.03,18,Agente,46
SOL00247,Solicitud recibida,2026-05-25 08:05:08,Ejecutivo_05,Personal,12500.0,500.27,0.34,8,Agente,56
SOL00707,Verificación de documentos,2026-05-25 08:06:00,Verificador_01,Vehicular,19900.0,2059.49,0.09,46,Agente,22
SOL00289,Desembolso,2026-05-25 08:17:00,Tesoreria,Vehicular,20300.0,2888.05,0.16,1,Web,22
SOL00814,Verificación de documentos,2026-05-25 08:20:00,Verificador_04,Consumo,6400.0,1186.89,0.46,77,Web,42
SOL00509,Solicitud de información adicional,2026-05-25 08:30:01,Verificador_01,Consumo,5800.0,2513.81,0.1,126,Web,55
SOL00989,Solicitud de información adicional,2026-05-25 08:30:01,Verificador_03,Personal,14800.0,2998.58,0.28,5,Web,55
SOL01029,Solicitud de información adicional,2026-05-25 08:30:01,Verificador_04,Vehicular,13500.0,1609.1,0.38,31,Web,67
SOL00237,Aprobación,2026-05-25 09:03:51,Analista_04,Vehicular,18400.0,1171.69,0.35,93,Agente,41
SOL00309,Solicitud recibida,2026-05-25 09:27:48,Sistema,Personal,11600.0,1722.57,0.2,77,Web,45
SOL01079,Formalización,2026-05-25 09:50:28,Ejecutivo_02,Personal,8100.0,728.48,0.34,68,Sucursal,31
SOL00109,Solicitud recibida,2026-05-25 10:45:47,Sistema,Personal,6700.0,1560.53,0.26,201,Web,45
SOL00592,Aprobación,2026-05-25 11:16:20,Analista_03,Personal,12200.0,612.24,0.04,284,Sucursal,35
SOL00833,Aprobación,2026-05-25 11:29:30,Analista_01,Personal,12400.0,2383.44,0.16,83,Sucursal,26
SOL00745,Aprobación,2026-05-25 11:46:10,Analista_05,Consumo,2200.0,2239.7,0.05,0,Sucursal,40
SOL00550,Aprobación,2026-05-25 11:49:17,Analista_02,Vehicular,14800.0,1483.01,0.3,38,Agente,45
SOL00247,Verificación de documentos,2026-05-25 12:13:12,Verificador_04,Personal,12500.0,500.27,0.34,8,Agente,56
SOL00386,Aprobación,2026-05-25 13:24:31,Analista_02,Personal,7300.0,2716.4,0.14,4,Web,40
SOL01072,Análisis financiero,2026-05-25 13:39:58,Analista_06,Personal,13200.0,2787.51,0.05,111,Sucursal,56
SOL00924,Análisis financiero,2026-05-25 15:03:33,Analista_04,Vehicular,24400.0,1255.29,0.44,9,Web,38
SOL00932,Análisis financiero,2026-05-25 15:24:55,Analista_03,Hipotecario,87900.0,751.01,0.22,40,Sucursal,26
SOL00464,Solicitud recibida,2026-05-25 16:00:49,Ejecutivo_06,Vehicular,23900.0,2039.48,0.33,85,Sucursal,48
SOL00894,Desembolso,2026-05-25 16:16:47,Tesoreria,Consumo,3300.0,2286.5,0.5,46,Agente,26
SOL01072,Aprobación,2026-05-25 16:28:01,Analista_06,Personal,13200.0,2787.51,0.05,111,Sucursal,56
SOL01112,Solicitud recibida,2026-05-25 19:16:37,Sistema,Consumo,5200.0,2072.51,0.49,38,Web,68
SOL00658,Solicitud recibida,2026-05-26 07:03:29,Sistema,Consumo,4400.0,926.85,0.52,4,Web,32
SOL01068,Análisis financiero,2026-05-26 08:00:00,Analista_02,Consumo,4100.0,1140.33,0.08,74,Agente,25
SOL00464,Verificación de documentos,2026-05-26 08:00:00,Verificador_01,Vehicular,23900.0,2039.48,0.33,85,Sucursal,48
SOL01196,Análisis financiero,2026-05-26 08:00:00,Analista_05,Hipotecario,108100.0,1835.43,0.13,61,Web,40
SOL00294,Desembolso,2026-05-26 08:00:00,Tesoreria,Consumo,2400.0,1923.18,0.07,24,Web,38
SOL00294,Desembolso,2026-05-26 08:00:00,Tesoreria,Consumo,2400.0,1923.18,0.07,24,Web,38
SOL00589,Desembolso,2026-05-26 08:00:00,Tesoreria,Hipotecario,140100.0,2534.98,0.27,6,Sucursal,46
SOL00546,Reevaluación,2026-05-26 08:00:00,Analista_05,Consumo,1200.0,678.11,0.65,73,Sucursal,26
SOL00806,Análisis financiero,2026-05-26 08:00:00,Analista_03,Personal,19700.0,1940.27,0.23,77,Web,63
SOL00366,Análisis financiero,2026-05-26 08:00:00,Analista_08,Personal,13300.0,953.83,0.32,101,Agente,59
SOL00309,Verificación de documentos,2026-05-26 08:00:00,Verificador_03,Personal,11600.0,1722.57,0.2,77,Web,45
SOL00714,Análisis financiero,2026-05-26 08:00:00,Analista_05,Consumo,3100.0,1507.44,0.03,18,Agente,46
SOL00412,Análisis financiero,2026-05-26 08:00:00,Analista_02,Personal,16200.0,1149.64,0.11,46,Web,21
SOL00863,Análisis financiero,2026-05-26 08:00:00,Analista_08,Consumo,2100.0,5127.28,0.38,1,Sucursal,61
SOL00556,Análisis financiero,2026-05-26 08:00:00,Analista_01,Consumo,7000.0,1443.4,0.22,43,Web,63
SOL00259,Análisis financiero,2026-05-26 08:00:00,Analista_06,Hipotecario,217000.0,1393.35,0.16,31,Web,30
SOL00590,Desembolso,2026-05-26 08:00:00,Tesoreria,Consumo,2700.0,3651.64,0.1,290,Sucursal,23
SOL00109,Verificación de documentos,2026-05-26 08:00:00,Verificador_02,Personal,6700.0,1560.53,0.26,201,Web,45
SOL00676,Análisis financiero,2026-05-26 08:02:00,Analista_02,Hipotecario,202800.0,1566.67,0.19,142,Web,59
SOL00814,Análisis financiero,2026-05-26 08:04:00,Analista_08,Consumo,6400.0,1186.89,0.46,77,Web,42
SOL01079,Desembolso,2026-05-26 08:08:00,Tesoreria,Personal,8100.0,728.48,0.34,68,Sucursal,31
SOL00604,Análisis financiero,2026-05-26 08:09:00,Analista_02,Personal,11200.0,1202.75,0.44,119,Web,32
SOL00091,Desembolso,2026-05-26 08:12:00,Tesoreria,Consumo,7400.0,3954.43,0.38,70,Agente,46
SOL01133,Formalización,2026-05-26 08:14:00,Ejecutivo_06,Consumo,3200.0,1233.16,0.16,148,Agente,28
SOL00931,Análisis financiero,2026-05-26 08:17:00,Analista_04,Hipotecario,198700.0,1225.47,0.68,51,Agente,62
SOL00237,Formalización,2026-05-26 08:17:00,Ejecutivo_05,Vehicular,18400.0,1171.69,0.35,93,Agente,41
SOL01112,Verificación de documentos,2026-05-26 08:19:00,Verificador_03,Consumo,5200.0,2072.51,0.49,38,Web,68
SOL00707,Análisis financiero,2026-05-26 08:20:00,Analista_04,Vehicular,19900.0,2059.49,0.09,46,Agente,22
SOL00132,Desembolso,2026-05-26 08:21:00,Tesoreria,Consumo,3400.0,2079.82,0.23,9,Sucursal,66
SOL01093,Análisis financiero,2026-05-26 08:22:00,Analista_01,Hipotecario,93400.0,1288.44,0.34,69,Sucursal,25
SOL00333,Análisis financiero,2026-05-26 08:25:00,Analista_03,Vehicular,32300.0,1569.88,0.04,1,Web,25
SOL00153,Desembolso,2026-05-26 08:26:00,Tesoreria,Personal,14100.0,1785.3,0.11,30,Sucursal,31
SOL00281,Análisis financiero,2026-05-26 08:28:00,Analista_03,Personal,13600.0,3803.98,0.08,80,Web,39
SOL00109,Solicitud de información adicional,2026-05-26 08:30:01,Verificador_04,Personal,6700.0,1560.53,0.26,201,Web,45
SOL00169,Desistimiento,2026-05-26 08:30:02,Sistema,Hipotecario,149000.0,3052.52,0.37,106,Web,41
SOL00859,Análisis financiero,2026-05-26 08:45:23,Analista_02,Personal,19200.0,1092.49,0.14,7,Agente,28
SOL01112,Solicitud de información adicional,2026-05-26 08:49:01,Verificador_02,Consumo,5200.0,2072.51,0.49,38,Web,68
SOL00912,Solicitud recibida,2026-05-26 08:55:49,Sistema,Vehicular,22400.0,1276.78,0.33,4,Web,59
SOL00211,Formalización,2026-05-26 09:07:04,Ejecutivo_01,Personal,16800.0,752.38,0.18,29,Web,66
SOL00682,Análisis financiero,2026-05-26 09:32:06,Analista_01,Consumo,4500.0,1846.43,0.1,4,Agente,70
SOL00434,Solicitud recibida,2026-05-26 09:46:28,Ejecutivo_01,Consumo,6200.0,2482.48,0.5,44,Sucursal,21
SOL00324,Solicitud recibida,2026-05-26 09:53:04,Ejecutivo_03,Personal,9300.0,2034.94,0.07,56,Agente,21
SOL00412,Aprobación,2026-05-26 10:30:36,Analista_02,Personal,16200.0,1149.64,0.11,46,Web,21
SOL00714,Aprobación,2026-05-26 10:48:52,Analista_05,Consumo,3100.0,1507.44,0.03,18,Agente,46
SOL00988,Recepción de información,2026-05-26 11:11:59,Sistema,Personal,5600.0,1206.72,0.25,21,Agente,23
SOL00309,Análisis financiero,2026-05-26 11:38:33,Analista_08,Personal,11600.0,1722.57,0.2,77,Web,45
SOL00556,Aprobación,2026-05-26 11:42:24,Analista_01,Consumo,7000.0,1443.4,0.22,43,Web,63
SOL00281,Aprobación,2026-05-26 12:05:09,Analista_03,Personal,13600.0,3803.98,0.08,80,Web,39
SOL00309,Aprobación,2026-05-26 12:47:21,Analista_08,Personal,11600.0,1722.57,0.2,77,Web,45
SOL00924,Reevaluación,2026-05-26 13:07:15,Analista_04,Vehicular,24400.0,1255.29,0.44,9,Web,38
SOL00904,Recepción de información,2026-05-26 13:27:02,Sistema,Hipotecario,57300.0,2392.59,0.14,65,Agente,36
SOL00324,Verificación de documentos,2026-05-26 13:33:02,Verificador_04,Personal,9300.0,2034.94,0.07,56,Agente,21
SOL00480,Análisis financiero,2026-05-26 13:34:11,Analista_07,Personal,7500.0,986.2,0.06,4,Sucursal,41
SOL00859,Aprobación,2026-05-26 13:56:20,Analista_02,Personal,19200.0,1092.49,0.14,7,Agente,28
SOL00247,Análisis financiero,2026-05-26 13:56:42,Analista_08,Personal,12500.0,500.27,0.34,8,Agente,56
SOL00386,Formalización,2026-05-26 14:02:19,Ejecutivo_04,Personal,7300.0,2716.4,0.14,4,Web,40
SOL00682,Aprobación,2026-05-26 14:23:57,Analista_01,Consumo,4500.0,1846.43,0.1,4,Agente,70
SOL00366,Aprobación,2026-05-26 14:42:34,Analista_08,Personal,13300.0,953.83,0.32,101,Agente,59
SOL00863,Aprobación,2026-05-26 16:02:29,Analista_08,Consumo,2100.0,5127.28,0.38,1,Sucursal,61
SOL01095,Solicitud recibida,2026-05-26 16:14:02,Ejecutivo_01,Consumo,5900.0,767.05,0.33,125,Sucursal,38
SOL01068,Aprobación,2026-05-26 16:25:46,Analista_02,Consumo,4100.0,1140.33,0.08,74,Agente,25
SOL00434,Verificación de documentos,2026-05-26 16:31:55,Verificador_03,Consumo,6200.0,2482.48,0.5,44,Sucursal,21
SOL00546,Aprobación,2026-05-26 16:41:23,Analista_05,Consumo,1200.0,678.11,0.65,73,Sucursal,26
SOL00247,Aprobación,2026-05-26 16:48:21,Analista_08,Personal,12500.0,500.27,0.34,8,Agente,56
SOL00992,Solicitud recibida,2026-05-26 17:03:25,Ejecutivo_02,Vehicular,22900.0,928.12,0.23,69,Agente,25
SOL00728,Solicitud recibida,2026-05-26 17:41:35,Sistema,Hipotecario,195400.0,1311.79,0.2,120,Web,50
SOL00325,Solicitud recibida,2026-05-26 21:59:31,Ejecutivo_05,Hipotecario,95400.0,1756.18,0.2,44,Sucursal,42
SOL00211,Desembolso,2026-05-27 08:00:00,Tesoreria,Personal,16800.0,752.38,0.18,29,Web,66
SOL00992,Verificación de documentos,2026-05-27 08:00:00,Verificador_03,Vehicular,22900.0,928.12,0.23,69,Agente,25
SOL00833,Formalización,2026-05-27 08:00:00,Ejecutivo_06,Personal,12400.0,2383.44,0.16,83,Sucursal,26
SOL00480,Aprobación,2026-05-27 08:00:00,Analista_07,Personal,7500.0,986.2,0.06,4,Sucursal,41
SOL00707,Aprobación,2026-05-27 08:00:00,Analista_04,Vehicular,19900.0,2059.49,0.09,46,Agente,22
SOL00658,Verificación de documentos,2026-05-27 08:00:00,Verificador_04,Consumo,4400.0,926.85,0.52,4,Web,32
SOL01095,Verificación de documentos,2026-05-27 08:00:00,Verificador_04,Consumo,5900.0,767.05,0.33,125,Sucursal,38
SOL01133,Desembolso,2026-05-27 08:00:00,Tesoreria,Consumo,3200.0,1233.16,0.16,148,Agente,28
SOL00806,Aprobación,2026-05-27 08:00:00,Analista_03,Personal,19700.0,1940.27,0.23,77,Web,63
SOL01025,Desembolso,2026-05-27 08:00:00,Tesoreria,Consumo,6300.0,2132.94,0.22,58,Sucursal,35
SOL00464,Análisis financiero,2026-05-27 08:00:00,Analista_08,Vehicular,23900.0,2039.48,0.33,85,Sucursal,48
SOL00988,Verificación de documentos,2026-05-27 08:00:00,Verificador_01,Personal,5600.0,1206.72,0.25,21,Agente,23
SOL00237,Desembolso,2026-05-27 08:00:00,Tesoreria,Vehicular,18400.0,1171.69,0.35,93,Agente,41
SOL00814,Reevaluación,2026-05-27 08:00:00,Analista_08,Consumo,6400.0,1186.89,0.46,77,Web,42
SOL00604,Reevaluación,2026-05-27 08:00:00,Analista_02,Personal,11200.0,1202.75,0.44,119,Web,32
SOL00904,Verificación de documentos,2026-05-27 08:02:00,Verificador_03,Hipotecario,57300.0,2392.59,0.14,65,Agente,36
SOL00325,Verificación de documentos,2026-05-27 08:06:00,Verificador_02,Hipotecario,95400.0,1756.18,0.2,44,Sucursal,42
SOL00728,Verificación de documentos,2026-05-27 08:10:00,Verificador_01,Hipotecario,195400.0,1311.79,0.2,120,Web,50
SOL00629,Desembolso,2026-05-27 08:13:00,Tesoreria,Personal,7500.0,978.83,0.3,49,Sucursal,70
SOL00281,Formalización,2026-05-27 08:15:00,Ejecutivo_06,Personal,13600.0,3803.98,0.08,80,Web,39
SOL00912,Verificación de documentos,2026-05-27 08:20:00,Verificador_03,Vehicular,22400.0,1276.78,0.33,4,Web,59
SOL00029,Formalización,2026-05-27 08:23:00,Ejecutivo_06,Personal,16400.0,1434.86,0.05,3,Web,68
SOL00386,Desembolso,2026-05-27 08:23:00,Tesoreria,Personal,7300.0,2716.4,0.14,4,Web,40
SOL00924,Reevaluación,2026-05-27 08:26:00,Analista_04,Vehicular,24400.0,1255.29,0.44,9,Web,38
SOL00682,Formalización,2026-05-27 08:46:19,Ejecutivo_02,Consumo,4500.0,1846.43,0.1,4,Agente,70
SOL00592,Formalización,2026-05-27 08:52:39,Ejecutivo_06,Personal,12200.0,612.24,0.04,284,Sucursal,35
SOL00041,Solicitud recibida,2026-05-27 08:54:34,Ejecutivo_03,Consumo,6400.0,2058.7,0.48,13,Agente,64
SOL00584,Solicitud recibida,2026-05-27 10:19:06,Ejecutivo_01,Personal,16000.0,951.17,0.1,141,Sucursal,34
SOL00464,Aprobación,2026-05-27 11:00:52,Analista_08,Vehicular,23900.0,2039.48,0.33,85,Sucursal,48
SOL00604,Rechazo,2026-05-27 11:24:45,Analista_02,Personal,11200.0,1202.75,0.44,119,Web,32
SOL00640,Recepción de información,2026-05-27 11:24:54,Sistema,Vehicular,28100.0,2708.59,0.48,92,Web,63
SOL00660,Solicitud recibida,2026-05-27 11:54:44,Ejecutivo_01,Consumo,2900.0,797.21,0.39,10,Sucursal,44
SOL00434,Análisis financiero,2026-05-27 12:54:35,Analista_07,Consumo,6200.0,2482.48,0.5,44,Sucursal,21
SOL00786,Solicitud recibida,2026-05-27 14:47:51,Ejecutivo_06,Vehicular,20100.0,1676.77,0.02,14,Sucursal,61
SOL00324,Análisis financiero,2026-05-27 15:19:04,Analista_04,Personal,9300.0,2034.94,0.07,56,Agente,21
SOL00612,Solicitud recibida,2026-05-27 15:23:16,Sistema,Hipotecario,58400.0,1821.76,0.21,33,Web,37
SOL00924,Aprobación,2026-05-27 15:41:47,Analista_04,Vehicular,24400.0,1255.29,0.44,9,Web,38
SOL01022,Solicitud recibida,2026-05-27 16:02:41,Ejecutivo_04,Personal,5400.0,2016.47,0.31,17,Agente,30
SOL00041,Verificación de documentos,2026-05-27 16:43:41,Verificador_01,Consumo,6400.0,2058.7,0.48,13,Agente,64
SOL00293,Solicitud recibida,2026-05-27 16:56:43,Ejecutivo_06,Consumo,7500.0,1706.9,0.03,14,Sucursal,65
SOL00660,Verificación de documentos,2026-05-27 16:58:37,Verificador_01,Consumo,2900.0,797.21,0.39,10,Sucursal,44
SOL00312,Solicitud recibida,2026-05-27 18:29:28,Ejecutivo_03,Hipotecario,117500.0,2189.02,0.17,2,Sucursal,45
SOL00725,Solicitud recibida,2026-05-27 19:29:08,Sistema,Hipotecario,159000.0,1130.09,0.45,16,Web,26
SOL01112,Recepción de información,2026-05-27 22:46:10,Sistema,Consumo,5200.0,2072.51,0.49,38,Web,68
SOL00685,Solicitud recibida,2026-05-28 07:01:11,Sistema,Consumo,6700.0,1204.54,0.37,63,Web,31
SOL00808,Solicitud recibida,2026-05-28 07:58:55,Ejecutivo_01,Consumo,7500.0,1274.35,0.05,34,Sucursal,63
SOL00640,Verificación de documentos,2026-05-28 08:00:00,Verificador_04,Vehicular,28100.0,2708.59,0.48,92,Web,63
SOL00728,Análisis financiero,2026-05-28 08:00:00,Analista_02,Hipotecario,195400.0,1311.79,0.2,120,Web,50
SOL00584,Verificación de documentos,2026-05-28 08:00:00,Verificador_04,Personal,16000.0,951.17,0.1,141,Sucursal,34
SOL00434,Aprobación,2026-05-28 08:00:00,Analista_07,Consumo,6200.0,2482.48,0.5,44,Sucursal,21
SOL00833,Desembolso,2026-05-28 08:00:00,Tesoreria,Personal,12400.0,2383.44,0.16,83,Sucursal,26
SOL00612,Verificación de documentos,2026-05-28 08:00:00,Verificador_02,Hipotecario,58400.0,1821.76,0.21,33,Web,37
SOL01072,Formalización,2026-05-28 08:00:00,Ejecutivo_06,Personal,13200.0,2787.51,0.05,111,Sucursal,56
SOL00988,Análisis financiero,2026-05-28 08:00:00,Analista_05,Personal,5600.0,1206.72,0.25,21,Agente,23
SOL00912,Análisis financiero,2026-05-28 08:00:00,Analista_02,Vehicular,22400.0,1276.78,0.33,4,Web,59
SOL00863,Formalización,2026-05-28 08:00:00,Ejecutivo_05,Consumo,2100.0,5127.28,0.38,1,Sucursal,61
SOL00904,Análisis financiero,2026-05-28 08:00:00,Analista_08,Hipotecario,57300.0,2392.59,0.14,65,Agente,36
SOL00324,Aprobación,2026-05-28 08:00:00,Analista_04,Personal,9300.0,2034.94,0.07,56,Agente,21
SOL00247,Formalización,2026-05-28 08:00:00,Ejecutivo_03,Personal,12500.0,500.27,0.34,8,Agente,56
SOL00725,Verificación de documentos,2026-05-28 08:07:00,Verificador_01,Hipotecario,159000.0,1130.09,0.45,16,Web,26
SOL00682,Desembolso,2026-05-28 08:07:18,Tesoreria,Consumo,4500.0,1846.43,0.1,4,Agente,70
SOL00041,Análisis financiero,2026-05-28 08:09:00,Analista_03,Consumo,6400.0,2058.7,0.48,13,Agente,64
SOL00592,Desembolso,2026-05-28 08:09:00,Tesoreria,Personal,12200.0,612.24,0.04,284,Sucursal,35
SOL00029,Desembolso,2026-05-28 08:12:00,Tesoreria,Personal,16400.0,1434.86,0.05,3,Web,68
SOL00366,Formalización,2026-05-28 08:13:00,Ejecutivo_06,Personal,13300.0,953.83,0.32,101,Agente,59
SOL00563,Solicitud recibida,2026-05-28 08:14:15,Ejecutivo_02,Personal,18800.0,2642.48,0.29,98,Agente,54
SOL00217,Desembolso,2026-05-28 08:16:00,Tesoreria,Consumo,6800.0,1415.37,0.1,62,Sucursal,63
SOL00786,Verificación de documentos,2026-05-28 08:17:00,Verificador_03,Vehicular,20100.0,1676.77,0.02,14,Sucursal,61
SOL01068,Formalización,2026-05-28 08:17:00,Ejecutivo_03,Consumo,4100.0,1140.33,0.08,74,Agente,25
SOL01112,Verificación de documentos,2026-05-28 08:18:00,Verificador_03,Consumo,5200.0,2072.51,0.49,38,Web,68
SOL01022,Verificación de documentos,2026-05-28 08:20:00,Verificador_04,Personal,5400.0,2016.47,0.31,17,Agente,30
SOL00992,Análisis financiero,2026-05-28 08:22:00,Analista_08,Vehicular,22900.0,928.12,0.23,69,Agente,25
SOL00658,Análisis financiero,2026-05-28 08:23:00,Analista_08,Consumo,4400.0,926.85,0.52,4,Web,32
SOL00293,Verificación de documentos,2026-05-28 08:27:00,Verificador_04,Consumo,7500.0,1706.9,0.03,14,Sucursal,65
SOL00412,Formalización,2026-05-28 08:27:00,Ejecutivo_06,Personal,16200.0,1149.64,0.11,46,Web,21
SOL00786,Solicitud de información adicional,2026-05-28 08:47:01,Verificador_02,Vehicular,20100.0,1676.77,0.02,14,Sucursal,61
SOL01112,Solicitud de información adicional,2026-05-28 08:48:01,Verificador_01,Consumo,5200.0,2072.51,0.49,38,Web,68
SOL00396,Comité de crédito,2026-05-28 10:00:01,Comite,Hipotecario,183400.0,4584.26,0.31,2,Web,58
SOL01196,Comité de crédito,2026-05-28 10:00:01,Comite,Hipotecario,108100.0,1835.43,0.13,61,Web,40
SOL00333,Comité de crédito,2026-05-28 10:00:01,Comite,Vehicular,32300.0,1569.88,0.04,1,Web,25
SOL00928,Comité de crédito,2026-05-28 10:00:01,Comite,Hipotecario,58200.0,1136.43,0.27,244,Web,65
SOL00565,Comité de crédito,2026-05-28 10:00:01,Comite,Hipotecario,180200.0,447.4,0.39,78,Agente,28
SOL00204,Comité de crédito ,2026-05-28 10:00:01,Comite,Vehicular,37100.0,929.87,0.48,153,Web,59
SOL00931,Comité de crédito,2026-05-28 10:00:01,Comite,Hipotecario,198700.0,1225.47,0.68,51,Agente,62
SOL00435,Comité de crédito,2026-05-28 10:00:01,Comite,Vehicular,36500.0,2114.29,0.26,40,Web,21
SOL00932,Comité de crédito,2026-05-28 10:00:01,Comite,Hipotecario,87900.0,751.01,0.22,40,Sucursal,26
SOL00676,Comité de crédito,2026-05-28 10:00:01,Comite,Hipotecario,202800.0,1566.67,0.19,142,Web,59
SOL00259,Comité de crédito,2026-05-28 10:00:01,Comite,Hipotecario,217000.0,1393.35,0.16,31,Web,30
SOL00163,Comité de crédito,2026-05-28 10:00:01,Comite,Vehicular,34800.0,1714.0,0.59,219,Sucursal,50
SOL01093,Comité de crédito,2026-05-28 10:00:01,Comite,Hipotecario,93400.0,1288.44,0.34,69,Sucursal,25
SOL00988,Aprobación,2026-05-28 10:08:40,Analista_05,Personal,5600.0,1206.72,0.25,21,Agente,23
SOL00041,Rechazo,2026-05-28 10:19:11,Analista_03,Consumo,6400.0,2058.7,0.48,13,Agente,64
SOL00333,Aprobación,2026-05-28 10:50:42,Comite,Vehicular,32300.0,1569.88,0.04,1,Web,25
SOL00480,Formalización,2026-05-28 10:58:06,Ejecutivo_04,Personal,7500.0,986.2,0.06,4,Sucursal,41
SOL00685,Verificación de documentos,2026-05-28 11:08:27,Verificador_01,Consumo,6700.0,1204.54,0.37,63,Web,31
SOL00912,Aprobación,2026-05-28 11:31:40,Analista_02,Vehicular,22400.0,1276.78,0.33,4,Web,59
SOL00259,Rechazo,2026-05-28 11:41:05,Analista_06,Hipotecario,217000.0,1393.35,0.16,31,Web,30
SOL00676,Aprobación,2026-05-28 12:07:08,Comite,Hipotecario,202800.0,1566.67,0.19,142,Web,59
SOL00435,Aprobación,2026-05-28 12:17:14,Comite,Vehicular,36500.0,2114.29,0.26,40,Web,21
SOL00660,Análisis financiero,2026-05-28 12:19:36,Analista_03,Consumo,2900.0,797.21,0.39,10,Sucursal,44
SOL00814,Reevaluación,2026-05-28 12:32:02,Analista_08,Consumo,6400.0,1186.89,0.46,77,Web,42
SOL00992,Aprobación,2026-05-28 12:35:34,Analista_08,Vehicular,22900.0,928.12,0.23,69,Agente,25
SOL00565,Rechazo,2026-05-28 12:36:22,Analista_04,Hipotecario,180200.0,447.4,0.39,78,Agente,28
SOL00163,Aprobación,2026-05-28 12:52:50,Comite,Vehicular,34800.0,1714.0,0.59,219,Sucursal,50
SOL00499,Solicitud recibida,2026-05-28 13:07:57,Sistema,Personal,16700.0,1345.14,0.19,175,Web,52
SOL00396,Aprobación,2026-05-28 13:17:11,Comite,Hipotecario,183400.0,4584.26,0.31,2,Web,58
SOL00281,Desembolso,2026-05-28 14:14:44,Tesoreria,Personal,13600.0,3803.98,0.08,80,Web,39
SOL01196,Rechazo,2026-05-28 14:24:59,Analista_05,Hipotecario,108100.0,1835.43,0.13,61,Web,40
SOL00983,Solicitud recibida,2026-05-28 14:48:35,Ejecutivo_04,Vehicular,10500.0,1967.06,0.34,95,Sucursal,40
SOL01093,Rechazo,2026-05-28 14:49:47,Analista_01,Hipotecario,93400.0,1288.44,0.34,69,Sucursal,25
SOL01095,Análisis financiero,2026-05-28 14:55:55,Analista_06,Consumo,5900.0,767.05,0.33,125,Sucursal,38
SOL00928,Aprobación,2026-05-28 14:59:53,Comite,Hipotecario,58200.0,1136.43,0.27,244,Web,65
SOL00932,Rechazo,2026-05-28 15:03:35,Analista_03,Hipotecario,87900.0,751.01,0.22,40,Sucursal,26
SOL00312,Verificación de documentos,2026-05-28 15:46:15,Verificador_02,Hipotecario,117500.0,2189.02,0.17,2,Sucursal,45
SOL01095,Aprobación,2026-05-28 16:43:38,Analista_06,Consumo,5900.0,767.05,0.33,125,Sucursal,38
SOL00640,Análisis financiero,2026-05-28 16:46:43,Analista_03,Vehicular,28100.0,2708.59,0.48,92,Web,63
SOL00509,Recepción de información,2026-05-29 06:27:25,Sistema,Consumo,5800.0,2513.81,0.1,126,Web,55
SOL00499,Verificación de documentos,2026-05-29 08:00:00,Verificador_04,Personal,16700.0,1345.14,0.19,175,Web,52
SOL01022,Análisis financiero,2026-05-29 08:00:00,Analista_08,Personal,5400.0,2016.47,0.31,17,Agente,30
SOL00814,Aprobación,2026-05-29 08:00:00,Analista_08,Consumo,6400.0,1186.89,0.46,77,Web,42
SOL00924,Formalización,2026-05-29 08:00:00,Ejecutivo_04,Vehicular,24400.0,1255.29,0.44,9,Web,38
SOL00863,Desembolso,2026-05-29 08:00:00,Tesoreria,Consumo,2100.0,5127.28,0.38,1,Sucursal,61
SOL00660,Rechazo,2026-05-29 08:00:00,Analista_03,Consumo,2900.0,797.21,0.39,10,Sucursal,44
SOL01072,Desembolso,2026-05-29 08:00:00,Tesoreria,Personal,13200.0,2787.51,0.05,111,Sucursal,56
SOL00983,Verificación de documentos,2026-05-29 08:00:00,Verificador_03,Vehicular,10500.0,1967.06,0.34,95,Sucursal,40
SOL00293,Análisis financiero,2026-05-29 08:00:00,Analista_08,Consumo,7500.0,1706.9,0.03,14,Sucursal,65
SOL00808,Verificación de documentos,2026-05-29 08:00:00,Verificador_04,Consumo,7500.0,1274.35,0.05,34,Sucursal,63
SOL00612,Análisis financiero,2026-05-29 08:00:00,Analista_04,Hipotecario,58400.0,1821.76,0.21,33,Web,37
SOL00546,Formalización,2026-05-29 08:04:00,Ejecutivo_04,Consumo,1200.0,678.11,0.65,73,Sucursal,26
SOL00931,Reevaluación,,Analista_04,Hipotecario,198700.0,1225.47,0.68,51,Agente,62
SOL00325,Análisis financiero,2026-05-29 08:08:00,Analista_07,Hipotecario,95400.0,1756.18,0.2,44,Sucursal,42
SOL00806,Formalización,2026-05-29 08:21:00,Ejecutivo_04,Personal,19700.0,1940.27,0.23,77,Web,63
SOL00640,Rechazo,2026-05-29 08:22:00,Analista_03,Vehicular,28100.0,2708.59,0.48,92,Web,63
SOL00136,Solicitud recibida,2026-05-29 08:24:16,Sistema,Vehicular,32600.0,960.56,0.36,52,Web,37
SOL00464,Formalización,2026-05-29 08:26:00,Ejecutivo_03,Vehicular,23900.0,2039.48,0.33,85,Sucursal,48
SOL00808,Solicitud de información adicional,2026-05-29 08:30:01,Verificador_01,Consumo,7500.0,1274.35,0.05,34,Sucursal,63
SOL00509,Verificación de documentos,2026-05-29 09:21:09,Verificador_02,Consumo,5800.0,2513.81,0.1,126,Web,55
SOL00273,Recepción de información,2026-05-29 09:22:01,Sistema,Vehicular,30000.0,2691.05,0.5,113,Sucursal,23
SOL00927,Solicitud recibida,2026-05-29 09:58:00,Ejecutivo_06,Personal,5900.0,731.96,0.2,40,Agente,43
SOL00707,Formalización ,2026-05-29 10:35:05,Ejecutivo_02,Vehicular,19900.0,2059.49,0.09,46,Agente,22
SOL00293,Aprobación,2026-05-29 10:55:19,Analista_08,Consumo,7500.0,1706.9,0.03,14,Sucursal,65
SOL00725,Análisis financiero,2026-05-29 11:55:35,Analista_02,Hipotecario,159000.0,1130.09,0.45,16,Web,26
SOL00621,Solicitud recibida,2026-05-29 11:59:47,Sistema,Personal,13100.0,1050.25,0.49,12,Web,43
SOL00324,Formalización,2026-05-29 12:06:00,Ejecutivo_04,Personal,9300.0,2034.94,0.07,56,Agente,21
SOL00247,Desembolso,2026-05-29 12:53:40,Tesoreria,Personal,12500.0,500.27,0.34,8,Agente,56
SOL00931,Aprobación,2026-05-29 12:55:00,Analista_04,Hipotecario,198700.0,1225.47,0.68,51,Agente,62
SOL00480,Desembolso,2026-05-29 13:07:06,Tesoreria,Personal,7500.0,986.2,0.06,4,Sucursal,41
SOL00085,Solicitud recibida,2026-05-29 13:47:34,Sistema,Personal,11800.0,1577.24,0.17,100,Web,40
SOL00563,Verificación de documentos,2026-05-29 13:50:12,Verificador_01,Personal,18800.0,2642.48,0.29,98,Agente,54
SOL01022,Aprobación,2026-05-29 13:57:18,Analista_08,Personal,5400.0,2016.47,0.31,17,Agente,30
SOL00273,Verificación de documentos,2026-05-29 13:58:12,Verificador_02,Vehicular,30000.0,2691.05,0.5,113,Sucursal,23
SOL00412,desembolso,2026-05-29 14:04:37,Tesoreria,Personal,16200.0,1149.64,0.11,46,Web,21
SOL00563,Solicitud de información adicional,2026-05-29 14:20:13,Verificador_02,Personal,18800.0,2642.48,0.29,98,Agente,54
SOL00057,Solicitud recibida,2026-05-29 14:29:26,Sistema,Hipotecario,92200.0,7211.14,0.43,139,Web,66
SOL01013,Solicitud recibida,2026-05-29 15:53:14,Ejecutivo_04,Personal,16600.0,643.86,0.47,29,Sucursal,23
SOL00621,Verificación de documentos,2026-05-29 16:01:12,Verificador_01,Personal,13100.0,1050.25,0.49,12,Web,43
SOL00714,Formalización,2026-05-29 16:03:14,Ejecutivo_04,Consumo,3100.0,1507.44,0.03,18,Agente,46
SOL00621,Solicitud de información adicional,2026-05-29 16:31:13,Verificador_04,Personal,13100.0,1050.25,0.49,12,Web,43
SOL00136,Verificación de documentos,2026-05-29 16:33:22,Verificador_04,Vehicular,32600.0,960.56,0.36,52,Web,37
SOL00831,Solicitud recibida,2026-05-29 17:58:57,Sistema,Personal,3200.0,1895.39,0.67,3,Web,63
SOL00995,Solicitud recibida,2026-05-29 18:51:14,Sistema,Consumo,2100.0,1020.14,0.41,51,Web,57
SOL00149,Recepción de información,2026-05-29 20:03:49,Sistema,Personal,12000.0,1929.84,0.55,86,Web,31
SOL01066,Solicitud recibida,2026-05-29 20:36:36,Ejecutivo_02,Vehicular,37600.0,1306.12,0.1,98,Sucursal,30
SOL00174,Solicitud recibida,2026-05-30 08:17:34,Sistema,Personal,5200.0,1748.68,0.44,11,Web,26
SOL01058,Solicitud recibida,2026-05-30 11:45:41,Ejecutivo_04,Personal,5300.0,1326.39,0.14,5,Agente,53
SOL00819,Solicitud recibida,2026-05-30 13:16:44,Ejecutivo_05,Hipotecario,88700.0,2490.86,0.23,173,Agente,49
SOL00529,Solicitud recibida,2026-05-30 13:55:13,Sistema,Hipotecario,207000.0,1503.49,0.27,121,Web,60
SOL00869,Solicitud recibida,2026-05-30 14:47:01,Ejecutivo_04,Vehicular,26100.0,2507.49,0.03,30,Agente,67
SOL00637,Solicitud recibida,2026-05-30 17:04:10,Ejecutivo_01,Vehicular,36500.0,2607.97,0.28,39,Agente,25
SOL00058,Solicitud recibida,2026-05-30 17:18:55,Sistema,Hipotecario,99400.0,3047.04,0.66,59,Web,46
SOL00341,Solicitud recibida,2026-05-30 17:55:02,Sistema,Personal,14900.0,1259.12,0.55,18,Web,21
SOL00779,Solicitud recibida,2026-05-30 19:12:59,Ejecutivo_02,Consumo,1200.0,792.01,0.08,155,Sucursal,70
SOL00786,Recepción de información,2026-05-31 06:53:23,Sistema,Vehicular,20100.0,1676.77,0.02,14,Sucursal,61
SOL00453,Solicitud recibida,2026-05-31 13:14:35,Ejecutivo_04,Consumo,2400.0,1400.12,0.21,82,Agente,24
SOL00056,Solicitud recibida,2026-05-31 17:51:47,Sistema,Personal,4800.0,2303.19,0.27,45,Web,66
SOL00557,Solicitud recibida,2026-05-31 20:14:35,Sistema,Consumo,1400.0,1746.15,0.19,9,Web,66
SOL00264,Solicitud recibida,2026-05-31 20:36:52,Ejecutivo_03,Personal,7600.0,3097.51,0.44,33,Agente,30
SOL00495,Solicitud recibida,2026-05-31 20:59:38,Ejecutivo_02,Consumo,6600.0,2708.64,0.34,26,Sucursal,24
SOL00563,Recepción de información,2026-05-31 21:15:44,Sistema,Personal,18800.0,2642.48,0.29,98,Agente,54
SOL00524,Solicitud recibida,2026-05-31 21:22:44,Sistema,Personal,3200.0,699.71,0.31,6,Web,45
SOL01112,Recepción de información,2026-06-01 04:27:10,Sistema,Consumo,5200.0,2072.51,0.49,38,Web,68
SOL00912,Formalización,2026-06-01 08:00:00,Ejecutivo_01,Vehicular,22400.0,1276.78,0.33,4,Web,59
SOL00056,Verificación de documentos,2026-06-01 08:00:00,Verificador_02,Personal,4800.0,2303.19,0.27,45,Web,66
SOL00464,Desembolso,2026-06-01 08:00:00,Tesoreria,Vehicular,23900.0,2039.48,0.33,85,Sucursal,48
SOL00136,Análisis financiero,2026-06-01 08:00:00,Analista_03,Vehicular,32600.0,960.56,0.36,52,Web,37
SOL00928,Formalización,2026-06-01 08:00:00,Ejecutivo_04,Hipotecario,58200.0,1136.43,0.27,244,Web,65
SOL00637,Verificación de documentos,2026-06-01 08:00:00,Verificador_04,Vehicular,36500.0,2607.97,0.28,39,Agente,25
SOL00174,Verificación de documentos,2026-06-01 08:00:00,Verificador_03,Personal,5200.0,1748.68,0.44,11,Web,26
SOL00499,Análisis financiero,2026-06-01 08:00:00,Analista_08,Personal,16700.0,1345.14,0.19,175,Web,52
SOL00273,Análisis financiero,2026-06-01 08:00:00,Analista_05,Vehicular,30000.0,2691.05,0.5,113,Sucursal,23
SOL00988,Formalización,2026-06-01 08:00:00,Ejecutivo_04,Personal,5600.0,1206.72,0.25,21,Agente,23
SOL01068,Desembolso,2026-06-01 08:00:00,Tesoreria,Consumo,4100.0,1140.33,0.08,74,Agente,25
SOL00676,Formalización,2026-06-01 08:00:00,Ejecutivo_01,Hipotecario,202800.0,1566.67,0.19,142,Web,59
SOL00434,Formalización,2026-06-01 08:00:00,Ejecutivo_02,Consumo,6200.0,2482.48,0.5,44,Sucursal,21
SOL00293,Formalización,2026-06-01 08:00:00,Ejecutivo_03,Consumo,7500.0,1706.9,0.03,14,Sucursal,65
SOL00057,Verificación de documentos,2026-06-01 08:00:00,Verificador_04,Hipotecario,92200.0,7211.14,0.43,139,Web,66
SOL00707,Desembolso,2026-06-01 08:00:00,Tesoreria,Vehicular,19900.0,2059.49,0.09,46,Agente,22
SOL00550,Formalización,2026-06-01 08:00:00,Ejecutivo_02,Vehicular,14800.0,1483.01,0.3,38,Agente,45
SOL00584,Análisis financiero,2026-06-01 08:00:00,Analista_04,Personal,16000.0,951.17,0.1,141,Sucursal,34
SOL00529,Verificación de documentos,2026-06-01 08:00:00,Verificador_03,Hipotecario,207000.0,1503.49,0.27,121,Web,60
SOL00366,Desembolso,2026-06-01 08:00:00,Tesoreria,Personal,13300.0,953.83,0.32,101,Agente,59
SOL00831,Verificación de documentos,2026-06-01 08:00:00,Verificador_04,Personal,3200.0,1895.39,0.67,3,Web,63
SOL00869,Verificación de documentos,2026-06-01 08:00:00,Verificador_01,Vehicular,26100.0,2507.49,0.03,30,Agente,67
SOL00312,Análisis financiero,2026-06-01 08:00:00,Analista_01,Hipotecario,117500.0,2189.02,0.17,2,Sucursal,45
SOL00786,Verificación de documentos,2026-06-01 08:00:00,Verificador_04,Vehicular,20100.0,1676.77,0.02,14,Sucursal,61
SOL00685,Análisis financiero,2026-06-01 08:00:00,Analista_07,Consumo,6700.0,1204.54,0.37,63,Web,31
SOL00931,Formalización,2026-06-01 08:00:00,Ejecutivo_06,Hipotecario,198700.0,1225.47,0.68,51,Agente,62
SOL00927,Verificación de documentos,2026-06-01 08:00:00,Verificador_02,Personal,5900.0,731.96,0.2,40,Agente,43
SOL00779,Verificación de documentos,2026-06-01 08:00:00,Verificador_02,Consumo,1200.0,792.01,0.08,155,Sucursal,70
SOL00992,Formalización,2026-06-01 08:00:00,Ejecutivo_01,Vehicular,22900.0,928.12,0.23,69,Agente,25
SOL01013,Verificación de documentos ,2026-06-01 08:00:00,Verificador_04,Personal,16600.0,643.86,0.47,29,Sucursal,23
SOL00509,Análisis financiero,2026-06-01 08:00:00,Analista_07,Consumo,5800.0,2513.81,0.1,126,Web,55
SOL00341,Verificación de documentos,2026-06-01 08:00:00,Verificador_03,Personal,14900.0,1259.12,0.55,18,Web,21
SOL00396,Formalización,2026-06-01 08:00:00,Ejecutivo_03,Hipotecario,183400.0,4584.26,0.31,2,Web,58
SOL00204,Reevaluación,2026-06-01 08:00:00,Analista_01,Vehicular,37100.0,929.87,0.48,153,Web,59
SOL00556,Formalización,2026-06-01 08:00:00,Ejecutivo_02,Consumo,7000.0,1443.4,0.22,43,Web,63
SOL00924,Desembolso,2026-06-01 08:00:00,Tesoreria,Vehicular,24400.0,1255.29,0.44,9,Web,38
SOL00814,Formalización,2026-06-01 08:00:00,Ejecutivo_02,Consumo,6400.0,1186.89,0.46,77,Web,42
SOL00058,Verificación de documentos,2026-06-01 08:00:00,Verificador_04,Hipotecario,99400.0,3047.04,0.66,59,Web,46
SOL00546,Desembolso,2026-06-01 08:00:00,Tesoreria,Consumo,1200.0,678.11,0.65,73,Sucursal,26
SOL00658,Reevaluación,2026-06-01 08:00:00,Analista_08,Consumo,4400.0,926.85,0.52,4,Web,32
SOL00806,Desembolso,2026-06-01 08:00:00,Tesoreria,Personal,19700.0,1940.27,0.23,77,Web,63
SOL00995,Verificación de documentos,2026-06-01 08:00:00,Verificador_04,Consumo,2100.0,1020.14,0.41,51,Web,57
SOL00859,Formalización,2026-06-01 08:00:00,Ejecutivo_02,Personal,19200.0,1092.49,0.14,7,Agente,28
SOL00085,Verificación de documentos,2026-06-01 08:00:00,Verificador_04,Personal,11800.0,1577.24,0.17,100,Web,40
SOL00714,Desembolso,2026-06-01 08:00:00,Tesoreria,Consumo,3100.0,1507.44,0.03,18,Agente,46
SOL00819,Verificación de documentos,2026-06-01 08:00:00,Verificador_01,Hipotecario,88700.0,2490.86,0.23,173,Agente,49
SOL00333,Formalización,2026-06-01 08:00:00,Ejecutivo_05,Vehicular,32300.0,1569.88,0.04,1,Web,25
SOL00983,Análisis financiero,2026-06-01 08:00:00,Analista_07,Vehicular,10500.0,1967.06,0.34,95,Sucursal,40
SOL00163,Formalización,2026-06-01 08:00:00,Ejecutivo_05,Vehicular,34800.0,1714.0,0.59,219,Sucursal,50
SOL00745,Formalización,2026-06-01 08:00:00,Ejecutivo_01,Consumo,2200.0,2239.7,0.05,0,Sucursal,40
SOL00435,Formalización,2026-06-01 08:00:00,Ejecutivo_06,Vehicular,36500.0,2114.29,0.26,40,Web,21
SOL00309,Formalización,2026-06-01 08:00:00,Ejecutivo_02,Personal,11600.0,1722.57,0.2,77,Web,45
SOL00324,Desembolso,2026-06-01 08:00:00,Tesoreria,Personal,9300.0,2034.94,0.07,56,Agente,21
SOL01066,Verificación de documentos,2026-06-01 08:00:00,Verificador_02,Vehicular,37600.0,1306.12,0.1,98,Sucursal,30
SOL00149,Verificación de documentos,2026-06-01 08:00:00,Verificador_03,Personal,12000.0,1929.84,0.55,86,Web,31
SOL01058,Verificación de documentos,2026-06-01 08:00:00,Verificador_02,Personal,5300.0,1326.39,0.14,5,Agente,53
SOL00557,Verificación de documentos,2026-06-01 08:01:00,Verificador_03,Consumo,1400.0,1746.15,0.19,9,Web,66
SOL00495,Verificación de documentos,2026-06-01 08:05:00,Verificador_01,Consumo,6600.0,2708.64,0.34,26,Sucursal,24
SOL00563,Verificación de documentos,2026-06-01 08:12:00,Verificador_04,Personal,18800.0,2642.48,0.29,98,Agente,54
SOL00264,Verificación de documentos,2026-06-01 08:19:00,Verificador_01,Personal,7600.0,3097.51,0.44,33,Agente,30
SOL00524,Verificación de documentos,2026-06-01 08:22:00,Verificador_04,Personal,3200.0,699.71,0.31,6,Web,45
SOL00057,Solicitud de información adicional,2026-06-01 08:30:01,Verificador_01,Hipotecario,92200.0,7211.14,0.43,139,Web,66
SOL00831,Solicitud de información adicional,2026-06-01 08:30:01,Verificador_03,Personal,3200.0,1895.39,0.67,3,Web,63
SOL01013,Solicitud de información adicional,2026-06-01 08:30:01,Verificador_03,Personal,16600.0,643.86,0.47,29,Sucursal,23
SOL00058,Solicitud de información adicional,2026-06-01 08:30:01,Verificador_01,Hipotecario,99400.0,3047.04,0.66,59,Web,46
SOL00085,Solicitud de información adicional,2026-06-01 08:30:01,Verificador_04,Personal,11800.0,1577.24,0.17,100,Web,40
SOL00819,Solicitud de información adicional,2026-06-01 08:30:01,Verificador_03,Hipotecario,88700.0,2490.86,0.23,173,Agente,49
SOL00557,Solicitud de información adicional,2026-06-01 08:31:01,Verificador_01,Consumo,1400.0,1746.15,0.19,9,Web,66
SOL00264,Solicitud de información adicional,2026-06-01 08:49:01,Verificador_02,Personal,7600.0,3097.51,0.44,33,Agente,30
SOL00453,Verificación de documentos,2026-06-01 09:42:03,Verificador_01,Consumo,2400.0,1400.12,0.21,82,Agente,24
SOL00056,Aprobación ,2026-06-01 10:03:27,Gerente_Sucursal_02,Personal,4800.0,2303.19,0.27,45,Web,66
SOL01112,Verificación de documentos,2026-06-01 10:46:14,Verificador_03,Consumo,5200.0,2072.51,0.49,38,Web,68
SOL00524,Aprobación,2026-06-01 10:50:29,Gerente_Sucursal_01,Personal,3200.0,699.71,0.31,6,Web,45
SOL00499,Aprobación,2026-06-01 11:00:47,Analista_08,Personal,16700.0,1345.14,0.19,175,Web,52
SOL00509,Aprobación,2026-06-01 11:40:06,Analista_07,Consumo,5800.0,2513.81,0.1,126,Web,55
SOL00657,Solicitud recibida,2026-06-01 12:21:44,Ejecutivo_06,Hipotecario,231100.0,1966.62,0.36,51,Sucursal,49
SOL00130,Solicitud recibida,2026-06-01 12:22:16,Sistema,Consumo,7500.0,1695.36,0.54,72,Web,29
SOL00927,Análisis financiero,2026-06-01 13:07:13,Analista_01,Personal,5900.0,731.96,0.2,40,Agente,43
SOL00685,Aprobación,2026-06-01 13:26:15,Analista_07,Consumo,6700.0,1204.54,0.37,63,Web,31
SOL00584,Aprobación,2026-06-01 13:31:13,Analista_04,Personal,16000.0,951.17,0.1,141,Sucursal,34
SOL00983,Aprobación,2026-06-01 14:18:48,Analista_07,Vehicular,10500.0,1967.06,0.34,95,Sucursal,40
SOL00204,Rechazo,2026-06-01 14:24:01,Analista_01,Vehicular,37100.0,929.87,0.48,153,Web,59
SOL00979,Solicitud recibida,2026-06-01 15:38:09,Sistema,Hipotecario,99500.0,676.69,0.31,40,Web,44
SOL00836,Solicitud recibida,2026-06-01 15:47:02,Ejecutivo_06,Hipotecario,111000.0,2701.79,0.53,64,Agente,23
SOL00657,Verificación de documentos,2026-06-01 16:54:19,Verificador_01,Hipotecario,231100.0,1966.62,0.36,51,Sucursal,49
SOL00927,Aprobación,2026-06-01 16:55:04,Analista_01,Personal,5900.0,731.96,0.2,40,Agente,43
SOL00794,Solicitud recibida,2026-06-01 17:32:33,Ejecutivo_03,Vehicular,39900.0,2227.5,0.49,23,Sucursal,57
SOL00989,Recepción de información,2026-06-01 18:26:19,Sistema,Personal,14800.0,2998.58,0.28,5,Web,55
SOL00808,Recepción de información,2026-06-01 20:15:24,Sistema,Consumo,7500.0,1274.35,0.05,34,Sucursal,63
SOL00597,Solicitud recibida,2026-06-01 20:16:43,Ejecutivo_04,Personal,14900.0,2694.2,0.25,28,Sucursal,53
SOL00156,Solicitud recibida,2026-06-01 21:42:27,Sistema,Hipotecario,215700.0,1330.57,0.46,95,Web,64
SOL00057,Recepción de información,2026-06-02 03:22:58,Sistema,Hipotecario,92200.0,7211.14,0.43,139,Web,66
SOL01112,Análisis financiero,2026-06-02 08:00:00,Analista_02,Consumo,5200.0,2072.51,0.49,38,Web,68
SOL00988,Desembolso,2026-06-02 08:00:00,Tesoreria,Personal,5600.0,1206.72,0.25,21,Agente,23
SOL00836,Verificación de documentos,2026-06-02 08:00:00,Verificador_03,Hipotecario,111000.0,2701.79,0.53,64,Agente,23
SOL00453,Análisis financiero,2026-06-02 08:00:00,Analista_08,Consumo,2400.0,1400.12,0.21,82,Agente,24
SOL01066,Análisis financiero,2026-06-02 08:00:00,Analista_01,Vehicular,37600.0,1306.12,0.1,98,Sucursal,30
SOL00979,Verificación de documentos,2026-06-02 08:00:00,Verificador_01,Hipotecario,99500.0,676.69,0.31,40,Web,44
SOL00341,Análisis financiero,2026-06-02 08:00:00,Analista_04,Personal,14900.0,1259.12,0.55,18,Web,21
SOL00859,Desembolso,2026-06-02 08:00:00,Tesoreria,Personal,19200.0,1092.49,0.14,7,Agente,28
SOL01095,Formalización,2026-06-02 08:00:00,Ejecutivo_02,Consumo,5900.0,767.05,0.33,125,Sucursal,38
SOL00130,Verificación de documentos,2026-06-02 08:00:00,Verificador_02,Consumo,7500.0,1695.36,0.54,72,Web,29
SOL00556,Desembolso,2026-06-02 08:00:00,Tesoreria,Consumo,7000.0,1443.4,0.22,43,Web,63
SOL00794,Verificación de documentos,2026-06-02 08:00:00,Verificador_02,Vehicular,39900.0,2227.5,0.49,23,Sucursal,57
SOL00495,Análisis financiero,2026-06-02 08:00:00,Analista_08,Consumo,6600.0,2708.64,0.34,26,Sucursal,24
SOL00333,Desembolso,2026-06-02 08:01:00,Tesoreria,Vehicular,32300.0,1569.88,0.04,1,Web,25
SOL00309,Desembolso,2026-06-02 08:01:00,Tesoreria,Personal,11600.0,1722.57,0.2,77,Web,45
SOL00931,Desembolso,2026-06-02 08:03:00,Tesoreria,Hipotecario,198700.0,1225.47,0.68,51,Agente,62
SOL01022,Formalización,2026-06-02 08:08:00,Ejecutivo_01,Personal,5400.0,2016.47,0.31,17,Agente,30
SOL00869,Análisis financiero,2026-06-02 08:14:00,Analista_04,Vehicular,26100.0,2507.49,0.03,30,Agente,67
SOL00273,Reevaluación,2026-06-02 08:15:00,Analista_05,Vehicular,30000.0,2691.05,0.5,113,Sucursal,23
SOL00156,Verificación de documentos,2026-06-02 08:16:00,Verificador_04,Hipotecario,215700.0,1330.57,0.46,95,Web,64
SOL00779,Análisis financiero,2026-06-02 08:22:00,Analista_03,Consumo,1200.0,792.01,0.08,155,Sucursal,70
SOL00658,Reevaluación,2026-06-02 08:22:00,Analista_08,Consumo,4400.0,926.85,0.52,4,Web,32
SOL00524,Formalización,2026-06-02 08:23:00,Ejecutivo_01,Personal,3200.0,699.71,0.31,6,Web,45
SOL00529,Análisis financiero,2026-06-02 08:23:00,Analista_05,Hipotecario,207000.0,1503.49,0.27,121,Web,60
SOL00676,Desembolso,2026-06-02 08:27:00,Tesoreria,Hipotecario,202800.0,1566.67,0.19,142,Web,59
SOL00808,Verificación de documentos,2026-06-02 08:27:00,Verificador_04,Consumo,7500.0,1274.35,0.05,34,Sucursal,63
SOL00130,Solicitud de información adicional,2026-06-02 08:30:01,Verificador_01,Consumo,7500.0,1695.36,0.54,72,Web,29
SOL00794,Solicitud de información adicional,2026-06-02 08:30:01,Verificador_01,Vehicular,39900.0,2227.5,0.49,23,Sucursal,57
SOL00957,Desistimiento,2026-06-02 08:39:02,Sistema,Personal,15600.0,1381.01,0.15,41,Web,60
SOL00293,Desembolso,2026-06-02 09:29:42,Tesoreria,Consumo,7500.0,1706.9,0.03,14,Sucursal,65
SOL00435,Desembolso,2026-06-02 09:33:09,Tesoreria,Vehicular,36500.0,2114.29,0.26,40,Web,21
SOL00174,Análisis financiero,2026-06-02 10:21:51,Analista_06,Personal,5200.0,1748.68,0.44,11,Web,26
SOL00597,Verificación de documentos,2026-06-02 10:52:01,Verificador_04,Personal,14900.0,2694.2,0.25,28,Sucursal,53
SOL00273,Rechazo,2026-06-02 10:58:03,Analista_05,Vehicular,30000.0,2691.05,0.5,113,Sucursal,23
SOL00912,Desembolso,2026-06-02 11:35:51,Tesoreria,Vehicular,22400.0,1276.78,0.33,4,Web,59
SOL00658,Aprobación,2026-06-02 11:42:06,Analista_08,Consumo,4400.0,926.85,0.52,4,Web,32
SOL00928,Desembolso,2026-06-02 11:56:43,Tesoreria,Hipotecario,58200.0,1136.43,0.27,244,Web,65
SOL00495,Rechazo,2026-06-02 13:14:42,Analista_08,Consumo,6600.0,2708.64,0.34,26,Sucursal,24
SOL00550,Desembolso,2026-06-02 13:15:45,Tesoreria,Vehicular,14800.0,1483.01,0.3,38,Agente,45
SOL00779,Aprobación,2026-06-02 13:39:17,Analista_03,Consumo,1200.0,792.01,0.08,155,Sucursal,70
SOL00453,Aprobación ,2026-06-02 13:49:06,Analista_08,Consumo,2400.0,1400.12,0.21,82,Agente,24
SOL00869,Aprobación,2026-06-02 14:06:19,Analista_04,Vehicular,26100.0,2507.49,0.03,30,Agente,67
SOL00861,Solicitud recibida,2026-06-02 14:08:11,Sistema,Consumo,2000.0,1749.94,0.51,19,Web,37
SOL00134,Solicitud recibida,2026-06-02 14:25:15,Sistema,Hipotecario,249000.0,3122.03,0.57,180,Web,65
SOL00786,Análisis financiero,2026-06-02 15:48:45,Analista_07,Vehicular,20100.0,1676.77,0.02,14,Sucursal,61
SOL00174,Aprobación,2026-06-02 16:29:42,Analista_06,Personal,5200.0,1748.68,0.44,11,Web,26
SOL00758,Solicitud recibida,2026-06-02 20:34:14,Ejecutivo_03,Hipotecario,214700.0,3724.46,0.52,33,Sucursal,42
SOL00404,Solicitud recibida,2026-06-02 21:43:06,Ejecutivo_03,Consumo,7700.0,1267.48,0.06,43,Sucursal,55
SOL00893,Solicitud recibida,2026-06-02 21:51:07,Ejecutivo_05,Consumo,3300.0,1402.79,0.19,57,Agente,24
SOL00085,Recepción de información,2026-06-03 01:36:52,Sistema,Personal,11800.0,1577.24,0.17,100,Web,40
SOL00861,Verificación de documentos,2026-06-03 08:00:00,Verificador_03,Consumo,2000.0,1749.94,0.51,19,Web,37
SOL00341,Reevaluación,2026-06-03 08:00:00,Analista_04,Personal,14900.0,1259.12,0.55,18,Web,21
SOL00434,Desembolso,2026-06-03 08:00:00,Tesoreria,Consumo,6200.0,2482.48,0.5,44,Sucursal,21
SOL00057,Verificación de documentos,2026-06-03 08:00:00,Verificador_03,Hipotecario,92200.0,7211.14,0.43,139,Web,66
SOL00404,Verificación de documentos,2026-06-03 08:00:00,Verificador_02,Consumo,7700.0,1267.48,0.06,43,Sucursal,55
SOL00786,Aprobación,2026-06-03 08:00:00,Analista_07,Vehicular,20100.0,1676.77,0.02,14,Sucursal,61
SOL00156,Análisis financiero,2026-06-03 08:00:00,Analista_08,Hipotecario,215700.0,1330.57,0.46,95,Web,64
SOL00563,Análisis financiero,2026-06-03 08:00:00,Analista_07,Personal,18800.0,2642.48,0.29,98,Agente,54
SOL00134,Verificación de documentos,2026-06-03 08:00:00,Verificador_02,Hipotecario,249000.0,3122.03,0.57,180,Web,65
SOL00992,Desembolso,2026-06-03 08:00:00,Tesoreria,Vehicular,22900.0,928.12,0.23,69,Agente,25
SOL00637,Análisis financiero,2026-06-03 08:00:00,Analista_03,Vehicular,36500.0,2607.97,0.28,39,Agente,25
SOL00524,Desembolso,2026-06-03 08:00:00,Tesoreria,Personal,3200.0,699.71,0.31,6,Web,45
SOL01112,Rechazo,2026-06-03 08:00:00,Analista_02,Consumo,5200.0,2072.51,0.49,38,Web,68
SOL00989,Verificación de documentos,2026-06-03 08:00:00,Verificador_02,Personal,14800.0,2998.58,0.28,5,Web,55
SOL01058,Análisis financiero,2026-06-03 08:00:00,Analista_07,Personal,5300.0,1326.39,0.14,5,Agente,53
SOL00149,Análisis financiero,2026-06-03 08:00:00,Analista_05,Personal,12000.0,1929.84,0.55,86,Web,31
SOL00836,Análisis financiero,2026-06-03 08:00:00,Analista_05,Hipotecario,111000.0,2701.79,0.53,64,Agente,23
SOL00814,Desembolso,2026-06-03 08:00:00,Tesoreria,Consumo,6400.0,1186.89,0.46,77,Web,42
SOL00597,Análisis financiero,2026-06-03 08:13:00,Analista_06,Personal,14900.0,2694.2,0.25,28,Sucursal,53
SOL00927,Formalización,2026-06-03 08:14:00,Ejecutivo_03,Personal,5900.0,731.96,0.2,40,Agente,43
SOL00979,Análisis financiero,2026-06-03 08:15:00,Analista_07,Hipotecario,99500.0,676.69,0.31,40,Web,44
SOL00758,Verificación de documentos,2026-06-03 08:17:00,Verificador_04,Hipotecario,214700.0,3724.46,0.52,33,Sucursal,42
SOL00163,Desembolso,2026-06-03 08:18:00,Tesoreria,Vehicular,34800.0,1714.0,0.59,219,Sucursal,50
SOL00893,Verificación de documentos,2026-06-03 08:21:00,Verificador_03,Consumo,3300.0,1402.79,0.19,57,Agente,24
SOL01095,Desembolso,2026-06-03 08:22:00,Tesoreria,Consumo,5900.0,767.05,0.33,125,Sucursal,38
SOL00745,Desembolso,2026-06-03 08:23:00,Tesoreria,Consumo,2200.0,2239.7,0.05,0,Sucursal,40
SOL00995,Análisis financiero,2026-06-03 08:26:00,Analista_05,Consumo,2100.0,1020.14,0.41,51,Web,57
SOL00861,Solicitud de información adicional,2026-06-03 08:30:01,Verificador_01,Consumo,2000.0,1749.94,0.51,19,Web,37
SOL00057,Solicitud de información adicional,2026-06-03 08:30:01,Verificador_01,Hipotecario,92200.0,7211.14,0.43,139,Web,66
SOL00404,Solicitud de información adicional,2026-06-03 08:30:01,Verificador_03,Consumo,7700.0,1267.48,0.06,43,Sucursal,55
SOL00266,Desistimiento,2026-06-03 08:30:02,Sistema,Vehicular,39500.0,1207.81,0.41,27,Web,45
SOL00893,Solicitud de información adicional,2026-06-03 08:51:01,Verificador_03,Consumo,3300.0,1402.79,0.19,57,Agente,24
SOL00223,Solicitud recibida,2026-06-03 09:42:38,Sistema,Personal,6700.0,2175.69,0.38,141,Web,48
SOL00085,Verificación de documentos,2026-06-03 09:43:17,Verificador_01,Personal,11800.0,1577.24,0.17,100,Web,40
SOL00085,Solicitud de información adicional,2026-06-03 10:13:18,Verificador_02,Personal,11800.0,1577.24,0.17,100,Web,40
SOL00149,Rechazo,2026-06-03 10:22:16,Analista_05,Personal,12000.0,1929.84,0.55,86,Web,31
SOL00056,Formalización,2026-06-03 10:39:58,Ejecutivo_04,Personal,4800.0,2303.19,0.27,45,Web,66
SOL00657,Análisis financiero,2026-06-03 11:16:22,Analista_07,Hipotecario,231100.0,1966.62,0.36,51,Sucursal,49
SOL01097,Solicitud recibida,2026-06-03 11:43:02,Sistema,Hipotecario,121700.0,2348.74,0.47,46,Web,24
SOL00853,Solicitud recibida,2026-06-03 12:02:53,Ejecutivo_03,Consumo,2400.0,1130.67,0.08,23,Sucursal,70
SOL00667,Solicitud recibida,2026-06-03 12:43:02,Sistema,Personal,14700.0,1563.72,0.55,20,Web,26
SOL00995,Aprobación,2026-06-03 13:16:12,Analista_05,Consumo,2100.0,1020.14,0.41,51,Web,57
SOL00597,Rechazo,2026-06-03 13:27:07,Analista_06,Personal,14900.0,2694.2,0.25,28,Sucursal,53
SOL00223,Verificación de documentos,2026-06-03 14:09:20,Verificador_04,Personal,6700.0,2175.69,0.38,141,Web,48
SOL01058,Aprobación,2026-06-03 14:24:25,Analista_07,Personal,5300.0,1326.39,0.14,5,Agente,53
SOL00499,Formalización,2026-06-03 15:24:46,Ejecutivo_03,Personal,16700.0,1345.14,0.19,175,Web,52
SOL00248,Solicitud recibida,2026-06-03 15:33:29,Sistema,Consumo,2300.0,2556.41,0.16,28,Web,37
SOL00779,Formalización,2026-06-03 15:38:16,Ejecutivo_05,Consumo,1200.0,792.01,0.08,155,Sucursal,70
SOL00056,Desembolso,2026-06-03 16:31:11,Tesoreria,Personal,4800.0,2303.19,0.27,45,Web,66
SOL00576,Solicitud recibida,2026-06-03 16:38:19,Sistema,Consumo,3200.0,1448.72,0.31,29,Web,35
SOL00212,Solicitud recibida,2026-06-03 16:42:13,Ejecutivo_03,Personal,10200.0,2097.35,0.21,146,Sucursal,70
SOL00758,Análisis financiero,2026-06-03 16:43:44,Analista_08,Hipotecario,214700.0,3724.46,0.52,33,Sucursal,42
SOL00557,Recepción de información,2026-06-03 18:23:04,Sistema,Consumo,1400.0,1746.15,0.19,9,Web,66
SOL00283,Solicitud recibida,2026-06-03 18:32:36,Ejecutivo_02,Vehicular,30900.0,2186.93,0.79,76,Sucursal,66
SOL00819,Recepción de información,2026-06-03 20:40:25,Sistema,Hipotecario,88700.0,2490.86,0.23,173,Agente,49
SOL00717,Solicitud recibida,2026-06-04 07:13:16,Ejecutivo_03,Vehicular,25600.0,1949.34,0.49,55,Agente,28
SOL00341,Rechazo,2026-06-04 08:00:00,Analista_04,Personal,14900.0,1259.12,0.55,18,Web,21
SOL00563,Aprobación,2026-06-04 08:00:00,Analista_07,Personal,18800.0,2642.48,0.29,98,Agente,54
SOL00808,Análisis financiero,2026-06-04 08:00:00,Analista_05,Consumo,7500.0,1274.35,0.05,34,Sucursal,63
SOL00989,Análisis financiero,2026-06-04 08:00:00,Analista_08,Personal,14800.0,2998.58,0.28,5,Web,55
SOL01097,Verificación de documentos,2026-06-04 08:00:00,Verificador_02,Hipotecario,121700.0,2348.74,0.47,46,Web,24
SOL00584,Formalización,2026-06-04 08:00:00,Ejecutivo_01,Personal,16000.0,951.17,0.1,141,Sucursal,34
SOL00869,Formalización,2026-06-04 08:00:00,Ejecutivo_04,Vehicular,26100.0,2507.49,0.03,30,Agente,67
SOL01022,Desembolso,2026-06-04 08:00:00,Tesoreria,Personal,5400.0,2016.47,0.31,17,Agente,30
SOL00212,Verificación de documentos,2026-06-04 08:00:00,Verificador_04,Personal,10200.0,2097.35,0.21,146,Sucursal,70
SOL00667,Verificación de documentos,2026-06-04 08:00:00,Verificador_04,Personal,14700.0,1563.72,0.55,20,Web,26
SOL00557,Verificación de documentos,2026-06-04 08:04:00,Verificador_01,Consumo,1400.0,1746.15,0.19,9,Web,66
SOL00248,Verificación de documentos,2026-06-04 08:10:00,Verificador_01,Consumo,2300.0,2556.41,0.16,28,Web,37
SOL00134,Análisis financiero,2026-06-04 08:11:00,Analista_07,Hipotecario,249000.0,3122.03,0.57,180,Web,65
SOL00927,Desembolso,2026-06-04 08:21:00,Tesoreria,Personal,5900.0,731.96,0.2,40,Agente,43
SOL00453,Formalización,2026-06-04 08:26:09,Ejecutivo_06,Consumo,2400.0,1400.12,0.21,82,Agente,24
SOL00283,Verificación de documentos,2026-06-04 08:27:00,Verificador_02,Vehicular,30900.0,2186.93,0.79,76,Sucursal,66
SOL01097,Solicitud de información adicional,2026-06-04 08:30:01,Verificador_04,Hipotecario,121700.0,2348.74,0.47,46,Web,24
SOL00212,Solicitud de información adicional,2026-06-04 08:30:01,Verificador_02,Personal,10200.0,2097.35,0.21,146,Sucursal,70
SOL00557,Solicitud de información adicional,2026-06-04 08:34:01,Verificador_01,Consumo,1400.0,1746.15,0.19,9,Web,66
SOL00819,Verificación de documentos,2026-06-04 09:03:10,Verificador_04,Hipotecario,88700.0,2490.86,0.23,173,Agente,49
SOL00808,Aprobación,2026-06-04 09:47:24,Analista_05,Consumo,7500.0,1274.35,0.05,34,Sucursal,63
SOL00136,Comité de crédito,2026-06-04 10:00:01,Comite,Vehicular,32600.0,960.56,0.36,52,Web,37
SOL00758,Comité de crédito,2026-06-04 10:00:01,Comite,Hipotecario,214700.0,3724.46,0.52,33,Sucursal,42
SOL00728,Comité de crédito,2026-06-04 10:00:01,Comite,Hipotecario,195400.0,1311.79,0.2,120,Web,50
SOL00979,Comité de crédito,2026-06-04 10:00:01,Comite,Hipotecario,99500.0,676.69,0.31,40,Web,44
SOL01066,Comité de crédito,2026-06-04 10:00:01,Comite,Vehicular,37600.0,1306.12,0.1,98,Sucursal,30
SOL00156,Comité de crédito,2026-06-04 10:00:01,Comite,Hipotecario,215700.0,1330.57,0.46,95,Web,64
SOL00529,Comité de crédito,2026-06-04 10:00:01,Comite,Hipotecario,207000.0,1503.49,0.27,121,Web,60
SOL00312,Comité de crédito,2026-06-04 10:00:01,Comite,Hipotecario,117500.0,2189.02,0.17,2,Sucursal,45
SOL00657,Comité de crédito,2026-06-04 10:00:01,Comite,Hipotecario,231100.0,1966.62,0.36,51,Sucursal,49
SOL00637,Comité de crédito,2026-06-04 10:00:01,Comite,Vehicular,36500.0,2607.97,0.28,39,Agente,25
SOL00325,Comité de crédito,2026-06-04 10:00:01,Comite,Hipotecario,95400.0,1756.18,0.2,44,Sucursal,42
SOL00725,Comité de crédito,2026-06-04 10:00:01,Comite,Hipotecario,159000.0,1130.09,0.45,16,Web,26
SOL00836,Comité de crédito,2026-06-04 10:00:01,Comite,Hipotecario,111000.0,2701.79,0.53,64,Agente,23
SOL00904,Comité de crédito,2026-06-04 10:00:01,Comite,Hipotecario,57300.0,2392.59,0.14,65,Agente,36
SOL00612,Comité de crédito,2026-06-04 10:00:01,Comite,Hipotecario,58400.0,1821.76,0.21,33,Web,37
SOL00717,Verificación de documentos,2026-06-04 10:23:56,Verificador_03,Vehicular,25600.0,1949.34,0.49,55,Agente,28
SOL00816,Solicitud recibida ,2026-06-04 11:46:03,Ejecutivo_02,Vehicular,30400.0,837.7,0.47,16,Sucursal,23
SOL00657,Rechazo,2026-06-04 11:49:19,Analista_07,Hipotecario,231100.0,1966.62,0.36,51,Sucursal,49
SOL00396,Desembolso,2026-06-04 11:56:07,Tesoreria,Hipotecario,183400.0,4584.26,0.31,2,Web,58
SOL00989,Aprobación,2026-06-04 12:14:47,Analista_08,Personal,14800.0,2998.58,0.28,5,Web,55
SOL00661,Solicitud recibida,2026-06-04 12:29:37,Ejecutivo_01,Consumo,2000.0,902.97,0.62,59,Sucursal,56
SOL00136,Aprobación,2026-06-04 12:45:18,Comite,Vehicular,32600.0,960.56,0.36,52,Web,37
SOL00576,Verificación de documentos,2026-06-04 12:46:23,Verificador_01,Consumo,3200.0,1448.72,0.31,29,Web,35
SOL00758,Rechazo,2026-06-04 12:47:50,Analista_08,Hipotecario,214700.0,3724.46,0.52,33,Sucursal,42
SOL00325,Aprobación,2026-06-04 12:48:29,Comite,Hipotecario,95400.0,1756.18,0.2,44,Sucursal,42
SOL00576,Solicitud de información adicional,2026-06-04 13:16:24,Verificador_01,Consumo,3200.0,1448.72,0.31,29,Web,35
SOL00979,Aprobación,2026-06-04 13:22:18,Comite,Hipotecario,99500.0,676.69,0.31,40,Web,44
SOL01066,Aprobación,2026-06-04 13:24:26,Comite,Vehicular,37600.0,1306.12,0.1,98,Sucursal,30
SOL00612,Rechazo,2026-06-04 13:32:00,Analista_04,Hipotecario,58400.0,1821.76,0.21,33,Web,37
SOL00904,Aprobación,2026-06-04 13:46:46,Comite,Hipotecario,57300.0,2392.59,0.14,65,Agente,36
SOL00637,Aprobación,2026-06-04 14:10:06,Comite,Vehicular,36500.0,2607.97,0.28,39,Agente,25
SOL00853,Verificación de documentos,2026-06-04 14:14:40,Verificador_01,Consumo,2400.0,1130.67,0.08,23,Sucursal,70
SOL00728,Rechazo,2026-06-04 14:30:40,Analista_02,Hipotecario,195400.0,1311.79,0.2,120,Web,50
SOL01014,Solicitud recibida,2026-06-04 14:43:55,Ejecutivo_03,Consumo,5300.0,766.21,0.18,67,Sucursal,35
SOL00853,Solicitud de información adicional,2026-06-04 14:44:41,Verificador_03,Consumo,2400.0,1130.67,0.08,23,Sucursal,70
SOL00529,Rechazo,2026-06-04 14:50:01,Analista_05,Hipotecario,207000.0,1503.49,0.27,121,Web,60
SOL00725,Rechazo,2026-06-04 15:44:51,Analista_02,Hipotecario,159000.0,1130.09,0.45,16,Web,26
SOL00312,Aprobación,2026-06-04 15:47:41,Comite,Hipotecario,117500.0,2189.02,0.17,2,Sucursal,45
SOL00836,Rechazo,2026-06-04 16:06:21,Analista_05,Hipotecario,111000.0,2701.79,0.53,64,Agente,23
SOL00864,Solicitud recibida,2026-06-04 16:38:50,Ejecutivo_05,Personal,4900.0,2221.84,0.78,5,Sucursal,43
SOL00621,Recepción de información,2026-06-04 18:40:21,Sistema,Personal,13100.0,1050.25,0.49,12,Web,43
SOL00146,Solicitud recibida,2026-06-04 19:55:13,Ejecutivo_05,Consumo,2100.0,1653.82,0.47,38,Sucursal,42
SOL00794,Recepción de información,2026-06-04 23:01:00,Sistema,Vehicular,39900.0,2227.5,0.49,23,Sucursal,57
SOL00130,Recepción de información,2026-06-05 01:09:04,Sistema,Consumo,7500.0,1695.36,0.54,72,Web,29
SOL00831,Recepción de información,2026-06-05 05:56:17,Sistema,Personal,3200.0,1895.39,0.67,3,Web,63
SOL00560,Solicitud recibida,2026-06-05 07:46:22,Ejecutivo_03,Consumo,5800.0,1192.77,0.1,73,Sucursal,67
SOL00283,Análisis financiero,2026-06-05 08:00:00,Analista_08,Vehicular,30900.0,2186.93,0.79,76,Sucursal,66
SOL01014,Verificación de documentos,2026-06-05 08:00:00,Verificador_04,Consumo,5300.0,766.21,0.18,67,Sucursal,35
SOL00667,Análisis financiero,2026-06-05 08:00:00,Analista_07,Personal,14700.0,1563.72,0.55,20,Web,26
SOL00685,Formalización,2026-06-05 08:00:00,Ejecutivo_06,Consumo,6700.0,1204.54,0.37,63,Web,31
SOL00584,Desembolso,2026-06-05 08:00:00,Tesoreria,Personal,16000.0,951.17,0.1,141,Sucursal,34
SOL00248,Análisis financiero,2026-06-05 08:00:00,Analista_06,Consumo,2300.0,2556.41,0.16,28,Web,37
SOL00779,Desembolso,2026-06-05 08:04:00,Tesoreria,Consumo,1200.0,792.01,0.08,155,Sucursal,70
SOL00146,Verificación de documentos,2026-06-05 08:08:00,Verificador_02,Consumo,2100.0,1653.82,0.47,38,Sucursal,42
SOL00156,Reevaluación,2026-06-05 08:08:00,Analista_08,Hipotecario,215700.0,1330.57,0.46,95,Web,64
SOL00869,Desembolso,2026-06-05 08:12:00,Tesoreria,Vehicular,26100.0,2507.49,0.03,30,Agente,67
SOL00816,Verificación de documentos,2026-06-05 08:15:00,Verificador_01,Vehicular,30400.0,837.7,0.47,16,Sucursal,23
SOL00174,Formalización,2026-06-05 08:17:00,Ejecutivo_03,Personal,5200.0,1748.68,0.44,11,Web,26
SOL00621,Verificación de documentos,2026-06-05 08:19:00,Verificador_01,Personal,13100.0,1050.25,0.49,12,Web,43
SOL00864,Verificación de documentos,2026-06-05 08:28:00,Verificador_04,Personal,4900.0,2221.84,0.78,5,Sucursal,43
SOL00717,Análisis financiero,2026-06-05 08:28:00,Analista_08,Vehicular,25600.0,1949.34,0.49,55,Agente,28
SOL00621,Solicitud de información adicional,2026-06-05 08:49:01,Verificador_04,Personal,13100.0,1050.25,0.49,12,Web,43
SOL00893,Recepción de información,2026-06-05 09:27:50,Sistema,Consumo,3300.0,1402.79,0.19,57,Agente,24
SOL00819,Análisis financiero,2026-06-05 10:29:06,Analista_02,Hipotecario,88700.0,2490.86,0.23,173,Agente,49
SOL00045,Solicitud recibida,2026-06-05 10:30:25,Sistema,Personal,17700.0,2630.99,0.07,33,Web,51
SOL00786,Formalización,2026-06-05 10:37:14,Ejecutivo_01,Vehicular,20100.0,1676.77,0.02,14,Sucursal,61
SOL00661,Verificación de documentos,2026-06-05 11:09:36,Verificador_02,Consumo,2000.0,902.97,0.62,59,Sucursal,56
SOL00717,Aprobacion,2026-06-05 11:11:14,Analista_08,Vehicular,25600.0,1949.34,0.49,55,Agente,28
SOL00156,Rechazo,2026-06-05 11:31:01,Analista_08,Hipotecario,215700.0,1330.57,0.46,95,Web,64
SOL00449,Solicitud recibida,2026-06-05 11:32:24,Sistema,Personal,15800.0,1204.24,0.23,118,Web,44
SOL00453,Desembolso,2026-06-05 13:03:12,Tesoreria,Consumo,2400.0,1400.12,0.21,82,Agente,24
SOL00101,Solicitud recibida,2026-06-05 13:04:40,Ejecutivo_05,Personal,3000.0,2360.86,0.18,93,Agente,27
SOL00794,Verificación de documentos,2026-06-05 13:41:09,Verificador_03,Vehicular,39900.0,2227.5,0.49,23,Sucursal,57
SOL00784,Solicitud recibida,2026-06-05 13:51:43,Ejecutivo_05,Consumo,5800.0,817.23,0.19,18,Sucursal,48
SOL00248,Aprobación,2026-06-05 13:56:46,Analista_06,Consumo,2300.0,2556.41,0.16,28,Web,37
SOL01198,Solicitud recibida,2026-06-05 14:40:25,Ejecutivo_03,Consumo,4000.0,1885.51,0.42,243,Sucursal,68
SOL00831,Verificación de documentos,2026-06-05 14:41:36,Verificador_04,Personal,3200.0,1895.39,0.67,3,Web,63
SOL00101,Verificación de documentos,2026-06-05 15:37:18,Verificador_02,Personal,3000.0,2360.86,0.18,93,Agente,27
SOL00297,Solicitud recibida,2026-06-05 15:50:54,Sistema,Personal,6100.0,1459.16,0.36,10,Web,56
SOL01058,Formalización,2026-06-05 16:00:44,Ejecutivo_06,Personal,5300.0,1326.39,0.14,5,Agente,53
SOL00989,Formalización,2026-06-05 16:08:41,Ejecutivo_03,Personal,14800.0,2998.58,0.28,5,Web,55
SOL00013,Solicitud recibida,2026-06-05 17:47:36,Ejecutivo_04,Consumo,2500.0,1013.85,0.51,9,Sucursal,52
SOL00058,Recepción de información,2026-06-05 18:52:15,Sistema,Hipotecario,99400.0,3047.04,0.66,59,Web,46
SOL00050,Solicitud recibida,2026-06-05 19:18:28,Ejecutivo_05,Hipotecario,206100.0,1635.77,0.5,33,Sucursal,27
SOL00861,Recepción de información,2026-06-05 20:35:19,Sistema,Consumo,2000.0,1749.94,0.51,19,Web,37
SOL01045,Solicitud recibida,2026-06-05 21:54:43,Ejecutivo_03,Hipotecario,50400.0,1316.26,0.5,26,Agente,56
SOL01013,Recepción de información,2026-06-06 02:29:20,Sistema,Personal,16600.0,643.86,0.47,29,Sucursal,23
SOL00807,Solicitud recibida,2026-06-06 07:27:47,Sistema,Personal,10700.0,1691.86,0.46,12,Web,41
SOL00367,Solicitud recibida,2026-06-06 07:39:49,Sistema,Hipotecario,112700.0,1799.92,0.26,39,Web,34
SOL00272,Solicitud recibida,2026-06-06 08:12:44,Sistema,Consumo,1800.0,995.49,0.21,34,Web,55
SOL00264,Recepción de información,2026-06-06 08:40:38,Sistema,Personal,7600.0,3097.51,0.44,33,Agente,30
SOL00564,Solicitud recibida,2026-06-06 08:50:05,Sistema,Personal,17900.0,880.91,0.07,64,Web,68
SOL00853,Recepción de información,2026-06-06 10:52:48,Sistema,Consumo,2400.0,1130.67,0.08,23,Sucursal,70
SOL00557,Recepción de información,2026-06-06 14:33:08,Sistema,Consumo,1400.0,1746.15,0.19,9,Web,66
SOL00888,Solicitud recibida,2026-06-06 16:13:34,Ejecutivo_01,Personal,11500.0,3062.67,0.41,39,Sucursal,58
SOL00890,Solicitud recibida,2026-06-06 16:39:47,Sistema,Consumo,4900.0,1023.64,0.19,63,Web,60
SOL00645,Solicitud recibida,2026-06-06 17:11:02,Ejecutivo_01,Personal,7100.0,1819.45,0.43,22,Sucursal,67
SOL01053,Solicitud recibida,2026-06-06 18:28:06,Sistema,Vehicular,15100.0,1285.63,0.16,37,Web,34
SOL00044,Solicitud recibida,2026-06-06 19:54:18,Sistema,Consumo,2600.0,740.05,0.3,26,Web,44
SOL00753,Solicitud recibida,2026-06-06 20:14:22,Ejecutivo_03,Consumo,7000.0,1804.95,0.68,43,Agente,68
SOL00828,Solicitud recibida,2026-06-06 20:58:48,Sistema,Personal,8200.0,1664.0,0.33,79,Web,67
SOL00916,Solicitud recibida,2026-06-07 11:32:11,Ejecutivo_06,Hipotecario,145100.0,1377.31,0.2,15,Agente,46
SOL00917,Solicitud recibida,2026-06-07 12:34:03,Ejecutivo_06,Consumo,5600.0,4352.65,0.54,97,Sucursal,52
SOL00778,Solicitud recibida,2026-06-07 12:44:09,Ejecutivo_04,Consumo,2200.0,512.74,0.14,71,Sucursal,42
SOL00199,Solicitud recibida,2026-06-07 13:42:46,Sistema,Vehicular,35100.0,2710.02,0.27,52,Web,46
SOL00263,Solicitud recibida,2026-06-07 14:50:46,Ejecutivo_02,Consumo,7000.0,835.26,0.15,132,Sucursal,42
SOL00348,Solicitud recibida,2026-06-07 19:26:59,Ejecutivo_06,Personal,9800.0,1679.74,0.29,32,Sucursal,58
SOL00786,Desembolso,2026-06-08 08:00:00,Tesoreria,Vehicular,20100.0,1676.77,0.02,14,Sucursal,61
SOL00816,Análisis financiero,2026-06-08 08:00:00,Analista_04,Vehicular,30400.0,837.7,0.47,16,Sucursal,23
SOL00499,Desembolso,2026-06-08 08:00:00,Tesoreria,Personal,16700.0,1345.14,0.19,175,Web,52
SOL00831,Análisis financiero,2026-06-08 08:00:00,Analista_06,Personal,3200.0,1895.39,0.67,3,Web,63
SOL00560,Verificación de documentos,2026-06-08 08:00:00,Verificador_03,Consumo,5800.0,1192.77,0.1,73,Sucursal,67
SOL00312,Formalización,2026-06-08 08:00:00,Ejecutivo_05,Hipotecario,117500.0,2189.02,0.17,2,Sucursal,45
SOL00058,Verificación de documentos,2026-06-08 08:00:00,Verificador_04,Hipotecario,99400.0,3047.04,0.66,59,Web,46
SOL00297,Verificación de documentos,2026-06-08 08:00:00,Verificador_03,Personal,6100.0,1459.16,0.36,10,Web,56
SOL00864,Análisis financiero,2026-06-08 08:00:00,Analista_05,Personal,4900.0,2221.84,0.78,5,Sucursal,43
SOL00101,Aprobación,2026-06-08 08:00:00,Gerente_Sucursal_02,Personal,3000.0,2360.86,0.18,93,Agente,27
SOL00893,Verificación de documentos,2026-06-08 08:00:00,Verificador_03,Consumo,3300.0,1402.79,0.19,57,Agente,24
SOL00564,Verificación de documentos,2026-06-08 08:00:00,Verificador_01,Personal,17900.0,880.91,0.07,64,Web,68
SOL00658,Formalización,2026-06-08 08:00:00,Ejecutivo_05,Consumo,4400.0,926.85,0.52,4,Web,32
SOL00890,Verificación de documentos,2026-06-08 08:00:00,Verificador_01,Consumo,4900.0,1023.64,0.19,63,Web,60
SOL00995,Formalización,2026-06-08 08:00:00,Ejecutivo_05,Consumo,2100.0,1020.14,0.41,51,Web,57
SOL00888,Verificación de documentos,2026-06-08 08:00:00,Verificador_03,Personal,11500.0,3062.67,0.41,39,Sucursal,58
SOL00717,Formalización,2026-06-08 08:00:00,Ejecutivo_04,Vehicular,25600.0,1949.34,0.49,55,Agente,28
SOL00917,Verificación de documentos,2026-06-08 08:00:00,Verificador_01,Consumo,5600.0,4352.65,0.54,97,Sucursal,52
SOL00013,Verificación de documentos,2026-06-08 08:00:00,Verificador_03,Consumo,2500.0,1013.85,0.51,9,Sucursal,52
SOL01014,Análisis financiero,2026-06-08 08:00:00,Analista_03,Consumo,5300.0,766.21,0.18,67,Sucursal,35
SOL01014,Análisis financiero,2026-06-08 08:00:00,Analista_03,Consumo,5300.0,766.21,0.18,67,Sucursal,35
SOL00509,Formalización,2026-06-08 08:00:00,Ejecutivo_03,Consumo,5800.0,2513.81,0.1,126,Web,55
SOL01058,Desembolso,2026-06-08 08:00:00,Tesoreria,Personal,5300.0,1326.39,0.14,5,Agente,53
SOL00916,Verificación de documentos,2026-06-08 08:00:00,Verificador_03,Hipotecario,145100.0,1377.31,0.2,15,Agente,46
SOL00989,Desembolso,2026-06-08 08:00:00,Tesoreria,Personal,14800.0,2998.58,0.28,5,Web,55
SOL00563,Formalización,2026-06-08 08:00:00,Ejecutivo_05,Personal,18800.0,2642.48,0.29,98,Agente,54
SOL00325,Formalización,2026-06-08 08:00:00,Ejecutivo_05,Hipotecario,95400.0,1756.18,0.2,44,Sucursal,42
SOL00146,Análisis financiero,2026-06-08 08:00:00,Analista_05,Consumo,2100.0,1653.82,0.47,38,Sucursal,42
SOL00223,Análisis financiero,2026-06-08 08:00:00,Analista_08,Personal,6700.0,2175.69,0.38,141,Web,48
SOL01198,Verificación de documentos,2026-06-08 08:00:00,Verificador_04,Consumo,4000.0,1885.51,0.42,243,Sucursal,68
SOL00778,Verificación de documentos,2026-06-08 08:00:00,Verificador_03,Consumo,2200.0,512.74,0.14,71,Sucursal,42
SOL00264,Verificación de documentos,2026-06-08 08:00:00,Verificador_01,Personal,7600.0,3097.51,0.44,33,Agente,30
SOL00045,Verificación de documentos,2026-06-08 08:00:00,Verificador_02,Personal,17700.0,2630.99,0.07,33,Web,51
SOL00199,Verificación de documentos,2026-06-08 08:00:00,Verificador_01,Vehicular,35100.0,2710.02,0.27,52,Web,46
SOL00557,Verificación de documentos,2026-06-08 08:00:00,Verificador_01,Consumo,1400.0,1746.15,0.19,9,Web,66
SOL00667,Reevaluación,2026-06-08 08:00:00,Analista_07,Personal,14700.0,1563.72,0.55,20,Web,26
SOL00861,Verificación de documentos,2026-06-08 08:00:00,Verificador_02,Consumo,2000.0,1749.94,0.51,19,Web,37
SOL00174,Desembolso,2026-06-08 08:00:00,Tesoreria,Personal,5200.0,1748.68,0.44,11,Web,26
SOL00645,Verificación de documentos,2026-06-08 08:00:00,Verificador_02,Personal,7100.0,1819.45,0.43,22,Sucursal,67
SOL00753,Verificación de documentos,2026-06-08 08:00:00,Verificador_02,Consumo,7000.0,1804.95,0.68,43,Agente,68
SOL00794,Análisis financiero,2026-06-08 08:00:00,Analista_07,Vehicular,39900.0,2227.5,0.49,23,Sucursal,57
SOL00661,Análisis financiero,2026-06-08 08:00:00,Analista_08,Consumo,2000.0,902.97,0.62,59,Sucursal,56
SOL00807,Verificación de documentos,2026-06-08 08:00:00,Verificador_04,Personal,10700.0,1691.86,0.46,12,Web,41
SOL00130,Verificación de documentos,2026-06-08 08:00:00,Verificador_04,Consumo,7500.0,1695.36,0.54,72,Web,29
SOL00983,Formalización,2026-06-08 08:00:00,Ejecutivo_06,Vehicular,10500.0,1967.06,0.34,95,Sucursal,40
SOL00367,Verificación de documentos,2026-06-08 08:00:00,Verificador_04,Hipotecario,112700.0,1799.92,0.26,39,Web,34
SOL00637,Formalización,2026-06-08 08:00:00,Ejecutivo_06,Vehicular,36500.0,2607.97,0.28,39,Agente,25
SOL00784,Verificación de documentos,2026-06-08 08:00:00,Verificador_01,Consumo,5800.0,817.23,0.19,18,Sucursal,48
SOL01066,Formalización,2026-06-08 08:00:00,Ejecutivo_05,Vehicular,37600.0,1306.12,0.1,98,Sucursal,30
SOL00853,Verificación de documentos,2026-06-08 08:00:00,Verificador_01,Consumo,2400.0,1130.67,0.08,23,Sucursal,70
SOL00828,Verificación de documentos,2026-06-08 08:00:00,Verificador_03,Personal,8200.0,1664.0,0.33,79,Web,67
SOL01053,Verificación de documentos,2026-06-08 08:00:00,Verificador_03,Vehicular,15100.0,1285.63,0.16,37,Web,34
SOL00904,Formalización,2026-06-08 08:00:00,Ejecutivo_02,Hipotecario,57300.0,2392.59,0.14,65,Agente,36
SOL00050,Verificación de documentos,2026-06-08 08:00:00,Verificador_01,Hipotecario,206100.0,1635.77,0.5,33,Sucursal,27
SOL00044,Verificación de documentos,2026-06-08 08:00:00,Verificador_01,Consumo,2600.0,740.05,0.3,26,Web,44
SOL00136,Formalización,2026-06-08 08:00:00,Ejecutivo_01,Vehicular,32600.0,960.56,0.36,52,Web,37
SOL01045,Verificación de documentos,2026-06-08 08:00:00,Verificador_04,Hipotecario,50400.0,1316.26,0.5,26,Agente,56
SOL01013,Verificación de documentos,2026-06-08 08:00:00,Verificador_02,Personal,16600.0,643.86,0.47,29,Sucursal,23
SOL00272,Verificación de documentos,2026-06-08 08:00:00,Verificador_03,Consumo,1800.0,995.49,0.21,34,Web,55
SOL00248,Formalización,2026-06-08 08:00:00,Ejecutivo_01,Consumo,2300.0,2556.41,0.16,28,Web,37
SOL00449,Verificación de documentos,2026-06-08 08:00:00,Verificador_02,Personal,15800.0,1204.24,0.23,118,Web,44
SOL00348,Verificacion de documentos,2026-06-08 08:18:00,Verificador_02,Personal,9800.0,1679.74,0.29,32,Sucursal,58
SOL00685,Desembolso,2026-06-08 08:26:00,Tesoreria,Consumo,6700.0,1204.54,0.37,63,Web,31
SOL00058,Solicitud de información adicional,2026-06-08 08:30:01,Verificador_04,Hipotecario,99400.0,3047.04,0.66,59,Web,46
SOL00297,Solicitud de información adicional,2026-06-08 08:30:01,Verificador_02,Personal,6100.0,1459.16,0.36,10,Web,56
SOL00778,Solicitud de información adicional,2026-06-08 08:30:01,Verificador_04,Consumo,2200.0,512.74,0.14,71,Sucursal,42
SOL00557,Solicitud de información adicional,2026-06-08 08:30:01,Verificador_04,Consumo,1400.0,1746.15,0.19,9,Web,66
SOL00753,Solicitud de información adicional,2026-06-08 08:30:01,Verificador_02,Consumo,7000.0,1804.95,0.68,43,Agente,68
SOL00367,Solicitud de información adicional,2026-06-08 08:30:01,Verificador_03,Hipotecario,112700.0,1799.92,0.26,39,Web,34
SOL00044,Solicitud de información adicional,2026-06-08 08:30:01,Verificador_04,Consumo,2600.0,740.05,0.3,26,Web,44
SOL01045,Solicitud de información adicional,2026-06-08 08:30:01,Verificador_04,Hipotecario,50400.0,1316.26,0.5,26,Agente,56
SOL01014,Aprobación,2026-06-08 10:55:16,Analista_03,Consumo,5300.0,766.21,0.18,67,Sucursal,35
SOL00256,Solicitud recibida,2026-06-08 11:24:05,Ejecutivo_01,Personal,18800.0,942.76,0.1,35,Sucursal,35
SOL00661,Aprobación,2026-06-08 11:40:05,Analista_08,Consumo,2000.0,902.97,0.62,59,Sucursal,56
SOL00400,Solicitud recibida,2026-06-08 12:27:10,Ejecutivo_01,Vehicular,36400.0,4029.48,0.04,49,Agente,48
SOL00223,Aprobación,2026-06-08 13:19:42,Analista_08,Personal,6700.0,2175.69,0.38,141,Web,48
SOL00050,análisis financiero,2026-06-08 13:31:15,Analista_04,Hipotecario,206100.0,1635.77,0.5,33,Sucursal,27
SOL00264,Análisis financiero,2026-06-08 13:34:40,Analista_02,Personal,7600.0,3097.51,0.44,33,Agente,30
SOL00667,Rechazo,2026-06-08 13:48:36,Analista_07,Personal,14700.0,1563.72,0.55,20,Web,26
SOL00831,Aprobación,2026-06-08 13:52:15,Analista_06,Personal,3200.0,1895.39,0.67,3,Web,63
SOL00007,Solicitud recibida,2026-06-08 14:45:47,Ejecutivo_01,Vehicular,27000.0,2248.32,0.26,56,Agente,56
SOL00007,Solicitud recibida,2026-06-08 14:45:47,Ejecutivo_01,Vehicular,27000.0,2248.32,0.26,56,Agente,56
SOL01053,Análisis financiero,2026-06-08 15:02:23,Analista_05,Vehicular,15100.0,1285.63,0.16,37,Web,34
SOL00864,Rechazo,2026-06-08 15:08:43,Analista_05,Personal,4900.0,2221.84,0.78,5,Sucursal,43
SOL00347,Solicitud recibida,2026-06-08 15:29:54,Ejecutivo_01,Personal,18900.0,958.92,0.11,34,Sucursal,41
SOL00264,Aprobación,2026-06-08 15:57:01,Analista_02,Personal,7600.0,3097.51,0.44,33,Agente,30
SOL01053,Aprobación,2026-06-08 16:28:40,Analista_05,Vehicular,15100.0,1285.63,0.16,37,Web,34
SOL00890,Análisis financiero,2026-06-08 16:45:10,Analista_01,Consumo,4900.0,1023.64,0.19,63,Web,60
SOL00348,Análisis financiero,2026-06-08 16:56:22,Analista_06,Personal,9800.0,1679.74,0.29,32,Sucursal,58
SOL00487,Solicitud recibida,2026-06-08 20:41:24,Ejecutivo_06,Consumo,4300.0,1576.87,0.29,47,Sucursal,67
SOL00965,Solicitud recibida,2026-06-08 21:13:40,Ejecutivo_02,Personal,4400.0,810.6,0.12,13,Sucursal,46
SOL01045,Recepción de información,2026-06-09 01:30:41,Sistema,Hipotecario,50400.0,1316.26,0.5,26,Agente,56
SOL00576,Recepción de información,2026-06-09 03:08:28,Sistema,Consumo,3200.0,1448.72,0.31,29,Web,35
SOL01097,Recepción de información,2026-06-09 04:00:05,Sistema,Hipotecario,121700.0,2348.74,0.47,46,Web,24
SOL00645,Análisis financiero,2026-06-09 08:00:00,Analista_08,Personal,7100.0,1819.45,0.43,22,Sucursal,67
SOL00890,Aprobación,2026-06-09 08:00:00,Analista_01,Consumo,4900.0,1023.64,0.19,63,Web,60
SOL00400,Verificación de documentos,2026-06-09 08:00:00,Verificador_02,Vehicular,36400.0,4029.48,0.04,49,Agente,48
SOL00717,Desembolso,2026-06-09 08:00:00,Tesoreria,Vehicular,25600.0,1949.34,0.49,55,Agente,28
SOL00007,Verificación de documentos,2026-06-09 08:00:00,Verificador_03,Vehicular,27000.0,2248.32,0.26,56,Agente,56
SOL00348,Aprobación,2026-06-09 08:00:00,Analista_06,Personal,9800.0,1679.74,0.29,32,Sucursal,58
SOL00013,Análisis financiero,2026-06-09 08:00:00,Analista_03,Consumo,2500.0,1013.85,0.51,9,Sucursal,52
SOL00272,Análisis financiero,2026-06-09 08:00:00,Analista_03,Consumo,1800.0,995.49,0.21,34,Web,55
SOL00979,Formalización,2026-06-09 08:00:00,Ejecutivo_05,Hipotecario,99500.0,676.69,0.31,40,Web,44
SOL00325,Desembolso,2026-06-09 08:00:00,Tesoreria,Hipotecario,95400.0,1756.18,0.2,44,Sucursal,42
SOL00888,Análisis financiero,2026-06-09 08:00:00,Analista_03,Personal,11500.0,3062.67,0.41,39,Sucursal,58
SOL00509,Desembolso,2026-06-09 08:00:00,Tesoreria,Consumo,5800.0,2513.81,0.1,126,Web,55
SOL00807,Análisis financiero,2026-06-09 08:00:00,Analista_01,Personal,10700.0,1691.86,0.46,12,Web,41
SOL00263,Verificación de documentos,2026-06-09 08:00:00,Verificador_03,Consumo,7000.0,835.26,0.15,132,Sucursal,42
SOL00199,Análisis financiero,2026-06-09 08:00:00,Analista_08,Vehicular,35100.0,2710.02,0.27,52,Web,46
SOL00045,Análisis financiero,2026-06-09 08:00:00,Analista_08,Personal,17700.0,2630.99,0.07,33,Web,51
SOL00256,Verificación de documentos,2026-06-09 08:00:00,Verificador_04,Personal,18800.0,942.76,0.1,35,Sucursal,35
SOL00312,Desembolso,2026-06-09 08:00:00,Tesoreria,Hipotecario,117500.0,2189.02,0.17,2,Sucursal,45
SOL01198,Análisis financiero,2026-06-09 08:00:00,Analista_03,Consumo,4000.0,1885.51,0.42,243,Sucursal,68
SOL00487,Verificación de documentos,2026-06-09 08:03:00,Verificador_04,Consumo,4300.0,1576.87,0.29,47,Sucursal,67
SOL00965,Verificación de documentos,2026-06-09 08:06:00,Verificador_03,Personal,4400.0,810.6,0.12,13,Sucursal,46
SOL00146,Reevaluación,2026-06-09 08:19:00,Analista_05,Consumo,2100.0,1653.82,0.47,38,Sucursal,42
SOL00828,Análisis financiero,2026-06-09 08:20:00,Analista_03,Personal,8200.0,1664.0,0.33,79,Web,67
SOL00658,Desembolso,2026-06-09 08:21:00,Tesoreria,Consumo,4400.0,926.85,0.52,4,Web,32
SOL00101,Formalización,2026-06-09 08:23:00,Ejecutivo_01,Personal,3000.0,2360.86,0.18,93,Agente,27
SOL00449,Análisis financiero,2026-06-09 08:23:00,Analista_04,Personal,15800.0,1204.24,0.23,118,Web,44
SOL00248,Desembolso,2026-06-09 08:23:56,Tesoreria,Consumo,2300.0,2556.41,0.16,28,Web,37
SOL00784,Análisis financiero,2026-06-09 08:26:00,Analista_06,Consumo,5800.0,817.23,0.19,18,Sucursal,48
SOL00130,Análisis financiero,2026-06-09 08:28:00,Analista_05,Consumo,7500.0,1695.36,0.54,72,Web,29
SOL00917,Análisis financiero,2026-06-09 08:28:00,Analista_01,Consumo,5600.0,4352.65,0.54,97,Sucursal,52
SOL00256,Solicitud de información adicional,2026-06-09 08:30:01,Verificador_01,Personal,18800.0,942.76,0.1,35,Sucursal,35
SOL01029,Desistimiento,2026-06-09 08:30:02,Sistema,Vehicular,13500.0,1609.1,0.38,31,Web,67
SOL01013,Análisis financiero,2026-06-09 08:36:24,Analista_07,Personal,16600.0,643.86,0.47,29,Sucursal,23
SOL00853,Análisis financiero,2026-06-09 09:46:34,Analista_03,Consumo,2400.0,1130.67,0.08,23,Sucursal,70
SOL00893,Análisis financiero,2026-06-09 10:00:43,Analista_07,Consumo,3300.0,1402.79,0.19,57,Agente,24
SOL01198,Aprobación,2026-06-09 10:10:55,Analista_03,Consumo,4000.0,1885.51,0.42,243,Sucursal,68
SOL00645,Aprobación,2026-06-09 10:15:24,Analista_08,Personal,7100.0,1819.45,0.43,22,Sucursal,67
SOL01045,Verificación de documentos,2026-06-09 10:18:16,Verificador_03,Hipotecario,50400.0,1316.26,0.5,26,Agente,56
SOL00917,Aprobación,2026-06-09 10:23:09,Analista_01,Consumo,5600.0,4352.65,0.54,97,Sucursal,52
SOL00828,Aprobación,2026-06-09 11:05:56,Analista_03,Personal,8200.0,1664.0,0.33,79,Web,67
SOL00045,Aprobación,2026-06-09 11:23:04,Analista_08,Personal,17700.0,2630.99,0.07,33,Web,51
SOL00536,Solicitud recibida,2026-06-09 11:26:37,Ejecutivo_06,Personal,18000.0,1434.08,0.22,1,Sucursal,49
SOL00807,Rechazo,2026-06-09 11:27:43,Analista_01,Personal,10700.0,1691.86,0.46,12,Web,41
SOL01097,Verificación de documentos,2026-06-09 11:54:09,Verificador_02,Hipotecario,121700.0,2348.74,0.47,46,Web,24
SOL00130,Aprobación,2026-06-09 11:54:37,Analista_05,Consumo,7500.0,1695.36,0.54,72,Web,29
SOL00965,Aprobación,2026-06-09 12:03:42,Gerente_Sucursal_01,Personal,4400.0,810.6,0.12,13,Sucursal,46
SOL00637,Desembolso,2026-06-09 12:27:42,Tesoreria,Vehicular,36500.0,2607.97,0.28,39,Agente,25
SOL00907,Solicitud recibida,2026-06-09 12:34:07,Ejecutivo_02,Vehicular,31500.0,4609.93,0.58,247,Sucursal,68
SOL00784,Aprobación,2026-06-09 12:37:31,Analista_06,Consumo,5800.0,817.23,0.19,18,Sucursal,48
SOL00916,Análisis financiero,2026-06-09 12:39:26,Analista_06,Hipotecario,145100.0,1377.31,0.2,15,Agente,46
SOL00956,Solicitud recibida,2026-06-09 12:57:18,Ejecutivo_05,Consumo,4500.0,1730.77,0.15,3,Sucursal,42
SOL00013,Aprobación,2026-06-09 13:14:17,Analista_03,Consumo,2500.0,1013.85,0.51,9,Sucursal,52
SOL00252,Solicitud recibida,2026-06-09 13:44:54,Ejecutivo_02,Personal,19100.0,661.36,0.13,76,Sucursal,55
SOL00297,Recepción de información,2026-06-09 14:00:17,Sistema,Personal,6100.0,1459.16,0.36,10,Web,56
SOL00146,Aprobación,2026-06-09 14:01:03,Analista_05,Consumo,2100.0,1653.82,0.47,38,Sucursal,42
SOL01014,Formalización,2026-06-09 14:02:39,Ejecutivo_01,Consumo,5300.0,766.21,0.18,67,Sucursal,35
SOL00347,Verificación de documentos,2026-06-09 14:05:34,Verificador_02,Personal,18900.0,958.92,0.11,34,Sucursal,41
SOL00853,Aprobación,2026-06-09 14:14:57,Analista_03,Consumo,2400.0,1130.67,0.08,23,Sucursal,70
SOL00400,Análisis financiero,2026-06-09 14:35:57,Analista_03,Vehicular,36400.0,4029.48,0.04,49,Agente,48
SOL00563,Desembolso,2026-06-09 14:51:25,Tesoreria,Personal,18800.0,2642.48,0.29,98,Agente,54
SOL00893,Aprobación,2026-06-09 14:53:22,Analista_07,Consumo,3300.0,1402.79,0.19,57,Agente,24
SOL00449,Aprobación,2026-06-09 15:12:31,Analista_04,Personal,15800.0,1204.24,0.23,118,Web,44
SOL00263,Análisis financiero,2026-06-09 15:15:29,Analista_06,Consumo,7000.0,835.26,0.15,132,Sucursal,42
SOL00272,Aprobación,2026-06-09 15:23:24,Analista_03,Consumo,1800.0,995.49,0.21,34,Web,55
SOL00576,Verificación de documentos,2026-06-09 15:35:46,Verificador_04,Consumo,3200.0,1448.72,0.31,29,Web,35
SOL00057,Recepción de información,2026-06-09 15:36:57,Sistema,Hipotecario,92200.0,7211.14,0.43,139,Web,66
SOL00983,Desembolso,2026-06-09 15:39:53,Tesoreria,Vehicular,10500.0,1967.06,0.34,95,Sucursal,40
SOL00576,Solicitud de información adicional,2026-06-09 16:05:47,Verificador_04,Consumo,3200.0,1448.72,0.31,29,Web,35
SOL00564,Análisis financiero,2026-06-09 16:41:35,Analista_06,Personal,17900.0,880.91,0.07,64,Web,68
SOL00054,Solicitud recibida,2026-06-09 17:03:41,Sistema,Personal,10600.0,1154.35,0.51,44,Web,60
SOL00015,Solicitud recibida,2026-06-09 17:04:12,Ejecutivo_02,Vehicular,26500.0,1526.66,0.28,67,Sucursal,25
SOL00039,Solicitud recibida,2026-06-09 19:04:46,Sistema,Consumo,2500.0,725.81,0.2,203,Web,70
SOL00044,Recepción de información,2026-06-09 22:11:42,Sistema,Consumo,2600.0,740.05,0.3,26,Web,44
SOL00783,Solicitud recibida,2026-06-10 07:41:14,Sistema,Vehicular,11000.0,787.0,0.21,20,Web,69
SOL00040,Solicitud recibida,2026-06-10 07:55:02,Ejecutivo_06,Personal,18800.0,1841.83,0.21,31,Sucursal,23
SOL00015,Verificación de documentos,2026-06-10 08:00:00,Verificador_02,Vehicular,26500.0,1526.66,0.28,67,Sucursal,25
SOL00057,Verificación de documentos,2026-06-10 08:00:00,Verificador_03,Hipotecario,92200.0,7211.14,0.43,139,Web,66
SOL00263,Aprobación,2026-06-10 08:00:00,Analista_06,Consumo,7000.0,835.26,0.15,132,Sucursal,42
SOL01066,Desembolso,2026-06-10 08:00:00,Tesoreria,Vehicular,37600.0,1306.12,0.1,98,Sucursal,30
SOL00904,Desembolso,2026-06-10 08:00:00,Tesoreria,Hipotecario,57300.0,2392.59,0.14,65,Agente,36
SOL00564,Aprobación,2026-06-10 08:00:00,Analista_06,Personal,17900.0,880.91,0.07,64,Web,68
SOL00907,Verificación de documentos,2026-06-10 08:00:00,Verificador_04,Vehicular,31500.0,4609.93,0.58,247,Sucursal,68
SOL00252,Verificación de documentos,2026-06-10 08:00:00,Verificador_03,Personal,19100.0,661.36,0.13,76,Sucursal,55
SOL00560,Análisis financiero,2026-06-10 08:00:00,Analista_08,Consumo,5800.0,1192.77,0.1,73,Sucursal,67
SOL00101,Desembolso,2026-06-10 08:00:00,Tesoreria,Personal,3000.0,2360.86,0.18,93,Agente,27
SOL00956,Verificación de documentos,2026-06-10 08:00:00,Verificador_03,Consumo,4500.0,1730.77,0.15,3,Sucursal,42
SOL00487,Análisis financiero,2026-06-10 08:00:00,Analista_04,Consumo,4300.0,1576.87,0.29,47,Sucursal,67
SOL00536,Verificación de documentos,2026-06-10 08:00:00,Verificador_03,Personal,18000.0,1434.08,0.22,1,Sucursal,49
SOL00054,Verificación de documentos,2026-06-10 08:02:00,Verificador_03,Personal,10600.0,1154.35,0.51,44,Web,60
SOL00831,Formalización,2026-06-10 08:05:00,Ejecutivo_04,Personal,3200.0,1895.39,0.67,3,Web,63
SOL00039,Verificación de documentos,2026-06-10 08:10:00,Verificador_04,Consumo,2500.0,725.81,0.2,203,Web,70
SOL00808,Formalización,2026-06-10 08:10:00,Ejecutivo_01,Consumo,7500.0,1274.35,0.05,34,Sucursal,63
SOL00661,Formalización,2026-06-10 08:15:00,Ejecutivo_03,Consumo,2000.0,902.97,0.62,59,Sucursal,56
SOL00297,Verificación de documentos,2026-06-10 08:26:00,Verificador_01,Personal,6100.0,1459.16,0.36,10,Web,56
SOL01014,Desembolso,2026-06-10 08:28:00,Tesoreria,Consumo,5300.0,766.21,0.18,67,Sucursal,35
SOL00907,Solicitud de información adicional,2026-06-10 08:30:01,Verificador_02,Vehicular,31500.0,4609.93,0.58,247,Sucursal,68
SOL00109,desistimiento,2026-06-10 08:30:02,Sistema,Personal,6700.0,1560.53,0.26,201,Web,45
SOL00054,Solicitud de información adicional,2026-06-10 08:32:01,Verificador_01,Personal,10600.0,1154.35,0.51,44,Web,60
SOL00039,Solicitud de información adicional,2026-06-10 08:40:01,Verificador_03,Consumo,2500.0,725.81,0.2,203,Web,70
SOL01053,Formalización,2026-06-10 08:42:51,Ejecutivo_06,Vehicular,15100.0,1285.63,0.16,37,Web,34
SOL00845,Solicitud recibida,2026-06-10 09:04:41,Ejecutivo_04,Hipotecario,199800.0,1027.17,0.12,78,Agente,23
SOL00270,Solicitud recibida,2026-06-10 09:17:50,Ejecutivo_03,Personal,15000.0,1063.48,0.67,127,Sucursal,37
SOL00875,Solicitud recibida,2026-06-10 09:18:31,Ejecutivo_02,Personal,14100.0,706.68,0.23,72,Sucursal,22
SOL00560,Rechazo,2026-06-10 09:51:03,Analista_08,Consumo,5800.0,1192.77,0.1,73,Sucursal,67
SOL00256,Recepción de información,2026-06-10 10:31:40,Sistema,Personal,18800.0,942.76,0.1,35,Sucursal,35
SOL00044,Verificación de documentos,2026-06-10 10:44:37,Verificador_03,Consumo,2600.0,740.05,0.3,26,Web,44
SOL00085,Recepción de información,2026-06-10 11:12:18,Sistema,Personal,11800.0,1577.24,0.17,100,Web,40
SOL00347,Análisis financiero,2026-06-10 11:24:31,Analista_05,Personal,18900.0,958.92,0.11,34,Sucursal,41
SOL01013,Reevaluación,2026-06-10 11:30:39,Analista_07,Personal,16600.0,643.86,0.47,29,Sucursal,23
SOL00965,Formalización,2026-06-10 12:03:50,Ejecutivo_01,Personal,4400.0,810.6,0.12,13,Sucursal,46
SOL00995,Desembolso,2026-06-10 12:18:21,Tesoreria,Consumo,2100.0,1020.14,0.41,51,Web,57
SOL00783,Verificación de documentos,2026-06-10 12:24:19,Verificador_01,Vehicular,11000.0,787.0,0.21,20,Web,69
SOL00917,Formalización,2026-06-10 12:39:50,Ejecutivo_05,Consumo,5600.0,4352.65,0.54,97,Sucursal,52
SOL00783,Solicitud de información adicional,2026-06-10 12:54:20,Verificador_04,Vehicular,11000.0,787.0,0.21,20,Web,69
SOL00111,Solicitud recibida,2026-06-10 13:35:50,Ejecutivo_03,Personal,11900.0,2203.14,0.49,15,Sucursal,35
SOL00966,Solicitud recibida,2026-06-10 13:38:31,Ejecutivo_03,Personal,7900.0,899.5,0.17,61,Agente,23
SOL00845,Verificación de documentos,2026-06-10 13:39:38,Verificador_01,Hipotecario,199800.0,1027.17,0.12,78,Agente,23
SOL00845,Verificación de documentos,2026-06-10 13:39:38,Verificador_01,Hipotecario,199800.0,1027.17,0.12,78,Agente,23
SOL00845,Solicitud de información adicional,2026-06-10 14:09:39,Verificador_02,Hipotecario,199800.0,1027.17,0.12,78,Agente,23
SOL00270,Verificación de documentos,2026-06-10 14:36:20,Verificador_02,Personal,15000.0,1063.48,0.67,127,Sucursal,37
SOL00861,Análisis financiero,2026-06-10 14:40:23,Analista_07,Consumo,2000.0,1749.94,0.51,19,Web,37
SOL00487,Aprobación,2026-06-10 14:49:39,Analista_04,Consumo,4300.0,1576.87,0.29,47,Sucursal,67
SOL01013,Aprobación,2026-06-10 14:54:44,Analista_07,Personal,16600.0,643.86,0.47,29,Sucursal,23
SOL00668,Solicitud recibida,2026-06-10 15:10:49,Sistema,Consumo,6400.0,1359.17,0.44,239,Web,37
SOL00004,Solicitud recibida,2026-06-10 15:21:56,Ejecutivo_06,Consumo,1800.0,1361.9,0.74,248,Sucursal,26
SOL00347,Rechazo,2026-06-10 15:27:38,Analista_05,Personal,18900.0,958.92,0.11,34,Sucursal,41
SOL00044,Análisis financiero,2026-06-10 15:31:40,Analista_05,Consumo,2600.0,740.05,0.3,26,Web,44
SOL00379,Solicitud recibida,2026-06-10 15:42:51,Sistema,Hipotecario,167500.0,1348.71,0.2,1,Web,60
SOL00040,Verificación de documentos,2026-06-10 16:39:21,Verificador_02,Personal,18800.0,1841.83,0.21,31,Sucursal,23
SOL00017,Solicitud recibida,2026-06-10 16:53:11,Ejecutivo_03,Personal,11500.0,1309.99,0.57,66,Agente,69
SOL00040,Solicitud de información adicional,2026-06-10 17:09:22,Verificador_03,Personal,18800.0,1841.83,0.21,31,Sucursal,23
SOL00058,recepción de información,2026-06-10 17:48:49,Sistema,Hipotecario,99400.0,3047.04,0.66,59,Web,46
SOL00342,Solicitud recibida,2026-06-10 18:15:54,Sistema,Hipotecario,148700.0,7839.71,0.27,42,Web,62
SOL00960,Solicitud recibida,2026-06-10 20:43:10,Sistema,Personal,12200.0,1666.56,0.15,6,Web,39
SOL01045,Análisis financiero,2026-06-11 08:00:00,Analista_07,Hipotecario,50400.0,1316.26,0.5,26,Agente,56
SOL00828,Formalización,2026-06-11 08:00:00,Ejecutivo_05,Personal,8200.0,1664.0,0.33,79,Web,67
SOL00979,Desembolso,2026-06-11 08:00:00,Tesoreria,Hipotecario,99500.0,676.69,0.31,40,Web,44
SOL00861,Aprobación,2026-06-11 08:00:00,Analista_07,Consumo,2000.0,1749.94,0.51,19,Web,37
SOL00111,Verificación de documentos,2026-06-11 08:00:00,Verificador_01,Personal,11900.0,2203.14,0.49,15,Sucursal,35
SOL01097,Análisis financiero,2026-06-11 08:00:00,Analista_07,Hipotecario,121700.0,2348.74,0.47,46,Web,24
SOL00044,Aprobación,2026-06-11 08:00:00,Analista_05,Consumo,2600.0,740.05,0.3,26,Web,44
SOL01053,Desembolso,2026-06-11 08:00:00,Tesoreria,Vehicular,15100.0,1285.63,0.16,37,Web,34
SOL00136,Desembolso,2026-06-11 08:00:00,Tesoreria,Vehicular,32600.0,960.56,0.36,52,Web,37
SOL00536,Análisis financiero,2026-06-11 08:00:00,Analista_03,Personal,18000.0,1434.08,0.22,1,Sucursal,49
SOL00058,Verificación de documentos,2026-06-11 08:00:00,Verificador_04,Hipotecario,99400.0,3047.04,0.66,59,Web,46
SOL00264,Formalización,2026-06-11 08:00:00,Ejecutivo_06,Personal,7600.0,3097.51,0.44,33,Agente,30
SOL00045,Formalización,2026-06-11 08:00:00,Ejecutivo_06,Personal,17700.0,2630.99,0.07,33,Web,51
SOL00668,Verificación de documentos,2026-06-11 08:00:00,Verificador_04,Consumo,6400.0,1359.17,0.44,239,Web,37
SOL00966,Verificación de documentos,2026-06-11 08:00:00,Verificador_01,Personal,7900.0,899.5,0.17,61,Agente,23
SOL00272,Formalización,2026-06-11 08:00:00,Ejecutivo_03,Consumo,1800.0,995.49,0.21,34,Web,55
SOL00017,Verificación de documentos,2026-06-11 08:00:00,Verificador_02,Personal,11500.0,1309.99,0.57,66,Agente,69
SOL00875,Verificación de documentos,2026-06-11 08:00:00,Verificador_04,Personal,14100.0,706.68,0.23,72,Sucursal,22
SOL00297,Análisis financiero,2026-06-11 08:00:00,Analista_02,Personal,6100.0,1459.16,0.36,10,Web,56
SOL00645,Formalización,2026-06-11 08:00:00,Ejecutivo_01,Personal,7100.0,1819.45,0.43,22,Sucursal,67
SOL00379,Verificación de documentos,2026-06-11 08:00:00,Verificador_02,Hipotecario,167500.0,1348.71,0.2,1,Web,60
SOL00956,Análisis financiero,2026-06-11 08:01:00,Analista_04,Consumo,4500.0,1730.77,0.15,3,Sucursal,42
SOL00057,Análisis financiero,2026-06-11 08:02:00,Analista_08,Hipotecario,92200.0,7211.14,0.43,139,Web,66
SOL00831,Desembolso,2026-06-11 08:03:00,Tesoreria,Personal,3200.0,1895.39,0.67,3,Web,63
SOL00661,Desembolso,2026-06-11 08:05:00,Tesoreria,Consumo,2000.0,902.97,0.62,59,Sucursal,56
SOL00808,Desembolso,2026-06-11 08:06:00,Tesoreria,Consumo,7500.0,1274.35,0.05,34,Sucursal,63
SOL00893,Formalización,2026-06-11 08:08:00,Ejecutivo_03,Consumo,3300.0,1402.79,0.19,57,Agente,24
SOL00004,Verificación de documentos,2026-06-11 08:11:00,Verificador_01,Consumo,1800.0,1361.9,0.74,248,Sucursal,26
SOL00348,Formalización,2026-06-11 08:11:00,Ejecutivo_06,Personal,9800.0,1679.74,0.29,32,Sucursal,58
SOL00256,Verificación de documentos,2026-06-11 08:12:00,Verificador_02,Personal,18800.0,942.76,0.1,35,Sucursal,35
SOL00270,Análisis financiero,2026-06-11 08:13:59,Analista_06,Personal,15000.0,1063.48,0.67,127,Sucursal,37
SOL00223,Formalización,2026-06-11 08:16:00,Ejecutivo_01,Personal,6700.0,2175.69,0.38,141,Web,48
SOL00223,Formalización,2026-06-11 08:16:00,Ejecutivo_01,Personal,6700.0,2175.69,0.38,141,Web,48
SOL00853,Formalización,2026-06-11 08:18:00,Ejecutivo_03,Consumo,2400.0,1130.67,0.08,23,Sucursal,70
SOL00960,Verificación de documentos,2026-06-11 08:18:00,Verificador_01,Personal,12200.0,1666.56,0.15,6,Web,39
SOL00965,Desembolso,2026-06-11 08:23:00,Tesoreria,Personal,4400.0,810.6,0.12,13,Sucursal,46
SOL00888,Reevaluación,2026-06-11 08:25:00,Analista_03,Personal,11500.0,3062.67,0.41,39,Sucursal,58
SOL00668,Solicitud de información adicional,2026-06-11 08:30:01,Verificador_02,Consumo,6400.0,1359.17,0.44,239,Web,37
SOL00966,Solicitud de información adicional,2026-06-11 08:30:01,Verificador_01,Personal,7900.0,899.5,0.17,61,Agente,23
SOL00379,Solicitud de información adicional,2026-06-11 08:30:01,Verificador_03,Hipotecario,167500.0,1348.71,0.2,1,Web,60
SOL00007,Análisis financiero,2026-06-11 08:48:38,Analista_04,Vehicular,27000.0,2248.32,0.26,56,Agente,56
SOL00200,Solicitud recibida,2026-06-11 09:35:57,Sistema,Personal,14600.0,1202.36,0.42,197,Web,61
SOL00015,Análisis financiero,2026-06-11 09:37:10,Analista_05,Vehicular,26500.0,1526.66,0.28,67,Sucursal,25
SOL00816,Comité de crédito,2026-06-11 10:00:01,Comite,Vehicular,30400.0,837.7,0.47,16,Sucursal,23
SOL00283,Comité de crédito,2026-06-11 10:00:01,Comite,Vehicular,30900.0,2186.93,0.79,76,Sucursal,66
SOL00134,Comité de crédito,2026-06-11 10:00:01,Comite,Hipotecario,249000.0,3122.03,0.57,180,Web,65
SOL00050,Comité de crédito,2026-06-11 10:00:01,Comite,Hipotecario,206100.0,1635.77,0.5,33,Sucursal,27
SOL00199,Comité de crédito,2026-06-11 10:00:01,Comite,Vehicular,35100.0,2710.02,0.27,52,Web,46
SOL00794,Comité de crédito,2026-06-11 10:00:01,Comite,Vehicular,39900.0,2227.5,0.49,23,Sucursal,57
SOL00400,Comité de crédito,2026-06-11 10:00:01,Comite,Vehicular,36400.0,4029.48,0.04,49,Agente,48
SOL00819,Comité de crédito,2026-06-11 10:00:01,Comite,Hipotecario,88700.0,2490.86,0.23,173,Agente,49
SOL00916,Comité de crédito,2026-06-11 10:00:01,Comite,Hipotecario,145100.0,1377.31,0.2,15,Agente,46
SOL00085,Verificación de documentos,2026-06-11 10:09:58,Verificador_03,Personal,11800.0,1577.24,0.17,100,Web,40
SOL00400,Aprobación,2026-06-11 10:44:12,Comite,Vehicular,36400.0,4029.48,0.04,49,Agente,48
SOL00879,Solicitud recibida,2026-06-11 11:09:00,Sistema,Consumo,2400.0,810.9,0.69,150,Web,30
SOL00917,Desembolso,2026-06-11 11:56:55,Tesoreria,Consumo,5600.0,4352.65,0.54,97,Sucursal,52
SOL00007,Aprobación,2026-06-11 11:57:02,Analista_04,Vehicular,27000.0,2248.32,0.26,56,Agente,56
SOL00134,Aprobación,2026-06-11 12:01:02,Comite,Hipotecario,249000.0,3122.03,0.57,180,Web,65
SOL00956,Aprobación,2026-06-11 12:31:46,Analista_04,Consumo,4500.0,1730.77,0.15,3,Sucursal,42
SOL00536,Aprobación,2026-06-11 12:48:07,Analista_03,Personal,18000.0,1434.08,0.22,1,Sucursal,49
SOL00916,Rechazo,2026-06-11 13:12:06,Analista_06,Hipotecario,145100.0,1377.31,0.2,15,Agente,46
SOL00367,Recepción de información,2026-06-11 13:51:14,Sistema,Hipotecario,112700.0,1799.92,0.26,39,Web,34
SOL00130,Formalización,2026-06-11 13:53:53,Ejecutivo_02,Consumo,7500.0,1695.36,0.54,72,Web,29
SOL00015,Rechazo,2026-06-11 14:03:14,Analista_05,Vehicular,26500.0,1526.66,0.28,67,Sucursal,25
SOL00004,Análisis financiero,2026-06-11 14:48:45,Analista_04,Consumo,1800.0,1361.9,0.74,248,Sucursal,26
SOL00794,Aprobación,2026-06-11 15:29:05,Comite,Vehicular,39900.0,2227.5,0.49,23,Sucursal,57
SOL00253,Solicitud recibida,2026-06-11 15:32:30,Sistema,Vehicular,31100.0,1430.93,0.17,24,Web,66
SOL00200,Verificación de documentos,2026-06-11 15:52:23,Verificador_02,Personal,14600.0,1202.36,0.42,197,Web,61
SOL00050,Aprobacion,2026-06-11 15:55:43,Comite,Hipotecario,206100.0,1635.77,0.5,33,Sucursal,27
SOL00199,Aprobación,2026-06-11 16:02:08,Comite,Vehicular,35100.0,2710.02,0.27,52,Web,46
SOL00200,Solicitud de información adicional,2026-06-11 16:22:24,Verificador_03,Personal,14600.0,1202.36,0.42,197,Web,61
SOL00879,Verificación de documentos,2026-06-11 16:38:59,Verificador_02,Consumo,2400.0,810.9,0.69,150,Web,30
SOL00879,Solicitud de información adicional,2026-06-11 17:09:00,Verificador_03,Consumo,2400.0,810.9,0.69,150,Web,30
SOL00385,Solicitud recibida,2026-06-11 17:55:56,Sistema,Hipotecario,200600.0,1625.57,0.42,49,Web,42
SOL00907,Recepción de información,2026-06-11 18:17:22,Sistema,Vehicular,31500.0,4609.93,0.58,247,Sucursal,68
SOL00549,Solicitud recibida,2026-06-11 19:25:16,Ejecutivo_02,Consumo,6600.0,2189.9,0.32,27,Sucursal,31
SOL00329,Solicitud recibida,2026-06-11 19:27:20,Sistema,Personal,15400.0,932.33,0.36,16,Web,33
SOL00409,Solicitud recibida,2026-06-11 20:15:22,Ejecutivo_06,Personal,12700.0,891.68,0.22,215,Sucursal,32
SOL00111,Análisis financiero,2026-06-12 08:00:00,Analista_02,Personal,11900.0,2203.14,0.49,15,Sucursal,35
SOL00819,Aprobación,2026-06-12 08:00:00,Comite,Hipotecario,88700.0,2490.86,0.23,173,Agente,49
SOL00256,Análisis financiero,2026-06-12 08:00:00,Analista_04,Personal,18800.0,942.76,0.1,35,Sucursal,35
SOL00342,Verificación de documentos,2026-06-12 08:00:00,Verificador_02,Hipotecario,148700.0,7839.71,0.27,42,Web,62
SOL00252,Análisis financiero,2026-06-12 08:00:00,Analista_01,Personal,19100.0,661.36,0.13,76,Sucursal,55
SOL00297,Aprobación,2026-06-12 08:00:00,Analista_02,Personal,6100.0,1459.16,0.36,10,Web,56
SOL00013,Formalización,2026-06-12 08:00:00,Ejecutivo_01,Consumo,2500.0,1013.85,0.51,9,Sucursal,52
SOL00784,Formalización,2026-06-12 08:00:00,Ejecutivo_03,Consumo,5800.0,817.23,0.19,18,Sucursal,48
SOL00890,Formalización,2026-06-12 08:00:00,Ejecutivo_02,Consumo,4900.0,1023.64,0.19,63,Web,60
SOL00907,Verificación de documentos,2026-06-12 08:00:00,Verificador_04,Vehicular,31500.0,4609.93,0.58,247,Sucursal,68
SOL00017,Análisis financiero,2026-06-12 08:00:00,Analista_08,Personal,11500.0,1309.99,0.57,66,Agente,69
SOL00253,Verificación de documentos,2026-06-12 08:00:00,Verificador_03,Vehicular,31100.0,1430.93,0.17,24,Web,66
SOL00385,Verificación de documentos,2026-06-12 08:01:00,Verificador_04,Hipotecario,200600.0,1625.57,0.42,49,Web,42
SOL00875,Análisis financiero,2026-06-12 08:01:00,Analista_08,Personal,14100.0,706.68,0.23,72,Sucursal,22
SOL00272,Desembolso,2026-06-12 08:03:31,Tesoreria,Consumo,1800.0,995.49,0.21,34,Web,55
SOL00645,Desembolso,2026-06-12 08:08:00,Tesoreria,Personal,7100.0,1819.45,0.43,22,Sucursal,67
SOL00085,Análisis financiero,2026-06-12 08:08:56,Analista_07,Personal,11800.0,1577.24,0.17,100,Web,40
SOL00409,Verificación de documentos,2026-06-12 08:11:00,Verificador_01,Personal,12700.0,891.68,0.22,215,Sucursal,32
SOL00549,Verificación de documentos,2026-06-12 08:12:00,Verificador_01,Consumo,6600.0,2189.9,0.32,27,Sucursal,31
SOL00893,Desembolso,2026-06-12 08:17:00,Tesoreria,Consumo,3300.0,1402.79,0.19,57,Agente,24
SOL00385,Solicitud de información adicional,2026-06-12 08:31:01,Verificador_02,Hipotecario,200600.0,1625.57,0.42,49,Web,42
SOL00367,Verificación de documentos,2026-06-12 08:45:32,Verificador_02,Hipotecario,112700.0,1799.92,0.26,39,Web,34
SOL00130,Desembolso,2026-06-12 08:51:08,Tesoreria,Consumo,7500.0,1695.36,0.54,72,Web,29
SOL00045,Desembolso,2026-06-12 09:27:31,Tesoreria,Personal,17700.0,2630.99,0.07,33,Web,51
SOL00058,Análisis financiero,2026-06-12 09:38:50,Analista_06,Hipotecario,99400.0,3047.04,0.66,59,Web,46
SOL00405,Solicitud recibida,2026-06-12 09:45:40,Sistema,Personal,4100.0,1769.58,0.28,134,Web,57
SOL00111,Rechazo,2026-06-12 10:00:07,Analista_02,Personal,11900.0,2203.14,0.49,15,Sucursal,35
SOL00004,Reevaluación,2026-06-12 10:30:20,Analista_04,Consumo,1800.0,1361.9,0.74,248,Sucursal,26
SOL00159,Solicitud recibida,2026-06-12 11:09:19,Sistema,Hipotecario,218000.0,1375.39,0.24,129,Web,55
SOL00853,Desembolso,2026-06-12 11:24:15,Tesoreria,Consumo,2400.0,1130.67,0.08,23,Sucursal,70
SOL00270,Reevaluación,2026-06-12 11:35:42,Analista_06,Personal,15000.0,1063.48,0.67,127,Sucursal,37
SOL00350,Solicitud recibida,2026-06-12 11:45:28,Ejecutivo_02,Personal,15600.0,1319.86,0.4,0,Sucursal,65
SOL00329,Verificación de documentos,2026-06-12 11:57:35,Verificador_02,Personal,15400.0,932.33,0.36,16,Web,33
SOL00004,Rechazo,2026-06-12 12:25:09,Analista_04,Consumo,1800.0,1361.9,0.74,248,Sucursal,26
SOL00329,Solicitud de información adicional,2026-06-12 12:27:36,Verificador_04,Personal,15400.0,932.33,0.36,16,Web,33
SOL00405,Verificación de documentos,2026-06-12 12:58:49,Verificador_04,Personal,4100.0,1769.58,0.28,134,Web,57
SOL00875,Aprobación,2026-06-12 13:06:44,Analista_08,Personal,14100.0,706.68,0.23,72,Sucursal,22
SOL00085,Aprobación,2026-06-12 13:14:05,Analista_07,Personal,11800.0,1577.24,0.17,100,Web,40
SOL00256,Aprobación,2026-06-12 14:02:10,Analista_04,Personal,18800.0,942.76,0.1,35,Sucursal,35
SOL00405,Aprobación,2026-06-12 14:53:46,Gerente_Sucursal_02,Personal,4100.0,1769.58,0.28,134,Web,57
SOL00783,Recepción de información,2026-06-12 15:18:03,Sistema,Vehicular,11000.0,787.0,0.21,20,Web,69
SOL00252,Rechazo,2026-06-12 15:28:18,Analista_01,Personal,19100.0,661.36,0.13,76,Sucursal,55
SOL00050,Formalización,2026-06-12 16:42:59,Ejecutivo_03,Hipotecario,206100.0,1635.77,0.5,33,Sucursal,27
SOL00060,Solicitud recibida,2026-06-12 17:39:12,Ejecutivo_02,Personal,17400.0,910.97,0.6,237,Sucursal,37
SOL00383,Solicitud recibida,2026-06-12 19:57:02,Ejecutivo_06,Personal,3400.0,1990.99,0.03,189,Sucursal,33
SOL00778,Recepción de información,2026-06-12 22:33:44,Sistema,Consumo,2200.0,512.74,0.14,71,Sucursal,42
SOL00753,Recepción de información,2026-06-13 08:38:41,Sistema,Consumo,7000.0,1804.95,0.68,43,Agente,68
SOL00848,Solicitud recibida,2026-06-13 08:39:22,Ejecutivo_01,Personal,14700.0,1960.24,0.35,4,Sucursal,44
SOL00039,Recepción de información,2026-06-13 08:51:00,Sistema,Consumo,2500.0,725.81,0.2,203,Web,70
SOL01065,Solicitud recibida,2026-06-13 10:55:07,Sistema,Hipotecario,66000.0,4274.59,0.14,89,Web,24
SOL01179,Solicitud recibida,2026-06-13 11:03:39,Ejecutivo_02,Hipotecario,241900.0,710.68,0.56,37,Sucursal,51
SOL00040,Recepción de información,2026-06-13 11:41:01,Sistema,Personal,18800.0,1841.83,0.21,31,Sucursal,23
SOL00748,Solicitud recibida,2026-06-13 11:49:58,Sistema,Vehicular,25400.0,811.89,0.14,82,Web,25
SOL00465,Solicitud recibida,2026-06-13 15:21:15,Ejecutivo_02,Vehicular,27800.0,3007.35,0.24,64,Sucursal,33
SOL00576,Recepción de información,2026-06-13 18:29:20,Sistema,Consumo,3200.0,1448.72,0.31,29,Web,35
SOL00868,Solicitud recibida,2026-06-13 21:36:28,Sistema,Consumo,1600.0,1930.11,0.41,85,Web,41
SOL00538,Solicitud recibida,2026-06-13 21:56:41,Ejecutivo_01,Personal,18200.0,1323.57,0.33,29,Sucursal,55
SOL00845,Recepción de información,2026-06-14 02:29:56,Sistema,Hipotecario,199800.0,1027.17,0.12,78,Agente,23
SOL00719,Solicitud recibida,2026-06-14 10:54:00,Sistema,Consumo,6700.0,1093.5,0.25,92,Web,49
SOL00454,Solicitud recibida,2026-06-14 11:41:58,Ejecutivo_01,Personal,16000.0,1687.74,0.25,58,Agente,31
SOL00832,Solicitud recibida,2026-06-14 13:12:56,Sistema,Consumo,1700.0,1285.05,0.14,75,Web,22
SOL00308,Solicitud recibida,2026-06-14 13:13:29,Sistema,Personal,15000.0,1474.78,0.12,18,Web,57
SOL00212,Recepción de información,2026-06-14 13:29:40,Sistema,Personal,10200.0,2097.35,0.21,146,Sucursal,70
SOL00668,Recepción de información,2026-06-14 15:30:56,Sistema,Consumo,6400.0,1359.17,0.44,239,Web,37
SOL00626,Solicitud recibida,2026-06-14 15:33:25,Ejecutivo_04,Personal,19100.0,1037.76,0.48,200,Sucursal,23
SOL00764,Solicitud recibida,2026-06-14 21:31:51,Sistema,Consumo,7800.0,2544.11,0.34,36,Web,59
SOL00794,Formalización,2026-06-15 08:00:00,Ejecutivo_02,Vehicular,39900.0,2227.5,0.49,23,Sucursal,57
SOL00039,Verificación de documentos,2026-06-15 08:00:00,Verificador_02,Consumo,2500.0,725.81,0.2,203,Web,70
SOL00454,Verificación de documentos,2026-06-15 08:00:00,Verificador_01,Personal,16000.0,1687.74,0.25,58,Agente,31
SOL00405,Formalización,2026-06-15 08:00:00,Ejecutivo_02,Personal,4100.0,1769.58,0.28,134,Web,57
SOL00017,Reevaluación,2026-06-15 08:00:00,Analista_08,Personal,11500.0,1309.99,0.57,66,Agente,69
SOL00342,Análisis financiero,2026-06-15 08:00:00,Analista_05,Hipotecario,148700.0,7839.71,0.27,42,Web,62
SOL01065,Verificación de documentos,2026-06-15 08:00:00,Verificador_01,Hipotecario,66000.0,4274.59,0.14,89,Web,24
SOL00134,Formalización,2026-06-15 08:00:00,Ejecutivo_03,Hipotecario,249000.0,3122.03,0.57,180,Web,65
SOL00409,Análisis financiero,2026-06-15 08:00:00,Analista_08,Personal,12700.0,891.68,0.22,215,Sucursal,32
SOL00040,Verificación de documentos,2026-06-15 08:00:00,Verificador_04,Personal,18800.0,1841.83,0.21,31,Sucursal,23
SOL00783,Verificación de documentos,2026-06-15 08:00:00,Verificador_04,Vehicular,11000.0,787.0,0.21,20,Web,69
SOL00253,Análisis financiero,2026-06-15 08:00:00,Analista_05,Vehicular,31100.0,1430.93,0.17,24,Web,66
SOL00832,Verificación de documentos,2026-06-15 08:00:00,Verificador_02,Consumo,1700.0,1285.05,0.14,75,Web,22
SOL00888,Reevaluación,2026-06-15 08:00:00,Analista_03,Personal,11500.0,3062.67,0.41,39,Sucursal,58
SOL00007,Formalización,2026-06-15 08:00:00,Ejecutivo_05,Vehicular,27000.0,2248.32,0.26,56,Agente,56
SOL00819,Formalización,2026-06-15 08:00:00,Ejecutivo_01,Hipotecario,88700.0,2490.86,0.23,173,Agente,49
SOL00159,Verificación de documentos,2026-06-15 08:00:00,Verificador_03,Hipotecario,218000.0,1375.39,0.24,129,Web,55
SOL00536,Formalización,2026-06-15 08:00:00,Ejecutivo_05,Personal,18000.0,1434.08,0.22,1,Sucursal,49
SOL00748,Verificación de documentos,2026-06-15 08:00:00,Verificador_03,Vehicular,25400.0,811.89,0.14,82,Web,25
SOL00487,Formalización,2026-06-15 08:00:00,Ejecutivo_06,Consumo,4300.0,1576.87,0.29,47,Sucursal,67
SOL00270,Rechazo,2026-06-15 08:00:00,Analista_06,Personal,15000.0,1063.48,0.67,127,Sucursal,37
SOL00960,Análisis financiero ,2026-06-15 08:00:00,Analista_07,Personal,12200.0,1666.56,0.15,6,Web,39
SOL00753,Verificación de documentos,2026-06-15 08:00:00,Verificador_02,Consumo,7000.0,1804.95,0.68,43,Agente,68
SOL00223,Desembolso,2026-06-15 08:00:00,Tesoreria,Personal,6700.0,2175.69,0.38,141,Web,48
SOL00212,Verificación de documentos,2026-06-15 08:00:00,Verificador_04,Personal,10200.0,2097.35,0.21,146,Sucursal,70
SOL00576,verificación de documentos,2026-06-15 08:00:00,Verificador_03,Consumo,3200.0,1448.72,0.31,29,Web,35
SOL00564,Formalización,2026-06-15 08:00:00,Ejecutivo_01,Personal,17900.0,880.91,0.07,64,Web,68
SOL00383,Verificación de documentos,2026-06-15 08:00:00,Verificador_03,Personal,3400.0,1990.99,0.03,189,Sucursal,33
SOL00044,Formalización,2026-06-15 08:00:00,Ejecutivo_01,Consumo,2600.0,740.05,0.3,26,Web,44
SOL00828,Desembolso,2026-06-15 08:00:00,Tesoreria,Personal,8200.0,1664.0,0.33,79,Web,67
SOL00845,Verificación de documentos,2026-06-15 08:00:00,Verificador_03,Hipotecario,199800.0,1027.17,0.12,78,Agente,23
SOL00283,Reevaluación,2026-06-15 08:00:00,Analista_08,Vehicular,30900.0,2186.93,0.79,76,Sucursal,66
SOL00848,Verificación de documentos,2026-06-15 08:00:00,Verificador_03,Personal,14700.0,1960.24,0.35,4,Sucursal,44
SOL00816,Reevaluación,2026-06-15 08:00:00,Analista_04,Vehicular,30400.0,837.7,0.47,16,Sucursal,23
SOL00013,Desembolso,2026-06-15 08:00:00,Tesoreria,Consumo,2500.0,1013.85,0.51,9,Sucursal,52
SOL00538,Verificación de documentos,2026-06-15 08:00:00,Verificador_02,Personal,18200.0,1323.57,0.33,29,Sucursal,55
SOL01013,Formalización,2026-06-15 08:00:00,Ejecutivo_05,Personal,16600.0,643.86,0.47,29,Sucursal,23
SOL00146,Formalización,2026-06-15 08:00:00,Ejecutivo_03,Consumo,2100.0,1653.82,0.47,38,Sucursal,42
SOL00348,Desembolso,2026-06-15 08:00:00,Tesoreria,Personal,9800.0,1679.74,0.29,32,Sucursal,58
SOL00549,Análisis financiero,2026-06-15 08:00:00,Analista_07,Consumo,6600.0,2189.9,0.32,27,Sucursal,31
SOL00719,Verificación de documentos,2026-06-15 08:00:00,Verificador_02,Consumo,6700.0,1093.5,0.25,92,Web,49
SOL00264,Desembolso,2026-06-15 08:00:00,Tesoreria,Personal,7600.0,3097.51,0.44,33,Agente,30
SOL00297,Formalización,2026-06-15 08:00:00,Ejecutivo_05,Personal,6100.0,1459.16,0.36,10,Web,56
SOL01179,Verificación de documentos,2026-06-15 08:00:00,Verificador_04,Hipotecario,241900.0,710.68,0.56,37,Sucursal,51
SOL00465,Verificación de documentos,2026-06-15 08:00:00,Verificador_03,Vehicular,27800.0,3007.35,0.24,64,Sucursal,33
SOL00449,Formalización,2026-06-15 08:00:00,Ejecutivo_02,Personal,15800.0,1204.24,0.23,118,Web,44
SOL00868,Verificación de documentos,2026-06-15 08:00:00,Verificador_02,Consumo,1600.0,1930.11,0.41,85,Web,41
SOL00308,Verificación de documentos,2026-06-15 08:00:00,Verificador_01,Personal,15000.0,1474.78,0.12,18,Web,57
SOL00060,Verificación de documentos,2026-06-15 08:00:00,Verificador_01,Personal,17400.0,910.97,0.6,237,Sucursal,37
SOL00784,Desembolso,2026-06-15 08:00:00,Tesoreria,Consumo,5800.0,817.23,0.19,18,Sucursal,48
SOL00907,Análisis financiero,2026-06-15 08:00:00,Analista_07,Vehicular,31500.0,4609.93,0.58,247,Sucursal,68
SOL00367,Análisis financiero,2026-06-15 08:00:00,Analista_03,Hipotecario,112700.0,1799.92,0.26,39,Web,34
SOL00400,Formalización,2026-06-15 08:00:00,Ejecutivo_05,Vehicular,36400.0,4029.48,0.04,49,Agente,48
SOL00778,Verificación de documentos,2026-06-15 08:00:00,Verificador_04,Consumo,2200.0,512.74,0.14,71,Sucursal,42
SOL00263,Formalización,2026-06-15 08:00:00,Ejecutivo_05,Consumo,7000.0,835.26,0.15,132,Sucursal,42
SOL00350,Verificación de documentos,2026-06-15 08:00:00,Verificador_01,Personal,15600.0,1319.86,0.4,0,Sucursal,65
SOL00050,Desembolso ,2026-06-15 08:00:00,Tesoreria,Hipotecario,206100.0,1635.77,0.5,33,Sucursal,27
SOL00668,Verificación de documentos,2026-06-15 08:04:00,Verificador_01,Consumo,6400.0,1359.17,0.44,239,Web,37
SOL00861,Formalización,2026-06-15 08:15:00,Ejecutivo_05,Consumo,2000.0,1749.94,0.51,19,Web,37
SOL00890,Desembolso,2026-06-15 08:16:00,Tesoreria,Consumo,4900.0,1023.64,0.19,63,Web,60
SOL00764,Verificación de documentos,2026-06-15 08:24:00,Verificador_02,Consumo,7800.0,2544.11,0.34,36,Web,59
SOL00388,Solicitud recibida,2026-06-15 08:26:54,Ejecutivo_05,Hipotecario,154900.0,1694.25,0.35,11,Agente,70
SOL00626,Verificación de documentos,2026-06-15 08:29:00,Verificador_03,Personal,19100.0,1037.76,0.48,200,Sucursal,23
SOL01179,Solicitud de información adicional,2026-06-15 08:30:01,Verificador_04,Hipotecario,241900.0,710.68,0.56,37,Sucursal,51
SOL00868,Solicitud de información adicional,2026-06-15 08:30:01,Verificador_01,Consumo,1600.0,1930.11,0.41,85,Web,41
SOL00308,Solicitud de información adicional,2026-06-15 08:30:01,Verificador_04,Personal,15000.0,1474.78,0.12,18,Web,57
SOL00764,Solicitud de información adicional ,2026-06-15 08:54:01,Verificador_04,Consumo,7800.0,2544.11,0.34,36,Web,59
SOL00626,Solicitud de información adicional,2026-06-15 08:59:01,Verificador_02,Personal,19100.0,1037.76,0.48,200,Sucursal,23
SOL00409,Aprobación,2026-06-15 10:05:14,Analista_08,Personal,12700.0,891.68,0.22,215,Sucursal,32
SOL00960,Aprobación,2026-06-15 10:23:03,Analista_07,Personal,12200.0,1666.56,0.15,6,Web,39
SOL00283,Rechazo,2026-06-15 11:03:57,Analista_08,Vehicular,30900.0,2186.93,0.79,76,Sucursal,66
SOL00549,Aprobación,2026-06-15 11:47:48,Analista_07,Consumo,6600.0,2189.9,0.32,27,Sucursal,31
SOL00816,Rechazo,2026-06-15 12:14:32,Analista_04,Vehicular,30400.0,837.7,0.47,16,Sucursal,23
SOL00875,Formalización,2026-06-15 13:14:48,Ejecutivo_04,Personal,14100.0,706.68,0.23,72,Sucursal,22
SOL00888,Aprobación,2026-06-15 13:32:38,Analista_03,Personal,11500.0,3062.67,0.41,39,Sucursal,58
SOL00379,Recepción de información,2026-06-15 13:42:10,Sistema,Hipotecario,167500.0,1348.71,0.2,1,Web,60
SOL00704,Solicitud recibida,2026-06-15 14:01:47,Ejecutivo_02,Consumo,4100.0,1132.67,0.22,11,Sucursal,51
SOL00823,Solicitud recibida,2026-06-15 14:25:31,Sistema,Consumo,7700.0,1598.53,0.39,38,Web,61
SOL00719,Análisis financiero,2026-06-15 15:06:39,Analista_01,Consumo,6700.0,1093.5,0.25,92,Web,49
SOL00399,Solicitud recibida,2026-06-15 17:25:35,Sistema,Consumo,1700.0,3523.9,0.32,83,Web,61
SOL00551,Solicitud recibida,2026-06-15 17:27:28,Ejecutivo_03,Vehicular,21800.0,2519.52,0.29,154,Sucursal,30
SOL00232,Solicitud recibida,2026-06-15 17:39:21,Ejecutivo_04,Vehicular,25100.0,1951.98,0.16,5,Agente,26
SOL00267,Solicitud recibida,2026-06-15 18:59:40,Ejecutivo_05,Personal,10800.0,846.01,0.24,142,Sucursal,48
SOL00493,Solicitud recibida,2026-06-15 20:03:25,Ejecutivo_06,Hipotecario,237300.0,441.03,0.39,20,Sucursal,60
SOL00308,Recepción de información,2026-06-16 06:48:41,Sistema,Personal,15000.0,1474.78,0.12,18,Web,57
SOL00044,Desembolso,2026-06-16 08:00:00,Tesoreria,Consumo,2600.0,740.05,0.3,26,Web,44
SOL00267,Verificación de documentos,2026-06-16 08:00:00,Verificador_02,Personal,10800.0,846.01,0.24,142,Sucursal,48
SOL00783,Análisis financiero,2026-06-16 08:00:00,Analista_06,Vehicular,11000.0,787.0,0.21,20,Web,69
SOL00405,Desembolso,2026-06-16 08:00:00,Tesoreria,Personal,4100.0,1769.58,0.28,134,Web,57
SOL00538,Análisis financiero,2026-06-16 08:00:00,Analista_05,Personal,18200.0,1323.57,0.33,29,Sucursal,55
SOL00085,Formalización,2026-06-16 08:00:00,Ejecutivo_05,Personal,11800.0,1577.24,0.17,100,Web,40
SOL01065,Análisis financiero,2026-06-16 08:00:00,Analista_04,Hipotecario,66000.0,4274.59,0.14,89,Web,24
SOL00400,Desembolso,2026-06-16 08:00:00,Tesoreria,Vehicular,36400.0,4029.48,0.04,49,Agente,48
SOL00159,Análisis financiero,2026-06-16 08:00:00,Analista_02,Hipotecario,218000.0,1375.39,0.24,129,Web,55
SOL00845,Análisis financiero,2026-06-16 08:00:00,Analista_05,Hipotecario,199800.0,1027.17,0.12,78,Agente,23
SOL00848,Análisis financiero,2026-06-16 08:00:00,Analista_03,Personal,14700.0,1960.24,0.35,4,Sucursal,44
SOL00465,Análisis financiero,2026-06-16 08:00:00,Analista_05,Vehicular,27800.0,3007.35,0.24,64,Sucursal,33
SOL00719,Rechazo,2026-06-16 08:00:00,Analista_01,Consumo,6700.0,1093.5,0.25,92,Web,49
SOL00212,Análisis financiero,2026-06-16 08:00:00,Analista_01,Personal,10200.0,2097.35,0.21,146,Sucursal,70
SOL00819,Desembolso,2026-06-16 08:00:00,Tesoreria,Hipotecario,88700.0,2490.86,0.23,173,Agente,49
SOL00823,Verificación de documentos,2026-06-16 08:00:00,Verificador_04,Consumo,7700.0,1598.53,0.39,38,Web,61
SOL00704,Verificación de documentos,2026-06-16 08:00:00,Verificador_01,Consumo,4100.0,1132.67,0.22,11,Sucursal,51
SOL00350,Análisis financiero,2026-06-16 08:00:00,Analista_06,Personal,15600.0,1319.86,0.4,0,Sucursal,65
SOL00040,Análisis financiero,2026-06-16 08:00:00,Analista_04,Personal,18800.0,1841.83,0.21,31,Sucursal,23
SOL00399,Verificación de documentos,2026-06-16 08:00:00,Verificador_04,Consumo,1700.0,3523.9,0.32,83,Web,61
SOL00379,Verificación de documentos,2026-06-16 08:02:00,Verificador_03,Hipotecario,167500.0,1348.71,0.2,1,Web,60
SOL00668,Análisis financiero,2026-06-16 08:03:00,Analista_02,Consumo,6400.0,1359.17,0.44,239,Web,37
SOL00564,Desembolso,2026-06-16 08:06:00,Tesoreria,Personal,17900.0,880.91,0.07,64,Web,68
SOL00232,Verificación de documentos,2026-06-16 08:06:00,Verificador_03,Vehicular,25100.0,1951.98,0.16,5,Agente,26
SOL00794,Desembolso,2026-06-16 08:09:00,Tesoreria,Vehicular,39900.0,2227.5,0.49,23,Sucursal,57
SOL01118,Solicitud recibida,2026-06-16 08:09:04,Sistema,Hipotecario,239100.0,1009.96,0.05,35,Web,41
SOL00256,Formalización,2026-06-16 08:10:00,Ejecutivo_06,Personal,18800.0,942.76,0.1,35,Sucursal,35
SOL00576,Análisis financiero,2026-06-16 08:11:00,Analista_08,Consumo,3200.0,1448.72,0.31,29,Web,35
SOL00388,Verificación de documentos,2026-06-16 08:12:00,Verificador_04,Hipotecario,154900.0,1694.25,0.35,11,Agente,70
SOL00493,Verificación de documentos,2026-06-16 08:16:00,Verificador_02,Hipotecario,237300.0,441.03,0.39,20,Sucursal,60
SOL00134,Desembolso,2026-06-16 08:16:00,Tesoreria,Hipotecario,249000.0,3122.03,0.57,180,Web,65
SOL00039,Análisis financiero,2026-06-16 08:16:00,Analista_06,Consumo,2500.0,725.81,0.2,203,Web,70
SOL00383,Análisis financiero,2026-06-16 08:20:00,Analista_06,Personal,3400.0,1990.99,0.03,189,Sucursal,33
SOL00551,Verificación de documentos,2026-06-16 08:22:00,Verificador_03,Vehicular,21800.0,2519.52,0.29,154,Sucursal,30
SOL00060,Análisis financiero,2026-06-16 08:25:00,Analista_05,Personal,17400.0,910.97,0.6,237,Sucursal,37
SOL00487,Desembolso,2026-06-16 08:27:00,Tesoreria,Consumo,4300.0,1576.87,0.29,47,Sucursal,67
SOL00267,Solicitud de información adicional,2026-06-16 08:30:01,Verificador_01,Personal,10800.0,846.01,0.24,142,Sucursal,48
SOL00704,Solicitud de información adicional,2026-06-16 08:30:01,Verificador_03,Consumo,4100.0,1132.67,0.22,11,Sucursal,51
SOL00399,Solicitud de información adicional,2026-06-16 08:30:01,Verificador_02,Consumo,1700.0,3523.9,0.32,83,Web,61
SOL00379,Solicitud de información adicional,2026-06-16 08:32:01,Verificador_02,Hipotecario,167500.0,1348.71,0.2,1,Web,60
SOL00860,Solicitud recibida,2026-06-16 08:47:55,Sistema,Vehicular,39200.0,1385.73,0.1,17,Web,24
SOL00454,Análisis financiero,2026-06-16 10:01:03,Analista_02,Personal,16000.0,1687.74,0.25,58,Agente,31
SOL00465,Aprobación,2026-06-16 10:29:23,Analista_05,Vehicular,27800.0,3007.35,0.24,64,Sucursal,33
SOL00848,Aprobación,2026-06-16 11:02:55,Analista_03,Personal,14700.0,1960.24,0.35,4,Sucursal,44
SOL00538,Aprobación,2026-06-16 11:12:30,Analista_05,Personal,18200.0,1323.57,0.33,29,Sucursal,55
SOL00454,Aprobación,2026-06-16 11:57:13,Analista_02,Personal,16000.0,1687.74,0.25,58,Agente,31
SOL00212,Aprobación,2026-06-16 12:01:47,Analista_01,Personal,10200.0,2097.35,0.21,146,Sucursal,70
SOL00960,Formalización,2026-06-16 12:03:19,Ejecutivo_04,Personal,12200.0,1666.56,0.15,6,Web,39
SOL00860,Verificación de documentos,2026-06-16 12:19:04,Verificador_01,Vehicular,39200.0,1385.73,0.1,17,Web,24
SOL00308,Verificación de documentos,2026-06-16 12:21:11,Verificador_03,Personal,15000.0,1474.78,0.12,18,Web,57
SOL00536,Desembolso,2026-06-16 12:35:05,Tesoreria,Personal,18000.0,1434.08,0.22,1,Sucursal,49
SOL00350,Aprobación,2026-06-16 12:42:17,Analista_06,Personal,15600.0,1319.86,0.4,0,Sucursal,65
SOL00860,Solicitud de información adicional,2026-06-16 12:49:05,Verificador_03,Vehicular,39200.0,1385.73,0.1,17,Web,24
SOL00308,Solicitud de información adicional,2026-06-16 12:51:12,Verificador_04,Personal,15000.0,1474.78,0.12,18,Web,57
SOL00040,Aprobación,2026-06-16 12:58:01,Analista_04,Personal,18800.0,1841.83,0.21,31,Sucursal,23
SOL00039,Aprobación,2026-06-16 12:58:31,Analista_06,Consumo,2500.0,725.81,0.2,203,Web,70
SOL00545,Solicitud recibida,2026-06-16 13:26:48,Sistema,Personal,8700.0,1412.46,0.25,8,Web,21
SOL00171,Solicitud recibida,2026-06-16 13:51:00,Ejecutivo_02,Vehicular,29400.0,1996.59,0.22,10,Agente,42
SOL00888,Formalización,2026-06-16 14:19:02,Ejecutivo_02,Personal,11500.0,3062.67,0.41,39,Sucursal,58
SOL00783,Rechazo,2026-06-16 14:22:51,Analista_06,Vehicular,11000.0,787.0,0.21,20,Web,69
SOL00199,Formalización,2026-06-16 14:33:12,Ejecutivo_01,Vehicular,35100.0,2710.02,0.27,52,Web,46
SOL00449,Desembolso,2026-06-16 15:10:37,Tesoreria,Personal,15800.0,1204.24,0.23,118,Web,44
SOL00952,Solicitud recibida,2026-06-16 15:12:18,Sistema,Personal,18100.0,2041.57,0.04,3,Web,26
SOL00778,Análisis financiero,2026-06-16 15:32:59,Analista_06,Consumo,2200.0,512.74,0.14,71,Sucursal,42
SOL00956,Formalización,2026-06-16 16:36:15,Ejecutivo_01,Consumo,4500.0,1730.77,0.15,3,Sucursal,42
SOL00224,Solicitud recibida,2026-06-16 18:24:01,Ejecutivo_01,Consumo,4700.0,1156.65,0.31,19,Sucursal,51
SOL01009,Solicitud recibida,2026-06-16 19:24:46,Ejecutivo_04,Personal,9500.0,1206.07,0.22,22,Sucursal,44
SOL00973,Solicitud recibida,2026-06-16 20:29:37,Ejecutivo_02,Hipotecario,129900.0,1767.66,0.31,22,Sucursal,52
SOL00630,Solicitud recibida,2026-06-16 20:34:44,Ejecutivo_04,Consumo,3000.0,2230.79,0.29,3,Sucursal,29
SOL01179,Recepción de información,2026-06-16 20:49:09,Sistema,Hipotecario,241900.0,710.68,0.56,37,Sucursal,51
SOL00493,Análisis financiero,2026-06-17 08:00:00,Analista_08,Hipotecario,237300.0,441.03,0.39,20,Sucursal,60
SOL00861,Desembolso,2026-06-17 08:00:00,Tesoreria,Consumo,2000.0,1749.94,0.51,19,Web,37
SOL00388,Análisis financiero,2026-06-17 08:00:00,Analista_03,Hipotecario,154900.0,1694.25,0.35,11,Agente,70
SOL00297,Desembolso,2026-06-17 08:00:00,Tesoreria,Personal,6100.0,1459.16,0.36,10,Web,56
SOL00383,Aprobación,2026-06-17 08:00:00,Analista_06,Personal,3400.0,1990.99,0.03,189,Sucursal,33
SOL00551,Análisis financiero,2026-06-17 08:00:00,Analista_08,Vehicular,21800.0,2519.52,0.29,154,Sucursal,30
SOL00778,Aprobación,2026-06-17 08:00:00,Analista_06,Consumo,2200.0,512.74,0.14,71,Sucursal,42
SOL00263,Desembolso,2026-06-17 08:00:00,Tesoreria,Consumo,7000.0,835.26,0.15,132,Sucursal,42
SOL00576,Rechazo,2026-06-17 08:00:00,Analista_08,Consumo,3200.0,1448.72,0.31,29,Web,35
SOL00224,Verificación de documentos,2026-06-17 08:00:00,Verificador_03,Consumo,4700.0,1156.65,0.31,19,Sucursal,51
SOL00545,Verificación de documentos,2026-06-17 08:00:00,Verificador_04,Personal,8700.0,1412.46,0.25,8,Web,21
SOL00256,Desembolso,2026-06-17 08:00:00,Tesoreria,Personal,18800.0,942.76,0.1,35,Sucursal,35
SOL00409,Formalización,2026-06-17 08:00:00,Ejecutivo_04,Personal,12700.0,891.68,0.22,215,Sucursal,32
SOL00753,Análisis financiero,2026-06-17 08:00:00,Analista_06,Consumo,7000.0,1804.95,0.68,43,Agente,68
SOL00952,Verificación de documentos,2026-06-17 08:00:00,Verificador_01,Personal,18100.0,2041.57,0.04,3,Web,26
SOL00171,Verificación de documentos,2026-06-17 08:04:00,Verificador_04,Vehicular,29400.0,1996.59,0.22,10,Agente,42
SOL00549,Formalización,2026-06-17 08:04:00,Ejecutivo_05,Consumo,6600.0,2189.9,0.32,27,Sucursal,31
SOL01118,Verificación de documentos,2026-06-17 08:05:00,Verificador_02,Hipotecario,239100.0,1009.96,0.05,35,Web,41
SOL00232,Análisis financiero,2026-06-17 08:10:00,Analista_04,Vehicular,25100.0,1951.98,0.16,5,Agente,26
SOL00060,Reevaluación,2026-06-17 08:14:35,Analista_05,Personal,17400.0,910.97,0.6,237,Sucursal,37
SOL01009,Verificación de documentos,2026-06-17 08:15:00,Verificador_01,Personal,9500.0,1206.07,0.22,22,Sucursal,44
SOL00823,Análisis financiero,2026-06-17 08:17:00,Analista_08,Consumo,7700.0,1598.53,0.39,38,Web,61
SOL00875,Desembolso,2026-06-17 08:20:00,Tesoreria,Personal,14100.0,706.68,0.23,72,Sucursal,22
SOL00973,Verificación de documentos,2026-06-17 08:25:00,Verificador_01,Hipotecario,129900.0,1767.66,0.31,22,Sucursal,52
SOL00007,Desembolso,2026-06-17 08:26:00,Tesoreria,Vehicular,27000.0,2248.32,0.26,56,Agente,56
SOL01198,Formalización,2026-06-17 08:28:00,Ejecutivo_02,Consumo,4000.0,1885.51,0.42,243,Sucursal,68
SOL01179,Verificación de documentos,2026-06-17 08:29:00,Verificador_04,Hipotecario,241900.0,710.68,0.56,37,Sucursal,51
SOL00545,Solicitud de información adicional,2026-06-17 08:30:01,Verificador_02,Personal,8700.0,1412.46,0.25,8,Web,21
SOL00973,Solicitud de información adicional,2026-06-17 08:55:01,Verificador_04,Hipotecario,129900.0,1767.66,0.31,22,Sucursal,52
SOL00748,Análisis financiero,2026-06-17 09:48:22,Analista_07,Vehicular,25400.0,811.89,0.14,82,Web,25
SOL00753,Aprobación,2026-06-17 10:01:12,Analista_06,Consumo,7000.0,1804.95,0.68,43,Agente,68
SOL00823,Aprobación,2026-06-17 10:25:16,Analista_08,Consumo,7700.0,1598.53,0.39,38,Web,61
SOL00888,Desembolso,2026-06-17 11:05:53,Tesoreria,Personal,11500.0,3062.67,0.41,39,Sucursal,58
SOL00017,Reevaluación,2026-06-17 11:52:48,Analista_08,Personal,11500.0,1309.99,0.57,66,Agente,69
SOL00659,Solicitud recibida,2026-06-17 12:24:16,Ejecutivo_02,Personal,13700.0,2704.82,0.14,170,Sucursal,61
SOL00551,Aprobación,2026-06-17 12:56:24,Analista_08,Vehicular,21800.0,2519.52,0.29,154,Sucursal,30
SOL00232,Aprobación,2026-06-17 13:01:15,Analista_04,Vehicular,25100.0,1951.98,0.16,5,Agente,26
SOL00630,Verificación de documentos,2026-06-17 13:15:26,Verificador_04,Consumo,3000.0,2230.79,0.29,3,Sucursal,29
SOL00956,Desembolso,2026-06-17 13:22:15,Tesoreria,Consumo,4500.0,1730.77,0.15,3,Sucursal,42
SOL00121,Solicitud recibida,2026-06-17 14:15:39,Ejecutivo_01,Personal,19500.0,913.08,0.29,12,Sucursal,45
SOL00748,Aprobación,2026-06-17 15:28:44,Analista_07,Vehicular,25400.0,811.89,0.14,82,Web,25
SOL00950,Solicitud recibida,2026-06-17 16:06:30,Sistema,Personal,8600.0,2492.58,0.73,12,Web,36
SOL00171,Análisis financiero,2026-06-17 16:13:32,Analista_02,Vehicular,29400.0,1996.59,0.22,10,Agente,42
SOL00060,Reevaluación,2026-06-17 16:28:44,Analista_05,Personal,17400.0,910.97,0.6,237,Sucursal,37
SOL01013,Desembolso,2026-06-17 16:39:38,Tesoreria,Personal,16600.0,643.86,0.47,29,Sucursal,23
SOL00085,Desembolso,2026-06-17 16:50:29,Tesoreria,Personal,11800.0,1577.24,0.17,100,Web,40
SOL00445,Solicitud recibida,2026-06-17 16:51:58,Ejecutivo_02,Personal,4300.0,1514.5,0.47,41,Sucursal,33
SOL00626,Recepción de información,2026-06-17 17:52:21,Sistema,Personal,19100.0,1037.76,0.48,200,Sucursal,23
SOL01186,Solicitud recibida,2026-06-17 18:02:07,Sistema,Hipotecario,246000.0,2059.51,0.38,74,Web,58
SOL01182,Solicitud recibida,2026-06-17 18:15:22,Ejecutivo_02,Vehicular,17600.0,1685.82,0.21,24,Sucursal,38
SOL01137,Solicitud recibida,2026-06-17 18:25:58,Ejecutivo_01,Consumo,7200.0,1119.44,0.37,221,Sucursal,61
SOL00951,Solicitud recibida,2026-06-17 19:36:10,Sistema,Consumo,7000.0,744.79,0.1,2,Web,59
SOL00155,Solicitud recibida,2026-06-17 19:49:07,Sistema,Vehicular,33800.0,1649.56,0.11,0,Web,70
SOL00704,Recepción de información,2026-06-17 20:00:53,Sistema,Consumo,4100.0,1132.67,0.22,11,Sucursal,51
SOL01156,Solicitud recibida,2026-06-17 21:40:02,Sistema,Consumo,3600.0,1662.25,0.34,13,Web,62
SOL01118,Análisis financiero,2026-06-18 08:00:00,Analista_02,Hipotecario,239100.0,1009.96,0.05,35,Web,41
SOL00146,Desembolso,2026-06-18 08:00:00,Tesoreria,Consumo,2100.0,1653.82,0.47,38,Sucursal,42
SOL00121,Verificación de documentos,2026-06-18 08:00:00,Verificador_03,Personal,19500.0,913.08,0.29,12,Sucursal,45
SOL00171,Rechazo,2026-06-18 08:00:00,Analista_02,Vehicular,29400.0,1996.59,0.22,10,Agente,42
SOL01137,Verificación de documentos,2026-06-18 08:00:00,Verificador_04,Consumo,7200.0,1119.44,0.37,221,Sucursal,61
SOL00232,Formalización,2026-06-18 08:00:00,Ejecutivo_03,Vehicular,25100.0,1951.98,0.16,5,Agente,26
SOL00704,Verificación de documentos,2026-06-18 08:00:00,Verificador_01,Consumo,4100.0,1132.67,0.22,11,Sucursal,51
SOL00538,Formalización,2026-06-18 08:00:00,Ejecutivo_02,Personal,18200.0,1323.57,0.33,29,Sucursal,55
SOL01009,Análisis financiero,2026-06-18 08:00:00,Analista_05,Personal,9500.0,1206.07,0.22,22,Sucursal,44
SOL00060,Rechazo,2026-06-18 08:00:00,Analista_05,Personal,17400.0,910.97,0.6,237,Sucursal,37
SOL00659,Verificación de documentos,2026-06-18 08:00:00,Verificador_04,Personal,13700.0,2704.82,0.14,170,Sucursal,61
SOL00952,Análisis financiero,2026-06-18 08:00:00,Analista_07,Personal,18100.0,2041.57,0.04,3,Web,26
SOL01182,Verificación de documentos,2026-06-18 08:00:00,Verificador_02,Vehicular,17600.0,1685.82,0.21,24,Sucursal,38
SOL00017,Aprobación,2026-06-18 08:00:00,Analista_08,Personal,11500.0,1309.99,0.57,66,Agente,69
SOL00950,Verificación de documentos,2026-06-18 08:00:00,Verificador_01,Personal,8600.0,2492.58,0.73,12,Web,36
SOL01186,Verificación de documentos,2026-06-18 08:08:49,Verificador_02,Hipotecario,246000.0,2059.51,0.38,74,Web,58
SOL00155,Verificación de documentos,2026-06-18 08:09:00,Verificador_02,Vehicular,33800.0,1649.56,0.11,0,Web,70
SOL00445,Verificación de documentos,2026-06-18 08:09:00,Verificador_04,Personal,4300.0,1514.5,0.47,41,Sucursal,33
SOL00630,Análisis financiero,2026-06-18 08:10:13,Analista_02,Consumo,3000.0,2230.79,0.29,3,Sucursal,29
SOL01156,Verificación de documentos,2026-06-18 08:12:00,Verificador_01,Consumo,3600.0,1662.25,0.34,13,Web,62
SOL00199,Desembolso,2026-06-18 08:15:00,Tesoreria,Vehicular,35100.0,2710.02,0.27,52,Web,46
SOL00626,Verificación de documentos,2026-06-18 08:18:00,Verificador_01,Personal,19100.0,1037.76,0.48,200,Sucursal,23
SOL00951,Verificación de documentos,2026-06-18 08:27:00,Verificador_02,Consumo,7000.0,744.79,0.1,2,Web,59
SOL00350,Formalización,2026-06-18 08:27:15,Ejecutivo_04,Personal,15600.0,1319.86,0.4,0,Sucursal,65
SOL00040,Formalización,2026-06-18 08:29:00,Ejecutivo_01,Personal,18800.0,1841.83,0.21,31,Sucursal,23
SOL00404,Desistimiento,2026-06-18 08:30:02,Sistema,Consumo,7700.0,1267.48,0.06,43,Sucursal,55
SOL00867,Solicitud recibida,2026-06-18 09:25:13,Ejecutivo_05,Personal,19000.0,2763.24,0.35,53,Agente,30
SOL00549,Desembolso,2026-06-18 09:56:35,Tesoreria,Consumo,6600.0,2189.9,0.32,27,Sucursal,31
SOL00493,Comité de crédito,2026-06-18 10:00:01,Comite,Hipotecario,237300.0,441.03,0.39,20,Sucursal,60
SOL00342,Comité de crédito,2026-06-18 10:00:01,Comite,Hipotecario,148700.0,7839.71,0.27,42,Web,62
SOL00253,Comité de crédito,2026-06-18 10:00:01,Comite,Vehicular,31100.0,1430.93,0.17,24,Web,66
SOL01045,Comité de crédito,2026-06-18 10:00:01,Comite,Hipotecario,50400.0,1316.26,0.5,26,Agente,56
SOL00058,Comité de crédito,2026-06-18 10:00:01,Comite,Hipotecario,99400.0,3047.04,0.66,59,Web,46
SOL01097,Comité de crédito,2026-06-18 10:00:01,Comite,Hipotecario,121700.0,2348.74,0.47,46,Web,24
SOL00388,Comité de crédito,2026-06-18 10:00:01,Comite,Hipotecario,154900.0,1694.25,0.35,11,Agente,70
SOL01065,Comité de crédito,2026-06-18 10:00:01,Comite,Hipotecario,66000.0,4274.59,0.14,89,Web,24
SOL00159,Comité de crédito,2026-06-18 10:00:01,Comite,Hipotecario,218000.0,1375.39,0.24,129,Web,55
SOL00057,Comité de crédito,2026-06-18 10:00:01,Comite,Hipotecario,92200.0,7211.14,0.43,139,Web,66
SOL00845,Comité de crédito,2026-06-18 10:00:01,Comite,Hipotecario,199800.0,1027.17,0.12,78,Agente,23
SOL00907,Comité de crédito,2026-06-18 10:00:01,Comite,Vehicular,31500.0,4609.93,0.58,247,Sucursal,68
SOL00367,Comité de crédito,2026-06-18 10:00:01,Comite,Hipotecario,112700.0,1799.92,0.26,39,Web,34
SOL00778,Formalización,2026-06-18 10:26:05,Ejecutivo_06,Consumo,2200.0,512.74,0.14,71,Sucursal,42
SOL00445,Aprobación,2026-06-18 10:41:31,Gerente_Sucursal_02,Personal,4300.0,1514.5,0.47,41,Sucursal,33
SOL00960,Desembolso,2026-06-18 10:51:56,Tesoreria,Personal,12200.0,1666.56,0.15,6,Web,39
SOL01009,Aprobación,2026-06-18 10:58:04,Analista_05,Personal,9500.0,1206.07,0.22,22,Sucursal,44
SOL00942,Solicitud recibida,2026-06-18 11:27:25,Sistema,Personal,10300.0,1588.91,0.13,47,Web,43
SOL00342,Aprobación,2026-06-18 11:59:57,Comite,Hipotecario,148700.0,7839.71,0.27,42,Web,62
SOL00845,Rechazo,2026-06-18 12:02:39,Analista_05,Hipotecario,199800.0,1027.17,0.12,78,Agente,23
SOL01045,Aprobación,2026-06-18 12:03:59,Comite,Hipotecario,50400.0,1316.26,0.5,26,Agente,56
SOL00367,Aprobación,2026-06-18 12:29:31,Comite,Hipotecario,112700.0,1799.92,0.26,39,Web,34
SOL00159,Rechazo,2026-06-18 12:33:06,Analista_02,Hipotecario,218000.0,1375.39,0.24,129,Web,55
SOL01137,Análisis financiero,2026-06-18 12:45:42,Analista_05,Consumo,7200.0,1119.44,0.37,221,Sucursal,61
SOL00388,Rechazo,2026-06-18 12:50:25,Analista_03,Hipotecario,154900.0,1694.25,0.35,11,Agente,70
SOL00493,Rechazo,2026-06-18 13:07:56,Analista_08,Hipotecario,237300.0,441.03,0.39,20,Sucursal,60
SOL00630,Aprobación,2026-06-18 13:18:47,Analista_02,Consumo,3000.0,2230.79,0.29,3,Sucursal,29
SOL00952,Aprobación,2026-06-18 13:23:22,Analista_07,Personal,18100.0,2041.57,0.04,3,Web,26
SOL00057,Aprobación,2026-06-18 13:33:24,Comite,Hipotecario,92200.0,7211.14,0.43,139,Web,66
SOL00039,Formalización,2026-06-18 13:33:55,Ejecutivo_03,Consumo,2500.0,725.81,0.2,203,Web,70
SOL00243,Solicitud recibida,2026-06-18 13:46:13,Sistema,Vehicular,33500.0,2539.96,0.18,39,Web,50
SOL01065,Aprobación,2026-06-18 14:08:34,Comite,Hipotecario,66000.0,4274.59,0.14,89,Web,24
SOL01137,Aprobación,2026-06-18 14:22:40,Analista_05,Consumo,7200.0,1119.44,0.37,221,Sucursal,61
SOL01179,Análisis financiero,2026-06-18 14:59:35,Analista_03,Hipotecario,241900.0,710.68,0.56,37,Sucursal,51
SOL00733,Solicitud recibida,2026-06-18 15:21:32,Ejecutivo_01,Consumo,2000.0,974.14,0.15,14,Agente,56
SOL00868,Recepción de información,2026-06-18 15:59:06,Sistema,Consumo,1600.0,1930.11,0.41,85,Web,41
SOL01198,Desembolso,2026-06-18 16:15:23,Tesoreria,Consumo,4000.0,1885.51,0.42,243,Sucursal,68
SOL00454,Formalización,2026-06-18 16:58:23,Ejecutivo_04,Personal,16000.0,1687.74,0.25,58,Agente,31
SOL00054,Recepción de información,2026-06-18 19:47:45,Sistema,Personal,10600.0,1154.35,0.51,44,Web,60
SOL00631,Solicitud recibida,2026-06-18 20:29:05,Sistema,Vehicular,16300.0,993.06,0.85,9,Web,69
SOL00973,Recepción de información,2026-06-18 20:38:08,Sistema,Hipotecario,129900.0,1767.66,0.31,22,Sucursal,52
SOL01121,Solicitud recibida,2026-06-18 20:51:29,Ejecutivo_01,Personal,5900.0,743.55,0.3,33,Sucursal,43
SOL00780,Solicitud recibida,2026-06-18 21:27:13,Ejecutivo_05,Personal,17000.0,1080.89,0.09,282,Sucursal,61
SOL00860,Recepción de información,2026-06-19 04:47:18,Sistema,Vehicular,39200.0,1385.73,0.1,17,Web,24
SOL00253,Rechazo,2026-06-19 08:00:00,Analista_05,Vehicular,31100.0,1430.93,0.17,24,Web,66
SOL00832,Análisis financiero,2026-06-19 08:00:00,Analista_07,Consumo,1700.0,1285.05,0.14,75,Web,22
SOL00942,Verificación de documentos,2026-06-19 08:00:00,Verificador_04,Personal,10300.0,1588.91,0.13,47,Web,43
SOL00243,Verificación de documentos,2026-06-19 08:00:00,Verificador_03,Vehicular,33500.0,2539.96,0.18,39,Web,50
SOL00626,Análisis financiero,2026-06-19 08:00:00,Analista_01,Personal,19100.0,1037.76,0.48,200,Sucursal,23
SOL00868,Verificación de documentos,2026-06-19 08:00:00,Verificador_04,Consumo,1600.0,1930.11,0.41,85,Web,41
SOL00951,Análisis financiero,2026-06-19 08:00:00,Analista_02,Consumo,7000.0,744.79,0.1,2,Web,59
SOL00465,Formalización,2026-06-19 08:00:00,Ejecutivo_03,Vehicular,27800.0,3007.35,0.24,64,Sucursal,33
SOL00409,Desembolso,2026-06-19 08:00:00,Tesoreria,Personal,12700.0,891.68,0.22,215,Sucursal,32
SOL00848,Formalización,2026-06-19 08:00:00,Ejecutivo_01,Personal,14700.0,1960.24,0.35,4,Sucursal,44
SOL00823,Formalización,2026-06-19 08:00:00,Ejecutivo_05,Consumo,7700.0,1598.53,0.39,38,Web,61
SOL00867,Verificación de documentos,2026-06-19 08:00:00,Verificador_04,Personal,19000.0,2763.24,0.35,53,Agente,30
SOL00778,Desembolso,2026-06-19 08:00:00,Tesoreria,Consumo,2200.0,512.74,0.14,71,Sucursal,42
SOL00039,Desembolso,2026-06-19 08:00:00,Tesoreria,Consumo,2500.0,725.81,0.2,203,Web,70
SOL00950,Análisis financiero,2026-06-19 08:00:00,Analista_01,Personal,8600.0,2492.58,0.73,12,Web,36
SOL00054,Verificación de documentos,2026-06-19 08:00:00,Verificador_03,Personal,10600.0,1154.35,0.51,44,Web,60
SOL00445,Formalización,2026-06-19 08:01:00,Ejecutivo_01,Personal,4300.0,1514.5,0.47,41,Sucursal,33
SOL00973,Verificación de documentos,2026-06-19 08:01:00,Verificador_01,Hipotecario,129900.0,1767.66,0.31,22,Sucursal,52
SOL00155,Análisis financiero,2026-06-19 08:05:00,Analista_02,Vehicular,33800.0,1649.56,0.11,0,Web,70
SOL01186,Análisis financiero,2026-06-19 08:09:00,Analista_08,Hipotecario,246000.0,2059.51,0.38,74,Web,58
SOL00232,Desembolso,2026-06-19 08:12:00,Tesoreria,Vehicular,25100.0,1951.98,0.16,5,Agente,26
SOL00659,Análisis financiero,2026-06-19 08:15:00,Analista_05,Personal,13700.0,2704.82,0.14,170,Sucursal,61
SOL00058,Reevaluación,2026-06-19 08:18:00,Analista_06,Hipotecario,99400.0,3047.04,0.66,59,Web,46
SOL01182,Análisis financiero,2026-06-19 08:22:00,Analista_01,Vehicular,17600.0,1685.82,0.21,24,Sucursal,38
SOL00780,Verificación de documentos,2026-06-19 08:25:00,Verificador_01,Personal,17000.0,1080.89,0.09,282,Sucursal,61
SOL00538,Desembolso,2026-06-19 08:27:00,Tesoreria,Personal,18200.0,1323.57,0.33,29,Sucursal,55
SOL00860,Verificación de documentos,2026-06-19 08:28:00,Verificador_02,Vehicular,39200.0,1385.73,0.1,17,Web,24
SOL00054,Solicitud de información adicional,2026-06-19 08:30:01,Verificador_03,Personal,10600.0,1154.35,0.51,44,Web,60
SOL00950,Rechazo,2026-06-19 09:45:46,Analista_01,Personal,8600.0,2492.58,0.73,12,Web,36
SOL00342,Formalización,2026-06-19 10:07:16,Ejecutivo_04,Hipotecario,148700.0,7839.71,0.27,42,Web,62
SOL00832,Aprobación,2026-06-19 10:08:36,Analista_07,Consumo,1700.0,1285.05,0.14,75,Web,22
SOL00631,Verificación de documentos,2026-06-19 10:17:11,Verificador_01,Vehicular,16300.0,993.06,0.85,9,Web,69
SOL00704,Análisis financiero,2026-06-19 10:18:56,Analista_03,Consumo,4100.0,1132.67,0.22,11,Sucursal,51
SOL00350,Desembolso,2026-06-19 10:32:43,Tesoreria,Personal,15600.0,1319.86,0.4,0,Sucursal,65
SOL01121,Verificación de documentos,2026-06-19 10:55:53,Verificador_04,Personal,5900.0,743.55,0.3,33,Sucursal,43
SOL00626,Aprobación,2026-06-19 11:04:00,Analista_01,Personal,19100.0,1037.76,0.48,200,Sucursal,23
SOL00121,Análisis financiero,2026-06-19 11:05:47,Analista_08,Personal,19500.0,913.08,0.29,12,Sucursal,45
SOL00668,Reevaluación,2026-06-19 12:35:20,Analista_02,Consumo,6400.0,1359.17,0.44,239,Web,37
SOL00951,Aprobación,2026-06-19 12:43:08,Analista_02,Consumo,7000.0,744.79,0.1,2,Web,59
SOL00704,Rechazo,2026-06-19 13:01:25,Analista_03,Consumo,4100.0,1132.67,0.22,11,Sucursal,51
SOL00058,Rechazo,2026-06-19 13:03:11,Analista_06,Hipotecario,99400.0,3047.04,0.66,59,Web,46
SOL00659,Aprobación,2026-06-19 13:05:46,Analista_05,Personal,13700.0,2704.82,0.14,170,Sucursal,61
SOL01182,Rechazo,2026-06-19 13:25:27,Analista_01,Vehicular,17600.0,1685.82,0.21,24,Sucursal,38
SOL00630,Formalización,2026-06-19 14:14:22,Ejecutivo_06,Consumo,3000.0,2230.79,0.29,3,Sucursal,29
SOL00445,Desembolso,2026-06-19 14:14:29,Tesoreria,Personal,4300.0,1514.5,0.47,41,Sucursal,33
SOL00121,Aprobación,2026-06-19 14:22:32,Analista_08,Personal,19500.0,913.08,0.29,12,Sucursal,45
SOL00733,Verificación de documentos,2026-06-19 14:25:18,Verificador_02,Consumo,2000.0,974.14,0.15,14,Agente,56
SOL00668,Aprobación,,Analista_02,Consumo,6400.0,1359.17,0.44,239,Web,37
SOL00942,Análisis financiero,2026-06-19 15:56:02,Analista_03,Personal,10300.0,1588.91,0.13,47,Web,43
SOL00868,Análisis financiero,2026-06-19 16:47:51,Analista_08,Consumo,1600.0,1930.11,0.41,85,Web,41
SOL00399,Recepción de información,2026-06-19 20:25:49,Sistema,Consumo,1700.0,3523.9,0.32,83,Web,61
SOL00267,Recepción de información,2026-06-20 07:23:38,Sistema,Personal,10800.0,846.01,0.24,142,Sucursal,48
SOL00200,Recepción de información,2026-06-20 07:43:35,Sistema,Personal,14600.0,1202.36,0.42,197,Web,61
SOL00621,Desistimiento,2026-06-20 08:49:02,Sistema,Personal,13100.0,1050.25,0.49,12,Web,43
SOL00054,Recepción de información,2026-06-21 11:00:02,Sistema,Personal,10600.0,1154.35,0.51,44,Web,60
SOL00379,Recepción de información,2026-06-21 12:17:05,Sistema,Hipotecario,167500.0,1348.71,0.2,1,Web,60
SOL00308,Recepción de información,2026-06-21 14:20:03,Sistema,Personal,15000.0,1474.78,0.12,18,Web,57
SOL00545,Recepción de información,2026-06-21 17:24:24,Sistema,Personal,8700.0,1412.46,0.25,8,Web,21
SOL00907,Reevaluación,2026-06-22 08:00:00,Analista_07,Vehicular,31500.0,4609.93,0.58,247,Sucursal,68
SOL00308,Verificación de documentos,2026-06-22 08:00:00,Verificador_01,Personal,15000.0,1474.78,0.12,18,Web,57
SOL00342,Desembolso,2026-06-22 08:00:00,Tesoreria,Hipotecario,148700.0,7839.71,0.27,42,Web,62
SOL00454,Desembolso,2026-06-22 08:00:00,Tesoreria,Personal,16000.0,1687.74,0.25,58,Agente,31
SOL00951,Formalización,2026-06-22 08:00:00,Ejecutivo_05,Consumo,7000.0,744.79,0.1,2,Web,59
SOL00973,Análisis financiero,2026-06-22 08:00:00,Analista_03,Hipotecario,129900.0,1767.66,0.31,22,Sucursal,52
SOL01097,Reevaluación,2026-06-22 08:00:00,Analista_07,Hipotecario,121700.0,2348.74,0.47,46,Web,24
SOL00753,Formalización,2026-06-22 08:00:00,Ejecutivo_06,Consumo,7000.0,1804.95,0.68,43,Agente,68
SOL00212,Formalización,2026-06-22 08:00:00,Ejecutivo_03,Personal,10200.0,2097.35,0.21,146,Sucursal,70
SOL00379,Verificación de documentos,2026-06-22 08:00:00,Verificador_03,Hipotecario,167500.0,1348.71,0.2,1,Web,60
SOL00668,Formalización,2026-06-22 08:00:00,Ejecutivo_05,Consumo,6400.0,1359.17,0.44,239,Web,37
SOL00860,Análisis financiero,2026-06-22 08:00:00,Analista_05,Vehicular,39200.0,1385.73,0.1,17,Web,24
SOL00823,Desembolso,2026-06-22 08:00:00,Tesoreria,Consumo,7700.0,1598.53,0.39,38,Web,61
SOL00054,Verificación de documentos,2026-06-22 08:00:00,Verificador_02,Personal,10600.0,1154.35,0.51,44,Web,60
SOL00040,Desembolso,2026-06-22 08:00:00,Tesoreria,Personal,18800.0,1841.83,0.21,31,Sucursal,23
SOL00121,Formalización,2026-06-22 08:00:00,Ejecutivo_04,Personal,19500.0,913.08,0.29,12,Sucursal,45
SOL00017,Formalización,2026-06-22 08:00:00,Ejecutivo_05,Personal,11500.0,1309.99,0.57,66,Agente,69
SOL00465,Desembolso,2026-06-22 08:00:00,Tesoreria,Vehicular,27800.0,3007.35,0.24,64,Sucursal,33
SOL00626,Formalización,2026-06-22 08:00:00,Ejecutivo_01,Personal,19100.0,1037.76,0.48,200,Sucursal,23
SOL00399,Verificación de documentos,2026-06-22 08:00:00,Verificador_02,Consumo,1700.0,3523.9,0.32,83,Web,61
SOL00868,Rechazo,2026-06-22 08:00:00,Analista_08,Consumo,1600.0,1930.11,0.41,85,Web,41
SOL00243,Análisis financiero,2026-06-22 08:00:00,Analista_05,Vehicular,33500.0,2539.96,0.18,39,Web,50
SOL00780,Análisis financiero,2026-06-22 08:00:00,Analista_05,Personal,17000.0,1080.89,0.09,282,Sucursal,61
SOL00267,Verificación de documentos,2026-06-22 08:00:00,Verificador_01,Personal,10800.0,846.01,0.24,142,Sucursal,48
SOL00057,Formalización,2026-06-22 08:00:00,Ejecutivo_01,Hipotecario,92200.0,7211.14,0.43,139,Web,66
SOL00848,Desembolso,2026-06-22 08:00:00,Tesoreria,Personal,14700.0,1960.24,0.35,4,Sucursal,44
SOL00631,Análisis financiero,2026-06-22 08:00:00,Analista_01,Vehicular,16300.0,993.06,0.85,9,Web,69
SOL01121,Análisis financiero,2026-06-22 08:00:00,Analista_01,Personal,5900.0,743.55,0.3,33,Sucursal,43
SOL00383,Formalización,2026-06-22 08:00:00,Ejecutivo_03,Personal,3400.0,1990.99,0.03,189,Sucursal,33
SOL00832,Formalización,2026-06-22 08:00:00,Ejecutivo_04,Consumo,1700.0,1285.05,0.14,75,Web,22
SOL00367,Formalización,2026-06-22 08:00:00,Ejecutivo_04,Hipotecario,112700.0,1799.92,0.26,39,Web,34
SOL00630,Desembolso,2026-06-22 08:00:00,Tesoreria,Consumo,3000.0,2230.79,0.29,3,Sucursal,29
SOL01009,Formalización,2026-06-22 08:00:00,Ejecutivo_06,Personal,9500.0,1206.07,0.22,22,Sucursal,44
SOL00224,Análisis financiero,2026-06-22 08:00:00,Analista_02,Consumo,4700.0,1156.65,0.31,19,Sucursal,51
SOL01156,Análisis financiero,2026-06-22 08:00:00,Analista_01,Consumo,3600.0,1662.25,0.34,13,Web,62
SOL00867,Análisis financiero,2026-06-22 08:00:00,Analista_07,Personal,19000.0,2763.24,0.35,53,Agente,30
SOL00200,Verificación de documentos,2026-06-22 08:00:00,Verificador_01,Personal,14600.0,1202.36,0.42,197,Web,61
SOL01137,Formalización,2026-06-22 08:00:00,Ejecutivo_06,Consumo,7200.0,1119.44,0.37,221,Sucursal,61
SOL00942,Aprobación,2026-06-22 08:00:00,Analista_03,Personal,10300.0,1588.91,0.13,47,Web,43
SOL00748,Formalización,2026-06-22 08:00:00,Ejecutivo_04,Vehicular,25400.0,811.89,0.14,82,Web,25
SOL00952,Formalización,2026-06-22 08:14:00,Ejecutivo_05,Personal,18100.0,2041.57,0.04,3,Web,26
SOL00545,Verificación de documentos,2026-06-22 08:18:00,Verificador_04,Personal,8700.0,1412.46,0.25,8,Web,21
SOL01065,Formalización,2026-06-22 08:18:00,Ejecutivo_01,Hipotecario,66000.0,4274.59,0.14,89,Web,24
SOL00200,Solicitud de información adicional,2026-06-22 08:30:01,Verificador_02,Personal,14600.0,1202.36,0.42,197,Web,61
SOL00733,Análisis financiero,2026-06-22 09:59:23,Analista_01,Consumo,2000.0,974.14,0.15,14,Agente,56
SOL00659,Formalización,2026-06-22 10:36:32,Ejecutivo_02,Personal,13700.0,2704.82,0.14,170,Sucursal,61
SOL01156,Aprobación,2026-06-22 11:00:28,Analista_01,Consumo,3600.0,1662.25,0.34,13,Web,62
SOL00867,Aprobación,2026-06-22 11:34:06,Analista_07,Personal,19000.0,2763.24,0.35,53,Agente,30
SOL00780,Aprobación,2026-06-22 11:54:47,Analista_05,Personal,17000.0,1080.89,0.09,282,Sucursal,61
SOL01097,Rechazo,2026-06-22 12:33:57,Analista_07,Hipotecario,121700.0,2348.74,0.47,46,Web,24
SOL01121,Rechazo,2026-06-22 12:55:44,Analista_01,Personal,5900.0,743.55,0.3,33,Sucursal,43
SOL00733,Aprobación,2026-06-22 14:37:14,Analista_01,Consumo,2000.0,974.14,0.15,14,Agente,56
SOL00224,Aprobación,2026-06-22 15:25:12,Analista_02,Consumo,4700.0,1156.65,0.31,19,Sucursal,51
SOL00659,Desembolso,2026-06-23 08:00:00,Tesoreria,Personal,13700.0,2704.82,0.14,170,Sucursal,61
SOL00383,Desembolso,2026-06-23 08:00:00,Tesoreria,Personal,3400.0,1990.99,0.03,189,Sucursal,33
SOL00383,Desembolso,2026-06-23 08:00:00,Tesoreria,Personal,3400.0,1990.99,0.03,189,Sucursal,33
SOL00267,Análisis financiero,2026-06-23 08:00:00,Analista_06,Personal,10800.0,846.01,0.24,142,Sucursal,48
SOL00748,Desembolso,2026-06-23 08:00:00,Tesoreria,Vehicular,25400.0,811.89,0.14,82,Web,25
SOL00631,Rechazo,2026-06-23 08:00:00,Analista_01,Vehicular,16300.0,993.06,0.85,9,Web,69
SOL00668,Desembolso,2026-06-23 08:00:00,Tesoreria,Consumo,6400.0,1359.17,0.44,239,Web,37
SOL01137,Desembolso,2026-06-23 08:01:00,Tesoreria,Consumo,7200.0,1119.44,0.37,221,Sucursal,61
SOL01137,Desembolso,2026-06-23 08:01:00,Tesoreria,Consumo,7200.0,1119.44,0.37,221,Sucursal,61
SOL00907,Reevaluación,2026-06-23 08:02:00,Analista_07,Vehicular,31500.0,4609.93,0.58,247,Sucursal,68
SOL00626,Desembolso,2026-06-23 08:06:00,Tesoreria,Personal,19100.0,1037.76,0.48,200,Sucursal,23
SOL00367,Desembolso,2026-06-23 08:06:00,Tesoreria,Hipotecario,112700.0,1799.92,0.26,39,Web,34
SOL00753,Desembolso,2026-06-23 08:12:00,Tesoreria,Consumo,7000.0,1804.95,0.68,43,Agente,68
SOL00308,Análisis financiero,2026-06-23 08:24:00,Analista_01,Personal,15000.0,1474.78,0.12,18,Web,57
SOL01009,Desembolso,2026-06-23 08:26:00,Tesoreria,Personal,9500.0,1206.07,0.22,22,Sucursal,44
SOL00057,Desembolso,2026-06-23 08:26:00,Tesoreria,Hipotecario,92200.0,7211.14,0.43,139,Web,66
SOL00379,Análisis financiero,2026-06-23 08:28:00,Analista_04,Hipotecario,167500.0,1348.71,0.2,1,Web,60
SOL00054,Análisis financiero,2026-06-23 08:28:00,Analista_06,Personal,10600.0,1154.35,0.51,44,Web,60
SOL00557,Desistimiento,2026-06-23 08:30:02,Sistema,Consumo,1400.0,1746.15,0.19,9,Web,66
SOL01065,Desembolso,2026-06-23 09:03:05,Tesoreria,Hipotecario,66000.0,4274.59,0.14,89,Web,24
SOL00017,Desembolso,2026-06-23 10:16:52,Tesoreria,Personal,11500.0,1309.99,0.57,66,Agente,69
SOL00952,Desembolso,2026-06-23 10:46:34,Tesoreria,Personal,18100.0,2041.57,0.04,3,Web,26
SOL00121,Desembolso,2026-06-23 11:29:43,Tesoreria,Personal,19500.0,913.08,0.29,12,Sucursal,45
SOL00308,Aprobación,2026-06-23 12:46:33,Analista_01,Personal,15000.0,1474.78,0.12,18,Web,57
SOL00907,Rechazo,2026-06-23 12:53:51,Analista_07,Vehicular,31500.0,4609.93,0.58,247,Sucursal,68
SOL00267,Rechazo,2026-06-23 13:33:35,Analista_06,Personal,10800.0,846.01,0.24,142,Sucursal,48
SOL00733,Formalización,2026-06-24 08:00:00,Ejecutivo_02,Consumo,2000.0,974.14,0.15,14,Agente,56
SOL00951,Desembolso,2026-06-24 08:00:00,Tesoreria,Consumo,7000.0,744.79,0.1,2,Web,59
SOL00832,Desembolso,2026-06-24 08:02:00,Tesoreria,Consumo,1700.0,1285.05,0.14,75,Web,22
SOL00224,Formalización,2026-06-24 08:02:00,Ejecutivo_06,Consumo,4700.0,1156.65,0.31,19,Sucursal,51
SOL01156,Formalización,2026-06-24 08:09:00,Ejecutivo_05,Consumo,3600.0,1662.25,0.34,13,Web,62
SOL00054,Reevaluación,2026-06-24 08:22:00,Analista_06,Personal,10600.0,1154.35,0.51,44,Web,60
SOL00545,Análisis financiero,2026-06-24 08:28:00,Analista_07,Personal,8700.0,1412.46,0.25,8,Web,21
SOL01045,Formalización,2026-06-24 08:28:00,Ejecutivo_03,Hipotecario,50400.0,1316.26,0.5,26,Agente,56
SOL00551,Formalización,2026-06-24 09:39:57,Ejecutivo_01,Vehicular,21800.0,2519.52,0.29,154,Sucursal,30
SOL00545,Aprobación,2026-06-24 10:34:44,Analista_07,Personal,8700.0,1412.46,0.25,8,Web,21
SOL00212,Desembolso,2026-06-24 13:34:49,Tesoreria,Personal,10200.0,2097.35,0.21,146,Sucursal,70
SOL01156,Desembolso,2026-06-25 08:00:00,Tesoreria,Consumo,3600.0,1662.25,0.34,13,Web,62
SOL00942,Formalización,2026-06-25 08:00:00,Ejecutivo_04,Personal,10300.0,1588.91,0.13,47,Web,43
SOL00399,Análisis financiero,2026-06-25 08:00:00,Analista_07,Consumo,1700.0,3523.9,0.32,83,Web,61
SOL00733,Desembolso,2026-06-25 08:15:00,Tesoreria,Consumo,2000.0,974.14,0.15,14,Agente,56
SOL00780,Formalización,2026-06-25 08:16:00,Ejecutivo_05,Personal,17000.0,1080.89,0.09,282,Sucursal,61
SOL00054,Reevaluación,2026-06-25 08:24:00,Analista_06,Personal,10600.0,1154.35,0.51,44,Web,60
SOL01118,Comité de crédito,2026-06-25 10:00:01,Comite,Hipotecario,239100.0,1009.96,0.05,35,Web,41
SOL01186,Comité de crédito,2026-06-25 10:00:01,Comite,Hipotecario,246000.0,2059.51,0.38,74,Web,58
SOL00973,Comité de crédito,2026-06-25 10:00:01,Comite,Hipotecario,129900.0,1767.66,0.31,22,Sucursal,52
SOL00860,Comité de crédito,2026-06-25 10:00:01,Comite,Vehicular,39200.0,1385.73,0.1,17,Web,24
SOL00379,Comité de crédito,2026-06-25 10:00:01,Comite,Hipotecario,167500.0,1348.71,0.2,1,Web,60
SOL00243,Comité de crédito,2026-06-25 10:00:01,Comite,Vehicular,33500.0,2539.96,0.18,39,Web,50
SOL00155,Comité de crédito,2026-06-25 10:00:01,Comite,Vehicular,33800.0,1649.56,0.11,0,Web,70
SOL01179,Comité de crédito,2026-06-25 10:00:01,Comite,Hipotecario,241900.0,710.68,0.56,37,Sucursal,51
SOL00399,Aprobación,2026-06-25 11:21:55,Analista_07,Consumo,1700.0,3523.9,0.32,83,Web,61
SOL00379,Rechazo,2026-06-25 13:10:33,Analista_04,Hipotecario,167500.0,1348.71,0.2,1,Web,60
SOL00054,Rechazo,2026-06-25 13:12:10,Analista_06,Personal,10600.0,1154.35,0.51,44,Web,60
SOL01186,Aprobación,2026-06-25 13:24:20,Comite,Hipotecario,246000.0,2059.51,0.38,74,Web,58
SOL01118,Rechazo,2026-06-25 13:52:09,Analista_02,Hipotecario,239100.0,1009.96,0.05,35,Web,41
SOL00860,Aprobación,2026-06-25 14:17:45,Comite,Vehicular,39200.0,1385.73,0.1,17,Web,24
SOL00155,Aprobación,2026-06-25 14:45:50,Comite,Vehicular,33800.0,1649.56,0.11,0,Web,70
SOL00243,Aprobación,2026-06-25 14:50:02,Comite,Vehicular,33500.0,2539.96,0.18,39,Web,50
SOL01045,Desembolso,2026-06-25 16:11:34,Tesoreria,Hipotecario,50400.0,1316.26,0.5,26,Agente,56
SOL01179,Rechazo,2026-06-25 16:36:10,Analista_03,Hipotecario,241900.0,710.68,0.56,37,Sucursal,51
SOL00973,Rechazo,2026-06-25 16:49:15,Analista_03,Hipotecario,129900.0,1767.66,0.31,22,Sucursal,52
SOL00308,Formalización,2026-06-26 08:00:00,Ejecutivo_05,Personal,15000.0,1474.78,0.12,18,Web,57
SOL00224,Desembolso,2026-06-26 08:00:00,Tesoreria,Consumo,4700.0,1156.65,0.31,19,Sucursal,51
SOL00942,Desembolso,2026-06-26 08:19:00,Tesoreria,Personal,10300.0,1588.91,0.13,47,Web,43
SOL00966,Desistimiento,2026-06-26 08:30:02,Sistema,Personal,7900.0,899.5,0.17,61,Agente,23
SOL00551,Desembolso,2026-06-26 08:51:15,Tesoreria,Vehicular,21800.0,2519.52,0.29,154,Sucursal,30
SOL01186,Formalización,2026-06-26 08:59:35,Ejecutivo_04,Hipotecario,246000.0,2059.51,0.38,74,Web,58
SOL00155,Formalización,2026-06-26 16:50:09,Ejecutivo_03,Vehicular,33800.0,1649.56,0.11,0,Web,70
SOL00879,Desistimiento,2026-06-26 17:09:01,Sistema,Consumo,2400.0,810.9,0.69,150,Web,30
SOL00385,Desistimiento,2026-06-27 08:31:02,Sistema,Hipotecario,200600.0,1625.57,0.42,49,Web,42
SOL00329,Desistimiento,2026-06-27 12:27:37,Sistema,Personal,15400.0,932.33,0.36,16,Web,33
SOL00399,Formalización,2026-06-29 08:00:00,Ejecutivo_04,Consumo,1700.0,3523.9,0.32,83,Web,61
SOL01186,Desembolso,2026-06-29 08:00:00,Tesoreria,Hipotecario,246000.0,2059.51,0.38,74,Web,58
SOL00308,Desembolso,2026-06-29 08:00:00,Tesoreria,Personal,15000.0,1474.78,0.12,18,Web,57
SOL00867,Formalización,2026-06-29 08:00:00,Ejecutivo_05,Personal,19000.0,2763.24,0.35,53,Agente,30
SOL00243,Formalización,2026-06-29 08:00:00,Ejecutivo_02,Vehicular,33500.0,2539.96,0.18,39,Web,50
SOL00545,Formalización,2026-06-29 08:00:00,Ejecutivo_04,Personal,8700.0,1412.46,0.25,8,Web,21
SOL00780,Desembolso,2026-06-29 08:00:00,Tesoreria,Personal,17000.0,1080.89,0.09,282,Sucursal,61
SOL00155,Desembolso,2026-06-29 08:00:00,Tesoreria,Vehicular,33800.0,1649.56,0.11,0,Web,70
SOL00860,Formalización,2026-06-29 08:00:00,Ejecutivo_03,Vehicular,39200.0,1385.73,0.1,17,Web,24
SOL00545,Desembolso,2026-06-30 08:23:00,Tesoreria,Personal,8700.0,1412.46,0.25,8,Web,21
SOL00764,Desistimiento,2026-06-30 08:54:02,Sistema,Consumo,7800.0,2544.11,0.34,36,Web,59
SOL00867,Desembolso,2026-06-30 10:45:53,Tesoreria,Personal,19000.0,2763.24,0.35,53,Agente,30
SOL00243,Desembolso,2026-06-30 10:55:12,Tesoreria,Vehicular,33500.0,2539.96,0.18,39,Web,50
